The following modules were not unloaded:
  (Use "module --force purge" to unload all):

  1) 2023.01   2) StdEnv
Created Directory Master_Thesis_Code/BP_A2C/bipedal_walker/exploration/BP_RNN_a2c_result_45_2024519_entropycoef_0.0001_valuepredcoef_0.0001_learningrate_1e-05_numtrainepisodes_1000_selectionmethod_exp_BW_validation_trainingmethod_original_numneurons_96 to store the results in
Run # 0
WARNING: Batch size larger than 1 not implemented yet for all training algorithms.
Section 1 out of 1 sections
GPU is not available
Memory usage at start: 384.44140625 MiB
/home3/s3512290/venvs/LTC/lib/python3.8/site-packages/gym/logger.py:30: UserWarning: [33mWARN: Box bound precision lowered by casting to float32[0m
  warnings.warn(colorize('%s: %s'%('WARN', msg % args), 'yellow'))
Memory usage before initialization: 385.5859375 MiB (Increase: 1.14453125 MiB)
Memory usage after initialization: 385.5859375 MiB (Increase: 0.0 MiB)
Current lengths of episodes: [79]
New longest episode length: 79, previous longest: 0
Memory usage at done (index 0, length 79, since_prev 78): 422.87109375 MiB (Increase: 37.28515625 MiB)
Memory usage before reset: 422.87109375 MiB (Increase: 0.0 MiB)
Memory usage after reset: 422.87109375 MiB (Increase: 0.0 MiB)
Current lengths of episodes: [47]
Memory usage at done (index 0, length 47, since_prev 47): 439.8203125 MiB (Increase: 16.94921875 MiB)
Memory usage before reset: 439.8203125 MiB (Increase: 0.0 MiB)
Memory usage after reset: 439.8203125 MiB (Increase: 0.0 MiB)
Current lengths of episodes: [40]
Memory usage at done (index 0, length 40, since_prev 40): 454.12890625 MiB (Increase: 14.30859375 MiB)
Memory usage before reset: 454.12890625 MiB (Increase: 0.0 MiB)
Memory usage after reset: 454.12890625 MiB (Increase: 0.0 MiB)
Current lengths of episodes: [1600]
New longest episode length: 1600, previous longest: 79
Memory usage at done (index 0, length 1600, since_prev 1600): 1024.328125 MiB (Increase: 570.19921875 MiB)
Memory usage before reset: 1024.328125 MiB (Increase: 0.0 MiB)
Memory usage after reset: 1024.328125 MiB (Increase: 0.0 MiB)
Current lengths of episodes: [69]
Memory usage at done (index 0, length 69, since_prev 69): 1048.90625 MiB (Increase: 24.578125 MiB)
Memory usage before reset: 1048.90625 MiB (Increase: 0.0 MiB)
Memory usage after reset: 1048.90625 MiB (Increase: 0.0 MiB)
Current lengths of episodes: [47]
Memory usage at done (index 0, length 47, since_prev 47): 1065.6953125 MiB (Increase: 16.7890625 MiB)
Memory usage before reset: 1065.6953125 MiB (Increase: 0.0 MiB)
Memory usage after reset: 1065.6953125 MiB (Increase: 0.0 MiB)
Current lengths of episodes: [1333]
Memory usage at done (index 0, length 1333, since_prev 1333): 1540.93359375 MiB (Increase: 475.23828125 MiB)
Memory usage before reset: 1540.93359375 MiB (Increase: 0.0 MiB)
Memory usage after reset: 1540.93359375 MiB (Increase: 0.0 MiB)
Current lengths of episodes: [1600]
Memory usage at done (index 0, length 1600, since_prev 1600): 2111.09375 MiB (Increase: 570.16015625 MiB)
Memory usage before reset: 2111.09375 MiB (Increase: 0.0 MiB)
Memory usage after reset: 2111.09375 MiB (Increase: 0.0 MiB)
Current lengths of episodes: [63]
Memory usage at done (index 0, length 63, since_prev 63): 2133.65625 MiB (Increase: 22.5625 MiB)
Memory usage before reset: 2133.65625 MiB (Increase: 0.0 MiB)
Memory usage after reset: 2133.65625 MiB (Increase: 0.0 MiB)
Current lengths of episodes: [59]
Memory usage at done (index 0, length 59, since_prev 59): 2154.7109375 MiB (Increase: 21.0546875 MiB)
Memory usage before reset: 2154.7109375 MiB (Increase: 0.0 MiB)
Memory usage after reset: 2154.7109375 MiB (Increase: 0.0 MiB)
Training episode 10
Memory usage at middle: 2154.7109375 MiB (Increase: 0.0 MiB)
Memory usage before collect: 2165.33203125 MiB (Increase: 10.62109375 MiB)
Memory usage after collect: 2165.33203125 MiB (Increase: 0.0 MiB)
Memory usage before initialization: 2165.33203125 MiB (Increase: 0.0 MiB)
Memory usage after initialization: 2165.33203125 MiB (Increase: 0.0 MiB)
Current lengths of episodes: [62]
Memory usage at done (index 0, length 62, since_prev 62): 2171.7421875 MiB (Increase: 6.41015625 MiB)
Memory usage before reset: 2171.7421875 MiB (Increase: 0.0 MiB)
Memory usage after reset: 2171.7421875 MiB (Increase: 0.0 MiB)
Current lengths of episodes: [81]
Memory usage at done (index 0, length 81, since_prev 81): 2200.21484375 MiB (Increase: 28.47265625 MiB)
Memory usage before reset: 2200.21484375 MiB (Increase: 0.0 MiB)
Memory usage after reset: 2200.21484375 MiB (Increase: 0.0 MiB)
Current lengths of episodes: [1600]
Memory usage at done (index 0, length 1600, since_prev 1600): 2769.97265625 MiB (Increase: 569.7578125 MiB)
Memory usage before reset: 2769.97265625 MiB (Increase: 0.0 MiB)
Memory usage after reset: 2769.97265625 MiB (Increase: 0.0 MiB)
Current lengths of episodes: [64]
Memory usage at done (index 0, length 64, since_prev 64): 2793.16015625 MiB (Increase: 23.1875 MiB)
Memory usage before reset: 2793.16015625 MiB (Increase: 0.0 MiB)
Memory usage after reset: 2793.28125 MiB (Increase: 0.12109375 MiB)
Current lengths of episodes: [74]
Memory usage at done (index 0, length 74, since_prev 74): 2819.58203125 MiB (Increase: 26.30078125 MiB)
Memory usage before reset: 2819.58203125 MiB (Increase: 0.0 MiB)
Memory usage after reset: 2819.58203125 MiB (Increase: 0.0 MiB)
Current lengths of episodes: [1600]
Memory usage at done (index 0, length 1600, since_prev 1600): 3389.74609375 MiB (Increase: 570.1640625 MiB)
Memory usage before reset: 3389.74609375 MiB (Increase: 0.0 MiB)
Memory usage after reset: 3389.74609375 MiB (Increase: 0.0 MiB)
Current lengths of episodes: [1600]
Memory usage at done (index 0, length 1600, since_prev 1600): 3959.8359375 MiB (Increase: 570.08984375 MiB)
Memory usage before reset: 3959.8359375 MiB (Increase: 0.0 MiB)
Memory usage after reset: 3959.8359375 MiB (Increase: 0.0 MiB)
Current lengths of episodes: [1600]
Memory usage at done (index 0, length 1600, since_prev 1600): 4529.9921875 MiB (Increase: 570.15625 MiB)
Memory usage before reset: 4529.9921875 MiB (Increase: 0.0 MiB)
Memory usage after reset: 4529.9921875 MiB (Increase: 0.0 MiB)
Current lengths of episodes: [76]
Memory usage at done (index 0, length 76, since_prev 76): 4557.13671875 MiB (Increase: 27.14453125 MiB)
Memory usage before reset: 4557.13671875 MiB (Increase: 0.0 MiB)
Memory usage after reset: 4557.13671875 MiB (Increase: 0.0 MiB)
Current lengths of episodes: [81]
Memory usage at done (index 0, length 81, since_prev 81): 4586.015625 MiB (Increase: 28.87890625 MiB)
Memory usage before reset: 4586.015625 MiB (Increase: 0.0 MiB)
Memory usage after reset: 4586.015625 MiB (Increase: 0.0 MiB)
Training episode 20
Memory usage at middle: 4586.015625 MiB (Increase: 0.0 MiB)
Memory usage before collect: 4587.33203125 MiB (Increase: 1.31640625 MiB)
Memory usage after collect: 4587.33203125 MiB (Increase: 0.0 MiB)
Memory usage before initialization: 4587.33203125 MiB (Increase: 0.0 MiB)
Memory usage after initialization: 4587.33203125 MiB (Increase: 0.0 MiB)
Current lengths of episodes: [118]
Memory usage at done (index 0, length 118, since_prev 118): 4587.33203125 MiB (Increase: 0.0 MiB)
Memory usage before reset: 4587.33203125 MiB (Increase: 0.0 MiB)
Memory usage after reset: 4587.33203125 MiB (Increase: 0.0 MiB)
Current lengths of episodes: [111]
Memory usage at done (index 0, length 111, since_prev 111): 4587.33203125 MiB (Increase: 0.0 MiB)
Memory usage before reset: 4587.33203125 MiB (Increase: 0.0 MiB)
Memory usage after reset: 4587.33203125 MiB (Increase: 0.0 MiB)
Current lengths of episodes: [1600]
Memory usage at done (index 0, length 1600, since_prev 1600): 4587.33203125 MiB (Increase: 0.0 MiB)
Memory usage before reset: 4587.33203125 MiB (Increase: 0.0 MiB)
Memory usage after reset: 4587.33203125 MiB (Increase: 0.0 MiB)
Current lengths of episodes: [1600]
Memory usage at done (index 0, length 1600, since_prev 1600): 4587.33203125 MiB (Increase: 0.0 MiB)
Memory usage before reset: 4587.33203125 MiB (Increase: 0.0 MiB)
Memory usage after reset: 4587.33203125 MiB (Increase: 0.0 MiB)
Current lengths of episodes: [1600]
Memory usage at done (index 0, length 1600, since_prev 1600): 4808.70703125 MiB (Increase: 221.375 MiB)
Memory usage before reset: 4808.70703125 MiB (Increase: 0.0 MiB)
Memory usage after reset: 4808.70703125 MiB (Increase: 0.0 MiB)
Current lengths of episodes: [1600]
Memory usage at done (index 0, length 1600, since_prev 1600): 5265.90625 MiB (Increase: 457.19921875 MiB)
Memory usage before reset: 5265.90625 MiB (Increase: 0.0 MiB)
Memory usage after reset: 5265.90625 MiB (Increase: 0.0 MiB)
Current lengths of episodes: [1600]
Memory usage at done (index 0, length 1600, since_prev 1600): 5813.21484375 MiB (Increase: 547.30859375 MiB)
Memory usage before reset: 5813.21484375 MiB (Increase: 0.0 MiB)
Memory usage after reset: 5813.21484375 MiB (Increase: 0.0 MiB)
Current lengths of episodes: [48]
Memory usage at done (index 0, length 48, since_prev 48): 5830.3203125 MiB (Increase: 17.10546875 MiB)
Memory usage before reset: 5830.3203125 MiB (Increase: 0.0 MiB)
Memory usage after reset: 5830.3203125 MiB (Increase: 0.0 MiB)
Current lengths of episodes: [1600]
Memory usage at done (index 0, length 1600, since_prev 1600): 6400.61328125 MiB (Increase: 570.29296875 MiB)
Memory usage before reset: 6400.61328125 MiB (Increase: 0.0 MiB)
Memory usage after reset: 6400.61328125 MiB (Increase: 0.0 MiB)
Current lengths of episodes: [66]
Memory usage at done (index 0, length 66, since_prev 66): 6424.171875 MiB (Increase: 23.55859375 MiB)
Memory usage before reset: 6424.171875 MiB (Increase: 0.0 MiB)
Memory usage after reset: 6424.171875 MiB (Increase: 0.0 MiB)
Training episode 30
Memory usage at middle: 6424.171875 MiB (Increase: 0.0 MiB)
Memory usage before collect: 6425.95703125 MiB (Increase: 1.78515625 MiB)
Memory usage after collect: 6425.95703125 MiB (Increase: 0.0 MiB)
Memory usage before initialization: 6425.95703125 MiB (Increase: 0.0 MiB)
Memory usage after initialization: 6425.95703125 MiB (Increase: 0.0 MiB)
Current lengths of episodes: [127]
Memory usage at done (index 0, length 127, since_prev 127): 6425.95703125 MiB (Increase: 0.0 MiB)
Memory usage before reset: 6425.95703125 MiB (Increase: 0.0 MiB)
Memory usage after reset: 6425.95703125 MiB (Increase: 0.0 MiB)
Current lengths of episodes: [1600]
Memory usage at done (index 0, length 1600, since_prev 1600): 6425.95703125 MiB (Increase: 0.0 MiB)
Memory usage before reset: 6425.95703125 MiB (Increase: 0.0 MiB)
Memory usage after reset: 6425.95703125 MiB (Increase: 0.0 MiB)
Current lengths of episodes: [59]
Memory usage at done (index 0, length 59, since_prev 59): 6425.95703125 MiB (Increase: 0.0 MiB)
Memory usage before reset: 6425.95703125 MiB (Increase: 0.0 MiB)
Memory usage after reset: 6425.95703125 MiB (Increase: 0.0 MiB)
Current lengths of episodes: [89]
Memory usage at done (index 0, length 89, since_prev 89): 6425.95703125 MiB (Increase: 0.0 MiB)
Memory usage before reset: 6425.95703125 MiB (Increase: 0.0 MiB)
Memory usage after reset: 6425.95703125 MiB (Increase: 0.0 MiB)
Current lengths of episodes: [1600]
Memory usage at done (index 0, length 1600, since_prev 1600): 6425.95703125 MiB (Increase: 0.0 MiB)
Memory usage before reset: 6425.95703125 MiB (Increase: 0.0 MiB)
Memory usage after reset: 6425.95703125 MiB (Increase: 0.0 MiB)
Current lengths of episodes: [63]
Memory usage at done (index 0, length 63, since_prev 63): 6425.95703125 MiB (Increase: 0.0 MiB)
Memory usage before reset: 6425.95703125 MiB (Increase: 0.0 MiB)
Memory usage after reset: 6425.95703125 MiB (Increase: 0.0 MiB)
Current lengths of episodes: [50]
Memory usage at done (index 0, length 50, since_prev 50): 6425.95703125 MiB (Increase: 0.0 MiB)
Memory usage before reset: 6425.95703125 MiB (Increase: 0.0 MiB)
Memory usage after reset: 6425.95703125 MiB (Increase: 0.0 MiB)
Current lengths of episodes: [1600]
Memory usage at done (index 0, length 1600, since_prev 1600): 6425.95703125 MiB (Increase: 0.0 MiB)
Memory usage before reset: 6425.95703125 MiB (Increase: 0.0 MiB)
Memory usage after reset: 6425.95703125 MiB (Increase: 0.0 MiB)
Current lengths of episodes: [154]
Memory usage at done (index 0, length 154, since_prev 154): 6425.95703125 MiB (Increase: 0.0 MiB)
Memory usage before reset: 6425.95703125 MiB (Increase: 0.0 MiB)
Memory usage after reset: 6425.95703125 MiB (Increase: 0.0 MiB)
Current lengths of episodes: [78]
Memory usage at done (index 0, length 78, since_prev 78): 6425.95703125 MiB (Increase: 0.0 MiB)
Memory usage before reset: 6425.95703125 MiB (Increase: 0.0 MiB)
Memory usage after reset: 6425.95703125 MiB (Increase: 0.0 MiB)
Training episode 40
Memory usage at middle: 6425.95703125 MiB (Increase: 0.0 MiB)
Memory usage before collect: 6425.95703125 MiB (Increase: 0.0 MiB)
Memory usage after collect: 6425.95703125 MiB (Increase: 0.0 MiB)
Memory usage before initialization: 6425.95703125 MiB (Increase: 0.0 MiB)
Memory usage after initialization: 6425.95703125 MiB (Increase: 0.0 MiB)
Current lengths of episodes: [66]
Memory usage at done (index 0, length 66, since_prev 66): 6425.95703125 MiB (Increase: 0.0 MiB)
Memory usage before reset: 6425.95703125 MiB (Increase: 0.0 MiB)
Memory usage after reset: 6425.95703125 MiB (Increase: 0.0 MiB)
Current lengths of episodes: [1600]
Memory usage at done (index 0, length 1600, since_prev 1600): 6425.95703125 MiB (Increase: 0.0 MiB)
Memory usage before reset: 6425.95703125 MiB (Increase: 0.0 MiB)
Memory usage after reset: 6425.95703125 MiB (Increase: 0.0 MiB)
Current lengths of episodes: [72]
Memory usage at done (index 0, length 72, since_prev 72): 6425.95703125 MiB (Increase: 0.0 MiB)
Memory usage before reset: 6425.95703125 MiB (Increase: 0.0 MiB)
Memory usage after reset: 6425.95703125 MiB (Increase: 0.0 MiB)
Current lengths of episodes: [1600]
Memory usage at done (index 0, length 1600, since_prev 1600): 6425.95703125 MiB (Increase: 0.0 MiB)
Memory usage before reset: 6425.95703125 MiB (Increase: 0.0 MiB)
Memory usage after reset: 6425.95703125 MiB (Increase: 0.0 MiB)
Current lengths of episodes: [1600]
Memory usage at done (index 0, length 1600, since_prev 1600): 6425.95703125 MiB (Increase: 0.0 MiB)
Memory usage before reset: 6425.95703125 MiB (Increase: 0.0 MiB)
Memory usage after reset: 6425.95703125 MiB (Increase: 0.0 MiB)
Current lengths of episodes: [49]
Memory usage at done (index 0, length 49, since_prev 49): 6425.95703125 MiB (Increase: 0.0 MiB)
Memory usage before reset: 6425.95703125 MiB (Increase: 0.0 MiB)
Memory usage after reset: 6425.95703125 MiB (Increase: 0.0 MiB)
Current lengths of episodes: [1600]
Memory usage at done (index 0, length 1600, since_prev 1600): 6425.95703125 MiB (Increase: 0.0 MiB)
Memory usage before reset: 6425.95703125 MiB (Increase: 0.0 MiB)
Memory usage after reset: 6425.95703125 MiB (Increase: 0.0 MiB)
Current lengths of episodes: [103]
Memory usage at done (index 0, length 103, since_prev 103): 6425.95703125 MiB (Increase: 0.0 MiB)
Memory usage before reset: 6425.95703125 MiB (Increase: 0.0 MiB)
Memory usage after reset: 6425.95703125 MiB (Increase: 0.0 MiB)
Current lengths of episodes: [42]
Memory usage at done (index 0, length 42, since_prev 42): 6425.95703125 MiB (Increase: 0.0 MiB)
Memory usage before reset: 6425.95703125 MiB (Increase: 0.0 MiB)
Memory usage after reset: 6425.95703125 MiB (Increase: 0.0 MiB)
Current lengths of episodes: [1600]
Memory usage at done (index 0, length 1600, since_prev 1600): 6425.95703125 MiB (Increase: 0.0 MiB)
Memory usage before reset: 6425.95703125 MiB (Increase: 0.0 MiB)
Memory usage after reset: 6425.95703125 MiB (Increase: 0.0 MiB)
Training episode 50
Memory usage at middle: 6425.95703125 MiB (Increase: 0.0 MiB)
Memory usage before collect: 6425.95703125 MiB (Increase: 0.0 MiB)
Memory usage after collect: 6425.95703125 MiB (Increase: 0.0 MiB)
Episode 50	Average evaluation: -98.23094483898196
Memory usage before initialization: 6425.95703125 MiB (Increase: 0.0 MiB)
Memory usage after initialization: 6425.95703125 MiB (Increase: 0.0 MiB)
Current lengths of episodes: [103]
Memory usage at done (index 0, length 103, since_prev 103): 6425.95703125 MiB (Increase: 0.0 MiB)
Memory usage before reset: 6425.95703125 MiB (Increase: 0.0 MiB)
Memory usage after reset: 6425.95703125 MiB (Increase: 0.0 MiB)
Current lengths of episodes: [1600]
Memory usage at done (index 0, length 1600, since_prev 1600): 6425.95703125 MiB (Increase: 0.0 MiB)
Memory usage before reset: 6425.95703125 MiB (Increase: 0.0 MiB)
Memory usage after reset: 6425.95703125 MiB (Increase: 0.0 MiB)
Current lengths of episodes: [1550]
Memory usage at done (index 0, length 1550, since_prev 1550): 6425.95703125 MiB (Increase: 0.0 MiB)
Memory usage before reset: 6425.95703125 MiB (Increase: 0.0 MiB)
Memory usage after reset: 6425.95703125 MiB (Increase: 0.0 MiB)
Current lengths of episodes: [47]
Memory usage at done (index 0, length 47, since_prev 47): 6425.95703125 MiB (Increase: 0.0 MiB)
Memory usage before reset: 6425.95703125 MiB (Increase: 0.0 MiB)
Memory usage after reset: 6425.95703125 MiB (Increase: 0.0 MiB)
Current lengths of episodes: [1600]
Memory usage at done (index 0, length 1600, since_prev 1600): 6425.95703125 MiB (Increase: 0.0 MiB)
Memory usage before reset: 6425.95703125 MiB (Increase: 0.0 MiB)
Memory usage after reset: 6425.95703125 MiB (Increase: 0.0 MiB)
Current lengths of episodes: [1600]
Memory usage at done (index 0, length 1600, since_prev 1600): 6425.95703125 MiB (Increase: 0.0 MiB)
Memory usage before reset: 6425.95703125 MiB (Increase: 0.0 MiB)
Memory usage after reset: 6425.95703125 MiB (Increase: 0.0 MiB)
Current lengths of episodes: [73]
Memory usage at done (index 0, length 73, since_prev 73): 6425.95703125 MiB (Increase: 0.0 MiB)
Memory usage before reset: 6425.95703125 MiB (Increase: 0.0 MiB)
Memory usage after reset: 6425.95703125 MiB (Increase: 0.0 MiB)
Current lengths of episodes: [70]
Memory usage at done (index 0, length 70, since_prev 70): 6425.95703125 MiB (Increase: 0.0 MiB)
Memory usage before reset: 6425.95703125 MiB (Increase: 0.0 MiB)
Memory usage after reset: 6425.95703125 MiB (Increase: 0.0 MiB)
Current lengths of episodes: [1600]
Memory usage at done (index 0, length 1600, since_prev 1600): 6524.65625 MiB (Increase: 98.69921875 MiB)
Memory usage before reset: 6524.65625 MiB (Increase: 0.0 MiB)
Memory usage after reset: 6524.65625 MiB (Increase: 0.0 MiB)
Current lengths of episodes: [66]
Memory usage at done (index 0, length 66, since_prev 66): 6548.21875 MiB (Increase: 23.5625 MiB)
Memory usage before reset: 6548.21875 MiB (Increase: 0.0 MiB)
Memory usage after reset: 6548.21875 MiB (Increase: 0.0 MiB)
Training episode 60
Memory usage at middle: 6548.21875 MiB (Increase: 0.0 MiB)
Memory usage before collect: 6549.73046875 MiB (Increase: 1.51171875 MiB)
Memory usage after collect: 6549.73046875 MiB (Increase: 0.0 MiB)
Memory usage before initialization: 6549.73046875 MiB (Increase: 0.0 MiB)
Memory usage after initialization: 6549.73046875 MiB (Increase: 0.0 MiB)
Current lengths of episodes: [91]
Memory usage at done (index 0, length 91, since_prev 91): 6549.73046875 MiB (Increase: 0.0 MiB)
Memory usage before reset: 6549.73046875 MiB (Increase: 0.0 MiB)
Memory usage after reset: 6549.73046875 MiB (Increase: 0.0 MiB)
Current lengths of episodes: [40]
Memory usage at done (index 0, length 40, since_prev 40): 6549.73046875 MiB (Increase: 0.0 MiB)
Memory usage before reset: 6549.73046875 MiB (Increase: 0.0 MiB)
Memory usage after reset: 6549.73046875 MiB (Increase: 0.0 MiB)
Current lengths of episodes: [48]
Memory usage at done (index 0, length 48, since_prev 48): 6549.73046875 MiB (Increase: 0.0 MiB)
Memory usage before reset: 6549.73046875 MiB (Increase: 0.0 MiB)
Memory usage after reset: 6549.73046875 MiB (Increase: 0.0 MiB)
Current lengths of episodes: [98]
Memory usage at done (index 0, length 98, since_prev 98): 6549.73046875 MiB (Increase: 0.0 MiB)
Memory usage before reset: 6549.73046875 MiB (Increase: 0.0 MiB)
Memory usage after reset: 6549.73046875 MiB (Increase: 0.0 MiB)
Current lengths of episodes: [1600]
Memory usage at done (index 0, length 1600, since_prev 1600): 6549.9453125 MiB (Increase: 0.21484375 MiB)
Memory usage before reset: 6549.9453125 MiB (Increase: 0.0 MiB)
Memory usage after reset: 6549.9453125 MiB (Increase: 0.0 MiB)
Current lengths of episodes: [56]
Memory usage at done (index 0, length 56, since_prev 56): 6549.9453125 MiB (Increase: 0.0 MiB)
Memory usage before reset: 6549.9453125 MiB (Increase: 0.0 MiB)
Memory usage after reset: 6549.9453125 MiB (Increase: 0.0 MiB)
Current lengths of episodes: [58]
Memory usage at done (index 0, length 58, since_prev 58): 6549.9453125 MiB (Increase: 0.0 MiB)
Memory usage before reset: 6549.9453125 MiB (Increase: 0.0 MiB)
Memory usage after reset: 6549.9453125 MiB (Increase: 0.0 MiB)
Current lengths of episodes: [91]
Memory usage at done (index 0, length 91, since_prev 91): 6549.9453125 MiB (Increase: 0.0 MiB)
Memory usage before reset: 6549.9453125 MiB (Increase: 0.0 MiB)
Memory usage after reset: 6549.9453125 MiB (Increase: 0.0 MiB)
Current lengths of episodes: [1600]
Memory usage at done (index 0, length 1600, since_prev 1600): 6549.9453125 MiB (Increase: 0.0 MiB)
Memory usage before reset: 6549.9453125 MiB (Increase: 0.0 MiB)
Memory usage after reset: 6549.9453125 MiB (Increase: 0.0 MiB)
Current lengths of episodes: [54]
Memory usage at done (index 0, length 54, since_prev 54): 6549.9453125 MiB (Increase: 0.0 MiB)
Memory usage before reset: 6549.9453125 MiB (Increase: 0.0 MiB)
Memory usage after reset: 6549.9453125 MiB (Increase: 0.0 MiB)
Training episode 70
Memory usage at middle: 6549.9453125 MiB (Increase: 0.0 MiB)
Memory usage before collect: 6549.9453125 MiB (Increase: 0.0 MiB)
Memory usage after collect: 6549.9453125 MiB (Increase: 0.0 MiB)
Memory usage before initialization: 6549.9453125 MiB (Increase: 0.0 MiB)
Memory usage after initialization: 6549.9453125 MiB (Increase: 0.0 MiB)
Current lengths of episodes: [88]
Memory usage at done (index 0, length 88, since_prev 88): 6549.9453125 MiB (Increase: 0.0 MiB)
Memory usage before reset: 6549.9453125 MiB (Increase: 0.0 MiB)
Memory usage after reset: 6549.9453125 MiB (Increase: 0.0 MiB)
Current lengths of episodes: [1600]
Memory usage at done (index 0, length 1600, since_prev 1600): 6549.9453125 MiB (Increase: 0.0 MiB)
Memory usage before reset: 6549.9453125 MiB (Increase: 0.0 MiB)
Memory usage after reset: 6549.9453125 MiB (Increase: 0.0 MiB)
Current lengths of episodes: [1600]
Memory usage at done (index 0, length 1600, since_prev 1600): 6549.9453125 MiB (Increase: 0.0 MiB)
Memory usage before reset: 6549.9453125 MiB (Increase: 0.0 MiB)
Memory usage after reset: 6549.9453125 MiB (Increase: 0.0 MiB)
Current lengths of episodes: [78]
Memory usage at done (index 0, length 78, since_prev 78): 6549.9453125 MiB (Increase: 0.0 MiB)
Memory usage before reset: 6549.9453125 MiB (Increase: 0.0 MiB)
Memory usage after reset: 6549.9453125 MiB (Increase: 0.0 MiB)
Current lengths of episodes: [64]
Memory usage at done (index 0, length 64, since_prev 64): 6549.9453125 MiB (Increase: 0.0 MiB)
Memory usage before reset: 6549.9453125 MiB (Increase: 0.0 MiB)
Memory usage after reset: 6549.9453125 MiB (Increase: 0.0 MiB)
Current lengths of episodes: [293]
Memory usage at done (index 0, length 293, since_prev 293): 6549.9453125 MiB (Increase: 0.0 MiB)
Memory usage before reset: 6549.9453125 MiB (Increase: 0.0 MiB)
Memory usage after reset: 6549.9453125 MiB (Increase: 0.0 MiB)
Current lengths of episodes: [74]
Memory usage at done (index 0, length 74, since_prev 74): 6549.9453125 MiB (Increase: 0.0 MiB)
Memory usage before reset: 6549.9453125 MiB (Increase: 0.0 MiB)
Memory usage after reset: 6549.9453125 MiB (Increase: 0.0 MiB)
Current lengths of episodes: [78]
Memory usage at done (index 0, length 78, since_prev 78): 6549.9453125 MiB (Increase: 0.0 MiB)
Memory usage before reset: 6549.9453125 MiB (Increase: 0.0 MiB)
Memory usage after reset: 6549.9453125 MiB (Increase: 0.0 MiB)
Current lengths of episodes: [1600]
Memory usage at done (index 0, length 1600, since_prev 1600): 6549.9453125 MiB (Increase: 0.0 MiB)
Memory usage before reset: 6549.9453125 MiB (Increase: 0.0 MiB)
Memory usage after reset: 6549.9453125 MiB (Increase: 0.0 MiB)
Current lengths of episodes: [74]
Memory usage at done (index 0, length 74, since_prev 74): 6549.9453125 MiB (Increase: 0.0 MiB)
Memory usage before reset: 6549.9453125 MiB (Increase: 0.0 MiB)
Memory usage after reset: 6549.9453125 MiB (Increase: 0.0 MiB)
Training episode 80
Memory usage at middle: 6549.9453125 MiB (Increase: 0.0 MiB)
Memory usage before collect: 6549.9453125 MiB (Increase: 0.0 MiB)
Memory usage after collect: 6549.9453125 MiB (Increase: 0.0 MiB)
Memory usage before initialization: 6549.9453125 MiB (Increase: 0.0 MiB)
Memory usage after initialization: 6549.9453125 MiB (Increase: 0.0 MiB)
Current lengths of episodes: [75]
Memory usage at done (index 0, length 75, since_prev 75): 6549.9453125 MiB (Increase: 0.0 MiB)
Memory usage before reset: 6549.9453125 MiB (Increase: 0.0 MiB)
Memory usage after reset: 6549.9453125 MiB (Increase: 0.0 MiB)
Current lengths of episodes: [1600]
Memory usage at done (index 0, length 1600, since_prev 1600): 6549.9453125 MiB (Increase: 0.0 MiB)
Memory usage before reset: 6549.9453125 MiB (Increase: 0.0 MiB)
Memory usage after reset: 6549.9453125 MiB (Increase: 0.0 MiB)
Current lengths of episodes: [51]
Memory usage at done (index 0, length 51, since_prev 51): 6549.9453125 MiB (Increase: 0.0 MiB)
Memory usage before reset: 6549.9453125 MiB (Increase: 0.0 MiB)
Memory usage after reset: 6549.9453125 MiB (Increase: 0.0 MiB)
Current lengths of episodes: [1600]
Memory usage at done (index 0, length 1600, since_prev 1600): 6549.9453125 MiB (Increase: 0.0 MiB)
Memory usage before reset: 6549.9453125 MiB (Increase: 0.0 MiB)
Memory usage after reset: 6549.9453125 MiB (Increase: 0.0 MiB)
Current lengths of episodes: [1600]
Memory usage at done (index 0, length 1600, since_prev 1600): 6549.9453125 MiB (Increase: 0.0 MiB)
Memory usage before reset: 6549.9453125 MiB (Increase: 0.0 MiB)
Memory usage after reset: 6549.9453125 MiB (Increase: 0.0 MiB)
Current lengths of episodes: [1334]
Memory usage at done (index 0, length 1334, since_prev 1334): 6549.9453125 MiB (Increase: 0.0 MiB)
Memory usage before reset: 6549.9453125 MiB (Increase: 0.0 MiB)
Memory usage after reset: 6549.9453125 MiB (Increase: 0.0 MiB)
Current lengths of episodes: [1600]
Memory usage at done (index 0, length 1600, since_prev 1600): 6549.9453125 MiB (Increase: 0.0 MiB)
Memory usage before reset: 6549.9453125 MiB (Increase: 0.0 MiB)
Memory usage after reset: 6549.9453125 MiB (Increase: 0.0 MiB)
Current lengths of episodes: [97]
Memory usage at done (index 0, length 97, since_prev 97): 6549.9453125 MiB (Increase: 0.0 MiB)
Memory usage before reset: 6549.9453125 MiB (Increase: 0.0 MiB)
Memory usage after reset: 6549.9453125 MiB (Increase: 0.0 MiB)
Current lengths of episodes: [67]
Memory usage at done (index 0, length 67, since_prev 67): 6549.9453125 MiB (Increase: 0.0 MiB)
Memory usage before reset: 6549.9453125 MiB (Increase: 0.0 MiB)
Memory usage after reset: 6549.9453125 MiB (Increase: 0.0 MiB)
Current lengths of episodes: [51]
Memory usage at done (index 0, length 51, since_prev 51): 6549.9453125 MiB (Increase: 0.0 MiB)
Memory usage before reset: 6549.9453125 MiB (Increase: 0.0 MiB)
Memory usage after reset: 6549.9453125 MiB (Increase: 0.0 MiB)
Training episode 90
Memory usage at middle: 6549.9453125 MiB (Increase: 0.0 MiB)
Memory usage before collect: 6549.9453125 MiB (Increase: 0.0 MiB)
Memory usage after collect: 6549.9453125 MiB (Increase: 0.0 MiB)
Memory usage before initialization: 6549.9453125 MiB (Increase: 0.0 MiB)
Memory usage after initialization: 6549.9453125 MiB (Increase: 0.0 MiB)
Current lengths of episodes: [1600]
Memory usage at done (index 0, length 1600, since_prev 1600): 6549.9453125 MiB (Increase: 0.0 MiB)
Memory usage before reset: 6549.9453125 MiB (Increase: 0.0 MiB)
Memory usage after reset: 6549.9453125 MiB (Increase: 0.0 MiB)
Current lengths of episodes: [65]
Memory usage at done (index 0, length 65, since_prev 65): 6549.9453125 MiB (Increase: 0.0 MiB)
Memory usage before reset: 6549.9453125 MiB (Increase: 0.0 MiB)
Memory usage after reset: 6549.9453125 MiB (Increase: 0.0 MiB)
Current lengths of episodes: [1543]
Memory usage at done (index 0, length 1543, since_prev 1543): 6549.9453125 MiB (Increase: 0.0 MiB)
Memory usage before reset: 6549.9453125 MiB (Increase: 0.0 MiB)
Memory usage after reset: 6549.9453125 MiB (Increase: 0.0 MiB)
Current lengths of episodes: [1600]
Memory usage at done (index 0, length 1600, since_prev 1600): 6549.9453125 MiB (Increase: 0.0 MiB)
Memory usage before reset: 6549.9453125 MiB (Increase: 0.0 MiB)
Memory usage after reset: 6549.9453125 MiB (Increase: 0.0 MiB)
Current lengths of episodes: [1600]
Memory usage at done (index 0, length 1600, since_prev 1600): 6549.9453125 MiB (Increase: 0.0 MiB)
Memory usage before reset: 6549.9453125 MiB (Increase: 0.0 MiB)
Memory usage after reset: 6549.9453125 MiB (Increase: 0.0 MiB)
Current lengths of episodes: [1600]
Memory usage at done (index 0, length 1600, since_prev 1600): 6549.9453125 MiB (Increase: 0.0 MiB)
Memory usage before reset: 6549.9453125 MiB (Increase: 0.0 MiB)
Memory usage after reset: 6549.9453125 MiB (Increase: 0.0 MiB)
Current lengths of episodes: [98]
Memory usage at done (index 0, length 98, since_prev 98): 6549.9453125 MiB (Increase: 0.0 MiB)
Memory usage before reset: 6549.9453125 MiB (Increase: 0.0 MiB)
Memory usage after reset: 6549.9453125 MiB (Increase: 0.0 MiB)
Current lengths of episodes: [1600]
Memory usage at done (index 0, length 1600, since_prev 1600): 6634.0078125 MiB (Increase: 84.0625 MiB)
Memory usage before reset: 6634.0078125 MiB (Increase: 0.0 MiB)
Memory usage after reset: 6634.0078125 MiB (Increase: 0.0 MiB)
Current lengths of episodes: [156]
Memory usage at done (index 0, length 156, since_prev 156): 6689.6328125 MiB (Increase: 55.625 MiB)
Memory usage before reset: 6689.6328125 MiB (Increase: 0.0 MiB)
Memory usage after reset: 6689.6328125 MiB (Increase: 0.0 MiB)
Current lengths of episodes: [65]
Memory usage at done (index 0, length 65, since_prev 65): 6712.87890625 MiB (Increase: 23.24609375 MiB)
Memory usage before reset: 6712.87890625 MiB (Increase: 0.0 MiB)
Memory usage after reset: 6712.87890625 MiB (Increase: 0.0 MiB)
Training episode 100
Memory usage at middle: 6712.87890625 MiB (Increase: 0.0 MiB)
Memory usage before collect: 6714.66015625 MiB (Increase: 1.78125 MiB)
Memory usage after collect: 6714.66015625 MiB (Increase: 0.0 MiB)
Episode 100	Average evaluation: -98.06577312839343
Memory usage before initialization: 6714.66015625 MiB (Increase: 0.0 MiB)
Memory usage after initialization: 6714.66015625 MiB (Increase: 0.0 MiB)
Current lengths of episodes: [68]
Memory usage at done (index 0, length 68, since_prev 68): 6714.66015625 MiB (Increase: 0.0 MiB)
Memory usage before reset: 6714.66015625 MiB (Increase: 0.0 MiB)
Memory usage after reset: 6714.66015625 MiB (Increase: 0.0 MiB)
Current lengths of episodes: [1600]
Memory usage at done (index 0, length 1600, since_prev 1600): 6714.66015625 MiB (Increase: 0.0 MiB)
Memory usage before reset: 6714.66015625 MiB (Increase: 0.0 MiB)
Memory usage after reset: 6714.66015625 MiB (Increase: 0.0 MiB)
Current lengths of episodes: [84]
Memory usage at done (index 0, length 84, since_prev 84): 6714.66015625 MiB (Increase: 0.0 MiB)
Memory usage before reset: 6714.66015625 MiB (Increase: 0.0 MiB)
Memory usage after reset: 6714.66015625 MiB (Increase: 0.0 MiB)
Current lengths of episodes: [916]
Memory usage at done (index 0, length 916, since_prev 916): 6714.66015625 MiB (Increase: 0.0 MiB)
Memory usage before reset: 6714.66015625 MiB (Increase: 0.0 MiB)
Memory usage after reset: 6714.66015625 MiB (Increase: 0.0 MiB)
Current lengths of episodes: [1600]
Memory usage at done (index 0, length 1600, since_prev 1600): 6714.66015625 MiB (Increase: 0.0 MiB)
Memory usage before reset: 6714.66015625 MiB (Increase: 0.0 MiB)
Memory usage after reset: 6714.66015625 MiB (Increase: 0.0 MiB)
Current lengths of episodes: [1600]
Memory usage at done (index 0, length 1600, since_prev 1600): 6714.66015625 MiB (Increase: 0.0 MiB)
Memory usage before reset: 6714.66015625 MiB (Increase: 0.0 MiB)
Memory usage after reset: 6714.66015625 MiB (Increase: 0.0 MiB)
Current lengths of episodes: [1600]
Memory usage at done (index 0, length 1600, since_prev 1600): 6714.66015625 MiB (Increase: 0.0 MiB)
Memory usage before reset: 6714.66015625 MiB (Increase: 0.0 MiB)
Memory usage after reset: 6714.66015625 MiB (Increase: 0.0 MiB)
Current lengths of episodes: [861]
Memory usage at done (index 0, length 861, since_prev 861): 6747.55859375 MiB (Increase: 32.8984375 MiB)
Memory usage before reset: 6747.55859375 MiB (Increase: 0.0 MiB)
Memory usage after reset: 6747.55859375 MiB (Increase: 0.0 MiB)
Current lengths of episodes: [52]
Memory usage at done (index 0, length 52, since_prev 52): 6755.078125 MiB (Increase: 7.51953125 MiB)
Memory usage before reset: 6755.078125 MiB (Increase: 0.0 MiB)
Memory usage after reset: 6755.078125 MiB (Increase: 0.0 MiB)
Current lengths of episodes: [1600]
Memory usage at done (index 0, length 1600, since_prev 1600): 7055.78515625 MiB (Increase: 300.70703125 MiB)
Memory usage before reset: 7055.78515625 MiB (Increase: 0.0 MiB)
Memory usage after reset: 7055.78515625 MiB (Increase: 0.0 MiB)
Training episode 110
Memory usage at middle: 7055.78515625 MiB (Increase: 0.0 MiB)
Memory usage before collect: 7057.296875 MiB (Increase: 1.51171875 MiB)
Memory usage after collect: 7057.296875 MiB (Increase: 0.0 MiB)
Memory usage before initialization: 7057.296875 MiB (Increase: 0.0 MiB)
Memory usage after initialization: 7057.296875 MiB (Increase: 0.0 MiB)
Current lengths of episodes: [103]
Memory usage at done (index 0, length 103, since_prev 103): 7057.296875 MiB (Increase: 0.0 MiB)
Memory usage before reset: 7057.296875 MiB (Increase: 0.0 MiB)
Memory usage after reset: 7057.296875 MiB (Increase: 0.0 MiB)
Current lengths of episodes: [79]
Memory usage at done (index 0, length 79, since_prev 79): 7057.296875 MiB (Increase: 0.0 MiB)
Memory usage before reset: 7057.296875 MiB (Increase: 0.0 MiB)
Memory usage after reset: 7057.296875 MiB (Increase: 0.0 MiB)
Current lengths of episodes: [1600]
Memory usage at done (index 0, length 1600, since_prev 1600): 7057.296875 MiB (Increase: 0.0 MiB)
Memory usage before reset: 7057.296875 MiB (Increase: 0.0 MiB)
Memory usage after reset: 7057.296875 MiB (Increase: 0.0 MiB)
Current lengths of episodes: [1600]
Memory usage at done (index 0, length 1600, since_prev 1600): 7057.296875 MiB (Increase: 0.0 MiB)
Memory usage before reset: 7057.296875 MiB (Increase: 0.0 MiB)
Memory usage after reset: 7057.296875 MiB (Increase: 0.0 MiB)
Current lengths of episodes: [768]
Memory usage at done (index 0, length 768, since_prev 768): 7057.296875 MiB (Increase: 0.0 MiB)
Memory usage before reset: 7057.296875 MiB (Increase: 0.0 MiB)
Memory usage after reset: 7057.296875 MiB (Increase: 0.0 MiB)
Current lengths of episodes: [1600]
Memory usage at done (index 0, length 1600, since_prev 1600): 7057.296875 MiB (Increase: 0.0 MiB)
Memory usage before reset: 7057.296875 MiB (Increase: 0.0 MiB)
Memory usage after reset: 7057.296875 MiB (Increase: 0.0 MiB)
Current lengths of episodes: [72]
Memory usage at done (index 0, length 72, since_prev 72): 7057.296875 MiB (Increase: 0.0 MiB)
Memory usage before reset: 7057.296875 MiB (Increase: 0.0 MiB)
Memory usage after reset: 7057.296875 MiB (Increase: 0.0 MiB)
Current lengths of episodes: [77]
Memory usage at done (index 0, length 77, since_prev 77): 7057.296875 MiB (Increase: 0.0 MiB)
Memory usage before reset: 7057.296875 MiB (Increase: 0.0 MiB)
Memory usage after reset: 7057.296875 MiB (Increase: 0.0 MiB)
Current lengths of episodes: [77]
Memory usage at done (index 0, length 77, since_prev 77): 7057.296875 MiB (Increase: 0.0 MiB)
Memory usage before reset: 7057.296875 MiB (Increase: 0.0 MiB)
Memory usage after reset: 7057.296875 MiB (Increase: 0.0 MiB)
Current lengths of episodes: [69]
Memory usage at done (index 0, length 69, since_prev 69): 7057.296875 MiB (Increase: 0.0 MiB)
Memory usage before reset: 7057.296875 MiB (Increase: 0.0 MiB)
Memory usage after reset: 7057.296875 MiB (Increase: 0.0 MiB)
Training episode 120
Memory usage at middle: 7057.296875 MiB (Increase: 0.0 MiB)
Memory usage before collect: 7057.296875 MiB (Increase: 0.0 MiB)
Memory usage after collect: 7057.296875 MiB (Increase: 0.0 MiB)
Memory usage before initialization: 7057.296875 MiB (Increase: 0.0 MiB)
Memory usage after initialization: 7057.296875 MiB (Increase: 0.0 MiB)
Current lengths of episodes: [51]
Memory usage at done (index 0, length 51, since_prev 51): 7057.296875 MiB (Increase: 0.0 MiB)
Memory usage before reset: 7057.296875 MiB (Increase: 0.0 MiB)
Memory usage after reset: 7057.296875 MiB (Increase: 0.0 MiB)
Current lengths of episodes: [1600]
Memory usage at done (index 0, length 1600, since_prev 1600): 7057.296875 MiB (Increase: 0.0 MiB)
Memory usage before reset: 7057.296875 MiB (Increase: 0.0 MiB)
Memory usage after reset: 7057.296875 MiB (Increase: 0.0 MiB)
Current lengths of episodes: [67]
Memory usage at done (index 0, length 67, since_prev 67): 7057.296875 MiB (Increase: 0.0 MiB)
Memory usage before reset: 7057.296875 MiB (Increase: 0.0 MiB)
Memory usage after reset: 7057.296875 MiB (Increase: 0.0 MiB)
Current lengths of episodes: [57]
Memory usage at done (index 0, length 57, since_prev 57): 7057.296875 MiB (Increase: 0.0 MiB)
Memory usage before reset: 7057.296875 MiB (Increase: 0.0 MiB)
Memory usage after reset: 7057.296875 MiB (Increase: 0.0 MiB)
Current lengths of episodes: [1600]
Memory usage at done (index 0, length 1600, since_prev 1600): 7057.296875 MiB (Increase: 0.0 MiB)
Memory usage before reset: 7057.296875 MiB (Increase: 0.0 MiB)
Memory usage after reset: 7057.296875 MiB (Increase: 0.0 MiB)
Current lengths of episodes: [128]
Memory usage at done (index 0, length 128, since_prev 128): 7057.296875 MiB (Increase: 0.0 MiB)
Memory usage before reset: 7057.296875 MiB (Increase: 0.0 MiB)
Memory usage after reset: 7057.296875 MiB (Increase: 0.0 MiB)
Current lengths of episodes: [1600]
Memory usage at done (index 0, length 1600, since_prev 1600): 7057.296875 MiB (Increase: 0.0 MiB)
Memory usage before reset: 7057.296875 MiB (Increase: 0.0 MiB)
Memory usage after reset: 7057.296875 MiB (Increase: 0.0 MiB)
Current lengths of episodes: [1600]
Memory usage at done (index 0, length 1600, since_prev 1600): 7057.296875 MiB (Increase: 0.0 MiB)
Memory usage before reset: 7057.296875 MiB (Increase: 0.0 MiB)
Memory usage after reset: 7057.296875 MiB (Increase: 0.0 MiB)
Current lengths of episodes: [1600]
Memory usage at done (index 0, length 1600, since_prev 1600): 7057.296875 MiB (Increase: 0.0 MiB)
Memory usage before reset: 7057.296875 MiB (Increase: 0.0 MiB)
Memory usage after reset: 7057.296875 MiB (Increase: 0.0 MiB)
Current lengths of episodes: [229]
Memory usage at done (index 0, length 229, since_prev 229): 7057.296875 MiB (Increase: 0.0 MiB)
Memory usage before reset: 7057.296875 MiB (Increase: 0.0 MiB)
Memory usage after reset: 7057.296875 MiB (Increase: 0.0 MiB)
Training episode 130
Memory usage at middle: 7057.296875 MiB (Increase: 0.0 MiB)
Memory usage before collect: 7057.296875 MiB (Increase: 0.0 MiB)
Memory usage after collect: 7057.296875 MiB (Increase: 0.0 MiB)
Memory usage before initialization: 7057.296875 MiB (Increase: 0.0 MiB)
Memory usage after initialization: 7057.296875 MiB (Increase: 0.0 MiB)
Current lengths of episodes: [1600]
Memory usage at done (index 0, length 1600, since_prev 1600): 7057.296875 MiB (Increase: 0.0 MiB)
Memory usage before reset: 7057.296875 MiB (Increase: 0.0 MiB)
Memory usage after reset: 7057.296875 MiB (Increase: 0.0 MiB)
Current lengths of episodes: [45]
Memory usage at done (index 0, length 45, since_prev 45): 7057.296875 MiB (Increase: 0.0 MiB)
Memory usage before reset: 7057.296875 MiB (Increase: 0.0 MiB)
Memory usage after reset: 7057.296875 MiB (Increase: 0.0 MiB)
Current lengths of episodes: [1600]
Memory usage at done (index 0, length 1600, since_prev 1600): 7057.296875 MiB (Increase: 0.0 MiB)
Memory usage before reset: 7057.296875 MiB (Increase: 0.0 MiB)
Memory usage after reset: 7057.296875 MiB (Increase: 0.0 MiB)
Current lengths of episodes: [1600]
Memory usage at done (index 0, length 1600, since_prev 1600): 7057.296875 MiB (Increase: 0.0 MiB)
Memory usage before reset: 7057.296875 MiB (Increase: 0.0 MiB)
Memory usage after reset: 7057.296875 MiB (Increase: 0.0 MiB)
Current lengths of episodes: [1600]
Memory usage at done (index 0, length 1600, since_prev 1600): 7057.296875 MiB (Increase: 0.0 MiB)
Memory usage before reset: 7057.296875 MiB (Increase: 0.0 MiB)
Memory usage after reset: 7057.296875 MiB (Increase: 0.0 MiB)
Current lengths of episodes: [1600]
Memory usage at done (index 0, length 1600, since_prev 1600): 7057.296875 MiB (Increase: 0.0 MiB)
Memory usage before reset: 7057.296875 MiB (Increase: 0.0 MiB)
Memory usage after reset: 7057.296875 MiB (Increase: 0.0 MiB)
Current lengths of episodes: [1600]
Memory usage at done (index 0, length 1600, since_prev 1600): 7241.64453125 MiB (Increase: 184.34765625 MiB)
Memory usage before reset: 7241.64453125 MiB (Increase: 0.0 MiB)
Memory usage after reset: 7241.64453125 MiB (Increase: 0.0 MiB)
Current lengths of episodes: [1600]
Memory usage at done (index 0, length 1600, since_prev 1600): 7811.76171875 MiB (Increase: 570.1171875 MiB)
Memory usage before reset: 7811.76171875 MiB (Increase: 0.0 MiB)
Memory usage after reset: 7811.76171875 MiB (Increase: 0.0 MiB)
Current lengths of episodes: [78]
Memory usage at done (index 0, length 78, since_prev 78): 7839.63671875 MiB (Increase: 27.875 MiB)
Memory usage before reset: 7839.63671875 MiB (Increase: 0.0 MiB)
Memory usage after reset: 7839.63671875 MiB (Increase: 0.0 MiB)
Current lengths of episodes: [85]
Memory usage at done (index 0, length 85, since_prev 85): 7869.96875 MiB (Increase: 30.33203125 MiB)
Memory usage before reset: 7869.96875 MiB (Increase: 0.0 MiB)
Memory usage after reset: 7869.96875 MiB (Increase: 0.0 MiB)
Training episode 140
Memory usage at middle: 7869.96875 MiB (Increase: 0.0 MiB)
Memory usage before collect: 7871.9921875 MiB (Increase: 2.0234375 MiB)
Memory usage after collect: 7871.9921875 MiB (Increase: 0.0 MiB)
Memory usage before initialization: 7871.9921875 MiB (Increase: 0.0 MiB)
Memory usage after initialization: 7871.9921875 MiB (Increase: 0.0 MiB)
Current lengths of episodes: [121]
Memory usage at done (index 0, length 121, since_prev 121): 7871.9921875 MiB (Increase: 0.0 MiB)
Memory usage before reset: 7871.9921875 MiB (Increase: 0.0 MiB)
Memory usage after reset: 7871.9921875 MiB (Increase: 0.0 MiB)
Current lengths of episodes: [1600]
Memory usage at done (index 0, length 1600, since_prev 1600): 7872.12890625 MiB (Increase: 0.13671875 MiB)
Memory usage before reset: 7872.12890625 MiB (Increase: 0.0 MiB)
Memory usage after reset: 7872.12890625 MiB (Increase: 0.0 MiB)
Current lengths of episodes: [1600]
Memory usage at done (index 0, length 1600, since_prev 1600): 7872.1328125 MiB (Increase: 0.00390625 MiB)
Memory usage before reset: 7872.1328125 MiB (Increase: 0.0 MiB)
Memory usage after reset: 7872.1328125 MiB (Increase: 0.0 MiB)
Current lengths of episodes: [61]
Memory usage at done (index 0, length 61, since_prev 61): 7872.1328125 MiB (Increase: 0.0 MiB)
Memory usage before reset: 7872.1328125 MiB (Increase: 0.0 MiB)
Memory usage after reset: 7872.1328125 MiB (Increase: 0.0 MiB)
Current lengths of episodes: [1600]
Memory usage at done (index 0, length 1600, since_prev 1600): 7872.1328125 MiB (Increase: 0.0 MiB)
Memory usage before reset: 7872.1328125 MiB (Increase: 0.0 MiB)
Memory usage after reset: 7872.1328125 MiB (Increase: 0.0 MiB)
Current lengths of episodes: [1600]
Memory usage at done (index 0, length 1600, since_prev 1600): 7872.1328125 MiB (Increase: 0.0 MiB)
Memory usage before reset: 7872.1328125 MiB (Increase: 0.0 MiB)
Memory usage after reset: 7872.1328125 MiB (Increase: 0.0 MiB)
Current lengths of episodes: [40]
Memory usage at done (index 0, length 40, since_prev 40): 7872.1328125 MiB (Increase: 0.0 MiB)
Memory usage before reset: 7872.1328125 MiB (Increase: 0.0 MiB)
Memory usage after reset: 7872.1328125 MiB (Increase: 0.0 MiB)
Current lengths of episodes: [53]
Memory usage at done (index 0, length 53, since_prev 53): 7872.1328125 MiB (Increase: 0.0 MiB)
Memory usage before reset: 7872.1328125 MiB (Increase: 0.0 MiB)
Memory usage after reset: 7872.1328125 MiB (Increase: 0.0 MiB)
Current lengths of episodes: [65]
Memory usage at done (index 0, length 65, since_prev 65): 7872.1328125 MiB (Increase: 0.0 MiB)
Memory usage before reset: 7872.1328125 MiB (Increase: 0.0 MiB)
Memory usage after reset: 7872.1328125 MiB (Increase: 0.0 MiB)
Current lengths of episodes: [103]
Memory usage at done (index 0, length 103, since_prev 103): 7872.1328125 MiB (Increase: 0.0 MiB)
Memory usage before reset: 7872.1328125 MiB (Increase: 0.0 MiB)
Memory usage after reset: 7872.1328125 MiB (Increase: 0.0 MiB)
Training episode 150
Memory usage at middle: 7872.1328125 MiB (Increase: 0.0 MiB)
Memory usage before collect: 7872.1328125 MiB (Increase: 0.0 MiB)
Memory usage after collect: 7872.1328125 MiB (Increase: 0.0 MiB)
Episode 150	Average evaluation: -97.69019882841545
Memory usage before initialization: 7872.1328125 MiB (Increase: 0.0 MiB)
Memory usage after initialization: 7872.1328125 MiB (Increase: 0.0 MiB)
Current lengths of episodes: [48]
Memory usage at done (index 0, length 48, since_prev 48): 7872.1328125 MiB (Increase: 0.0 MiB)
Memory usage before reset: 7872.1328125 MiB (Increase: 0.0 MiB)
Memory usage after reset: 7872.1328125 MiB (Increase: 0.0 MiB)
Current lengths of episodes: [1600]
Memory usage at done (index 0, length 1600, since_prev 1600): 7872.1328125 MiB (Increase: 0.0 MiB)
Memory usage before reset: 7872.1328125 MiB (Increase: 0.0 MiB)
Memory usage after reset: 7872.1328125 MiB (Increase: 0.0 MiB)
Current lengths of episodes: [1600]
Memory usage at done (index 0, length 1600, since_prev 1600): 7872.1328125 MiB (Increase: 0.0 MiB)
Memory usage before reset: 7872.1328125 MiB (Increase: 0.0 MiB)
Memory usage after reset: 7872.1328125 MiB (Increase: 0.0 MiB)
Current lengths of episodes: [114]
Memory usage at done (index 0, length 114, since_prev 114): 7872.1328125 MiB (Increase: 0.0 MiB)
Memory usage before reset: 7872.1328125 MiB (Increase: 0.0 MiB)
Memory usage after reset: 7872.1328125 MiB (Increase: 0.0 MiB)
Current lengths of episodes: [1600]
Memory usage at done (index 0, length 1600, since_prev 1600): 7872.1328125 MiB (Increase: 0.0 MiB)
Memory usage before reset: 7872.1328125 MiB (Increase: 0.0 MiB)
Memory usage after reset: 7872.1328125 MiB (Increase: 0.0 MiB)
Current lengths of episodes: [67]
Memory usage at done (index 0, length 67, since_prev 67): 7872.1328125 MiB (Increase: 0.0 MiB)
Memory usage before reset: 7872.1328125 MiB (Increase: 0.0 MiB)
Memory usage after reset: 7872.1328125 MiB (Increase: 0.0 MiB)
Current lengths of episodes: [1600]
Memory usage at done (index 0, length 1600, since_prev 1600): 7872.1328125 MiB (Increase: 0.0 MiB)
Memory usage before reset: 7872.1328125 MiB (Increase: 0.0 MiB)
Memory usage after reset: 7872.1328125 MiB (Increase: 0.0 MiB)
Current lengths of episodes: [88]
Memory usage at done (index 0, length 88, since_prev 88): 7872.1328125 MiB (Increase: 0.0 MiB)
Memory usage before reset: 7872.1328125 MiB (Increase: 0.0 MiB)
Memory usage after reset: 7872.1328125 MiB (Increase: 0.0 MiB)
Current lengths of episodes: [70]
Memory usage at done (index 0, length 70, since_prev 70): 7872.1328125 MiB (Increase: 0.0 MiB)
Memory usage before reset: 7872.1328125 MiB (Increase: 0.0 MiB)
Memory usage after reset: 7872.1328125 MiB (Increase: 0.0 MiB)
Current lengths of episodes: [1600]
Memory usage at done (index 0, length 1600, since_prev 1600): 7872.1328125 MiB (Increase: 0.0 MiB)
Memory usage before reset: 7872.1328125 MiB (Increase: 0.0 MiB)
Memory usage after reset: 7872.1328125 MiB (Increase: 0.0 MiB)
Training episode 160
Memory usage at middle: 7872.1328125 MiB (Increase: 0.0 MiB)
Memory usage before collect: 7872.1328125 MiB (Increase: 0.0 MiB)
Memory usage after collect: 7872.1328125 MiB (Increase: 0.0 MiB)
Memory usage before initialization: 7872.1328125 MiB (Increase: 0.0 MiB)
Memory usage after initialization: 7872.1328125 MiB (Increase: 0.0 MiB)
Current lengths of episodes: [74]
Memory usage at done (index 0, length 74, since_prev 74): 7872.1328125 MiB (Increase: 0.0 MiB)
Memory usage before reset: 7872.1328125 MiB (Increase: 0.0 MiB)
Memory usage after reset: 7872.1328125 MiB (Increase: 0.0 MiB)
Current lengths of episodes: [55]
Memory usage at done (index 0, length 55, since_prev 55): 7872.1328125 MiB (Increase: 0.0 MiB)
Memory usage before reset: 7872.1328125 MiB (Increase: 0.0 MiB)
Memory usage after reset: 7872.1328125 MiB (Increase: 0.0 MiB)
Current lengths of episodes: [60]
Memory usage at done (index 0, length 60, since_prev 60): 7872.1328125 MiB (Increase: 0.0 MiB)
Memory usage before reset: 7872.1328125 MiB (Increase: 0.0 MiB)
Memory usage after reset: 7872.1328125 MiB (Increase: 0.0 MiB)
Current lengths of episodes: [89]
Memory usage at done (index 0, length 89, since_prev 89): 7872.1328125 MiB (Increase: 0.0 MiB)
Memory usage before reset: 7872.1328125 MiB (Increase: 0.0 MiB)
Memory usage after reset: 7872.1328125 MiB (Increase: 0.0 MiB)
Current lengths of episodes: [1600]
Memory usage at done (index 0, length 1600, since_prev 1600): 7872.1328125 MiB (Increase: 0.0 MiB)
Memory usage before reset: 7872.1328125 MiB (Increase: 0.0 MiB)
Memory usage after reset: 7872.1328125 MiB (Increase: 0.0 MiB)
Current lengths of episodes: [224]
Memory usage at done (index 0, length 224, since_prev 224): 7872.1328125 MiB (Increase: 0.0 MiB)
Memory usage before reset: 7872.1328125 MiB (Increase: 0.0 MiB)
Memory usage after reset: 7872.1328125 MiB (Increase: 0.0 MiB)
Current lengths of episodes: [46]
Memory usage at done (index 0, length 46, since_prev 46): 7872.1328125 MiB (Increase: 0.0 MiB)
Memory usage before reset: 7872.1328125 MiB (Increase: 0.0 MiB)
Memory usage after reset: 7872.1328125 MiB (Increase: 0.0 MiB)
Current lengths of episodes: [1600]
Memory usage at done (index 0, length 1600, since_prev 1600): 7872.1328125 MiB (Increase: 0.0 MiB)
Memory usage before reset: 7872.1328125 MiB (Increase: 0.0 MiB)
Memory usage after reset: 7872.1328125 MiB (Increase: 0.0 MiB)
Current lengths of episodes: [116]
Memory usage at done (index 0, length 116, since_prev 116): 7872.1328125 MiB (Increase: 0.0 MiB)
Memory usage before reset: 7872.1328125 MiB (Increase: 0.0 MiB)
Memory usage after reset: 7872.1328125 MiB (Increase: 0.0 MiB)
Current lengths of episodes: [1600]
Memory usage at done (index 0, length 1600, since_prev 1600): 7872.1328125 MiB (Increase: 0.0 MiB)
Memory usage before reset: 7872.1328125 MiB (Increase: 0.0 MiB)
Memory usage after reset: 7872.1328125 MiB (Increase: 0.0 MiB)
Training episode 170
Memory usage at middle: 7872.1328125 MiB (Increase: 0.0 MiB)
Memory usage before collect: 7872.1328125 MiB (Increase: 0.0 MiB)
Memory usage after collect: 7872.1328125 MiB (Increase: 0.0 MiB)
Memory usage before initialization: 7872.1328125 MiB (Increase: 0.0 MiB)
Memory usage after initialization: 7872.1328125 MiB (Increase: 0.0 MiB)
Current lengths of episodes: [57]
Memory usage at done (index 0, length 57, since_prev 57): 7872.1328125 MiB (Increase: 0.0 MiB)
Memory usage before reset: 7872.1328125 MiB (Increase: 0.0 MiB)
Memory usage after reset: 7872.1328125 MiB (Increase: 0.0 MiB)
Current lengths of episodes: [72]
Memory usage at done (index 0, length 72, since_prev 72): 7872.1328125 MiB (Increase: 0.0 MiB)
Memory usage before reset: 7872.1328125 MiB (Increase: 0.0 MiB)
Memory usage after reset: 7872.1328125 MiB (Increase: 0.0 MiB)
Current lengths of episodes: [62]
Memory usage at done (index 0, length 62, since_prev 62): 7872.1328125 MiB (Increase: 0.0 MiB)
Memory usage before reset: 7872.1328125 MiB (Increase: 0.0 MiB)
Memory usage after reset: 7872.1328125 MiB (Increase: 0.0 MiB)
Current lengths of episodes: [65]
Memory usage at done (index 0, length 65, since_prev 65): 7872.1328125 MiB (Increase: 0.0 MiB)
Memory usage before reset: 7872.1328125 MiB (Increase: 0.0 MiB)
Memory usage after reset: 7872.1328125 MiB (Increase: 0.0 MiB)
Current lengths of episodes: [1600]
Memory usage at done (index 0, length 1600, since_prev 1600): 7872.1328125 MiB (Increase: 0.0 MiB)
Memory usage before reset: 7872.1328125 MiB (Increase: 0.0 MiB)
Memory usage after reset: 7872.1328125 MiB (Increase: 0.0 MiB)
Current lengths of episodes: [1600]
Memory usage at done (index 0, length 1600, since_prev 1600): 7872.1328125 MiB (Increase: 0.0 MiB)
Memory usage before reset: 7872.1328125 MiB (Increase: 0.0 MiB)
Memory usage after reset: 7872.1328125 MiB (Increase: 0.0 MiB)
Current lengths of episodes: [125]
Memory usage at done (index 0, length 125, since_prev 125): 7872.1328125 MiB (Increase: 0.0 MiB)
Memory usage before reset: 7872.1328125 MiB (Increase: 0.0 MiB)
Memory usage after reset: 7872.1328125 MiB (Increase: 0.0 MiB)
Current lengths of episodes: [181]
Memory usage at done (index 0, length 181, since_prev 181): 7872.1328125 MiB (Increase: 0.0 MiB)
Memory usage before reset: 7872.1328125 MiB (Increase: 0.0 MiB)
Memory usage after reset: 7872.1328125 MiB (Increase: 0.0 MiB)
Current lengths of episodes: [1600]
Memory usage at done (index 0, length 1600, since_prev 1600): 7872.1328125 MiB (Increase: 0.0 MiB)
Memory usage before reset: 7872.1328125 MiB (Increase: 0.0 MiB)
Memory usage after reset: 7872.1328125 MiB (Increase: 0.0 MiB)
Current lengths of episodes: [118]
Memory usage at done (index 0, length 118, since_prev 118): 7872.1328125 MiB (Increase: 0.0 MiB)
Memory usage before reset: 7872.1328125 MiB (Increase: 0.0 MiB)
Memory usage after reset: 7872.1328125 MiB (Increase: 0.0 MiB)
Training episode 180
Memory usage at middle: 7872.1328125 MiB (Increase: 0.0 MiB)
Memory usage before collect: 7872.1328125 MiB (Increase: 0.0 MiB)
Memory usage after collect: 7872.1328125 MiB (Increase: 0.0 MiB)
Memory usage before initialization: 7872.1328125 MiB (Increase: 0.0 MiB)
Memory usage after initialization: 7872.1328125 MiB (Increase: 0.0 MiB)
Current lengths of episodes: [82]
Memory usage at done (index 0, length 82, since_prev 82): 7872.1328125 MiB (Increase: 0.0 MiB)
Memory usage before reset: 7872.1328125 MiB (Increase: 0.0 MiB)
Memory usage after reset: 7872.1328125 MiB (Increase: 0.0 MiB)
Current lengths of episodes: [1600]
Memory usage at done (index 0, length 1600, since_prev 1600): 7872.1328125 MiB (Increase: 0.0 MiB)
Memory usage before reset: 7872.1328125 MiB (Increase: 0.0 MiB)
Memory usage after reset: 7872.1328125 MiB (Increase: 0.0 MiB)
Current lengths of episodes: [41]
Memory usage at done (index 0, length 41, since_prev 41): 7872.1328125 MiB (Increase: 0.0 MiB)
Memory usage before reset: 7872.1328125 MiB (Increase: 0.0 MiB)
Memory usage after reset: 7872.1328125 MiB (Increase: 0.0 MiB)
Current lengths of episodes: [110]
Memory usage at done (index 0, length 110, since_prev 110): 7872.1328125 MiB (Increase: 0.0 MiB)
Memory usage before reset: 7872.1328125 MiB (Increase: 0.0 MiB)
Memory usage after reset: 7872.1328125 MiB (Increase: 0.0 MiB)
Current lengths of episodes: [63]
Memory usage at done (index 0, length 63, since_prev 63): 7872.1328125 MiB (Increase: 0.0 MiB)
Memory usage before reset: 7872.1328125 MiB (Increase: 0.0 MiB)
Memory usage after reset: 7872.1328125 MiB (Increase: 0.0 MiB)
Current lengths of episodes: [59]
Memory usage at done (index 0, length 59, since_prev 59): 7872.1328125 MiB (Increase: 0.0 MiB)
Memory usage before reset: 7872.1328125 MiB (Increase: 0.0 MiB)
Memory usage after reset: 7872.1328125 MiB (Increase: 0.0 MiB)
Current lengths of episodes: [56]
Memory usage at done (index 0, length 56, since_prev 56): 7872.1328125 MiB (Increase: 0.0 MiB)
Memory usage before reset: 7872.1328125 MiB (Increase: 0.0 MiB)
Memory usage after reset: 7872.1328125 MiB (Increase: 0.0 MiB)
Current lengths of episodes: [1600]
Memory usage at done (index 0, length 1600, since_prev 1600): 7872.1328125 MiB (Increase: 0.0 MiB)
Memory usage before reset: 7872.1328125 MiB (Increase: 0.0 MiB)
Memory usage after reset: 7872.1328125 MiB (Increase: 0.0 MiB)
Current lengths of episodes: [1600]
Memory usage at done (index 0, length 1600, since_prev 1600): 7872.1328125 MiB (Increase: 0.0 MiB)
Memory usage before reset: 7872.1328125 MiB (Increase: 0.0 MiB)
Memory usage after reset: 7872.1328125 MiB (Increase: 0.0 MiB)
Current lengths of episodes: [1600]
Memory usage at done (index 0, length 1600, since_prev 1600): 7872.1328125 MiB (Increase: 0.0 MiB)
Memory usage before reset: 7872.1328125 MiB (Increase: 0.0 MiB)
Memory usage after reset: 7872.1328125 MiB (Increase: 0.0 MiB)
Training episode 190
Memory usage at middle: 7872.1328125 MiB (Increase: 0.0 MiB)
Memory usage before collect: 7872.1328125 MiB (Increase: 0.0 MiB)
Memory usage after collect: 7872.1328125 MiB (Increase: 0.0 MiB)
Memory usage before initialization: 7872.1328125 MiB (Increase: 0.0 MiB)
Memory usage after initialization: 7872.1328125 MiB (Increase: 0.0 MiB)
Current lengths of episodes: [1600]
Memory usage at done (index 0, length 1600, since_prev 1600): 7872.1328125 MiB (Increase: 0.0 MiB)
Memory usage before reset: 7872.1328125 MiB (Increase: 0.0 MiB)
Memory usage after reset: 7872.1328125 MiB (Increase: 0.0 MiB)
Current lengths of episodes: [1600]
Memory usage at done (index 0, length 1600, since_prev 1600): 7872.1328125 MiB (Increase: 0.0 MiB)
Memory usage before reset: 7872.1328125 MiB (Increase: 0.0 MiB)
Memory usage after reset: 7872.1328125 MiB (Increase: 0.0 MiB)
Current lengths of episodes: [69]
Memory usage at done (index 0, length 69, since_prev 69): 7872.1328125 MiB (Increase: 0.0 MiB)
Memory usage before reset: 7872.1328125 MiB (Increase: 0.0 MiB)
Memory usage after reset: 7872.1328125 MiB (Increase: 0.0 MiB)
Current lengths of episodes: [44]
Memory usage at done (index 0, length 44, since_prev 44): 7872.1328125 MiB (Increase: 0.0 MiB)
Memory usage before reset: 7872.1328125 MiB (Increase: 0.0 MiB)
Memory usage after reset: 7872.1328125 MiB (Increase: 0.0 MiB)
Current lengths of episodes: [59]
Memory usage at done (index 0, length 59, since_prev 59): 7872.1328125 MiB (Increase: 0.0 MiB)
Memory usage before reset: 7872.1328125 MiB (Increase: 0.0 MiB)
Memory usage after reset: 7872.1328125 MiB (Increase: 0.0 MiB)
Current lengths of episodes: [1600]
Memory usage at done (index 0, length 1600, since_prev 1600): 7872.1328125 MiB (Increase: 0.0 MiB)
Memory usage before reset: 7872.1328125 MiB (Increase: 0.0 MiB)
Memory usage after reset: 7872.1328125 MiB (Increase: 0.0 MiB)
Current lengths of episodes: [81]
Memory usage at done (index 0, length 81, since_prev 81): 7872.1328125 MiB (Increase: 0.0 MiB)
Memory usage before reset: 7872.1328125 MiB (Increase: 0.0 MiB)
Memory usage after reset: 7872.1328125 MiB (Increase: 0.0 MiB)
Current lengths of episodes: [70]
Memory usage at done (index 0, length 70, since_prev 70): 7872.1328125 MiB (Increase: 0.0 MiB)
Memory usage before reset: 7872.1328125 MiB (Increase: 0.0 MiB)
Memory usage after reset: 7872.1328125 MiB (Increase: 0.0 MiB)
Current lengths of episodes: [1600]
Memory usage at done (index 0, length 1600, since_prev 1600): 7872.1328125 MiB (Increase: 0.0 MiB)
Memory usage before reset: 7872.1328125 MiB (Increase: 0.0 MiB)
Memory usage after reset: 7872.1328125 MiB (Increase: 0.0 MiB)
Current lengths of episodes: [74]
Memory usage at done (index 0, length 74, since_prev 74): 7872.1328125 MiB (Increase: 0.0 MiB)
Memory usage before reset: 7872.1328125 MiB (Increase: 0.0 MiB)
Memory usage after reset: 7872.1328125 MiB (Increase: 0.0 MiB)
Training episode 200
Memory usage at middle: 7872.1328125 MiB (Increase: 0.0 MiB)
Memory usage before collect: 7872.1328125 MiB (Increase: 0.0 MiB)
Memory usage after collect: 7872.1328125 MiB (Increase: 0.0 MiB)
Episode 200	Average evaluation: -97.53420198965283
Memory usage before initialization: 7872.1328125 MiB (Increase: 0.0 MiB)
Memory usage after initialization: 7872.1328125 MiB (Increase: 0.0 MiB)
Current lengths of episodes: [61]
Memory usage at done (index 0, length 61, since_prev 61): 7872.1328125 MiB (Increase: 0.0 MiB)
Memory usage before reset: 7872.1328125 MiB (Increase: 0.0 MiB)
Memory usage after reset: 7872.1328125 MiB (Increase: 0.0 MiB)
Current lengths of episodes: [1600]
Memory usage at done (index 0, length 1600, since_prev 1600): 7872.1328125 MiB (Increase: 0.0 MiB)
Memory usage before reset: 7872.1328125 MiB (Increase: 0.0 MiB)
Memory usage after reset: 7872.1328125 MiB (Increase: 0.0 MiB)
Current lengths of episodes: [54]
Memory usage at done (index 0, length 54, since_prev 54): 7872.1328125 MiB (Increase: 0.0 MiB)
Memory usage before reset: 7872.1328125 MiB (Increase: 0.0 MiB)
Memory usage after reset: 7872.1328125 MiB (Increase: 0.0 MiB)
Current lengths of episodes: [220]
Memory usage at done (index 0, length 220, since_prev 220): 7872.1328125 MiB (Increase: 0.0 MiB)
Memory usage before reset: 7872.1328125 MiB (Increase: 0.0 MiB)
Memory usage after reset: 7872.1328125 MiB (Increase: 0.0 MiB)
Current lengths of episodes: [976]
Memory usage at done (index 0, length 976, since_prev 976): 7872.1328125 MiB (Increase: 0.0 MiB)
Memory usage before reset: 7872.1328125 MiB (Increase: 0.0 MiB)
Memory usage after reset: 7872.1328125 MiB (Increase: 0.0 MiB)
Current lengths of episodes: [67]
Memory usage at done (index 0, length 67, since_prev 67): 7872.1328125 MiB (Increase: 0.0 MiB)
Memory usage before reset: 7872.1328125 MiB (Increase: 0.0 MiB)
Memory usage after reset: 7872.1328125 MiB (Increase: 0.0 MiB)
Current lengths of episodes: [1600]
Memory usage at done (index 0, length 1600, since_prev 1600): 7872.1328125 MiB (Increase: 0.0 MiB)
Memory usage before reset: 7872.1328125 MiB (Increase: 0.0 MiB)
Memory usage after reset: 7872.1328125 MiB (Increase: 0.0 MiB)
Current lengths of episodes: [61]
Memory usage at done (index 0, length 61, since_prev 61): 7872.1328125 MiB (Increase: 0.0 MiB)
Memory usage before reset: 7872.1328125 MiB (Increase: 0.0 MiB)
Memory usage after reset: 7872.1328125 MiB (Increase: 0.0 MiB)
Current lengths of episodes: [95]
Memory usage at done (index 0, length 95, since_prev 95): 7872.1328125 MiB (Increase: 0.0 MiB)
Memory usage before reset: 7872.1328125 MiB (Increase: 0.0 MiB)
Memory usage after reset: 7872.1328125 MiB (Increase: 0.0 MiB)
Current lengths of episodes: [1600]
Memory usage at done (index 0, length 1600, since_prev 1600): 7872.1328125 MiB (Increase: 0.0 MiB)
Memory usage before reset: 7872.1328125 MiB (Increase: 0.0 MiB)
Memory usage after reset: 7872.1328125 MiB (Increase: 0.0 MiB)
Training episode 210
Memory usage at middle: 7872.1328125 MiB (Increase: 0.0 MiB)
Memory usage before collect: 7872.1328125 MiB (Increase: 0.0 MiB)
Memory usage after collect: 7872.1328125 MiB (Increase: 0.0 MiB)
Memory usage before initialization: 7872.1328125 MiB (Increase: 0.0 MiB)
Memory usage after initialization: 7872.1328125 MiB (Increase: 0.0 MiB)
Current lengths of episodes: [1600]
Memory usage at done (index 0, length 1600, since_prev 1600): 7872.1328125 MiB (Increase: 0.0 MiB)
Memory usage before reset: 7872.1328125 MiB (Increase: 0.0 MiB)
Memory usage after reset: 7872.1328125 MiB (Increase: 0.0 MiB)
Current lengths of episodes: [41]
Memory usage at done (index 0, length 41, since_prev 41): 7872.1328125 MiB (Increase: 0.0 MiB)
Memory usage before reset: 7872.1328125 MiB (Increase: 0.0 MiB)
Memory usage after reset: 7872.1328125 MiB (Increase: 0.0 MiB)
Current lengths of episodes: [1600]
Memory usage at done (index 0, length 1600, since_prev 1600): 7872.1328125 MiB (Increase: 0.0 MiB)
Memory usage before reset: 7872.1328125 MiB (Increase: 0.0 MiB)
Memory usage after reset: 7872.1328125 MiB (Increase: 0.0 MiB)
Current lengths of episodes: [59]
Memory usage at done (index 0, length 59, since_prev 59): 7872.1328125 MiB (Increase: 0.0 MiB)
Memory usage before reset: 7872.1328125 MiB (Increase: 0.0 MiB)
Memory usage after reset: 7872.1328125 MiB (Increase: 0.0 MiB)
Current lengths of episodes: [1600]
Memory usage at done (index 0, length 1600, since_prev 1600): 7872.1328125 MiB (Increase: 0.0 MiB)
Memory usage before reset: 7872.1328125 MiB (Increase: 0.0 MiB)
Memory usage after reset: 7872.1328125 MiB (Increase: 0.0 MiB)
Current lengths of episodes: [89]
Memory usage at done (index 0, length 89, since_prev 89): 7872.1328125 MiB (Increase: 0.0 MiB)
Memory usage before reset: 7872.1328125 MiB (Increase: 0.0 MiB)
Memory usage after reset: 7872.1328125 MiB (Increase: 0.0 MiB)
Current lengths of episodes: [1600]
Memory usage at done (index 0, length 1600, since_prev 1600): 7872.1328125 MiB (Increase: 0.0 MiB)
Memory usage before reset: 7872.1328125 MiB (Increase: 0.0 MiB)
Memory usage after reset: 7872.1328125 MiB (Increase: 0.0 MiB)
Current lengths of episodes: [98]
Memory usage at done (index 0, length 98, since_prev 98): 7872.1328125 MiB (Increase: 0.0 MiB)
Memory usage before reset: 7872.1328125 MiB (Increase: 0.0 MiB)
Memory usage after reset: 7872.1328125 MiB (Increase: 0.0 MiB)
Current lengths of episodes: [62]
Memory usage at done (index 0, length 62, since_prev 62): 7872.1328125 MiB (Increase: 0.0 MiB)
Memory usage before reset: 7872.1328125 MiB (Increase: 0.0 MiB)
Memory usage after reset: 7872.1328125 MiB (Increase: 0.0 MiB)
Current lengths of episodes: [1600]
Memory usage at done (index 0, length 1600, since_prev 1600): 7872.1328125 MiB (Increase: 0.0 MiB)
Memory usage before reset: 7872.1328125 MiB (Increase: 0.0 MiB)
Memory usage after reset: 7872.1328125 MiB (Increase: 0.0 MiB)
Training episode 220
Memory usage at middle: 7872.1328125 MiB (Increase: 0.0 MiB)
Memory usage before collect: 7872.1328125 MiB (Increase: 0.0 MiB)
Memory usage after collect: 7872.1328125 MiB (Increase: 0.0 MiB)
Memory usage before initialization: 7872.1328125 MiB (Increase: 0.0 MiB)
Memory usage after initialization: 7872.1328125 MiB (Increase: 0.0 MiB)
Current lengths of episodes: [1600]
Memory usage at done (index 0, length 1600, since_prev 1600): 7872.1328125 MiB (Increase: 0.0 MiB)
Memory usage before reset: 7872.1328125 MiB (Increase: 0.0 MiB)
Memory usage after reset: 7872.1328125 MiB (Increase: 0.0 MiB)
Current lengths of episodes: [1473]
Memory usage at done (index 0, length 1473, since_prev 1473): 7872.1328125 MiB (Increase: 0.0 MiB)
Memory usage before reset: 7872.1328125 MiB (Increase: 0.0 MiB)
Memory usage after reset: 7872.1328125 MiB (Increase: 0.0 MiB)
Current lengths of episodes: [91]
Memory usage at done (index 0, length 91, since_prev 91): 7872.1328125 MiB (Increase: 0.0 MiB)
Memory usage before reset: 7872.1328125 MiB (Increase: 0.0 MiB)
Memory usage after reset: 7872.1328125 MiB (Increase: 0.0 MiB)
Current lengths of episodes: [1600]
Memory usage at done (index 0, length 1600, since_prev 1600): 7872.1328125 MiB (Increase: 0.0 MiB)
Memory usage before reset: 7872.1328125 MiB (Increase: 0.0 MiB)
Memory usage after reset: 7872.1328125 MiB (Increase: 0.0 MiB)
Current lengths of episodes: [814]
Memory usage at done (index 0, length 814, since_prev 814): 7872.1328125 MiB (Increase: 0.0 MiB)
Memory usage before reset: 7872.1328125 MiB (Increase: 0.0 MiB)
Memory usage after reset: 7872.1328125 MiB (Increase: 0.0 MiB)
Current lengths of episodes: [1600]
Memory usage at done (index 0, length 1600, since_prev 1600): 7872.1328125 MiB (Increase: 0.0 MiB)
Memory usage before reset: 7872.1328125 MiB (Increase: 0.0 MiB)
Memory usage after reset: 7872.1328125 MiB (Increase: 0.0 MiB)
Current lengths of episodes: [81]
Memory usage at done (index 0, length 81, since_prev 81): 7872.1328125 MiB (Increase: 0.0 MiB)
Memory usage before reset: 7872.1328125 MiB (Increase: 0.0 MiB)
Memory usage after reset: 7872.1328125 MiB (Increase: 0.0 MiB)
Current lengths of episodes: [1600]
Memory usage at done (index 0, length 1600, since_prev 1600): 7872.1328125 MiB (Increase: 0.0 MiB)
Memory usage before reset: 7872.1328125 MiB (Increase: 0.0 MiB)
Memory usage after reset: 7872.1328125 MiB (Increase: 0.0 MiB)
Current lengths of episodes: [157]
Memory usage at done (index 0, length 157, since_prev 157): 7872.1328125 MiB (Increase: 0.0 MiB)
Memory usage before reset: 7872.1328125 MiB (Increase: 0.0 MiB)
Memory usage after reset: 7872.1328125 MiB (Increase: 0.0 MiB)
Current lengths of episodes: [65]
Memory usage at done (index 0, length 65, since_prev 65): 7872.1328125 MiB (Increase: 0.0 MiB)
Memory usage before reset: 7872.1328125 MiB (Increase: 0.0 MiB)
Memory usage after reset: 7872.1328125 MiB (Increase: 0.0 MiB)
Training episode 230
Memory usage at middle: 7872.1328125 MiB (Increase: 0.0 MiB)
Memory usage before collect: 7872.1328125 MiB (Increase: 0.0 MiB)
Memory usage after collect: 7872.1328125 MiB (Increase: 0.0 MiB)
Memory usage before initialization: 7872.1328125 MiB (Increase: 0.0 MiB)
Memory usage after initialization: 7872.1328125 MiB (Increase: 0.0 MiB)
Current lengths of episodes: [75]
Memory usage at done (index 0, length 75, since_prev 75): 7872.1328125 MiB (Increase: 0.0 MiB)
Memory usage before reset: 7872.1328125 MiB (Increase: 0.0 MiB)
Memory usage after reset: 7872.1328125 MiB (Increase: 0.0 MiB)
Current lengths of episodes: [1600]
Memory usage at done (index 0, length 1600, since_prev 1600): 7872.1328125 MiB (Increase: 0.0 MiB)
Memory usage before reset: 7872.1328125 MiB (Increase: 0.0 MiB)
Memory usage after reset: 7872.1328125 MiB (Increase: 0.0 MiB)
Current lengths of episodes: [1600]
Memory usage at done (index 0, length 1600, since_prev 1600): 7872.1328125 MiB (Increase: 0.0 MiB)
Memory usage before reset: 7872.1328125 MiB (Increase: 0.0 MiB)
Memory usage after reset: 7872.1328125 MiB (Increase: 0.0 MiB)
Current lengths of episodes: [1600]
Memory usage at done (index 0, length 1600, since_prev 1600): 7872.1328125 MiB (Increase: 0.0 MiB)
Memory usage before reset: 7872.1328125 MiB (Increase: 0.0 MiB)
Memory usage after reset: 7872.1328125 MiB (Increase: 0.0 MiB)
Current lengths of episodes: [1600]
Memory usage at done (index 0, length 1600, since_prev 1600): 7872.1328125 MiB (Increase: 0.0 MiB)
Memory usage before reset: 7872.1328125 MiB (Increase: 0.0 MiB)
Memory usage after reset: 7872.1328125 MiB (Increase: 0.0 MiB)
Current lengths of episodes: [1600]
Memory usage at done (index 0, length 1600, since_prev 1600): 7872.1328125 MiB (Increase: 0.0 MiB)
Memory usage before reset: 7872.1328125 MiB (Increase: 0.0 MiB)
Memory usage after reset: 7872.1328125 MiB (Increase: 0.0 MiB)
Current lengths of episodes: [1600]
Memory usage at done (index 0, length 1600, since_prev 1600): 7872.1328125 MiB (Increase: 0.0 MiB)
Memory usage before reset: 7872.1328125 MiB (Increase: 0.0 MiB)
Memory usage after reset: 7872.1328125 MiB (Increase: 0.0 MiB)
Current lengths of episodes: [1600]
Memory usage at done (index 0, length 1600, since_prev 1600): 7902.70703125 MiB (Increase: 30.57421875 MiB)
Memory usage before reset: 7902.70703125 MiB (Increase: 0.0 MiB)
Memory usage after reset: 7902.70703125 MiB (Increase: 0.0 MiB)
Current lengths of episodes: [1600]
Memory usage at done (index 0, length 1600, since_prev 1600): 8472.83203125 MiB (Increase: 570.125 MiB)
Memory usage before reset: 8472.83203125 MiB (Increase: 0.0 MiB)
Memory usage after reset: 8472.83203125 MiB (Increase: 0.0 MiB)
Current lengths of episodes: [114]
Memory usage at done (index 0, length 114, since_prev 114): 8513.4921875 MiB (Increase: 40.66015625 MiB)
Memory usage before reset: 8513.4921875 MiB (Increase: 0.0 MiB)
Memory usage after reset: 8513.4921875 MiB (Increase: 0.0 MiB)
Training episode 240
Memory usage at middle: 8513.4921875 MiB (Increase: 0.0 MiB)
Memory usage before collect: 8515.75390625 MiB (Increase: 2.26171875 MiB)
Memory usage after collect: 8515.75390625 MiB (Increase: 0.0 MiB)
Memory usage before initialization: 8515.75390625 MiB (Increase: 0.0 MiB)
Memory usage after initialization: 8515.75390625 MiB (Increase: 0.0 MiB)
Current lengths of episodes: [1600]
Memory usage at done (index 0, length 1600, since_prev 1600): 8515.75390625 MiB (Increase: 0.0 MiB)
Memory usage before reset: 8515.75390625 MiB (Increase: 0.0 MiB)
Memory usage after reset: 8515.75390625 MiB (Increase: 0.0 MiB)
Current lengths of episodes: [60]
Memory usage at done (index 0, length 60, since_prev 60): 8515.75390625 MiB (Increase: 0.0 MiB)
Memory usage before reset: 8515.75390625 MiB (Increase: 0.0 MiB)
Memory usage after reset: 8515.75390625 MiB (Increase: 0.0 MiB)
Current lengths of episodes: [81]
Memory usage at done (index 0, length 81, since_prev 81): 8515.75390625 MiB (Increase: 0.0 MiB)
Memory usage before reset: 8515.75390625 MiB (Increase: 0.0 MiB)
Memory usage after reset: 8515.75390625 MiB (Increase: 0.0 MiB)
Current lengths of episodes: [44]
Memory usage at done (index 0, length 44, since_prev 44): 8515.75390625 MiB (Increase: 0.0 MiB)
Memory usage before reset: 8515.75390625 MiB (Increase: 0.0 MiB)
Memory usage after reset: 8515.75390625 MiB (Increase: 0.0 MiB)
Current lengths of episodes: [1600]
Memory usage at done (index 0, length 1600, since_prev 1600): 8515.75390625 MiB (Increase: 0.0 MiB)
Memory usage before reset: 8515.75390625 MiB (Increase: 0.0 MiB)
Memory usage after reset: 8515.75390625 MiB (Increase: 0.0 MiB)
Current lengths of episodes: [1600]
Memory usage at done (index 0, length 1600, since_prev 1600): 8515.75390625 MiB (Increase: 0.0 MiB)
Memory usage before reset: 8515.75390625 MiB (Increase: 0.0 MiB)
Memory usage after reset: 8515.75390625 MiB (Increase: 0.0 MiB)
Current lengths of episodes: [96]
Memory usage at done (index 0, length 96, since_prev 96): 8515.75390625 MiB (Increase: 0.0 MiB)
Memory usage before reset: 8515.75390625 MiB (Increase: 0.0 MiB)
Memory usage after reset: 8515.75390625 MiB (Increase: 0.0 MiB)
Current lengths of episodes: [1600]
Memory usage at done (index 0, length 1600, since_prev 1600): 8515.75390625 MiB (Increase: 0.0 MiB)
Memory usage before reset: 8515.75390625 MiB (Increase: 0.0 MiB)
Memory usage after reset: 8515.75390625 MiB (Increase: 0.0 MiB)
Current lengths of episodes: [111]
Memory usage at done (index 0, length 111, since_prev 111): 8515.75390625 MiB (Increase: 0.0 MiB)
Memory usage before reset: 8515.75390625 MiB (Increase: 0.0 MiB)
Memory usage after reset: 8515.75390625 MiB (Increase: 0.0 MiB)
Current lengths of episodes: [1600]
Memory usage at done (index 0, length 1600, since_prev 1600): 8549.48046875 MiB (Increase: 33.7265625 MiB)
Memory usage before reset: 8549.48046875 MiB (Increase: 0.0 MiB)
Memory usage after reset: 8549.48046875 MiB (Increase: 0.0 MiB)
Training episode 250
Memory usage at middle: 8549.48046875 MiB (Increase: 0.0 MiB)
Memory usage before collect: 8550.703125 MiB (Increase: 1.22265625 MiB)
Memory usage after collect: 8550.703125 MiB (Increase: 0.0 MiB)
Episode 250	Average evaluation: -97.75181482324464
Memory usage before initialization: 8550.703125 MiB (Increase: 0.0 MiB)
Memory usage after initialization: 8550.703125 MiB (Increase: 0.0 MiB)
Current lengths of episodes: [61]
Memory usage at done (index 0, length 61, since_prev 61): 8550.703125 MiB (Increase: 0.0 MiB)
Memory usage before reset: 8550.703125 MiB (Increase: 0.0 MiB)
Memory usage after reset: 8550.703125 MiB (Increase: 0.0 MiB)
Current lengths of episodes: [78]
Memory usage at done (index 0, length 78, since_prev 78): 8550.703125 MiB (Increase: 0.0 MiB)
Memory usage before reset: 8550.703125 MiB (Increase: 0.0 MiB)
Memory usage after reset: 8550.703125 MiB (Increase: 0.0 MiB)
Current lengths of episodes: [1600]
Memory usage at done (index 0, length 1600, since_prev 1600): 8550.703125 MiB (Increase: 0.0 MiB)
Memory usage before reset: 8550.703125 MiB (Increase: 0.0 MiB)
Memory usage after reset: 8550.703125 MiB (Increase: 0.0 MiB)
Current lengths of episodes: [1600]
Memory usage at done (index 0, length 1600, since_prev 1600): 8550.703125 MiB (Increase: 0.0 MiB)
Memory usage before reset: 8550.703125 MiB (Increase: 0.0 MiB)
Memory usage after reset: 8550.703125 MiB (Increase: 0.0 MiB)
Current lengths of episodes: [123]
Memory usage at done (index 0, length 123, since_prev 123): 8550.703125 MiB (Increase: 0.0 MiB)
Memory usage before reset: 8550.703125 MiB (Increase: 0.0 MiB)
Memory usage after reset: 8550.703125 MiB (Increase: 0.0 MiB)
Current lengths of episodes: [1600]
Memory usage at done (index 0, length 1600, since_prev 1600): 8550.703125 MiB (Increase: 0.0 MiB)
Memory usage before reset: 8550.703125 MiB (Increase: 0.0 MiB)
Memory usage after reset: 8550.703125 MiB (Increase: 0.0 MiB)
Current lengths of episodes: [1600]
Memory usage at done (index 0, length 1600, since_prev 1600): 8550.703125 MiB (Increase: 0.0 MiB)
Memory usage before reset: 8550.703125 MiB (Increase: 0.0 MiB)
Memory usage after reset: 8550.703125 MiB (Increase: 0.0 MiB)
Current lengths of episodes: [104]
Memory usage at done (index 0, length 104, since_prev 104): 8550.703125 MiB (Increase: 0.0 MiB)
Memory usage before reset: 8550.703125 MiB (Increase: 0.0 MiB)
Memory usage after reset: 8550.703125 MiB (Increase: 0.0 MiB)
Current lengths of episodes: [46]
Memory usage at done (index 0, length 46, since_prev 46): 8550.703125 MiB (Increase: 0.0 MiB)
Memory usage before reset: 8550.703125 MiB (Increase: 0.0 MiB)
Memory usage after reset: 8550.703125 MiB (Increase: 0.0 MiB)
Current lengths of episodes: [47]
Memory usage at done (index 0, length 47, since_prev 47): 8550.703125 MiB (Increase: 0.0 MiB)
Memory usage before reset: 8550.703125 MiB (Increase: 0.0 MiB)
Memory usage after reset: 8550.703125 MiB (Increase: 0.0 MiB)
Training episode 260
Memory usage at middle: 8550.703125 MiB (Increase: 0.0 MiB)
Memory usage before collect: 8550.703125 MiB (Increase: 0.0 MiB)
Memory usage after collect: 8550.703125 MiB (Increase: 0.0 MiB)
Memory usage before initialization: 8550.703125 MiB (Increase: 0.0 MiB)
Memory usage after initialization: 8550.703125 MiB (Increase: 0.0 MiB)
Current lengths of episodes: [71]
Memory usage at done (index 0, length 71, since_prev 71): 8550.703125 MiB (Increase: 0.0 MiB)
Memory usage before reset: 8550.703125 MiB (Increase: 0.0 MiB)
Memory usage after reset: 8550.703125 MiB (Increase: 0.0 MiB)
Current lengths of episodes: [1600]
Memory usage at done (index 0, length 1600, since_prev 1600): 8550.703125 MiB (Increase: 0.0 MiB)
Memory usage before reset: 8550.703125 MiB (Increase: 0.0 MiB)
Memory usage after reset: 8550.703125 MiB (Increase: 0.0 MiB)
Current lengths of episodes: [86]
Memory usage at done (index 0, length 86, since_prev 86): 8550.703125 MiB (Increase: 0.0 MiB)
Memory usage before reset: 8550.703125 MiB (Increase: 0.0 MiB)
Memory usage after reset: 8550.703125 MiB (Increase: 0.0 MiB)
Current lengths of episodes: [71]
Memory usage at done (index 0, length 71, since_prev 71): 8550.703125 MiB (Increase: 0.0 MiB)
Memory usage before reset: 8550.703125 MiB (Increase: 0.0 MiB)
Memory usage after reset: 8550.703125 MiB (Increase: 0.0 MiB)
Current lengths of episodes: [83]
Memory usage at done (index 0, length 83, since_prev 83): 8550.703125 MiB (Increase: 0.0 MiB)
Memory usage before reset: 8550.703125 MiB (Increase: 0.0 MiB)
Memory usage after reset: 8550.703125 MiB (Increase: 0.0 MiB)
Current lengths of episodes: [1600]
Memory usage at done (index 0, length 1600, since_prev 1600): 8550.703125 MiB (Increase: 0.0 MiB)
Memory usage before reset: 8550.703125 MiB (Increase: 0.0 MiB)
Memory usage after reset: 8550.703125 MiB (Increase: 0.0 MiB)
Current lengths of episodes: [1600]
Memory usage at done (index 0, length 1600, since_prev 1600): 8550.703125 MiB (Increase: 0.0 MiB)
Memory usage before reset: 8550.703125 MiB (Increase: 0.0 MiB)
Memory usage after reset: 8550.703125 MiB (Increase: 0.0 MiB)
Current lengths of episodes: [43]
Memory usage at done (index 0, length 43, since_prev 43): 8550.703125 MiB (Increase: 0.0 MiB)
Memory usage before reset: 8550.703125 MiB (Increase: 0.0 MiB)
Memory usage after reset: 8550.703125 MiB (Increase: 0.0 MiB)
Current lengths of episodes: [100]
Memory usage at done (index 0, length 100, since_prev 100): 8550.703125 MiB (Increase: 0.0 MiB)
Memory usage before reset: 8550.703125 MiB (Increase: 0.0 MiB)
Memory usage after reset: 8550.703125 MiB (Increase: 0.0 MiB)
Current lengths of episodes: [63]
Memory usage at done (index 0, length 63, since_prev 63): 8550.703125 MiB (Increase: 0.0 MiB)
Memory usage before reset: 8550.703125 MiB (Increase: 0.0 MiB)
Memory usage after reset: 8550.703125 MiB (Increase: 0.0 MiB)
Training episode 270
Memory usage at middle: 8550.703125 MiB (Increase: 0.0 MiB)
Memory usage before collect: 8550.703125 MiB (Increase: 0.0 MiB)
Memory usage after collect: 8550.703125 MiB (Increase: 0.0 MiB)
Memory usage before initialization: 8550.703125 MiB (Increase: 0.0 MiB)
Memory usage after initialization: 8550.703125 MiB (Increase: 0.0 MiB)
Current lengths of episodes: [78]
Memory usage at done (index 0, length 78, since_prev 78): 8550.703125 MiB (Increase: 0.0 MiB)
Memory usage before reset: 8550.703125 MiB (Increase: 0.0 MiB)
Memory usage after reset: 8550.703125 MiB (Increase: 0.0 MiB)
Current lengths of episodes: [1161]
Memory usage at done (index 0, length 1161, since_prev 1161): 8550.703125 MiB (Increase: 0.0 MiB)
Memory usage before reset: 8550.703125 MiB (Increase: 0.0 MiB)
Memory usage after reset: 8550.703125 MiB (Increase: 0.0 MiB)
Current lengths of episodes: [1600]
Memory usage at done (index 0, length 1600, since_prev 1600): 8550.703125 MiB (Increase: 0.0 MiB)
Memory usage before reset: 8550.703125 MiB (Increase: 0.0 MiB)
Memory usage after reset: 8550.703125 MiB (Increase: 0.0 MiB)
Current lengths of episodes: [50]
Memory usage at done (index 0, length 50, since_prev 50): 8550.703125 MiB (Increase: 0.0 MiB)
Memory usage before reset: 8550.703125 MiB (Increase: 0.0 MiB)
Memory usage after reset: 8550.703125 MiB (Increase: 0.0 MiB)
Current lengths of episodes: [1600]
Memory usage at done (index 0, length 1600, since_prev 1600): 8550.703125 MiB (Increase: 0.0 MiB)
Memory usage before reset: 8550.703125 MiB (Increase: 0.0 MiB)
Memory usage after reset: 8550.703125 MiB (Increase: 0.0 MiB)
Current lengths of episodes: [79]
Memory usage at done (index 0, length 79, since_prev 79): 8550.703125 MiB (Increase: 0.0 MiB)
Memory usage before reset: 8550.703125 MiB (Increase: 0.0 MiB)
Memory usage after reset: 8550.703125 MiB (Increase: 0.0 MiB)
Current lengths of episodes: [1600]
Memory usage at done (index 0, length 1600, since_prev 1600): 8550.703125 MiB (Increase: 0.0 MiB)
Memory usage before reset: 8550.703125 MiB (Increase: 0.0 MiB)
Memory usage after reset: 8550.703125 MiB (Increase: 0.0 MiB)
Current lengths of episodes: [1600]
Memory usage at done (index 0, length 1600, since_prev 1600): 8550.703125 MiB (Increase: 0.0 MiB)
Memory usage before reset: 8550.703125 MiB (Increase: 0.0 MiB)
Memory usage after reset: 8550.703125 MiB (Increase: 0.0 MiB)
Current lengths of episodes: [52]
Memory usage at done (index 0, length 52, since_prev 52): 8550.703125 MiB (Increase: 0.0 MiB)
Memory usage before reset: 8550.703125 MiB (Increase: 0.0 MiB)
Memory usage after reset: 8550.703125 MiB (Increase: 0.0 MiB)
Current lengths of episodes: [77]
Memory usage at done (index 0, length 77, since_prev 77): 8550.703125 MiB (Increase: 0.0 MiB)
Memory usage before reset: 8550.703125 MiB (Increase: 0.0 MiB)
Memory usage after reset: 8550.703125 MiB (Increase: 0.0 MiB)
Training episode 280
Memory usage at middle: 8550.703125 MiB (Increase: 0.0 MiB)
Memory usage before collect: 8550.703125 MiB (Increase: 0.0 MiB)
Memory usage after collect: 8550.703125 MiB (Increase: 0.0 MiB)
Memory usage before initialization: 8550.703125 MiB (Increase: 0.0 MiB)
Memory usage after initialization: 8550.703125 MiB (Increase: 0.0 MiB)
Current lengths of episodes: [87]
Memory usage at done (index 0, length 87, since_prev 87): 8550.703125 MiB (Increase: 0.0 MiB)
Memory usage before reset: 8550.703125 MiB (Increase: 0.0 MiB)
Memory usage after reset: 8550.703125 MiB (Increase: 0.0 MiB)
Current lengths of episodes: [58]
Memory usage at done (index 0, length 58, since_prev 58): 8550.703125 MiB (Increase: 0.0 MiB)
Memory usage before reset: 8550.703125 MiB (Increase: 0.0 MiB)
Memory usage after reset: 8550.703125 MiB (Increase: 0.0 MiB)
Current lengths of episodes: [362]
Memory usage at done (index 0, length 362, since_prev 362): 8550.703125 MiB (Increase: 0.0 MiB)
Memory usage before reset: 8550.703125 MiB (Increase: 0.0 MiB)
Memory usage after reset: 8550.703125 MiB (Increase: 0.0 MiB)
Current lengths of episodes: [1600]
Memory usage at done (index 0, length 1600, since_prev 1600): 8550.703125 MiB (Increase: 0.0 MiB)
Memory usage before reset: 8550.703125 MiB (Increase: 0.0 MiB)
Memory usage after reset: 8550.703125 MiB (Increase: 0.0 MiB)
Current lengths of episodes: [930]
Memory usage at done (index 0, length 930, since_prev 930): 8550.703125 MiB (Increase: 0.0 MiB)
Memory usage before reset: 8550.703125 MiB (Increase: 0.0 MiB)
Memory usage after reset: 8550.703125 MiB (Increase: 0.0 MiB)
Current lengths of episodes: [1600]
Memory usage at done (index 0, length 1600, since_prev 1600): 8550.703125 MiB (Increase: 0.0 MiB)
Memory usage before reset: 8550.703125 MiB (Increase: 0.0 MiB)
Memory usage after reset: 8550.703125 MiB (Increase: 0.0 MiB)
Current lengths of episodes: [95]
Memory usage at done (index 0, length 95, since_prev 95): 8550.703125 MiB (Increase: 0.0 MiB)
Memory usage before reset: 8550.703125 MiB (Increase: 0.0 MiB)
Memory usage after reset: 8550.703125 MiB (Increase: 0.0 MiB)
Current lengths of episodes: [1600]
Memory usage at done (index 0, length 1600, since_prev 1600): 8550.703125 MiB (Increase: 0.0 MiB)
Memory usage before reset: 8550.703125 MiB (Increase: 0.0 MiB)
Memory usage after reset: 8550.703125 MiB (Increase: 0.0 MiB)
Current lengths of episodes: [59]
Memory usage at done (index 0, length 59, since_prev 59): 8550.703125 MiB (Increase: 0.0 MiB)
Memory usage before reset: 8550.703125 MiB (Increase: 0.0 MiB)
Memory usage after reset: 8550.703125 MiB (Increase: 0.0 MiB)
Current lengths of episodes: [68]
Memory usage at done (index 0, length 68, since_prev 68): 8550.703125 MiB (Increase: 0.0 MiB)
Memory usage before reset: 8550.703125 MiB (Increase: 0.0 MiB)
Memory usage after reset: 8550.703125 MiB (Increase: 0.0 MiB)
Training episode 290
Memory usage at middle: 8550.703125 MiB (Increase: 0.0 MiB)
Memory usage before collect: 8550.703125 MiB (Increase: 0.0 MiB)
Memory usage after collect: 8550.703125 MiB (Increase: 0.0 MiB)
Memory usage before initialization: 8550.703125 MiB (Increase: 0.0 MiB)
Memory usage after initialization: 8550.703125 MiB (Increase: 0.0 MiB)
Current lengths of episodes: [79]
Memory usage at done (index 0, length 79, since_prev 79): 8550.703125 MiB (Increase: 0.0 MiB)
Memory usage before reset: 8550.703125 MiB (Increase: 0.0 MiB)
Memory usage after reset: 8550.703125 MiB (Increase: 0.0 MiB)
Current lengths of episodes: [1600]
Memory usage at done (index 0, length 1600, since_prev 1600): 8550.703125 MiB (Increase: 0.0 MiB)
Memory usage before reset: 8550.703125 MiB (Increase: 0.0 MiB)
Memory usage after reset: 8550.703125 MiB (Increase: 0.0 MiB)
Current lengths of episodes: [59]
Memory usage at done (index 0, length 59, since_prev 59): 8550.703125 MiB (Increase: 0.0 MiB)
Memory usage before reset: 8550.703125 MiB (Increase: 0.0 MiB)
Memory usage after reset: 8550.703125 MiB (Increase: 0.0 MiB)
Current lengths of episodes: [69]
Memory usage at done (index 0, length 69, since_prev 69): 8550.703125 MiB (Increase: 0.0 MiB)
Memory usage before reset: 8550.703125 MiB (Increase: 0.0 MiB)
Memory usage after reset: 8550.703125 MiB (Increase: 0.0 MiB)
Current lengths of episodes: [67]
Memory usage at done (index 0, length 67, since_prev 67): 8550.703125 MiB (Increase: 0.0 MiB)
Memory usage before reset: 8550.703125 MiB (Increase: 0.0 MiB)
Memory usage after reset: 8550.703125 MiB (Increase: 0.0 MiB)
Current lengths of episodes: [1600]
Memory usage at done (index 0, length 1600, since_prev 1600): 8550.703125 MiB (Increase: 0.0 MiB)
Memory usage before reset: 8550.703125 MiB (Increase: 0.0 MiB)
Memory usage after reset: 8550.703125 MiB (Increase: 0.0 MiB)
Current lengths of episodes: [1600]
Memory usage at done (index 0, length 1600, since_prev 1600): 8550.703125 MiB (Increase: 0.0 MiB)
Memory usage before reset: 8550.703125 MiB (Increase: 0.0 MiB)
Memory usage after reset: 8550.703125 MiB (Increase: 0.0 MiB)
Current lengths of episodes: [60]
Memory usage at done (index 0, length 60, since_prev 60): 8550.703125 MiB (Increase: 0.0 MiB)
Memory usage before reset: 8550.703125 MiB (Increase: 0.0 MiB)
Memory usage after reset: 8550.703125 MiB (Increase: 0.0 MiB)
Current lengths of episodes: [1600]
Memory usage at done (index 0, length 1600, since_prev 1600): 8550.703125 MiB (Increase: 0.0 MiB)
Memory usage before reset: 8550.703125 MiB (Increase: 0.0 MiB)
Memory usage after reset: 8550.703125 MiB (Increase: 0.0 MiB)
Current lengths of episodes: [47]
Memory usage at done (index 0, length 47, since_prev 47): 8550.703125 MiB (Increase: 0.0 MiB)
Memory usage before reset: 8550.703125 MiB (Increase: 0.0 MiB)
Memory usage after reset: 8550.703125 MiB (Increase: 0.0 MiB)
Training episode 300
Memory usage at middle: 8550.703125 MiB (Increase: 0.0 MiB)
Memory usage before collect: 8550.703125 MiB (Increase: 0.0 MiB)
Memory usage after collect: 8550.703125 MiB (Increase: 0.0 MiB)
Episode 300	Average evaluation: -97.75734801605655
Memory usage before initialization: 8550.703125 MiB (Increase: 0.0 MiB)
Memory usage after initialization: 8550.703125 MiB (Increase: 0.0 MiB)
Current lengths of episodes: [82]
Memory usage at done (index 0, length 82, since_prev 82): 8550.703125 MiB (Increase: 0.0 MiB)
Memory usage before reset: 8550.703125 MiB (Increase: 0.0 MiB)
Memory usage after reset: 8550.703125 MiB (Increase: 0.0 MiB)
Current lengths of episodes: [1600]
Memory usage at done (index 0, length 1600, since_prev 1600): 8550.703125 MiB (Increase: 0.0 MiB)
Memory usage before reset: 8550.703125 MiB (Increase: 0.0 MiB)
Memory usage after reset: 8550.703125 MiB (Increase: 0.0 MiB)
Current lengths of episodes: [1600]
Memory usage at done (index 0, length 1600, since_prev 1600): 8550.703125 MiB (Increase: 0.0 MiB)
Memory usage before reset: 8550.703125 MiB (Increase: 0.0 MiB)
Memory usage after reset: 8550.703125 MiB (Increase: 0.0 MiB)
Current lengths of episodes: [74]
Memory usage at done (index 0, length 74, since_prev 74): 8550.703125 MiB (Increase: 0.0 MiB)
Memory usage before reset: 8550.703125 MiB (Increase: 0.0 MiB)
Memory usage after reset: 8550.703125 MiB (Increase: 0.0 MiB)
Current lengths of episodes: [94]
Memory usage at done (index 0, length 94, since_prev 94): 8550.703125 MiB (Increase: 0.0 MiB)
Memory usage before reset: 8550.703125 MiB (Increase: 0.0 MiB)
Memory usage after reset: 8550.703125 MiB (Increase: 0.0 MiB)
Current lengths of episodes: [1600]
Memory usage at done (index 0, length 1600, since_prev 1600): 8550.703125 MiB (Increase: 0.0 MiB)
Memory usage before reset: 8550.703125 MiB (Increase: 0.0 MiB)
Memory usage after reset: 8550.703125 MiB (Increase: 0.0 MiB)
Current lengths of episodes: [138]
Memory usage at done (index 0, length 138, since_prev 138): 8550.703125 MiB (Increase: 0.0 MiB)
Memory usage before reset: 8550.703125 MiB (Increase: 0.0 MiB)
Memory usage after reset: 8550.703125 MiB (Increase: 0.0 MiB)
Current lengths of episodes: [415]
Memory usage at done (index 0, length 415, since_prev 415): 8550.703125 MiB (Increase: 0.0 MiB)
Memory usage before reset: 8550.703125 MiB (Increase: 0.0 MiB)
Memory usage after reset: 8550.703125 MiB (Increase: 0.0 MiB)
Current lengths of episodes: [398]
Memory usage at done (index 0, length 398, since_prev 398): 8550.703125 MiB (Increase: 0.0 MiB)
Memory usage before reset: 8550.703125 MiB (Increase: 0.0 MiB)
Memory usage after reset: 8550.703125 MiB (Increase: 0.0 MiB)
Current lengths of episodes: [53]
Memory usage at done (index 0, length 53, since_prev 53): 8550.703125 MiB (Increase: 0.0 MiB)
Memory usage before reset: 8550.703125 MiB (Increase: 0.0 MiB)
Memory usage after reset: 8550.703125 MiB (Increase: 0.0 MiB)
Training episode 310
Memory usage at middle: 8550.703125 MiB (Increase: 0.0 MiB)
Memory usage before collect: 8550.703125 MiB (Increase: 0.0 MiB)
Memory usage after collect: 8550.703125 MiB (Increase: 0.0 MiB)
Memory usage before initialization: 8550.703125 MiB (Increase: 0.0 MiB)
Memory usage after initialization: 8550.703125 MiB (Increase: 0.0 MiB)
Current lengths of episodes: [1600]
Memory usage at done (index 0, length 1600, since_prev 1600): 8550.703125 MiB (Increase: 0.0 MiB)
Memory usage before reset: 8550.703125 MiB (Increase: 0.0 MiB)
Memory usage after reset: 8550.703125 MiB (Increase: 0.0 MiB)
Current lengths of episodes: [63]
Memory usage at done (index 0, length 63, since_prev 63): 8550.703125 MiB (Increase: 0.0 MiB)
Memory usage before reset: 8550.703125 MiB (Increase: 0.0 MiB)
Memory usage after reset: 8550.703125 MiB (Increase: 0.0 MiB)
Current lengths of episodes: [1600]
Memory usage at done (index 0, length 1600, since_prev 1600): 8550.703125 MiB (Increase: 0.0 MiB)
Memory usage before reset: 8550.703125 MiB (Increase: 0.0 MiB)
Memory usage after reset: 8550.703125 MiB (Increase: 0.0 MiB)
Current lengths of episodes: [78]
Memory usage at done (index 0, length 78, since_prev 78): 8550.703125 MiB (Increase: 0.0 MiB)
Memory usage before reset: 8550.703125 MiB (Increase: 0.0 MiB)
Memory usage after reset: 8550.703125 MiB (Increase: 0.0 MiB)
Current lengths of episodes: [73]
Memory usage at done (index 0, length 73, since_prev 73): 8550.703125 MiB (Increase: 0.0 MiB)
Memory usage before reset: 8550.703125 MiB (Increase: 0.0 MiB)
Memory usage after reset: 8550.703125 MiB (Increase: 0.0 MiB)
Current lengths of episodes: [1600]
Memory usage at done (index 0, length 1600, since_prev 1600): 8550.703125 MiB (Increase: 0.0 MiB)
Memory usage before reset: 8550.703125 MiB (Increase: 0.0 MiB)
Memory usage after reset: 8550.703125 MiB (Increase: 0.0 MiB)
Current lengths of episodes: [1600]
Memory usage at done (index 0, length 1600, since_prev 1600): 8550.703125 MiB (Increase: 0.0 MiB)
Memory usage before reset: 8550.703125 MiB (Increase: 0.0 MiB)
Memory usage after reset: 8550.703125 MiB (Increase: 0.0 MiB)
Current lengths of episodes: [63]
Memory usage at done (index 0, length 63, since_prev 63): 8550.703125 MiB (Increase: 0.0 MiB)
Memory usage before reset: 8550.703125 MiB (Increase: 0.0 MiB)
Memory usage after reset: 8550.703125 MiB (Increase: 0.0 MiB)
Current lengths of episodes: [63]
Memory usage at done (index 0, length 63, since_prev 63): 8550.703125 MiB (Increase: 0.0 MiB)
Memory usage before reset: 8550.703125 MiB (Increase: 0.0 MiB)
Memory usage after reset: 8550.703125 MiB (Increase: 0.0 MiB)
Current lengths of episodes: [75]
Memory usage at done (index 0, length 75, since_prev 75): 8550.703125 MiB (Increase: 0.0 MiB)
Memory usage before reset: 8550.703125 MiB (Increase: 0.0 MiB)
Memory usage after reset: 8550.703125 MiB (Increase: 0.0 MiB)
Training episode 320
Memory usage at middle: 8550.703125 MiB (Increase: 0.0 MiB)
Memory usage before collect: 8550.703125 MiB (Increase: 0.0 MiB)
Memory usage after collect: 8550.703125 MiB (Increase: 0.0 MiB)
Memory usage before initialization: 8550.703125 MiB (Increase: 0.0 MiB)
Memory usage after initialization: 8550.703125 MiB (Increase: 0.0 MiB)
Current lengths of episodes: [66]
Memory usage at done (index 0, length 66, since_prev 66): 8550.703125 MiB (Increase: 0.0 MiB)
Memory usage before reset: 8550.703125 MiB (Increase: 0.0 MiB)
Memory usage after reset: 8550.703125 MiB (Increase: 0.0 MiB)
Current lengths of episodes: [124]
Memory usage at done (index 0, length 124, since_prev 124): 8550.703125 MiB (Increase: 0.0 MiB)
Memory usage before reset: 8550.703125 MiB (Increase: 0.0 MiB)
Memory usage after reset: 8550.703125 MiB (Increase: 0.0 MiB)
Current lengths of episodes: [1600]
Memory usage at done (index 0, length 1600, since_prev 1600): 8550.703125 MiB (Increase: 0.0 MiB)
Memory usage before reset: 8550.703125 MiB (Increase: 0.0 MiB)
Memory usage after reset: 8550.703125 MiB (Increase: 0.0 MiB)
Current lengths of episodes: [101]
Memory usage at done (index 0, length 101, since_prev 101): 8550.703125 MiB (Increase: 0.0 MiB)
Memory usage before reset: 8550.703125 MiB (Increase: 0.0 MiB)
Memory usage after reset: 8550.703125 MiB (Increase: 0.0 MiB)
Current lengths of episodes: [1600]
Memory usage at done (index 0, length 1600, since_prev 1600): 8550.703125 MiB (Increase: 0.0 MiB)
Memory usage before reset: 8550.703125 MiB (Increase: 0.0 MiB)
Memory usage after reset: 8550.703125 MiB (Increase: 0.0 MiB)
Current lengths of episodes: [74]
Memory usage at done (index 0, length 74, since_prev 74): 8550.703125 MiB (Increase: 0.0 MiB)
Memory usage before reset: 8550.703125 MiB (Increase: 0.0 MiB)
Memory usage after reset: 8550.703125 MiB (Increase: 0.0 MiB)
Current lengths of episodes: [59]
Memory usage at done (index 0, length 59, since_prev 59): 8550.703125 MiB (Increase: 0.0 MiB)
Memory usage before reset: 8550.703125 MiB (Increase: 0.0 MiB)
Memory usage after reset: 8550.703125 MiB (Increase: 0.0 MiB)
Current lengths of episodes: [69]
Memory usage at done (index 0, length 69, since_prev 69): 8550.703125 MiB (Increase: 0.0 MiB)
Memory usage before reset: 8550.703125 MiB (Increase: 0.0 MiB)
Memory usage after reset: 8550.703125 MiB (Increase: 0.0 MiB)
Current lengths of episodes: [107]
Memory usage at done (index 0, length 107, since_prev 107): 8550.703125 MiB (Increase: 0.0 MiB)
Memory usage before reset: 8550.703125 MiB (Increase: 0.0 MiB)
Memory usage after reset: 8550.703125 MiB (Increase: 0.0 MiB)
Current lengths of episodes: [60]
Memory usage at done (index 0, length 60, since_prev 60): 8550.703125 MiB (Increase: 0.0 MiB)
Memory usage before reset: 8550.703125 MiB (Increase: 0.0 MiB)
Memory usage after reset: 8550.703125 MiB (Increase: 0.0 MiB)
Training episode 330
Memory usage at middle: 8550.703125 MiB (Increase: 0.0 MiB)
Memory usage before collect: 8550.703125 MiB (Increase: 0.0 MiB)
Memory usage after collect: 8550.703125 MiB (Increase: 0.0 MiB)
Memory usage before initialization: 8550.703125 MiB (Increase: 0.0 MiB)
Memory usage after initialization: 8550.703125 MiB (Increase: 0.0 MiB)
Current lengths of episodes: [1600]
Memory usage at done (index 0, length 1600, since_prev 1600): 8550.703125 MiB (Increase: 0.0 MiB)
Memory usage before reset: 8550.703125 MiB (Increase: 0.0 MiB)
Memory usage after reset: 8550.703125 MiB (Increase: 0.0 MiB)
Current lengths of episodes: [1600]
Memory usage at done (index 0, length 1600, since_prev 1600): 8550.703125 MiB (Increase: 0.0 MiB)
Memory usage before reset: 8550.703125 MiB (Increase: 0.0 MiB)
Memory usage after reset: 8550.703125 MiB (Increase: 0.0 MiB)
Current lengths of episodes: [1600]
Memory usage at done (index 0, length 1600, since_prev 1600): 8550.703125 MiB (Increase: 0.0 MiB)
Memory usage before reset: 8550.703125 MiB (Increase: 0.0 MiB)
Memory usage after reset: 8550.703125 MiB (Increase: 0.0 MiB)
Current lengths of episodes: [62]
Memory usage at done (index 0, length 62, since_prev 62): 8550.703125 MiB (Increase: 0.0 MiB)
Memory usage before reset: 8550.703125 MiB (Increase: 0.0 MiB)
Memory usage after reset: 8550.703125 MiB (Increase: 0.0 MiB)
Current lengths of episodes: [299]
Memory usage at done (index 0, length 299, since_prev 299): 8550.703125 MiB (Increase: 0.0 MiB)
Memory usage before reset: 8550.703125 MiB (Increase: 0.0 MiB)
Memory usage after reset: 8550.703125 MiB (Increase: 0.0 MiB)
Current lengths of episodes: [102]
Memory usage at done (index 0, length 102, since_prev 102): 8550.703125 MiB (Increase: 0.0 MiB)
Memory usage before reset: 8550.703125 MiB (Increase: 0.0 MiB)
Memory usage after reset: 8550.703125 MiB (Increase: 0.0 MiB)
Current lengths of episodes: [79]
Memory usage at done (index 0, length 79, since_prev 79): 8550.703125 MiB (Increase: 0.0 MiB)
Memory usage before reset: 8550.703125 MiB (Increase: 0.0 MiB)
Memory usage after reset: 8550.703125 MiB (Increase: 0.0 MiB)
Current lengths of episodes: [754]
Memory usage at done (index 0, length 754, since_prev 754): 8550.703125 MiB (Increase: 0.0 MiB)
Memory usage before reset: 8550.703125 MiB (Increase: 0.0 MiB)
Memory usage after reset: 8550.703125 MiB (Increase: 0.0 MiB)
Current lengths of episodes: [61]
Memory usage at done (index 0, length 61, since_prev 61): 8550.703125 MiB (Increase: 0.0 MiB)
Memory usage before reset: 8550.703125 MiB (Increase: 0.0 MiB)
Memory usage after reset: 8550.703125 MiB (Increase: 0.0 MiB)
Current lengths of episodes: [1600]
Memory usage at done (index 0, length 1600, since_prev 1600): 8550.703125 MiB (Increase: 0.0 MiB)
Memory usage before reset: 8550.703125 MiB (Increase: 0.0 MiB)
Memory usage after reset: 8550.703125 MiB (Increase: 0.0 MiB)
Training episode 340
Memory usage at middle: 8550.703125 MiB (Increase: 0.0 MiB)
Memory usage before collect: 8550.703125 MiB (Increase: 0.0 MiB)
Memory usage after collect: 8550.703125 MiB (Increase: 0.0 MiB)
Memory usage before initialization: 8550.703125 MiB (Increase: 0.0 MiB)
Memory usage after initialization: 8550.703125 MiB (Increase: 0.0 MiB)
Current lengths of episodes: [1600]
Memory usage at done (index 0, length 1600, since_prev 1600): 8550.703125 MiB (Increase: 0.0 MiB)
Memory usage before reset: 8550.703125 MiB (Increase: 0.0 MiB)
Memory usage after reset: 8550.703125 MiB (Increase: 0.0 MiB)
Current lengths of episodes: [1600]
Memory usage at done (index 0, length 1600, since_prev 1600): 8550.703125 MiB (Increase: 0.0 MiB)
Memory usage before reset: 8550.703125 MiB (Increase: 0.0 MiB)
Memory usage after reset: 8550.703125 MiB (Increase: 0.0 MiB)
Current lengths of episodes: [154]
Memory usage at done (index 0, length 154, since_prev 154): 8550.703125 MiB (Increase: 0.0 MiB)
Memory usage before reset: 8550.703125 MiB (Increase: 0.0 MiB)
Memory usage after reset: 8550.703125 MiB (Increase: 0.0 MiB)
Current lengths of episodes: [1600]
Memory usage at done (index 0, length 1600, since_prev 1600): 8550.703125 MiB (Increase: 0.0 MiB)
Memory usage before reset: 8550.703125 MiB (Increase: 0.0 MiB)
Memory usage after reset: 8550.703125 MiB (Increase: 0.0 MiB)
Current lengths of episodes: [67]
Memory usage at done (index 0, length 67, since_prev 67): 8550.703125 MiB (Increase: 0.0 MiB)
Memory usage before reset: 8550.703125 MiB (Increase: 0.0 MiB)
Memory usage after reset: 8550.703125 MiB (Increase: 0.0 MiB)
Current lengths of episodes: [74]
Memory usage at done (index 0, length 74, since_prev 74): 8550.703125 MiB (Increase: 0.0 MiB)
Memory usage before reset: 8550.703125 MiB (Increase: 0.0 MiB)
Memory usage after reset: 8550.703125 MiB (Increase: 0.0 MiB)
Current lengths of episodes: [1600]
Memory usage at done (index 0, length 1600, since_prev 1600): 8550.703125 MiB (Increase: 0.0 MiB)
Memory usage before reset: 8550.703125 MiB (Increase: 0.0 MiB)
Memory usage after reset: 8550.703125 MiB (Increase: 0.0 MiB)
Current lengths of episodes: [1600]
Memory usage at done (index 0, length 1600, since_prev 1600): 8550.703125 MiB (Increase: 0.0 MiB)
Memory usage before reset: 8550.703125 MiB (Increase: 0.0 MiB)
Memory usage after reset: 8550.703125 MiB (Increase: 0.0 MiB)
Current lengths of episodes: [1600]
Memory usage at done (index 0, length 1600, since_prev 1600): 8550.703125 MiB (Increase: 0.0 MiB)
Memory usage before reset: 8550.703125 MiB (Increase: 0.0 MiB)
Memory usage after reset: 8550.703125 MiB (Increase: 0.0 MiB)
Current lengths of episodes: [1600]
Memory usage at done (index 0, length 1600, since_prev 1600): 8550.703125 MiB (Increase: 0.0 MiB)
Memory usage before reset: 8550.703125 MiB (Increase: 0.0 MiB)
Memory usage after reset: 8550.703125 MiB (Increase: 0.0 MiB)
Training episode 350
Memory usage at middle: 8550.703125 MiB (Increase: 0.0 MiB)
Memory usage before collect: 8550.703125 MiB (Increase: 0.0 MiB)
Memory usage after collect: 8550.703125 MiB (Increase: 0.0 MiB)
Episode 350	Average evaluation: -97.90014355596341
Memory usage before initialization: 8550.703125 MiB (Increase: 0.0 MiB)
Memory usage after initialization: 8550.703125 MiB (Increase: 0.0 MiB)
Current lengths of episodes: [60]
Memory usage at done (index 0, length 60, since_prev 60): 8550.703125 MiB (Increase: 0.0 MiB)
Memory usage before reset: 8550.703125 MiB (Increase: 0.0 MiB)
Memory usage after reset: 8550.703125 MiB (Increase: 0.0 MiB)
Current lengths of episodes: [1600]
Memory usage at done (index 0, length 1600, since_prev 1600): 8550.703125 MiB (Increase: 0.0 MiB)
Memory usage before reset: 8550.703125 MiB (Increase: 0.0 MiB)
Memory usage after reset: 8550.703125 MiB (Increase: 0.0 MiB)
Current lengths of episodes: [74]
Memory usage at done (index 0, length 74, since_prev 74): 8550.703125 MiB (Increase: 0.0 MiB)
Memory usage before reset: 8550.703125 MiB (Increase: 0.0 MiB)
Memory usage after reset: 8550.703125 MiB (Increase: 0.0 MiB)
Current lengths of episodes: [1600]
Memory usage at done (index 0, length 1600, since_prev 1600): 8550.703125 MiB (Increase: 0.0 MiB)
Memory usage before reset: 8550.703125 MiB (Increase: 0.0 MiB)
Memory usage after reset: 8550.703125 MiB (Increase: 0.0 MiB)
Current lengths of episodes: [99]
Memory usage at done (index 0, length 99, since_prev 99): 8550.703125 MiB (Increase: 0.0 MiB)
Memory usage before reset: 8550.703125 MiB (Increase: 0.0 MiB)
Memory usage after reset: 8550.703125 MiB (Increase: 0.0 MiB)
Current lengths of episodes: [1600]
Memory usage at done (index 0, length 1600, since_prev 1600): 8550.703125 MiB (Increase: 0.0 MiB)
Memory usage before reset: 8550.703125 MiB (Increase: 0.0 MiB)
Memory usage after reset: 8550.703125 MiB (Increase: 0.0 MiB)
Current lengths of episodes: [1600]
Memory usage at done (index 0, length 1600, since_prev 1600): 8550.703125 MiB (Increase: 0.0 MiB)
Memory usage before reset: 8550.703125 MiB (Increase: 0.0 MiB)
Memory usage after reset: 8550.703125 MiB (Increase: 0.0 MiB)
Current lengths of episodes: [64]
Memory usage at done (index 0, length 64, since_prev 64): 8550.703125 MiB (Increase: 0.0 MiB)
Memory usage before reset: 8550.703125 MiB (Increase: 0.0 MiB)
Memory usage after reset: 8550.703125 MiB (Increase: 0.0 MiB)
Current lengths of episodes: [70]
Memory usage at done (index 0, length 70, since_prev 70): 8550.703125 MiB (Increase: 0.0 MiB)
Memory usage before reset: 8550.703125 MiB (Increase: 0.0 MiB)
Memory usage after reset: 8550.703125 MiB (Increase: 0.0 MiB)
Current lengths of episodes: [130]
Memory usage at done (index 0, length 130, since_prev 130): 8550.703125 MiB (Increase: 0.0 MiB)
Memory usage before reset: 8550.703125 MiB (Increase: 0.0 MiB)
Memory usage after reset: 8550.703125 MiB (Increase: 0.0 MiB)
Training episode 360
Memory usage at middle: 8550.703125 MiB (Increase: 0.0 MiB)
Memory usage before collect: 8550.703125 MiB (Increase: 0.0 MiB)
Memory usage after collect: 8550.703125 MiB (Increase: 0.0 MiB)
Memory usage before initialization: 8550.703125 MiB (Increase: 0.0 MiB)
Memory usage after initialization: 8550.703125 MiB (Increase: 0.0 MiB)
Current lengths of episodes: [38]
Memory usage at done (index 0, length 38, since_prev 38): 8550.703125 MiB (Increase: 0.0 MiB)
Memory usage before reset: 8550.703125 MiB (Increase: 0.0 MiB)
Memory usage after reset: 8550.703125 MiB (Increase: 0.0 MiB)
Current lengths of episodes: [1600]
Memory usage at done (index 0, length 1600, since_prev 1600): 8550.703125 MiB (Increase: 0.0 MiB)
Memory usage before reset: 8550.703125 MiB (Increase: 0.0 MiB)
Memory usage after reset: 8550.703125 MiB (Increase: 0.0 MiB)
Current lengths of episodes: [1600]
Memory usage at done (index 0, length 1600, since_prev 1600): 8550.703125 MiB (Increase: 0.0 MiB)
Memory usage before reset: 8550.703125 MiB (Increase: 0.0 MiB)
Memory usage after reset: 8550.703125 MiB (Increase: 0.0 MiB)
Current lengths of episodes: [281]
Memory usage at done (index 0, length 281, since_prev 281): 8550.703125 MiB (Increase: 0.0 MiB)
Memory usage before reset: 8550.703125 MiB (Increase: 0.0 MiB)
Memory usage after reset: 8550.703125 MiB (Increase: 0.0 MiB)
Current lengths of episodes: [77]
Memory usage at done (index 0, length 77, since_prev 77): 8550.703125 MiB (Increase: 0.0 MiB)
Memory usage before reset: 8550.703125 MiB (Increase: 0.0 MiB)
Memory usage after reset: 8550.703125 MiB (Increase: 0.0 MiB)
Current lengths of episodes: [75]
Memory usage at done (index 0, length 75, since_prev 75): 8550.703125 MiB (Increase: 0.0 MiB)
Memory usage before reset: 8550.703125 MiB (Increase: 0.0 MiB)
Memory usage after reset: 8550.703125 MiB (Increase: 0.0 MiB)
Current lengths of episodes: [1600]
Memory usage at done (index 0, length 1600, since_prev 1600): 8550.703125 MiB (Increase: 0.0 MiB)
Memory usage before reset: 8550.703125 MiB (Increase: 0.0 MiB)
Memory usage after reset: 8550.703125 MiB (Increase: 0.0 MiB)
Current lengths of episodes: [51]
Memory usage at done (index 0, length 51, since_prev 51): 8550.703125 MiB (Increase: 0.0 MiB)
Memory usage before reset: 8550.703125 MiB (Increase: 0.0 MiB)
Memory usage after reset: 8550.703125 MiB (Increase: 0.0 MiB)
Current lengths of episodes: [1600]
Memory usage at done (index 0, length 1600, since_prev 1600): 8550.703125 MiB (Increase: 0.0 MiB)
Memory usage before reset: 8550.703125 MiB (Increase: 0.0 MiB)
Memory usage after reset: 8550.703125 MiB (Increase: 0.0 MiB)
Current lengths of episodes: [40]
Memory usage at done (index 0, length 40, since_prev 40): 8550.703125 MiB (Increase: 0.0 MiB)
Memory usage before reset: 8550.703125 MiB (Increase: 0.0 MiB)
Memory usage after reset: 8550.703125 MiB (Increase: 0.0 MiB)
Training episode 370
Memory usage at middle: 8550.703125 MiB (Increase: 0.0 MiB)
Memory usage before collect: 8550.703125 MiB (Increase: 0.0 MiB)
Memory usage after collect: 8550.703125 MiB (Increase: 0.0 MiB)
Memory usage before initialization: 8550.703125 MiB (Increase: 0.0 MiB)
Memory usage after initialization: 8550.703125 MiB (Increase: 0.0 MiB)
Current lengths of episodes: [54]
Memory usage at done (index 0, length 54, since_prev 54): 8550.703125 MiB (Increase: 0.0 MiB)
Memory usage before reset: 8550.703125 MiB (Increase: 0.0 MiB)
Memory usage after reset: 8550.703125 MiB (Increase: 0.0 MiB)
Current lengths of episodes: [753]
Memory usage at done (index 0, length 753, since_prev 753): 8550.703125 MiB (Increase: 0.0 MiB)
Memory usage before reset: 8550.703125 MiB (Increase: 0.0 MiB)
Memory usage after reset: 8550.703125 MiB (Increase: 0.0 MiB)
Current lengths of episodes: [72]
Memory usage at done (index 0, length 72, since_prev 72): 8550.703125 MiB (Increase: 0.0 MiB)
Memory usage before reset: 8550.703125 MiB (Increase: 0.0 MiB)
Memory usage after reset: 8550.703125 MiB (Increase: 0.0 MiB)
Current lengths of episodes: [88]
Memory usage at done (index 0, length 88, since_prev 88): 8550.703125 MiB (Increase: 0.0 MiB)
Memory usage before reset: 8550.703125 MiB (Increase: 0.0 MiB)
Memory usage after reset: 8550.703125 MiB (Increase: 0.0 MiB)
Current lengths of episodes: [55]
Memory usage at done (index 0, length 55, since_prev 55): 8550.703125 MiB (Increase: 0.0 MiB)
Memory usage before reset: 8550.703125 MiB (Increase: 0.0 MiB)
Memory usage after reset: 8550.703125 MiB (Increase: 0.0 MiB)
Current lengths of episodes: [1600]
Memory usage at done (index 0, length 1600, since_prev 1600): 8550.703125 MiB (Increase: 0.0 MiB)
Memory usage before reset: 8550.703125 MiB (Increase: 0.0 MiB)
Memory usage after reset: 8550.703125 MiB (Increase: 0.0 MiB)
Current lengths of episodes: [337]
Memory usage at done (index 0, length 337, since_prev 337): 8550.703125 MiB (Increase: 0.0 MiB)
Memory usage before reset: 8550.703125 MiB (Increase: 0.0 MiB)
Memory usage after reset: 8550.703125 MiB (Increase: 0.0 MiB)
Current lengths of episodes: [1600]
Memory usage at done (index 0, length 1600, since_prev 1600): 8550.703125 MiB (Increase: 0.0 MiB)
Memory usage before reset: 8550.703125 MiB (Increase: 0.0 MiB)
Memory usage after reset: 8550.703125 MiB (Increase: 0.0 MiB)
Current lengths of episodes: [1600]
Memory usage at done (index 0, length 1600, since_prev 1600): 8550.703125 MiB (Increase: 0.0 MiB)
Memory usage before reset: 8550.703125 MiB (Increase: 0.0 MiB)
Memory usage after reset: 8550.703125 MiB (Increase: 0.0 MiB)
Current lengths of episodes: [66]
Memory usage at done (index 0, length 66, since_prev 66): 8550.703125 MiB (Increase: 0.0 MiB)
Memory usage before reset: 8550.703125 MiB (Increase: 0.0 MiB)
Memory usage after reset: 8550.703125 MiB (Increase: 0.0 MiB)
Training episode 380
Memory usage at middle: 8550.703125 MiB (Increase: 0.0 MiB)
Memory usage before collect: 8550.703125 MiB (Increase: 0.0 MiB)
Memory usage after collect: 8550.703125 MiB (Increase: 0.0 MiB)
Memory usage before initialization: 8550.703125 MiB (Increase: 0.0 MiB)
Memory usage after initialization: 8550.703125 MiB (Increase: 0.0 MiB)
Current lengths of episodes: [1600]
Memory usage at done (index 0, length 1600, since_prev 1600): 8550.703125 MiB (Increase: 0.0 MiB)
Memory usage before reset: 8550.703125 MiB (Increase: 0.0 MiB)
Memory usage after reset: 8550.703125 MiB (Increase: 0.0 MiB)
Current lengths of episodes: [69]
Memory usage at done (index 0, length 69, since_prev 69): 8550.703125 MiB (Increase: 0.0 MiB)
Memory usage before reset: 8550.703125 MiB (Increase: 0.0 MiB)
Memory usage after reset: 8550.703125 MiB (Increase: 0.0 MiB)
Current lengths of episodes: [1600]
Memory usage at done (index 0, length 1600, since_prev 1600): 8550.703125 MiB (Increase: 0.0 MiB)
Memory usage before reset: 8550.703125 MiB (Increase: 0.0 MiB)
Memory usage after reset: 8550.703125 MiB (Increase: 0.0 MiB)
Current lengths of episodes: [1600]
Memory usage at done (index 0, length 1600, since_prev 1600): 8550.703125 MiB (Increase: 0.0 MiB)
Memory usage before reset: 8550.703125 MiB (Increase: 0.0 MiB)
Memory usage after reset: 8550.703125 MiB (Increase: 0.0 MiB)
Current lengths of episodes: [123]
Memory usage at done (index 0, length 123, since_prev 123): 8550.703125 MiB (Increase: 0.0 MiB)
Memory usage before reset: 8550.703125 MiB (Increase: 0.0 MiB)
Memory usage after reset: 8550.703125 MiB (Increase: 0.0 MiB)
Current lengths of episodes: [88]
Memory usage at done (index 0, length 88, since_prev 88): 8550.703125 MiB (Increase: 0.0 MiB)
Memory usage before reset: 8550.703125 MiB (Increase: 0.0 MiB)
Memory usage after reset: 8550.703125 MiB (Increase: 0.0 MiB)
Current lengths of episodes: [1600]
Memory usage at done (index 0, length 1600, since_prev 1600): 8550.703125 MiB (Increase: 0.0 MiB)
Memory usage before reset: 8550.703125 MiB (Increase: 0.0 MiB)
Memory usage after reset: 8550.703125 MiB (Increase: 0.0 MiB)
Current lengths of episodes: [1600]
Memory usage at done (index 0, length 1600, since_prev 1600): 8550.703125 MiB (Increase: 0.0 MiB)
Memory usage before reset: 8550.703125 MiB (Increase: 0.0 MiB)
Memory usage after reset: 8550.703125 MiB (Increase: 0.0 MiB)
Current lengths of episodes: [461]
Memory usage at done (index 0, length 461, since_prev 461): 8550.703125 MiB (Increase: 0.0 MiB)
Memory usage before reset: 8550.703125 MiB (Increase: 0.0 MiB)
Memory usage after reset: 8550.703125 MiB (Increase: 0.0 MiB)
Current lengths of episodes: [68]
Memory usage at done (index 0, length 68, since_prev 68): 8550.703125 MiB (Increase: 0.0 MiB)
Memory usage before reset: 8550.703125 MiB (Increase: 0.0 MiB)
Memory usage after reset: 8550.703125 MiB (Increase: 0.0 MiB)
Training episode 390
Memory usage at middle: 8550.703125 MiB (Increase: 0.0 MiB)
Memory usage before collect: 8550.703125 MiB (Increase: 0.0 MiB)
Memory usage after collect: 8550.703125 MiB (Increase: 0.0 MiB)
Memory usage before initialization: 8550.703125 MiB (Increase: 0.0 MiB)
Memory usage after initialization: 8550.703125 MiB (Increase: 0.0 MiB)
Current lengths of episodes: [87]
Memory usage at done (index 0, length 87, since_prev 87): 8550.703125 MiB (Increase: 0.0 MiB)
Memory usage before reset: 8550.703125 MiB (Increase: 0.0 MiB)
Memory usage after reset: 8550.703125 MiB (Increase: 0.0 MiB)
Current lengths of episodes: [1600]
Memory usage at done (index 0, length 1600, since_prev 1600): 8550.703125 MiB (Increase: 0.0 MiB)
Memory usage before reset: 8550.703125 MiB (Increase: 0.0 MiB)
Memory usage after reset: 8550.703125 MiB (Increase: 0.0 MiB)
Current lengths of episodes: [754]
Memory usage at done (index 0, length 754, since_prev 754): 8550.703125 MiB (Increase: 0.0 MiB)
Memory usage before reset: 8550.703125 MiB (Increase: 0.0 MiB)
Memory usage after reset: 8550.703125 MiB (Increase: 0.0 MiB)
Current lengths of episodes: [1600]
Memory usage at done (index 0, length 1600, since_prev 1600): 8550.703125 MiB (Increase: 0.0 MiB)
Memory usage before reset: 8550.703125 MiB (Increase: 0.0 MiB)
Memory usage after reset: 8550.703125 MiB (Increase: 0.0 MiB)
Current lengths of episodes: [56]
Memory usage at done (index 0, length 56, since_prev 56): 8550.703125 MiB (Increase: 0.0 MiB)
Memory usage before reset: 8550.703125 MiB (Increase: 0.0 MiB)
Memory usage after reset: 8550.703125 MiB (Increase: 0.0 MiB)
Current lengths of episodes: [1600]
Memory usage at done (index 0, length 1600, since_prev 1600): 8550.703125 MiB (Increase: 0.0 MiB)
Memory usage before reset: 8550.703125 MiB (Increase: 0.0 MiB)
Memory usage after reset: 8550.703125 MiB (Increase: 0.0 MiB)
Current lengths of episodes: [1600]
Memory usage at done (index 0, length 1600, since_prev 1600): 8550.703125 MiB (Increase: 0.0 MiB)
Memory usage before reset: 8550.703125 MiB (Increase: 0.0 MiB)
Memory usage after reset: 8550.703125 MiB (Increase: 0.0 MiB)
Current lengths of episodes: [68]
Memory usage at done (index 0, length 68, since_prev 68): 8550.703125 MiB (Increase: 0.0 MiB)
Memory usage before reset: 8550.703125 MiB (Increase: 0.0 MiB)
Memory usage after reset: 8550.703125 MiB (Increase: 0.0 MiB)
Current lengths of episodes: [50]
Memory usage at done (index 0, length 50, since_prev 50): 8550.703125 MiB (Increase: 0.0 MiB)
Memory usage before reset: 8550.703125 MiB (Increase: 0.0 MiB)
Memory usage after reset: 8550.703125 MiB (Increase: 0.0 MiB)
Current lengths of episodes: [124]
Memory usage at done (index 0, length 124, since_prev 124): 8550.703125 MiB (Increase: 0.0 MiB)
Memory usage before reset: 8550.703125 MiB (Increase: 0.0 MiB)
Memory usage after reset: 8550.703125 MiB (Increase: 0.0 MiB)
Training episode 400
Memory usage at middle: 8550.703125 MiB (Increase: 0.0 MiB)
Memory usage before collect: 8550.703125 MiB (Increase: 0.0 MiB)
Memory usage after collect: 8550.703125 MiB (Increase: 0.0 MiB)
Episode 400	Average evaluation: -97.79521834796654
Memory usage before initialization: 8550.703125 MiB (Increase: 0.0 MiB)
Memory usage after initialization: 8550.703125 MiB (Increase: 0.0 MiB)
Current lengths of episodes: [1600]
Memory usage at done (index 0, length 1600, since_prev 1600): 8550.703125 MiB (Increase: 0.0 MiB)
Memory usage before reset: 8550.703125 MiB (Increase: 0.0 MiB)
Memory usage after reset: 8550.703125 MiB (Increase: 0.0 MiB)
Current lengths of episodes: [1600]
Memory usage at done (index 0, length 1600, since_prev 1600): 8550.703125 MiB (Increase: 0.0 MiB)
Memory usage before reset: 8550.703125 MiB (Increase: 0.0 MiB)
Memory usage after reset: 8550.703125 MiB (Increase: 0.0 MiB)
Current lengths of episodes: [1600]
Memory usage at done (index 0, length 1600, since_prev 1600): 8550.703125 MiB (Increase: 0.0 MiB)
Memory usage before reset: 8550.703125 MiB (Increase: 0.0 MiB)
Memory usage after reset: 8550.703125 MiB (Increase: 0.0 MiB)
Current lengths of episodes: [1600]
Memory usage at done (index 0, length 1600, since_prev 1600): 8550.703125 MiB (Increase: 0.0 MiB)
Memory usage before reset: 8550.703125 MiB (Increase: 0.0 MiB)
Memory usage after reset: 8550.703125 MiB (Increase: 0.0 MiB)
Current lengths of episodes: [71]
Memory usage at done (index 0, length 71, since_prev 71): 8550.703125 MiB (Increase: 0.0 MiB)
Memory usage before reset: 8550.703125 MiB (Increase: 0.0 MiB)
Memory usage after reset: 8550.703125 MiB (Increase: 0.0 MiB)
Current lengths of episodes: [1600]
Memory usage at done (index 0, length 1600, since_prev 1600): 8550.703125 MiB (Increase: 0.0 MiB)
Memory usage before reset: 8550.703125 MiB (Increase: 0.0 MiB)
Memory usage after reset: 8550.703125 MiB (Increase: 0.0 MiB)
Current lengths of episodes: [64]
Memory usage at done (index 0, length 64, since_prev 64): 8550.703125 MiB (Increase: 0.0 MiB)
Memory usage before reset: 8550.703125 MiB (Increase: 0.0 MiB)
Memory usage after reset: 8550.703125 MiB (Increase: 0.0 MiB)
Current lengths of episodes: [67]
Memory usage at done (index 0, length 67, since_prev 67): 8550.703125 MiB (Increase: 0.0 MiB)
Memory usage before reset: 8550.703125 MiB (Increase: 0.0 MiB)
Memory usage after reset: 8550.703125 MiB (Increase: 0.0 MiB)
Current lengths of episodes: [58]
Memory usage at done (index 0, length 58, since_prev 58): 8550.703125 MiB (Increase: 0.0 MiB)
Memory usage before reset: 8550.703125 MiB (Increase: 0.0 MiB)
Memory usage after reset: 8550.703125 MiB (Increase: 0.0 MiB)
Current lengths of episodes: [76]
Memory usage at done (index 0, length 76, since_prev 76): 8550.703125 MiB (Increase: 0.0 MiB)
Memory usage before reset: 8550.703125 MiB (Increase: 0.0 MiB)
Memory usage after reset: 8550.703125 MiB (Increase: 0.0 MiB)
Training episode 410
Memory usage at middle: 8550.703125 MiB (Increase: 0.0 MiB)
Memory usage before collect: 8550.703125 MiB (Increase: 0.0 MiB)
Memory usage after collect: 8550.703125 MiB (Increase: 0.0 MiB)
Memory usage before initialization: 8550.703125 MiB (Increase: 0.0 MiB)
Memory usage after initialization: 8550.703125 MiB (Increase: 0.0 MiB)
Current lengths of episodes: [139]
Memory usage at done (index 0, length 139, since_prev 139): 8550.703125 MiB (Increase: 0.0 MiB)
Memory usage before reset: 8550.703125 MiB (Increase: 0.0 MiB)
Memory usage after reset: 8550.703125 MiB (Increase: 0.0 MiB)
Current lengths of episodes: [1600]
Memory usage at done (index 0, length 1600, since_prev 1600): 8550.703125 MiB (Increase: 0.0 MiB)
Memory usage before reset: 8550.703125 MiB (Increase: 0.0 MiB)
Memory usage after reset: 8550.703125 MiB (Increase: 0.0 MiB)
Current lengths of episodes: [1600]
Memory usage at done (index 0, length 1600, since_prev 1600): 8550.703125 MiB (Increase: 0.0 MiB)
Memory usage before reset: 8550.703125 MiB (Increase: 0.0 MiB)
Memory usage after reset: 8550.703125 MiB (Increase: 0.0 MiB)
Current lengths of episodes: [107]
Memory usage at done (index 0, length 107, since_prev 107): 8550.703125 MiB (Increase: 0.0 MiB)
Memory usage before reset: 8550.703125 MiB (Increase: 0.0 MiB)
Memory usage after reset: 8550.703125 MiB (Increase: 0.0 MiB)
Current lengths of episodes: [1600]
Memory usage at done (index 0, length 1600, since_prev 1600): 8550.703125 MiB (Increase: 0.0 MiB)
Memory usage before reset: 8550.703125 MiB (Increase: 0.0 MiB)
Memory usage after reset: 8550.703125 MiB (Increase: 0.0 MiB)
Current lengths of episodes: [431]
Memory usage at done (index 0, length 431, since_prev 431): 8550.703125 MiB (Increase: 0.0 MiB)
Memory usage before reset: 8550.703125 MiB (Increase: 0.0 MiB)
Memory usage after reset: 8550.703125 MiB (Increase: 0.0 MiB)
Current lengths of episodes: [1600]
Memory usage at done (index 0, length 1600, since_prev 1600): 8550.703125 MiB (Increase: 0.0 MiB)
Memory usage before reset: 8550.703125 MiB (Increase: 0.0 MiB)
Memory usage after reset: 8550.703125 MiB (Increase: 0.0 MiB)
Current lengths of episodes: [168]
Memory usage at done (index 0, length 168, since_prev 168): 8550.703125 MiB (Increase: 0.0 MiB)
Memory usage before reset: 8550.703125 MiB (Increase: 0.0 MiB)
Memory usage after reset: 8550.703125 MiB (Increase: 0.0 MiB)
Current lengths of episodes: [1600]
Memory usage at done (index 0, length 1600, since_prev 1600): 8550.703125 MiB (Increase: 0.0 MiB)
Memory usage before reset: 8550.703125 MiB (Increase: 0.0 MiB)
Memory usage after reset: 8550.703125 MiB (Increase: 0.0 MiB)
Current lengths of episodes: [79]
Memory usage at done (index 0, length 79, since_prev 79): 8550.703125 MiB (Increase: 0.0 MiB)
Memory usage before reset: 8550.703125 MiB (Increase: 0.0 MiB)
Memory usage after reset: 8550.703125 MiB (Increase: 0.0 MiB)
Training episode 420
Memory usage at middle: 8550.703125 MiB (Increase: 0.0 MiB)
Memory usage before collect: 8550.703125 MiB (Increase: 0.0 MiB)
Memory usage after collect: 8550.703125 MiB (Increase: 0.0 MiB)
Memory usage before initialization: 8550.703125 MiB (Increase: 0.0 MiB)
Memory usage after initialization: 8550.703125 MiB (Increase: 0.0 MiB)
Current lengths of episodes: [1600]
Memory usage at done (index 0, length 1600, since_prev 1600): 8550.703125 MiB (Increase: 0.0 MiB)
Memory usage before reset: 8550.703125 MiB (Increase: 0.0 MiB)
Memory usage after reset: 8550.703125 MiB (Increase: 0.0 MiB)
Current lengths of episodes: [96]
Memory usage at done (index 0, length 96, since_prev 96): 8550.703125 MiB (Increase: 0.0 MiB)
Memory usage before reset: 8550.703125 MiB (Increase: 0.0 MiB)
Memory usage after reset: 8550.703125 MiB (Increase: 0.0 MiB)
Current lengths of episodes: [1600]
Memory usage at done (index 0, length 1600, since_prev 1600): 8550.703125 MiB (Increase: 0.0 MiB)
Memory usage before reset: 8550.703125 MiB (Increase: 0.0 MiB)
Memory usage after reset: 8550.703125 MiB (Increase: 0.0 MiB)
Current lengths of episodes: [1189]
Memory usage at done (index 0, length 1189, since_prev 1189): 8550.703125 MiB (Increase: 0.0 MiB)
Memory usage before reset: 8550.703125 MiB (Increase: 0.0 MiB)
Memory usage after reset: 8550.703125 MiB (Increase: 0.0 MiB)
Current lengths of episodes: [1600]
Memory usage at done (index 0, length 1600, since_prev 1600): 8550.703125 MiB (Increase: 0.0 MiB)
Memory usage before reset: 8550.703125 MiB (Increase: 0.0 MiB)
Memory usage after reset: 8550.703125 MiB (Increase: 0.0 MiB)
Current lengths of episodes: [68]
Memory usage at done (index 0, length 68, since_prev 68): 8550.703125 MiB (Increase: 0.0 MiB)
Memory usage before reset: 8550.703125 MiB (Increase: 0.0 MiB)
Memory usage after reset: 8550.703125 MiB (Increase: 0.0 MiB)
Current lengths of episodes: [58]
Memory usage at done (index 0, length 58, since_prev 58): 8550.703125 MiB (Increase: 0.0 MiB)
Memory usage before reset: 8550.703125 MiB (Increase: 0.0 MiB)
Memory usage after reset: 8550.703125 MiB (Increase: 0.0 MiB)
Current lengths of episodes: [1600]
Memory usage at done (index 0, length 1600, since_prev 1600): 8550.703125 MiB (Increase: 0.0 MiB)
Memory usage before reset: 8550.703125 MiB (Increase: 0.0 MiB)
Memory usage after reset: 8550.703125 MiB (Increase: 0.0 MiB)
Current lengths of episodes: [94]
Memory usage at done (index 0, length 94, since_prev 94): 8550.703125 MiB (Increase: 0.0 MiB)
Memory usage before reset: 8550.703125 MiB (Increase: 0.0 MiB)
Memory usage after reset: 8550.703125 MiB (Increase: 0.0 MiB)
Current lengths of episodes: [1600]
Memory usage at done (index 0, length 1600, since_prev 1600): 8550.703125 MiB (Increase: 0.0 MiB)
Memory usage before reset: 8550.703125 MiB (Increase: 0.0 MiB)
Memory usage after reset: 8550.703125 MiB (Increase: 0.0 MiB)
Training episode 430
Memory usage at middle: 8550.703125 MiB (Increase: 0.0 MiB)
Memory usage before collect: 8550.703125 MiB (Increase: 0.0 MiB)
Memory usage after collect: 8550.703125 MiB (Increase: 0.0 MiB)
Memory usage before initialization: 8550.703125 MiB (Increase: 0.0 MiB)
Memory usage after initialization: 8550.703125 MiB (Increase: 0.0 MiB)
Current lengths of episodes: [108]
Memory usage at done (index 0, length 108, since_prev 108): 8550.703125 MiB (Increase: 0.0 MiB)
Memory usage before reset: 8550.703125 MiB (Increase: 0.0 MiB)
Memory usage after reset: 8550.703125 MiB (Increase: 0.0 MiB)
Current lengths of episodes: [1600]
Memory usage at done (index 0, length 1600, since_prev 1600): 8550.703125 MiB (Increase: 0.0 MiB)
Memory usage before reset: 8550.703125 MiB (Increase: 0.0 MiB)
Memory usage after reset: 8550.703125 MiB (Increase: 0.0 MiB)
Current lengths of episodes: [86]
Memory usage at done (index 0, length 86, since_prev 86): 8550.703125 MiB (Increase: 0.0 MiB)
Memory usage before reset: 8550.703125 MiB (Increase: 0.0 MiB)
Memory usage after reset: 8550.703125 MiB (Increase: 0.0 MiB)
Current lengths of episodes: [606]
Memory usage at done (index 0, length 606, since_prev 606): 8550.703125 MiB (Increase: 0.0 MiB)
Memory usage before reset: 8550.703125 MiB (Increase: 0.0 MiB)
Memory usage after reset: 8550.703125 MiB (Increase: 0.0 MiB)
Current lengths of episodes: [112]
Memory usage at done (index 0, length 112, since_prev 112): 8550.703125 MiB (Increase: 0.0 MiB)
Memory usage before reset: 8550.703125 MiB (Increase: 0.0 MiB)
Memory usage after reset: 8550.703125 MiB (Increase: 0.0 MiB)
Current lengths of episodes: [1600]
Memory usage at done (index 0, length 1600, since_prev 1600): 8550.703125 MiB (Increase: 0.0 MiB)
Memory usage before reset: 8550.703125 MiB (Increase: 0.0 MiB)
Memory usage after reset: 8550.703125 MiB (Increase: 0.0 MiB)
Current lengths of episodes: [1600]
Memory usage at done (index 0, length 1600, since_prev 1600): 8550.703125 MiB (Increase: 0.0 MiB)
Memory usage before reset: 8550.703125 MiB (Increase: 0.0 MiB)
Memory usage after reset: 8550.703125 MiB (Increase: 0.0 MiB)
Current lengths of episodes: [1600]
Memory usage at done (index 0, length 1600, since_prev 1600): 8550.703125 MiB (Increase: 0.0 MiB)
Memory usage before reset: 8550.703125 MiB (Increase: 0.0 MiB)
Memory usage after reset: 8550.703125 MiB (Increase: 0.0 MiB)
Current lengths of episodes: [1600]
Memory usage at done (index 0, length 1600, since_prev 1600): 8550.703125 MiB (Increase: 0.0 MiB)
Memory usage before reset: 8550.703125 MiB (Increase: 0.0 MiB)
Memory usage after reset: 8550.703125 MiB (Increase: 0.0 MiB)
Current lengths of episodes: [70]
Memory usage at done (index 0, length 70, since_prev 70): 8550.703125 MiB (Increase: 0.0 MiB)
Memory usage before reset: 8550.703125 MiB (Increase: 0.0 MiB)
Memory usage after reset: 8550.703125 MiB (Increase: 0.0 MiB)
Training episode 440
Memory usage at middle: 8550.703125 MiB (Increase: 0.0 MiB)
Memory usage before collect: 8550.703125 MiB (Increase: 0.0 MiB)
Memory usage after collect: 8550.703125 MiB (Increase: 0.0 MiB)
Memory usage before initialization: 8550.703125 MiB (Increase: 0.0 MiB)
Memory usage after initialization: 8550.703125 MiB (Increase: 0.0 MiB)
Current lengths of episodes: [52]
Memory usage at done (index 0, length 52, since_prev 52): 8550.703125 MiB (Increase: 0.0 MiB)
Memory usage before reset: 8550.703125 MiB (Increase: 0.0 MiB)
Memory usage after reset: 8550.703125 MiB (Increase: 0.0 MiB)
Current lengths of episodes: [96]
Memory usage at done (index 0, length 96, since_prev 96): 8550.703125 MiB (Increase: 0.0 MiB)
Memory usage before reset: 8550.703125 MiB (Increase: 0.0 MiB)
Memory usage after reset: 8550.703125 MiB (Increase: 0.0 MiB)
Current lengths of episodes: [43]
Memory usage at done (index 0, length 43, since_prev 43): 8550.703125 MiB (Increase: 0.0 MiB)
Memory usage before reset: 8550.703125 MiB (Increase: 0.0 MiB)
Memory usage after reset: 8550.703125 MiB (Increase: 0.0 MiB)
Current lengths of episodes: [96]
Memory usage at done (index 0, length 96, since_prev 96): 8550.703125 MiB (Increase: 0.0 MiB)
Memory usage before reset: 8550.703125 MiB (Increase: 0.0 MiB)
Memory usage after reset: 8550.703125 MiB (Increase: 0.0 MiB)
Current lengths of episodes: [1600]
Memory usage at done (index 0, length 1600, since_prev 1600): 8550.703125 MiB (Increase: 0.0 MiB)
Memory usage before reset: 8550.703125 MiB (Increase: 0.0 MiB)
Memory usage after reset: 8550.703125 MiB (Increase: 0.0 MiB)
Current lengths of episodes: [1600]
Memory usage at done (index 0, length 1600, since_prev 1600): 8550.703125 MiB (Increase: 0.0 MiB)
Memory usage before reset: 8550.703125 MiB (Increase: 0.0 MiB)
Memory usage after reset: 8550.703125 MiB (Increase: 0.0 MiB)
Current lengths of episodes: [43]
Memory usage at done (index 0, length 43, since_prev 43): 8550.703125 MiB (Increase: 0.0 MiB)
Memory usage before reset: 8550.703125 MiB (Increase: 0.0 MiB)
Memory usage after reset: 8550.703125 MiB (Increase: 0.0 MiB)
Current lengths of episodes: [47]
Memory usage at done (index 0, length 47, since_prev 47): 8550.703125 MiB (Increase: 0.0 MiB)
Memory usage before reset: 8550.703125 MiB (Increase: 0.0 MiB)
Memory usage after reset: 8550.703125 MiB (Increase: 0.0 MiB)
Current lengths of episodes: [1600]
Memory usage at done (index 0, length 1600, since_prev 1600): 8550.703125 MiB (Increase: 0.0 MiB)
Memory usage before reset: 8550.703125 MiB (Increase: 0.0 MiB)
Memory usage after reset: 8550.703125 MiB (Increase: 0.0 MiB)
Current lengths of episodes: [48]
Memory usage at done (index 0, length 48, since_prev 48): 8550.703125 MiB (Increase: 0.0 MiB)
Memory usage before reset: 8550.703125 MiB (Increase: 0.0 MiB)
Memory usage after reset: 8550.703125 MiB (Increase: 0.0 MiB)
Training episode 450
Memory usage at middle: 8550.703125 MiB (Increase: 0.0 MiB)
Memory usage before collect: 8550.703125 MiB (Increase: 0.0 MiB)
Memory usage after collect: 8550.703125 MiB (Increase: 0.0 MiB)
Episode 450	Average evaluation: -97.74266140987984
Memory usage before initialization: 8550.703125 MiB (Increase: 0.0 MiB)
Memory usage after initialization: 8550.703125 MiB (Increase: 0.0 MiB)
Current lengths of episodes: [245]
Memory usage at done (index 0, length 245, since_prev 245): 8550.703125 MiB (Increase: 0.0 MiB)
Memory usage before reset: 8550.703125 MiB (Increase: 0.0 MiB)
Memory usage after reset: 8550.703125 MiB (Increase: 0.0 MiB)
Current lengths of episodes: [74]
Memory usage at done (index 0, length 74, since_prev 74): 8550.703125 MiB (Increase: 0.0 MiB)
Memory usage before reset: 8550.703125 MiB (Increase: 0.0 MiB)
Memory usage after reset: 8550.703125 MiB (Increase: 0.0 MiB)
Current lengths of episodes: [1600]
Memory usage at done (index 0, length 1600, since_prev 1600): 8550.703125 MiB (Increase: 0.0 MiB)
Memory usage before reset: 8550.703125 MiB (Increase: 0.0 MiB)
Memory usage after reset: 8550.703125 MiB (Increase: 0.0 MiB)
Current lengths of episodes: [41]
Memory usage at done (index 0, length 41, since_prev 41): 8550.703125 MiB (Increase: 0.0 MiB)
Memory usage before reset: 8550.703125 MiB (Increase: 0.0 MiB)
Memory usage after reset: 8550.703125 MiB (Increase: 0.0 MiB)
Current lengths of episodes: [134]
Memory usage at done (index 0, length 134, since_prev 134): 8550.703125 MiB (Increase: 0.0 MiB)
Memory usage before reset: 8550.703125 MiB (Increase: 0.0 MiB)
Memory usage after reset: 8550.703125 MiB (Increase: 0.0 MiB)
Current lengths of episodes: [1600]
Memory usage at done (index 0, length 1600, since_prev 1600): 8550.703125 MiB (Increase: 0.0 MiB)
Memory usage before reset: 8550.703125 MiB (Increase: 0.0 MiB)
Memory usage after reset: 8550.703125 MiB (Increase: 0.0 MiB)
Current lengths of episodes: [1600]
Memory usage at done (index 0, length 1600, since_prev 1600): 8550.703125 MiB (Increase: 0.0 MiB)
Memory usage before reset: 8550.703125 MiB (Increase: 0.0 MiB)
Memory usage after reset: 8550.703125 MiB (Increase: 0.0 MiB)
Current lengths of episodes: [89]
Memory usage at done (index 0, length 89, since_prev 89): 8550.703125 MiB (Increase: 0.0 MiB)
Memory usage before reset: 8550.703125 MiB (Increase: 0.0 MiB)
Memory usage after reset: 8550.703125 MiB (Increase: 0.0 MiB)
Current lengths of episodes: [57]
Memory usage at done (index 0, length 57, since_prev 57): 8550.703125 MiB (Increase: 0.0 MiB)
Memory usage before reset: 8550.703125 MiB (Increase: 0.0 MiB)
Memory usage after reset: 8550.703125 MiB (Increase: 0.0 MiB)
Current lengths of episodes: [82]
Memory usage at done (index 0, length 82, since_prev 82): 8550.703125 MiB (Increase: 0.0 MiB)
Memory usage before reset: 8550.703125 MiB (Increase: 0.0 MiB)
Memory usage after reset: 8550.703125 MiB (Increase: 0.0 MiB)
Training episode 460
Memory usage at middle: 8550.703125 MiB (Increase: 0.0 MiB)
Memory usage before collect: 8550.703125 MiB (Increase: 0.0 MiB)
Memory usage after collect: 8550.703125 MiB (Increase: 0.0 MiB)
Memory usage before initialization: 8550.703125 MiB (Increase: 0.0 MiB)
Memory usage after initialization: 8550.703125 MiB (Increase: 0.0 MiB)
Current lengths of episodes: [1600]
Memory usage at done (index 0, length 1600, since_prev 1600): 8550.703125 MiB (Increase: 0.0 MiB)
Memory usage before reset: 8550.703125 MiB (Increase: 0.0 MiB)
Memory usage after reset: 8550.703125 MiB (Increase: 0.0 MiB)
Current lengths of episodes: [1600]
Memory usage at done (index 0, length 1600, since_prev 1600): 8550.703125 MiB (Increase: 0.0 MiB)
Memory usage before reset: 8550.703125 MiB (Increase: 0.0 MiB)
Memory usage after reset: 8550.703125 MiB (Increase: 0.0 MiB)
Current lengths of episodes: [64]
Memory usage at done (index 0, length 64, since_prev 64): 8550.703125 MiB (Increase: 0.0 MiB)
Memory usage before reset: 8550.703125 MiB (Increase: 0.0 MiB)
Memory usage after reset: 8550.703125 MiB (Increase: 0.0 MiB)
Current lengths of episodes: [47]
Memory usage at done (index 0, length 47, since_prev 47): 8550.703125 MiB (Increase: 0.0 MiB)
Memory usage before reset: 8550.703125 MiB (Increase: 0.0 MiB)
Memory usage after reset: 8550.703125 MiB (Increase: 0.0 MiB)
Current lengths of episodes: [57]
Memory usage at done (index 0, length 57, since_prev 57): 8550.703125 MiB (Increase: 0.0 MiB)
Memory usage before reset: 8550.703125 MiB (Increase: 0.0 MiB)
Memory usage after reset: 8550.703125 MiB (Increase: 0.0 MiB)
Current lengths of episodes: [1600]
Memory usage at done (index 0, length 1600, since_prev 1600): 8550.703125 MiB (Increase: 0.0 MiB)
Memory usage before reset: 8550.703125 MiB (Increase: 0.0 MiB)
Memory usage after reset: 8550.703125 MiB (Increase: 0.0 MiB)
Current lengths of episodes: [1041]
Memory usage at done (index 0, length 1041, since_prev 1041): 8550.703125 MiB (Increase: 0.0 MiB)
Memory usage before reset: 8550.703125 MiB (Increase: 0.0 MiB)
Memory usage after reset: 8550.703125 MiB (Increase: 0.0 MiB)
Current lengths of episodes: [118]
Memory usage at done (index 0, length 118, since_prev 118): 8550.703125 MiB (Increase: 0.0 MiB)
Memory usage before reset: 8550.703125 MiB (Increase: 0.0 MiB)
Memory usage after reset: 8550.703125 MiB (Increase: 0.0 MiB)
Current lengths of episodes: [67]
Memory usage at done (index 0, length 67, since_prev 67): 8550.703125 MiB (Increase: 0.0 MiB)
Memory usage before reset: 8550.703125 MiB (Increase: 0.0 MiB)
Memory usage after reset: 8550.703125 MiB (Increase: 0.0 MiB)
Current lengths of episodes: [1600]
Memory usage at done (index 0, length 1600, since_prev 1600): 8550.703125 MiB (Increase: 0.0 MiB)
Memory usage before reset: 8550.703125 MiB (Increase: 0.0 MiB)
Memory usage after reset: 8550.703125 MiB (Increase: 0.0 MiB)
Training episode 470
Memory usage at middle: 8550.703125 MiB (Increase: 0.0 MiB)
Memory usage before collect: 8550.703125 MiB (Increase: 0.0 MiB)
Memory usage after collect: 8550.703125 MiB (Increase: 0.0 MiB)
Memory usage before initialization: 8550.703125 MiB (Increase: 0.0 MiB)
Memory usage after initialization: 8550.703125 MiB (Increase: 0.0 MiB)
Current lengths of episodes: [1600]
Memory usage at done (index 0, length 1600, since_prev 1600): 8550.703125 MiB (Increase: 0.0 MiB)
Memory usage before reset: 8550.703125 MiB (Increase: 0.0 MiB)
Memory usage after reset: 8550.703125 MiB (Increase: 0.0 MiB)
Current lengths of episodes: [78]
Memory usage at done (index 0, length 78, since_prev 78): 8550.703125 MiB (Increase: 0.0 MiB)
Memory usage before reset: 8550.703125 MiB (Increase: 0.0 MiB)
Memory usage after reset: 8550.703125 MiB (Increase: 0.0 MiB)
Current lengths of episodes: [56]
Memory usage at done (index 0, length 56, since_prev 56): 8550.703125 MiB (Increase: 0.0 MiB)
Memory usage before reset: 8550.703125 MiB (Increase: 0.0 MiB)
Memory usage after reset: 8550.703125 MiB (Increase: 0.0 MiB)
Current lengths of episodes: [1600]
Memory usage at done (index 0, length 1600, since_prev 1600): 8550.703125 MiB (Increase: 0.0 MiB)
Memory usage before reset: 8550.703125 MiB (Increase: 0.0 MiB)
Memory usage after reset: 8550.703125 MiB (Increase: 0.0 MiB)
Current lengths of episodes: [1600]
Memory usage at done (index 0, length 1600, since_prev 1600): 8550.703125 MiB (Increase: 0.0 MiB)
Memory usage before reset: 8550.703125 MiB (Increase: 0.0 MiB)
Memory usage after reset: 8550.703125 MiB (Increase: 0.0 MiB)
Current lengths of episodes: [1600]
Memory usage at done (index 0, length 1600, since_prev 1600): 8550.703125 MiB (Increase: 0.0 MiB)
Memory usage before reset: 8550.703125 MiB (Increase: 0.0 MiB)
Memory usage after reset: 8550.703125 MiB (Increase: 0.0 MiB)
Current lengths of episodes: [94]
Memory usage at done (index 0, length 94, since_prev 94): 8550.703125 MiB (Increase: 0.0 MiB)
Memory usage before reset: 8550.703125 MiB (Increase: 0.0 MiB)
Memory usage after reset: 8550.703125 MiB (Increase: 0.0 MiB)
Current lengths of episodes: [70]
Memory usage at done (index 0, length 70, since_prev 70): 8550.703125 MiB (Increase: 0.0 MiB)
Memory usage before reset: 8550.703125 MiB (Increase: 0.0 MiB)
Memory usage after reset: 8550.703125 MiB (Increase: 0.0 MiB)
Current lengths of episodes: [1600]
Memory usage at done (index 0, length 1600, since_prev 1600): 8550.703125 MiB (Increase: 0.0 MiB)
Memory usage before reset: 8550.703125 MiB (Increase: 0.0 MiB)
Memory usage after reset: 8550.703125 MiB (Increase: 0.0 MiB)
Current lengths of episodes: [1600]
Memory usage at done (index 0, length 1600, since_prev 1600): 8550.703125 MiB (Increase: 0.0 MiB)
Memory usage before reset: 8550.703125 MiB (Increase: 0.0 MiB)
Memory usage after reset: 8550.703125 MiB (Increase: 0.0 MiB)
Training episode 480
Memory usage at middle: 8550.703125 MiB (Increase: 0.0 MiB)
Memory usage before collect: 8550.703125 MiB (Increase: 0.0 MiB)
Memory usage after collect: 8550.703125 MiB (Increase: 0.0 MiB)
Memory usage before initialization: 8550.703125 MiB (Increase: 0.0 MiB)
Memory usage after initialization: 8550.703125 MiB (Increase: 0.0 MiB)
Current lengths of episodes: [1600]
Memory usage at done (index 0, length 1600, since_prev 1600): 8550.703125 MiB (Increase: 0.0 MiB)
Memory usage before reset: 8550.703125 MiB (Increase: 0.0 MiB)
Memory usage after reset: 8550.703125 MiB (Increase: 0.0 MiB)
Current lengths of episodes: [1600]
Memory usage at done (index 0, length 1600, since_prev 1600): 8550.703125 MiB (Increase: 0.0 MiB)
Memory usage before reset: 8550.703125 MiB (Increase: 0.0 MiB)
Memory usage after reset: 8550.703125 MiB (Increase: 0.0 MiB)
Current lengths of episodes: [82]
Memory usage at done (index 0, length 82, since_prev 82): 8550.703125 MiB (Increase: 0.0 MiB)
Memory usage before reset: 8550.703125 MiB (Increase: 0.0 MiB)
Memory usage after reset: 8550.703125 MiB (Increase: 0.0 MiB)
Current lengths of episodes: [1600]
Memory usage at done (index 0, length 1600, since_prev 1600): 8550.703125 MiB (Increase: 0.0 MiB)
Memory usage before reset: 8550.703125 MiB (Increase: 0.0 MiB)
Memory usage after reset: 8550.703125 MiB (Increase: 0.0 MiB)
Current lengths of episodes: [77]
Memory usage at done (index 0, length 77, since_prev 77): 8550.703125 MiB (Increase: 0.0 MiB)
Memory usage before reset: 8550.703125 MiB (Increase: 0.0 MiB)
Memory usage after reset: 8550.703125 MiB (Increase: 0.0 MiB)
Current lengths of episodes: [97]
Memory usage at done (index 0, length 97, since_prev 97): 8550.703125 MiB (Increase: 0.0 MiB)
Memory usage before reset: 8550.703125 MiB (Increase: 0.0 MiB)
Memory usage after reset: 8550.703125 MiB (Increase: 0.0 MiB)
Current lengths of episodes: [353]
Memory usage at done (index 0, length 353, since_prev 353): 8550.703125 MiB (Increase: 0.0 MiB)
Memory usage before reset: 8550.703125 MiB (Increase: 0.0 MiB)
Memory usage after reset: 8550.703125 MiB (Increase: 0.0 MiB)
Current lengths of episodes: [66]
Memory usage at done (index 0, length 66, since_prev 66): 8550.703125 MiB (Increase: 0.0 MiB)
Memory usage before reset: 8550.703125 MiB (Increase: 0.0 MiB)
Memory usage after reset: 8550.703125 MiB (Increase: 0.0 MiB)
Current lengths of episodes: [1600]
Memory usage at done (index 0, length 1600, since_prev 1600): 8550.703125 MiB (Increase: 0.0 MiB)
Memory usage before reset: 8550.703125 MiB (Increase: 0.0 MiB)
Memory usage after reset: 8550.703125 MiB (Increase: 0.0 MiB)
Current lengths of episodes: [68]
Memory usage at done (index 0, length 68, since_prev 68): 8550.703125 MiB (Increase: 0.0 MiB)
Memory usage before reset: 8550.703125 MiB (Increase: 0.0 MiB)
Memory usage after reset: 8550.703125 MiB (Increase: 0.0 MiB)
Training episode 490
Memory usage at middle: 8550.703125 MiB (Increase: 0.0 MiB)
Memory usage before collect: 8550.703125 MiB (Increase: 0.0 MiB)
Memory usage after collect: 8550.703125 MiB (Increase: 0.0 MiB)
Memory usage before initialization: 8550.703125 MiB (Increase: 0.0 MiB)
Memory usage after initialization: 8550.703125 MiB (Increase: 0.0 MiB)
Current lengths of episodes: [105]
Memory usage at done (index 0, length 105, since_prev 105): 8550.703125 MiB (Increase: 0.0 MiB)
Memory usage before reset: 8550.703125 MiB (Increase: 0.0 MiB)
Memory usage after reset: 8550.703125 MiB (Increase: 0.0 MiB)
Current lengths of episodes: [1600]
Memory usage at done (index 0, length 1600, since_prev 1600): 8550.703125 MiB (Increase: 0.0 MiB)
Memory usage before reset: 8550.703125 MiB (Increase: 0.0 MiB)
Memory usage after reset: 8550.703125 MiB (Increase: 0.0 MiB)
Current lengths of episodes: [77]
Memory usage at done (index 0, length 77, since_prev 77): 8550.703125 MiB (Increase: 0.0 MiB)
Memory usage before reset: 8550.703125 MiB (Increase: 0.0 MiB)
Memory usage after reset: 8550.703125 MiB (Increase: 0.0 MiB)
Current lengths of episodes: [1600]
Memory usage at done (index 0, length 1600, since_prev 1600): 8550.703125 MiB (Increase: 0.0 MiB)
Memory usage before reset: 8550.703125 MiB (Increase: 0.0 MiB)
Memory usage after reset: 8550.703125 MiB (Increase: 0.0 MiB)
Current lengths of episodes: [76]
Memory usage at done (index 0, length 76, since_prev 76): 8550.703125 MiB (Increase: 0.0 MiB)
Memory usage before reset: 8550.703125 MiB (Increase: 0.0 MiB)
Memory usage after reset: 8550.703125 MiB (Increase: 0.0 MiB)
Current lengths of episodes: [1600]
Memory usage at done (index 0, length 1600, since_prev 1600): 8550.703125 MiB (Increase: 0.0 MiB)
Memory usage before reset: 8550.703125 MiB (Increase: 0.0 MiB)
Memory usage after reset: 8550.703125 MiB (Increase: 0.0 MiB)
Current lengths of episodes: [247]
Memory usage at done (index 0, length 247, since_prev 247): 8550.703125 MiB (Increase: 0.0 MiB)
Memory usage before reset: 8550.703125 MiB (Increase: 0.0 MiB)
Memory usage after reset: 8550.703125 MiB (Increase: 0.0 MiB)
Current lengths of episodes: [1164]
Memory usage at done (index 0, length 1164, since_prev 1164): 8550.703125 MiB (Increase: 0.0 MiB)
Memory usage before reset: 8550.703125 MiB (Increase: 0.0 MiB)
Memory usage after reset: 8550.703125 MiB (Increase: 0.0 MiB)
Current lengths of episodes: [116]
Memory usage at done (index 0, length 116, since_prev 116): 8550.703125 MiB (Increase: 0.0 MiB)
Memory usage before reset: 8550.703125 MiB (Increase: 0.0 MiB)
Memory usage after reset: 8550.703125 MiB (Increase: 0.0 MiB)
Current lengths of episodes: [1600]
Memory usage at done (index 0, length 1600, since_prev 1600): 8550.703125 MiB (Increase: 0.0 MiB)
Memory usage before reset: 8550.703125 MiB (Increase: 0.0 MiB)
Memory usage after reset: 8550.703125 MiB (Increase: 0.0 MiB)
Training episode 500
Memory usage at middle: 8550.703125 MiB (Increase: 0.0 MiB)
Memory usage before collect: 8550.703125 MiB (Increase: 0.0 MiB)
Memory usage after collect: 8550.703125 MiB (Increase: 0.0 MiB)
Episode 500	Average evaluation: -97.97168254702724
Memory usage before initialization: 8550.703125 MiB (Increase: 0.0 MiB)
Memory usage after initialization: 8550.703125 MiB (Increase: 0.0 MiB)
Current lengths of episodes: [1600]
Memory usage at done (index 0, length 1600, since_prev 1600): 8550.703125 MiB (Increase: 0.0 MiB)
Memory usage before reset: 8550.703125 MiB (Increase: 0.0 MiB)
Memory usage after reset: 8550.703125 MiB (Increase: 0.0 MiB)
Current lengths of episodes: [1600]
Memory usage at done (index 0, length 1600, since_prev 1600): 8550.703125 MiB (Increase: 0.0 MiB)
Memory usage before reset: 8550.703125 MiB (Increase: 0.0 MiB)
Memory usage after reset: 8550.703125 MiB (Increase: 0.0 MiB)
Current lengths of episodes: [404]
Memory usage at done (index 0, length 404, since_prev 404): 8550.703125 MiB (Increase: 0.0 MiB)
Memory usage before reset: 8550.703125 MiB (Increase: 0.0 MiB)
Memory usage after reset: 8550.703125 MiB (Increase: 0.0 MiB)
Current lengths of episodes: [1600]
Memory usage at done (index 0, length 1600, since_prev 1600): 8550.703125 MiB (Increase: 0.0 MiB)
Memory usage before reset: 8550.703125 MiB (Increase: 0.0 MiB)
Memory usage after reset: 8550.703125 MiB (Increase: 0.0 MiB)
Current lengths of episodes: [1600]
Memory usage at done (index 0, length 1600, since_prev 1600): 8550.703125 MiB (Increase: 0.0 MiB)
Memory usage before reset: 8550.703125 MiB (Increase: 0.0 MiB)
Memory usage after reset: 8550.703125 MiB (Increase: 0.0 MiB)
Current lengths of episodes: [1600]
Memory usage at done (index 0, length 1600, since_prev 1600): 8550.703125 MiB (Increase: 0.0 MiB)
Memory usage before reset: 8550.703125 MiB (Increase: 0.0 MiB)
Memory usage after reset: 8550.703125 MiB (Increase: 0.0 MiB)
Current lengths of episodes: [1600]
Memory usage at done (index 0, length 1600, since_prev 1600): 8550.703125 MiB (Increase: 0.0 MiB)
Memory usage before reset: 8550.703125 MiB (Increase: 0.0 MiB)
Memory usage after reset: 8550.703125 MiB (Increase: 0.0 MiB)
Current lengths of episodes: [1600]
Memory usage at done (index 0, length 1600, since_prev 1600): 8550.703125 MiB (Increase: 0.0 MiB)
Memory usage before reset: 8550.703125 MiB (Increase: 0.0 MiB)
Memory usage after reset: 8550.703125 MiB (Increase: 0.0 MiB)
Current lengths of episodes: [1600]
Memory usage at done (index 0, length 1600, since_prev 1600): 8550.703125 MiB (Increase: 0.0 MiB)
Memory usage before reset: 8550.703125 MiB (Increase: 0.0 MiB)
Memory usage after reset: 8550.703125 MiB (Increase: 0.0 MiB)
Current lengths of episodes: [140]
Memory usage at done (index 0, length 140, since_prev 140): 8550.703125 MiB (Increase: 0.0 MiB)
Memory usage before reset: 8550.703125 MiB (Increase: 0.0 MiB)
Memory usage after reset: 8550.703125 MiB (Increase: 0.0 MiB)
Training episode 510
Memory usage at middle: 8550.703125 MiB (Increase: 0.0 MiB)
Memory usage before collect: 8550.703125 MiB (Increase: 0.0 MiB)
Memory usage after collect: 8550.703125 MiB (Increase: 0.0 MiB)
Memory usage before initialization: 8550.703125 MiB (Increase: 0.0 MiB)
Memory usage after initialization: 8550.703125 MiB (Increase: 0.0 MiB)
Current lengths of episodes: [1600]
Memory usage at done (index 0, length 1600, since_prev 1600): 8550.703125 MiB (Increase: 0.0 MiB)
Memory usage before reset: 8550.703125 MiB (Increase: 0.0 MiB)
Memory usage after reset: 8550.703125 MiB (Increase: 0.0 MiB)
Current lengths of episodes: [115]
Memory usage at done (index 0, length 115, since_prev 115): 8550.703125 MiB (Increase: 0.0 MiB)
Memory usage before reset: 8550.703125 MiB (Increase: 0.0 MiB)
Memory usage after reset: 8550.703125 MiB (Increase: 0.0 MiB)
Current lengths of episodes: [101]
Memory usage at done (index 0, length 101, since_prev 101): 8550.703125 MiB (Increase: 0.0 MiB)
Memory usage before reset: 8550.703125 MiB (Increase: 0.0 MiB)
Memory usage after reset: 8550.703125 MiB (Increase: 0.0 MiB)
Current lengths of episodes: [86]
Memory usage at done (index 0, length 86, since_prev 86): 8550.703125 MiB (Increase: 0.0 MiB)
Memory usage before reset: 8550.703125 MiB (Increase: 0.0 MiB)
Memory usage after reset: 8550.703125 MiB (Increase: 0.0 MiB)
Current lengths of episodes: [49]
Memory usage at done (index 0, length 49, since_prev 49): 8550.703125 MiB (Increase: 0.0 MiB)
Memory usage before reset: 8550.703125 MiB (Increase: 0.0 MiB)
Memory usage after reset: 8550.703125 MiB (Increase: 0.0 MiB)
Current lengths of episodes: [1600]
Memory usage at done (index 0, length 1600, since_prev 1600): 8550.703125 MiB (Increase: 0.0 MiB)
Memory usage before reset: 8550.703125 MiB (Increase: 0.0 MiB)
Memory usage after reset: 8550.703125 MiB (Increase: 0.0 MiB)
Current lengths of episodes: [1600]
Memory usage at done (index 0, length 1600, since_prev 1600): 8550.703125 MiB (Increase: 0.0 MiB)
Memory usage before reset: 8550.703125 MiB (Increase: 0.0 MiB)
Memory usage after reset: 8550.703125 MiB (Increase: 0.0 MiB)
Current lengths of episodes: [1600]
Memory usage at done (index 0, length 1600, since_prev 1600): 8550.703125 MiB (Increase: 0.0 MiB)
Memory usage before reset: 8550.703125 MiB (Increase: 0.0 MiB)
Memory usage after reset: 8550.703125 MiB (Increase: 0.0 MiB)
Current lengths of episodes: [40]
Memory usage at done (index 0, length 40, since_prev 40): 8550.703125 MiB (Increase: 0.0 MiB)
Memory usage before reset: 8550.703125 MiB (Increase: 0.0 MiB)
Memory usage after reset: 8550.703125 MiB (Increase: 0.0 MiB)
Current lengths of episodes: [71]
Memory usage at done (index 0, length 71, since_prev 71): 8550.703125 MiB (Increase: 0.0 MiB)
Memory usage before reset: 8550.703125 MiB (Increase: 0.0 MiB)
Memory usage after reset: 8550.703125 MiB (Increase: 0.0 MiB)
Training episode 520
Memory usage at middle: 8550.703125 MiB (Increase: 0.0 MiB)
Memory usage before collect: 8550.703125 MiB (Increase: 0.0 MiB)
Memory usage after collect: 8550.703125 MiB (Increase: 0.0 MiB)
Memory usage before initialization: 8550.703125 MiB (Increase: 0.0 MiB)
Memory usage after initialization: 8550.703125 MiB (Increase: 0.0 MiB)
Current lengths of episodes: [687]
Memory usage at done (index 0, length 687, since_prev 687): 8550.703125 MiB (Increase: 0.0 MiB)
Memory usage before reset: 8550.703125 MiB (Increase: 0.0 MiB)
Memory usage after reset: 8550.703125 MiB (Increase: 0.0 MiB)
Current lengths of episodes: [63]
Memory usage at done (index 0, length 63, since_prev 63): 8550.703125 MiB (Increase: 0.0 MiB)
Memory usage before reset: 8550.703125 MiB (Increase: 0.0 MiB)
Memory usage after reset: 8550.703125 MiB (Increase: 0.0 MiB)
Current lengths of episodes: [87]
Memory usage at done (index 0, length 87, since_prev 87): 8550.703125 MiB (Increase: 0.0 MiB)
Memory usage before reset: 8550.703125 MiB (Increase: 0.0 MiB)
Memory usage after reset: 8550.703125 MiB (Increase: 0.0 MiB)
Current lengths of episodes: [70]
Memory usage at done (index 0, length 70, since_prev 70): 8550.703125 MiB (Increase: 0.0 MiB)
Memory usage before reset: 8550.703125 MiB (Increase: 0.0 MiB)
Memory usage after reset: 8550.703125 MiB (Increase: 0.0 MiB)
Current lengths of episodes: [1049]
Memory usage at done (index 0, length 1049, since_prev 1049): 8550.703125 MiB (Increase: 0.0 MiB)
Memory usage before reset: 8550.703125 MiB (Increase: 0.0 MiB)
Memory usage after reset: 8550.703125 MiB (Increase: 0.0 MiB)
Current lengths of episodes: [64]
Memory usage at done (index 0, length 64, since_prev 64): 8550.703125 MiB (Increase: 0.0 MiB)
Memory usage before reset: 8550.703125 MiB (Increase: 0.0 MiB)
Memory usage after reset: 8550.703125 MiB (Increase: 0.0 MiB)
Current lengths of episodes: [1600]
Memory usage at done (index 0, length 1600, since_prev 1600): 8550.703125 MiB (Increase: 0.0 MiB)
Memory usage before reset: 8550.703125 MiB (Increase: 0.0 MiB)
Memory usage after reset: 8550.703125 MiB (Increase: 0.0 MiB)
Current lengths of episodes: [58]
Memory usage at done (index 0, length 58, since_prev 58): 8550.703125 MiB (Increase: 0.0 MiB)
Memory usage before reset: 8550.703125 MiB (Increase: 0.0 MiB)
Memory usage after reset: 8550.703125 MiB (Increase: 0.0 MiB)
Current lengths of episodes: [57]
Memory usage at done (index 0, length 57, since_prev 57): 8550.703125 MiB (Increase: 0.0 MiB)
Memory usage before reset: 8550.703125 MiB (Increase: 0.0 MiB)
Memory usage after reset: 8550.703125 MiB (Increase: 0.0 MiB)
Current lengths of episodes: [1600]
Memory usage at done (index 0, length 1600, since_prev 1600): 8550.703125 MiB (Increase: 0.0 MiB)
Memory usage before reset: 8550.703125 MiB (Increase: 0.0 MiB)
Memory usage after reset: 8550.703125 MiB (Increase: 0.0 MiB)
Training episode 530
Memory usage at middle: 8550.703125 MiB (Increase: 0.0 MiB)
Memory usage before collect: 8550.703125 MiB (Increase: 0.0 MiB)
Memory usage after collect: 8550.703125 MiB (Increase: 0.0 MiB)
Memory usage before initialization: 8550.703125 MiB (Increase: 0.0 MiB)
Memory usage after initialization: 8550.703125 MiB (Increase: 0.0 MiB)
Current lengths of episodes: [1600]
Memory usage at done (index 0, length 1600, since_prev 1600): 8550.703125 MiB (Increase: 0.0 MiB)
Memory usage before reset: 8550.703125 MiB (Increase: 0.0 MiB)
Memory usage after reset: 8550.703125 MiB (Increase: 0.0 MiB)
Current lengths of episodes: [1600]
Memory usage at done (index 0, length 1600, since_prev 1600): 8550.703125 MiB (Increase: 0.0 MiB)
Memory usage before reset: 8550.703125 MiB (Increase: 0.0 MiB)
Memory usage after reset: 8550.703125 MiB (Increase: 0.0 MiB)
Current lengths of episodes: [1600]
Memory usage at done (index 0, length 1600, since_prev 1600): 8550.703125 MiB (Increase: 0.0 MiB)
Memory usage before reset: 8550.703125 MiB (Increase: 0.0 MiB)
Memory usage after reset: 8550.703125 MiB (Increase: 0.0 MiB)
Current lengths of episodes: [83]
Memory usage at done (index 0, length 83, since_prev 83): 8550.703125 MiB (Increase: 0.0 MiB)
Memory usage before reset: 8550.703125 MiB (Increase: 0.0 MiB)
Memory usage after reset: 8550.703125 MiB (Increase: 0.0 MiB)
Current lengths of episodes: [54]
Memory usage at done (index 0, length 54, since_prev 54): 8550.703125 MiB (Increase: 0.0 MiB)
Memory usage before reset: 8550.703125 MiB (Increase: 0.0 MiB)
Memory usage after reset: 8550.703125 MiB (Increase: 0.0 MiB)
Current lengths of episodes: [77]
Memory usage at done (index 0, length 77, since_prev 77): 8550.703125 MiB (Increase: 0.0 MiB)
Memory usage before reset: 8550.703125 MiB (Increase: 0.0 MiB)
Memory usage after reset: 8550.703125 MiB (Increase: 0.0 MiB)
Current lengths of episodes: [74]
Memory usage at done (index 0, length 74, since_prev 74): 8550.703125 MiB (Increase: 0.0 MiB)
Memory usage before reset: 8550.703125 MiB (Increase: 0.0 MiB)
Memory usage after reset: 8550.703125 MiB (Increase: 0.0 MiB)
Current lengths of episodes: [1600]
Memory usage at done (index 0, length 1600, since_prev 1600): 8550.703125 MiB (Increase: 0.0 MiB)
Memory usage before reset: 8550.703125 MiB (Increase: 0.0 MiB)
Memory usage after reset: 8550.703125 MiB (Increase: 0.0 MiB)
Current lengths of episodes: [1212]
Memory usage at done (index 0, length 1212, since_prev 1212): 8550.703125 MiB (Increase: 0.0 MiB)
Memory usage before reset: 8550.703125 MiB (Increase: 0.0 MiB)
Memory usage after reset: 8550.703125 MiB (Increase: 0.0 MiB)
Current lengths of episodes: [65]
Memory usage at done (index 0, length 65, since_prev 65): 8550.703125 MiB (Increase: 0.0 MiB)
Memory usage before reset: 8550.703125 MiB (Increase: 0.0 MiB)
Memory usage after reset: 8550.703125 MiB (Increase: 0.0 MiB)
Training episode 540
Memory usage at middle: 8550.703125 MiB (Increase: 0.0 MiB)
Memory usage before collect: 8550.703125 MiB (Increase: 0.0 MiB)
Memory usage after collect: 8550.703125 MiB (Increase: 0.0 MiB)
Memory usage before initialization: 8550.703125 MiB (Increase: 0.0 MiB)
Memory usage after initialization: 8550.703125 MiB (Increase: 0.0 MiB)
Current lengths of episodes: [1600]
Memory usage at done (index 0, length 1600, since_prev 1600): 8550.703125 MiB (Increase: 0.0 MiB)
Memory usage before reset: 8550.703125 MiB (Increase: 0.0 MiB)
Memory usage after reset: 8550.703125 MiB (Increase: 0.0 MiB)
Current lengths of episodes: [50]
Memory usage at done (index 0, length 50, since_prev 50): 8550.703125 MiB (Increase: 0.0 MiB)
Memory usage before reset: 8550.703125 MiB (Increase: 0.0 MiB)
Memory usage after reset: 8550.703125 MiB (Increase: 0.0 MiB)
Current lengths of episodes: [1600]
Memory usage at done (index 0, length 1600, since_prev 1600): 8550.703125 MiB (Increase: 0.0 MiB)
Memory usage before reset: 8550.703125 MiB (Increase: 0.0 MiB)
Memory usage after reset: 8550.703125 MiB (Increase: 0.0 MiB)
Current lengths of episodes: [1600]
Memory usage at done (index 0, length 1600, since_prev 1600): 8550.703125 MiB (Increase: 0.0 MiB)
Memory usage before reset: 8550.703125 MiB (Increase: 0.0 MiB)
Memory usage after reset: 8550.703125 MiB (Increase: 0.0 MiB)
Current lengths of episodes: [1600]
Memory usage at done (index 0, length 1600, since_prev 1600): 8550.703125 MiB (Increase: 0.0 MiB)
Memory usage before reset: 8550.703125 MiB (Increase: 0.0 MiB)
Memory usage after reset: 8550.703125 MiB (Increase: 0.0 MiB)
Current lengths of episodes: [103]
Memory usage at done (index 0, length 103, since_prev 103): 8550.703125 MiB (Increase: 0.0 MiB)
Memory usage before reset: 8550.703125 MiB (Increase: 0.0 MiB)
Memory usage after reset: 8550.703125 MiB (Increase: 0.0 MiB)
Current lengths of episodes: [1600]
Memory usage at done (index 0, length 1600, since_prev 1600): 8550.703125 MiB (Increase: 0.0 MiB)
Memory usage before reset: 8550.703125 MiB (Increase: 0.0 MiB)
Memory usage after reset: 8550.703125 MiB (Increase: 0.0 MiB)
Current lengths of episodes: [69]
Memory usage at done (index 0, length 69, since_prev 69): 8550.703125 MiB (Increase: 0.0 MiB)
Memory usage before reset: 8550.703125 MiB (Increase: 0.0 MiB)
Memory usage after reset: 8550.703125 MiB (Increase: 0.0 MiB)
Current lengths of episodes: [51]
Memory usage at done (index 0, length 51, since_prev 51): 8550.703125 MiB (Increase: 0.0 MiB)
Memory usage before reset: 8550.703125 MiB (Increase: 0.0 MiB)
Memory usage after reset: 8550.703125 MiB (Increase: 0.0 MiB)
Current lengths of episodes: [90]
Memory usage at done (index 0, length 90, since_prev 90): 8550.703125 MiB (Increase: 0.0 MiB)
Memory usage before reset: 8550.703125 MiB (Increase: 0.0 MiB)
Memory usage after reset: 8550.703125 MiB (Increase: 0.0 MiB)
Training episode 550
Memory usage at middle: 8550.703125 MiB (Increase: 0.0 MiB)
Memory usage before collect: 8550.703125 MiB (Increase: 0.0 MiB)
Memory usage after collect: 8550.703125 MiB (Increase: 0.0 MiB)
Episode 550	Average evaluation: -97.50254373527156
Memory usage before initialization: 8550.703125 MiB (Increase: 0.0 MiB)
Memory usage after initialization: 8550.703125 MiB (Increase: 0.0 MiB)
Current lengths of episodes: [56]
Memory usage at done (index 0, length 56, since_prev 56): 8550.703125 MiB (Increase: 0.0 MiB)
Memory usage before reset: 8550.703125 MiB (Increase: 0.0 MiB)
Memory usage after reset: 8550.703125 MiB (Increase: 0.0 MiB)
Current lengths of episodes: [345]
Memory usage at done (index 0, length 345, since_prev 345): 8550.703125 MiB (Increase: 0.0 MiB)
Memory usage before reset: 8550.703125 MiB (Increase: 0.0 MiB)
Memory usage after reset: 8550.703125 MiB (Increase: 0.0 MiB)
Current lengths of episodes: [1600]
Memory usage at done (index 0, length 1600, since_prev 1600): 8550.703125 MiB (Increase: 0.0 MiB)
Memory usage before reset: 8550.703125 MiB (Increase: 0.0 MiB)
Memory usage after reset: 8550.703125 MiB (Increase: 0.0 MiB)
Current lengths of episodes: [1600]
Memory usage at done (index 0, length 1600, since_prev 1600): 8550.703125 MiB (Increase: 0.0 MiB)
Memory usage before reset: 8550.703125 MiB (Increase: 0.0 MiB)
Memory usage after reset: 8550.703125 MiB (Increase: 0.0 MiB)
Current lengths of episodes: [78]
Memory usage at done (index 0, length 78, since_prev 78): 8550.703125 MiB (Increase: 0.0 MiB)
Memory usage before reset: 8550.703125 MiB (Increase: 0.0 MiB)
Memory usage after reset: 8550.703125 MiB (Increase: 0.0 MiB)
Current lengths of episodes: [52]
Memory usage at done (index 0, length 52, since_prev 52): 8550.703125 MiB (Increase: 0.0 MiB)
Memory usage before reset: 8550.703125 MiB (Increase: 0.0 MiB)
Memory usage after reset: 8550.703125 MiB (Increase: 0.0 MiB)
Current lengths of episodes: [64]
Memory usage at done (index 0, length 64, since_prev 64): 8550.703125 MiB (Increase: 0.0 MiB)
Memory usage before reset: 8550.703125 MiB (Increase: 0.0 MiB)
Memory usage after reset: 8550.703125 MiB (Increase: 0.0 MiB)
Current lengths of episodes: [41]
Memory usage at done (index 0, length 41, since_prev 41): 8550.703125 MiB (Increase: 0.0 MiB)
Memory usage before reset: 8550.703125 MiB (Increase: 0.0 MiB)
Memory usage after reset: 8550.703125 MiB (Increase: 0.0 MiB)
Current lengths of episodes: [51]
Memory usage at done (index 0, length 51, since_prev 51): 8550.703125 MiB (Increase: 0.0 MiB)
Memory usage before reset: 8550.703125 MiB (Increase: 0.0 MiB)
Memory usage after reset: 8550.703125 MiB (Increase: 0.0 MiB)
Current lengths of episodes: [48]
Memory usage at done (index 0, length 48, since_prev 48): 8550.703125 MiB (Increase: 0.0 MiB)
Memory usage before reset: 8550.703125 MiB (Increase: 0.0 MiB)
Memory usage after reset: 8550.703125 MiB (Increase: 0.0 MiB)
Training episode 560
Memory usage at middle: 8550.703125 MiB (Increase: 0.0 MiB)
Memory usage before collect: 8550.703125 MiB (Increase: 0.0 MiB)
Memory usage after collect: 8550.703125 MiB (Increase: 0.0 MiB)
Memory usage before initialization: 8550.703125 MiB (Increase: 0.0 MiB)
Memory usage after initialization: 8550.703125 MiB (Increase: 0.0 MiB)
Current lengths of episodes: [1600]
Memory usage at done (index 0, length 1600, since_prev 1600): 8550.703125 MiB (Increase: 0.0 MiB)
Memory usage before reset: 8550.703125 MiB (Increase: 0.0 MiB)
Memory usage after reset: 8550.703125 MiB (Increase: 0.0 MiB)
Current lengths of episodes: [68]
Memory usage at done (index 0, length 68, since_prev 68): 8550.703125 MiB (Increase: 0.0 MiB)
Memory usage before reset: 8550.703125 MiB (Increase: 0.0 MiB)
Memory usage after reset: 8550.703125 MiB (Increase: 0.0 MiB)
Current lengths of episodes: [56]
Memory usage at done (index 0, length 56, since_prev 56): 8550.703125 MiB (Increase: 0.0 MiB)
Memory usage before reset: 8550.703125 MiB (Increase: 0.0 MiB)
Memory usage after reset: 8550.703125 MiB (Increase: 0.0 MiB)
Current lengths of episodes: [158]
Memory usage at done (index 0, length 158, since_prev 158): 8550.703125 MiB (Increase: 0.0 MiB)
Memory usage before reset: 8550.703125 MiB (Increase: 0.0 MiB)
Memory usage after reset: 8550.703125 MiB (Increase: 0.0 MiB)
Current lengths of episodes: [55]
Memory usage at done (index 0, length 55, since_prev 55): 8550.703125 MiB (Increase: 0.0 MiB)
Memory usage before reset: 8550.703125 MiB (Increase: 0.0 MiB)
Memory usage after reset: 8550.703125 MiB (Increase: 0.0 MiB)
Current lengths of episodes: [1600]
Memory usage at done (index 0, length 1600, since_prev 1600): 8550.703125 MiB (Increase: 0.0 MiB)
Memory usage before reset: 8550.703125 MiB (Increase: 0.0 MiB)
Memory usage after reset: 8550.703125 MiB (Increase: 0.0 MiB)
Current lengths of episodes: [1600]
Memory usage at done (index 0, length 1600, since_prev 1600): 8550.703125 MiB (Increase: 0.0 MiB)
Memory usage before reset: 8550.703125 MiB (Increase: 0.0 MiB)
Memory usage after reset: 8550.703125 MiB (Increase: 0.0 MiB)
Current lengths of episodes: [1600]
Memory usage at done (index 0, length 1600, since_prev 1600): 8550.703125 MiB (Increase: 0.0 MiB)
Memory usage before reset: 8550.703125 MiB (Increase: 0.0 MiB)
Memory usage after reset: 8550.703125 MiB (Increase: 0.0 MiB)
Current lengths of episodes: [1600]
Memory usage at done (index 0, length 1600, since_prev 1600): 8550.703125 MiB (Increase: 0.0 MiB)
Memory usage before reset: 8550.703125 MiB (Increase: 0.0 MiB)
Memory usage after reset: 8550.703125 MiB (Increase: 0.0 MiB)
Current lengths of episodes: [1600]
Memory usage at done (index 0, length 1600, since_prev 1600): 8550.703125 MiB (Increase: 0.0 MiB)
Memory usage before reset: 8550.703125 MiB (Increase: 0.0 MiB)
Memory usage after reset: 8550.703125 MiB (Increase: 0.0 MiB)
Training episode 570
Memory usage at middle: 8550.703125 MiB (Increase: 0.0 MiB)
Memory usage before collect: 8550.703125 MiB (Increase: 0.0 MiB)
Memory usage after collect: 8550.703125 MiB (Increase: 0.0 MiB)
Memory usage before initialization: 8550.703125 MiB (Increase: 0.0 MiB)
Memory usage after initialization: 8550.703125 MiB (Increase: 0.0 MiB)
Current lengths of episodes: [1600]
Memory usage at done (index 0, length 1600, since_prev 1600): 8550.703125 MiB (Increase: 0.0 MiB)
Memory usage before reset: 8550.703125 MiB (Increase: 0.0 MiB)
Memory usage after reset: 8550.703125 MiB (Increase: 0.0 MiB)
Current lengths of episodes: [885]
Memory usage at done (index 0, length 885, since_prev 885): 8550.703125 MiB (Increase: 0.0 MiB)
Memory usage before reset: 8550.703125 MiB (Increase: 0.0 MiB)
Memory usage after reset: 8550.703125 MiB (Increase: 0.0 MiB)
Current lengths of episodes: [104]
Memory usage at done (index 0, length 104, since_prev 104): 8550.703125 MiB (Increase: 0.0 MiB)
Memory usage before reset: 8550.703125 MiB (Increase: 0.0 MiB)
Memory usage after reset: 8550.703125 MiB (Increase: 0.0 MiB)
Current lengths of episodes: [93]
Memory usage at done (index 0, length 93, since_prev 93): 8550.703125 MiB (Increase: 0.0 MiB)
Memory usage before reset: 8550.703125 MiB (Increase: 0.0 MiB)
Memory usage after reset: 8550.703125 MiB (Increase: 0.0 MiB)
Current lengths of episodes: [63]
Memory usage at done (index 0, length 63, since_prev 63): 8550.703125 MiB (Increase: 0.0 MiB)
Memory usage before reset: 8550.703125 MiB (Increase: 0.0 MiB)
Memory usage after reset: 8550.703125 MiB (Increase: 0.0 MiB)
Current lengths of episodes: [39]
Memory usage at done (index 0, length 39, since_prev 39): 8550.703125 MiB (Increase: 0.0 MiB)
Memory usage before reset: 8550.703125 MiB (Increase: 0.0 MiB)
Memory usage after reset: 8550.703125 MiB (Increase: 0.0 MiB)
Current lengths of episodes: [1600]
Memory usage at done (index 0, length 1600, since_prev 1600): 8550.703125 MiB (Increase: 0.0 MiB)
Memory usage before reset: 8550.703125 MiB (Increase: 0.0 MiB)
Memory usage after reset: 8550.703125 MiB (Increase: 0.0 MiB)
Current lengths of episodes: [1600]
Memory usage at done (index 0, length 1600, since_prev 1600): 8550.703125 MiB (Increase: 0.0 MiB)
Memory usage before reset: 8550.703125 MiB (Increase: 0.0 MiB)
Memory usage after reset: 8550.703125 MiB (Increase: 0.0 MiB)
Current lengths of episodes: [1600]
Memory usage at done (index 0, length 1600, since_prev 1600): 8550.703125 MiB (Increase: 0.0 MiB)
Memory usage before reset: 8550.703125 MiB (Increase: 0.0 MiB)
Memory usage after reset: 8550.703125 MiB (Increase: 0.0 MiB)
Current lengths of episodes: [216]
Memory usage at done (index 0, length 216, since_prev 216): 8550.703125 MiB (Increase: 0.0 MiB)
Memory usage before reset: 8550.703125 MiB (Increase: 0.0 MiB)
Memory usage after reset: 8550.703125 MiB (Increase: 0.0 MiB)
Training episode 580
Memory usage at middle: 8550.703125 MiB (Increase: 0.0 MiB)
Memory usage before collect: 8550.703125 MiB (Increase: 0.0 MiB)
Memory usage after collect: 8550.703125 MiB (Increase: 0.0 MiB)
Memory usage before initialization: 8550.703125 MiB (Increase: 0.0 MiB)
Memory usage after initialization: 8550.703125 MiB (Increase: 0.0 MiB)
Current lengths of episodes: [71]
Memory usage at done (index 0, length 71, since_prev 71): 8550.703125 MiB (Increase: 0.0 MiB)
Memory usage before reset: 8550.703125 MiB (Increase: 0.0 MiB)
Memory usage after reset: 8550.703125 MiB (Increase: 0.0 MiB)
Current lengths of episodes: [1600]
Memory usage at done (index 0, length 1600, since_prev 1600): 8550.703125 MiB (Increase: 0.0 MiB)
Memory usage before reset: 8550.703125 MiB (Increase: 0.0 MiB)
Memory usage after reset: 8550.703125 MiB (Increase: 0.0 MiB)
Current lengths of episodes: [1600]
Memory usage at done (index 0, length 1600, since_prev 1600): 8550.703125 MiB (Increase: 0.0 MiB)
Memory usage before reset: 8550.703125 MiB (Increase: 0.0 MiB)
Memory usage after reset: 8550.703125 MiB (Increase: 0.0 MiB)
Current lengths of episodes: [1600]
Memory usage at done (index 0, length 1600, since_prev 1600): 8550.703125 MiB (Increase: 0.0 MiB)
Memory usage before reset: 8550.703125 MiB (Increase: 0.0 MiB)
Memory usage after reset: 8550.703125 MiB (Increase: 0.0 MiB)
Current lengths of episodes: [1600]
Memory usage at done (index 0, length 1600, since_prev 1600): 8550.703125 MiB (Increase: 0.0 MiB)
Memory usage before reset: 8550.703125 MiB (Increase: 0.0 MiB)
Memory usage after reset: 8550.703125 MiB (Increase: 0.0 MiB)
Current lengths of episodes: [1600]
Memory usage at done (index 0, length 1600, since_prev 1600): 8550.703125 MiB (Increase: 0.0 MiB)
Memory usage before reset: 8550.703125 MiB (Increase: 0.0 MiB)
Memory usage after reset: 8550.703125 MiB (Increase: 0.0 MiB)
Current lengths of episodes: [57]
Memory usage at done (index 0, length 57, since_prev 57): 8550.703125 MiB (Increase: 0.0 MiB)
Memory usage before reset: 8550.703125 MiB (Increase: 0.0 MiB)
Memory usage after reset: 8550.703125 MiB (Increase: 0.0 MiB)
Current lengths of episodes: [99]
Memory usage at done (index 0, length 99, since_prev 99): 8550.703125 MiB (Increase: 0.0 MiB)
Memory usage before reset: 8550.703125 MiB (Increase: 0.0 MiB)
Memory usage after reset: 8550.703125 MiB (Increase: 0.0 MiB)
Current lengths of episodes: [1600]
Memory usage at done (index 0, length 1600, since_prev 1600): 8550.703125 MiB (Increase: 0.0 MiB)
Memory usage before reset: 8550.703125 MiB (Increase: 0.0 MiB)
Memory usage after reset: 8550.703125 MiB (Increase: 0.0 MiB)
Current lengths of episodes: [115]
Memory usage at done (index 0, length 115, since_prev 115): 8550.703125 MiB (Increase: 0.0 MiB)
Memory usage before reset: 8550.703125 MiB (Increase: 0.0 MiB)
Memory usage after reset: 8550.703125 MiB (Increase: 0.0 MiB)
Training episode 590
Memory usage at middle: 8550.703125 MiB (Increase: 0.0 MiB)
Memory usage before collect: 8550.703125 MiB (Increase: 0.0 MiB)
Memory usage after collect: 8550.703125 MiB (Increase: 0.0 MiB)
Memory usage before initialization: 8550.703125 MiB (Increase: 0.0 MiB)
Memory usage after initialization: 8550.703125 MiB (Increase: 0.0 MiB)
Current lengths of episodes: [88]
Memory usage at done (index 0, length 88, since_prev 88): 8550.703125 MiB (Increase: 0.0 MiB)
Memory usage before reset: 8550.703125 MiB (Increase: 0.0 MiB)
Memory usage after reset: 8550.703125 MiB (Increase: 0.0 MiB)
Current lengths of episodes: [1600]
Memory usage at done (index 0, length 1600, since_prev 1600): 8550.703125 MiB (Increase: 0.0 MiB)
Memory usage before reset: 8550.703125 MiB (Increase: 0.0 MiB)
Memory usage after reset: 8550.703125 MiB (Increase: 0.0 MiB)
Current lengths of episodes: [52]
Memory usage at done (index 0, length 52, since_prev 52): 8550.703125 MiB (Increase: 0.0 MiB)
Memory usage before reset: 8550.703125 MiB (Increase: 0.0 MiB)
Memory usage after reset: 8550.703125 MiB (Increase: 0.0 MiB)
Current lengths of episodes: [63]
Memory usage at done (index 0, length 63, since_prev 63): 8550.703125 MiB (Increase: 0.0 MiB)
Memory usage before reset: 8550.703125 MiB (Increase: 0.0 MiB)
Memory usage after reset: 8550.703125 MiB (Increase: 0.0 MiB)
Current lengths of episodes: [75]
Memory usage at done (index 0, length 75, since_prev 75): 8550.703125 MiB (Increase: 0.0 MiB)
Memory usage before reset: 8550.703125 MiB (Increase: 0.0 MiB)
Memory usage after reset: 8550.703125 MiB (Increase: 0.0 MiB)
Current lengths of episodes: [72]
Memory usage at done (index 0, length 72, since_prev 72): 8550.703125 MiB (Increase: 0.0 MiB)
Memory usage before reset: 8550.703125 MiB (Increase: 0.0 MiB)
Memory usage after reset: 8550.703125 MiB (Increase: 0.0 MiB)
Current lengths of episodes: [111]
Memory usage at done (index 0, length 111, since_prev 111): 8550.703125 MiB (Increase: 0.0 MiB)
Memory usage before reset: 8550.703125 MiB (Increase: 0.0 MiB)
Memory usage after reset: 8550.703125 MiB (Increase: 0.0 MiB)
Current lengths of episodes: [1600]
Memory usage at done (index 0, length 1600, since_prev 1600): 8550.703125 MiB (Increase: 0.0 MiB)
Memory usage before reset: 8550.703125 MiB (Increase: 0.0 MiB)
Memory usage after reset: 8550.703125 MiB (Increase: 0.0 MiB)
Current lengths of episodes: [52]
Memory usage at done (index 0, length 52, since_prev 52): 8550.703125 MiB (Increase: 0.0 MiB)
Memory usage before reset: 8550.703125 MiB (Increase: 0.0 MiB)
Memory usage after reset: 8550.703125 MiB (Increase: 0.0 MiB)
Current lengths of episodes: [58]
Memory usage at done (index 0, length 58, since_prev 58): 8550.703125 MiB (Increase: 0.0 MiB)
Memory usage before reset: 8550.703125 MiB (Increase: 0.0 MiB)
Memory usage after reset: 8550.703125 MiB (Increase: 0.0 MiB)
Training episode 600
Memory usage at middle: 8550.703125 MiB (Increase: 0.0 MiB)
Memory usage before collect: 8550.703125 MiB (Increase: 0.0 MiB)
Memory usage after collect: 8550.703125 MiB (Increase: 0.0 MiB)
Episode 600	Average evaluation: -98.48506723679564
Memory usage before initialization: 8550.703125 MiB (Increase: 0.0 MiB)
Memory usage after initialization: 8550.703125 MiB (Increase: 0.0 MiB)
Current lengths of episodes: [60]
Memory usage at done (index 0, length 60, since_prev 60): 8550.703125 MiB (Increase: 0.0 MiB)
Memory usage before reset: 8550.703125 MiB (Increase: 0.0 MiB)
Memory usage after reset: 8550.703125 MiB (Increase: 0.0 MiB)
Current lengths of episodes: [1600]
Memory usage at done (index 0, length 1600, since_prev 1600): 8550.703125 MiB (Increase: 0.0 MiB)
Memory usage before reset: 8550.703125 MiB (Increase: 0.0 MiB)
Memory usage after reset: 8550.703125 MiB (Increase: 0.0 MiB)
Current lengths of episodes: [1014]
Memory usage at done (index 0, length 1014, since_prev 1014): 8550.703125 MiB (Increase: 0.0 MiB)
Memory usage before reset: 8550.703125 MiB (Increase: 0.0 MiB)
Memory usage after reset: 8550.703125 MiB (Increase: 0.0 MiB)
Current lengths of episodes: [69]
Memory usage at done (index 0, length 69, since_prev 69): 8550.703125 MiB (Increase: 0.0 MiB)
Memory usage before reset: 8550.703125 MiB (Increase: 0.0 MiB)
Memory usage after reset: 8550.703125 MiB (Increase: 0.0 MiB)
Current lengths of episodes: [53]
Memory usage at done (index 0, length 53, since_prev 53): 8550.703125 MiB (Increase: 0.0 MiB)
Memory usage before reset: 8550.703125 MiB (Increase: 0.0 MiB)
Memory usage after reset: 8550.703125 MiB (Increase: 0.0 MiB)
Current lengths of episodes: [1600]
Memory usage at done (index 0, length 1600, since_prev 1600): 8550.703125 MiB (Increase: 0.0 MiB)
Memory usage before reset: 8550.703125 MiB (Increase: 0.0 MiB)
Memory usage after reset: 8550.703125 MiB (Increase: 0.0 MiB)
Current lengths of episodes: [1600]
Memory usage at done (index 0, length 1600, since_prev 1600): 8550.703125 MiB (Increase: 0.0 MiB)
Memory usage before reset: 8550.703125 MiB (Increase: 0.0 MiB)
Memory usage after reset: 8550.703125 MiB (Increase: 0.0 MiB)
Current lengths of episodes: [1600]
Memory usage at done (index 0, length 1600, since_prev 1600): 8550.703125 MiB (Increase: 0.0 MiB)
Memory usage before reset: 8550.703125 MiB (Increase: 0.0 MiB)
Memory usage after reset: 8550.703125 MiB (Increase: 0.0 MiB)
Current lengths of episodes: [100]
Memory usage at done (index 0, length 100, since_prev 100): 8550.703125 MiB (Increase: 0.0 MiB)
Memory usage before reset: 8550.703125 MiB (Increase: 0.0 MiB)
Memory usage after reset: 8550.703125 MiB (Increase: 0.0 MiB)
Current lengths of episodes: [1600]
Memory usage at done (index 0, length 1600, since_prev 1600): 8550.703125 MiB (Increase: 0.0 MiB)
Memory usage before reset: 8550.703125 MiB (Increase: 0.0 MiB)
Memory usage after reset: 8550.703125 MiB (Increase: 0.0 MiB)
Training episode 610
Memory usage at middle: 8550.703125 MiB (Increase: 0.0 MiB)
Memory usage before collect: 8550.703125 MiB (Increase: 0.0 MiB)
Memory usage after collect: 8550.703125 MiB (Increase: 0.0 MiB)
Memory usage before initialization: 8550.703125 MiB (Increase: 0.0 MiB)
Memory usage after initialization: 8550.703125 MiB (Increase: 0.0 MiB)
Current lengths of episodes: [56]
Memory usage at done (index 0, length 56, since_prev 56): 8550.703125 MiB (Increase: 0.0 MiB)
Memory usage before reset: 8550.703125 MiB (Increase: 0.0 MiB)
Memory usage after reset: 8550.703125 MiB (Increase: 0.0 MiB)
Current lengths of episodes: [1600]
Memory usage at done (index 0, length 1600, since_prev 1600): 8550.703125 MiB (Increase: 0.0 MiB)
Memory usage before reset: 8550.703125 MiB (Increase: 0.0 MiB)
Memory usage after reset: 8550.703125 MiB (Increase: 0.0 MiB)
Current lengths of episodes: [1553]
Memory usage at done (index 0, length 1553, since_prev 1553): 8550.703125 MiB (Increase: 0.0 MiB)
Memory usage before reset: 8550.703125 MiB (Increase: 0.0 MiB)
Memory usage after reset: 8550.703125 MiB (Increase: 0.0 MiB)
Current lengths of episodes: [1600]
Memory usage at done (index 0, length 1600, since_prev 1600): 8550.703125 MiB (Increase: 0.0 MiB)
Memory usage before reset: 8550.703125 MiB (Increase: 0.0 MiB)
Memory usage after reset: 8550.703125 MiB (Increase: 0.0 MiB)
Current lengths of episodes: [1600]
Memory usage at done (index 0, length 1600, since_prev 1600): 8550.703125 MiB (Increase: 0.0 MiB)
Memory usage before reset: 8550.703125 MiB (Increase: 0.0 MiB)
Memory usage after reset: 8550.703125 MiB (Increase: 0.0 MiB)
Current lengths of episodes: [1600]
Memory usage at done (index 0, length 1600, since_prev 1600): 8550.703125 MiB (Increase: 0.0 MiB)
Memory usage before reset: 8550.703125 MiB (Increase: 0.0 MiB)
Memory usage after reset: 8550.703125 MiB (Increase: 0.0 MiB)
Current lengths of episodes: [98]
Memory usage at done (index 0, length 98, since_prev 98): 8550.703125 MiB (Increase: 0.0 MiB)
Memory usage before reset: 8550.703125 MiB (Increase: 0.0 MiB)
Memory usage after reset: 8550.703125 MiB (Increase: 0.0 MiB)
Current lengths of episodes: [64]
Memory usage at done (index 0, length 64, since_prev 64): 8550.703125 MiB (Increase: 0.0 MiB)
Memory usage before reset: 8550.703125 MiB (Increase: 0.0 MiB)
Memory usage after reset: 8550.703125 MiB (Increase: 0.0 MiB)
Current lengths of episodes: [54]
Memory usage at done (index 0, length 54, since_prev 54): 8550.703125 MiB (Increase: 0.0 MiB)
Memory usage before reset: 8550.703125 MiB (Increase: 0.0 MiB)
Memory usage after reset: 8550.703125 MiB (Increase: 0.0 MiB)
Current lengths of episodes: [83]
Memory usage at done (index 0, length 83, since_prev 83): 8550.703125 MiB (Increase: 0.0 MiB)
Memory usage before reset: 8550.703125 MiB (Increase: 0.0 MiB)
Memory usage after reset: 8550.703125 MiB (Increase: 0.0 MiB)
Training episode 620
Memory usage at middle: 8550.703125 MiB (Increase: 0.0 MiB)
Memory usage before collect: 8550.703125 MiB (Increase: 0.0 MiB)
Memory usage after collect: 8550.703125 MiB (Increase: 0.0 MiB)
Memory usage before initialization: 8550.703125 MiB (Increase: 0.0 MiB)
Memory usage after initialization: 8550.703125 MiB (Increase: 0.0 MiB)
Current lengths of episodes: [1600]
Memory usage at done (index 0, length 1600, since_prev 1600): 8550.703125 MiB (Increase: 0.0 MiB)
Memory usage before reset: 8550.703125 MiB (Increase: 0.0 MiB)
Memory usage after reset: 8550.703125 MiB (Increase: 0.0 MiB)
Current lengths of episodes: [1600]
Memory usage at done (index 0, length 1600, since_prev 1600): 8550.703125 MiB (Increase: 0.0 MiB)
Memory usage before reset: 8550.703125 MiB (Increase: 0.0 MiB)
Memory usage after reset: 8550.703125 MiB (Increase: 0.0 MiB)
Current lengths of episodes: [69]
Memory usage at done (index 0, length 69, since_prev 69): 8550.703125 MiB (Increase: 0.0 MiB)
Memory usage before reset: 8550.703125 MiB (Increase: 0.0 MiB)
Memory usage after reset: 8550.703125 MiB (Increase: 0.0 MiB)
Current lengths of episodes: [103]
Memory usage at done (index 0, length 103, since_prev 103): 8550.703125 MiB (Increase: 0.0 MiB)
Memory usage before reset: 8550.703125 MiB (Increase: 0.0 MiB)
Memory usage after reset: 8550.703125 MiB (Increase: 0.0 MiB)
Current lengths of episodes: [55]
Memory usage at done (index 0, length 55, since_prev 55): 8550.703125 MiB (Increase: 0.0 MiB)
Memory usage before reset: 8550.703125 MiB (Increase: 0.0 MiB)
Memory usage after reset: 8550.703125 MiB (Increase: 0.0 MiB)
Current lengths of episodes: [1600]
Memory usage at done (index 0, length 1600, since_prev 1600): 8550.703125 MiB (Increase: 0.0 MiB)
Memory usage before reset: 8550.703125 MiB (Increase: 0.0 MiB)
Memory usage after reset: 8550.703125 MiB (Increase: 0.0 MiB)
Current lengths of episodes: [118]
Memory usage at done (index 0, length 118, since_prev 118): 8550.703125 MiB (Increase: 0.0 MiB)
Memory usage before reset: 8550.703125 MiB (Increase: 0.0 MiB)
Memory usage after reset: 8550.703125 MiB (Increase: 0.0 MiB)
Current lengths of episodes: [1600]
Memory usage at done (index 0, length 1600, since_prev 1600): 8550.703125 MiB (Increase: 0.0 MiB)
Memory usage before reset: 8550.703125 MiB (Increase: 0.0 MiB)
Memory usage after reset: 8550.703125 MiB (Increase: 0.0 MiB)
Current lengths of episodes: [1600]
Memory usage at done (index 0, length 1600, since_prev 1600): 8550.703125 MiB (Increase: 0.0 MiB)
Memory usage before reset: 8550.703125 MiB (Increase: 0.0 MiB)
Memory usage after reset: 8550.703125 MiB (Increase: 0.0 MiB)
Current lengths of episodes: [126]
Memory usage at done (index 0, length 126, since_prev 126): 8550.703125 MiB (Increase: 0.0 MiB)
Memory usage before reset: 8550.703125 MiB (Increase: 0.0 MiB)
Memory usage after reset: 8550.703125 MiB (Increase: 0.0 MiB)
Training episode 630
Memory usage at middle: 8550.703125 MiB (Increase: 0.0 MiB)
Memory usage before collect: 8550.703125 MiB (Increase: 0.0 MiB)
Memory usage after collect: 8550.703125 MiB (Increase: 0.0 MiB)
Memory usage before initialization: 8550.703125 MiB (Increase: 0.0 MiB)
Memory usage after initialization: 8550.703125 MiB (Increase: 0.0 MiB)
Current lengths of episodes: [75]
Memory usage at done (index 0, length 75, since_prev 75): 8550.703125 MiB (Increase: 0.0 MiB)
Memory usage before reset: 8550.703125 MiB (Increase: 0.0 MiB)
Memory usage after reset: 8550.703125 MiB (Increase: 0.0 MiB)
Current lengths of episodes: [266]
Memory usage at done (index 0, length 266, since_prev 266): 8550.703125 MiB (Increase: 0.0 MiB)
Memory usage before reset: 8550.703125 MiB (Increase: 0.0 MiB)
Memory usage after reset: 8550.703125 MiB (Increase: 0.0 MiB)
Current lengths of episodes: [1600]
Memory usage at done (index 0, length 1600, since_prev 1600): 8550.703125 MiB (Increase: 0.0 MiB)
Memory usage before reset: 8550.703125 MiB (Increase: 0.0 MiB)
Memory usage after reset: 8550.703125 MiB (Increase: 0.0 MiB)
Current lengths of episodes: [111]
Memory usage at done (index 0, length 111, since_prev 111): 8550.703125 MiB (Increase: 0.0 MiB)
Memory usage before reset: 8550.703125 MiB (Increase: 0.0 MiB)
Memory usage after reset: 8550.703125 MiB (Increase: 0.0 MiB)
Current lengths of episodes: [46]
Memory usage at done (index 0, length 46, since_prev 46): 8550.703125 MiB (Increase: 0.0 MiB)
Memory usage before reset: 8550.703125 MiB (Increase: 0.0 MiB)
Memory usage after reset: 8550.703125 MiB (Increase: 0.0 MiB)
Current lengths of episodes: [1600]
Memory usage at done (index 0, length 1600, since_prev 1600): 8550.703125 MiB (Increase: 0.0 MiB)
Memory usage before reset: 8550.703125 MiB (Increase: 0.0 MiB)
Memory usage after reset: 8550.703125 MiB (Increase: 0.0 MiB)
Current lengths of episodes: [1028]
Memory usage at done (index 0, length 1028, since_prev 1028): 8550.703125 MiB (Increase: 0.0 MiB)
Memory usage before reset: 8550.703125 MiB (Increase: 0.0 MiB)
Memory usage after reset: 8550.703125 MiB (Increase: 0.0 MiB)
Current lengths of episodes: [62]
Memory usage at done (index 0, length 62, since_prev 62): 8550.703125 MiB (Increase: 0.0 MiB)
Memory usage before reset: 8550.703125 MiB (Increase: 0.0 MiB)
Memory usage after reset: 8550.703125 MiB (Increase: 0.0 MiB)
Current lengths of episodes: [1600]
Memory usage at done (index 0, length 1600, since_prev 1600): 8550.703125 MiB (Increase: 0.0 MiB)
Memory usage before reset: 8550.703125 MiB (Increase: 0.0 MiB)
Memory usage after reset: 8550.703125 MiB (Increase: 0.0 MiB)
Current lengths of episodes: [1600]
Memory usage at done (index 0, length 1600, since_prev 1600): 8550.703125 MiB (Increase: 0.0 MiB)
Memory usage before reset: 8550.703125 MiB (Increase: 0.0 MiB)
Memory usage after reset: 8550.703125 MiB (Increase: 0.0 MiB)
Training episode 640
Memory usage at middle: 8550.703125 MiB (Increase: 0.0 MiB)
Memory usage before collect: 8550.703125 MiB (Increase: 0.0 MiB)
Memory usage after collect: 8550.703125 MiB (Increase: 0.0 MiB)
Memory usage before initialization: 8550.703125 MiB (Increase: 0.0 MiB)
Memory usage after initialization: 8550.703125 MiB (Increase: 0.0 MiB)
Current lengths of episodes: [85]
Memory usage at done (index 0, length 85, since_prev 85): 8550.703125 MiB (Increase: 0.0 MiB)
Memory usage before reset: 8550.703125 MiB (Increase: 0.0 MiB)
Memory usage after reset: 8550.703125 MiB (Increase: 0.0 MiB)
Current lengths of episodes: [36]
Memory usage at done (index 0, length 36, since_prev 36): 8550.703125 MiB (Increase: 0.0 MiB)
Memory usage before reset: 8550.703125 MiB (Increase: 0.0 MiB)
Memory usage after reset: 8550.703125 MiB (Increase: 0.0 MiB)
Current lengths of episodes: [79]
Memory usage at done (index 0, length 79, since_prev 79): 8550.703125 MiB (Increase: 0.0 MiB)
Memory usage before reset: 8550.703125 MiB (Increase: 0.0 MiB)
Memory usage after reset: 8550.703125 MiB (Increase: 0.0 MiB)
Current lengths of episodes: [766]
Memory usage at done (index 0, length 766, since_prev 766): 8550.703125 MiB (Increase: 0.0 MiB)
Memory usage before reset: 8550.703125 MiB (Increase: 0.0 MiB)
Memory usage after reset: 8550.703125 MiB (Increase: 0.0 MiB)
Current lengths of episodes: [64]
Memory usage at done (index 0, length 64, since_prev 64): 8550.703125 MiB (Increase: 0.0 MiB)
Memory usage before reset: 8550.703125 MiB (Increase: 0.0 MiB)
Memory usage after reset: 8550.703125 MiB (Increase: 0.0 MiB)
Current lengths of episodes: [1600]
Memory usage at done (index 0, length 1600, since_prev 1600): 8550.703125 MiB (Increase: 0.0 MiB)
Memory usage before reset: 8550.703125 MiB (Increase: 0.0 MiB)
Memory usage after reset: 8550.703125 MiB (Increase: 0.0 MiB)
Current lengths of episodes: [65]
Memory usage at done (index 0, length 65, since_prev 65): 8550.703125 MiB (Increase: 0.0 MiB)
Memory usage before reset: 8550.703125 MiB (Increase: 0.0 MiB)
Memory usage after reset: 8550.703125 MiB (Increase: 0.0 MiB)
Current lengths of episodes: [1600]
Memory usage at done (index 0, length 1600, since_prev 1600): 8550.703125 MiB (Increase: 0.0 MiB)
Memory usage before reset: 8550.703125 MiB (Increase: 0.0 MiB)
Memory usage after reset: 8550.703125 MiB (Increase: 0.0 MiB)
Current lengths of episodes: [1600]
Memory usage at done (index 0, length 1600, since_prev 1600): 8550.703125 MiB (Increase: 0.0 MiB)
Memory usage before reset: 8550.703125 MiB (Increase: 0.0 MiB)
Memory usage after reset: 8550.703125 MiB (Increase: 0.0 MiB)
Current lengths of episodes: [1600]
Memory usage at done (index 0, length 1600, since_prev 1600): 8550.703125 MiB (Increase: 0.0 MiB)
Memory usage before reset: 8550.703125 MiB (Increase: 0.0 MiB)
Memory usage after reset: 8550.703125 MiB (Increase: 0.0 MiB)
Training episode 650
Memory usage at middle: 8550.703125 MiB (Increase: 0.0 MiB)
Memory usage before collect: 8550.703125 MiB (Increase: 0.0 MiB)
Memory usage after collect: 8550.703125 MiB (Increase: 0.0 MiB)
Episode 650	Average evaluation: -98.2572868973152
Memory usage before initialization: 8550.703125 MiB (Increase: 0.0 MiB)
Memory usage after initialization: 8550.703125 MiB (Increase: 0.0 MiB)
Current lengths of episodes: [122]
Memory usage at done (index 0, length 122, since_prev 122): 8550.703125 MiB (Increase: 0.0 MiB)
Memory usage before reset: 8550.703125 MiB (Increase: 0.0 MiB)
Memory usage after reset: 8550.703125 MiB (Increase: 0.0 MiB)
Current lengths of episodes: [59]
Memory usage at done (index 0, length 59, since_prev 59): 8550.703125 MiB (Increase: 0.0 MiB)
Memory usage before reset: 8550.703125 MiB (Increase: 0.0 MiB)
Memory usage after reset: 8550.703125 MiB (Increase: 0.0 MiB)
Current lengths of episodes: [108]
Memory usage at done (index 0, length 108, since_prev 108): 8550.703125 MiB (Increase: 0.0 MiB)
Memory usage before reset: 8550.703125 MiB (Increase: 0.0 MiB)
Memory usage after reset: 8550.703125 MiB (Increase: 0.0 MiB)
Current lengths of episodes: [1600]
Memory usage at done (index 0, length 1600, since_prev 1600): 8550.703125 MiB (Increase: 0.0 MiB)
Memory usage before reset: 8550.703125 MiB (Increase: 0.0 MiB)
Memory usage after reset: 8550.703125 MiB (Increase: 0.0 MiB)
Current lengths of episodes: [78]
Memory usage at done (index 0, length 78, since_prev 78): 8550.703125 MiB (Increase: 0.0 MiB)
Memory usage before reset: 8550.703125 MiB (Increase: 0.0 MiB)
Memory usage after reset: 8550.703125 MiB (Increase: 0.0 MiB)
Current lengths of episodes: [49]
Memory usage at done (index 0, length 49, since_prev 49): 8550.703125 MiB (Increase: 0.0 MiB)
Memory usage before reset: 8550.703125 MiB (Increase: 0.0 MiB)
Memory usage after reset: 8550.703125 MiB (Increase: 0.0 MiB)
Current lengths of episodes: [1600]
Memory usage at done (index 0, length 1600, since_prev 1600): 8550.703125 MiB (Increase: 0.0 MiB)
Memory usage before reset: 8550.703125 MiB (Increase: 0.0 MiB)
Memory usage after reset: 8550.703125 MiB (Increase: 0.0 MiB)
Current lengths of episodes: [1600]
Memory usage at done (index 0, length 1600, since_prev 1600): 8550.703125 MiB (Increase: 0.0 MiB)
Memory usage before reset: 8550.703125 MiB (Increase: 0.0 MiB)
Memory usage after reset: 8550.703125 MiB (Increase: 0.0 MiB)
Current lengths of episodes: [71]
Memory usage at done (index 0, length 71, since_prev 71): 8550.703125 MiB (Increase: 0.0 MiB)
Memory usage before reset: 8550.703125 MiB (Increase: 0.0 MiB)
Memory usage after reset: 8550.703125 MiB (Increase: 0.0 MiB)
Current lengths of episodes: [74]
Memory usage at done (index 0, length 74, since_prev 74): 8550.703125 MiB (Increase: 0.0 MiB)
Memory usage before reset: 8550.703125 MiB (Increase: 0.0 MiB)
Memory usage after reset: 8550.703125 MiB (Increase: 0.0 MiB)
Training episode 660
Memory usage at middle: 8550.703125 MiB (Increase: 0.0 MiB)
Memory usage before collect: 8550.703125 MiB (Increase: 0.0 MiB)
Memory usage after collect: 8550.703125 MiB (Increase: 0.0 MiB)
Memory usage before initialization: 8550.703125 MiB (Increase: 0.0 MiB)
Memory usage after initialization: 8550.703125 MiB (Increase: 0.0 MiB)
Current lengths of episodes: [1600]
Memory usage at done (index 0, length 1600, since_prev 1600): 8550.703125 MiB (Increase: 0.0 MiB)
Memory usage before reset: 8550.703125 MiB (Increase: 0.0 MiB)
Memory usage after reset: 8550.703125 MiB (Increase: 0.0 MiB)
Current lengths of episodes: [1600]
Memory usage at done (index 0, length 1600, since_prev 1600): 8550.703125 MiB (Increase: 0.0 MiB)
Memory usage before reset: 8550.703125 MiB (Increase: 0.0 MiB)
Memory usage after reset: 8550.703125 MiB (Increase: 0.0 MiB)
Current lengths of episodes: [65]
Memory usage at done (index 0, length 65, since_prev 65): 8550.703125 MiB (Increase: 0.0 MiB)
Memory usage before reset: 8550.703125 MiB (Increase: 0.0 MiB)
Memory usage after reset: 8550.703125 MiB (Increase: 0.0 MiB)
Current lengths of episodes: [77]
Memory usage at done (index 0, length 77, since_prev 77): 8550.703125 MiB (Increase: 0.0 MiB)
Memory usage before reset: 8550.703125 MiB (Increase: 0.0 MiB)
Memory usage after reset: 8550.703125 MiB (Increase: 0.0 MiB)
Current lengths of episodes: [1600]
Memory usage at done (index 0, length 1600, since_prev 1600): 8550.703125 MiB (Increase: 0.0 MiB)
Memory usage before reset: 8550.703125 MiB (Increase: 0.0 MiB)
Memory usage after reset: 8550.703125 MiB (Increase: 0.0 MiB)
Current lengths of episodes: [76]
Memory usage at done (index 0, length 76, since_prev 76): 8550.703125 MiB (Increase: 0.0 MiB)
Memory usage before reset: 8550.703125 MiB (Increase: 0.0 MiB)
Memory usage after reset: 8550.703125 MiB (Increase: 0.0 MiB)
Current lengths of episodes: [73]
Memory usage at done (index 0, length 73, since_prev 73): 8550.703125 MiB (Increase: 0.0 MiB)
Memory usage before reset: 8550.703125 MiB (Increase: 0.0 MiB)
Memory usage after reset: 8550.703125 MiB (Increase: 0.0 MiB)
Current lengths of episodes: [97]
Memory usage at done (index 0, length 97, since_prev 97): 8550.703125 MiB (Increase: 0.0 MiB)
Memory usage before reset: 8550.703125 MiB (Increase: 0.0 MiB)
Memory usage after reset: 8550.703125 MiB (Increase: 0.0 MiB)
Current lengths of episodes: [81]
Memory usage at done (index 0, length 81, since_prev 81): 8550.703125 MiB (Increase: 0.0 MiB)
Memory usage before reset: 8550.703125 MiB (Increase: 0.0 MiB)
Memory usage after reset: 8550.703125 MiB (Increase: 0.0 MiB)
Current lengths of episodes: [276]
Memory usage at done (index 0, length 276, since_prev 276): 8550.703125 MiB (Increase: 0.0 MiB)
Memory usage before reset: 8550.703125 MiB (Increase: 0.0 MiB)
Memory usage after reset: 8550.703125 MiB (Increase: 0.0 MiB)
Training episode 670
Memory usage at middle: 8550.703125 MiB (Increase: 0.0 MiB)
Memory usage before collect: 8550.703125 MiB (Increase: 0.0 MiB)
Memory usage after collect: 8550.703125 MiB (Increase: 0.0 MiB)
Memory usage before initialization: 8550.703125 MiB (Increase: 0.0 MiB)
Memory usage after initialization: 8550.703125 MiB (Increase: 0.0 MiB)
Current lengths of episodes: [1600]
Memory usage at done (index 0, length 1600, since_prev 1600): 8550.703125 MiB (Increase: 0.0 MiB)
Memory usage before reset: 8550.703125 MiB (Increase: 0.0 MiB)
Memory usage after reset: 8550.703125 MiB (Increase: 0.0 MiB)
Current lengths of episodes: [80]
Memory usage at done (index 0, length 80, since_prev 80): 8550.703125 MiB (Increase: 0.0 MiB)
Memory usage before reset: 8550.703125 MiB (Increase: 0.0 MiB)
Memory usage after reset: 8550.703125 MiB (Increase: 0.0 MiB)
Current lengths of episodes: [1600]
Memory usage at done (index 0, length 1600, since_prev 1600): 8550.703125 MiB (Increase: 0.0 MiB)
Memory usage before reset: 8550.703125 MiB (Increase: 0.0 MiB)
Memory usage after reset: 8550.703125 MiB (Increase: 0.0 MiB)
Current lengths of episodes: [71]
Memory usage at done (index 0, length 71, since_prev 71): 8550.703125 MiB (Increase: 0.0 MiB)
Memory usage before reset: 8550.703125 MiB (Increase: 0.0 MiB)
Memory usage after reset: 8550.703125 MiB (Increase: 0.0 MiB)
Current lengths of episodes: [96]
Memory usage at done (index 0, length 96, since_prev 96): 8550.703125 MiB (Increase: 0.0 MiB)
Memory usage before reset: 8550.703125 MiB (Increase: 0.0 MiB)
Memory usage after reset: 8550.703125 MiB (Increase: 0.0 MiB)
Current lengths of episodes: [1151]
Memory usage at done (index 0, length 1151, since_prev 1151): 8550.703125 MiB (Increase: 0.0 MiB)
Memory usage before reset: 8550.703125 MiB (Increase: 0.0 MiB)
Memory usage after reset: 8550.703125 MiB (Increase: 0.0 MiB)
Current lengths of episodes: [1600]
Memory usage at done (index 0, length 1600, since_prev 1600): 8550.703125 MiB (Increase: 0.0 MiB)
Memory usage before reset: 8550.703125 MiB (Increase: 0.0 MiB)
Memory usage after reset: 8550.703125 MiB (Increase: 0.0 MiB)
Current lengths of episodes: [1600]
Memory usage at done (index 0, length 1600, since_prev 1600): 8550.703125 MiB (Increase: 0.0 MiB)
Memory usage before reset: 8550.703125 MiB (Increase: 0.0 MiB)
Memory usage after reset: 8550.703125 MiB (Increase: 0.0 MiB)
Current lengths of episodes: [1600]
Memory usage at done (index 0, length 1600, since_prev 1600): 8550.703125 MiB (Increase: 0.0 MiB)
Memory usage before reset: 8550.703125 MiB (Increase: 0.0 MiB)
Memory usage after reset: 8550.703125 MiB (Increase: 0.0 MiB)
Current lengths of episodes: [103]
Memory usage at done (index 0, length 103, since_prev 103): 8550.703125 MiB (Increase: 0.0 MiB)
Memory usage before reset: 8550.703125 MiB (Increase: 0.0 MiB)
Memory usage after reset: 8550.703125 MiB (Increase: 0.0 MiB)
Training episode 680
Memory usage at middle: 8550.703125 MiB (Increase: 0.0 MiB)
Memory usage before collect: 8550.703125 MiB (Increase: 0.0 MiB)
Memory usage after collect: 8550.703125 MiB (Increase: 0.0 MiB)
Memory usage before initialization: 8550.703125 MiB (Increase: 0.0 MiB)
Memory usage after initialization: 8550.703125 MiB (Increase: 0.0 MiB)
Current lengths of episodes: [629]
Memory usage at done (index 0, length 629, since_prev 629): 8550.703125 MiB (Increase: 0.0 MiB)
Memory usage before reset: 8550.703125 MiB (Increase: 0.0 MiB)
Memory usage after reset: 8550.703125 MiB (Increase: 0.0 MiB)
Current lengths of episodes: [1600]
Memory usage at done (index 0, length 1600, since_prev 1600): 8550.703125 MiB (Increase: 0.0 MiB)
Memory usage before reset: 8550.703125 MiB (Increase: 0.0 MiB)
Memory usage after reset: 8550.703125 MiB (Increase: 0.0 MiB)
Current lengths of episodes: [1600]
Memory usage at done (index 0, length 1600, since_prev 1600): 8550.703125 MiB (Increase: 0.0 MiB)
Memory usage before reset: 8550.703125 MiB (Increase: 0.0 MiB)
Memory usage after reset: 8550.703125 MiB (Increase: 0.0 MiB)
Current lengths of episodes: [94]
Memory usage at done (index 0, length 94, since_prev 94): 8550.703125 MiB (Increase: 0.0 MiB)
Memory usage before reset: 8550.703125 MiB (Increase: 0.0 MiB)
Memory usage after reset: 8550.703125 MiB (Increase: 0.0 MiB)
Current lengths of episodes: [1600]
Memory usage at done (index 0, length 1600, since_prev 1600): 8550.703125 MiB (Increase: 0.0 MiB)
Memory usage before reset: 8550.703125 MiB (Increase: 0.0 MiB)
Memory usage after reset: 8550.703125 MiB (Increase: 0.0 MiB)
Current lengths of episodes: [84]
Memory usage at done (index 0, length 84, since_prev 84): 8550.703125 MiB (Increase: 0.0 MiB)
Memory usage before reset: 8550.703125 MiB (Increase: 0.0 MiB)
Memory usage after reset: 8550.703125 MiB (Increase: 0.0 MiB)
Current lengths of episodes: [1600]
Memory usage at done (index 0, length 1600, since_prev 1600): 8550.703125 MiB (Increase: 0.0 MiB)
Memory usage before reset: 8550.703125 MiB (Increase: 0.0 MiB)
Memory usage after reset: 8550.703125 MiB (Increase: 0.0 MiB)
Current lengths of episodes: [1600]
Memory usage at done (index 0, length 1600, since_prev 1600): 8550.703125 MiB (Increase: 0.0 MiB)
Memory usage before reset: 8550.703125 MiB (Increase: 0.0 MiB)
Memory usage after reset: 8550.703125 MiB (Increase: 0.0 MiB)
Current lengths of episodes: [1600]
Memory usage at done (index 0, length 1600, since_prev 1600): 8550.703125 MiB (Increase: 0.0 MiB)
Memory usage before reset: 8550.703125 MiB (Increase: 0.0 MiB)
Memory usage after reset: 8550.703125 MiB (Increase: 0.0 MiB)
Current lengths of episodes: [55]
Memory usage at done (index 0, length 55, since_prev 55): 8550.703125 MiB (Increase: 0.0 MiB)
Memory usage before reset: 8550.703125 MiB (Increase: 0.0 MiB)
Memory usage after reset: 8550.703125 MiB (Increase: 0.0 MiB)
Training episode 690
Memory usage at middle: 8550.703125 MiB (Increase: 0.0 MiB)
Memory usage before collect: 8550.703125 MiB (Increase: 0.0 MiB)
Memory usage after collect: 8550.703125 MiB (Increase: 0.0 MiB)
Memory usage before initialization: 8550.703125 MiB (Increase: 0.0 MiB)
Memory usage after initialization: 8550.703125 MiB (Increase: 0.0 MiB)
Current lengths of episodes: [1600]
Memory usage at done (index 0, length 1600, since_prev 1600): 8550.703125 MiB (Increase: 0.0 MiB)
Memory usage before reset: 8550.703125 MiB (Increase: 0.0 MiB)
Memory usage after reset: 8550.703125 MiB (Increase: 0.0 MiB)
Current lengths of episodes: [809]
Memory usage at done (index 0, length 809, since_prev 809): 8550.703125 MiB (Increase: 0.0 MiB)
Memory usage before reset: 8550.703125 MiB (Increase: 0.0 MiB)
Memory usage after reset: 8550.703125 MiB (Increase: 0.0 MiB)
Current lengths of episodes: [1600]
Memory usage at done (index 0, length 1600, since_prev 1600): 8550.703125 MiB (Increase: 0.0 MiB)
Memory usage before reset: 8550.703125 MiB (Increase: 0.0 MiB)
Memory usage after reset: 8550.703125 MiB (Increase: 0.0 MiB)
Current lengths of episodes: [47]
Memory usage at done (index 0, length 47, since_prev 47): 8550.703125 MiB (Increase: 0.0 MiB)
Memory usage before reset: 8550.703125 MiB (Increase: 0.0 MiB)
Memory usage after reset: 8550.703125 MiB (Increase: 0.0 MiB)
Current lengths of episodes: [1600]
Memory usage at done (index 0, length 1600, since_prev 1600): 8550.703125 MiB (Increase: 0.0 MiB)
Memory usage before reset: 8550.703125 MiB (Increase: 0.0 MiB)
Memory usage after reset: 8550.703125 MiB (Increase: 0.0 MiB)
Current lengths of episodes: [1600]
Memory usage at done (index 0, length 1600, since_prev 1600): 8550.703125 MiB (Increase: 0.0 MiB)
Memory usage before reset: 8550.703125 MiB (Increase: 0.0 MiB)
Memory usage after reset: 8550.703125 MiB (Increase: 0.0 MiB)
Current lengths of episodes: [80]
Memory usage at done (index 0, length 80, since_prev 80): 8550.703125 MiB (Increase: 0.0 MiB)
Memory usage before reset: 8550.703125 MiB (Increase: 0.0 MiB)
Memory usage after reset: 8550.703125 MiB (Increase: 0.0 MiB)
Current lengths of episodes: [49]
Memory usage at done (index 0, length 49, since_prev 49): 8550.703125 MiB (Increase: 0.0 MiB)
Memory usage before reset: 8550.703125 MiB (Increase: 0.0 MiB)
Memory usage after reset: 8550.703125 MiB (Increase: 0.0 MiB)
Current lengths of episodes: [555]
Memory usage at done (index 0, length 555, since_prev 555): 8550.703125 MiB (Increase: 0.0 MiB)
Memory usage before reset: 8550.703125 MiB (Increase: 0.0 MiB)
Memory usage after reset: 8550.703125 MiB (Increase: 0.0 MiB)
Current lengths of episodes: [37]
Memory usage at done (index 0, length 37, since_prev 37): 8550.703125 MiB (Increase: 0.0 MiB)
Memory usage before reset: 8550.703125 MiB (Increase: 0.0 MiB)
Memory usage after reset: 8550.703125 MiB (Increase: 0.0 MiB)
Training episode 700
Memory usage at middle: 8550.703125 MiB (Increase: 0.0 MiB)
Memory usage before collect: 8550.703125 MiB (Increase: 0.0 MiB)
Memory usage after collect: 8550.703125 MiB (Increase: 0.0 MiB)
Episode 700	Average evaluation: -97.87883726015403
Memory usage before initialization: 8550.703125 MiB (Increase: 0.0 MiB)
Memory usage after initialization: 8550.703125 MiB (Increase: 0.0 MiB)
Current lengths of episodes: [1600]
Memory usage at done (index 0, length 1600, since_prev 1600): 8550.703125 MiB (Increase: 0.0 MiB)
Memory usage before reset: 8550.703125 MiB (Increase: 0.0 MiB)
Memory usage after reset: 8550.703125 MiB (Increase: 0.0 MiB)
Current lengths of episodes: [44]
Memory usage at done (index 0, length 44, since_prev 44): 8550.703125 MiB (Increase: 0.0 MiB)
Memory usage before reset: 8550.703125 MiB (Increase: 0.0 MiB)
Memory usage after reset: 8550.703125 MiB (Increase: 0.0 MiB)
Current lengths of episodes: [77]
Memory usage at done (index 0, length 77, since_prev 77): 8550.703125 MiB (Increase: 0.0 MiB)
Memory usage before reset: 8550.703125 MiB (Increase: 0.0 MiB)
Memory usage after reset: 8550.703125 MiB (Increase: 0.0 MiB)
Current lengths of episodes: [1600]
Memory usage at done (index 0, length 1600, since_prev 1600): 8550.703125 MiB (Increase: 0.0 MiB)
Memory usage before reset: 8550.703125 MiB (Increase: 0.0 MiB)
Memory usage after reset: 8550.703125 MiB (Increase: 0.0 MiB)
Current lengths of episodes: [47]
Memory usage at done (index 0, length 47, since_prev 47): 8550.703125 MiB (Increase: 0.0 MiB)
Memory usage before reset: 8550.703125 MiB (Increase: 0.0 MiB)
Memory usage after reset: 8550.703125 MiB (Increase: 0.0 MiB)
Current lengths of episodes: [1600]
Memory usage at done (index 0, length 1600, since_prev 1600): 8550.703125 MiB (Increase: 0.0 MiB)
Memory usage before reset: 8550.703125 MiB (Increase: 0.0 MiB)
Memory usage after reset: 8550.703125 MiB (Increase: 0.0 MiB)
Current lengths of episodes: [1600]
Memory usage at done (index 0, length 1600, since_prev 1600): 8550.703125 MiB (Increase: 0.0 MiB)
Memory usage before reset: 8550.703125 MiB (Increase: 0.0 MiB)
Memory usage after reset: 8550.703125 MiB (Increase: 0.0 MiB)
Current lengths of episodes: [69]
Memory usage at done (index 0, length 69, since_prev 69): 8550.703125 MiB (Increase: 0.0 MiB)
Memory usage before reset: 8550.703125 MiB (Increase: 0.0 MiB)
Memory usage after reset: 8550.703125 MiB (Increase: 0.0 MiB)
Current lengths of episodes: [53]
Memory usage at done (index 0, length 53, since_prev 53): 8550.703125 MiB (Increase: 0.0 MiB)
Memory usage before reset: 8550.703125 MiB (Increase: 0.0 MiB)
Memory usage after reset: 8550.703125 MiB (Increase: 0.0 MiB)
Current lengths of episodes: [1600]
Memory usage at done (index 0, length 1600, since_prev 1600): 8550.703125 MiB (Increase: 0.0 MiB)
Memory usage before reset: 8550.703125 MiB (Increase: 0.0 MiB)
Memory usage after reset: 8550.703125 MiB (Increase: 0.0 MiB)
Training episode 710
Memory usage at middle: 8550.703125 MiB (Increase: 0.0 MiB)
Memory usage before collect: 8550.703125 MiB (Increase: 0.0 MiB)
Memory usage after collect: 8550.703125 MiB (Increase: 0.0 MiB)
Memory usage before initialization: 8550.703125 MiB (Increase: 0.0 MiB)
Memory usage after initialization: 8550.703125 MiB (Increase: 0.0 MiB)
Current lengths of episodes: [74]
Memory usage at done (index 0, length 74, since_prev 74): 8550.703125 MiB (Increase: 0.0 MiB)
Memory usage before reset: 8550.703125 MiB (Increase: 0.0 MiB)
Memory usage after reset: 8550.703125 MiB (Increase: 0.0 MiB)
Current lengths of episodes: [1600]
Memory usage at done (index 0, length 1600, since_prev 1600): 8550.703125 MiB (Increase: 0.0 MiB)
Memory usage before reset: 8550.703125 MiB (Increase: 0.0 MiB)
Memory usage after reset: 8550.703125 MiB (Increase: 0.0 MiB)
Current lengths of episodes: [1600]
Memory usage at done (index 0, length 1600, since_prev 1600): 8550.703125 MiB (Increase: 0.0 MiB)
Memory usage before reset: 8550.703125 MiB (Increase: 0.0 MiB)
Memory usage after reset: 8550.703125 MiB (Increase: 0.0 MiB)
Current lengths of episodes: [63]
Memory usage at done (index 0, length 63, since_prev 63): 8550.703125 MiB (Increase: 0.0 MiB)
Memory usage before reset: 8550.703125 MiB (Increase: 0.0 MiB)
Memory usage after reset: 8550.703125 MiB (Increase: 0.0 MiB)
Current lengths of episodes: [1600]
Memory usage at done (index 0, length 1600, since_prev 1600): 8550.703125 MiB (Increase: 0.0 MiB)
Memory usage before reset: 8550.703125 MiB (Increase: 0.0 MiB)
Memory usage after reset: 8550.703125 MiB (Increase: 0.0 MiB)
Current lengths of episodes: [63]
Memory usage at done (index 0, length 63, since_prev 63): 8550.703125 MiB (Increase: 0.0 MiB)
Memory usage before reset: 8550.703125 MiB (Increase: 0.0 MiB)
Memory usage after reset: 8550.703125 MiB (Increase: 0.0 MiB)
Current lengths of episodes: [1600]
Memory usage at done (index 0, length 1600, since_prev 1600): 8550.703125 MiB (Increase: 0.0 MiB)
Memory usage before reset: 8550.703125 MiB (Increase: 0.0 MiB)
Memory usage after reset: 8550.703125 MiB (Increase: 0.0 MiB)
Current lengths of episodes: [57]
Memory usage at done (index 0, length 57, since_prev 57): 8550.703125 MiB (Increase: 0.0 MiB)
Memory usage before reset: 8550.703125 MiB (Increase: 0.0 MiB)
Memory usage after reset: 8550.703125 MiB (Increase: 0.0 MiB)
Current lengths of episodes: [1600]
Memory usage at done (index 0, length 1600, since_prev 1600): 8550.703125 MiB (Increase: 0.0 MiB)
Memory usage before reset: 8550.703125 MiB (Increase: 0.0 MiB)
Memory usage after reset: 8550.703125 MiB (Increase: 0.0 MiB)
Current lengths of episodes: [93]
Memory usage at done (index 0, length 93, since_prev 93): 8550.703125 MiB (Increase: 0.0 MiB)
Memory usage before reset: 8550.703125 MiB (Increase: 0.0 MiB)
Memory usage after reset: 8550.703125 MiB (Increase: 0.0 MiB)
Training episode 720
Memory usage at middle: 8550.703125 MiB (Increase: 0.0 MiB)
Memory usage before collect: 8550.703125 MiB (Increase: 0.0 MiB)
Memory usage after collect: 8550.703125 MiB (Increase: 0.0 MiB)
Memory usage before initialization: 8550.703125 MiB (Increase: 0.0 MiB)
Memory usage after initialization: 8550.703125 MiB (Increase: 0.0 MiB)
Current lengths of episodes: [66]
Memory usage at done (index 0, length 66, since_prev 66): 8550.703125 MiB (Increase: 0.0 MiB)
Memory usage before reset: 8550.703125 MiB (Increase: 0.0 MiB)
Memory usage after reset: 8550.703125 MiB (Increase: 0.0 MiB)
Current lengths of episodes: [1130]
Memory usage at done (index 0, length 1130, since_prev 1130): 8550.703125 MiB (Increase: 0.0 MiB)
Memory usage before reset: 8550.703125 MiB (Increase: 0.0 MiB)
Memory usage after reset: 8550.703125 MiB (Increase: 0.0 MiB)
Current lengths of episodes: [68]
Memory usage at done (index 0, length 68, since_prev 68): 8550.703125 MiB (Increase: 0.0 MiB)
Memory usage before reset: 8550.703125 MiB (Increase: 0.0 MiB)
Memory usage after reset: 8550.703125 MiB (Increase: 0.0 MiB)
Current lengths of episodes: [1600]
Memory usage at done (index 0, length 1600, since_prev 1600): 8550.703125 MiB (Increase: 0.0 MiB)
Memory usage before reset: 8550.703125 MiB (Increase: 0.0 MiB)
Memory usage after reset: 8550.703125 MiB (Increase: 0.0 MiB)
Current lengths of episodes: [1600]
Memory usage at done (index 0, length 1600, since_prev 1600): 8550.703125 MiB (Increase: 0.0 MiB)
Memory usage before reset: 8550.703125 MiB (Increase: 0.0 MiB)
Memory usage after reset: 8550.703125 MiB (Increase: 0.0 MiB)
Current lengths of episodes: [114]
Memory usage at done (index 0, length 114, since_prev 114): 8550.703125 MiB (Increase: 0.0 MiB)
Memory usage before reset: 8550.703125 MiB (Increase: 0.0 MiB)
Memory usage after reset: 8550.703125 MiB (Increase: 0.0 MiB)
Current lengths of episodes: [78]
Memory usage at done (index 0, length 78, since_prev 78): 8550.703125 MiB (Increase: 0.0 MiB)
Memory usage before reset: 8550.703125 MiB (Increase: 0.0 MiB)
Memory usage after reset: 8550.703125 MiB (Increase: 0.0 MiB)
Current lengths of episodes: [505]
Memory usage at done (index 0, length 505, since_prev 505): 8550.703125 MiB (Increase: 0.0 MiB)
Memory usage before reset: 8550.703125 MiB (Increase: 0.0 MiB)
Memory usage after reset: 8550.703125 MiB (Increase: 0.0 MiB)
Current lengths of episodes: [69]
Memory usage at done (index 0, length 69, since_prev 69): 8550.703125 MiB (Increase: 0.0 MiB)
Memory usage before reset: 8550.703125 MiB (Increase: 0.0 MiB)
Memory usage after reset: 8550.703125 MiB (Increase: 0.0 MiB)
Current lengths of episodes: [1600]
Memory usage at done (index 0, length 1600, since_prev 1600): 8550.703125 MiB (Increase: 0.0 MiB)
Memory usage before reset: 8550.703125 MiB (Increase: 0.0 MiB)
Memory usage after reset: 8550.703125 MiB (Increase: 0.0 MiB)
Training episode 730
Memory usage at middle: 8550.703125 MiB (Increase: 0.0 MiB)
Memory usage before collect: 8550.703125 MiB (Increase: 0.0 MiB)
Memory usage after collect: 8550.703125 MiB (Increase: 0.0 MiB)
Memory usage before initialization: 8550.703125 MiB (Increase: 0.0 MiB)
Memory usage after initialization: 8550.703125 MiB (Increase: 0.0 MiB)
Current lengths of episodes: [59]
Memory usage at done (index 0, length 59, since_prev 59): 8550.703125 MiB (Increase: 0.0 MiB)
Memory usage before reset: 8550.703125 MiB (Increase: 0.0 MiB)
Memory usage after reset: 8550.703125 MiB (Increase: 0.0 MiB)
Current lengths of episodes: [212]
Memory usage at done (index 0, length 212, since_prev 212): 8550.703125 MiB (Increase: 0.0 MiB)
Memory usage before reset: 8550.703125 MiB (Increase: 0.0 MiB)
Memory usage after reset: 8550.703125 MiB (Increase: 0.0 MiB)
Current lengths of episodes: [1600]
Memory usage at done (index 0, length 1600, since_prev 1600): 8550.703125 MiB (Increase: 0.0 MiB)
Memory usage before reset: 8550.703125 MiB (Increase: 0.0 MiB)
Memory usage after reset: 8550.703125 MiB (Increase: 0.0 MiB)
Current lengths of episodes: [55]
Memory usage at done (index 0, length 55, since_prev 55): 8550.703125 MiB (Increase: 0.0 MiB)
Memory usage before reset: 8550.703125 MiB (Increase: 0.0 MiB)
Memory usage after reset: 8550.703125 MiB (Increase: 0.0 MiB)
Current lengths of episodes: [1600]
Memory usage at done (index 0, length 1600, since_prev 1600): 8550.703125 MiB (Increase: 0.0 MiB)
Memory usage before reset: 8550.703125 MiB (Increase: 0.0 MiB)
Memory usage after reset: 8550.703125 MiB (Increase: 0.0 MiB)
Current lengths of episodes: [1600]
Memory usage at done (index 0, length 1600, since_prev 1600): 8550.703125 MiB (Increase: 0.0 MiB)
Memory usage before reset: 8550.703125 MiB (Increase: 0.0 MiB)
Memory usage after reset: 8550.703125 MiB (Increase: 0.0 MiB)
Current lengths of episodes: [54]
Memory usage at done (index 0, length 54, since_prev 54): 8550.703125 MiB (Increase: 0.0 MiB)
Memory usage before reset: 8550.703125 MiB (Increase: 0.0 MiB)
Memory usage after reset: 8550.703125 MiB (Increase: 0.0 MiB)
Current lengths of episodes: [51]
Memory usage at done (index 0, length 51, since_prev 51): 8550.703125 MiB (Increase: 0.0 MiB)
Memory usage before reset: 8550.703125 MiB (Increase: 0.0 MiB)
Memory usage after reset: 8550.703125 MiB (Increase: 0.0 MiB)
Current lengths of episodes: [1600]
Memory usage at done (index 0, length 1600, since_prev 1600): 8550.703125 MiB (Increase: 0.0 MiB)
Memory usage before reset: 8550.703125 MiB (Increase: 0.0 MiB)
Memory usage after reset: 8550.703125 MiB (Increase: 0.0 MiB)
Current lengths of episodes: [80]
Memory usage at done (index 0, length 80, since_prev 80): 8550.703125 MiB (Increase: 0.0 MiB)
Memory usage before reset: 8550.703125 MiB (Increase: 0.0 MiB)
Memory usage after reset: 8550.703125 MiB (Increase: 0.0 MiB)
Training episode 740
Memory usage at middle: 8550.703125 MiB (Increase: 0.0 MiB)
Memory usage before collect: 8550.703125 MiB (Increase: 0.0 MiB)
Memory usage after collect: 8550.703125 MiB (Increase: 0.0 MiB)
Memory usage before initialization: 8550.703125 MiB (Increase: 0.0 MiB)
Memory usage after initialization: 8550.703125 MiB (Increase: 0.0 MiB)
Current lengths of episodes: [1600]
Memory usage at done (index 0, length 1600, since_prev 1600): 8550.703125 MiB (Increase: 0.0 MiB)
Memory usage before reset: 8550.703125 MiB (Increase: 0.0 MiB)
Memory usage after reset: 8550.703125 MiB (Increase: 0.0 MiB)
Current lengths of episodes: [52]
Memory usage at done (index 0, length 52, since_prev 52): 8550.703125 MiB (Increase: 0.0 MiB)
Memory usage before reset: 8550.703125 MiB (Increase: 0.0 MiB)
Memory usage after reset: 8550.703125 MiB (Increase: 0.0 MiB)
Current lengths of episodes: [105]
Memory usage at done (index 0, length 105, since_prev 105): 8550.703125 MiB (Increase: 0.0 MiB)
Memory usage before reset: 8550.703125 MiB (Increase: 0.0 MiB)
Memory usage after reset: 8550.703125 MiB (Increase: 0.0 MiB)
Current lengths of episodes: [1600]
Memory usage at done (index 0, length 1600, since_prev 1600): 8550.703125 MiB (Increase: 0.0 MiB)
Memory usage before reset: 8550.703125 MiB (Increase: 0.0 MiB)
Memory usage after reset: 8550.703125 MiB (Increase: 0.0 MiB)
Current lengths of episodes: [70]
Memory usage at done (index 0, length 70, since_prev 70): 8550.703125 MiB (Increase: 0.0 MiB)
Memory usage before reset: 8550.703125 MiB (Increase: 0.0 MiB)
Memory usage after reset: 8550.703125 MiB (Increase: 0.0 MiB)
Current lengths of episodes: [73]
Memory usage at done (index 0, length 73, since_prev 73): 8550.703125 MiB (Increase: 0.0 MiB)
Memory usage before reset: 8550.703125 MiB (Increase: 0.0 MiB)
Memory usage after reset: 8550.703125 MiB (Increase: 0.0 MiB)
Current lengths of episodes: [1600]
Memory usage at done (index 0, length 1600, since_prev 1600): 8550.703125 MiB (Increase: 0.0 MiB)
Memory usage before reset: 8550.703125 MiB (Increase: 0.0 MiB)
Memory usage after reset: 8550.703125 MiB (Increase: 0.0 MiB)
Current lengths of episodes: [47]
Memory usage at done (index 0, length 47, since_prev 47): 8550.703125 MiB (Increase: 0.0 MiB)
Memory usage before reset: 8550.703125 MiB (Increase: 0.0 MiB)
Memory usage after reset: 8550.703125 MiB (Increase: 0.0 MiB)
Current lengths of episodes: [1600]
Memory usage at done (index 0, length 1600, since_prev 1600): 8550.703125 MiB (Increase: 0.0 MiB)
Memory usage before reset: 8550.703125 MiB (Increase: 0.0 MiB)
Memory usage after reset: 8550.703125 MiB (Increase: 0.0 MiB)
Current lengths of episodes: [89]
Memory usage at done (index 0, length 89, since_prev 89): 8550.703125 MiB (Increase: 0.0 MiB)
Memory usage before reset: 8550.703125 MiB (Increase: 0.0 MiB)
Memory usage after reset: 8550.703125 MiB (Increase: 0.0 MiB)
Training episode 750
Memory usage at middle: 8550.703125 MiB (Increase: 0.0 MiB)
Memory usage before collect: 8550.703125 MiB (Increase: 0.0 MiB)
Memory usage after collect: 8550.703125 MiB (Increase: 0.0 MiB)
Episode 750	Average evaluation: -98.31162622433939
Memory usage before initialization: 8550.703125 MiB (Increase: 0.0 MiB)
Memory usage after initialization: 8550.703125 MiB (Increase: 0.0 MiB)
Current lengths of episodes: [106]
Memory usage at done (index 0, length 106, since_prev 106): 8550.703125 MiB (Increase: 0.0 MiB)
Memory usage before reset: 8550.703125 MiB (Increase: 0.0 MiB)
Memory usage after reset: 8550.703125 MiB (Increase: 0.0 MiB)
Current lengths of episodes: [1600]
Memory usage at done (index 0, length 1600, since_prev 1600): 8550.703125 MiB (Increase: 0.0 MiB)
Memory usage before reset: 8550.703125 MiB (Increase: 0.0 MiB)
Memory usage after reset: 8550.703125 MiB (Increase: 0.0 MiB)
Current lengths of episodes: [1600]
Memory usage at done (index 0, length 1600, since_prev 1600): 8550.703125 MiB (Increase: 0.0 MiB)
Memory usage before reset: 8550.703125 MiB (Increase: 0.0 MiB)
Memory usage after reset: 8550.703125 MiB (Increase: 0.0 MiB)
Current lengths of episodes: [67]
Memory usage at done (index 0, length 67, since_prev 67): 8550.703125 MiB (Increase: 0.0 MiB)
Memory usage before reset: 8550.703125 MiB (Increase: 0.0 MiB)
Memory usage after reset: 8550.703125 MiB (Increase: 0.0 MiB)
Current lengths of episodes: [1600]
Memory usage at done (index 0, length 1600, since_prev 1600): 8550.703125 MiB (Increase: 0.0 MiB)
Memory usage before reset: 8550.703125 MiB (Increase: 0.0 MiB)
Memory usage after reset: 8550.703125 MiB (Increase: 0.0 MiB)
Current lengths of episodes: [60]
Memory usage at done (index 0, length 60, since_prev 60): 8550.703125 MiB (Increase: 0.0 MiB)
Memory usage before reset: 8550.703125 MiB (Increase: 0.0 MiB)
Memory usage after reset: 8550.703125 MiB (Increase: 0.0 MiB)
Current lengths of episodes: [1600]
Memory usage at done (index 0, length 1600, since_prev 1600): 8550.703125 MiB (Increase: 0.0 MiB)
Memory usage before reset: 8550.703125 MiB (Increase: 0.0 MiB)
Memory usage after reset: 8550.703125 MiB (Increase: 0.0 MiB)
Current lengths of episodes: [1139]
Memory usage at done (index 0, length 1139, since_prev 1139): 8550.703125 MiB (Increase: 0.0 MiB)
Memory usage before reset: 8550.703125 MiB (Increase: 0.0 MiB)
Memory usage after reset: 8550.703125 MiB (Increase: 0.0 MiB)
Current lengths of episodes: [1600]
Memory usage at done (index 0, length 1600, since_prev 1600): 8550.703125 MiB (Increase: 0.0 MiB)
Memory usage before reset: 8550.703125 MiB (Increase: 0.0 MiB)
Memory usage after reset: 8550.703125 MiB (Increase: 0.0 MiB)
Current lengths of episodes: [1600]
Memory usage at done (index 0, length 1600, since_prev 1600): 8550.703125 MiB (Increase: 0.0 MiB)
Memory usage before reset: 8550.703125 MiB (Increase: 0.0 MiB)
Memory usage after reset: 8550.703125 MiB (Increase: 0.0 MiB)
Training episode 760
Memory usage at middle: 8550.703125 MiB (Increase: 0.0 MiB)
Memory usage before collect: 8550.703125 MiB (Increase: 0.0 MiB)
Memory usage after collect: 8550.703125 MiB (Increase: 0.0 MiB)
Memory usage before initialization: 8550.703125 MiB (Increase: 0.0 MiB)
Memory usage after initialization: 8550.703125 MiB (Increase: 0.0 MiB)
Current lengths of episodes: [57]
Memory usage at done (index 0, length 57, since_prev 57): 8550.703125 MiB (Increase: 0.0 MiB)
Memory usage before reset: 8550.703125 MiB (Increase: 0.0 MiB)
Memory usage after reset: 8550.703125 MiB (Increase: 0.0 MiB)
Current lengths of episodes: [85]
Memory usage at done (index 0, length 85, since_prev 85): 8550.703125 MiB (Increase: 0.0 MiB)
Memory usage before reset: 8550.703125 MiB (Increase: 0.0 MiB)
Memory usage after reset: 8550.703125 MiB (Increase: 0.0 MiB)
Current lengths of episodes: [1600]
Memory usage at done (index 0, length 1600, since_prev 1600): 8550.703125 MiB (Increase: 0.0 MiB)
Memory usage before reset: 8550.703125 MiB (Increase: 0.0 MiB)
Memory usage after reset: 8550.703125 MiB (Increase: 0.0 MiB)
Current lengths of episodes: [1600]
Memory usage at done (index 0, length 1600, since_prev 1600): 8550.703125 MiB (Increase: 0.0 MiB)
Memory usage before reset: 8550.703125 MiB (Increase: 0.0 MiB)
Memory usage after reset: 8550.703125 MiB (Increase: 0.0 MiB)
Current lengths of episodes: [1600]
Memory usage at done (index 0, length 1600, since_prev 1600): 8550.703125 MiB (Increase: 0.0 MiB)
Memory usage before reset: 8550.703125 MiB (Increase: 0.0 MiB)
Memory usage after reset: 8550.703125 MiB (Increase: 0.0 MiB)
Current lengths of episodes: [61]
Memory usage at done (index 0, length 61, since_prev 61): 8550.703125 MiB (Increase: 0.0 MiB)
Memory usage before reset: 8550.703125 MiB (Increase: 0.0 MiB)
Memory usage after reset: 8550.703125 MiB (Increase: 0.0 MiB)
Current lengths of episodes: [55]
Memory usage at done (index 0, length 55, since_prev 55): 8550.703125 MiB (Increase: 0.0 MiB)
Memory usage before reset: 8550.703125 MiB (Increase: 0.0 MiB)
Memory usage after reset: 8550.703125 MiB (Increase: 0.0 MiB)
Current lengths of episodes: [1600]
Memory usage at done (index 0, length 1600, since_prev 1600): 8550.703125 MiB (Increase: 0.0 MiB)
Memory usage before reset: 8550.703125 MiB (Increase: 0.0 MiB)
Memory usage after reset: 8550.703125 MiB (Increase: 0.0 MiB)
Current lengths of episodes: [459]
Memory usage at done (index 0, length 459, since_prev 459): 8550.703125 MiB (Increase: 0.0 MiB)
Memory usage before reset: 8550.703125 MiB (Increase: 0.0 MiB)
Memory usage after reset: 8550.703125 MiB (Increase: 0.0 MiB)
Current lengths of episodes: [53]
Memory usage at done (index 0, length 53, since_prev 53): 8550.703125 MiB (Increase: 0.0 MiB)
Memory usage before reset: 8550.703125 MiB (Increase: 0.0 MiB)
Memory usage after reset: 8550.703125 MiB (Increase: 0.0 MiB)
Training episode 770
Memory usage at middle: 8550.703125 MiB (Increase: 0.0 MiB)
Memory usage before collect: 8550.703125 MiB (Increase: 0.0 MiB)
Memory usage after collect: 8550.703125 MiB (Increase: 0.0 MiB)
Memory usage before initialization: 8550.703125 MiB (Increase: 0.0 MiB)
Memory usage after initialization: 8550.703125 MiB (Increase: 0.0 MiB)
Current lengths of episodes: [1600]
Memory usage at done (index 0, length 1600, since_prev 1600): 8550.703125 MiB (Increase: 0.0 MiB)
Memory usage before reset: 8550.703125 MiB (Increase: 0.0 MiB)
Memory usage after reset: 8550.703125 MiB (Increase: 0.0 MiB)
Current lengths of episodes: [85]
Memory usage at done (index 0, length 85, since_prev 85): 8550.703125 MiB (Increase: 0.0 MiB)
Memory usage before reset: 8550.703125 MiB (Increase: 0.0 MiB)
Memory usage after reset: 8550.703125 MiB (Increase: 0.0 MiB)
Current lengths of episodes: [72]
Memory usage at done (index 0, length 72, since_prev 72): 8550.703125 MiB (Increase: 0.0 MiB)
Memory usage before reset: 8550.703125 MiB (Increase: 0.0 MiB)
Memory usage after reset: 8550.703125 MiB (Increase: 0.0 MiB)
Current lengths of episodes: [1600]
Memory usage at done (index 0, length 1600, since_prev 1600): 8550.703125 MiB (Increase: 0.0 MiB)
Memory usage before reset: 8550.703125 MiB (Increase: 0.0 MiB)
Memory usage after reset: 8550.703125 MiB (Increase: 0.0 MiB)
Current lengths of episodes: [79]
Memory usage at done (index 0, length 79, since_prev 79): 8550.703125 MiB (Increase: 0.0 MiB)
Memory usage before reset: 8550.703125 MiB (Increase: 0.0 MiB)
Memory usage after reset: 8550.703125 MiB (Increase: 0.0 MiB)
Current lengths of episodes: [61]
Memory usage at done (index 0, length 61, since_prev 61): 8550.703125 MiB (Increase: 0.0 MiB)
Memory usage before reset: 8550.703125 MiB (Increase: 0.0 MiB)
Memory usage after reset: 8550.703125 MiB (Increase: 0.0 MiB)
Current lengths of episodes: [104]
Memory usage at done (index 0, length 104, since_prev 104): 8550.703125 MiB (Increase: 0.0 MiB)
Memory usage before reset: 8550.703125 MiB (Increase: 0.0 MiB)
Memory usage after reset: 8550.703125 MiB (Increase: 0.0 MiB)
Current lengths of episodes: [1600]
Memory usage at done (index 0, length 1600, since_prev 1600): 8550.703125 MiB (Increase: 0.0 MiB)
Memory usage before reset: 8550.703125 MiB (Increase: 0.0 MiB)
Memory usage after reset: 8550.703125 MiB (Increase: 0.0 MiB)
Current lengths of episodes: [57]
Memory usage at done (index 0, length 57, since_prev 57): 8550.703125 MiB (Increase: 0.0 MiB)
Memory usage before reset: 8550.703125 MiB (Increase: 0.0 MiB)
Memory usage after reset: 8550.703125 MiB (Increase: 0.0 MiB)
Current lengths of episodes: [1600]
Memory usage at done (index 0, length 1600, since_prev 1600): 8550.703125 MiB (Increase: 0.0 MiB)
Memory usage before reset: 8550.703125 MiB (Increase: 0.0 MiB)
Memory usage after reset: 8550.703125 MiB (Increase: 0.0 MiB)
Training episode 780
Memory usage at middle: 8550.703125 MiB (Increase: 0.0 MiB)
Memory usage before collect: 8550.703125 MiB (Increase: 0.0 MiB)
Memory usage after collect: 8550.703125 MiB (Increase: 0.0 MiB)
Memory usage before initialization: 8550.703125 MiB (Increase: 0.0 MiB)
Memory usage after initialization: 8550.703125 MiB (Increase: 0.0 MiB)
Current lengths of episodes: [91]
Memory usage at done (index 0, length 91, since_prev 91): 8550.703125 MiB (Increase: 0.0 MiB)
Memory usage before reset: 8550.703125 MiB (Increase: 0.0 MiB)
Memory usage after reset: 8550.703125 MiB (Increase: 0.0 MiB)
Current lengths of episodes: [1600]
Memory usage at done (index 0, length 1600, since_prev 1600): 8550.703125 MiB (Increase: 0.0 MiB)
Memory usage before reset: 8550.703125 MiB (Increase: 0.0 MiB)
Memory usage after reset: 8550.703125 MiB (Increase: 0.0 MiB)
Current lengths of episodes: [1600]
Memory usage at done (index 0, length 1600, since_prev 1600): 8550.703125 MiB (Increase: 0.0 MiB)
Memory usage before reset: 8550.703125 MiB (Increase: 0.0 MiB)
Memory usage after reset: 8550.703125 MiB (Increase: 0.0 MiB)
Current lengths of episodes: [62]
Memory usage at done (index 0, length 62, since_prev 62): 8550.703125 MiB (Increase: 0.0 MiB)
Memory usage before reset: 8550.703125 MiB (Increase: 0.0 MiB)
Memory usage after reset: 8550.703125 MiB (Increase: 0.0 MiB)
Current lengths of episodes: [72]
Memory usage at done (index 0, length 72, since_prev 72): 8550.703125 MiB (Increase: 0.0 MiB)
Memory usage before reset: 8550.703125 MiB (Increase: 0.0 MiB)
Memory usage after reset: 8550.703125 MiB (Increase: 0.0 MiB)
Current lengths of episodes: [1600]
Memory usage at done (index 0, length 1600, since_prev 1600): 8550.703125 MiB (Increase: 0.0 MiB)
Memory usage before reset: 8550.703125 MiB (Increase: 0.0 MiB)
Memory usage after reset: 8550.703125 MiB (Increase: 0.0 MiB)
Current lengths of episodes: [1600]
Memory usage at done (index 0, length 1600, since_prev 1600): 8550.703125 MiB (Increase: 0.0 MiB)
Memory usage before reset: 8550.703125 MiB (Increase: 0.0 MiB)
Memory usage after reset: 8550.703125 MiB (Increase: 0.0 MiB)
Current lengths of episodes: [1600]
Memory usage at done (index 0, length 1600, since_prev 1600): 8550.703125 MiB (Increase: 0.0 MiB)
Memory usage before reset: 8550.703125 MiB (Increase: 0.0 MiB)
Memory usage after reset: 8550.703125 MiB (Increase: 0.0 MiB)
Current lengths of episodes: [1600]
Memory usage at done (index 0, length 1600, since_prev 1600): 8550.703125 MiB (Increase: 0.0 MiB)
Memory usage before reset: 8550.703125 MiB (Increase: 0.0 MiB)
Memory usage after reset: 8550.703125 MiB (Increase: 0.0 MiB)
Current lengths of episodes: [1600]
Memory usage at done (index 0, length 1600, since_prev 1600): 8550.703125 MiB (Increase: 0.0 MiB)
Memory usage before reset: 8550.703125 MiB (Increase: 0.0 MiB)
Memory usage after reset: 8550.703125 MiB (Increase: 0.0 MiB)
Training episode 790
Memory usage at middle: 8550.703125 MiB (Increase: 0.0 MiB)
Memory usage before collect: 8550.703125 MiB (Increase: 0.0 MiB)
Memory usage after collect: 8550.703125 MiB (Increase: 0.0 MiB)
Memory usage before initialization: 8550.703125 MiB (Increase: 0.0 MiB)
Memory usage after initialization: 8550.703125 MiB (Increase: 0.0 MiB)
Current lengths of episodes: [322]
Memory usage at done (index 0, length 322, since_prev 322): 8550.703125 MiB (Increase: 0.0 MiB)
Memory usage before reset: 8550.703125 MiB (Increase: 0.0 MiB)
Memory usage after reset: 8550.703125 MiB (Increase: 0.0 MiB)
Current lengths of episodes: [59]
Memory usage at done (index 0, length 59, since_prev 59): 8550.703125 MiB (Increase: 0.0 MiB)
Memory usage before reset: 8550.703125 MiB (Increase: 0.0 MiB)
Memory usage after reset: 8550.703125 MiB (Increase: 0.0 MiB)
Current lengths of episodes: [1600]
Memory usage at done (index 0, length 1600, since_prev 1600): 8550.703125 MiB (Increase: 0.0 MiB)
Memory usage before reset: 8550.703125 MiB (Increase: 0.0 MiB)
Memory usage after reset: 8550.703125 MiB (Increase: 0.0 MiB)
Current lengths of episodes: [80]
Memory usage at done (index 0, length 80, since_prev 80): 8550.703125 MiB (Increase: 0.0 MiB)
Memory usage before reset: 8550.703125 MiB (Increase: 0.0 MiB)
Memory usage after reset: 8550.703125 MiB (Increase: 0.0 MiB)
Current lengths of episodes: [1600]
Memory usage at done (index 0, length 1600, since_prev 1600): 8550.703125 MiB (Increase: 0.0 MiB)
Memory usage before reset: 8550.703125 MiB (Increase: 0.0 MiB)
Memory usage after reset: 8550.703125 MiB (Increase: 0.0 MiB)
Current lengths of episodes: [1600]
Memory usage at done (index 0, length 1600, since_prev 1600): 8550.703125 MiB (Increase: 0.0 MiB)
Memory usage before reset: 8550.703125 MiB (Increase: 0.0 MiB)
Memory usage after reset: 8550.703125 MiB (Increase: 0.0 MiB)
Current lengths of episodes: [1507]
Memory usage at done (index 0, length 1507, since_prev 1507): 8550.703125 MiB (Increase: 0.0 MiB)
Memory usage before reset: 8550.703125 MiB (Increase: 0.0 MiB)
Memory usage after reset: 8550.703125 MiB (Increase: 0.0 MiB)
Current lengths of episodes: [1600]
Memory usage at done (index 0, length 1600, since_prev 1600): 8550.703125 MiB (Increase: 0.0 MiB)
Memory usage before reset: 8550.703125 MiB (Increase: 0.0 MiB)
Memory usage after reset: 8550.703125 MiB (Increase: 0.0 MiB)
Current lengths of episodes: [1600]
Memory usage at done (index 0, length 1600, since_prev 1600): 8550.703125 MiB (Increase: 0.0 MiB)
Memory usage before reset: 8550.703125 MiB (Increase: 0.0 MiB)
Memory usage after reset: 8550.703125 MiB (Increase: 0.0 MiB)
Current lengths of episodes: [48]
Memory usage at done (index 0, length 48, since_prev 48): 8550.703125 MiB (Increase: 0.0 MiB)
Memory usage before reset: 8550.703125 MiB (Increase: 0.0 MiB)
Memory usage after reset: 8550.703125 MiB (Increase: 0.0 MiB)
Training episode 800
Memory usage at middle: 8550.703125 MiB (Increase: 0.0 MiB)
Memory usage before collect: 8550.703125 MiB (Increase: 0.0 MiB)
Memory usage after collect: 8550.703125 MiB (Increase: 0.0 MiB)
Episode 800	Average evaluation: -98.0700733851136
Memory usage before initialization: 8550.703125 MiB (Increase: 0.0 MiB)
Memory usage after initialization: 8550.703125 MiB (Increase: 0.0 MiB)
Current lengths of episodes: [1600]
Memory usage at done (index 0, length 1600, since_prev 1600): 8550.703125 MiB (Increase: 0.0 MiB)
Memory usage before reset: 8550.703125 MiB (Increase: 0.0 MiB)
Memory usage after reset: 8550.703125 MiB (Increase: 0.0 MiB)
Current lengths of episodes: [61]
Memory usage at done (index 0, length 61, since_prev 61): 8550.703125 MiB (Increase: 0.0 MiB)
Memory usage before reset: 8550.703125 MiB (Increase: 0.0 MiB)
Memory usage after reset: 8550.703125 MiB (Increase: 0.0 MiB)
Current lengths of episodes: [1600]
Memory usage at done (index 0, length 1600, since_prev 1600): 8550.703125 MiB (Increase: 0.0 MiB)
Memory usage before reset: 8550.703125 MiB (Increase: 0.0 MiB)
Memory usage after reset: 8550.703125 MiB (Increase: 0.0 MiB)
Current lengths of episodes: [1600]
Memory usage at done (index 0, length 1600, since_prev 1600): 8550.703125 MiB (Increase: 0.0 MiB)
Memory usage before reset: 8550.703125 MiB (Increase: 0.0 MiB)
Memory usage after reset: 8550.703125 MiB (Increase: 0.0 MiB)
Current lengths of episodes: [91]
Memory usage at done (index 0, length 91, since_prev 91): 8550.703125 MiB (Increase: 0.0 MiB)
Memory usage before reset: 8550.703125 MiB (Increase: 0.0 MiB)
Memory usage after reset: 8550.703125 MiB (Increase: 0.0 MiB)
Current lengths of episodes: [1600]
Memory usage at done (index 0, length 1600, since_prev 1600): 8550.703125 MiB (Increase: 0.0 MiB)
Memory usage before reset: 8550.703125 MiB (Increase: 0.0 MiB)
Memory usage after reset: 8550.703125 MiB (Increase: 0.0 MiB)
Current lengths of episodes: [1600]
Memory usage at done (index 0, length 1600, since_prev 1600): 8550.703125 MiB (Increase: 0.0 MiB)
Memory usage before reset: 8550.703125 MiB (Increase: 0.0 MiB)
Memory usage after reset: 8550.703125 MiB (Increase: 0.0 MiB)
Current lengths of episodes: [1600]
Memory usage at done (index 0, length 1600, since_prev 1600): 8550.703125 MiB (Increase: 0.0 MiB)
Memory usage before reset: 8550.703125 MiB (Increase: 0.0 MiB)
Memory usage after reset: 8550.703125 MiB (Increase: 0.0 MiB)
Current lengths of episodes: [53]
Memory usage at done (index 0, length 53, since_prev 53): 8550.703125 MiB (Increase: 0.0 MiB)
Memory usage before reset: 8550.703125 MiB (Increase: 0.0 MiB)
Memory usage after reset: 8550.703125 MiB (Increase: 0.0 MiB)
Current lengths of episodes: [1600]
Memory usage at done (index 0, length 1600, since_prev 1600): 8550.703125 MiB (Increase: 0.0 MiB)
Memory usage before reset: 8550.703125 MiB (Increase: 0.0 MiB)
Memory usage after reset: 8550.703125 MiB (Increase: 0.0 MiB)
Training episode 810
Memory usage at middle: 8550.703125 MiB (Increase: 0.0 MiB)
Memory usage before collect: 8550.703125 MiB (Increase: 0.0 MiB)
Memory usage after collect: 8550.703125 MiB (Increase: 0.0 MiB)
Memory usage before initialization: 8550.703125 MiB (Increase: 0.0 MiB)
Memory usage after initialization: 8550.703125 MiB (Increase: 0.0 MiB)
Current lengths of episodes: [66]
Memory usage at done (index 0, length 66, since_prev 66): 8550.703125 MiB (Increase: 0.0 MiB)
Memory usage before reset: 8550.703125 MiB (Increase: 0.0 MiB)
Memory usage after reset: 8550.703125 MiB (Increase: 0.0 MiB)
Current lengths of episodes: [1600]
Memory usage at done (index 0, length 1600, since_prev 1600): 8550.703125 MiB (Increase: 0.0 MiB)
Memory usage before reset: 8550.703125 MiB (Increase: 0.0 MiB)
Memory usage after reset: 8550.703125 MiB (Increase: 0.0 MiB)
Current lengths of episodes: [1600]
Memory usage at done (index 0, length 1600, since_prev 1600): 8550.703125 MiB (Increase: 0.0 MiB)
Memory usage before reset: 8550.703125 MiB (Increase: 0.0 MiB)
Memory usage after reset: 8550.703125 MiB (Increase: 0.0 MiB)
Current lengths of episodes: [1600]
Memory usage at done (index 0, length 1600, since_prev 1600): 8550.703125 MiB (Increase: 0.0 MiB)
Memory usage before reset: 8550.703125 MiB (Increase: 0.0 MiB)
Memory usage after reset: 8550.703125 MiB (Increase: 0.0 MiB)
Current lengths of episodes: [1600]
Memory usage at done (index 0, length 1600, since_prev 1600): 8550.703125 MiB (Increase: 0.0 MiB)
Memory usage before reset: 8550.703125 MiB (Increase: 0.0 MiB)
Memory usage after reset: 8550.703125 MiB (Increase: 0.0 MiB)
Current lengths of episodes: [45]
Memory usage at done (index 0, length 45, since_prev 45): 8550.703125 MiB (Increase: 0.0 MiB)
Memory usage before reset: 8550.703125 MiB (Increase: 0.0 MiB)
Memory usage after reset: 8550.703125 MiB (Increase: 0.0 MiB)
Current lengths of episodes: [1600]
Memory usage at done (index 0, length 1600, since_prev 1600): 8550.703125 MiB (Increase: 0.0 MiB)
Memory usage before reset: 8550.703125 MiB (Increase: 0.0 MiB)
Memory usage after reset: 8550.703125 MiB (Increase: 0.0 MiB)
Current lengths of episodes: [1600]
Memory usage at done (index 0, length 1600, since_prev 1600): 8550.703125 MiB (Increase: 0.0 MiB)
Memory usage before reset: 8550.703125 MiB (Increase: 0.0 MiB)
Memory usage after reset: 8550.703125 MiB (Increase: 0.0 MiB)
Current lengths of episodes: [48]
Memory usage at done (index 0, length 48, since_prev 48): 8550.703125 MiB (Increase: 0.0 MiB)
Memory usage before reset: 8550.703125 MiB (Increase: 0.0 MiB)
Memory usage after reset: 8550.703125 MiB (Increase: 0.0 MiB)
Current lengths of episodes: [1600]
Memory usage at done (index 0, length 1600, since_prev 1600): 8723.6796875 MiB (Increase: 172.9765625 MiB)
Memory usage before reset: 8723.6796875 MiB (Increase: 0.0 MiB)
Memory usage after reset: 8723.6796875 MiB (Increase: 0.0 MiB)
Training episode 820
Memory usage at middle: 8723.6796875 MiB (Increase: 0.0 MiB)
Memory usage before collect: 8725.62109375 MiB (Increase: 1.94140625 MiB)
Memory usage after collect: 8725.62109375 MiB (Increase: 0.0 MiB)
Memory usage before initialization: 8725.62109375 MiB (Increase: 0.0 MiB)
Memory usage after initialization: 8725.62109375 MiB (Increase: 0.0 MiB)
Current lengths of episodes: [1600]
Memory usage at done (index 0, length 1600, since_prev 1600): 8725.62109375 MiB (Increase: 0.0 MiB)
Memory usage before reset: 8725.62109375 MiB (Increase: 0.0 MiB)
Memory usage after reset: 8725.62109375 MiB (Increase: 0.0 MiB)
Current lengths of episodes: [1600]
Memory usage at done (index 0, length 1600, since_prev 1600): 8725.62109375 MiB (Increase: 0.0 MiB)
Memory usage before reset: 8725.62109375 MiB (Increase: 0.0 MiB)
Memory usage after reset: 8725.62109375 MiB (Increase: 0.0 MiB)
Current lengths of episodes: [1600]
Memory usage at done (index 0, length 1600, since_prev 1600): 8725.62109375 MiB (Increase: 0.0 MiB)
Memory usage before reset: 8725.62109375 MiB (Increase: 0.0 MiB)
Memory usage after reset: 8725.62109375 MiB (Increase: 0.0 MiB)
Current lengths of episodes: [1600]
Memory usage at done (index 0, length 1600, since_prev 1600): 8725.62109375 MiB (Increase: 0.0 MiB)
Memory usage before reset: 8725.62109375 MiB (Increase: 0.0 MiB)
Memory usage after reset: 8725.62109375 MiB (Increase: 0.0 MiB)
Current lengths of episodes: [97]
Memory usage at done (index 0, length 97, since_prev 97): 8725.62109375 MiB (Increase: 0.0 MiB)
Memory usage before reset: 8725.62109375 MiB (Increase: 0.0 MiB)
Memory usage after reset: 8725.62109375 MiB (Increase: 0.0 MiB)
Current lengths of episodes: [1600]
Memory usage at done (index 0, length 1600, since_prev 1600): 8725.62109375 MiB (Increase: 0.0 MiB)
Memory usage before reset: 8725.62109375 MiB (Increase: 0.0 MiB)
Memory usage after reset: 8725.62109375 MiB (Increase: 0.0 MiB)
Current lengths of episodes: [1600]
Memory usage at done (index 0, length 1600, since_prev 1600): 8725.62109375 MiB (Increase: 0.0 MiB)
Memory usage before reset: 8725.62109375 MiB (Increase: 0.0 MiB)
Memory usage after reset: 8725.62109375 MiB (Increase: 0.0 MiB)
Current lengths of episodes: [1600]
Memory usage at done (index 0, length 1600, since_prev 1600): 8725.62109375 MiB (Increase: 0.0 MiB)
Memory usage before reset: 8725.62109375 MiB (Increase: 0.0 MiB)
Memory usage after reset: 8725.62109375 MiB (Increase: 0.0 MiB)
Current lengths of episodes: [1600]
Memory usage at done (index 0, length 1600, since_prev 1600): 9108.1328125 MiB (Increase: 382.51171875 MiB)
Memory usage before reset: 9108.1328125 MiB (Increase: 0.0 MiB)
Memory usage after reset: 9108.1328125 MiB (Increase: 0.0 MiB)
Current lengths of episodes: [1600]
Memory usage at done (index 0, length 1600, since_prev 1600): 9678.2578125 MiB (Increase: 570.125 MiB)
Memory usage before reset: 9678.2578125 MiB (Increase: 0.0 MiB)
Memory usage after reset: 9678.2578125 MiB (Increase: 0.0 MiB)
Training episode 830
Memory usage at middle: 9678.2578125 MiB (Increase: 0.0 MiB)
Memory usage before collect: 9680.6484375 MiB (Increase: 2.390625 MiB)
Memory usage after collect: 9680.6484375 MiB (Increase: 0.0 MiB)
Memory usage before initialization: 9680.6484375 MiB (Increase: 0.0 MiB)
Memory usage after initialization: 9680.6484375 MiB (Increase: 0.0 MiB)
Current lengths of episodes: [69]
Memory usage at done (index 0, length 69, since_prev 69): 9680.6484375 MiB (Increase: 0.0 MiB)
Memory usage before reset: 9680.6484375 MiB (Increase: 0.0 MiB)
Memory usage after reset: 9680.6484375 MiB (Increase: 0.0 MiB)
Current lengths of episodes: [77]
Memory usage at done (index 0, length 77, since_prev 77): 9680.6484375 MiB (Increase: 0.0 MiB)
Memory usage before reset: 9680.6484375 MiB (Increase: 0.0 MiB)
Memory usage after reset: 9680.6484375 MiB (Increase: 0.0 MiB)
Current lengths of episodes: [1600]
Memory usage at done (index 0, length 1600, since_prev 1600): 9680.6484375 MiB (Increase: 0.0 MiB)
Memory usage before reset: 9680.6484375 MiB (Increase: 0.0 MiB)
Memory usage after reset: 9680.6484375 MiB (Increase: 0.0 MiB)
Current lengths of episodes: [1600]
Memory usage at done (index 0, length 1600, since_prev 1600): 9680.6484375 MiB (Increase: 0.0 MiB)
Memory usage before reset: 9680.6484375 MiB (Increase: 0.0 MiB)
Memory usage after reset: 9680.6484375 MiB (Increase: 0.0 MiB)
Current lengths of episodes: [121]
Memory usage at done (index 0, length 121, since_prev 121): 9680.6484375 MiB (Increase: 0.0 MiB)
Memory usage before reset: 9680.6484375 MiB (Increase: 0.0 MiB)
Memory usage after reset: 9680.6484375 MiB (Increase: 0.0 MiB)
Current lengths of episodes: [78]
Memory usage at done (index 0, length 78, since_prev 78): 9680.6484375 MiB (Increase: 0.0 MiB)
Memory usage before reset: 9680.6484375 MiB (Increase: 0.0 MiB)
Memory usage after reset: 9680.6484375 MiB (Increase: 0.0 MiB)
Current lengths of episodes: [85]
Memory usage at done (index 0, length 85, since_prev 85): 9680.6484375 MiB (Increase: 0.0 MiB)
Memory usage before reset: 9680.6484375 MiB (Increase: 0.0 MiB)
Memory usage after reset: 9680.6484375 MiB (Increase: 0.0 MiB)
Current lengths of episodes: [1600]
Memory usage at done (index 0, length 1600, since_prev 1600): 9680.6484375 MiB (Increase: 0.0 MiB)
Memory usage before reset: 9680.6484375 MiB (Increase: 0.0 MiB)
Memory usage after reset: 9680.6484375 MiB (Increase: 0.0 MiB)
Current lengths of episodes: [145]
Memory usage at done (index 0, length 145, since_prev 145): 9680.6484375 MiB (Increase: 0.0 MiB)
Memory usage before reset: 9680.6484375 MiB (Increase: 0.0 MiB)
Memory usage after reset: 9680.6484375 MiB (Increase: 0.0 MiB)
Current lengths of episodes: [63]
Memory usage at done (index 0, length 63, since_prev 63): 9680.6484375 MiB (Increase: 0.0 MiB)
Memory usage before reset: 9680.6484375 MiB (Increase: 0.0 MiB)
Memory usage after reset: 9680.6484375 MiB (Increase: 0.0 MiB)
Training episode 840
Memory usage at middle: 9680.6484375 MiB (Increase: 0.0 MiB)
Memory usage before collect: 9680.6484375 MiB (Increase: 0.0 MiB)
Memory usage after collect: 9680.6484375 MiB (Increase: 0.0 MiB)
Memory usage before initialization: 9680.6484375 MiB (Increase: 0.0 MiB)
Memory usage after initialization: 9680.6484375 MiB (Increase: 0.0 MiB)
Current lengths of episodes: [67]
Memory usage at done (index 0, length 67, since_prev 67): 9680.6484375 MiB (Increase: 0.0 MiB)
Memory usage before reset: 9680.6484375 MiB (Increase: 0.0 MiB)
Memory usage after reset: 9680.6484375 MiB (Increase: 0.0 MiB)
Current lengths of episodes: [1600]
Memory usage at done (index 0, length 1600, since_prev 1600): 9680.6484375 MiB (Increase: 0.0 MiB)
Memory usage before reset: 9680.6484375 MiB (Increase: 0.0 MiB)
Memory usage after reset: 9680.6484375 MiB (Increase: 0.0 MiB)
Current lengths of episodes: [46]
Memory usage at done (index 0, length 46, since_prev 46): 9680.6484375 MiB (Increase: 0.0 MiB)
Memory usage before reset: 9680.6484375 MiB (Increase: 0.0 MiB)
Memory usage after reset: 9680.6484375 MiB (Increase: 0.0 MiB)
Current lengths of episodes: [1600]
Memory usage at done (index 0, length 1600, since_prev 1600): 9680.6484375 MiB (Increase: 0.0 MiB)
Memory usage before reset: 9680.6484375 MiB (Increase: 0.0 MiB)
Memory usage after reset: 9680.6484375 MiB (Increase: 0.0 MiB)
Current lengths of episodes: [61]
Memory usage at done (index 0, length 61, since_prev 61): 9680.6484375 MiB (Increase: 0.0 MiB)
Memory usage before reset: 9680.6484375 MiB (Increase: 0.0 MiB)
Memory usage after reset: 9680.6484375 MiB (Increase: 0.0 MiB)
Current lengths of episodes: [70]
Memory usage at done (index 0, length 70, since_prev 70): 9680.6484375 MiB (Increase: 0.0 MiB)
Memory usage before reset: 9680.6484375 MiB (Increase: 0.0 MiB)
Memory usage after reset: 9680.6484375 MiB (Increase: 0.0 MiB)
Current lengths of episodes: [1600]
Memory usage at done (index 0, length 1600, since_prev 1600): 9680.6484375 MiB (Increase: 0.0 MiB)
Memory usage before reset: 9680.6484375 MiB (Increase: 0.0 MiB)
Memory usage after reset: 9680.6484375 MiB (Increase: 0.0 MiB)
Current lengths of episodes: [1600]
Memory usage at done (index 0, length 1600, since_prev 1600): 9680.6484375 MiB (Increase: 0.0 MiB)
Memory usage before reset: 9680.6484375 MiB (Increase: 0.0 MiB)
Memory usage after reset: 9680.6484375 MiB (Increase: 0.0 MiB)
Current lengths of episodes: [1600]
Memory usage at done (index 0, length 1600, since_prev 1600): 9680.6484375 MiB (Increase: 0.0 MiB)
Memory usage before reset: 9680.6484375 MiB (Increase: 0.0 MiB)
Memory usage after reset: 9680.6484375 MiB (Increase: 0.0 MiB)
Current lengths of episodes: [1600]
Memory usage at done (index 0, length 1600, since_prev 1600): 9680.6484375 MiB (Increase: 0.0 MiB)
Memory usage before reset: 9680.6484375 MiB (Increase: 0.0 MiB)
Memory usage after reset: 9680.6484375 MiB (Increase: 0.0 MiB)
Training episode 850
Memory usage at middle: 9680.6484375 MiB (Increase: 0.0 MiB)
Memory usage before collect: 9680.6484375 MiB (Increase: 0.0 MiB)
Memory usage after collect: 9680.6484375 MiB (Increase: 0.0 MiB)
Episode 850	Average evaluation: -98.13911495929672
Memory usage before initialization: 9680.6484375 MiB (Increase: 0.0 MiB)
Memory usage after initialization: 9680.6484375 MiB (Increase: 0.0 MiB)
Current lengths of episodes: [40]
Memory usage at done (index 0, length 40, since_prev 40): 9680.6484375 MiB (Increase: 0.0 MiB)
Memory usage before reset: 9680.6484375 MiB (Increase: 0.0 MiB)
Memory usage after reset: 9680.6484375 MiB (Increase: 0.0 MiB)
Current lengths of episodes: [72]
Memory usage at done (index 0, length 72, since_prev 72): 9680.6484375 MiB (Increase: 0.0 MiB)
Memory usage before reset: 9680.6484375 MiB (Increase: 0.0 MiB)
Memory usage after reset: 9680.6484375 MiB (Increase: 0.0 MiB)
Current lengths of episodes: [1600]
Memory usage at done (index 0, length 1600, since_prev 1600): 9680.6484375 MiB (Increase: 0.0 MiB)
Memory usage before reset: 9680.6484375 MiB (Increase: 0.0 MiB)
Memory usage after reset: 9680.6484375 MiB (Increase: 0.0 MiB)
Current lengths of episodes: [62]
Memory usage at done (index 0, length 62, since_prev 62): 9680.6484375 MiB (Increase: 0.0 MiB)
Memory usage before reset: 9680.6484375 MiB (Increase: 0.0 MiB)
Memory usage after reset: 9680.6484375 MiB (Increase: 0.0 MiB)
Current lengths of episodes: [61]
Memory usage at done (index 0, length 61, since_prev 61): 9680.6484375 MiB (Increase: 0.0 MiB)
Memory usage before reset: 9680.6484375 MiB (Increase: 0.0 MiB)
Memory usage after reset: 9680.6484375 MiB (Increase: 0.0 MiB)
Current lengths of episodes: [76]
Memory usage at done (index 0, length 76, since_prev 76): 9680.6484375 MiB (Increase: 0.0 MiB)
Memory usage before reset: 9680.6484375 MiB (Increase: 0.0 MiB)
Memory usage after reset: 9680.6484375 MiB (Increase: 0.0 MiB)
Current lengths of episodes: [1600]
Memory usage at done (index 0, length 1600, since_prev 1600): 9680.6484375 MiB (Increase: 0.0 MiB)
Memory usage before reset: 9680.6484375 MiB (Increase: 0.0 MiB)
Memory usage after reset: 9680.6484375 MiB (Increase: 0.0 MiB)
Current lengths of episodes: [45]
Memory usage at done (index 0, length 45, since_prev 45): 9680.6484375 MiB (Increase: 0.0 MiB)
Memory usage before reset: 9680.6484375 MiB (Increase: 0.0 MiB)
Memory usage after reset: 9680.6484375 MiB (Increase: 0.0 MiB)
Current lengths of episodes: [70]
Memory usage at done (index 0, length 70, since_prev 70): 9680.6484375 MiB (Increase: 0.0 MiB)
Memory usage before reset: 9680.6484375 MiB (Increase: 0.0 MiB)
Memory usage after reset: 9680.6484375 MiB (Increase: 0.0 MiB)
Current lengths of episodes: [1600]
Memory usage at done (index 0, length 1600, since_prev 1600): 9680.6484375 MiB (Increase: 0.0 MiB)
Memory usage before reset: 9680.6484375 MiB (Increase: 0.0 MiB)
Memory usage after reset: 9680.6484375 MiB (Increase: 0.0 MiB)
Training episode 860
Memory usage at middle: 9680.6484375 MiB (Increase: 0.0 MiB)
Memory usage before collect: 9680.6484375 MiB (Increase: 0.0 MiB)
Memory usage after collect: 9680.6484375 MiB (Increase: 0.0 MiB)
Memory usage before initialization: 9680.6484375 MiB (Increase: 0.0 MiB)
Memory usage after initialization: 9680.6484375 MiB (Increase: 0.0 MiB)
Current lengths of episodes: [73]
Memory usage at done (index 0, length 73, since_prev 73): 9680.6484375 MiB (Increase: 0.0 MiB)
Memory usage before reset: 9680.6484375 MiB (Increase: 0.0 MiB)
Memory usage after reset: 9680.6484375 MiB (Increase: 0.0 MiB)
Current lengths of episodes: [239]
Memory usage at done (index 0, length 239, since_prev 239): 9680.6484375 MiB (Increase: 0.0 MiB)
Memory usage before reset: 9680.6484375 MiB (Increase: 0.0 MiB)
Memory usage after reset: 9680.6484375 MiB (Increase: 0.0 MiB)
Current lengths of episodes: [1600]
Memory usage at done (index 0, length 1600, since_prev 1600): 9680.6484375 MiB (Increase: 0.0 MiB)
Memory usage before reset: 9680.6484375 MiB (Increase: 0.0 MiB)
Memory usage after reset: 9680.6484375 MiB (Increase: 0.0 MiB)
Current lengths of episodes: [1600]
Memory usage at done (index 0, length 1600, since_prev 1600): 9680.6484375 MiB (Increase: 0.0 MiB)
Memory usage before reset: 9680.6484375 MiB (Increase: 0.0 MiB)
Memory usage after reset: 9680.6484375 MiB (Increase: 0.0 MiB)
Current lengths of episodes: [52]
Memory usage at done (index 0, length 52, since_prev 52): 9680.6484375 MiB (Increase: 0.0 MiB)
Memory usage before reset: 9680.6484375 MiB (Increase: 0.0 MiB)
Memory usage after reset: 9680.6484375 MiB (Increase: 0.0 MiB)
Current lengths of episodes: [1600]
Memory usage at done (index 0, length 1600, since_prev 1600): 9680.6484375 MiB (Increase: 0.0 MiB)
Memory usage before reset: 9680.6484375 MiB (Increase: 0.0 MiB)
Memory usage after reset: 9680.6484375 MiB (Increase: 0.0 MiB)
Current lengths of episodes: [1600]
Memory usage at done (index 0, length 1600, since_prev 1600): 9680.6484375 MiB (Increase: 0.0 MiB)
Memory usage before reset: 9680.6484375 MiB (Increase: 0.0 MiB)
Memory usage after reset: 9680.6484375 MiB (Increase: 0.0 MiB)
Current lengths of episodes: [98]
Memory usage at done (index 0, length 98, since_prev 98): 9680.6484375 MiB (Increase: 0.0 MiB)
Memory usage before reset: 9680.6484375 MiB (Increase: 0.0 MiB)
Memory usage after reset: 9680.6484375 MiB (Increase: 0.0 MiB)
Current lengths of episodes: [38]
Memory usage at done (index 0, length 38, since_prev 38): 9680.6484375 MiB (Increase: 0.0 MiB)
Memory usage before reset: 9680.6484375 MiB (Increase: 0.0 MiB)
Memory usage after reset: 9680.6484375 MiB (Increase: 0.0 MiB)
Current lengths of episodes: [1600]
Memory usage at done (index 0, length 1600, since_prev 1600): 9680.6484375 MiB (Increase: 0.0 MiB)
Memory usage before reset: 9680.6484375 MiB (Increase: 0.0 MiB)
Memory usage after reset: 9680.6484375 MiB (Increase: 0.0 MiB)
Training episode 870
Memory usage at middle: 9680.6484375 MiB (Increase: 0.0 MiB)
Memory usage before collect: 9680.6484375 MiB (Increase: 0.0 MiB)
Memory usage after collect: 9680.6484375 MiB (Increase: 0.0 MiB)
Memory usage before initialization: 9680.6484375 MiB (Increase: 0.0 MiB)
Memory usage after initialization: 9680.6484375 MiB (Increase: 0.0 MiB)
Current lengths of episodes: [62]
Memory usage at done (index 0, length 62, since_prev 62): 9680.6484375 MiB (Increase: 0.0 MiB)
Memory usage before reset: 9680.6484375 MiB (Increase: 0.0 MiB)
Memory usage after reset: 9680.6484375 MiB (Increase: 0.0 MiB)
Current lengths of episodes: [61]
Memory usage at done (index 0, length 61, since_prev 61): 9680.6484375 MiB (Increase: 0.0 MiB)
Memory usage before reset: 9680.6484375 MiB (Increase: 0.0 MiB)
Memory usage after reset: 9680.6484375 MiB (Increase: 0.0 MiB)
Current lengths of episodes: [1600]
Memory usage at done (index 0, length 1600, since_prev 1600): 9680.6484375 MiB (Increase: 0.0 MiB)
Memory usage before reset: 9680.6484375 MiB (Increase: 0.0 MiB)
Memory usage after reset: 9680.6484375 MiB (Increase: 0.0 MiB)
Current lengths of episodes: [1600]
Memory usage at done (index 0, length 1600, since_prev 1600): 9680.6484375 MiB (Increase: 0.0 MiB)
Memory usage before reset: 9680.6484375 MiB (Increase: 0.0 MiB)
Memory usage after reset: 9680.6484375 MiB (Increase: 0.0 MiB)
Current lengths of episodes: [72]
Memory usage at done (index 0, length 72, since_prev 72): 9680.6484375 MiB (Increase: 0.0 MiB)
Memory usage before reset: 9680.6484375 MiB (Increase: 0.0 MiB)
Memory usage after reset: 9680.6484375 MiB (Increase: 0.0 MiB)
Current lengths of episodes: [43]
Memory usage at done (index 0, length 43, since_prev 43): 9680.6484375 MiB (Increase: 0.0 MiB)
Memory usage before reset: 9680.6484375 MiB (Increase: 0.0 MiB)
Memory usage after reset: 9680.6484375 MiB (Increase: 0.0 MiB)
Current lengths of episodes: [70]
Memory usage at done (index 0, length 70, since_prev 70): 9680.6484375 MiB (Increase: 0.0 MiB)
Memory usage before reset: 9680.6484375 MiB (Increase: 0.0 MiB)
Memory usage after reset: 9680.6484375 MiB (Increase: 0.0 MiB)
Current lengths of episodes: [1600]
Memory usage at done (index 0, length 1600, since_prev 1600): 9680.6484375 MiB (Increase: 0.0 MiB)
Memory usage before reset: 9680.6484375 MiB (Increase: 0.0 MiB)
Memory usage after reset: 9680.6484375 MiB (Increase: 0.0 MiB)
Current lengths of episodes: [76]
Memory usage at done (index 0, length 76, since_prev 76): 9680.6484375 MiB (Increase: 0.0 MiB)
Memory usage before reset: 9680.6484375 MiB (Increase: 0.0 MiB)
Memory usage after reset: 9680.6484375 MiB (Increase: 0.0 MiB)
Current lengths of episodes: [66]
Memory usage at done (index 0, length 66, since_prev 66): 9680.6484375 MiB (Increase: 0.0 MiB)
Memory usage before reset: 9680.6484375 MiB (Increase: 0.0 MiB)
Memory usage after reset: 9680.6484375 MiB (Increase: 0.0 MiB)
Training episode 880
Memory usage at middle: 9680.6484375 MiB (Increase: 0.0 MiB)
Memory usage before collect: 9680.6484375 MiB (Increase: 0.0 MiB)
Memory usage after collect: 9680.6484375 MiB (Increase: 0.0 MiB)
Memory usage before initialization: 9680.6484375 MiB (Increase: 0.0 MiB)
Memory usage after initialization: 9680.6484375 MiB (Increase: 0.0 MiB)
Current lengths of episodes: [91]
Memory usage at done (index 0, length 91, since_prev 91): 9680.6484375 MiB (Increase: 0.0 MiB)
Memory usage before reset: 9680.6484375 MiB (Increase: 0.0 MiB)
Memory usage after reset: 9680.6484375 MiB (Increase: 0.0 MiB)
Current lengths of episodes: [1600]
Memory usage at done (index 0, length 1600, since_prev 1600): 9680.6484375 MiB (Increase: 0.0 MiB)
Memory usage before reset: 9680.6484375 MiB (Increase: 0.0 MiB)
Memory usage after reset: 9680.6484375 MiB (Increase: 0.0 MiB)
Current lengths of episodes: [78]
Memory usage at done (index 0, length 78, since_prev 78): 9680.6484375 MiB (Increase: 0.0 MiB)
Memory usage before reset: 9680.6484375 MiB (Increase: 0.0 MiB)
Memory usage after reset: 9680.6484375 MiB (Increase: 0.0 MiB)
Current lengths of episodes: [75]
Memory usage at done (index 0, length 75, since_prev 75): 9680.6484375 MiB (Increase: 0.0 MiB)
Memory usage before reset: 9680.6484375 MiB (Increase: 0.0 MiB)
Memory usage after reset: 9680.6484375 MiB (Increase: 0.0 MiB)
Current lengths of episodes: [1600]
Memory usage at done (index 0, length 1600, since_prev 1600): 9680.6484375 MiB (Increase: 0.0 MiB)
Memory usage before reset: 9680.6484375 MiB (Increase: 0.0 MiB)
Memory usage after reset: 9680.6484375 MiB (Increase: 0.0 MiB)
Current lengths of episodes: [1600]
Memory usage at done (index 0, length 1600, since_prev 1600): 9680.6484375 MiB (Increase: 0.0 MiB)
Memory usage before reset: 9680.6484375 MiB (Increase: 0.0 MiB)
Memory usage after reset: 9680.6484375 MiB (Increase: 0.0 MiB)
Current lengths of episodes: [87]
Memory usage at done (index 0, length 87, since_prev 87): 9680.6484375 MiB (Increase: 0.0 MiB)
Memory usage before reset: 9680.6484375 MiB (Increase: 0.0 MiB)
Memory usage after reset: 9680.6484375 MiB (Increase: 0.0 MiB)
Current lengths of episodes: [108]
Memory usage at done (index 0, length 108, since_prev 108): 9680.6484375 MiB (Increase: 0.0 MiB)
Memory usage before reset: 9680.6484375 MiB (Increase: 0.0 MiB)
Memory usage after reset: 9680.6484375 MiB (Increase: 0.0 MiB)
Current lengths of episodes: [1600]
Memory usage at done (index 0, length 1600, since_prev 1600): 9680.6484375 MiB (Increase: 0.0 MiB)
Memory usage before reset: 9680.6484375 MiB (Increase: 0.0 MiB)
Memory usage after reset: 9680.6484375 MiB (Increase: 0.0 MiB)
Current lengths of episodes: [1600]
Memory usage at done (index 0, length 1600, since_prev 1600): 9680.6484375 MiB (Increase: 0.0 MiB)
Memory usage before reset: 9680.6484375 MiB (Increase: 0.0 MiB)
Memory usage after reset: 9680.6484375 MiB (Increase: 0.0 MiB)
Training episode 890
Memory usage at middle: 9680.6484375 MiB (Increase: 0.0 MiB)
Memory usage before collect: 9680.6484375 MiB (Increase: 0.0 MiB)
Memory usage after collect: 9680.6484375 MiB (Increase: 0.0 MiB)
Memory usage before initialization: 9680.6484375 MiB (Increase: 0.0 MiB)
Memory usage after initialization: 9680.6484375 MiB (Increase: 0.0 MiB)
Current lengths of episodes: [1600]
Memory usage at done (index 0, length 1600, since_prev 1600): 9680.6484375 MiB (Increase: 0.0 MiB)
Memory usage before reset: 9680.6484375 MiB (Increase: 0.0 MiB)
Memory usage after reset: 9680.6484375 MiB (Increase: 0.0 MiB)
Current lengths of episodes: [486]
Memory usage at done (index 0, length 486, since_prev 486): 9680.6484375 MiB (Increase: 0.0 MiB)
Memory usage before reset: 9680.6484375 MiB (Increase: 0.0 MiB)
Memory usage after reset: 9680.6484375 MiB (Increase: 0.0 MiB)
Current lengths of episodes: [77]
Memory usage at done (index 0, length 77, since_prev 77): 9680.6484375 MiB (Increase: 0.0 MiB)
Memory usage before reset: 9680.6484375 MiB (Increase: 0.0 MiB)
Memory usage after reset: 9680.6484375 MiB (Increase: 0.0 MiB)
Current lengths of episodes: [1600]
Memory usage at done (index 0, length 1600, since_prev 1600): 9680.6484375 MiB (Increase: 0.0 MiB)
Memory usage before reset: 9680.6484375 MiB (Increase: 0.0 MiB)
Memory usage after reset: 9680.6484375 MiB (Increase: 0.0 MiB)
Current lengths of episodes: [64]
Memory usage at done (index 0, length 64, since_prev 64): 9680.6484375 MiB (Increase: 0.0 MiB)
Memory usage before reset: 9680.6484375 MiB (Increase: 0.0 MiB)
Memory usage after reset: 9680.6484375 MiB (Increase: 0.0 MiB)
Current lengths of episodes: [1600]
Memory usage at done (index 0, length 1600, since_prev 1600): 9680.6484375 MiB (Increase: 0.0 MiB)
Memory usage before reset: 9680.6484375 MiB (Increase: 0.0 MiB)
Memory usage after reset: 9680.6484375 MiB (Increase: 0.0 MiB)
Current lengths of episodes: [67]
Memory usage at done (index 0, length 67, since_prev 67): 9680.6484375 MiB (Increase: 0.0 MiB)
Memory usage before reset: 9680.6484375 MiB (Increase: 0.0 MiB)
Memory usage after reset: 9680.6484375 MiB (Increase: 0.0 MiB)
Current lengths of episodes: [1600]
Memory usage at done (index 0, length 1600, since_prev 1600): 9680.6484375 MiB (Increase: 0.0 MiB)
Memory usage before reset: 9680.6484375 MiB (Increase: 0.0 MiB)
Memory usage after reset: 9680.6484375 MiB (Increase: 0.0 MiB)
Current lengths of episodes: [1600]
Memory usage at done (index 0, length 1600, since_prev 1600): 9680.6484375 MiB (Increase: 0.0 MiB)
Memory usage before reset: 9680.6484375 MiB (Increase: 0.0 MiB)
Memory usage after reset: 9680.6484375 MiB (Increase: 0.0 MiB)
Current lengths of episodes: [1600]
Memory usage at done (index 0, length 1600, since_prev 1600): 9680.6484375 MiB (Increase: 0.0 MiB)
Memory usage before reset: 9680.6484375 MiB (Increase: 0.0 MiB)
Memory usage after reset: 9680.6484375 MiB (Increase: 0.0 MiB)
Training episode 900
Memory usage at middle: 9680.6484375 MiB (Increase: 0.0 MiB)
Memory usage before collect: 9680.6484375 MiB (Increase: 0.0 MiB)
Memory usage after collect: 9680.6484375 MiB (Increase: 0.0 MiB)
Episode 900	Average evaluation: -98.61970409833553
Memory usage before initialization: 9680.6484375 MiB (Increase: 0.0 MiB)
Memory usage after initialization: 9680.6484375 MiB (Increase: 0.0 MiB)
Current lengths of episodes: [1085]
Memory usage at done (index 0, length 1085, since_prev 1085): 9680.6484375 MiB (Increase: 0.0 MiB)
Memory usage before reset: 9680.6484375 MiB (Increase: 0.0 MiB)
Memory usage after reset: 9680.6484375 MiB (Increase: 0.0 MiB)
Current lengths of episodes: [1600]
Memory usage at done (index 0, length 1600, since_prev 1600): 9680.6484375 MiB (Increase: 0.0 MiB)
Memory usage before reset: 9680.6484375 MiB (Increase: 0.0 MiB)
Memory usage after reset: 9680.6484375 MiB (Increase: 0.0 MiB)
Current lengths of episodes: [1600]
Memory usage at done (index 0, length 1600, since_prev 1600): 9680.6484375 MiB (Increase: 0.0 MiB)
Memory usage before reset: 9680.6484375 MiB (Increase: 0.0 MiB)
Memory usage after reset: 9680.6484375 MiB (Increase: 0.0 MiB)
Current lengths of episodes: [82]
Memory usage at done (index 0, length 82, since_prev 82): 9680.6484375 MiB (Increase: 0.0 MiB)
Memory usage before reset: 9680.6484375 MiB (Increase: 0.0 MiB)
Memory usage after reset: 9680.6484375 MiB (Increase: 0.0 MiB)
Current lengths of episodes: [1600]
Memory usage at done (index 0, length 1600, since_prev 1600): 9680.6484375 MiB (Increase: 0.0 MiB)
Memory usage before reset: 9680.6484375 MiB (Increase: 0.0 MiB)
Memory usage after reset: 9680.6484375 MiB (Increase: 0.0 MiB)
Current lengths of episodes: [1600]
Memory usage at done (index 0, length 1600, since_prev 1600): 9680.6484375 MiB (Increase: 0.0 MiB)
Memory usage before reset: 9680.6484375 MiB (Increase: 0.0 MiB)
Memory usage after reset: 9680.6484375 MiB (Increase: 0.0 MiB)
Current lengths of episodes: [46]
Memory usage at done (index 0, length 46, since_prev 46): 9680.6484375 MiB (Increase: 0.0 MiB)
Memory usage before reset: 9680.6484375 MiB (Increase: 0.0 MiB)
Memory usage after reset: 9680.6484375 MiB (Increase: 0.0 MiB)
Current lengths of episodes: [92]
Memory usage at done (index 0, length 92, since_prev 92): 9680.6484375 MiB (Increase: 0.0 MiB)
Memory usage before reset: 9680.6484375 MiB (Increase: 0.0 MiB)
Memory usage after reset: 9680.6484375 MiB (Increase: 0.0 MiB)
Current lengths of episodes: [1600]
Memory usage at done (index 0, length 1600, since_prev 1600): 9680.6484375 MiB (Increase: 0.0 MiB)
Memory usage before reset: 9680.6484375 MiB (Increase: 0.0 MiB)
Memory usage after reset: 9680.6484375 MiB (Increase: 0.0 MiB)
Current lengths of episodes: [90]
Memory usage at done (index 0, length 90, since_prev 90): 9680.6484375 MiB (Increase: 0.0 MiB)
Memory usage before reset: 9680.6484375 MiB (Increase: 0.0 MiB)
Memory usage after reset: 9680.6484375 MiB (Increase: 0.0 MiB)
Training episode 910
Memory usage at middle: 9680.6484375 MiB (Increase: 0.0 MiB)
Memory usage before collect: 9680.6484375 MiB (Increase: 0.0 MiB)
Memory usage after collect: 9680.6484375 MiB (Increase: 0.0 MiB)
Memory usage before initialization: 9680.6484375 MiB (Increase: 0.0 MiB)
Memory usage after initialization: 9680.6484375 MiB (Increase: 0.0 MiB)
Current lengths of episodes: [70]
Memory usage at done (index 0, length 70, since_prev 70): 9680.6484375 MiB (Increase: 0.0 MiB)
Memory usage before reset: 9680.6484375 MiB (Increase: 0.0 MiB)
Memory usage after reset: 9680.6484375 MiB (Increase: 0.0 MiB)
Current lengths of episodes: [39]
Memory usage at done (index 0, length 39, since_prev 39): 9680.6484375 MiB (Increase: 0.0 MiB)
Memory usage before reset: 9680.6484375 MiB (Increase: 0.0 MiB)
Memory usage after reset: 9680.6484375 MiB (Increase: 0.0 MiB)
Current lengths of episodes: [71]
Memory usage at done (index 0, length 71, since_prev 71): 9680.6484375 MiB (Increase: 0.0 MiB)
Memory usage before reset: 9680.6484375 MiB (Increase: 0.0 MiB)
Memory usage after reset: 9680.6484375 MiB (Increase: 0.0 MiB)
Current lengths of episodes: [1600]
Memory usage at done (index 0, length 1600, since_prev 1600): 9680.6484375 MiB (Increase: 0.0 MiB)
Memory usage before reset: 9680.6484375 MiB (Increase: 0.0 MiB)
Memory usage after reset: 9680.6484375 MiB (Increase: 0.0 MiB)
Current lengths of episodes: [1600]
Memory usage at done (index 0, length 1600, since_prev 1600): 9680.6484375 MiB (Increase: 0.0 MiB)
Memory usage before reset: 9680.6484375 MiB (Increase: 0.0 MiB)
Memory usage after reset: 9680.6484375 MiB (Increase: 0.0 MiB)
Current lengths of episodes: [1600]
Memory usage at done (index 0, length 1600, since_prev 1600): 9680.6484375 MiB (Increase: 0.0 MiB)
Memory usage before reset: 9680.6484375 MiB (Increase: 0.0 MiB)
Memory usage after reset: 9680.6484375 MiB (Increase: 0.0 MiB)
Current lengths of episodes: [1600]
Memory usage at done (index 0, length 1600, since_prev 1600): 9680.6484375 MiB (Increase: 0.0 MiB)
Memory usage before reset: 9680.6484375 MiB (Increase: 0.0 MiB)
Memory usage after reset: 9680.6484375 MiB (Increase: 0.0 MiB)
Current lengths of episodes: [1600]
Memory usage at done (index 0, length 1600, since_prev 1600): 9680.6484375 MiB (Increase: 0.0 MiB)
Memory usage before reset: 9680.6484375 MiB (Increase: 0.0 MiB)
Memory usage after reset: 9680.6484375 MiB (Increase: 0.0 MiB)
Current lengths of episodes: [56]
Memory usage at done (index 0, length 56, since_prev 56): 9680.6484375 MiB (Increase: 0.0 MiB)
Memory usage before reset: 9680.6484375 MiB (Increase: 0.0 MiB)
Memory usage after reset: 9680.6484375 MiB (Increase: 0.0 MiB)
Current lengths of episodes: [75]
Memory usage at done (index 0, length 75, since_prev 75): 9680.6484375 MiB (Increase: 0.0 MiB)
Memory usage before reset: 9680.6484375 MiB (Increase: 0.0 MiB)
Memory usage after reset: 9680.6484375 MiB (Increase: 0.0 MiB)
Training episode 920
Memory usage at middle: 9680.6484375 MiB (Increase: 0.0 MiB)
Memory usage before collect: 9680.6484375 MiB (Increase: 0.0 MiB)
Memory usage after collect: 9680.6484375 MiB (Increase: 0.0 MiB)
Memory usage before initialization: 9680.6484375 MiB (Increase: 0.0 MiB)
Memory usage after initialization: 9680.6484375 MiB (Increase: 0.0 MiB)
Current lengths of episodes: [117]
Memory usage at done (index 0, length 117, since_prev 117): 9680.6484375 MiB (Increase: 0.0 MiB)
Memory usage before reset: 9680.6484375 MiB (Increase: 0.0 MiB)
Memory usage after reset: 9680.6484375 MiB (Increase: 0.0 MiB)
Current lengths of episodes: [63]
Memory usage at done (index 0, length 63, since_prev 63): 9680.6484375 MiB (Increase: 0.0 MiB)
Memory usage before reset: 9680.6484375 MiB (Increase: 0.0 MiB)
Memory usage after reset: 9680.6484375 MiB (Increase: 0.0 MiB)
Current lengths of episodes: [1600]
Memory usage at done (index 0, length 1600, since_prev 1600): 9680.6484375 MiB (Increase: 0.0 MiB)
Memory usage before reset: 9680.6484375 MiB (Increase: 0.0 MiB)
Memory usage after reset: 9680.6484375 MiB (Increase: 0.0 MiB)
Current lengths of episodes: [61]
Memory usage at done (index 0, length 61, since_prev 61): 9680.6484375 MiB (Increase: 0.0 MiB)
Memory usage before reset: 9680.6484375 MiB (Increase: 0.0 MiB)
Memory usage after reset: 9680.6484375 MiB (Increase: 0.0 MiB)
Current lengths of episodes: [1600]
Memory usage at done (index 0, length 1600, since_prev 1600): 9680.6484375 MiB (Increase: 0.0 MiB)
Memory usage before reset: 9680.6484375 MiB (Increase: 0.0 MiB)
Memory usage after reset: 9680.6484375 MiB (Increase: 0.0 MiB)
Current lengths of episodes: [160]
Memory usage at done (index 0, length 160, since_prev 160): 9680.6484375 MiB (Increase: 0.0 MiB)
Memory usage before reset: 9680.6484375 MiB (Increase: 0.0 MiB)
Memory usage after reset: 9680.6484375 MiB (Increase: 0.0 MiB)
Current lengths of episodes: [1600]
Memory usage at done (index 0, length 1600, since_prev 1600): 9680.6484375 MiB (Increase: 0.0 MiB)
Memory usage before reset: 9680.6484375 MiB (Increase: 0.0 MiB)
Memory usage after reset: 9680.6484375 MiB (Increase: 0.0 MiB)
Current lengths of episodes: [57]
Memory usage at done (index 0, length 57, since_prev 57): 9680.6484375 MiB (Increase: 0.0 MiB)
Memory usage before reset: 9680.6484375 MiB (Increase: 0.0 MiB)
Memory usage after reset: 9680.6484375 MiB (Increase: 0.0 MiB)
Current lengths of episodes: [64]
Memory usage at done (index 0, length 64, since_prev 64): 9680.6484375 MiB (Increase: 0.0 MiB)
Memory usage before reset: 9680.6484375 MiB (Increase: 0.0 MiB)
Memory usage after reset: 9680.6484375 MiB (Increase: 0.0 MiB)
Current lengths of episodes: [58]
Memory usage at done (index 0, length 58, since_prev 58): 9680.6484375 MiB (Increase: 0.0 MiB)
Memory usage before reset: 9680.6484375 MiB (Increase: 0.0 MiB)
Memory usage after reset: 9680.6484375 MiB (Increase: 0.0 MiB)
Training episode 930
Memory usage at middle: 9680.6484375 MiB (Increase: 0.0 MiB)
Memory usage before collect: 9680.6484375 MiB (Increase: 0.0 MiB)
Memory usage after collect: 9680.6484375 MiB (Increase: 0.0 MiB)
Memory usage before initialization: 9680.6484375 MiB (Increase: 0.0 MiB)
Memory usage after initialization: 9680.6484375 MiB (Increase: 0.0 MiB)
Current lengths of episodes: [40]
Memory usage at done (index 0, length 40, since_prev 40): 9680.6484375 MiB (Increase: 0.0 MiB)
Memory usage before reset: 9680.6484375 MiB (Increase: 0.0 MiB)
Memory usage after reset: 9680.6484375 MiB (Increase: 0.0 MiB)
Current lengths of episodes: [82]
Memory usage at done (index 0, length 82, since_prev 82): 9680.6484375 MiB (Increase: 0.0 MiB)
Memory usage before reset: 9680.6484375 MiB (Increase: 0.0 MiB)
Memory usage after reset: 9680.6484375 MiB (Increase: 0.0 MiB)
Current lengths of episodes: [1600]
Memory usage at done (index 0, length 1600, since_prev 1600): 9680.6484375 MiB (Increase: 0.0 MiB)
Memory usage before reset: 9680.6484375 MiB (Increase: 0.0 MiB)
Memory usage after reset: 9680.6484375 MiB (Increase: 0.0 MiB)
Current lengths of episodes: [53]
Memory usage at done (index 0, length 53, since_prev 53): 9680.6484375 MiB (Increase: 0.0 MiB)
Memory usage before reset: 9680.6484375 MiB (Increase: 0.0 MiB)
Memory usage after reset: 9680.6484375 MiB (Increase: 0.0 MiB)
Current lengths of episodes: [1600]
Memory usage at done (index 0, length 1600, since_prev 1600): 9680.6484375 MiB (Increase: 0.0 MiB)
Memory usage before reset: 9680.6484375 MiB (Increase: 0.0 MiB)
Memory usage after reset: 9680.6484375 MiB (Increase: 0.0 MiB)
Current lengths of episodes: [1600]
Memory usage at done (index 0, length 1600, since_prev 1600): 9680.6484375 MiB (Increase: 0.0 MiB)
Memory usage before reset: 9680.6484375 MiB (Increase: 0.0 MiB)
Memory usage after reset: 9680.6484375 MiB (Increase: 0.0 MiB)
Current lengths of episodes: [1600]
Memory usage at done (index 0, length 1600, since_prev 1600): 9680.6484375 MiB (Increase: 0.0 MiB)
Memory usage before reset: 9680.6484375 MiB (Increase: 0.0 MiB)
Memory usage after reset: 9680.6484375 MiB (Increase: 0.0 MiB)
Current lengths of episodes: [66]
Memory usage at done (index 0, length 66, since_prev 66): 9680.6484375 MiB (Increase: 0.0 MiB)
Memory usage before reset: 9680.6484375 MiB (Increase: 0.0 MiB)
Memory usage after reset: 9680.6484375 MiB (Increase: 0.0 MiB)
Current lengths of episodes: [155]
Memory usage at done (index 0, length 155, since_prev 155): 9680.6484375 MiB (Increase: 0.0 MiB)
Memory usage before reset: 9680.6484375 MiB (Increase: 0.0 MiB)
Memory usage after reset: 9680.6484375 MiB (Increase: 0.0 MiB)
Current lengths of episodes: [1600]
Memory usage at done (index 0, length 1600, since_prev 1600): 9680.6484375 MiB (Increase: 0.0 MiB)
Memory usage before reset: 9680.6484375 MiB (Increase: 0.0 MiB)
Memory usage after reset: 9680.6484375 MiB (Increase: 0.0 MiB)
Training episode 940
Memory usage at middle: 9680.6484375 MiB (Increase: 0.0 MiB)
Memory usage before collect: 9680.6484375 MiB (Increase: 0.0 MiB)
Memory usage after collect: 9680.6484375 MiB (Increase: 0.0 MiB)
Memory usage before initialization: 9680.6484375 MiB (Increase: 0.0 MiB)
Memory usage after initialization: 9680.6484375 MiB (Increase: 0.0 MiB)
Current lengths of episodes: [77]
Memory usage at done (index 0, length 77, since_prev 77): 9680.6484375 MiB (Increase: 0.0 MiB)
Memory usage before reset: 9680.6484375 MiB (Increase: 0.0 MiB)
Memory usage after reset: 9680.6484375 MiB (Increase: 0.0 MiB)
Current lengths of episodes: [1600]
Memory usage at done (index 0, length 1600, since_prev 1600): 9680.6484375 MiB (Increase: 0.0 MiB)
Memory usage before reset: 9680.6484375 MiB (Increase: 0.0 MiB)
Memory usage after reset: 9680.6484375 MiB (Increase: 0.0 MiB)
Current lengths of episodes: [1563]
Memory usage at done (index 0, length 1563, since_prev 1563): 9680.6484375 MiB (Increase: 0.0 MiB)
Memory usage before reset: 9680.6484375 MiB (Increase: 0.0 MiB)
Memory usage after reset: 9680.6484375 MiB (Increase: 0.0 MiB)
Current lengths of episodes: [1600]
Memory usage at done (index 0, length 1600, since_prev 1600): 9680.6484375 MiB (Increase: 0.0 MiB)
Memory usage before reset: 9680.6484375 MiB (Increase: 0.0 MiB)
Memory usage after reset: 9680.6484375 MiB (Increase: 0.0 MiB)
Current lengths of episodes: [1600]
Memory usage at done (index 0, length 1600, since_prev 1600): 9680.6484375 MiB (Increase: 0.0 MiB)
Memory usage before reset: 9680.6484375 MiB (Increase: 0.0 MiB)
Memory usage after reset: 9680.6484375 MiB (Increase: 0.0 MiB)
Current lengths of episodes: [58]
Memory usage at done (index 0, length 58, since_prev 58): 9680.6484375 MiB (Increase: 0.0 MiB)
Memory usage before reset: 9680.6484375 MiB (Increase: 0.0 MiB)
Memory usage after reset: 9680.6484375 MiB (Increase: 0.0 MiB)
Current lengths of episodes: [1600]
Memory usage at done (index 0, length 1600, since_prev 1600): 9680.6484375 MiB (Increase: 0.0 MiB)
Memory usage before reset: 9680.6484375 MiB (Increase: 0.0 MiB)
Memory usage after reset: 9680.6484375 MiB (Increase: 0.0 MiB)
Current lengths of episodes: [60]
Memory usage at done (index 0, length 60, since_prev 60): 9680.6484375 MiB (Increase: 0.0 MiB)
Memory usage before reset: 9680.6484375 MiB (Increase: 0.0 MiB)
Memory usage after reset: 9680.6484375 MiB (Increase: 0.0 MiB)
Current lengths of episodes: [1600]
Memory usage at done (index 0, length 1600, since_prev 1600): 9680.6484375 MiB (Increase: 0.0 MiB)
Memory usage before reset: 9680.6484375 MiB (Increase: 0.0 MiB)
Memory usage after reset: 9680.6484375 MiB (Increase: 0.0 MiB)
Current lengths of episodes: [1600]
Memory usage at done (index 0, length 1600, since_prev 1600): 9680.6484375 MiB (Increase: 0.0 MiB)
Memory usage before reset: 9680.6484375 MiB (Increase: 0.0 MiB)
Memory usage after reset: 9680.6484375 MiB (Increase: 0.0 MiB)
Training episode 950
Memory usage at middle: 9680.6484375 MiB (Increase: 0.0 MiB)
Memory usage before collect: 9680.6484375 MiB (Increase: 0.0 MiB)
Memory usage after collect: 9680.6484375 MiB (Increase: 0.0 MiB)
Episode 950	Average evaluation: -49.895046975305306
Memory usage before initialization: 9680.6484375 MiB (Increase: 0.0 MiB)
Memory usage after initialization: 9680.6484375 MiB (Increase: 0.0 MiB)
Current lengths of episodes: [1600]
Memory usage at done (index 0, length 1600, since_prev 1600): 9680.6484375 MiB (Increase: 0.0 MiB)
Memory usage before reset: 9680.6484375 MiB (Increase: 0.0 MiB)
Memory usage after reset: 9680.6484375 MiB (Increase: 0.0 MiB)
Current lengths of episodes: [43]
Memory usage at done (index 0, length 43, since_prev 43): 9680.6484375 MiB (Increase: 0.0 MiB)
Memory usage before reset: 9680.6484375 MiB (Increase: 0.0 MiB)
Memory usage after reset: 9680.6484375 MiB (Increase: 0.0 MiB)
Current lengths of episodes: [91]
Memory usage at done (index 0, length 91, since_prev 91): 9680.6484375 MiB (Increase: 0.0 MiB)
Memory usage before reset: 9680.6484375 MiB (Increase: 0.0 MiB)
Memory usage after reset: 9680.6484375 MiB (Increase: 0.0 MiB)
Current lengths of episodes: [71]
Memory usage at done (index 0, length 71, since_prev 71): 9680.6484375 MiB (Increase: 0.0 MiB)
Memory usage before reset: 9680.6484375 MiB (Increase: 0.0 MiB)
Memory usage after reset: 9680.6484375 MiB (Increase: 0.0 MiB)
Current lengths of episodes: [76]
Memory usage at done (index 0, length 76, since_prev 76): 9680.6484375 MiB (Increase: 0.0 MiB)
Memory usage before reset: 9680.6484375 MiB (Increase: 0.0 MiB)
Memory usage after reset: 9680.6484375 MiB (Increase: 0.0 MiB)
Current lengths of episodes: [131]
Memory usage at done (index 0, length 131, since_prev 131): 9680.6484375 MiB (Increase: 0.0 MiB)
Memory usage before reset: 9680.6484375 MiB (Increase: 0.0 MiB)
Memory usage after reset: 9680.6484375 MiB (Increase: 0.0 MiB)
Current lengths of episodes: [1600]
Memory usage at done (index 0, length 1600, since_prev 1600): 9680.6484375 MiB (Increase: 0.0 MiB)
Memory usage before reset: 9680.6484375 MiB (Increase: 0.0 MiB)
Memory usage after reset: 9680.6484375 MiB (Increase: 0.0 MiB)
Current lengths of episodes: [57]
Memory usage at done (index 0, length 57, since_prev 57): 9680.6484375 MiB (Increase: 0.0 MiB)
Memory usage before reset: 9680.6484375 MiB (Increase: 0.0 MiB)
Memory usage after reset: 9680.6484375 MiB (Increase: 0.0 MiB)
Current lengths of episodes: [70]
Memory usage at done (index 0, length 70, since_prev 70): 9680.6484375 MiB (Increase: 0.0 MiB)
Memory usage before reset: 9680.6484375 MiB (Increase: 0.0 MiB)
Memory usage after reset: 9680.6484375 MiB (Increase: 0.0 MiB)
Current lengths of episodes: [1600]
Memory usage at done (index 0, length 1600, since_prev 1600): 9680.6484375 MiB (Increase: 0.0 MiB)
Memory usage before reset: 9680.6484375 MiB (Increase: 0.0 MiB)
Memory usage after reset: 9680.6484375 MiB (Increase: 0.0 MiB)
Training episode 960
Memory usage at middle: 9680.6484375 MiB (Increase: 0.0 MiB)
Memory usage before collect: 9680.6484375 MiB (Increase: 0.0 MiB)
Memory usage after collect: 9680.6484375 MiB (Increase: 0.0 MiB)
Memory usage before initialization: 9680.6484375 MiB (Increase: 0.0 MiB)
Memory usage after initialization: 9680.6484375 MiB (Increase: 0.0 MiB)
Current lengths of episodes: [1598]
Memory usage at done (index 0, length 1598, since_prev 1598): 9680.6484375 MiB (Increase: 0.0 MiB)
Memory usage before reset: 9680.6484375 MiB (Increase: 0.0 MiB)
Memory usage after reset: 9680.6484375 MiB (Increase: 0.0 MiB)
Current lengths of episodes: [70]
Memory usage at done (index 0, length 70, since_prev 70): 9680.6484375 MiB (Increase: 0.0 MiB)
Memory usage before reset: 9680.6484375 MiB (Increase: 0.0 MiB)
Memory usage after reset: 9680.6484375 MiB (Increase: 0.0 MiB)
Current lengths of episodes: [194]
Memory usage at done (index 0, length 194, since_prev 194): 9680.6484375 MiB (Increase: 0.0 MiB)
Memory usage before reset: 9680.6484375 MiB (Increase: 0.0 MiB)
Memory usage after reset: 9680.6484375 MiB (Increase: 0.0 MiB)
Current lengths of episodes: [89]
Memory usage at done (index 0, length 89, since_prev 89): 9680.6484375 MiB (Increase: 0.0 MiB)
Memory usage before reset: 9680.6484375 MiB (Increase: 0.0 MiB)
Memory usage after reset: 9680.6484375 MiB (Increase: 0.0 MiB)
Current lengths of episodes: [71]
Memory usage at done (index 0, length 71, since_prev 71): 9680.6484375 MiB (Increase: 0.0 MiB)
Memory usage before reset: 9680.6484375 MiB (Increase: 0.0 MiB)
Memory usage after reset: 9680.6484375 MiB (Increase: 0.0 MiB)
Current lengths of episodes: [1600]
Memory usage at done (index 0, length 1600, since_prev 1600): 9680.6484375 MiB (Increase: 0.0 MiB)
Memory usage before reset: 9680.6484375 MiB (Increase: 0.0 MiB)
Memory usage after reset: 9680.6484375 MiB (Increase: 0.0 MiB)
Current lengths of episodes: [1600]
Memory usage at done (index 0, length 1600, since_prev 1600): 9680.6484375 MiB (Increase: 0.0 MiB)
Memory usage before reset: 9680.6484375 MiB (Increase: 0.0 MiB)
Memory usage after reset: 9680.6484375 MiB (Increase: 0.0 MiB)
Current lengths of episodes: [1600]
Memory usage at done (index 0, length 1600, since_prev 1600): 9680.6484375 MiB (Increase: 0.0 MiB)
Memory usage before reset: 9680.6484375 MiB (Increase: 0.0 MiB)
Memory usage after reset: 9680.6484375 MiB (Increase: 0.0 MiB)
Current lengths of episodes: [1600]
Memory usage at done (index 0, length 1600, since_prev 1600): 9680.6484375 MiB (Increase: 0.0 MiB)
Memory usage before reset: 9680.6484375 MiB (Increase: 0.0 MiB)
Memory usage after reset: 9680.6484375 MiB (Increase: 0.0 MiB)
Current lengths of episodes: [1600]
Memory usage at done (index 0, length 1600, since_prev 1600): 9680.6484375 MiB (Increase: 0.0 MiB)
Memory usage before reset: 9680.6484375 MiB (Increase: 0.0 MiB)
Memory usage after reset: 9680.6484375 MiB (Increase: 0.0 MiB)
Training episode 970
Memory usage at middle: 9680.6484375 MiB (Increase: 0.0 MiB)
Memory usage before collect: 9680.6484375 MiB (Increase: 0.0 MiB)
Memory usage after collect: 9680.6484375 MiB (Increase: 0.0 MiB)
Memory usage before initialization: 9680.6484375 MiB (Increase: 0.0 MiB)
Memory usage after initialization: 9680.6484375 MiB (Increase: 0.0 MiB)
Current lengths of episodes: [101]
Memory usage at done (index 0, length 101, since_prev 101): 9680.6484375 MiB (Increase: 0.0 MiB)
Memory usage before reset: 9680.6484375 MiB (Increase: 0.0 MiB)
Memory usage after reset: 9680.6484375 MiB (Increase: 0.0 MiB)
Current lengths of episodes: [1600]
Memory usage at done (index 0, length 1600, since_prev 1600): 9680.6484375 MiB (Increase: 0.0 MiB)
Memory usage before reset: 9680.6484375 MiB (Increase: 0.0 MiB)
Memory usage after reset: 9680.6484375 MiB (Increase: 0.0 MiB)
Current lengths of episodes: [1600]
Memory usage at done (index 0, length 1600, since_prev 1600): 9680.6484375 MiB (Increase: 0.0 MiB)
Memory usage before reset: 9680.6484375 MiB (Increase: 0.0 MiB)
Memory usage after reset: 9680.6484375 MiB (Increase: 0.0 MiB)
Current lengths of episodes: [83]
Memory usage at done (index 0, length 83, since_prev 83): 9680.6484375 MiB (Increase: 0.0 MiB)
Memory usage before reset: 9680.6484375 MiB (Increase: 0.0 MiB)
Memory usage after reset: 9680.6484375 MiB (Increase: 0.0 MiB)
Current lengths of episodes: [1600]
Memory usage at done (index 0, length 1600, since_prev 1600): 9680.6484375 MiB (Increase: 0.0 MiB)
Memory usage before reset: 9680.6484375 MiB (Increase: 0.0 MiB)
Memory usage after reset: 9680.6484375 MiB (Increase: 0.0 MiB)
Current lengths of episodes: [65]
Memory usage at done (index 0, length 65, since_prev 65): 9680.6484375 MiB (Increase: 0.0 MiB)
Memory usage before reset: 9680.6484375 MiB (Increase: 0.0 MiB)
Memory usage after reset: 9680.6484375 MiB (Increase: 0.0 MiB)
Current lengths of episodes: [1600]
Memory usage at done (index 0, length 1600, since_prev 1600): 9680.6484375 MiB (Increase: 0.0 MiB)
Memory usage before reset: 9680.6484375 MiB (Increase: 0.0 MiB)
Memory usage after reset: 9680.6484375 MiB (Increase: 0.0 MiB)
Current lengths of episodes: [1600]
Memory usage at done (index 0, length 1600, since_prev 1600): 9680.6484375 MiB (Increase: 0.0 MiB)
Memory usage before reset: 9680.6484375 MiB (Increase: 0.0 MiB)
Memory usage after reset: 9680.6484375 MiB (Increase: 0.0 MiB)
Current lengths of episodes: [51]
Memory usage at done (index 0, length 51, since_prev 51): 9680.6484375 MiB (Increase: 0.0 MiB)
Memory usage before reset: 9680.6484375 MiB (Increase: 0.0 MiB)
Memory usage after reset: 9680.6484375 MiB (Increase: 0.0 MiB)
Current lengths of episodes: [107]
Memory usage at done (index 0, length 107, since_prev 107): 9680.6484375 MiB (Increase: 0.0 MiB)
Memory usage before reset: 9680.6484375 MiB (Increase: 0.0 MiB)
Memory usage after reset: 9680.6484375 MiB (Increase: 0.0 MiB)
Training episode 980
Memory usage at middle: 9680.6484375 MiB (Increase: 0.0 MiB)
Memory usage before collect: 9680.6484375 MiB (Increase: 0.0 MiB)
Memory usage after collect: 9680.6484375 MiB (Increase: 0.0 MiB)
Memory usage before initialization: 9680.6484375 MiB (Increase: 0.0 MiB)
Memory usage after initialization: 9680.6484375 MiB (Increase: 0.0 MiB)
Current lengths of episodes: [1600]
Memory usage at done (index 0, length 1600, since_prev 1600): 9680.6484375 MiB (Increase: 0.0 MiB)
Memory usage before reset: 9680.6484375 MiB (Increase: 0.0 MiB)
Memory usage after reset: 9680.6484375 MiB (Increase: 0.0 MiB)
Current lengths of episodes: [1600]
Memory usage at done (index 0, length 1600, since_prev 1600): 9680.6484375 MiB (Increase: 0.0 MiB)
Memory usage before reset: 9680.6484375 MiB (Increase: 0.0 MiB)
Memory usage after reset: 9680.6484375 MiB (Increase: 0.0 MiB)
Current lengths of episodes: [1600]
Memory usage at done (index 0, length 1600, since_prev 1600): 9680.6484375 MiB (Increase: 0.0 MiB)
Memory usage before reset: 9680.6484375 MiB (Increase: 0.0 MiB)
Memory usage after reset: 9680.6484375 MiB (Increase: 0.0 MiB)
Current lengths of episodes: [76]
Memory usage at done (index 0, length 76, since_prev 76): 9680.6484375 MiB (Increase: 0.0 MiB)
Memory usage before reset: 9680.6484375 MiB (Increase: 0.0 MiB)
Memory usage after reset: 9680.6484375 MiB (Increase: 0.0 MiB)
Current lengths of episodes: [72]
Memory usage at done (index 0, length 72, since_prev 72): 9680.6484375 MiB (Increase: 0.0 MiB)
Memory usage before reset: 9680.6484375 MiB (Increase: 0.0 MiB)
Memory usage after reset: 9680.6484375 MiB (Increase: 0.0 MiB)
Current lengths of episodes: [60]
Memory usage at done (index 0, length 60, since_prev 60): 9680.6484375 MiB (Increase: 0.0 MiB)
Memory usage before reset: 9680.6484375 MiB (Increase: 0.0 MiB)
Memory usage after reset: 9680.6484375 MiB (Increase: 0.0 MiB)
Current lengths of episodes: [56]
Memory usage at done (index 0, length 56, since_prev 56): 9680.6484375 MiB (Increase: 0.0 MiB)
Memory usage before reset: 9680.6484375 MiB (Increase: 0.0 MiB)
Memory usage after reset: 9680.6484375 MiB (Increase: 0.0 MiB)
Current lengths of episodes: [53]
Memory usage at done (index 0, length 53, since_prev 53): 9680.6484375 MiB (Increase: 0.0 MiB)
Memory usage before reset: 9680.6484375 MiB (Increase: 0.0 MiB)
Memory usage after reset: 9680.6484375 MiB (Increase: 0.0 MiB)
Current lengths of episodes: [83]
Memory usage at done (index 0, length 83, since_prev 83): 9680.6484375 MiB (Increase: 0.0 MiB)
Memory usage before reset: 9680.6484375 MiB (Increase: 0.0 MiB)
Memory usage after reset: 9680.6484375 MiB (Increase: 0.0 MiB)
Current lengths of episodes: [94]
Memory usage at done (index 0, length 94, since_prev 94): 9680.6484375 MiB (Increase: 0.0 MiB)
Memory usage before reset: 9680.6484375 MiB (Increase: 0.0 MiB)
Memory usage after reset: 9680.6484375 MiB (Increase: 0.0 MiB)
Training episode 990
Memory usage at middle: 9680.6484375 MiB (Increase: 0.0 MiB)
Memory usage before collect: 9680.6484375 MiB (Increase: 0.0 MiB)
Memory usage after collect: 9680.6484375 MiB (Increase: 0.0 MiB)
Memory usage before initialization: 9680.6484375 MiB (Increase: 0.0 MiB)
Memory usage after initialization: 9680.6484375 MiB (Increase: 0.0 MiB)
Current lengths of episodes: [85]
Memory usage at done (index 0, length 85, since_prev 85): 9680.6484375 MiB (Increase: 0.0 MiB)
Memory usage before reset: 9680.6484375 MiB (Increase: 0.0 MiB)
Memory usage after reset: 9680.6484375 MiB (Increase: 0.0 MiB)
Current lengths of episodes: [1600]
Memory usage at done (index 0, length 1600, since_prev 1600): 9680.6484375 MiB (Increase: 0.0 MiB)
Memory usage before reset: 9680.6484375 MiB (Increase: 0.0 MiB)
Memory usage after reset: 9680.6484375 MiB (Increase: 0.0 MiB)
Current lengths of episodes: [1600]
Memory usage at done (index 0, length 1600, since_prev 1600): 9680.6484375 MiB (Increase: 0.0 MiB)
Memory usage before reset: 9680.6484375 MiB (Increase: 0.0 MiB)
Memory usage after reset: 9680.6484375 MiB (Increase: 0.0 MiB)
Current lengths of episodes: [62]
Memory usage at done (index 0, length 62, since_prev 62): 9680.6484375 MiB (Increase: 0.0 MiB)
Memory usage before reset: 9680.6484375 MiB (Increase: 0.0 MiB)
Memory usage after reset: 9680.6484375 MiB (Increase: 0.0 MiB)
Current lengths of episodes: [1600]
Memory usage at done (index 0, length 1600, since_prev 1600): 9680.6484375 MiB (Increase: 0.0 MiB)
Memory usage before reset: 9680.6484375 MiB (Increase: 0.0 MiB)
Memory usage after reset: 9680.6484375 MiB (Increase: 0.0 MiB)
Current lengths of episodes: [1600]
Memory usage at done (index 0, length 1600, since_prev 1600): 9680.6484375 MiB (Increase: 0.0 MiB)
Memory usage before reset: 9680.6484375 MiB (Increase: 0.0 MiB)
Memory usage after reset: 9680.6484375 MiB (Increase: 0.0 MiB)
Current lengths of episodes: [1600]
Memory usage at done (index 0, length 1600, since_prev 1600): 9680.6484375 MiB (Increase: 0.0 MiB)
Memory usage before reset: 9680.6484375 MiB (Increase: 0.0 MiB)
Memory usage after reset: 9680.6484375 MiB (Increase: 0.0 MiB)
Current lengths of episodes: [1600]
Memory usage at done (index 0, length 1600, since_prev 1600): 9680.6484375 MiB (Increase: 0.0 MiB)
Memory usage before reset: 9680.6484375 MiB (Increase: 0.0 MiB)
Memory usage after reset: 9680.6484375 MiB (Increase: 0.0 MiB)
Current lengths of episodes: [1600]
Memory usage at done (index 0, length 1600, since_prev 1600): 9680.6484375 MiB (Increase: 0.0 MiB)
Memory usage before reset: 9680.6484375 MiB (Increase: 0.0 MiB)
Memory usage after reset: 9680.6484375 MiB (Increase: 0.0 MiB)
Current lengths of episodes: [68]
Memory usage at done (index 0, length 68, since_prev 68): 9680.6484375 MiB (Increase: 0.0 MiB)
Memory usage before reset: 9680.6484375 MiB (Increase: 0.0 MiB)
Memory usage after reset: 9680.6484375 MiB (Increase: 0.0 MiB)
Training episode 1000
Memory usage at middle: 9680.6484375 MiB (Increase: 0.0 MiB)
Memory usage before collect: 9680.6484375 MiB (Increase: 0.0 MiB)
Memory usage after collect: 9680.6484375 MiB (Increase: 0.0 MiB)
Episode 1000	Average evaluation: -116.27319450643274
Current best exp_BW_validation:  -49.895046975305306  reached at episode  950 .
Memory usage at end: 9680.6484375 MiB (Increase: 0.0 MiB)
Memory used by function: 9296.20703125 MiB
Best average after 950 episodes: -49.895046975305306
Training took 9689.862513303757 seconds

###############################################################################
Hábrók Cluster
Job 9076353 for user s3512290
Finished at: Mon May 20 02:01:52 CEST 2024

Job details:
============

Job ID              : 9076353
Name                : batchBWtest.sh
User                : s3512290
Partition           : regularmedium
Nodes               : node92
Number of Nodes     : 1
Cores               : 1
Number of Tasks     : 1
State               : RUNNING
Submit              : 2024-05-19T23:17:33
Start               : 2024-05-19T23:20:01
End                 : --
Reserved walltime   : 12:00:00
Used walltime       : 02:41:51
Used CPU time       : 02:39:30 (efficiency: 98.55%)
% User (Computation): 77.64%
% System (I/O)      : 22.36%
Mem reserved        : 10000M
Max Mem (Node/step) : 9.32G (node92, per node)
Full Max Mem usage  : 9.32G (Until last completed step)
Total Disk Read     : 810.00M (Until last completed step)
Total Disk Write    : 777.76M (Until last completed step)

Acknowledgements:
=================

Please see this page for information about acknowledging Hábrók in your publications:

https://wiki.hpc.rug.nl/habrok/introduction/scientific_output

################################################################################
