The following modules were not unloaded:
  (Use "module --force purge" to unload all):

  1) 2023.01   2) StdEnv
Created Directory Master_Thesis_Code/BP_A2C/bipedal_walker/exploration/BP_RNN_a2c_result_43_2024519_entropycoef_0.0001_valuepredcoef_0.0001_learningrate_1e-05_numtrainepisodes_1000_selectionmethod_exp_BW_validation_trainingmethod_original_numneurons_96 to store the results in
Run # 0
WARNING: Batch size larger than 1 not implemented yet for all training algorithms.
Section 1 out of 1 sections
GPU is not available
Memory usage at start: 386.13671875 MiB
/home3/s3512290/venvs/LTC/lib/python3.8/site-packages/gym/logger.py:30: UserWarning: [33mWARN: Box bound precision lowered by casting to float32[0m
  warnings.warn(colorize('%s: %s'%('WARN', msg % args), 'yellow'))
Memory usage before initialization: 387.07421875 MiB (Increase: 0.9375 MiB)
Memory usage after initialization: 387.07421875 MiB (Increase: 0.0 MiB)
Current lengths of episodes: [62]
New longest episode length: 62, previous longest: 0
Memory usage at done (index 0, length 62, since_prev 61): 418.4765625 MiB (Increase: 31.40234375 MiB)
Memory usage before reset: 418.4765625 MiB (Increase: 0.0 MiB)
Memory usage after reset: 418.4765625 MiB (Increase: 0.0 MiB)
Current lengths of episodes: [81]
New longest episode length: 81, previous longest: 62
Memory usage at done (index 0, length 81, since_prev 81): 447.46484375 MiB (Increase: 28.98828125 MiB)
Memory usage before reset: 447.46484375 MiB (Increase: 0.0 MiB)
Memory usage after reset: 447.46484375 MiB (Increase: 0.0 MiB)
Training episode 2
Memory usage at middle: 447.46484375 MiB (Increase: 0.0 MiB)
Memory usage before collect: 450.6484375 MiB (Increase: 3.18359375 MiB)
Memory usage after collect: 451.26953125 MiB (Increase: 0.62109375 MiB)
Memory usage before initialization: 451.26953125 MiB (Increase: 0.0 MiB)
Memory usage after initialization: 451.26953125 MiB (Increase: 0.0 MiB)
Current lengths of episodes: [41]
Memory usage at done (index 0, length 41, since_prev 41): 464.78125 MiB (Increase: 13.51171875 MiB)
Memory usage before reset: 464.78125 MiB (Increase: 0.0 MiB)
Memory usage after reset: 464.78125 MiB (Increase: 0.0 MiB)
Current lengths of episodes: [1265]
New longest episode length: 1265, previous longest: 81
Memory usage at done (index 0, length 1265, since_prev 1265): 915.69921875 MiB (Increase: 450.91796875 MiB)
Memory usage before reset: 915.69921875 MiB (Increase: 0.0 MiB)
Memory usage after reset: 915.69921875 MiB (Increase: 0.0 MiB)
Training episode 4
Memory usage at middle: 915.69921875 MiB (Increase: 0.0 MiB)
Memory usage before collect: 916.734375 MiB (Increase: 1.03515625 MiB)
Memory usage after collect: 916.734375 MiB (Increase: 0.0 MiB)
Memory usage before initialization: 916.734375 MiB (Increase: 0.0 MiB)
Memory usage after initialization: 916.734375 MiB (Increase: 0.0 MiB)
Current lengths of episodes: [1600]
New longest episode length: 1600, previous longest: 1265
Memory usage at done (index 0, length 1600, since_prev 1600): 1442.17578125 MiB (Increase: 525.44140625 MiB)
Memory usage before reset: 1442.17578125 MiB (Increase: 0.0 MiB)
Memory usage after reset: 1442.17578125 MiB (Increase: 0.0 MiB)
Current lengths of episodes: [93]
Memory usage at done (index 0, length 93, since_prev 93): 1475.12890625 MiB (Increase: 32.953125 MiB)
Memory usage before reset: 1475.12890625 MiB (Increase: 0.0 MiB)
Memory usage after reset: 1475.12890625 MiB (Increase: 0.0 MiB)
Training episode 6
Memory usage at middle: 1475.12890625 MiB (Increase: 0.0 MiB)
Memory usage before collect: 1475.53515625 MiB (Increase: 0.40625 MiB)
Memory usage after collect: 1475.53515625 MiB (Increase: 0.0 MiB)
Memory usage before initialization: 1475.53515625 MiB (Increase: 0.0 MiB)
Memory usage after initialization: 1475.53515625 MiB (Increase: 0.0 MiB)
Current lengths of episodes: [105]
Memory usage at done (index 0, length 105, since_prev 105): 1475.53515625 MiB (Increase: 0.0 MiB)
Memory usage before reset: 1475.53515625 MiB (Increase: 0.0 MiB)
Memory usage after reset: 1475.53515625 MiB (Increase: 0.0 MiB)
Current lengths of episodes: [68]
Memory usage at done (index 0, length 68, since_prev 68): 1475.53515625 MiB (Increase: 0.0 MiB)
Memory usage before reset: 1475.53515625 MiB (Increase: 0.0 MiB)
Memory usage after reset: 1475.53515625 MiB (Increase: 0.0 MiB)
Training episode 8
Memory usage at middle: 1475.53515625 MiB (Increase: 0.0 MiB)
Memory usage before collect: 1475.53515625 MiB (Increase: 0.0 MiB)
Memory usage after collect: 1475.53515625 MiB (Increase: 0.0 MiB)
Memory usage before initialization: 1475.53515625 MiB (Increase: 0.0 MiB)
Memory usage after initialization: 1475.53515625 MiB (Increase: 0.0 MiB)
Current lengths of episodes: [93]
Memory usage at done (index 0, length 93, since_prev 93): 1475.53515625 MiB (Increase: 0.0 MiB)
Memory usage before reset: 1475.53515625 MiB (Increase: 0.0 MiB)
Memory usage after reset: 1475.53515625 MiB (Increase: 0.0 MiB)
Current lengths of episodes: [96]
Memory usage at done (index 0, length 96, since_prev 96): 1475.53515625 MiB (Increase: 0.0 MiB)
Memory usage before reset: 1475.53515625 MiB (Increase: 0.0 MiB)
Memory usage after reset: 1475.53515625 MiB (Increase: 0.0 MiB)
Training episode 10
Memory usage at middle: 1475.53515625 MiB (Increase: 0.0 MiB)
Memory usage before collect: 1475.53515625 MiB (Increase: 0.0 MiB)
Memory usage after collect: 1475.53515625 MiB (Increase: 0.0 MiB)
Memory usage before initialization: 1475.53515625 MiB (Increase: 0.0 MiB)
Memory usage after initialization: 1475.53515625 MiB (Increase: 0.0 MiB)
Current lengths of episodes: [1600]
Memory usage at done (index 0, length 1600, since_prev 1600): 1475.53515625 MiB (Increase: 0.0 MiB)
Memory usage before reset: 1475.53515625 MiB (Increase: 0.0 MiB)
Memory usage after reset: 1475.53515625 MiB (Increase: 0.0 MiB)
Current lengths of episodes: [54]
Memory usage at done (index 0, length 54, since_prev 54): 1475.53515625 MiB (Increase: 0.0 MiB)
Memory usage before reset: 1475.53515625 MiB (Increase: 0.0 MiB)
Memory usage after reset: 1475.53515625 MiB (Increase: 0.0 MiB)
Training episode 12
Memory usage at middle: 1475.53515625 MiB (Increase: 0.0 MiB)
Memory usage before collect: 1475.53515625 MiB (Increase: 0.0 MiB)
Memory usage after collect: 1475.53515625 MiB (Increase: 0.0 MiB)
Memory usage before initialization: 1475.53515625 MiB (Increase: 0.0 MiB)
Memory usage after initialization: 1475.53515625 MiB (Increase: 0.0 MiB)
Current lengths of episodes: [1600]
Memory usage at done (index 0, length 1600, since_prev 1600): 1513.54296875 MiB (Increase: 38.0078125 MiB)
Memory usage before reset: 1513.54296875 MiB (Increase: 0.0 MiB)
Memory usage after reset: 1513.54296875 MiB (Increase: 0.0 MiB)
Current lengths of episodes: [73]
Memory usage at done (index 0, length 73, since_prev 73): 1524.16796875 MiB (Increase: 10.625 MiB)
Memory usage before reset: 1524.16796875 MiB (Increase: 0.0 MiB)
Memory usage after reset: 1524.16796875 MiB (Increase: 0.0 MiB)
Training episode 14
Memory usage at middle: 1524.21484375 MiB (Increase: 0.046875 MiB)
Memory usage before collect: 1524.2734375 MiB (Increase: 0.05859375 MiB)
Memory usage after collect: 1524.2734375 MiB (Increase: 0.0 MiB)
Memory usage before initialization: 1524.2734375 MiB (Increase: 0.0 MiB)
Memory usage after initialization: 1524.2734375 MiB (Increase: 0.0 MiB)
Current lengths of episodes: [1600]
Memory usage at done (index 0, length 1600, since_prev 1600): 1554.83203125 MiB (Increase: 30.55859375 MiB)
Memory usage before reset: 1554.83203125 MiB (Increase: 0.0 MiB)
Memory usage after reset: 1554.83984375 MiB (Increase: 0.0078125 MiB)
Current lengths of episodes: [1600]
Memory usage at done (index 0, length 1600, since_prev 1600): 2124.66796875 MiB (Increase: 569.828125 MiB)
Memory usage before reset: 2124.66796875 MiB (Increase: 0.0 MiB)
Memory usage after reset: 2124.66796875 MiB (Increase: 0.0 MiB)
Training episode 16
Memory usage at middle: 2124.66796875 MiB (Increase: 0.0 MiB)
Memory usage before collect: 2125.30078125 MiB (Increase: 0.6328125 MiB)
Memory usage after collect: 2125.30078125 MiB (Increase: 0.0 MiB)
Memory usage before initialization: 2125.30078125 MiB (Increase: 0.0 MiB)
Memory usage after initialization: 2125.30078125 MiB (Increase: 0.0 MiB)
Current lengths of episodes: [69]
Memory usage at done (index 0, length 69, since_prev 69): 2125.30078125 MiB (Increase: 0.0 MiB)
Memory usage before reset: 2125.30078125 MiB (Increase: 0.0 MiB)
Memory usage after reset: 2125.30078125 MiB (Increase: 0.0 MiB)
Current lengths of episodes: [72]
Memory usage at done (index 0, length 72, since_prev 72): 2125.30078125 MiB (Increase: 0.0 MiB)
Memory usage before reset: 2125.30078125 MiB (Increase: 0.0 MiB)
Memory usage after reset: 2125.30078125 MiB (Increase: 0.0 MiB)
Training episode 18
Memory usage at middle: 2125.30078125 MiB (Increase: 0.0 MiB)
Memory usage before collect: 2125.30078125 MiB (Increase: 0.0 MiB)
Memory usage after collect: 2125.30078125 MiB (Increase: 0.0 MiB)
Memory usage before initialization: 2125.30078125 MiB (Increase: 0.0 MiB)
Memory usage after initialization: 2125.30078125 MiB (Increase: 0.0 MiB)
Current lengths of episodes: [1600]
Memory usage at done (index 0, length 1600, since_prev 1600): 2125.30078125 MiB (Increase: 0.0 MiB)
Memory usage before reset: 2125.30078125 MiB (Increase: 0.0 MiB)
Memory usage after reset: 2125.30078125 MiB (Increase: 0.0 MiB)
Current lengths of episodes: [88]
Memory usage at done (index 0, length 88, since_prev 88): 2125.30078125 MiB (Increase: 0.0 MiB)
Memory usage before reset: 2125.30078125 MiB (Increase: 0.0 MiB)
Memory usage after reset: 2125.30078125 MiB (Increase: 0.0 MiB)
Training episode 20
Memory usage at middle: 2125.30078125 MiB (Increase: 0.0 MiB)
Memory usage before collect: 2125.30078125 MiB (Increase: 0.0 MiB)
Memory usage after collect: 2125.30078125 MiB (Increase: 0.0 MiB)
Memory usage before initialization: 2125.30078125 MiB (Increase: 0.0 MiB)
Memory usage after initialization: 2125.30078125 MiB (Increase: 0.0 MiB)
Current lengths of episodes: [1600]
Memory usage at done (index 0, length 1600, since_prev 1600): 2125.30078125 MiB (Increase: 0.0 MiB)
Memory usage before reset: 2125.30078125 MiB (Increase: 0.0 MiB)
Memory usage after reset: 2125.30078125 MiB (Increase: 0.0 MiB)
Current lengths of episodes: [1600]
Memory usage at done (index 0, length 1600, since_prev 1600): 2131.87109375 MiB (Increase: 6.5703125 MiB)
Memory usage before reset: 2131.87109375 MiB (Increase: 0.0 MiB)
Memory usage after reset: 2131.87109375 MiB (Increase: 0.0 MiB)
Training episode 22
Memory usage at middle: 2131.87109375 MiB (Increase: 0.0 MiB)
Memory usage before collect: 2131.96875 MiB (Increase: 0.09765625 MiB)
Memory usage after collect: 2131.96875 MiB (Increase: 0.0 MiB)
Memory usage before initialization: 2131.96875 MiB (Increase: 0.0 MiB)
Memory usage after initialization: 2131.96875 MiB (Increase: 0.0 MiB)
Current lengths of episodes: [85]
Memory usage at done (index 0, length 85, since_prev 85): 2132.15625 MiB (Increase: 0.1875 MiB)
Memory usage before reset: 2132.15625 MiB (Increase: 0.0 MiB)
Memory usage after reset: 2132.15625 MiB (Increase: 0.0 MiB)
Current lengths of episodes: [146]
Memory usage at done (index 0, length 146, since_prev 146): 2132.15625 MiB (Increase: 0.0 MiB)
Memory usage before reset: 2132.15625 MiB (Increase: 0.0 MiB)
Memory usage after reset: 2132.15625 MiB (Increase: 0.0 MiB)
Training episode 24
Memory usage at middle: 2132.15625 MiB (Increase: 0.0 MiB)
Memory usage before collect: 2132.15625 MiB (Increase: 0.0 MiB)
Memory usage after collect: 2132.15625 MiB (Increase: 0.0 MiB)
Memory usage before initialization: 2132.15625 MiB (Increase: 0.0 MiB)
Memory usage after initialization: 2132.15625 MiB (Increase: 0.0 MiB)
Current lengths of episodes: [113]
Memory usage at done (index 0, length 113, since_prev 113): 2132.15625 MiB (Increase: 0.0 MiB)
Memory usage before reset: 2132.15625 MiB (Increase: 0.0 MiB)
Memory usage after reset: 2132.15625 MiB (Increase: 0.0 MiB)
Current lengths of episodes: [915]
Memory usage at done (index 0, length 915, since_prev 915): 2132.15625 MiB (Increase: 0.0 MiB)
Memory usage before reset: 2132.15625 MiB (Increase: 0.0 MiB)
Memory usage after reset: 2132.15625 MiB (Increase: 0.0 MiB)
Training episode 26
Memory usage at middle: 2132.15625 MiB (Increase: 0.0 MiB)
Memory usage before collect: 2132.15625 MiB (Increase: 0.0 MiB)
Memory usage after collect: 2132.15625 MiB (Increase: 0.0 MiB)
Memory usage before initialization: 2132.15625 MiB (Increase: 0.0 MiB)
Memory usage after initialization: 2132.15625 MiB (Increase: 0.0 MiB)
Current lengths of episodes: [61]
Memory usage at done (index 0, length 61, since_prev 61): 2132.15625 MiB (Increase: 0.0 MiB)
Memory usage before reset: 2132.15625 MiB (Increase: 0.0 MiB)
Memory usage after reset: 2132.15625 MiB (Increase: 0.0 MiB)
Current lengths of episodes: [1600]
Memory usage at done (index 0, length 1600, since_prev 1600): 2132.15625 MiB (Increase: 0.0 MiB)
Memory usage before reset: 2132.15625 MiB (Increase: 0.0 MiB)
Memory usage after reset: 2132.15625 MiB (Increase: 0.0 MiB)
Training episode 28
Memory usage at middle: 2132.15625 MiB (Increase: 0.0 MiB)
Memory usage before collect: 2132.15625 MiB (Increase: 0.0 MiB)
Memory usage after collect: 2132.15625 MiB (Increase: 0.0 MiB)
Memory usage before initialization: 2132.15625 MiB (Increase: 0.0 MiB)
Memory usage after initialization: 2132.15625 MiB (Increase: 0.0 MiB)
Current lengths of episodes: [114]
Memory usage at done (index 0, length 114, since_prev 114): 2132.15625 MiB (Increase: 0.0 MiB)
Memory usage before reset: 2132.15625 MiB (Increase: 0.0 MiB)
Memory usage after reset: 2132.15625 MiB (Increase: 0.0 MiB)
Current lengths of episodes: [1600]
Memory usage at done (index 0, length 1600, since_prev 1600): 2132.15625 MiB (Increase: 0.0 MiB)
Memory usage before reset: 2132.15625 MiB (Increase: 0.0 MiB)
Memory usage after reset: 2132.15625 MiB (Increase: 0.0 MiB)
Training episode 30
Memory usage at middle: 2132.15625 MiB (Increase: 0.0 MiB)
Memory usage before collect: 2132.15625 MiB (Increase: 0.0 MiB)
Memory usage after collect: 2132.15625 MiB (Increase: 0.0 MiB)
Memory usage before initialization: 2132.15625 MiB (Increase: 0.0 MiB)
Memory usage after initialization: 2132.15625 MiB (Increase: 0.0 MiB)
Current lengths of episodes: [1600]
Memory usage at done (index 0, length 1600, since_prev 1600): 2132.15625 MiB (Increase: 0.0 MiB)
Memory usage before reset: 2132.15625 MiB (Increase: 0.0 MiB)
Memory usage after reset: 2132.15625 MiB (Increase: 0.0 MiB)
Current lengths of episodes: [68]
Memory usage at done (index 0, length 68, since_prev 68): 2132.15625 MiB (Increase: 0.0 MiB)
Memory usage before reset: 2132.15625 MiB (Increase: 0.0 MiB)
Memory usage after reset: 2132.15625 MiB (Increase: 0.0 MiB)
Training episode 32
Memory usage at middle: 2132.15625 MiB (Increase: 0.0 MiB)
Memory usage before collect: 2132.15625 MiB (Increase: 0.0 MiB)
Memory usage after collect: 2132.15625 MiB (Increase: 0.0 MiB)
Memory usage before initialization: 2132.15625 MiB (Increase: 0.0 MiB)
Memory usage after initialization: 2132.15625 MiB (Increase: 0.0 MiB)
Current lengths of episodes: [153]
Memory usage at done (index 0, length 153, since_prev 153): 2132.15625 MiB (Increase: 0.0 MiB)
Memory usage before reset: 2132.15625 MiB (Increase: 0.0 MiB)
Memory usage after reset: 2132.15625 MiB (Increase: 0.0 MiB)
Current lengths of episodes: [1600]
Memory usage at done (index 0, length 1600, since_prev 1600): 2132.15625 MiB (Increase: 0.0 MiB)
Memory usage before reset: 2132.15625 MiB (Increase: 0.0 MiB)
Memory usage after reset: 2132.15625 MiB (Increase: 0.0 MiB)
Training episode 34
Memory usage at middle: 2132.15625 MiB (Increase: 0.0 MiB)
Memory usage before collect: 2132.15625 MiB (Increase: 0.0 MiB)
Memory usage after collect: 2132.15625 MiB (Increase: 0.0 MiB)
Memory usage before initialization: 2132.15625 MiB (Increase: 0.0 MiB)
Memory usage after initialization: 2132.15625 MiB (Increase: 0.0 MiB)
Current lengths of episodes: [1600]
Memory usage at done (index 0, length 1600, since_prev 1600): 2132.15625 MiB (Increase: 0.0 MiB)
Memory usage before reset: 2132.15625 MiB (Increase: 0.0 MiB)
Memory usage after reset: 2132.15625 MiB (Increase: 0.0 MiB)
Current lengths of episodes: [72]
Memory usage at done (index 0, length 72, since_prev 72): 2132.15625 MiB (Increase: 0.0 MiB)
Memory usage before reset: 2132.15625 MiB (Increase: 0.0 MiB)
Memory usage after reset: 2132.15625 MiB (Increase: 0.0 MiB)
Training episode 36
Memory usage at middle: 2132.15625 MiB (Increase: 0.0 MiB)
Memory usage before collect: 2132.15625 MiB (Increase: 0.0 MiB)
Memory usage after collect: 2132.15625 MiB (Increase: 0.0 MiB)
Memory usage before initialization: 2132.15625 MiB (Increase: 0.0 MiB)
Memory usage after initialization: 2132.15625 MiB (Increase: 0.0 MiB)
Current lengths of episodes: [1600]
Memory usage at done (index 0, length 1600, since_prev 1600): 2132.15625 MiB (Increase: 0.0 MiB)
Memory usage before reset: 2132.15625 MiB (Increase: 0.0 MiB)
Memory usage after reset: 2132.15625 MiB (Increase: 0.0 MiB)
Current lengths of episodes: [1600]
Memory usage at done (index 0, length 1600, since_prev 1600): 2173.6796875 MiB (Increase: 41.5234375 MiB)
Memory usage before reset: 2173.6796875 MiB (Increase: 0.0 MiB)
Memory usage after reset: 2173.6796875 MiB (Increase: 0.0 MiB)
Training episode 38
Memory usage at middle: 2173.6796875 MiB (Increase: 0.0 MiB)
Memory usage before collect: 2180.82421875 MiB (Increase: 7.14453125 MiB)
Memory usage after collect: 2180.82421875 MiB (Increase: 0.0 MiB)
Memory usage before initialization: 2180.82421875 MiB (Increase: 0.0 MiB)
Memory usage after initialization: 2180.82421875 MiB (Increase: 0.0 MiB)
Current lengths of episodes: [60]
Memory usage at done (index 0, length 60, since_prev 60): 2180.82421875 MiB (Increase: 0.0 MiB)
Memory usage before reset: 2180.82421875 MiB (Increase: 0.0 MiB)
Memory usage after reset: 2180.82421875 MiB (Increase: 0.0 MiB)
Current lengths of episodes: [1600]
Memory usage at done (index 0, length 1600, since_prev 1600): 2232.53515625 MiB (Increase: 51.7109375 MiB)
Memory usage before reset: 2232.53515625 MiB (Increase: 0.0 MiB)
Memory usage after reset: 2232.53515625 MiB (Increase: 0.0 MiB)
Training episode 40
Memory usage at middle: 2232.53515625 MiB (Increase: 0.0 MiB)
Memory usage before collect: 2232.8359375 MiB (Increase: 0.30078125 MiB)
Memory usage after collect: 2232.8359375 MiB (Increase: 0.0 MiB)
Memory usage before initialization: 2232.8359375 MiB (Increase: 0.0 MiB)
Memory usage after initialization: 2232.8359375 MiB (Increase: 0.0 MiB)
Current lengths of episodes: [1600]
Memory usage at done (index 0, length 1600, since_prev 1600): 2232.8359375 MiB (Increase: 0.0 MiB)
Memory usage before reset: 2232.8359375 MiB (Increase: 0.0 MiB)
Memory usage after reset: 2232.8359375 MiB (Increase: 0.0 MiB)
Current lengths of episodes: [1600]
Memory usage at done (index 0, length 1600, since_prev 1600): 2232.8359375 MiB (Increase: 0.0 MiB)
Memory usage before reset: 2232.8359375 MiB (Increase: 0.0 MiB)
Memory usage after reset: 2232.8359375 MiB (Increase: 0.0 MiB)
Training episode 42
Memory usage at middle: 2232.8359375 MiB (Increase: 0.0 MiB)
Memory usage before collect: 2232.8359375 MiB (Increase: 0.0 MiB)
Memory usage after collect: 2232.8359375 MiB (Increase: 0.0 MiB)
Memory usage before initialization: 2232.8359375 MiB (Increase: 0.0 MiB)
Memory usage after initialization: 2232.8359375 MiB (Increase: 0.0 MiB)
Current lengths of episodes: [85]
Memory usage at done (index 0, length 85, since_prev 85): 2232.8359375 MiB (Increase: 0.0 MiB)
Memory usage before reset: 2232.8359375 MiB (Increase: 0.0 MiB)
Memory usage after reset: 2232.8359375 MiB (Increase: 0.0 MiB)
Current lengths of episodes: [72]
Memory usage at done (index 0, length 72, since_prev 72): 2232.8359375 MiB (Increase: 0.0 MiB)
Memory usage before reset: 2232.8359375 MiB (Increase: 0.0 MiB)
Memory usage after reset: 2232.8359375 MiB (Increase: 0.0 MiB)
Training episode 44
Memory usage at middle: 2232.8359375 MiB (Increase: 0.0 MiB)
Memory usage before collect: 2232.8359375 MiB (Increase: 0.0 MiB)
Memory usage after collect: 2232.8359375 MiB (Increase: 0.0 MiB)
Memory usage before initialization: 2232.8359375 MiB (Increase: 0.0 MiB)
Memory usage after initialization: 2232.8359375 MiB (Increase: 0.0 MiB)
Current lengths of episodes: [61]
Memory usage at done (index 0, length 61, since_prev 61): 2232.8359375 MiB (Increase: 0.0 MiB)
Memory usage before reset: 2232.8359375 MiB (Increase: 0.0 MiB)
Memory usage after reset: 2232.8359375 MiB (Increase: 0.0 MiB)
Current lengths of episodes: [65]
Memory usage at done (index 0, length 65, since_prev 65): 2232.8359375 MiB (Increase: 0.0 MiB)
Memory usage before reset: 2232.8359375 MiB (Increase: 0.0 MiB)
Memory usage after reset: 2232.8359375 MiB (Increase: 0.0 MiB)
Training episode 46
Memory usage at middle: 2232.8359375 MiB (Increase: 0.0 MiB)
Memory usage before collect: 2232.8359375 MiB (Increase: 0.0 MiB)
Memory usage after collect: 2232.8359375 MiB (Increase: 0.0 MiB)
Memory usage before initialization: 2232.8359375 MiB (Increase: 0.0 MiB)
Memory usage after initialization: 2232.8359375 MiB (Increase: 0.0 MiB)
Current lengths of episodes: [63]
Memory usage at done (index 0, length 63, since_prev 63): 2232.8359375 MiB (Increase: 0.0 MiB)
Memory usage before reset: 2232.8359375 MiB (Increase: 0.0 MiB)
Memory usage after reset: 2232.8359375 MiB (Increase: 0.0 MiB)
Current lengths of episodes: [116]
Memory usage at done (index 0, length 116, since_prev 116): 2232.8359375 MiB (Increase: 0.0 MiB)
Memory usage before reset: 2232.8359375 MiB (Increase: 0.0 MiB)
Memory usage after reset: 2232.8359375 MiB (Increase: 0.0 MiB)
Training episode 48
Memory usage at middle: 2232.8359375 MiB (Increase: 0.0 MiB)
Memory usage before collect: 2232.8359375 MiB (Increase: 0.0 MiB)
Memory usage after collect: 2232.8359375 MiB (Increase: 0.0 MiB)
Memory usage before initialization: 2232.8359375 MiB (Increase: 0.0 MiB)
Memory usage after initialization: 2232.8359375 MiB (Increase: 0.0 MiB)
Current lengths of episodes: [1600]
Memory usage at done (index 0, length 1600, since_prev 1600): 2232.8359375 MiB (Increase: 0.0 MiB)
Memory usage before reset: 2232.8359375 MiB (Increase: 0.0 MiB)
Memory usage after reset: 2232.8359375 MiB (Increase: 0.0 MiB)
Current lengths of episodes: [155]
Memory usage at done (index 0, length 155, since_prev 155): 2232.8359375 MiB (Increase: 0.0 MiB)
Memory usage before reset: 2232.8359375 MiB (Increase: 0.0 MiB)
Memory usage after reset: 2232.8359375 MiB (Increase: 0.0 MiB)
Training episode 50
Memory usage at middle: 2232.8359375 MiB (Increase: 0.0 MiB)
Memory usage before collect: 2232.8359375 MiB (Increase: 0.0 MiB)
Memory usage after collect: 2232.8359375 MiB (Increase: 0.0 MiB)
Episode 50	Average evaluation: -97.72704213383508
Memory usage before initialization: 2232.8359375 MiB (Increase: 0.0 MiB)
Memory usage after initialization: 2232.8359375 MiB (Increase: 0.0 MiB)
Current lengths of episodes: [111]
Memory usage at done (index 0, length 111, since_prev 111): 2232.8359375 MiB (Increase: 0.0 MiB)
Memory usage before reset: 2232.8359375 MiB (Increase: 0.0 MiB)
Memory usage after reset: 2232.8359375 MiB (Increase: 0.0 MiB)
Current lengths of episodes: [53]
Memory usage at done (index 0, length 53, since_prev 53): 2232.8359375 MiB (Increase: 0.0 MiB)
Memory usage before reset: 2232.8359375 MiB (Increase: 0.0 MiB)
Memory usage after reset: 2232.8359375 MiB (Increase: 0.0 MiB)
Training episode 52
Memory usage at middle: 2232.8359375 MiB (Increase: 0.0 MiB)
Memory usage before collect: 2232.8359375 MiB (Increase: 0.0 MiB)
Memory usage after collect: 2232.8359375 MiB (Increase: 0.0 MiB)
Memory usage before initialization: 2232.8359375 MiB (Increase: 0.0 MiB)
Memory usage after initialization: 2232.8359375 MiB (Increase: 0.0 MiB)
Current lengths of episodes: [1600]
Memory usage at done (index 0, length 1600, since_prev 1600): 2232.8359375 MiB (Increase: 0.0 MiB)
Memory usage before reset: 2232.8359375 MiB (Increase: 0.0 MiB)
Memory usage after reset: 2232.8359375 MiB (Increase: 0.0 MiB)
Current lengths of episodes: [1411]
Memory usage at done (index 0, length 1411, since_prev 1411): 2232.8359375 MiB (Increase: 0.0 MiB)
Memory usage before reset: 2232.8359375 MiB (Increase: 0.0 MiB)
Memory usage after reset: 2232.8359375 MiB (Increase: 0.0 MiB)
Training episode 54
Memory usage at middle: 2232.8359375 MiB (Increase: 0.0 MiB)
Memory usage before collect: 2232.8359375 MiB (Increase: 0.0 MiB)
Memory usage after collect: 2232.8359375 MiB (Increase: 0.0 MiB)
Memory usage before initialization: 2232.8359375 MiB (Increase: 0.0 MiB)
Memory usage after initialization: 2232.8359375 MiB (Increase: 0.0 MiB)
Current lengths of episodes: [496]
Memory usage at done (index 0, length 496, since_prev 496): 2232.8359375 MiB (Increase: 0.0 MiB)
Memory usage before reset: 2232.8359375 MiB (Increase: 0.0 MiB)
Memory usage after reset: 2232.8359375 MiB (Increase: 0.0 MiB)
Current lengths of episodes: [184]
Memory usage at done (index 0, length 184, since_prev 184): 2232.8359375 MiB (Increase: 0.0 MiB)
Memory usage before reset: 2232.8359375 MiB (Increase: 0.0 MiB)
Memory usage after reset: 2232.8359375 MiB (Increase: 0.0 MiB)
Training episode 56
Memory usage at middle: 2232.8359375 MiB (Increase: 0.0 MiB)
Memory usage before collect: 2232.8359375 MiB (Increase: 0.0 MiB)
Memory usage after collect: 2232.8359375 MiB (Increase: 0.0 MiB)
Memory usage before initialization: 2232.8359375 MiB (Increase: 0.0 MiB)
Memory usage after initialization: 2232.8359375 MiB (Increase: 0.0 MiB)
Current lengths of episodes: [56]
Memory usage at done (index 0, length 56, since_prev 56): 2232.8359375 MiB (Increase: 0.0 MiB)
Memory usage before reset: 2232.8359375 MiB (Increase: 0.0 MiB)
Memory usage after reset: 2232.8359375 MiB (Increase: 0.0 MiB)
Current lengths of episodes: [62]
Memory usage at done (index 0, length 62, since_prev 62): 2232.8359375 MiB (Increase: 0.0 MiB)
Memory usage before reset: 2232.8359375 MiB (Increase: 0.0 MiB)
Memory usage after reset: 2232.8359375 MiB (Increase: 0.0 MiB)
Training episode 58
Memory usage at middle: 2232.8359375 MiB (Increase: 0.0 MiB)
Memory usage before collect: 2232.8359375 MiB (Increase: 0.0 MiB)
Memory usage after collect: 2232.8359375 MiB (Increase: 0.0 MiB)
Memory usage before initialization: 2232.8359375 MiB (Increase: 0.0 MiB)
Memory usage after initialization: 2232.8359375 MiB (Increase: 0.0 MiB)
Current lengths of episodes: [1600]
Memory usage at done (index 0, length 1600, since_prev 1600): 2232.8359375 MiB (Increase: 0.0 MiB)
Memory usage before reset: 2232.8359375 MiB (Increase: 0.0 MiB)
Memory usage after reset: 2232.8359375 MiB (Increase: 0.0 MiB)
Current lengths of episodes: [1600]
Memory usage at done (index 0, length 1600, since_prev 1600): 2232.8359375 MiB (Increase: 0.0 MiB)
Memory usage before reset: 2232.8359375 MiB (Increase: 0.0 MiB)
Memory usage after reset: 2232.8359375 MiB (Increase: 0.0 MiB)
Training episode 60
Memory usage at middle: 2232.8359375 MiB (Increase: 0.0 MiB)
Memory usage before collect: 2232.8359375 MiB (Increase: 0.0 MiB)
Memory usage after collect: 2232.8359375 MiB (Increase: 0.0 MiB)
Memory usage before initialization: 2232.8359375 MiB (Increase: 0.0 MiB)
Memory usage after initialization: 2232.8359375 MiB (Increase: 0.0 MiB)
Current lengths of episodes: [1600]
Memory usage at done (index 0, length 1600, since_prev 1600): 2232.8359375 MiB (Increase: 0.0 MiB)
Memory usage before reset: 2232.8359375 MiB (Increase: 0.0 MiB)
Memory usage after reset: 2232.8359375 MiB (Increase: 0.0 MiB)
Current lengths of episodes: [80]
Memory usage at done (index 0, length 80, since_prev 80): 2232.8359375 MiB (Increase: 0.0 MiB)
Memory usage before reset: 2232.8359375 MiB (Increase: 0.0 MiB)
Memory usage after reset: 2232.8359375 MiB (Increase: 0.0 MiB)
Training episode 62
Memory usage at middle: 2232.8359375 MiB (Increase: 0.0 MiB)
Memory usage before collect: 2232.8359375 MiB (Increase: 0.0 MiB)
Memory usage after collect: 2232.8359375 MiB (Increase: 0.0 MiB)
Memory usage before initialization: 2232.8359375 MiB (Increase: 0.0 MiB)
Memory usage after initialization: 2232.8359375 MiB (Increase: 0.0 MiB)
Current lengths of episodes: [67]
Memory usage at done (index 0, length 67, since_prev 67): 2232.8359375 MiB (Increase: 0.0 MiB)
Memory usage before reset: 2232.8359375 MiB (Increase: 0.0 MiB)
Memory usage after reset: 2232.8359375 MiB (Increase: 0.0 MiB)
Current lengths of episodes: [1283]
Memory usage at done (index 0, length 1283, since_prev 1283): 2232.8359375 MiB (Increase: 0.0 MiB)
Memory usage before reset: 2232.8359375 MiB (Increase: 0.0 MiB)
Memory usage after reset: 2232.8359375 MiB (Increase: 0.0 MiB)
Training episode 64
Memory usage at middle: 2232.8359375 MiB (Increase: 0.0 MiB)
Memory usage before collect: 2232.8359375 MiB (Increase: 0.0 MiB)
Memory usage after collect: 2232.8359375 MiB (Increase: 0.0 MiB)
Memory usage before initialization: 2232.8359375 MiB (Increase: 0.0 MiB)
Memory usage after initialization: 2232.8359375 MiB (Increase: 0.0 MiB)
Current lengths of episodes: [1600]
Memory usage at done (index 0, length 1600, since_prev 1600): 2232.8359375 MiB (Increase: 0.0 MiB)
Memory usage before reset: 2232.8359375 MiB (Increase: 0.0 MiB)
Memory usage after reset: 2232.8359375 MiB (Increase: 0.0 MiB)
Current lengths of episodes: [64]
Memory usage at done (index 0, length 64, since_prev 64): 2232.8359375 MiB (Increase: 0.0 MiB)
Memory usage before reset: 2232.8359375 MiB (Increase: 0.0 MiB)
Memory usage after reset: 2232.8359375 MiB (Increase: 0.0 MiB)
Training episode 66
Memory usage at middle: 2232.8359375 MiB (Increase: 0.0 MiB)
Memory usage before collect: 2232.8359375 MiB (Increase: 0.0 MiB)
Memory usage after collect: 2232.8359375 MiB (Increase: 0.0 MiB)
Memory usage before initialization: 2232.8359375 MiB (Increase: 0.0 MiB)
Memory usage after initialization: 2232.8359375 MiB (Increase: 0.0 MiB)
Current lengths of episodes: [1600]
Memory usage at done (index 0, length 1600, since_prev 1600): 2232.8359375 MiB (Increase: 0.0 MiB)
Memory usage before reset: 2232.8359375 MiB (Increase: 0.0 MiB)
Memory usage after reset: 2232.8359375 MiB (Increase: 0.0 MiB)
Current lengths of episodes: [163]
Memory usage at done (index 0, length 163, since_prev 163): 2232.8359375 MiB (Increase: 0.0 MiB)
Memory usage before reset: 2232.8359375 MiB (Increase: 0.0 MiB)
Memory usage after reset: 2232.8359375 MiB (Increase: 0.0 MiB)
Training episode 68
Memory usage at middle: 2232.8359375 MiB (Increase: 0.0 MiB)
Memory usage before collect: 2232.8359375 MiB (Increase: 0.0 MiB)
Memory usage after collect: 2232.8359375 MiB (Increase: 0.0 MiB)
Memory usage before initialization: 2232.8359375 MiB (Increase: 0.0 MiB)
Memory usage after initialization: 2232.8359375 MiB (Increase: 0.0 MiB)
Current lengths of episodes: [81]
Memory usage at done (index 0, length 81, since_prev 81): 2232.8359375 MiB (Increase: 0.0 MiB)
Memory usage before reset: 2232.8359375 MiB (Increase: 0.0 MiB)
Memory usage after reset: 2232.8359375 MiB (Increase: 0.0 MiB)
Current lengths of episodes: [93]
Memory usage at done (index 0, length 93, since_prev 93): 2232.8359375 MiB (Increase: 0.0 MiB)
Memory usage before reset: 2232.8359375 MiB (Increase: 0.0 MiB)
Memory usage after reset: 2232.8359375 MiB (Increase: 0.0 MiB)
Training episode 70
Memory usage at middle: 2232.8359375 MiB (Increase: 0.0 MiB)
Memory usage before collect: 2232.8359375 MiB (Increase: 0.0 MiB)
Memory usage after collect: 2232.8359375 MiB (Increase: 0.0 MiB)
Memory usage before initialization: 2232.8359375 MiB (Increase: 0.0 MiB)
Memory usage after initialization: 2232.8359375 MiB (Increase: 0.0 MiB)
Current lengths of episodes: [46]
Memory usage at done (index 0, length 46, since_prev 46): 2232.8359375 MiB (Increase: 0.0 MiB)
Memory usage before reset: 2232.8359375 MiB (Increase: 0.0 MiB)
Memory usage after reset: 2232.8359375 MiB (Increase: 0.0 MiB)
Current lengths of episodes: [1600]
Memory usage at done (index 0, length 1600, since_prev 1600): 2232.8359375 MiB (Increase: 0.0 MiB)
Memory usage before reset: 2232.8359375 MiB (Increase: 0.0 MiB)
Memory usage after reset: 2232.8359375 MiB (Increase: 0.0 MiB)
Training episode 72
Memory usage at middle: 2232.8359375 MiB (Increase: 0.0 MiB)
Memory usage before collect: 2232.8359375 MiB (Increase: 0.0 MiB)
Memory usage after collect: 2232.8359375 MiB (Increase: 0.0 MiB)
Memory usage before initialization: 2232.8359375 MiB (Increase: 0.0 MiB)
Memory usage after initialization: 2232.8359375 MiB (Increase: 0.0 MiB)
Current lengths of episodes: [51]
Memory usage at done (index 0, length 51, since_prev 51): 2232.8359375 MiB (Increase: 0.0 MiB)
Memory usage before reset: 2232.8359375 MiB (Increase: 0.0 MiB)
Memory usage after reset: 2232.8359375 MiB (Increase: 0.0 MiB)
Current lengths of episodes: [1600]
Memory usage at done (index 0, length 1600, since_prev 1600): 2232.8359375 MiB (Increase: 0.0 MiB)
Memory usage before reset: 2232.8359375 MiB (Increase: 0.0 MiB)
Memory usage after reset: 2232.8359375 MiB (Increase: 0.0 MiB)
Training episode 74
Memory usage at middle: 2232.8359375 MiB (Increase: 0.0 MiB)
Memory usage before collect: 2232.8359375 MiB (Increase: 0.0 MiB)
Memory usage after collect: 2232.8359375 MiB (Increase: 0.0 MiB)
Memory usage before initialization: 2232.8359375 MiB (Increase: 0.0 MiB)
Memory usage after initialization: 2232.8359375 MiB (Increase: 0.0 MiB)
Current lengths of episodes: [1567]
Memory usage at done (index 0, length 1567, since_prev 1567): 2232.8359375 MiB (Increase: 0.0 MiB)
Memory usage before reset: 2232.8359375 MiB (Increase: 0.0 MiB)
Memory usage after reset: 2232.8359375 MiB (Increase: 0.0 MiB)
Current lengths of episodes: [68]
Memory usage at done (index 0, length 68, since_prev 68): 2232.8359375 MiB (Increase: 0.0 MiB)
Memory usage before reset: 2232.8359375 MiB (Increase: 0.0 MiB)
Memory usage after reset: 2232.8359375 MiB (Increase: 0.0 MiB)
Training episode 76
Memory usage at middle: 2232.8359375 MiB (Increase: 0.0 MiB)
Memory usage before collect: 2232.8359375 MiB (Increase: 0.0 MiB)
Memory usage after collect: 2232.8359375 MiB (Increase: 0.0 MiB)
Memory usage before initialization: 2232.8359375 MiB (Increase: 0.0 MiB)
Memory usage after initialization: 2232.8359375 MiB (Increase: 0.0 MiB)
Current lengths of episodes: [1600]
Memory usage at done (index 0, length 1600, since_prev 1600): 2232.8359375 MiB (Increase: 0.0 MiB)
Memory usage before reset: 2232.8359375 MiB (Increase: 0.0 MiB)
Memory usage after reset: 2232.8359375 MiB (Increase: 0.0 MiB)
Current lengths of episodes: [1600]
Memory usage at done (index 0, length 1600, since_prev 1600): 2232.8359375 MiB (Increase: 0.0 MiB)
Memory usage before reset: 2232.8359375 MiB (Increase: 0.0 MiB)
Memory usage after reset: 2232.8359375 MiB (Increase: 0.0 MiB)
Training episode 78
Memory usage at middle: 2232.8359375 MiB (Increase: 0.0 MiB)
Memory usage before collect: 2232.8359375 MiB (Increase: 0.0 MiB)
Memory usage after collect: 2232.8359375 MiB (Increase: 0.0 MiB)
Memory usage before initialization: 2232.8359375 MiB (Increase: 0.0 MiB)
Memory usage after initialization: 2232.8359375 MiB (Increase: 0.0 MiB)
Current lengths of episodes: [48]
Memory usage at done (index 0, length 48, since_prev 48): 2232.8359375 MiB (Increase: 0.0 MiB)
Memory usage before reset: 2232.8359375 MiB (Increase: 0.0 MiB)
Memory usage after reset: 2232.8359375 MiB (Increase: 0.0 MiB)
Current lengths of episodes: [80]
Memory usage at done (index 0, length 80, since_prev 80): 2232.8359375 MiB (Increase: 0.0 MiB)
Memory usage before reset: 2232.8359375 MiB (Increase: 0.0 MiB)
Memory usage after reset: 2232.8359375 MiB (Increase: 0.0 MiB)
Training episode 80
Memory usage at middle: 2232.8359375 MiB (Increase: 0.0 MiB)
Memory usage before collect: 2232.8359375 MiB (Increase: 0.0 MiB)
Memory usage after collect: 2232.8359375 MiB (Increase: 0.0 MiB)
Memory usage before initialization: 2232.8359375 MiB (Increase: 0.0 MiB)
Memory usage after initialization: 2232.8359375 MiB (Increase: 0.0 MiB)
Current lengths of episodes: [1600]
Memory usage at done (index 0, length 1600, since_prev 1600): 2232.8359375 MiB (Increase: 0.0 MiB)
Memory usage before reset: 2232.8359375 MiB (Increase: 0.0 MiB)
Memory usage after reset: 2232.8359375 MiB (Increase: 0.0 MiB)
Current lengths of episodes: [1600]
Memory usage at done (index 0, length 1600, since_prev 1600): 2232.8359375 MiB (Increase: 0.0 MiB)
Memory usage before reset: 2232.8359375 MiB (Increase: 0.0 MiB)
Memory usage after reset: 2232.8359375 MiB (Increase: 0.0 MiB)
Training episode 82
Memory usage at middle: 2232.8359375 MiB (Increase: 0.0 MiB)
Memory usage before collect: 2232.8359375 MiB (Increase: 0.0 MiB)
Memory usage after collect: 2232.8359375 MiB (Increase: 0.0 MiB)
Memory usage before initialization: 2232.8359375 MiB (Increase: 0.0 MiB)
Memory usage after initialization: 2232.8359375 MiB (Increase: 0.0 MiB)
Current lengths of episodes: [63]
Memory usage at done (index 0, length 63, since_prev 63): 2232.8359375 MiB (Increase: 0.0 MiB)
Memory usage before reset: 2232.8359375 MiB (Increase: 0.0 MiB)
Memory usage after reset: 2232.8359375 MiB (Increase: 0.0 MiB)
Current lengths of episodes: [1600]
Memory usage at done (index 0, length 1600, since_prev 1600): 2232.8359375 MiB (Increase: 0.0 MiB)
Memory usage before reset: 2232.8359375 MiB (Increase: 0.0 MiB)
Memory usage after reset: 2232.8359375 MiB (Increase: 0.0 MiB)
Training episode 84
Memory usage at middle: 2232.8359375 MiB (Increase: 0.0 MiB)
Memory usage before collect: 2232.8359375 MiB (Increase: 0.0 MiB)
Memory usage after collect: 2232.8359375 MiB (Increase: 0.0 MiB)
Memory usage before initialization: 2232.8359375 MiB (Increase: 0.0 MiB)
Memory usage after initialization: 2232.8359375 MiB (Increase: 0.0 MiB)
Current lengths of episodes: [67]
Memory usage at done (index 0, length 67, since_prev 67): 2232.8359375 MiB (Increase: 0.0 MiB)
Memory usage before reset: 2232.8359375 MiB (Increase: 0.0 MiB)
Memory usage after reset: 2232.8359375 MiB (Increase: 0.0 MiB)
Current lengths of episodes: [81]
Memory usage at done (index 0, length 81, since_prev 81): 2232.8359375 MiB (Increase: 0.0 MiB)
Memory usage before reset: 2232.8359375 MiB (Increase: 0.0 MiB)
Memory usage after reset: 2232.8359375 MiB (Increase: 0.0 MiB)
Training episode 86
Memory usage at middle: 2232.8359375 MiB (Increase: 0.0 MiB)
Memory usage before collect: 2232.8359375 MiB (Increase: 0.0 MiB)
Memory usage after collect: 2232.8359375 MiB (Increase: 0.0 MiB)
Memory usage before initialization: 2232.8359375 MiB (Increase: 0.0 MiB)
Memory usage after initialization: 2232.8359375 MiB (Increase: 0.0 MiB)
Current lengths of episodes: [77]
Memory usage at done (index 0, length 77, since_prev 77): 2232.8359375 MiB (Increase: 0.0 MiB)
Memory usage before reset: 2232.8359375 MiB (Increase: 0.0 MiB)
Memory usage after reset: 2232.8359375 MiB (Increase: 0.0 MiB)
Current lengths of episodes: [1600]
Memory usage at done (index 0, length 1600, since_prev 1600): 2232.8359375 MiB (Increase: 0.0 MiB)
Memory usage before reset: 2232.8359375 MiB (Increase: 0.0 MiB)
Memory usage after reset: 2232.8359375 MiB (Increase: 0.0 MiB)
Training episode 88
Memory usage at middle: 2232.8359375 MiB (Increase: 0.0 MiB)
Memory usage before collect: 2232.8359375 MiB (Increase: 0.0 MiB)
Memory usage after collect: 2232.8359375 MiB (Increase: 0.0 MiB)
Memory usage before initialization: 2232.8359375 MiB (Increase: 0.0 MiB)
Memory usage after initialization: 2232.8359375 MiB (Increase: 0.0 MiB)
Current lengths of episodes: [108]
Memory usage at done (index 0, length 108, since_prev 108): 2232.8359375 MiB (Increase: 0.0 MiB)
Memory usage before reset: 2232.8359375 MiB (Increase: 0.0 MiB)
Memory usage after reset: 2232.8359375 MiB (Increase: 0.0 MiB)
Current lengths of episodes: [88]
Memory usage at done (index 0, length 88, since_prev 88): 2232.8359375 MiB (Increase: 0.0 MiB)
Memory usage before reset: 2232.8359375 MiB (Increase: 0.0 MiB)
Memory usage after reset: 2232.8359375 MiB (Increase: 0.0 MiB)
Training episode 90
Memory usage at middle: 2232.8359375 MiB (Increase: 0.0 MiB)
Memory usage before collect: 2232.8359375 MiB (Increase: 0.0 MiB)
Memory usage after collect: 2232.8359375 MiB (Increase: 0.0 MiB)
Memory usage before initialization: 2232.8359375 MiB (Increase: 0.0 MiB)
Memory usage after initialization: 2232.8359375 MiB (Increase: 0.0 MiB)
Current lengths of episodes: [1600]
Memory usage at done (index 0, length 1600, since_prev 1600): 2232.8359375 MiB (Increase: 0.0 MiB)
Memory usage before reset: 2232.8359375 MiB (Increase: 0.0 MiB)
Memory usage after reset: 2232.8359375 MiB (Increase: 0.0 MiB)
Current lengths of episodes: [84]
Memory usage at done (index 0, length 84, since_prev 84): 2232.8359375 MiB (Increase: 0.0 MiB)
Memory usage before reset: 2232.8359375 MiB (Increase: 0.0 MiB)
Memory usage after reset: 2232.8359375 MiB (Increase: 0.0 MiB)
Training episode 92
Memory usage at middle: 2232.8359375 MiB (Increase: 0.0 MiB)
Memory usage before collect: 2232.8359375 MiB (Increase: 0.0 MiB)
Memory usage after collect: 2232.8359375 MiB (Increase: 0.0 MiB)
Memory usage before initialization: 2232.8359375 MiB (Increase: 0.0 MiB)
Memory usage after initialization: 2232.8359375 MiB (Increase: 0.0 MiB)
Current lengths of episodes: [58]
Memory usage at done (index 0, length 58, since_prev 58): 2232.8359375 MiB (Increase: 0.0 MiB)
Memory usage before reset: 2232.8359375 MiB (Increase: 0.0 MiB)
Memory usage after reset: 2232.8359375 MiB (Increase: 0.0 MiB)
Current lengths of episodes: [1600]
Memory usage at done (index 0, length 1600, since_prev 1600): 2232.8359375 MiB (Increase: 0.0 MiB)
Memory usage before reset: 2232.8359375 MiB (Increase: 0.0 MiB)
Memory usage after reset: 2232.8359375 MiB (Increase: 0.0 MiB)
Training episode 94
Memory usage at middle: 2232.8359375 MiB (Increase: 0.0 MiB)
Memory usage before collect: 2232.8359375 MiB (Increase: 0.0 MiB)
Memory usage after collect: 2232.8359375 MiB (Increase: 0.0 MiB)
Memory usage before initialization: 2232.8359375 MiB (Increase: 0.0 MiB)
Memory usage after initialization: 2232.8359375 MiB (Increase: 0.0 MiB)
Current lengths of episodes: [1600]
Memory usage at done (index 0, length 1600, since_prev 1600): 2232.8359375 MiB (Increase: 0.0 MiB)
Memory usage before reset: 2232.8359375 MiB (Increase: 0.0 MiB)
Memory usage after reset: 2232.8359375 MiB (Increase: 0.0 MiB)
Current lengths of episodes: [1600]
Memory usage at done (index 0, length 1600, since_prev 1600): 2232.8359375 MiB (Increase: 0.0 MiB)
Memory usage before reset: 2232.8359375 MiB (Increase: 0.0 MiB)
Memory usage after reset: 2232.8359375 MiB (Increase: 0.0 MiB)
Training episode 96
Memory usage at middle: 2232.8359375 MiB (Increase: 0.0 MiB)
Memory usage before collect: 2232.8359375 MiB (Increase: 0.0 MiB)
Memory usage after collect: 2232.8359375 MiB (Increase: 0.0 MiB)
Memory usage before initialization: 2232.8359375 MiB (Increase: 0.0 MiB)
Memory usage after initialization: 2232.8359375 MiB (Increase: 0.0 MiB)
Current lengths of episodes: [82]
Memory usage at done (index 0, length 82, since_prev 82): 2232.8359375 MiB (Increase: 0.0 MiB)
Memory usage before reset: 2232.8359375 MiB (Increase: 0.0 MiB)
Memory usage after reset: 2232.8359375 MiB (Increase: 0.0 MiB)
Current lengths of episodes: [1600]
Memory usage at done (index 0, length 1600, since_prev 1600): 2232.8359375 MiB (Increase: 0.0 MiB)
Memory usage before reset: 2232.8359375 MiB (Increase: 0.0 MiB)
Memory usage after reset: 2232.8359375 MiB (Increase: 0.0 MiB)
Training episode 98
Memory usage at middle: 2232.8359375 MiB (Increase: 0.0 MiB)
Memory usage before collect: 2232.8359375 MiB (Increase: 0.0 MiB)
Memory usage after collect: 2232.8359375 MiB (Increase: 0.0 MiB)
Memory usage before initialization: 2232.8359375 MiB (Increase: 0.0 MiB)
Memory usage after initialization: 2232.8359375 MiB (Increase: 0.0 MiB)
Current lengths of episodes: [1600]
Memory usage at done (index 0, length 1600, since_prev 1600): 2232.8359375 MiB (Increase: 0.0 MiB)
Memory usage before reset: 2232.8359375 MiB (Increase: 0.0 MiB)
Memory usage after reset: 2232.8359375 MiB (Increase: 0.0 MiB)
Current lengths of episodes: [790]
Memory usage at done (index 0, length 790, since_prev 790): 2232.8359375 MiB (Increase: 0.0 MiB)
Memory usage before reset: 2232.8359375 MiB (Increase: 0.0 MiB)
Memory usage after reset: 2232.8359375 MiB (Increase: 0.0 MiB)
Training episode 100
Memory usage at middle: 2232.8359375 MiB (Increase: 0.0 MiB)
Memory usage before collect: 2232.8359375 MiB (Increase: 0.0 MiB)
Memory usage after collect: 2232.8359375 MiB (Increase: 0.0 MiB)
Episode 100	Average evaluation: -97.87957009043133
Memory usage before initialization: 2232.8359375 MiB (Increase: 0.0 MiB)
Memory usage after initialization: 2232.8359375 MiB (Increase: 0.0 MiB)
Current lengths of episodes: [1600]
Memory usage at done (index 0, length 1600, since_prev 1600): 2232.8359375 MiB (Increase: 0.0 MiB)
Memory usage before reset: 2232.8359375 MiB (Increase: 0.0 MiB)
Memory usage after reset: 2232.8359375 MiB (Increase: 0.0 MiB)
Current lengths of episodes: [75]
Memory usage at done (index 0, length 75, since_prev 75): 2232.8359375 MiB (Increase: 0.0 MiB)
Memory usage before reset: 2232.8359375 MiB (Increase: 0.0 MiB)
Memory usage after reset: 2232.8359375 MiB (Increase: 0.0 MiB)
Training episode 102
Memory usage at middle: 2232.8359375 MiB (Increase: 0.0 MiB)
Memory usage before collect: 2232.8359375 MiB (Increase: 0.0 MiB)
Memory usage after collect: 2232.8359375 MiB (Increase: 0.0 MiB)
Memory usage before initialization: 2232.8359375 MiB (Increase: 0.0 MiB)
Memory usage after initialization: 2232.8359375 MiB (Increase: 0.0 MiB)
Current lengths of episodes: [75]
Memory usage at done (index 0, length 75, since_prev 75): 2232.8359375 MiB (Increase: 0.0 MiB)
Memory usage before reset: 2232.8359375 MiB (Increase: 0.0 MiB)
Memory usage after reset: 2232.8359375 MiB (Increase: 0.0 MiB)
Current lengths of episodes: [106]
Memory usage at done (index 0, length 106, since_prev 106): 2232.8359375 MiB (Increase: 0.0 MiB)
Memory usage before reset: 2232.8359375 MiB (Increase: 0.0 MiB)
Memory usage after reset: 2232.8359375 MiB (Increase: 0.0 MiB)
Training episode 104
Memory usage at middle: 2232.8359375 MiB (Increase: 0.0 MiB)
Memory usage before collect: 2232.8359375 MiB (Increase: 0.0 MiB)
Memory usage after collect: 2232.8359375 MiB (Increase: 0.0 MiB)
Memory usage before initialization: 2232.8359375 MiB (Increase: 0.0 MiB)
Memory usage after initialization: 2232.8359375 MiB (Increase: 0.0 MiB)
Current lengths of episodes: [1360]
Memory usage at done (index 0, length 1360, since_prev 1360): 2232.8359375 MiB (Increase: 0.0 MiB)
Memory usage before reset: 2232.8359375 MiB (Increase: 0.0 MiB)
Memory usage after reset: 2232.8359375 MiB (Increase: 0.0 MiB)
Current lengths of episodes: [1600]
Memory usage at done (index 0, length 1600, since_prev 1600): 2232.8359375 MiB (Increase: 0.0 MiB)
Memory usage before reset: 2232.8359375 MiB (Increase: 0.0 MiB)
Memory usage after reset: 2232.8359375 MiB (Increase: 0.0 MiB)
Training episode 106
Memory usage at middle: 2232.8359375 MiB (Increase: 0.0 MiB)
Memory usage before collect: 2232.8359375 MiB (Increase: 0.0 MiB)
Memory usage after collect: 2232.8359375 MiB (Increase: 0.0 MiB)
Memory usage before initialization: 2232.8359375 MiB (Increase: 0.0 MiB)
Memory usage after initialization: 2232.8359375 MiB (Increase: 0.0 MiB)
Current lengths of episodes: [1600]
Memory usage at done (index 0, length 1600, since_prev 1600): 2232.8359375 MiB (Increase: 0.0 MiB)
Memory usage before reset: 2232.8359375 MiB (Increase: 0.0 MiB)
Memory usage after reset: 2232.8359375 MiB (Increase: 0.0 MiB)
Current lengths of episodes: [1600]
Memory usage at done (index 0, length 1600, since_prev 1600): 2603.55078125 MiB (Increase: 370.71484375 MiB)
Memory usage before reset: 2603.55078125 MiB (Increase: 0.0 MiB)
Memory usage after reset: 2603.55078125 MiB (Increase: 0.0 MiB)
Training episode 108
Memory usage at middle: 2603.55078125 MiB (Increase: 0.0 MiB)
Memory usage before collect: 2604.15234375 MiB (Increase: 0.6015625 MiB)
Memory usage after collect: 2604.15234375 MiB (Increase: 0.0 MiB)
Memory usage before initialization: 2604.15234375 MiB (Increase: 0.0 MiB)
Memory usage after initialization: 2604.15234375 MiB (Increase: 0.0 MiB)
Current lengths of episodes: [1600]
Memory usage at done (index 0, length 1600, since_prev 1600): 2604.15234375 MiB (Increase: 0.0 MiB)
Memory usage before reset: 2604.15234375 MiB (Increase: 0.0 MiB)
Memory usage after reset: 2604.15234375 MiB (Increase: 0.0 MiB)
Current lengths of episodes: [66]
Memory usage at done (index 0, length 66, since_prev 66): 2604.15234375 MiB (Increase: 0.0 MiB)
Memory usage before reset: 2604.15234375 MiB (Increase: 0.0 MiB)
Memory usage after reset: 2604.15234375 MiB (Increase: 0.0 MiB)
Training episode 110
Memory usage at middle: 2604.15234375 MiB (Increase: 0.0 MiB)
Memory usage before collect: 2604.15234375 MiB (Increase: 0.0 MiB)
Memory usage after collect: 2604.15234375 MiB (Increase: 0.0 MiB)
Memory usage before initialization: 2604.15234375 MiB (Increase: 0.0 MiB)
Memory usage after initialization: 2604.15234375 MiB (Increase: 0.0 MiB)
Current lengths of episodes: [904]
Memory usage at done (index 0, length 904, since_prev 904): 2604.15234375 MiB (Increase: 0.0 MiB)
Memory usage before reset: 2604.15234375 MiB (Increase: 0.0 MiB)
Memory usage after reset: 2604.15234375 MiB (Increase: 0.0 MiB)
Current lengths of episodes: [86]
Memory usage at done (index 0, length 86, since_prev 86): 2604.15234375 MiB (Increase: 0.0 MiB)
Memory usage before reset: 2604.15234375 MiB (Increase: 0.0 MiB)
Memory usage after reset: 2604.15234375 MiB (Increase: 0.0 MiB)
Training episode 112
Memory usage at middle: 2604.15234375 MiB (Increase: 0.0 MiB)
Memory usage before collect: 2604.15234375 MiB (Increase: 0.0 MiB)
Memory usage after collect: 2604.15234375 MiB (Increase: 0.0 MiB)
Memory usage before initialization: 2604.15234375 MiB (Increase: 0.0 MiB)
Memory usage after initialization: 2604.15234375 MiB (Increase: 0.0 MiB)
Current lengths of episodes: [1600]
Memory usage at done (index 0, length 1600, since_prev 1600): 2604.15234375 MiB (Increase: 0.0 MiB)
Memory usage before reset: 2604.15234375 MiB (Increase: 0.0 MiB)
Memory usage after reset: 2604.15234375 MiB (Increase: 0.0 MiB)
Current lengths of episodes: [1574]
Memory usage at done (index 0, length 1574, since_prev 1574): 2604.15234375 MiB (Increase: 0.0 MiB)
Memory usage before reset: 2604.15234375 MiB (Increase: 0.0 MiB)
Memory usage after reset: 2604.15234375 MiB (Increase: 0.0 MiB)
Training episode 114
Memory usage at middle: 2604.15234375 MiB (Increase: 0.0 MiB)
Memory usage before collect: 2604.15234375 MiB (Increase: 0.0 MiB)
Memory usage after collect: 2604.15234375 MiB (Increase: 0.0 MiB)
Memory usage before initialization: 2604.15234375 MiB (Increase: 0.0 MiB)
Memory usage after initialization: 2604.15234375 MiB (Increase: 0.0 MiB)
Current lengths of episodes: [1600]
Memory usage at done (index 0, length 1600, since_prev 1600): 2604.15234375 MiB (Increase: 0.0 MiB)
Memory usage before reset: 2604.15234375 MiB (Increase: 0.0 MiB)
Memory usage after reset: 2604.15234375 MiB (Increase: 0.0 MiB)
Current lengths of episodes: [1600]
Memory usage at done (index 0, length 1600, since_prev 1600): 2721.4453125 MiB (Increase: 117.29296875 MiB)
Memory usage before reset: 2721.4453125 MiB (Increase: 0.0 MiB)
Memory usage after reset: 2721.4453125 MiB (Increase: 0.0 MiB)
Training episode 116
Memory usage at middle: 2721.4453125 MiB (Increase: 0.0 MiB)
Memory usage before collect: 2722.04296875 MiB (Increase: 0.59765625 MiB)
Memory usage after collect: 2722.04296875 MiB (Increase: 0.0 MiB)
Memory usage before initialization: 2722.04296875 MiB (Increase: 0.0 MiB)
Memory usage after initialization: 2722.04296875 MiB (Increase: 0.0 MiB)
Current lengths of episodes: [119]
Memory usage at done (index 0, length 119, since_prev 119): 2722.04296875 MiB (Increase: 0.0 MiB)
Memory usage before reset: 2722.04296875 MiB (Increase: 0.0 MiB)
Memory usage after reset: 2722.04296875 MiB (Increase: 0.0 MiB)
Current lengths of episodes: [1600]
Memory usage at done (index 0, length 1600, since_prev 1600): 2722.04296875 MiB (Increase: 0.0 MiB)
Memory usage before reset: 2722.04296875 MiB (Increase: 0.0 MiB)
Memory usage after reset: 2722.04296875 MiB (Increase: 0.0 MiB)
Training episode 118
Memory usage at middle: 2722.04296875 MiB (Increase: 0.0 MiB)
Memory usage before collect: 2722.04296875 MiB (Increase: 0.0 MiB)
Memory usage after collect: 2722.04296875 MiB (Increase: 0.0 MiB)
Memory usage before initialization: 2722.04296875 MiB (Increase: 0.0 MiB)
Memory usage after initialization: 2722.04296875 MiB (Increase: 0.0 MiB)
Current lengths of episodes: [1304]
Memory usage at done (index 0, length 1304, since_prev 1304): 2722.04296875 MiB (Increase: 0.0 MiB)
Memory usage before reset: 2722.04296875 MiB (Increase: 0.0 MiB)
Memory usage after reset: 2722.04296875 MiB (Increase: 0.0 MiB)
Current lengths of episodes: [397]
Memory usage at done (index 0, length 397, since_prev 397): 2722.04296875 MiB (Increase: 0.0 MiB)
Memory usage before reset: 2722.04296875 MiB (Increase: 0.0 MiB)
Memory usage after reset: 2722.04296875 MiB (Increase: 0.0 MiB)
Training episode 120
Memory usage at middle: 2722.04296875 MiB (Increase: 0.0 MiB)
Memory usage before collect: 2722.04296875 MiB (Increase: 0.0 MiB)
Memory usage after collect: 2722.04296875 MiB (Increase: 0.0 MiB)
Memory usage before initialization: 2722.04296875 MiB (Increase: 0.0 MiB)
Memory usage after initialization: 2722.04296875 MiB (Increase: 0.0 MiB)
Current lengths of episodes: [86]
Memory usage at done (index 0, length 86, since_prev 86): 2722.04296875 MiB (Increase: 0.0 MiB)
Memory usage before reset: 2722.04296875 MiB (Increase: 0.0 MiB)
Memory usage after reset: 2722.04296875 MiB (Increase: 0.0 MiB)
Current lengths of episodes: [55]
Memory usage at done (index 0, length 55, since_prev 55): 2722.04296875 MiB (Increase: 0.0 MiB)
Memory usage before reset: 2722.04296875 MiB (Increase: 0.0 MiB)
Memory usage after reset: 2722.04296875 MiB (Increase: 0.0 MiB)
Training episode 122
Memory usage at middle: 2722.04296875 MiB (Increase: 0.0 MiB)
Memory usage before collect: 2722.04296875 MiB (Increase: 0.0 MiB)
Memory usage after collect: 2722.04296875 MiB (Increase: 0.0 MiB)
Memory usage before initialization: 2722.04296875 MiB (Increase: 0.0 MiB)
Memory usage after initialization: 2722.04296875 MiB (Increase: 0.0 MiB)
Current lengths of episodes: [330]
Memory usage at done (index 0, length 330, since_prev 330): 2722.04296875 MiB (Increase: 0.0 MiB)
Memory usage before reset: 2722.04296875 MiB (Increase: 0.0 MiB)
Memory usage after reset: 2722.04296875 MiB (Increase: 0.0 MiB)
Current lengths of episodes: [112]
Memory usage at done (index 0, length 112, since_prev 112): 2722.04296875 MiB (Increase: 0.0 MiB)
Memory usage before reset: 2722.04296875 MiB (Increase: 0.0 MiB)
Memory usage after reset: 2722.04296875 MiB (Increase: 0.0 MiB)
Training episode 124
Memory usage at middle: 2722.04296875 MiB (Increase: 0.0 MiB)
Memory usage before collect: 2722.04296875 MiB (Increase: 0.0 MiB)
Memory usage after collect: 2722.04296875 MiB (Increase: 0.0 MiB)
Memory usage before initialization: 2722.04296875 MiB (Increase: 0.0 MiB)
Memory usage after initialization: 2722.04296875 MiB (Increase: 0.0 MiB)
Current lengths of episodes: [1600]
Memory usage at done (index 0, length 1600, since_prev 1600): 2722.04296875 MiB (Increase: 0.0 MiB)
Memory usage before reset: 2722.04296875 MiB (Increase: 0.0 MiB)
Memory usage after reset: 2722.04296875 MiB (Increase: 0.0 MiB)
Current lengths of episodes: [74]
Memory usage at done (index 0, length 74, since_prev 74): 2722.04296875 MiB (Increase: 0.0 MiB)
Memory usage before reset: 2722.04296875 MiB (Increase: 0.0 MiB)
Memory usage after reset: 2722.04296875 MiB (Increase: 0.0 MiB)
Training episode 126
Memory usage at middle: 2722.04296875 MiB (Increase: 0.0 MiB)
Memory usage before collect: 2722.04296875 MiB (Increase: 0.0 MiB)
Memory usage after collect: 2722.04296875 MiB (Increase: 0.0 MiB)
Memory usage before initialization: 2722.04296875 MiB (Increase: 0.0 MiB)
Memory usage after initialization: 2722.04296875 MiB (Increase: 0.0 MiB)
Current lengths of episodes: [1600]
Memory usage at done (index 0, length 1600, since_prev 1600): 2722.04296875 MiB (Increase: 0.0 MiB)
Memory usage before reset: 2722.04296875 MiB (Increase: 0.0 MiB)
Memory usage after reset: 2722.04296875 MiB (Increase: 0.0 MiB)
Current lengths of episodes: [1600]
Memory usage at done (index 0, length 1600, since_prev 1600): 2722.04296875 MiB (Increase: 0.0 MiB)
Memory usage before reset: 2722.04296875 MiB (Increase: 0.0 MiB)
Memory usage after reset: 2722.04296875 MiB (Increase: 0.0 MiB)
Training episode 128
Memory usage at middle: 2722.04296875 MiB (Increase: 0.0 MiB)
Memory usage before collect: 2722.04296875 MiB (Increase: 0.0 MiB)
Memory usage after collect: 2722.04296875 MiB (Increase: 0.0 MiB)
Memory usage before initialization: 2722.04296875 MiB (Increase: 0.0 MiB)
Memory usage after initialization: 2722.04296875 MiB (Increase: 0.0 MiB)
Current lengths of episodes: [59]
Memory usage at done (index 0, length 59, since_prev 59): 2722.04296875 MiB (Increase: 0.0 MiB)
Memory usage before reset: 2722.04296875 MiB (Increase: 0.0 MiB)
Memory usage after reset: 2722.04296875 MiB (Increase: 0.0 MiB)
Current lengths of episodes: [1600]
Memory usage at done (index 0, length 1600, since_prev 1600): 2722.04296875 MiB (Increase: 0.0 MiB)
Memory usage before reset: 2722.04296875 MiB (Increase: 0.0 MiB)
Memory usage after reset: 2722.04296875 MiB (Increase: 0.0 MiB)
Training episode 130
Memory usage at middle: 2722.04296875 MiB (Increase: 0.0 MiB)
Memory usage before collect: 2722.04296875 MiB (Increase: 0.0 MiB)
Memory usage after collect: 2722.04296875 MiB (Increase: 0.0 MiB)
Memory usage before initialization: 2722.04296875 MiB (Increase: 0.0 MiB)
Memory usage after initialization: 2722.04296875 MiB (Increase: 0.0 MiB)
Current lengths of episodes: [1600]
Memory usage at done (index 0, length 1600, since_prev 1600): 2722.04296875 MiB (Increase: 0.0 MiB)
Memory usage before reset: 2722.04296875 MiB (Increase: 0.0 MiB)
Memory usage after reset: 2722.04296875 MiB (Increase: 0.0 MiB)
Current lengths of episodes: [1600]
Memory usage at done (index 0, length 1600, since_prev 1600): 2722.04296875 MiB (Increase: 0.0 MiB)
Memory usage before reset: 2722.04296875 MiB (Increase: 0.0 MiB)
Memory usage after reset: 2722.04296875 MiB (Increase: 0.0 MiB)
Training episode 132
Memory usage at middle: 2722.04296875 MiB (Increase: 0.0 MiB)
Memory usage before collect: 2722.04296875 MiB (Increase: 0.0 MiB)
Memory usage after collect: 2722.04296875 MiB (Increase: 0.0 MiB)
Memory usage before initialization: 2722.04296875 MiB (Increase: 0.0 MiB)
Memory usage after initialization: 2722.04296875 MiB (Increase: 0.0 MiB)
Current lengths of episodes: [1600]
Memory usage at done (index 0, length 1600, since_prev 1600): 2722.04296875 MiB (Increase: 0.0 MiB)
Memory usage before reset: 2722.04296875 MiB (Increase: 0.0 MiB)
Memory usage after reset: 2722.04296875 MiB (Increase: 0.0 MiB)
Current lengths of episodes: [1600]
Memory usage at done (index 0, length 1600, since_prev 1600): 2722.04296875 MiB (Increase: 0.0 MiB)
Memory usage before reset: 2722.04296875 MiB (Increase: 0.0 MiB)
Memory usage after reset: 2722.04296875 MiB (Increase: 0.0 MiB)
Training episode 134
Memory usage at middle: 2722.04296875 MiB (Increase: 0.0 MiB)
Memory usage before collect: 2722.04296875 MiB (Increase: 0.0 MiB)
Memory usage after collect: 2722.04296875 MiB (Increase: 0.0 MiB)
Memory usage before initialization: 2722.04296875 MiB (Increase: 0.0 MiB)
Memory usage after initialization: 2722.04296875 MiB (Increase: 0.0 MiB)
Current lengths of episodes: [1600]
Memory usage at done (index 0, length 1600, since_prev 1600): 2722.04296875 MiB (Increase: 0.0 MiB)
Memory usage before reset: 2722.04296875 MiB (Increase: 0.0 MiB)
Memory usage after reset: 2722.04296875 MiB (Increase: 0.0 MiB)
Current lengths of episodes: [73]
Memory usage at done (index 0, length 73, since_prev 73): 2722.04296875 MiB (Increase: 0.0 MiB)
Memory usage before reset: 2722.04296875 MiB (Increase: 0.0 MiB)
Memory usage after reset: 2722.04296875 MiB (Increase: 0.0 MiB)
Training episode 136
Memory usage at middle: 2722.04296875 MiB (Increase: 0.0 MiB)
Memory usage before collect: 2722.04296875 MiB (Increase: 0.0 MiB)
Memory usage after collect: 2722.04296875 MiB (Increase: 0.0 MiB)
Memory usage before initialization: 2722.04296875 MiB (Increase: 0.0 MiB)
Memory usage after initialization: 2722.04296875 MiB (Increase: 0.0 MiB)
Current lengths of episodes: [1600]
Memory usage at done (index 0, length 1600, since_prev 1600): 2722.04296875 MiB (Increase: 0.0 MiB)
Memory usage before reset: 2722.04296875 MiB (Increase: 0.0 MiB)
Memory usage after reset: 2722.04296875 MiB (Increase: 0.0 MiB)
Current lengths of episodes: [1600]
Memory usage at done (index 0, length 1600, since_prev 1600): 2722.04296875 MiB (Increase: 0.0 MiB)
Memory usage before reset: 2722.04296875 MiB (Increase: 0.0 MiB)
Memory usage after reset: 2722.04296875 MiB (Increase: 0.0 MiB)
Training episode 138
Memory usage at middle: 2722.04296875 MiB (Increase: 0.0 MiB)
Memory usage before collect: 2722.04296875 MiB (Increase: 0.0 MiB)
Memory usage after collect: 2722.04296875 MiB (Increase: 0.0 MiB)
Memory usage before initialization: 2722.04296875 MiB (Increase: 0.0 MiB)
Memory usage after initialization: 2722.04296875 MiB (Increase: 0.0 MiB)
Current lengths of episodes: [74]
Memory usage at done (index 0, length 74, since_prev 74): 2722.04296875 MiB (Increase: 0.0 MiB)
Memory usage before reset: 2722.04296875 MiB (Increase: 0.0 MiB)
Memory usage after reset: 2722.04296875 MiB (Increase: 0.0 MiB)
Current lengths of episodes: [65]
Memory usage at done (index 0, length 65, since_prev 65): 2722.04296875 MiB (Increase: 0.0 MiB)
Memory usage before reset: 2722.04296875 MiB (Increase: 0.0 MiB)
Memory usage after reset: 2722.04296875 MiB (Increase: 0.0 MiB)
Training episode 140
Memory usage at middle: 2722.04296875 MiB (Increase: 0.0 MiB)
Memory usage before collect: 2722.04296875 MiB (Increase: 0.0 MiB)
Memory usage after collect: 2722.04296875 MiB (Increase: 0.0 MiB)
Memory usage before initialization: 2722.04296875 MiB (Increase: 0.0 MiB)
Memory usage after initialization: 2722.04296875 MiB (Increase: 0.0 MiB)
Current lengths of episodes: [46]
Memory usage at done (index 0, length 46, since_prev 46): 2722.04296875 MiB (Increase: 0.0 MiB)
Memory usage before reset: 2722.04296875 MiB (Increase: 0.0 MiB)
Memory usage after reset: 2722.04296875 MiB (Increase: 0.0 MiB)
Current lengths of episodes: [1600]
Memory usage at done (index 0, length 1600, since_prev 1600): 2722.04296875 MiB (Increase: 0.0 MiB)
Memory usage before reset: 2722.04296875 MiB (Increase: 0.0 MiB)
Memory usage after reset: 2722.04296875 MiB (Increase: 0.0 MiB)
Training episode 142
Memory usage at middle: 2722.04296875 MiB (Increase: 0.0 MiB)
Memory usage before collect: 2722.04296875 MiB (Increase: 0.0 MiB)
Memory usage after collect: 2722.04296875 MiB (Increase: 0.0 MiB)
Memory usage before initialization: 2722.04296875 MiB (Increase: 0.0 MiB)
Memory usage after initialization: 2722.04296875 MiB (Increase: 0.0 MiB)
Current lengths of episodes: [74]
Memory usage at done (index 0, length 74, since_prev 74): 2722.04296875 MiB (Increase: 0.0 MiB)
Memory usage before reset: 2722.04296875 MiB (Increase: 0.0 MiB)
Memory usage after reset: 2722.04296875 MiB (Increase: 0.0 MiB)
Current lengths of episodes: [68]
Memory usage at done (index 0, length 68, since_prev 68): 2722.04296875 MiB (Increase: 0.0 MiB)
Memory usage before reset: 2722.04296875 MiB (Increase: 0.0 MiB)
Memory usage after reset: 2722.04296875 MiB (Increase: 0.0 MiB)
Training episode 144
Memory usage at middle: 2722.04296875 MiB (Increase: 0.0 MiB)
Memory usage before collect: 2722.04296875 MiB (Increase: 0.0 MiB)
Memory usage after collect: 2722.04296875 MiB (Increase: 0.0 MiB)
Memory usage before initialization: 2722.04296875 MiB (Increase: 0.0 MiB)
Memory usage after initialization: 2722.04296875 MiB (Increase: 0.0 MiB)
Current lengths of episodes: [68]
Memory usage at done (index 0, length 68, since_prev 68): 2722.04296875 MiB (Increase: 0.0 MiB)
Memory usage before reset: 2722.04296875 MiB (Increase: 0.0 MiB)
Memory usage after reset: 2722.04296875 MiB (Increase: 0.0 MiB)
Current lengths of episodes: [71]
Memory usage at done (index 0, length 71, since_prev 71): 2722.04296875 MiB (Increase: 0.0 MiB)
Memory usage before reset: 2722.04296875 MiB (Increase: 0.0 MiB)
Memory usage after reset: 2722.04296875 MiB (Increase: 0.0 MiB)
Training episode 146
Memory usage at middle: 2722.04296875 MiB (Increase: 0.0 MiB)
Memory usage before collect: 2722.04296875 MiB (Increase: 0.0 MiB)
Memory usage after collect: 2722.04296875 MiB (Increase: 0.0 MiB)
Memory usage before initialization: 2722.04296875 MiB (Increase: 0.0 MiB)
Memory usage after initialization: 2722.04296875 MiB (Increase: 0.0 MiB)
Current lengths of episodes: [68]
Memory usage at done (index 0, length 68, since_prev 68): 2722.04296875 MiB (Increase: 0.0 MiB)
Memory usage before reset: 2722.04296875 MiB (Increase: 0.0 MiB)
Memory usage after reset: 2722.04296875 MiB (Increase: 0.0 MiB)
Current lengths of episodes: [73]
Memory usage at done (index 0, length 73, since_prev 73): 2722.04296875 MiB (Increase: 0.0 MiB)
Memory usage before reset: 2722.04296875 MiB (Increase: 0.0 MiB)
Memory usage after reset: 2722.04296875 MiB (Increase: 0.0 MiB)
Training episode 148
Memory usage at middle: 2722.04296875 MiB (Increase: 0.0 MiB)
Memory usage before collect: 2722.04296875 MiB (Increase: 0.0 MiB)
Memory usage after collect: 2722.04296875 MiB (Increase: 0.0 MiB)
Memory usage before initialization: 2722.04296875 MiB (Increase: 0.0 MiB)
Memory usage after initialization: 2722.04296875 MiB (Increase: 0.0 MiB)
Current lengths of episodes: [1600]
Memory usage at done (index 0, length 1600, since_prev 1600): 2722.04296875 MiB (Increase: 0.0 MiB)
Memory usage before reset: 2722.04296875 MiB (Increase: 0.0 MiB)
Memory usage after reset: 2722.04296875 MiB (Increase: 0.0 MiB)
Current lengths of episodes: [1600]
Memory usage at done (index 0, length 1600, since_prev 1600): 2722.04296875 MiB (Increase: 0.0 MiB)
Memory usage before reset: 2722.04296875 MiB (Increase: 0.0 MiB)
Memory usage after reset: 2722.04296875 MiB (Increase: 0.0 MiB)
Training episode 150
Memory usage at middle: 2722.04296875 MiB (Increase: 0.0 MiB)
Memory usage before collect: 2722.04296875 MiB (Increase: 0.0 MiB)
Memory usage after collect: 2722.04296875 MiB (Increase: 0.0 MiB)
Episode 150	Average evaluation: -97.7691635560484
Memory usage before initialization: 2722.04296875 MiB (Increase: 0.0 MiB)
Memory usage after initialization: 2722.04296875 MiB (Increase: 0.0 MiB)
Current lengths of episodes: [1600]
Memory usage at done (index 0, length 1600, since_prev 1600): 2722.04296875 MiB (Increase: 0.0 MiB)
Memory usage before reset: 2722.04296875 MiB (Increase: 0.0 MiB)
Memory usage after reset: 2722.04296875 MiB (Increase: 0.0 MiB)
Current lengths of episodes: [407]
Memory usage at done (index 0, length 407, since_prev 407): 2722.04296875 MiB (Increase: 0.0 MiB)
Memory usage before reset: 2722.04296875 MiB (Increase: 0.0 MiB)
Memory usage after reset: 2722.04296875 MiB (Increase: 0.0 MiB)
Training episode 152
Memory usage at middle: 2722.04296875 MiB (Increase: 0.0 MiB)
Memory usage before collect: 2722.04296875 MiB (Increase: 0.0 MiB)
Memory usage after collect: 2722.04296875 MiB (Increase: 0.0 MiB)
Memory usage before initialization: 2722.04296875 MiB (Increase: 0.0 MiB)
Memory usage after initialization: 2722.04296875 MiB (Increase: 0.0 MiB)
Current lengths of episodes: [1600]
Memory usage at done (index 0, length 1600, since_prev 1600): 2722.04296875 MiB (Increase: 0.0 MiB)
Memory usage before reset: 2722.04296875 MiB (Increase: 0.0 MiB)
Memory usage after reset: 2722.04296875 MiB (Increase: 0.0 MiB)
Current lengths of episodes: [97]
Memory usage at done (index 0, length 97, since_prev 97): 2722.04296875 MiB (Increase: 0.0 MiB)
Memory usage before reset: 2722.04296875 MiB (Increase: 0.0 MiB)
Memory usage after reset: 2722.04296875 MiB (Increase: 0.0 MiB)
Training episode 154
Memory usage at middle: 2722.04296875 MiB (Increase: 0.0 MiB)
Memory usage before collect: 2722.04296875 MiB (Increase: 0.0 MiB)
Memory usage after collect: 2722.04296875 MiB (Increase: 0.0 MiB)
Memory usage before initialization: 2722.04296875 MiB (Increase: 0.0 MiB)
Memory usage after initialization: 2722.04296875 MiB (Increase: 0.0 MiB)
Current lengths of episodes: [82]
Memory usage at done (index 0, length 82, since_prev 82): 2722.04296875 MiB (Increase: 0.0 MiB)
Memory usage before reset: 2722.04296875 MiB (Increase: 0.0 MiB)
Memory usage after reset: 2722.04296875 MiB (Increase: 0.0 MiB)
Current lengths of episodes: [1600]
Memory usage at done (index 0, length 1600, since_prev 1600): 2722.04296875 MiB (Increase: 0.0 MiB)
Memory usage before reset: 2722.04296875 MiB (Increase: 0.0 MiB)
Memory usage after reset: 2722.04296875 MiB (Increase: 0.0 MiB)
Training episode 156
Memory usage at middle: 2722.04296875 MiB (Increase: 0.0 MiB)
Memory usage before collect: 2722.04296875 MiB (Increase: 0.0 MiB)
Memory usage after collect: 2722.04296875 MiB (Increase: 0.0 MiB)
Memory usage before initialization: 2722.04296875 MiB (Increase: 0.0 MiB)
Memory usage after initialization: 2722.04296875 MiB (Increase: 0.0 MiB)
Current lengths of episodes: [72]
Memory usage at done (index 0, length 72, since_prev 72): 2722.04296875 MiB (Increase: 0.0 MiB)
Memory usage before reset: 2722.04296875 MiB (Increase: 0.0 MiB)
Memory usage after reset: 2722.04296875 MiB (Increase: 0.0 MiB)
Current lengths of episodes: [1600]
Memory usage at done (index 0, length 1600, since_prev 1600): 2722.04296875 MiB (Increase: 0.0 MiB)
Memory usage before reset: 2722.04296875 MiB (Increase: 0.0 MiB)
Memory usage after reset: 2722.04296875 MiB (Increase: 0.0 MiB)
Training episode 158
Memory usage at middle: 2722.04296875 MiB (Increase: 0.0 MiB)
Memory usage before collect: 2722.04296875 MiB (Increase: 0.0 MiB)
Memory usage after collect: 2722.04296875 MiB (Increase: 0.0 MiB)
Memory usage before initialization: 2722.04296875 MiB (Increase: 0.0 MiB)
Memory usage after initialization: 2722.04296875 MiB (Increase: 0.0 MiB)
Current lengths of episodes: [57]
Memory usage at done (index 0, length 57, since_prev 57): 2722.04296875 MiB (Increase: 0.0 MiB)
Memory usage before reset: 2722.04296875 MiB (Increase: 0.0 MiB)
Memory usage after reset: 2722.04296875 MiB (Increase: 0.0 MiB)
Current lengths of episodes: [77]
Memory usage at done (index 0, length 77, since_prev 77): 2722.04296875 MiB (Increase: 0.0 MiB)
Memory usage before reset: 2722.04296875 MiB (Increase: 0.0 MiB)
Memory usage after reset: 2722.04296875 MiB (Increase: 0.0 MiB)
Training episode 160
Memory usage at middle: 2722.04296875 MiB (Increase: 0.0 MiB)
Memory usage before collect: 2722.04296875 MiB (Increase: 0.0 MiB)
Memory usage after collect: 2722.04296875 MiB (Increase: 0.0 MiB)
Memory usage before initialization: 2722.04296875 MiB (Increase: 0.0 MiB)
Memory usage after initialization: 2722.04296875 MiB (Increase: 0.0 MiB)
Current lengths of episodes: [90]
Memory usage at done (index 0, length 90, since_prev 90): 2722.04296875 MiB (Increase: 0.0 MiB)
Memory usage before reset: 2722.04296875 MiB (Increase: 0.0 MiB)
Memory usage after reset: 2722.04296875 MiB (Increase: 0.0 MiB)
Current lengths of episodes: [1600]
Memory usage at done (index 0, length 1600, since_prev 1600): 2722.04296875 MiB (Increase: 0.0 MiB)
Memory usage before reset: 2722.04296875 MiB (Increase: 0.0 MiB)
Memory usage after reset: 2722.04296875 MiB (Increase: 0.0 MiB)
Training episode 162
Memory usage at middle: 2722.04296875 MiB (Increase: 0.0 MiB)
Memory usage before collect: 2722.04296875 MiB (Increase: 0.0 MiB)
Memory usage after collect: 2722.04296875 MiB (Increase: 0.0 MiB)
Memory usage before initialization: 2722.04296875 MiB (Increase: 0.0 MiB)
Memory usage after initialization: 2722.04296875 MiB (Increase: 0.0 MiB)
Current lengths of episodes: [1600]
Memory usage at done (index 0, length 1600, since_prev 1600): 2722.04296875 MiB (Increase: 0.0 MiB)
Memory usage before reset: 2722.04296875 MiB (Increase: 0.0 MiB)
Memory usage after reset: 2722.04296875 MiB (Increase: 0.0 MiB)
Current lengths of episodes: [59]
Memory usage at done (index 0, length 59, since_prev 59): 2722.04296875 MiB (Increase: 0.0 MiB)
Memory usage before reset: 2722.04296875 MiB (Increase: 0.0 MiB)
Memory usage after reset: 2722.04296875 MiB (Increase: 0.0 MiB)
Training episode 164
Memory usage at middle: 2722.04296875 MiB (Increase: 0.0 MiB)
Memory usage before collect: 2722.04296875 MiB (Increase: 0.0 MiB)
Memory usage after collect: 2722.04296875 MiB (Increase: 0.0 MiB)
Memory usage before initialization: 2722.04296875 MiB (Increase: 0.0 MiB)
Memory usage after initialization: 2722.04296875 MiB (Increase: 0.0 MiB)
Current lengths of episodes: [57]
Memory usage at done (index 0, length 57, since_prev 57): 2722.04296875 MiB (Increase: 0.0 MiB)
Memory usage before reset: 2722.04296875 MiB (Increase: 0.0 MiB)
Memory usage after reset: 2722.04296875 MiB (Increase: 0.0 MiB)
Current lengths of episodes: [1600]
Memory usage at done (index 0, length 1600, since_prev 1600): 2722.04296875 MiB (Increase: 0.0 MiB)
Memory usage before reset: 2722.04296875 MiB (Increase: 0.0 MiB)
Memory usage after reset: 2722.04296875 MiB (Increase: 0.0 MiB)
Training episode 166
Memory usage at middle: 2722.04296875 MiB (Increase: 0.0 MiB)
Memory usage before collect: 2722.04296875 MiB (Increase: 0.0 MiB)
Memory usage after collect: 2722.04296875 MiB (Increase: 0.0 MiB)
Memory usage before initialization: 2722.04296875 MiB (Increase: 0.0 MiB)
Memory usage after initialization: 2722.04296875 MiB (Increase: 0.0 MiB)
Current lengths of episodes: [1600]
Memory usage at done (index 0, length 1600, since_prev 1600): 2722.04296875 MiB (Increase: 0.0 MiB)
Memory usage before reset: 2722.04296875 MiB (Increase: 0.0 MiB)
Memory usage after reset: 2722.04296875 MiB (Increase: 0.0 MiB)
Current lengths of episodes: [1600]
Memory usage at done (index 0, length 1600, since_prev 1600): 2722.04296875 MiB (Increase: 0.0 MiB)
Memory usage before reset: 2722.04296875 MiB (Increase: 0.0 MiB)
Memory usage after reset: 2722.04296875 MiB (Increase: 0.0 MiB)
Training episode 168
Memory usage at middle: 2722.04296875 MiB (Increase: 0.0 MiB)
Memory usage before collect: 2722.04296875 MiB (Increase: 0.0 MiB)
Memory usage after collect: 2722.04296875 MiB (Increase: 0.0 MiB)
Memory usage before initialization: 2722.04296875 MiB (Increase: 0.0 MiB)
Memory usage after initialization: 2722.04296875 MiB (Increase: 0.0 MiB)
Current lengths of episodes: [93]
Memory usage at done (index 0, length 93, since_prev 93): 2722.04296875 MiB (Increase: 0.0 MiB)
Memory usage before reset: 2722.04296875 MiB (Increase: 0.0 MiB)
Memory usage after reset: 2722.04296875 MiB (Increase: 0.0 MiB)
Current lengths of episodes: [1600]
Memory usage at done (index 0, length 1600, since_prev 1600): 2722.04296875 MiB (Increase: 0.0 MiB)
Memory usage before reset: 2722.04296875 MiB (Increase: 0.0 MiB)
Memory usage after reset: 2722.04296875 MiB (Increase: 0.0 MiB)
Training episode 170
Memory usage at middle: 2722.04296875 MiB (Increase: 0.0 MiB)
Memory usage before collect: 2722.04296875 MiB (Increase: 0.0 MiB)
Memory usage after collect: 2722.04296875 MiB (Increase: 0.0 MiB)
Memory usage before initialization: 2722.04296875 MiB (Increase: 0.0 MiB)
Memory usage after initialization: 2722.04296875 MiB (Increase: 0.0 MiB)
Current lengths of episodes: [105]
Memory usage at done (index 0, length 105, since_prev 105): 2722.04296875 MiB (Increase: 0.0 MiB)
Memory usage before reset: 2722.04296875 MiB (Increase: 0.0 MiB)
Memory usage after reset: 2722.04296875 MiB (Increase: 0.0 MiB)
Current lengths of episodes: [82]
Memory usage at done (index 0, length 82, since_prev 82): 2722.04296875 MiB (Increase: 0.0 MiB)
Memory usage before reset: 2722.04296875 MiB (Increase: 0.0 MiB)
Memory usage after reset: 2722.04296875 MiB (Increase: 0.0 MiB)
Training episode 172
Memory usage at middle: 2722.04296875 MiB (Increase: 0.0 MiB)
Memory usage before collect: 2722.04296875 MiB (Increase: 0.0 MiB)
Memory usage after collect: 2722.04296875 MiB (Increase: 0.0 MiB)
Memory usage before initialization: 2722.04296875 MiB (Increase: 0.0 MiB)
Memory usage after initialization: 2722.04296875 MiB (Increase: 0.0 MiB)
Current lengths of episodes: [1600]
Memory usage at done (index 0, length 1600, since_prev 1600): 2722.04296875 MiB (Increase: 0.0 MiB)
Memory usage before reset: 2722.04296875 MiB (Increase: 0.0 MiB)
Memory usage after reset: 2722.04296875 MiB (Increase: 0.0 MiB)
Current lengths of episodes: [1600]
Memory usage at done (index 0, length 1600, since_prev 1600): 2722.04296875 MiB (Increase: 0.0 MiB)
Memory usage before reset: 2722.04296875 MiB (Increase: 0.0 MiB)
Memory usage after reset: 2722.04296875 MiB (Increase: 0.0 MiB)
Training episode 174
Memory usage at middle: 2722.04296875 MiB (Increase: 0.0 MiB)
Memory usage before collect: 2722.04296875 MiB (Increase: 0.0 MiB)
Memory usage after collect: 2722.04296875 MiB (Increase: 0.0 MiB)
Memory usage before initialization: 2722.04296875 MiB (Increase: 0.0 MiB)
Memory usage after initialization: 2722.04296875 MiB (Increase: 0.0 MiB)
Current lengths of episodes: [75]
Memory usage at done (index 0, length 75, since_prev 75): 2722.04296875 MiB (Increase: 0.0 MiB)
Memory usage before reset: 2722.04296875 MiB (Increase: 0.0 MiB)
Memory usage after reset: 2722.04296875 MiB (Increase: 0.0 MiB)
Current lengths of episodes: [84]
Memory usage at done (index 0, length 84, since_prev 84): 2722.04296875 MiB (Increase: 0.0 MiB)
Memory usage before reset: 2722.04296875 MiB (Increase: 0.0 MiB)
Memory usage after reset: 2722.04296875 MiB (Increase: 0.0 MiB)
Training episode 176
Memory usage at middle: 2722.04296875 MiB (Increase: 0.0 MiB)
Memory usage before collect: 2722.04296875 MiB (Increase: 0.0 MiB)
Memory usage after collect: 2722.04296875 MiB (Increase: 0.0 MiB)
Memory usage before initialization: 2722.04296875 MiB (Increase: 0.0 MiB)
Memory usage after initialization: 2722.04296875 MiB (Increase: 0.0 MiB)
Current lengths of episodes: [1600]
Memory usage at done (index 0, length 1600, since_prev 1600): 2722.04296875 MiB (Increase: 0.0 MiB)
Memory usage before reset: 2722.04296875 MiB (Increase: 0.0 MiB)
Memory usage after reset: 2722.04296875 MiB (Increase: 0.0 MiB)
Current lengths of episodes: [1600]
Memory usage at done (index 0, length 1600, since_prev 1600): 2722.04296875 MiB (Increase: 0.0 MiB)
Memory usage before reset: 2722.04296875 MiB (Increase: 0.0 MiB)
Memory usage after reset: 2722.04296875 MiB (Increase: 0.0 MiB)
Training episode 178
Memory usage at middle: 2722.04296875 MiB (Increase: 0.0 MiB)
Memory usage before collect: 2722.04296875 MiB (Increase: 0.0 MiB)
Memory usage after collect: 2722.04296875 MiB (Increase: 0.0 MiB)
Memory usage before initialization: 2722.04296875 MiB (Increase: 0.0 MiB)
Memory usage after initialization: 2722.04296875 MiB (Increase: 0.0 MiB)
Current lengths of episodes: [80]
Memory usage at done (index 0, length 80, since_prev 80): 2722.04296875 MiB (Increase: 0.0 MiB)
Memory usage before reset: 2722.04296875 MiB (Increase: 0.0 MiB)
Memory usage after reset: 2722.04296875 MiB (Increase: 0.0 MiB)
Current lengths of episodes: [84]
Memory usage at done (index 0, length 84, since_prev 84): 2722.04296875 MiB (Increase: 0.0 MiB)
Memory usage before reset: 2722.04296875 MiB (Increase: 0.0 MiB)
Memory usage after reset: 2722.04296875 MiB (Increase: 0.0 MiB)
Training episode 180
Memory usage at middle: 2722.04296875 MiB (Increase: 0.0 MiB)
Memory usage before collect: 2722.04296875 MiB (Increase: 0.0 MiB)
Memory usage after collect: 2722.04296875 MiB (Increase: 0.0 MiB)
Memory usage before initialization: 2722.04296875 MiB (Increase: 0.0 MiB)
Memory usage after initialization: 2722.04296875 MiB (Increase: 0.0 MiB)
Current lengths of episodes: [1600]
Memory usage at done (index 0, length 1600, since_prev 1600): 2722.04296875 MiB (Increase: 0.0 MiB)
Memory usage before reset: 2722.04296875 MiB (Increase: 0.0 MiB)
Memory usage after reset: 2722.04296875 MiB (Increase: 0.0 MiB)
Current lengths of episodes: [1600]
Memory usage at done (index 0, length 1600, since_prev 1600): 2722.04296875 MiB (Increase: 0.0 MiB)
Memory usage before reset: 2722.04296875 MiB (Increase: 0.0 MiB)
Memory usage after reset: 2722.04296875 MiB (Increase: 0.0 MiB)
Training episode 182
Memory usage at middle: 2722.04296875 MiB (Increase: 0.0 MiB)
Memory usage before collect: 2722.04296875 MiB (Increase: 0.0 MiB)
Memory usage after collect: 2722.04296875 MiB (Increase: 0.0 MiB)
Memory usage before initialization: 2722.04296875 MiB (Increase: 0.0 MiB)
Memory usage after initialization: 2722.04296875 MiB (Increase: 0.0 MiB)
Current lengths of episodes: [46]
Memory usage at done (index 0, length 46, since_prev 46): 2722.04296875 MiB (Increase: 0.0 MiB)
Memory usage before reset: 2722.04296875 MiB (Increase: 0.0 MiB)
Memory usage after reset: 2722.04296875 MiB (Increase: 0.0 MiB)
Current lengths of episodes: [1600]
Memory usage at done (index 0, length 1600, since_prev 1600): 2722.04296875 MiB (Increase: 0.0 MiB)
Memory usage before reset: 2722.04296875 MiB (Increase: 0.0 MiB)
Memory usage after reset: 2722.04296875 MiB (Increase: 0.0 MiB)
Training episode 184
Memory usage at middle: 2722.04296875 MiB (Increase: 0.0 MiB)
Memory usage before collect: 2722.04296875 MiB (Increase: 0.0 MiB)
Memory usage after collect: 2722.04296875 MiB (Increase: 0.0 MiB)
Memory usage before initialization: 2722.04296875 MiB (Increase: 0.0 MiB)
Memory usage after initialization: 2722.04296875 MiB (Increase: 0.0 MiB)
Current lengths of episodes: [1600]
Memory usage at done (index 0, length 1600, since_prev 1600): 2722.04296875 MiB (Increase: 0.0 MiB)
Memory usage before reset: 2722.04296875 MiB (Increase: 0.0 MiB)
Memory usage after reset: 2722.04296875 MiB (Increase: 0.0 MiB)
Current lengths of episodes: [1600]
Memory usage at done (index 0, length 1600, since_prev 1600): 2722.04296875 MiB (Increase: 0.0 MiB)
Memory usage before reset: 2722.04296875 MiB (Increase: 0.0 MiB)
Memory usage after reset: 2722.04296875 MiB (Increase: 0.0 MiB)
Training episode 186
Memory usage at middle: 2722.04296875 MiB (Increase: 0.0 MiB)
Memory usage before collect: 2722.04296875 MiB (Increase: 0.0 MiB)
Memory usage after collect: 2722.04296875 MiB (Increase: 0.0 MiB)
Memory usage before initialization: 2722.04296875 MiB (Increase: 0.0 MiB)
Memory usage after initialization: 2722.04296875 MiB (Increase: 0.0 MiB)
Current lengths of episodes: [65]
Memory usage at done (index 0, length 65, since_prev 65): 2722.04296875 MiB (Increase: 0.0 MiB)
Memory usage before reset: 2722.04296875 MiB (Increase: 0.0 MiB)
Memory usage after reset: 2722.04296875 MiB (Increase: 0.0 MiB)
Current lengths of episodes: [1600]
Memory usage at done (index 0, length 1600, since_prev 1600): 2722.04296875 MiB (Increase: 0.0 MiB)
Memory usage before reset: 2722.04296875 MiB (Increase: 0.0 MiB)
Memory usage after reset: 2722.04296875 MiB (Increase: 0.0 MiB)
Training episode 188
Memory usage at middle: 2722.04296875 MiB (Increase: 0.0 MiB)
Memory usage before collect: 2722.04296875 MiB (Increase: 0.0 MiB)
Memory usage after collect: 2722.04296875 MiB (Increase: 0.0 MiB)
Memory usage before initialization: 2722.04296875 MiB (Increase: 0.0 MiB)
Memory usage after initialization: 2722.04296875 MiB (Increase: 0.0 MiB)
Current lengths of episodes: [1600]
Memory usage at done (index 0, length 1600, since_prev 1600): 2722.04296875 MiB (Increase: 0.0 MiB)
Memory usage before reset: 2722.04296875 MiB (Increase: 0.0 MiB)
Memory usage after reset: 2722.04296875 MiB (Increase: 0.0 MiB)
Current lengths of episodes: [1393]
Memory usage at done (index 0, length 1393, since_prev 1393): 2722.04296875 MiB (Increase: 0.0 MiB)
Memory usage before reset: 2722.04296875 MiB (Increase: 0.0 MiB)
Memory usage after reset: 2722.04296875 MiB (Increase: 0.0 MiB)
Training episode 190
Memory usage at middle: 2722.04296875 MiB (Increase: 0.0 MiB)
Memory usage before collect: 2722.04296875 MiB (Increase: 0.0 MiB)
Memory usage after collect: 2722.04296875 MiB (Increase: 0.0 MiB)
Memory usage before initialization: 2722.04296875 MiB (Increase: 0.0 MiB)
Memory usage after initialization: 2722.04296875 MiB (Increase: 0.0 MiB)
Current lengths of episodes: [1600]
Memory usage at done (index 0, length 1600, since_prev 1600): 2722.04296875 MiB (Increase: 0.0 MiB)
Memory usage before reset: 2722.04296875 MiB (Increase: 0.0 MiB)
Memory usage after reset: 2722.04296875 MiB (Increase: 0.0 MiB)
Current lengths of episodes: [1600]
Memory usage at done (index 0, length 1600, since_prev 1600): 2722.04296875 MiB (Increase: 0.0 MiB)
Memory usage before reset: 2722.04296875 MiB (Increase: 0.0 MiB)
Memory usage after reset: 2722.04296875 MiB (Increase: 0.0 MiB)
Training episode 192
Memory usage at middle: 2722.04296875 MiB (Increase: 0.0 MiB)
Memory usage before collect: 2722.04296875 MiB (Increase: 0.0 MiB)
Memory usage after collect: 2722.04296875 MiB (Increase: 0.0 MiB)
Memory usage before initialization: 2722.04296875 MiB (Increase: 0.0 MiB)
Memory usage after initialization: 2722.04296875 MiB (Increase: 0.0 MiB)
Current lengths of episodes: [69]
Memory usage at done (index 0, length 69, since_prev 69): 2722.04296875 MiB (Increase: 0.0 MiB)
Memory usage before reset: 2722.04296875 MiB (Increase: 0.0 MiB)
Memory usage after reset: 2722.04296875 MiB (Increase: 0.0 MiB)
Current lengths of episodes: [1600]
Memory usage at done (index 0, length 1600, since_prev 1600): 2722.04296875 MiB (Increase: 0.0 MiB)
Memory usage before reset: 2722.04296875 MiB (Increase: 0.0 MiB)
Memory usage after reset: 2722.04296875 MiB (Increase: 0.0 MiB)
Training episode 194
Memory usage at middle: 2722.04296875 MiB (Increase: 0.0 MiB)
Memory usage before collect: 2722.04296875 MiB (Increase: 0.0 MiB)
Memory usage after collect: 2722.04296875 MiB (Increase: 0.0 MiB)
Memory usage before initialization: 2722.04296875 MiB (Increase: 0.0 MiB)
Memory usage after initialization: 2722.04296875 MiB (Increase: 0.0 MiB)
Current lengths of episodes: [1600]
Memory usage at done (index 0, length 1600, since_prev 1600): 2722.04296875 MiB (Increase: 0.0 MiB)
Memory usage before reset: 2722.04296875 MiB (Increase: 0.0 MiB)
Memory usage after reset: 2722.04296875 MiB (Increase: 0.0 MiB)
Current lengths of episodes: [1600]
Memory usage at done (index 0, length 1600, since_prev 1600): 2722.04296875 MiB (Increase: 0.0 MiB)
Memory usage before reset: 2722.04296875 MiB (Increase: 0.0 MiB)
Memory usage after reset: 2722.04296875 MiB (Increase: 0.0 MiB)
Training episode 196
Memory usage at middle: 2722.04296875 MiB (Increase: 0.0 MiB)
Memory usage before collect: 2722.04296875 MiB (Increase: 0.0 MiB)
Memory usage after collect: 2722.04296875 MiB (Increase: 0.0 MiB)
Memory usage before initialization: 2722.04296875 MiB (Increase: 0.0 MiB)
Memory usage after initialization: 2722.04296875 MiB (Increase: 0.0 MiB)
Current lengths of episodes: [1600]
Memory usage at done (index 0, length 1600, since_prev 1600): 2722.04296875 MiB (Increase: 0.0 MiB)
Memory usage before reset: 2722.04296875 MiB (Increase: 0.0 MiB)
Memory usage after reset: 2722.04296875 MiB (Increase: 0.0 MiB)
Current lengths of episodes: [68]
Memory usage at done (index 0, length 68, since_prev 68): 2722.04296875 MiB (Increase: 0.0 MiB)
Memory usage before reset: 2722.04296875 MiB (Increase: 0.0 MiB)
Memory usage after reset: 2722.04296875 MiB (Increase: 0.0 MiB)
Training episode 198
Memory usage at middle: 2722.04296875 MiB (Increase: 0.0 MiB)
Memory usage before collect: 2722.04296875 MiB (Increase: 0.0 MiB)
Memory usage after collect: 2722.04296875 MiB (Increase: 0.0 MiB)
Memory usage before initialization: 2722.04296875 MiB (Increase: 0.0 MiB)
Memory usage after initialization: 2722.04296875 MiB (Increase: 0.0 MiB)
Current lengths of episodes: [1600]
Memory usage at done (index 0, length 1600, since_prev 1600): 2722.04296875 MiB (Increase: 0.0 MiB)
Memory usage before reset: 2722.04296875 MiB (Increase: 0.0 MiB)
Memory usage after reset: 2722.04296875 MiB (Increase: 0.0 MiB)
Current lengths of episodes: [134]
Memory usage at done (index 0, length 134, since_prev 134): 2722.04296875 MiB (Increase: 0.0 MiB)
Memory usage before reset: 2722.04296875 MiB (Increase: 0.0 MiB)
Memory usage after reset: 2722.04296875 MiB (Increase: 0.0 MiB)
Training episode 200
Memory usage at middle: 2722.04296875 MiB (Increase: 0.0 MiB)
Memory usage before collect: 2722.04296875 MiB (Increase: 0.0 MiB)
Memory usage after collect: 2722.04296875 MiB (Increase: 0.0 MiB)
Episode 200	Average evaluation: -97.77201584916574
Memory usage before initialization: 2722.04296875 MiB (Increase: 0.0 MiB)
Memory usage after initialization: 2722.04296875 MiB (Increase: 0.0 MiB)
Current lengths of episodes: [1600]
Memory usage at done (index 0, length 1600, since_prev 1600): 2722.04296875 MiB (Increase: 0.0 MiB)
Memory usage before reset: 2722.04296875 MiB (Increase: 0.0 MiB)
Memory usage after reset: 2722.04296875 MiB (Increase: 0.0 MiB)
Current lengths of episodes: [1600]
Memory usage at done (index 0, length 1600, since_prev 1600): 2722.04296875 MiB (Increase: 0.0 MiB)
Memory usage before reset: 2722.04296875 MiB (Increase: 0.0 MiB)
Memory usage after reset: 2722.04296875 MiB (Increase: 0.0 MiB)
Training episode 202
Memory usage at middle: 2722.04296875 MiB (Increase: 0.0 MiB)
Memory usage before collect: 2722.04296875 MiB (Increase: 0.0 MiB)
Memory usage after collect: 2722.04296875 MiB (Increase: 0.0 MiB)
Memory usage before initialization: 2722.04296875 MiB (Increase: 0.0 MiB)
Memory usage after initialization: 2722.04296875 MiB (Increase: 0.0 MiB)
Current lengths of episodes: [1600]
Memory usage at done (index 0, length 1600, since_prev 1600): 2722.04296875 MiB (Increase: 0.0 MiB)
Memory usage before reset: 2722.04296875 MiB (Increase: 0.0 MiB)
Memory usage after reset: 2722.04296875 MiB (Increase: 0.0 MiB)
Current lengths of episodes: [81]
Memory usage at done (index 0, length 81, since_prev 81): 2722.04296875 MiB (Increase: 0.0 MiB)
Memory usage before reset: 2722.04296875 MiB (Increase: 0.0 MiB)
Memory usage after reset: 2722.04296875 MiB (Increase: 0.0 MiB)
Training episode 204
Memory usage at middle: 2722.04296875 MiB (Increase: 0.0 MiB)
Memory usage before collect: 2722.04296875 MiB (Increase: 0.0 MiB)
Memory usage after collect: 2722.04296875 MiB (Increase: 0.0 MiB)
Memory usage before initialization: 2722.04296875 MiB (Increase: 0.0 MiB)
Memory usage after initialization: 2722.04296875 MiB (Increase: 0.0 MiB)
Current lengths of episodes: [92]
Memory usage at done (index 0, length 92, since_prev 92): 2722.04296875 MiB (Increase: 0.0 MiB)
Memory usage before reset: 2722.04296875 MiB (Increase: 0.0 MiB)
Memory usage after reset: 2722.04296875 MiB (Increase: 0.0 MiB)
Current lengths of episodes: [73]
Memory usage at done (index 0, length 73, since_prev 73): 2722.04296875 MiB (Increase: 0.0 MiB)
Memory usage before reset: 2722.04296875 MiB (Increase: 0.0 MiB)
Memory usage after reset: 2722.04296875 MiB (Increase: 0.0 MiB)
Training episode 206
Memory usage at middle: 2722.04296875 MiB (Increase: 0.0 MiB)
Memory usage before collect: 2722.04296875 MiB (Increase: 0.0 MiB)
Memory usage after collect: 2722.04296875 MiB (Increase: 0.0 MiB)
Memory usage before initialization: 2722.04296875 MiB (Increase: 0.0 MiB)
Memory usage after initialization: 2722.04296875 MiB (Increase: 0.0 MiB)
Current lengths of episodes: [96]
Memory usage at done (index 0, length 96, since_prev 96): 2722.04296875 MiB (Increase: 0.0 MiB)
Memory usage before reset: 2722.04296875 MiB (Increase: 0.0 MiB)
Memory usage after reset: 2722.04296875 MiB (Increase: 0.0 MiB)
Current lengths of episodes: [88]
Memory usage at done (index 0, length 88, since_prev 88): 2722.04296875 MiB (Increase: 0.0 MiB)
Memory usage before reset: 2722.04296875 MiB (Increase: 0.0 MiB)
Memory usage after reset: 2722.04296875 MiB (Increase: 0.0 MiB)
Training episode 208
Memory usage at middle: 2722.04296875 MiB (Increase: 0.0 MiB)
Memory usage before collect: 2722.04296875 MiB (Increase: 0.0 MiB)
Memory usage after collect: 2722.04296875 MiB (Increase: 0.0 MiB)
Memory usage before initialization: 2722.04296875 MiB (Increase: 0.0 MiB)
Memory usage after initialization: 2722.04296875 MiB (Increase: 0.0 MiB)
Current lengths of episodes: [84]
Memory usage at done (index 0, length 84, since_prev 84): 2722.04296875 MiB (Increase: 0.0 MiB)
Memory usage before reset: 2722.04296875 MiB (Increase: 0.0 MiB)
Memory usage after reset: 2722.04296875 MiB (Increase: 0.0 MiB)
Current lengths of episodes: [1600]
Memory usage at done (index 0, length 1600, since_prev 1600): 2722.04296875 MiB (Increase: 0.0 MiB)
Memory usage before reset: 2722.04296875 MiB (Increase: 0.0 MiB)
Memory usage after reset: 2722.04296875 MiB (Increase: 0.0 MiB)
Training episode 210
Memory usage at middle: 2722.04296875 MiB (Increase: 0.0 MiB)
Memory usage before collect: 2722.04296875 MiB (Increase: 0.0 MiB)
Memory usage after collect: 2722.04296875 MiB (Increase: 0.0 MiB)
Memory usage before initialization: 2722.04296875 MiB (Increase: 0.0 MiB)
Memory usage after initialization: 2722.04296875 MiB (Increase: 0.0 MiB)
Current lengths of episodes: [1600]
Memory usage at done (index 0, length 1600, since_prev 1600): 2722.04296875 MiB (Increase: 0.0 MiB)
Memory usage before reset: 2722.04296875 MiB (Increase: 0.0 MiB)
Memory usage after reset: 2722.04296875 MiB (Increase: 0.0 MiB)
Current lengths of episodes: [84]
Memory usage at done (index 0, length 84, since_prev 84): 2722.04296875 MiB (Increase: 0.0 MiB)
Memory usage before reset: 2722.04296875 MiB (Increase: 0.0 MiB)
Memory usage after reset: 2722.04296875 MiB (Increase: 0.0 MiB)
Training episode 212
Memory usage at middle: 2722.04296875 MiB (Increase: 0.0 MiB)
Memory usage before collect: 2722.04296875 MiB (Increase: 0.0 MiB)
Memory usage after collect: 2722.04296875 MiB (Increase: 0.0 MiB)
Memory usage before initialization: 2722.04296875 MiB (Increase: 0.0 MiB)
Memory usage after initialization: 2722.04296875 MiB (Increase: 0.0 MiB)
Current lengths of episodes: [82]
Memory usage at done (index 0, length 82, since_prev 82): 2722.04296875 MiB (Increase: 0.0 MiB)
Memory usage before reset: 2722.04296875 MiB (Increase: 0.0 MiB)
Memory usage after reset: 2722.04296875 MiB (Increase: 0.0 MiB)
Current lengths of episodes: [1600]
Memory usage at done (index 0, length 1600, since_prev 1600): 2722.04296875 MiB (Increase: 0.0 MiB)
Memory usage before reset: 2722.04296875 MiB (Increase: 0.0 MiB)
Memory usage after reset: 2722.04296875 MiB (Increase: 0.0 MiB)
Training episode 214
Memory usage at middle: 2722.04296875 MiB (Increase: 0.0 MiB)
Memory usage before collect: 2722.04296875 MiB (Increase: 0.0 MiB)
Memory usage after collect: 2722.04296875 MiB (Increase: 0.0 MiB)
Memory usage before initialization: 2722.04296875 MiB (Increase: 0.0 MiB)
Memory usage after initialization: 2722.04296875 MiB (Increase: 0.0 MiB)
Current lengths of episodes: [161]
Memory usage at done (index 0, length 161, since_prev 161): 2722.04296875 MiB (Increase: 0.0 MiB)
Memory usage before reset: 2722.04296875 MiB (Increase: 0.0 MiB)
Memory usage after reset: 2722.04296875 MiB (Increase: 0.0 MiB)
Current lengths of episodes: [1600]
Memory usage at done (index 0, length 1600, since_prev 1600): 2722.04296875 MiB (Increase: 0.0 MiB)
Memory usage before reset: 2722.04296875 MiB (Increase: 0.0 MiB)
Memory usage after reset: 2722.04296875 MiB (Increase: 0.0 MiB)
Training episode 216
Memory usage at middle: 2722.04296875 MiB (Increase: 0.0 MiB)
Memory usage before collect: 2722.04296875 MiB (Increase: 0.0 MiB)
Memory usage after collect: 2722.04296875 MiB (Increase: 0.0 MiB)
Memory usage before initialization: 2722.04296875 MiB (Increase: 0.0 MiB)
Memory usage after initialization: 2722.04296875 MiB (Increase: 0.0 MiB)
Current lengths of episodes: [1600]
Memory usage at done (index 0, length 1600, since_prev 1600): 2722.04296875 MiB (Increase: 0.0 MiB)
Memory usage before reset: 2722.04296875 MiB (Increase: 0.0 MiB)
Memory usage after reset: 2722.04296875 MiB (Increase: 0.0 MiB)
Current lengths of episodes: [1600]
Memory usage at done (index 0, length 1600, since_prev 1600): 2722.04296875 MiB (Increase: 0.0 MiB)
Memory usage before reset: 2722.04296875 MiB (Increase: 0.0 MiB)
Memory usage after reset: 2722.04296875 MiB (Increase: 0.0 MiB)
Training episode 218
Memory usage at middle: 2722.04296875 MiB (Increase: 0.0 MiB)
Memory usage before collect: 2722.04296875 MiB (Increase: 0.0 MiB)
Memory usage after collect: 2722.04296875 MiB (Increase: 0.0 MiB)
Memory usage before initialization: 2722.04296875 MiB (Increase: 0.0 MiB)
Memory usage after initialization: 2722.04296875 MiB (Increase: 0.0 MiB)
Current lengths of episodes: [70]
Memory usage at done (index 0, length 70, since_prev 70): 2722.04296875 MiB (Increase: 0.0 MiB)
Memory usage before reset: 2722.04296875 MiB (Increase: 0.0 MiB)
Memory usage after reset: 2722.04296875 MiB (Increase: 0.0 MiB)
Current lengths of episodes: [1600]
Memory usage at done (index 0, length 1600, since_prev 1600): 2722.04296875 MiB (Increase: 0.0 MiB)
Memory usage before reset: 2722.04296875 MiB (Increase: 0.0 MiB)
Memory usage after reset: 2722.04296875 MiB (Increase: 0.0 MiB)
Training episode 220
Memory usage at middle: 2722.04296875 MiB (Increase: 0.0 MiB)
Memory usage before collect: 2722.04296875 MiB (Increase: 0.0 MiB)
Memory usage after collect: 2722.04296875 MiB (Increase: 0.0 MiB)
Memory usage before initialization: 2722.04296875 MiB (Increase: 0.0 MiB)
Memory usage after initialization: 2722.04296875 MiB (Increase: 0.0 MiB)
Current lengths of episodes: [1600]
Memory usage at done (index 0, length 1600, since_prev 1600): 2722.04296875 MiB (Increase: 0.0 MiB)
Memory usage before reset: 2722.04296875 MiB (Increase: 0.0 MiB)
Memory usage after reset: 2722.04296875 MiB (Increase: 0.0 MiB)
Current lengths of episodes: [188]
Memory usage at done (index 0, length 188, since_prev 188): 2722.04296875 MiB (Increase: 0.0 MiB)
Memory usage before reset: 2722.04296875 MiB (Increase: 0.0 MiB)
Memory usage after reset: 2722.04296875 MiB (Increase: 0.0 MiB)
Training episode 222
Memory usage at middle: 2722.04296875 MiB (Increase: 0.0 MiB)
Memory usage before collect: 2722.04296875 MiB (Increase: 0.0 MiB)
Memory usage after collect: 2722.04296875 MiB (Increase: 0.0 MiB)
Memory usage before initialization: 2722.04296875 MiB (Increase: 0.0 MiB)
Memory usage after initialization: 2722.04296875 MiB (Increase: 0.0 MiB)
Current lengths of episodes: [1600]
Memory usage at done (index 0, length 1600, since_prev 1600): 2722.04296875 MiB (Increase: 0.0 MiB)
Memory usage before reset: 2722.04296875 MiB (Increase: 0.0 MiB)
Memory usage after reset: 2722.04296875 MiB (Increase: 0.0 MiB)
Current lengths of episodes: [115]
Memory usage at done (index 0, length 115, since_prev 115): 2722.04296875 MiB (Increase: 0.0 MiB)
Memory usage before reset: 2722.04296875 MiB (Increase: 0.0 MiB)
Memory usage after reset: 2722.04296875 MiB (Increase: 0.0 MiB)
Training episode 224
Memory usage at middle: 2722.04296875 MiB (Increase: 0.0 MiB)
Memory usage before collect: 2722.04296875 MiB (Increase: 0.0 MiB)
Memory usage after collect: 2722.04296875 MiB (Increase: 0.0 MiB)
Memory usage before initialization: 2722.04296875 MiB (Increase: 0.0 MiB)
Memory usage after initialization: 2722.04296875 MiB (Increase: 0.0 MiB)
Current lengths of episodes: [1600]
Memory usage at done (index 0, length 1600, since_prev 1600): 2722.04296875 MiB (Increase: 0.0 MiB)
Memory usage before reset: 2722.04296875 MiB (Increase: 0.0 MiB)
Memory usage after reset: 2722.04296875 MiB (Increase: 0.0 MiB)
Current lengths of episodes: [1279]
Memory usage at done (index 0, length 1279, since_prev 1279): 2722.04296875 MiB (Increase: 0.0 MiB)
Memory usage before reset: 2722.04296875 MiB (Increase: 0.0 MiB)
Memory usage after reset: 2722.04296875 MiB (Increase: 0.0 MiB)
Training episode 226
Memory usage at middle: 2722.04296875 MiB (Increase: 0.0 MiB)
Memory usage before collect: 2722.04296875 MiB (Increase: 0.0 MiB)
Memory usage after collect: 2722.04296875 MiB (Increase: 0.0 MiB)
Memory usage before initialization: 2722.04296875 MiB (Increase: 0.0 MiB)
Memory usage after initialization: 2722.04296875 MiB (Increase: 0.0 MiB)
Current lengths of episodes: [247]
Memory usage at done (index 0, length 247, since_prev 247): 2722.04296875 MiB (Increase: 0.0 MiB)
Memory usage before reset: 2722.04296875 MiB (Increase: 0.0 MiB)
Memory usage after reset: 2722.04296875 MiB (Increase: 0.0 MiB)
Current lengths of episodes: [1600]
Memory usage at done (index 0, length 1600, since_prev 1600): 2722.04296875 MiB (Increase: 0.0 MiB)
Memory usage before reset: 2722.04296875 MiB (Increase: 0.0 MiB)
Memory usage after reset: 2722.04296875 MiB (Increase: 0.0 MiB)
Training episode 228
Memory usage at middle: 2722.04296875 MiB (Increase: 0.0 MiB)
Memory usage before collect: 2722.04296875 MiB (Increase: 0.0 MiB)
Memory usage after collect: 2722.04296875 MiB (Increase: 0.0 MiB)
Memory usage before initialization: 2722.04296875 MiB (Increase: 0.0 MiB)
Memory usage after initialization: 2722.04296875 MiB (Increase: 0.0 MiB)
Current lengths of episodes: [1600]
Memory usage at done (index 0, length 1600, since_prev 1600): 2722.04296875 MiB (Increase: 0.0 MiB)
Memory usage before reset: 2722.04296875 MiB (Increase: 0.0 MiB)
Memory usage after reset: 2722.04296875 MiB (Increase: 0.0 MiB)
Current lengths of episodes: [1600]
Memory usage at done (index 0, length 1600, since_prev 1600): 2722.04296875 MiB (Increase: 0.0 MiB)
Memory usage before reset: 2722.04296875 MiB (Increase: 0.0 MiB)
Memory usage after reset: 2722.04296875 MiB (Increase: 0.0 MiB)
Training episode 230
Memory usage at middle: 2722.04296875 MiB (Increase: 0.0 MiB)
Memory usage before collect: 2722.04296875 MiB (Increase: 0.0 MiB)
Memory usage after collect: 2722.04296875 MiB (Increase: 0.0 MiB)
Memory usage before initialization: 2722.04296875 MiB (Increase: 0.0 MiB)
Memory usage after initialization: 2722.04296875 MiB (Increase: 0.0 MiB)
Current lengths of episodes: [1600]
Memory usage at done (index 0, length 1600, since_prev 1600): 2722.04296875 MiB (Increase: 0.0 MiB)
Memory usage before reset: 2722.04296875 MiB (Increase: 0.0 MiB)
Memory usage after reset: 2722.04296875 MiB (Increase: 0.0 MiB)
Current lengths of episodes: [1600]
Memory usage at done (index 0, length 1600, since_prev 1600): 2722.04296875 MiB (Increase: 0.0 MiB)
Memory usage before reset: 2722.04296875 MiB (Increase: 0.0 MiB)
Memory usage after reset: 2722.04296875 MiB (Increase: 0.0 MiB)
Training episode 232
Memory usage at middle: 2722.04296875 MiB (Increase: 0.0 MiB)
Memory usage before collect: 2722.04296875 MiB (Increase: 0.0 MiB)
Memory usage after collect: 2722.04296875 MiB (Increase: 0.0 MiB)
Memory usage before initialization: 2722.04296875 MiB (Increase: 0.0 MiB)
Memory usage after initialization: 2722.04296875 MiB (Increase: 0.0 MiB)
Current lengths of episodes: [121]
Memory usage at done (index 0, length 121, since_prev 121): 2722.04296875 MiB (Increase: 0.0 MiB)
Memory usage before reset: 2722.04296875 MiB (Increase: 0.0 MiB)
Memory usage after reset: 2722.04296875 MiB (Increase: 0.0 MiB)
Current lengths of episodes: [57]
Memory usage at done (index 0, length 57, since_prev 57): 2722.04296875 MiB (Increase: 0.0 MiB)
Memory usage before reset: 2722.04296875 MiB (Increase: 0.0 MiB)
Memory usage after reset: 2722.04296875 MiB (Increase: 0.0 MiB)
Training episode 234
Memory usage at middle: 2722.04296875 MiB (Increase: 0.0 MiB)
Memory usage before collect: 2722.04296875 MiB (Increase: 0.0 MiB)
Memory usage after collect: 2722.04296875 MiB (Increase: 0.0 MiB)
Memory usage before initialization: 2722.04296875 MiB (Increase: 0.0 MiB)
Memory usage after initialization: 2722.04296875 MiB (Increase: 0.0 MiB)
Current lengths of episodes: [1600]
Memory usage at done (index 0, length 1600, since_prev 1600): 2722.04296875 MiB (Increase: 0.0 MiB)
Memory usage before reset: 2722.04296875 MiB (Increase: 0.0 MiB)
Memory usage after reset: 2722.04296875 MiB (Increase: 0.0 MiB)
Current lengths of episodes: [100]
Memory usage at done (index 0, length 100, since_prev 100): 2722.04296875 MiB (Increase: 0.0 MiB)
Memory usage before reset: 2722.04296875 MiB (Increase: 0.0 MiB)
Memory usage after reset: 2722.04296875 MiB (Increase: 0.0 MiB)
Training episode 236
Memory usage at middle: 2722.04296875 MiB (Increase: 0.0 MiB)
Memory usage before collect: 2722.04296875 MiB (Increase: 0.0 MiB)
Memory usage after collect: 2722.04296875 MiB (Increase: 0.0 MiB)
Memory usage before initialization: 2722.04296875 MiB (Increase: 0.0 MiB)
Memory usage after initialization: 2722.04296875 MiB (Increase: 0.0 MiB)
Current lengths of episodes: [1600]
Memory usage at done (index 0, length 1600, since_prev 1600): 2722.04296875 MiB (Increase: 0.0 MiB)
Memory usage before reset: 2722.04296875 MiB (Increase: 0.0 MiB)
Memory usage after reset: 2722.04296875 MiB (Increase: 0.0 MiB)
Current lengths of episodes: [110]
Memory usage at done (index 0, length 110, since_prev 110): 2722.04296875 MiB (Increase: 0.0 MiB)
Memory usage before reset: 2722.04296875 MiB (Increase: 0.0 MiB)
Memory usage after reset: 2722.04296875 MiB (Increase: 0.0 MiB)
Training episode 238
Memory usage at middle: 2722.04296875 MiB (Increase: 0.0 MiB)
Memory usage before collect: 2722.04296875 MiB (Increase: 0.0 MiB)
Memory usage after collect: 2722.04296875 MiB (Increase: 0.0 MiB)
Memory usage before initialization: 2722.04296875 MiB (Increase: 0.0 MiB)
Memory usage after initialization: 2722.04296875 MiB (Increase: 0.0 MiB)
Current lengths of episodes: [68]
Memory usage at done (index 0, length 68, since_prev 68): 2722.04296875 MiB (Increase: 0.0 MiB)
Memory usage before reset: 2722.04296875 MiB (Increase: 0.0 MiB)
Memory usage after reset: 2722.04296875 MiB (Increase: 0.0 MiB)
Current lengths of episodes: [1600]
Memory usage at done (index 0, length 1600, since_prev 1600): 2722.04296875 MiB (Increase: 0.0 MiB)
Memory usage before reset: 2722.04296875 MiB (Increase: 0.0 MiB)
Memory usage after reset: 2722.04296875 MiB (Increase: 0.0 MiB)
Training episode 240
Memory usage at middle: 2722.04296875 MiB (Increase: 0.0 MiB)
Memory usage before collect: 2722.04296875 MiB (Increase: 0.0 MiB)
Memory usage after collect: 2722.04296875 MiB (Increase: 0.0 MiB)
Memory usage before initialization: 2722.04296875 MiB (Increase: 0.0 MiB)
Memory usage after initialization: 2722.04296875 MiB (Increase: 0.0 MiB)
Current lengths of episodes: [1600]
Memory usage at done (index 0, length 1600, since_prev 1600): 2722.04296875 MiB (Increase: 0.0 MiB)
Memory usage before reset: 2722.04296875 MiB (Increase: 0.0 MiB)
Memory usage after reset: 2722.04296875 MiB (Increase: 0.0 MiB)
Current lengths of episodes: [1600]
Memory usage at done (index 0, length 1600, since_prev 1600): 2722.04296875 MiB (Increase: 0.0 MiB)
Memory usage before reset: 2722.04296875 MiB (Increase: 0.0 MiB)
Memory usage after reset: 2722.04296875 MiB (Increase: 0.0 MiB)
Training episode 242
Memory usage at middle: 2722.04296875 MiB (Increase: 0.0 MiB)
Memory usage before collect: 2722.04296875 MiB (Increase: 0.0 MiB)
Memory usage after collect: 2722.04296875 MiB (Increase: 0.0 MiB)
Memory usage before initialization: 2722.04296875 MiB (Increase: 0.0 MiB)
Memory usage after initialization: 2722.04296875 MiB (Increase: 0.0 MiB)
Current lengths of episodes: [119]
Memory usage at done (index 0, length 119, since_prev 119): 2722.04296875 MiB (Increase: 0.0 MiB)
Memory usage before reset: 2722.04296875 MiB (Increase: 0.0 MiB)
Memory usage after reset: 2722.04296875 MiB (Increase: 0.0 MiB)
Current lengths of episodes: [1600]
Memory usage at done (index 0, length 1600, since_prev 1600): 2722.04296875 MiB (Increase: 0.0 MiB)
Memory usage before reset: 2722.04296875 MiB (Increase: 0.0 MiB)
Memory usage after reset: 2722.04296875 MiB (Increase: 0.0 MiB)
Training episode 244
Memory usage at middle: 2722.04296875 MiB (Increase: 0.0 MiB)
Memory usage before collect: 2722.04296875 MiB (Increase: 0.0 MiB)
Memory usage after collect: 2722.04296875 MiB (Increase: 0.0 MiB)
Memory usage before initialization: 2722.04296875 MiB (Increase: 0.0 MiB)
Memory usage after initialization: 2722.04296875 MiB (Increase: 0.0 MiB)
Current lengths of episodes: [1600]
Memory usage at done (index 0, length 1600, since_prev 1600): 2722.04296875 MiB (Increase: 0.0 MiB)
Memory usage before reset: 2722.04296875 MiB (Increase: 0.0 MiB)
Memory usage after reset: 2722.04296875 MiB (Increase: 0.0 MiB)
Current lengths of episodes: [72]
Memory usage at done (index 0, length 72, since_prev 72): 2722.04296875 MiB (Increase: 0.0 MiB)
Memory usage before reset: 2722.04296875 MiB (Increase: 0.0 MiB)
Memory usage after reset: 2722.04296875 MiB (Increase: 0.0 MiB)
Training episode 246
Memory usage at middle: 2722.04296875 MiB (Increase: 0.0 MiB)
Memory usage before collect: 2722.04296875 MiB (Increase: 0.0 MiB)
Memory usage after collect: 2722.04296875 MiB (Increase: 0.0 MiB)
Memory usage before initialization: 2722.04296875 MiB (Increase: 0.0 MiB)
Memory usage after initialization: 2722.04296875 MiB (Increase: 0.0 MiB)
Current lengths of episodes: [60]
Memory usage at done (index 0, length 60, since_prev 60): 2722.04296875 MiB (Increase: 0.0 MiB)
Memory usage before reset: 2722.04296875 MiB (Increase: 0.0 MiB)
Memory usage after reset: 2722.04296875 MiB (Increase: 0.0 MiB)
Current lengths of episodes: [68]
Memory usage at done (index 0, length 68, since_prev 68): 2722.04296875 MiB (Increase: 0.0 MiB)
Memory usage before reset: 2722.04296875 MiB (Increase: 0.0 MiB)
Memory usage after reset: 2722.04296875 MiB (Increase: 0.0 MiB)
Training episode 248
Memory usage at middle: 2722.04296875 MiB (Increase: 0.0 MiB)
Memory usage before collect: 2722.04296875 MiB (Increase: 0.0 MiB)
Memory usage after collect: 2722.04296875 MiB (Increase: 0.0 MiB)
Memory usage before initialization: 2722.04296875 MiB (Increase: 0.0 MiB)
Memory usage after initialization: 2722.04296875 MiB (Increase: 0.0 MiB)
Current lengths of episodes: [134]
Memory usage at done (index 0, length 134, since_prev 134): 2722.04296875 MiB (Increase: 0.0 MiB)
Memory usage before reset: 2722.04296875 MiB (Increase: 0.0 MiB)
Memory usage after reset: 2722.04296875 MiB (Increase: 0.0 MiB)
Current lengths of episodes: [101]
Memory usage at done (index 0, length 101, since_prev 101): 2722.04296875 MiB (Increase: 0.0 MiB)
Memory usage before reset: 2722.04296875 MiB (Increase: 0.0 MiB)
Memory usage after reset: 2722.04296875 MiB (Increase: 0.0 MiB)
Training episode 250
Memory usage at middle: 2722.04296875 MiB (Increase: 0.0 MiB)
Memory usage before collect: 2722.04296875 MiB (Increase: 0.0 MiB)
Memory usage after collect: 2722.04296875 MiB (Increase: 0.0 MiB)
Episode 250	Average evaluation: -75.01633560246441
Memory usage before initialization: 2722.04296875 MiB (Increase: 0.0 MiB)
Memory usage after initialization: 2722.04296875 MiB (Increase: 0.0 MiB)
Current lengths of episodes: [1600]
Memory usage at done (index 0, length 1600, since_prev 1600): 2722.04296875 MiB (Increase: 0.0 MiB)
Memory usage before reset: 2722.04296875 MiB (Increase: 0.0 MiB)
Memory usage after reset: 2722.04296875 MiB (Increase: 0.0 MiB)
Current lengths of episodes: [139]
Memory usage at done (index 0, length 139, since_prev 139): 2722.04296875 MiB (Increase: 0.0 MiB)
Memory usage before reset: 2722.04296875 MiB (Increase: 0.0 MiB)
Memory usage after reset: 2722.04296875 MiB (Increase: 0.0 MiB)
Training episode 252
Memory usage at middle: 2722.04296875 MiB (Increase: 0.0 MiB)
Memory usage before collect: 2722.04296875 MiB (Increase: 0.0 MiB)
Memory usage after collect: 2722.04296875 MiB (Increase: 0.0 MiB)
Memory usage before initialization: 2722.04296875 MiB (Increase: 0.0 MiB)
Memory usage after initialization: 2722.04296875 MiB (Increase: 0.0 MiB)
Current lengths of episodes: [45]
Memory usage at done (index 0, length 45, since_prev 45): 2722.04296875 MiB (Increase: 0.0 MiB)
Memory usage before reset: 2722.04296875 MiB (Increase: 0.0 MiB)
Memory usage after reset: 2722.04296875 MiB (Increase: 0.0 MiB)
Current lengths of episodes: [1600]
Memory usage at done (index 0, length 1600, since_prev 1600): 2722.04296875 MiB (Increase: 0.0 MiB)
Memory usage before reset: 2722.04296875 MiB (Increase: 0.0 MiB)
Memory usage after reset: 2722.04296875 MiB (Increase: 0.0 MiB)
Training episode 254
Memory usage at middle: 2722.04296875 MiB (Increase: 0.0 MiB)
Memory usage before collect: 2722.04296875 MiB (Increase: 0.0 MiB)
Memory usage after collect: 2722.04296875 MiB (Increase: 0.0 MiB)
Memory usage before initialization: 2722.04296875 MiB (Increase: 0.0 MiB)
Memory usage after initialization: 2722.04296875 MiB (Increase: 0.0 MiB)
Current lengths of episodes: [812]
Memory usage at done (index 0, length 812, since_prev 812): 2722.04296875 MiB (Increase: 0.0 MiB)
Memory usage before reset: 2722.04296875 MiB (Increase: 0.0 MiB)
Memory usage after reset: 2722.04296875 MiB (Increase: 0.0 MiB)
Current lengths of episodes: [48]
Memory usage at done (index 0, length 48, since_prev 48): 2722.04296875 MiB (Increase: 0.0 MiB)
Memory usage before reset: 2722.04296875 MiB (Increase: 0.0 MiB)
Memory usage after reset: 2722.04296875 MiB (Increase: 0.0 MiB)
Training episode 256
Memory usage at middle: 2722.04296875 MiB (Increase: 0.0 MiB)
Memory usage before collect: 2722.04296875 MiB (Increase: 0.0 MiB)
Memory usage after collect: 2722.04296875 MiB (Increase: 0.0 MiB)
Memory usage before initialization: 2722.04296875 MiB (Increase: 0.0 MiB)
Memory usage after initialization: 2722.04296875 MiB (Increase: 0.0 MiB)
Current lengths of episodes: [1600]
Memory usage at done (index 0, length 1600, since_prev 1600): 2722.04296875 MiB (Increase: 0.0 MiB)
Memory usage before reset: 2722.04296875 MiB (Increase: 0.0 MiB)
Memory usage after reset: 2722.04296875 MiB (Increase: 0.0 MiB)
Current lengths of episodes: [104]
Memory usage at done (index 0, length 104, since_prev 104): 2722.04296875 MiB (Increase: 0.0 MiB)
Memory usage before reset: 2722.04296875 MiB (Increase: 0.0 MiB)
Memory usage after reset: 2722.04296875 MiB (Increase: 0.0 MiB)
Training episode 258
Memory usage at middle: 2722.04296875 MiB (Increase: 0.0 MiB)
Memory usage before collect: 2722.04296875 MiB (Increase: 0.0 MiB)
Memory usage after collect: 2722.04296875 MiB (Increase: 0.0 MiB)
Memory usage before initialization: 2722.04296875 MiB (Increase: 0.0 MiB)
Memory usage after initialization: 2722.04296875 MiB (Increase: 0.0 MiB)
Current lengths of episodes: [103]
Memory usage at done (index 0, length 103, since_prev 103): 2722.04296875 MiB (Increase: 0.0 MiB)
Memory usage before reset: 2722.04296875 MiB (Increase: 0.0 MiB)
Memory usage after reset: 2722.04296875 MiB (Increase: 0.0 MiB)
Current lengths of episodes: [61]
Memory usage at done (index 0, length 61, since_prev 61): 2722.04296875 MiB (Increase: 0.0 MiB)
Memory usage before reset: 2722.04296875 MiB (Increase: 0.0 MiB)
Memory usage after reset: 2722.04296875 MiB (Increase: 0.0 MiB)
Training episode 260
Memory usage at middle: 2722.04296875 MiB (Increase: 0.0 MiB)
Memory usage before collect: 2722.04296875 MiB (Increase: 0.0 MiB)
Memory usage after collect: 2722.04296875 MiB (Increase: 0.0 MiB)
Memory usage before initialization: 2722.04296875 MiB (Increase: 0.0 MiB)
Memory usage after initialization: 2722.04296875 MiB (Increase: 0.0 MiB)
Current lengths of episodes: [61]
Memory usage at done (index 0, length 61, since_prev 61): 2722.04296875 MiB (Increase: 0.0 MiB)
Memory usage before reset: 2722.04296875 MiB (Increase: 0.0 MiB)
Memory usage after reset: 2722.04296875 MiB (Increase: 0.0 MiB)
Current lengths of episodes: [1600]
Memory usage at done (index 0, length 1600, since_prev 1600): 2722.04296875 MiB (Increase: 0.0 MiB)
Memory usage before reset: 2722.04296875 MiB (Increase: 0.0 MiB)
Memory usage after reset: 2722.04296875 MiB (Increase: 0.0 MiB)
Training episode 262
Memory usage at middle: 2722.04296875 MiB (Increase: 0.0 MiB)
Memory usage before collect: 2722.04296875 MiB (Increase: 0.0 MiB)
Memory usage after collect: 2722.04296875 MiB (Increase: 0.0 MiB)
Memory usage before initialization: 2722.04296875 MiB (Increase: 0.0 MiB)
Memory usage after initialization: 2722.04296875 MiB (Increase: 0.0 MiB)
Current lengths of episodes: [1600]
Memory usage at done (index 0, length 1600, since_prev 1600): 2722.04296875 MiB (Increase: 0.0 MiB)
Memory usage before reset: 2722.04296875 MiB (Increase: 0.0 MiB)
Memory usage after reset: 2722.04296875 MiB (Increase: 0.0 MiB)
Current lengths of episodes: [1600]
Memory usage at done (index 0, length 1600, since_prev 1600): 2722.04296875 MiB (Increase: 0.0 MiB)
Memory usage before reset: 2722.04296875 MiB (Increase: 0.0 MiB)
Memory usage after reset: 2722.04296875 MiB (Increase: 0.0 MiB)
Training episode 264
Memory usage at middle: 2722.04296875 MiB (Increase: 0.0 MiB)
Memory usage before collect: 2722.04296875 MiB (Increase: 0.0 MiB)
Memory usage after collect: 2722.04296875 MiB (Increase: 0.0 MiB)
Memory usage before initialization: 2722.04296875 MiB (Increase: 0.0 MiB)
Memory usage after initialization: 2722.04296875 MiB (Increase: 0.0 MiB)
Current lengths of episodes: [1600]
Memory usage at done (index 0, length 1600, since_prev 1600): 2722.04296875 MiB (Increase: 0.0 MiB)
Memory usage before reset: 2722.04296875 MiB (Increase: 0.0 MiB)
Memory usage after reset: 2722.04296875 MiB (Increase: 0.0 MiB)
Current lengths of episodes: [70]
Memory usage at done (index 0, length 70, since_prev 70): 2722.04296875 MiB (Increase: 0.0 MiB)
Memory usage before reset: 2722.04296875 MiB (Increase: 0.0 MiB)
Memory usage after reset: 2722.04296875 MiB (Increase: 0.0 MiB)
Training episode 266
Memory usage at middle: 2722.04296875 MiB (Increase: 0.0 MiB)
Memory usage before collect: 2722.04296875 MiB (Increase: 0.0 MiB)
Memory usage after collect: 2722.04296875 MiB (Increase: 0.0 MiB)
Memory usage before initialization: 2722.04296875 MiB (Increase: 0.0 MiB)
Memory usage after initialization: 2722.04296875 MiB (Increase: 0.0 MiB)
Current lengths of episodes: [67]
Memory usage at done (index 0, length 67, since_prev 67): 2722.04296875 MiB (Increase: 0.0 MiB)
Memory usage before reset: 2722.04296875 MiB (Increase: 0.0 MiB)
Memory usage after reset: 2722.04296875 MiB (Increase: 0.0 MiB)
Current lengths of episodes: [56]
Memory usage at done (index 0, length 56, since_prev 56): 2722.04296875 MiB (Increase: 0.0 MiB)
Memory usage before reset: 2722.04296875 MiB (Increase: 0.0 MiB)
Memory usage after reset: 2722.04296875 MiB (Increase: 0.0 MiB)
Training episode 268
Memory usage at middle: 2722.04296875 MiB (Increase: 0.0 MiB)
Memory usage before collect: 2722.04296875 MiB (Increase: 0.0 MiB)
Memory usage after collect: 2722.04296875 MiB (Increase: 0.0 MiB)
Memory usage before initialization: 2722.04296875 MiB (Increase: 0.0 MiB)
Memory usage after initialization: 2722.04296875 MiB (Increase: 0.0 MiB)
Current lengths of episodes: [74]
Memory usage at done (index 0, length 74, since_prev 74): 2722.04296875 MiB (Increase: 0.0 MiB)
Memory usage before reset: 2722.04296875 MiB (Increase: 0.0 MiB)
Memory usage after reset: 2722.04296875 MiB (Increase: 0.0 MiB)
Current lengths of episodes: [1600]
Memory usage at done (index 0, length 1600, since_prev 1600): 2722.04296875 MiB (Increase: 0.0 MiB)
Memory usage before reset: 2722.04296875 MiB (Increase: 0.0 MiB)
Memory usage after reset: 2722.04296875 MiB (Increase: 0.0 MiB)
Training episode 270
Memory usage at middle: 2722.04296875 MiB (Increase: 0.0 MiB)
Memory usage before collect: 2722.04296875 MiB (Increase: 0.0 MiB)
Memory usage after collect: 2722.04296875 MiB (Increase: 0.0 MiB)
Memory usage before initialization: 2722.04296875 MiB (Increase: 0.0 MiB)
Memory usage after initialization: 2722.04296875 MiB (Increase: 0.0 MiB)
Current lengths of episodes: [1600]
Memory usage at done (index 0, length 1600, since_prev 1600): 2722.04296875 MiB (Increase: 0.0 MiB)
Memory usage before reset: 2722.04296875 MiB (Increase: 0.0 MiB)
Memory usage after reset: 2722.04296875 MiB (Increase: 0.0 MiB)
Current lengths of episodes: [1600]
Memory usage at done (index 0, length 1600, since_prev 1600): 2722.04296875 MiB (Increase: 0.0 MiB)
Memory usage before reset: 2722.04296875 MiB (Increase: 0.0 MiB)
Memory usage after reset: 2722.04296875 MiB (Increase: 0.0 MiB)
Training episode 272
Memory usage at middle: 2722.04296875 MiB (Increase: 0.0 MiB)
Memory usage before collect: 2722.04296875 MiB (Increase: 0.0 MiB)
Memory usage after collect: 2722.04296875 MiB (Increase: 0.0 MiB)
Memory usage before initialization: 2722.04296875 MiB (Increase: 0.0 MiB)
Memory usage after initialization: 2722.04296875 MiB (Increase: 0.0 MiB)
Current lengths of episodes: [279]
Memory usage at done (index 0, length 279, since_prev 279): 2722.04296875 MiB (Increase: 0.0 MiB)
Memory usage before reset: 2722.04296875 MiB (Increase: 0.0 MiB)
Memory usage after reset: 2722.04296875 MiB (Increase: 0.0 MiB)
Current lengths of episodes: [67]
Memory usage at done (index 0, length 67, since_prev 67): 2722.04296875 MiB (Increase: 0.0 MiB)
Memory usage before reset: 2722.04296875 MiB (Increase: 0.0 MiB)
Memory usage after reset: 2722.04296875 MiB (Increase: 0.0 MiB)
Training episode 274
Memory usage at middle: 2722.04296875 MiB (Increase: 0.0 MiB)
Memory usage before collect: 2722.04296875 MiB (Increase: 0.0 MiB)
Memory usage after collect: 2722.04296875 MiB (Increase: 0.0 MiB)
Memory usage before initialization: 2722.04296875 MiB (Increase: 0.0 MiB)
Memory usage after initialization: 2722.04296875 MiB (Increase: 0.0 MiB)
Current lengths of episodes: [55]
Memory usage at done (index 0, length 55, since_prev 55): 2722.04296875 MiB (Increase: 0.0 MiB)
Memory usage before reset: 2722.04296875 MiB (Increase: 0.0 MiB)
Memory usage after reset: 2722.04296875 MiB (Increase: 0.0 MiB)
Current lengths of episodes: [102]
Memory usage at done (index 0, length 102, since_prev 102): 2722.04296875 MiB (Increase: 0.0 MiB)
Memory usage before reset: 2722.04296875 MiB (Increase: 0.0 MiB)
Memory usage after reset: 2722.04296875 MiB (Increase: 0.0 MiB)
Training episode 276
Memory usage at middle: 2722.04296875 MiB (Increase: 0.0 MiB)
Memory usage before collect: 2722.04296875 MiB (Increase: 0.0 MiB)
Memory usage after collect: 2722.04296875 MiB (Increase: 0.0 MiB)
Memory usage before initialization: 2722.04296875 MiB (Increase: 0.0 MiB)
Memory usage after initialization: 2722.04296875 MiB (Increase: 0.0 MiB)
Current lengths of episodes: [79]
Memory usage at done (index 0, length 79, since_prev 79): 2722.04296875 MiB (Increase: 0.0 MiB)
Memory usage before reset: 2722.04296875 MiB (Increase: 0.0 MiB)
Memory usage after reset: 2722.04296875 MiB (Increase: 0.0 MiB)
Current lengths of episodes: [61]
Memory usage at done (index 0, length 61, since_prev 61): 2722.04296875 MiB (Increase: 0.0 MiB)
Memory usage before reset: 2722.04296875 MiB (Increase: 0.0 MiB)
Memory usage after reset: 2722.04296875 MiB (Increase: 0.0 MiB)
Training episode 278
Memory usage at middle: 2722.04296875 MiB (Increase: 0.0 MiB)
Memory usage before collect: 2722.04296875 MiB (Increase: 0.0 MiB)
Memory usage after collect: 2722.04296875 MiB (Increase: 0.0 MiB)
Memory usage before initialization: 2722.04296875 MiB (Increase: 0.0 MiB)
Memory usage after initialization: 2722.04296875 MiB (Increase: 0.0 MiB)
Current lengths of episodes: [1600]
Memory usage at done (index 0, length 1600, since_prev 1600): 2722.04296875 MiB (Increase: 0.0 MiB)
Memory usage before reset: 2722.04296875 MiB (Increase: 0.0 MiB)
Memory usage after reset: 2722.04296875 MiB (Increase: 0.0 MiB)
Current lengths of episodes: [1600]
Memory usage at done (index 0, length 1600, since_prev 1600): 2722.04296875 MiB (Increase: 0.0 MiB)
Memory usage before reset: 2722.04296875 MiB (Increase: 0.0 MiB)
Memory usage after reset: 2722.04296875 MiB (Increase: 0.0 MiB)
Training episode 280
Memory usage at middle: 2722.04296875 MiB (Increase: 0.0 MiB)
Memory usage before collect: 2722.04296875 MiB (Increase: 0.0 MiB)
Memory usage after collect: 2722.04296875 MiB (Increase: 0.0 MiB)
Memory usage before initialization: 2722.04296875 MiB (Increase: 0.0 MiB)
Memory usage after initialization: 2722.04296875 MiB (Increase: 0.0 MiB)
Current lengths of episodes: [112]
Memory usage at done (index 0, length 112, since_prev 112): 2722.04296875 MiB (Increase: 0.0 MiB)
Memory usage before reset: 2722.04296875 MiB (Increase: 0.0 MiB)
Memory usage after reset: 2722.04296875 MiB (Increase: 0.0 MiB)
Current lengths of episodes: [76]
Memory usage at done (index 0, length 76, since_prev 76): 2722.04296875 MiB (Increase: 0.0 MiB)
Memory usage before reset: 2722.04296875 MiB (Increase: 0.0 MiB)
Memory usage after reset: 2722.04296875 MiB (Increase: 0.0 MiB)
Training episode 282
Memory usage at middle: 2722.04296875 MiB (Increase: 0.0 MiB)
Memory usage before collect: 2722.04296875 MiB (Increase: 0.0 MiB)
Memory usage after collect: 2722.04296875 MiB (Increase: 0.0 MiB)
Memory usage before initialization: 2722.04296875 MiB (Increase: 0.0 MiB)
Memory usage after initialization: 2722.04296875 MiB (Increase: 0.0 MiB)
Current lengths of episodes: [1600]
Memory usage at done (index 0, length 1600, since_prev 1600): 2722.04296875 MiB (Increase: 0.0 MiB)
Memory usage before reset: 2722.04296875 MiB (Increase: 0.0 MiB)
Memory usage after reset: 2722.04296875 MiB (Increase: 0.0 MiB)
Current lengths of episodes: [1600]
Memory usage at done (index 0, length 1600, since_prev 1600): 2722.04296875 MiB (Increase: 0.0 MiB)
Memory usage before reset: 2722.04296875 MiB (Increase: 0.0 MiB)
Memory usage after reset: 2722.04296875 MiB (Increase: 0.0 MiB)
Training episode 284
Memory usage at middle: 2722.04296875 MiB (Increase: 0.0 MiB)
Memory usage before collect: 2722.04296875 MiB (Increase: 0.0 MiB)
Memory usage after collect: 2722.04296875 MiB (Increase: 0.0 MiB)
Memory usage before initialization: 2722.04296875 MiB (Increase: 0.0 MiB)
Memory usage after initialization: 2722.04296875 MiB (Increase: 0.0 MiB)
Current lengths of episodes: [1600]
Memory usage at done (index 0, length 1600, since_prev 1600): 2722.04296875 MiB (Increase: 0.0 MiB)
Memory usage before reset: 2722.04296875 MiB (Increase: 0.0 MiB)
Memory usage after reset: 2722.04296875 MiB (Increase: 0.0 MiB)
Current lengths of episodes: [1600]
Memory usage at done (index 0, length 1600, since_prev 1600): 2722.04296875 MiB (Increase: 0.0 MiB)
Memory usage before reset: 2722.04296875 MiB (Increase: 0.0 MiB)
Memory usage after reset: 2722.04296875 MiB (Increase: 0.0 MiB)
Training episode 286
Memory usage at middle: 2722.04296875 MiB (Increase: 0.0 MiB)
Memory usage before collect: 2722.04296875 MiB (Increase: 0.0 MiB)
Memory usage after collect: 2722.04296875 MiB (Increase: 0.0 MiB)
Memory usage before initialization: 2722.04296875 MiB (Increase: 0.0 MiB)
Memory usage after initialization: 2722.04296875 MiB (Increase: 0.0 MiB)
Current lengths of episodes: [62]
Memory usage at done (index 0, length 62, since_prev 62): 2722.04296875 MiB (Increase: 0.0 MiB)
Memory usage before reset: 2722.04296875 MiB (Increase: 0.0 MiB)
Memory usage after reset: 2722.04296875 MiB (Increase: 0.0 MiB)
Current lengths of episodes: [1600]
Memory usage at done (index 0, length 1600, since_prev 1600): 2722.04296875 MiB (Increase: 0.0 MiB)
Memory usage before reset: 2722.04296875 MiB (Increase: 0.0 MiB)
Memory usage after reset: 2722.04296875 MiB (Increase: 0.0 MiB)
Training episode 288
Memory usage at middle: 2722.04296875 MiB (Increase: 0.0 MiB)
Memory usage before collect: 2722.04296875 MiB (Increase: 0.0 MiB)
Memory usage after collect: 2722.04296875 MiB (Increase: 0.0 MiB)
Memory usage before initialization: 2722.04296875 MiB (Increase: 0.0 MiB)
Memory usage after initialization: 2722.04296875 MiB (Increase: 0.0 MiB)
Current lengths of episodes: [1600]
Memory usage at done (index 0, length 1600, since_prev 1600): 2722.04296875 MiB (Increase: 0.0 MiB)
Memory usage before reset: 2722.04296875 MiB (Increase: 0.0 MiB)
Memory usage after reset: 2722.04296875 MiB (Increase: 0.0 MiB)
Current lengths of episodes: [1600]
Memory usage at done (index 0, length 1600, since_prev 1600): 2722.04296875 MiB (Increase: 0.0 MiB)
Memory usage before reset: 2722.04296875 MiB (Increase: 0.0 MiB)
Memory usage after reset: 2722.04296875 MiB (Increase: 0.0 MiB)
Training episode 290
Memory usage at middle: 2722.04296875 MiB (Increase: 0.0 MiB)
Memory usage before collect: 2722.04296875 MiB (Increase: 0.0 MiB)
Memory usage after collect: 2722.04296875 MiB (Increase: 0.0 MiB)
Memory usage before initialization: 2722.04296875 MiB (Increase: 0.0 MiB)
Memory usage after initialization: 2722.04296875 MiB (Increase: 0.0 MiB)
Current lengths of episodes: [59]
Memory usage at done (index 0, length 59, since_prev 59): 2722.04296875 MiB (Increase: 0.0 MiB)
Memory usage before reset: 2722.04296875 MiB (Increase: 0.0 MiB)
Memory usage after reset: 2722.04296875 MiB (Increase: 0.0 MiB)
Current lengths of episodes: [1600]
Memory usage at done (index 0, length 1600, since_prev 1600): 2722.04296875 MiB (Increase: 0.0 MiB)
Memory usage before reset: 2722.04296875 MiB (Increase: 0.0 MiB)
Memory usage after reset: 2722.04296875 MiB (Increase: 0.0 MiB)
Training episode 292
Memory usage at middle: 2722.04296875 MiB (Increase: 0.0 MiB)
Memory usage before collect: 2722.04296875 MiB (Increase: 0.0 MiB)
Memory usage after collect: 2722.04296875 MiB (Increase: 0.0 MiB)
Memory usage before initialization: 2722.04296875 MiB (Increase: 0.0 MiB)
Memory usage after initialization: 2722.04296875 MiB (Increase: 0.0 MiB)
Current lengths of episodes: [118]
Memory usage at done (index 0, length 118, since_prev 118): 2722.04296875 MiB (Increase: 0.0 MiB)
Memory usage before reset: 2722.04296875 MiB (Increase: 0.0 MiB)
Memory usage after reset: 2722.04296875 MiB (Increase: 0.0 MiB)
Current lengths of episodes: [59]
Memory usage at done (index 0, length 59, since_prev 59): 2722.04296875 MiB (Increase: 0.0 MiB)
Memory usage before reset: 2722.04296875 MiB (Increase: 0.0 MiB)
Memory usage after reset: 2722.04296875 MiB (Increase: 0.0 MiB)
Training episode 294
Memory usage at middle: 2722.04296875 MiB (Increase: 0.0 MiB)
Memory usage before collect: 2722.04296875 MiB (Increase: 0.0 MiB)
Memory usage after collect: 2722.04296875 MiB (Increase: 0.0 MiB)
Memory usage before initialization: 2722.04296875 MiB (Increase: 0.0 MiB)
Memory usage after initialization: 2722.04296875 MiB (Increase: 0.0 MiB)
Current lengths of episodes: [1600]
Memory usage at done (index 0, length 1600, since_prev 1600): 2722.04296875 MiB (Increase: 0.0 MiB)
Memory usage before reset: 2722.04296875 MiB (Increase: 0.0 MiB)
Memory usage after reset: 2722.04296875 MiB (Increase: 0.0 MiB)
Current lengths of episodes: [53]
Memory usage at done (index 0, length 53, since_prev 53): 2722.04296875 MiB (Increase: 0.0 MiB)
Memory usage before reset: 2722.04296875 MiB (Increase: 0.0 MiB)
Memory usage after reset: 2722.04296875 MiB (Increase: 0.0 MiB)
Training episode 296
Memory usage at middle: 2722.04296875 MiB (Increase: 0.0 MiB)
Memory usage before collect: 2722.04296875 MiB (Increase: 0.0 MiB)
Memory usage after collect: 2722.04296875 MiB (Increase: 0.0 MiB)
Memory usage before initialization: 2722.04296875 MiB (Increase: 0.0 MiB)
Memory usage after initialization: 2722.04296875 MiB (Increase: 0.0 MiB)
Current lengths of episodes: [1600]
Memory usage at done (index 0, length 1600, since_prev 1600): 2722.04296875 MiB (Increase: 0.0 MiB)
Memory usage before reset: 2722.04296875 MiB (Increase: 0.0 MiB)
Memory usage after reset: 2722.04296875 MiB (Increase: 0.0 MiB)
Current lengths of episodes: [77]
Memory usage at done (index 0, length 77, since_prev 77): 2722.04296875 MiB (Increase: 0.0 MiB)
Memory usage before reset: 2722.04296875 MiB (Increase: 0.0 MiB)
Memory usage after reset: 2722.04296875 MiB (Increase: 0.0 MiB)
Training episode 298
Memory usage at middle: 2722.04296875 MiB (Increase: 0.0 MiB)
Memory usage before collect: 2722.04296875 MiB (Increase: 0.0 MiB)
Memory usage after collect: 2722.04296875 MiB (Increase: 0.0 MiB)
Memory usage before initialization: 2722.04296875 MiB (Increase: 0.0 MiB)
Memory usage after initialization: 2722.04296875 MiB (Increase: 0.0 MiB)
Current lengths of episodes: [93]
Memory usage at done (index 0, length 93, since_prev 93): 2722.04296875 MiB (Increase: 0.0 MiB)
Memory usage before reset: 2722.04296875 MiB (Increase: 0.0 MiB)
Memory usage after reset: 2722.04296875 MiB (Increase: 0.0 MiB)
Current lengths of episodes: [1600]
Memory usage at done (index 0, length 1600, since_prev 1600): 2722.04296875 MiB (Increase: 0.0 MiB)
Memory usage before reset: 2722.04296875 MiB (Increase: 0.0 MiB)
Memory usage after reset: 2722.04296875 MiB (Increase: 0.0 MiB)
Training episode 300
Memory usage at middle: 2722.04296875 MiB (Increase: 0.0 MiB)
Memory usage before collect: 2722.04296875 MiB (Increase: 0.0 MiB)
Memory usage after collect: 2722.04296875 MiB (Increase: 0.0 MiB)
Episode 300	Average evaluation: -98.33401679020736
Memory usage before initialization: 2722.04296875 MiB (Increase: 0.0 MiB)
Memory usage after initialization: 2722.04296875 MiB (Increase: 0.0 MiB)
Current lengths of episodes: [1600]
Memory usage at done (index 0, length 1600, since_prev 1600): 2722.04296875 MiB (Increase: 0.0 MiB)
Memory usage before reset: 2722.04296875 MiB (Increase: 0.0 MiB)
Memory usage after reset: 2722.04296875 MiB (Increase: 0.0 MiB)
Current lengths of episodes: [76]
Memory usage at done (index 0, length 76, since_prev 76): 2722.04296875 MiB (Increase: 0.0 MiB)
Memory usage before reset: 2722.04296875 MiB (Increase: 0.0 MiB)
Memory usage after reset: 2722.04296875 MiB (Increase: 0.0 MiB)
Training episode 302
Memory usage at middle: 2722.04296875 MiB (Increase: 0.0 MiB)
Memory usage before collect: 2722.04296875 MiB (Increase: 0.0 MiB)
Memory usage after collect: 2722.04296875 MiB (Increase: 0.0 MiB)
Memory usage before initialization: 2722.04296875 MiB (Increase: 0.0 MiB)
Memory usage after initialization: 2722.04296875 MiB (Increase: 0.0 MiB)
Current lengths of episodes: [1600]
Memory usage at done (index 0, length 1600, since_prev 1600): 2722.04296875 MiB (Increase: 0.0 MiB)
Memory usage before reset: 2722.04296875 MiB (Increase: 0.0 MiB)
Memory usage after reset: 2722.04296875 MiB (Increase: 0.0 MiB)
Current lengths of episodes: [1600]
Memory usage at done (index 0, length 1600, since_prev 1600): 2722.04296875 MiB (Increase: 0.0 MiB)
Memory usage before reset: 2722.04296875 MiB (Increase: 0.0 MiB)
Memory usage after reset: 2722.04296875 MiB (Increase: 0.0 MiB)
Training episode 304
Memory usage at middle: 2722.04296875 MiB (Increase: 0.0 MiB)
Memory usage before collect: 2722.04296875 MiB (Increase: 0.0 MiB)
Memory usage after collect: 2722.04296875 MiB (Increase: 0.0 MiB)
Memory usage before initialization: 2722.04296875 MiB (Increase: 0.0 MiB)
Memory usage after initialization: 2722.04296875 MiB (Increase: 0.0 MiB)
Current lengths of episodes: [1600]
Memory usage at done (index 0, length 1600, since_prev 1600): 2722.04296875 MiB (Increase: 0.0 MiB)
Memory usage before reset: 2722.04296875 MiB (Increase: 0.0 MiB)
Memory usage after reset: 2722.04296875 MiB (Increase: 0.0 MiB)
Current lengths of episodes: [44]
Memory usage at done (index 0, length 44, since_prev 44): 2722.04296875 MiB (Increase: 0.0 MiB)
Memory usage before reset: 2722.04296875 MiB (Increase: 0.0 MiB)
Memory usage after reset: 2722.04296875 MiB (Increase: 0.0 MiB)
Training episode 306
Memory usage at middle: 2722.04296875 MiB (Increase: 0.0 MiB)
Memory usage before collect: 2722.04296875 MiB (Increase: 0.0 MiB)
Memory usage after collect: 2722.04296875 MiB (Increase: 0.0 MiB)
Memory usage before initialization: 2722.04296875 MiB (Increase: 0.0 MiB)
Memory usage after initialization: 2722.04296875 MiB (Increase: 0.0 MiB)
Current lengths of episodes: [1600]
Memory usage at done (index 0, length 1600, since_prev 1600): 2722.04296875 MiB (Increase: 0.0 MiB)
Memory usage before reset: 2722.04296875 MiB (Increase: 0.0 MiB)
Memory usage after reset: 2722.04296875 MiB (Increase: 0.0 MiB)
Current lengths of episodes: [86]
Memory usage at done (index 0, length 86, since_prev 86): 2722.04296875 MiB (Increase: 0.0 MiB)
Memory usage before reset: 2722.04296875 MiB (Increase: 0.0 MiB)
Memory usage after reset: 2722.04296875 MiB (Increase: 0.0 MiB)
Training episode 308
Memory usage at middle: 2722.04296875 MiB (Increase: 0.0 MiB)
Memory usage before collect: 2722.04296875 MiB (Increase: 0.0 MiB)
Memory usage after collect: 2722.04296875 MiB (Increase: 0.0 MiB)
Memory usage before initialization: 2722.04296875 MiB (Increase: 0.0 MiB)
Memory usage after initialization: 2722.04296875 MiB (Increase: 0.0 MiB)
Current lengths of episodes: [47]
Memory usage at done (index 0, length 47, since_prev 47): 2722.04296875 MiB (Increase: 0.0 MiB)
Memory usage before reset: 2722.04296875 MiB (Increase: 0.0 MiB)
Memory usage after reset: 2722.04296875 MiB (Increase: 0.0 MiB)
Current lengths of episodes: [1600]
Memory usage at done (index 0, length 1600, since_prev 1600): 2722.04296875 MiB (Increase: 0.0 MiB)
Memory usage before reset: 2722.04296875 MiB (Increase: 0.0 MiB)
Memory usage after reset: 2722.04296875 MiB (Increase: 0.0 MiB)
Training episode 310
Memory usage at middle: 2722.04296875 MiB (Increase: 0.0 MiB)
Memory usage before collect: 2722.04296875 MiB (Increase: 0.0 MiB)
Memory usage after collect: 2722.04296875 MiB (Increase: 0.0 MiB)
Memory usage before initialization: 2722.04296875 MiB (Increase: 0.0 MiB)
Memory usage after initialization: 2722.04296875 MiB (Increase: 0.0 MiB)
Current lengths of episodes: [1600]
Memory usage at done (index 0, length 1600, since_prev 1600): 2722.04296875 MiB (Increase: 0.0 MiB)
Memory usage before reset: 2722.04296875 MiB (Increase: 0.0 MiB)
Memory usage after reset: 2722.04296875 MiB (Increase: 0.0 MiB)
Current lengths of episodes: [1600]
Memory usage at done (index 0, length 1600, since_prev 1600): 2722.04296875 MiB (Increase: 0.0 MiB)
Memory usage before reset: 2722.04296875 MiB (Increase: 0.0 MiB)
Memory usage after reset: 2722.04296875 MiB (Increase: 0.0 MiB)
Training episode 312
Memory usage at middle: 2722.04296875 MiB (Increase: 0.0 MiB)
Memory usage before collect: 2722.04296875 MiB (Increase: 0.0 MiB)
Memory usage after collect: 2722.04296875 MiB (Increase: 0.0 MiB)
Memory usage before initialization: 2722.04296875 MiB (Increase: 0.0 MiB)
Memory usage after initialization: 2722.04296875 MiB (Increase: 0.0 MiB)
Current lengths of episodes: [78]
Memory usage at done (index 0, length 78, since_prev 78): 2722.04296875 MiB (Increase: 0.0 MiB)
Memory usage before reset: 2722.04296875 MiB (Increase: 0.0 MiB)
Memory usage after reset: 2722.04296875 MiB (Increase: 0.0 MiB)
Current lengths of episodes: [1600]
Memory usage at done (index 0, length 1600, since_prev 1600): 2722.04296875 MiB (Increase: 0.0 MiB)
Memory usage before reset: 2722.04296875 MiB (Increase: 0.0 MiB)
Memory usage after reset: 2722.04296875 MiB (Increase: 0.0 MiB)
Training episode 314
Memory usage at middle: 2722.04296875 MiB (Increase: 0.0 MiB)
Memory usage before collect: 2722.04296875 MiB (Increase: 0.0 MiB)
Memory usage after collect: 2722.04296875 MiB (Increase: 0.0 MiB)
Memory usage before initialization: 2722.04296875 MiB (Increase: 0.0 MiB)
Memory usage after initialization: 2722.04296875 MiB (Increase: 0.0 MiB)
Current lengths of episodes: [83]
Memory usage at done (index 0, length 83, since_prev 83): 2722.04296875 MiB (Increase: 0.0 MiB)
Memory usage before reset: 2722.04296875 MiB (Increase: 0.0 MiB)
Memory usage after reset: 2722.04296875 MiB (Increase: 0.0 MiB)
Current lengths of episodes: [92]
Memory usage at done (index 0, length 92, since_prev 92): 2722.04296875 MiB (Increase: 0.0 MiB)
Memory usage before reset: 2722.04296875 MiB (Increase: 0.0 MiB)
Memory usage after reset: 2722.04296875 MiB (Increase: 0.0 MiB)
Training episode 316
Memory usage at middle: 2722.04296875 MiB (Increase: 0.0 MiB)
Memory usage before collect: 2722.04296875 MiB (Increase: 0.0 MiB)
Memory usage after collect: 2722.04296875 MiB (Increase: 0.0 MiB)
Memory usage before initialization: 2722.04296875 MiB (Increase: 0.0 MiB)
Memory usage after initialization: 2722.04296875 MiB (Increase: 0.0 MiB)
Current lengths of episodes: [77]
Memory usage at done (index 0, length 77, since_prev 77): 2722.04296875 MiB (Increase: 0.0 MiB)
Memory usage before reset: 2722.04296875 MiB (Increase: 0.0 MiB)
Memory usage after reset: 2722.04296875 MiB (Increase: 0.0 MiB)
Current lengths of episodes: [108]
Memory usage at done (index 0, length 108, since_prev 108): 2722.04296875 MiB (Increase: 0.0 MiB)
Memory usage before reset: 2722.04296875 MiB (Increase: 0.0 MiB)
Memory usage after reset: 2722.04296875 MiB (Increase: 0.0 MiB)
Training episode 318
Memory usage at middle: 2722.04296875 MiB (Increase: 0.0 MiB)
Memory usage before collect: 2722.04296875 MiB (Increase: 0.0 MiB)
Memory usage after collect: 2722.04296875 MiB (Increase: 0.0 MiB)
Memory usage before initialization: 2722.04296875 MiB (Increase: 0.0 MiB)
Memory usage after initialization: 2722.04296875 MiB (Increase: 0.0 MiB)
Current lengths of episodes: [1600]
Memory usage at done (index 0, length 1600, since_prev 1600): 2722.04296875 MiB (Increase: 0.0 MiB)
Memory usage before reset: 2722.04296875 MiB (Increase: 0.0 MiB)
Memory usage after reset: 2722.04296875 MiB (Increase: 0.0 MiB)
Current lengths of episodes: [1600]
Memory usage at done (index 0, length 1600, since_prev 1600): 2722.04296875 MiB (Increase: 0.0 MiB)
Memory usage before reset: 2722.04296875 MiB (Increase: 0.0 MiB)
Memory usage after reset: 2722.04296875 MiB (Increase: 0.0 MiB)
Training episode 320
Memory usage at middle: 2722.04296875 MiB (Increase: 0.0 MiB)
Memory usage before collect: 2722.04296875 MiB (Increase: 0.0 MiB)
Memory usage after collect: 2722.04296875 MiB (Increase: 0.0 MiB)
Memory usage before initialization: 2722.04296875 MiB (Increase: 0.0 MiB)
Memory usage after initialization: 2722.04296875 MiB (Increase: 0.0 MiB)
Current lengths of episodes: [216]
Memory usage at done (index 0, length 216, since_prev 216): 2722.04296875 MiB (Increase: 0.0 MiB)
Memory usage before reset: 2722.04296875 MiB (Increase: 0.0 MiB)
Memory usage after reset: 2722.04296875 MiB (Increase: 0.0 MiB)
Current lengths of episodes: [43]
Memory usage at done (index 0, length 43, since_prev 43): 2722.04296875 MiB (Increase: 0.0 MiB)
Memory usage before reset: 2722.04296875 MiB (Increase: 0.0 MiB)
Memory usage after reset: 2722.04296875 MiB (Increase: 0.0 MiB)
Training episode 322
Memory usage at middle: 2722.04296875 MiB (Increase: 0.0 MiB)
Memory usage before collect: 2722.04296875 MiB (Increase: 0.0 MiB)
Memory usage after collect: 2722.04296875 MiB (Increase: 0.0 MiB)
Memory usage before initialization: 2722.04296875 MiB (Increase: 0.0 MiB)
Memory usage after initialization: 2722.04296875 MiB (Increase: 0.0 MiB)
Current lengths of episodes: [47]
Memory usage at done (index 0, length 47, since_prev 47): 2722.04296875 MiB (Increase: 0.0 MiB)
Memory usage before reset: 2722.04296875 MiB (Increase: 0.0 MiB)
Memory usage after reset: 2722.04296875 MiB (Increase: 0.0 MiB)
Current lengths of episodes: [1600]
Memory usage at done (index 0, length 1600, since_prev 1600): 2722.04296875 MiB (Increase: 0.0 MiB)
Memory usage before reset: 2722.04296875 MiB (Increase: 0.0 MiB)
Memory usage after reset: 2722.04296875 MiB (Increase: 0.0 MiB)
Training episode 324
Memory usage at middle: 2722.04296875 MiB (Increase: 0.0 MiB)
Memory usage before collect: 2722.04296875 MiB (Increase: 0.0 MiB)
Memory usage after collect: 2722.04296875 MiB (Increase: 0.0 MiB)
Memory usage before initialization: 2722.04296875 MiB (Increase: 0.0 MiB)
Memory usage after initialization: 2722.04296875 MiB (Increase: 0.0 MiB)
Current lengths of episodes: [1600]
Memory usage at done (index 0, length 1600, since_prev 1600): 2722.04296875 MiB (Increase: 0.0 MiB)
Memory usage before reset: 2722.04296875 MiB (Increase: 0.0 MiB)
Memory usage after reset: 2722.04296875 MiB (Increase: 0.0 MiB)
Current lengths of episodes: [205]
Memory usage at done (index 0, length 205, since_prev 205): 2722.04296875 MiB (Increase: 0.0 MiB)
Memory usage before reset: 2722.04296875 MiB (Increase: 0.0 MiB)
Memory usage after reset: 2722.04296875 MiB (Increase: 0.0 MiB)
Training episode 326
Memory usage at middle: 2722.04296875 MiB (Increase: 0.0 MiB)
Memory usage before collect: 2722.04296875 MiB (Increase: 0.0 MiB)
Memory usage after collect: 2722.04296875 MiB (Increase: 0.0 MiB)
Memory usage before initialization: 2722.04296875 MiB (Increase: 0.0 MiB)
Memory usage after initialization: 2722.04296875 MiB (Increase: 0.0 MiB)
Current lengths of episodes: [1600]
Memory usage at done (index 0, length 1600, since_prev 1600): 2722.04296875 MiB (Increase: 0.0 MiB)
Memory usage before reset: 2722.04296875 MiB (Increase: 0.0 MiB)
Memory usage after reset: 2722.04296875 MiB (Increase: 0.0 MiB)
Current lengths of episodes: [54]
Memory usage at done (index 0, length 54, since_prev 54): 2722.04296875 MiB (Increase: 0.0 MiB)
Memory usage before reset: 2722.04296875 MiB (Increase: 0.0 MiB)
Memory usage after reset: 2722.04296875 MiB (Increase: 0.0 MiB)
Training episode 328
Memory usage at middle: 2722.04296875 MiB (Increase: 0.0 MiB)
Memory usage before collect: 2722.04296875 MiB (Increase: 0.0 MiB)
Memory usage after collect: 2722.04296875 MiB (Increase: 0.0 MiB)
Memory usage before initialization: 2722.04296875 MiB (Increase: 0.0 MiB)
Memory usage after initialization: 2722.04296875 MiB (Increase: 0.0 MiB)
Current lengths of episodes: [1600]
Memory usage at done (index 0, length 1600, since_prev 1600): 2722.04296875 MiB (Increase: 0.0 MiB)
Memory usage before reset: 2722.04296875 MiB (Increase: 0.0 MiB)
Memory usage after reset: 2722.04296875 MiB (Increase: 0.0 MiB)
Current lengths of episodes: [96]
Memory usage at done (index 0, length 96, since_prev 96): 2722.04296875 MiB (Increase: 0.0 MiB)
Memory usage before reset: 2722.04296875 MiB (Increase: 0.0 MiB)
Memory usage after reset: 2722.04296875 MiB (Increase: 0.0 MiB)
Training episode 330
Memory usage at middle: 2722.04296875 MiB (Increase: 0.0 MiB)
Memory usage before collect: 2722.04296875 MiB (Increase: 0.0 MiB)
Memory usage after collect: 2722.04296875 MiB (Increase: 0.0 MiB)
Memory usage before initialization: 2722.04296875 MiB (Increase: 0.0 MiB)
Memory usage after initialization: 2722.04296875 MiB (Increase: 0.0 MiB)
Current lengths of episodes: [157]
Memory usage at done (index 0, length 157, since_prev 157): 2722.04296875 MiB (Increase: 0.0 MiB)
Memory usage before reset: 2722.04296875 MiB (Increase: 0.0 MiB)
Memory usage after reset: 2722.04296875 MiB (Increase: 0.0 MiB)
Current lengths of episodes: [1600]
Memory usage at done (index 0, length 1600, since_prev 1600): 2722.04296875 MiB (Increase: 0.0 MiB)
Memory usage before reset: 2722.04296875 MiB (Increase: 0.0 MiB)
Memory usage after reset: 2722.04296875 MiB (Increase: 0.0 MiB)
Training episode 332
Memory usage at middle: 2722.04296875 MiB (Increase: 0.0 MiB)
Memory usage before collect: 2722.04296875 MiB (Increase: 0.0 MiB)
Memory usage after collect: 2722.04296875 MiB (Increase: 0.0 MiB)
Memory usage before initialization: 2722.04296875 MiB (Increase: 0.0 MiB)
Memory usage after initialization: 2722.04296875 MiB (Increase: 0.0 MiB)
Current lengths of episodes: [76]
Memory usage at done (index 0, length 76, since_prev 76): 2722.04296875 MiB (Increase: 0.0 MiB)
Memory usage before reset: 2722.04296875 MiB (Increase: 0.0 MiB)
Memory usage after reset: 2722.04296875 MiB (Increase: 0.0 MiB)
Current lengths of episodes: [76]
Memory usage at done (index 0, length 76, since_prev 76): 2722.04296875 MiB (Increase: 0.0 MiB)
Memory usage before reset: 2722.04296875 MiB (Increase: 0.0 MiB)
Memory usage after reset: 2722.04296875 MiB (Increase: 0.0 MiB)
Training episode 334
Memory usage at middle: 2722.04296875 MiB (Increase: 0.0 MiB)
Memory usage before collect: 2722.04296875 MiB (Increase: 0.0 MiB)
Memory usage after collect: 2722.04296875 MiB (Increase: 0.0 MiB)
Memory usage before initialization: 2722.04296875 MiB (Increase: 0.0 MiB)
Memory usage after initialization: 2722.04296875 MiB (Increase: 0.0 MiB)
Current lengths of episodes: [1600]
Memory usage at done (index 0, length 1600, since_prev 1600): 2722.04296875 MiB (Increase: 0.0 MiB)
Memory usage before reset: 2722.04296875 MiB (Increase: 0.0 MiB)
Memory usage after reset: 2722.04296875 MiB (Increase: 0.0 MiB)
Current lengths of episodes: [81]
Memory usage at done (index 0, length 81, since_prev 81): 2722.04296875 MiB (Increase: 0.0 MiB)
Memory usage before reset: 2722.04296875 MiB (Increase: 0.0 MiB)
Memory usage after reset: 2722.04296875 MiB (Increase: 0.0 MiB)
Training episode 336
Memory usage at middle: 2722.04296875 MiB (Increase: 0.0 MiB)
Memory usage before collect: 2722.04296875 MiB (Increase: 0.0 MiB)
Memory usage after collect: 2722.04296875 MiB (Increase: 0.0 MiB)
Memory usage before initialization: 2722.04296875 MiB (Increase: 0.0 MiB)
Memory usage after initialization: 2722.04296875 MiB (Increase: 0.0 MiB)
Current lengths of episodes: [98]
Memory usage at done (index 0, length 98, since_prev 98): 2722.04296875 MiB (Increase: 0.0 MiB)
Memory usage before reset: 2722.04296875 MiB (Increase: 0.0 MiB)
Memory usage after reset: 2722.04296875 MiB (Increase: 0.0 MiB)
Current lengths of episodes: [1600]
Memory usage at done (index 0, length 1600, since_prev 1600): 2722.04296875 MiB (Increase: 0.0 MiB)
Memory usage before reset: 2722.04296875 MiB (Increase: 0.0 MiB)
Memory usage after reset: 2722.04296875 MiB (Increase: 0.0 MiB)
Training episode 338
Memory usage at middle: 2722.04296875 MiB (Increase: 0.0 MiB)
Memory usage before collect: 2722.04296875 MiB (Increase: 0.0 MiB)
Memory usage after collect: 2722.04296875 MiB (Increase: 0.0 MiB)
Memory usage before initialization: 2722.04296875 MiB (Increase: 0.0 MiB)
Memory usage after initialization: 2722.04296875 MiB (Increase: 0.0 MiB)
Current lengths of episodes: [56]
Memory usage at done (index 0, length 56, since_prev 56): 2722.04296875 MiB (Increase: 0.0 MiB)
Memory usage before reset: 2722.04296875 MiB (Increase: 0.0 MiB)
Memory usage after reset: 2722.04296875 MiB (Increase: 0.0 MiB)
Current lengths of episodes: [1600]
Memory usage at done (index 0, length 1600, since_prev 1600): 2722.04296875 MiB (Increase: 0.0 MiB)
Memory usage before reset: 2722.04296875 MiB (Increase: 0.0 MiB)
Memory usage after reset: 2722.04296875 MiB (Increase: 0.0 MiB)
Training episode 340
Memory usage at middle: 2722.04296875 MiB (Increase: 0.0 MiB)
Memory usage before collect: 2722.04296875 MiB (Increase: 0.0 MiB)
Memory usage after collect: 2722.04296875 MiB (Increase: 0.0 MiB)
Memory usage before initialization: 2722.04296875 MiB (Increase: 0.0 MiB)
Memory usage after initialization: 2722.04296875 MiB (Increase: 0.0 MiB)
Current lengths of episodes: [1600]
Memory usage at done (index 0, length 1600, since_prev 1600): 2722.04296875 MiB (Increase: 0.0 MiB)
Memory usage before reset: 2722.04296875 MiB (Increase: 0.0 MiB)
Memory usage after reset: 2722.04296875 MiB (Increase: 0.0 MiB)
Current lengths of episodes: [78]
Memory usage at done (index 0, length 78, since_prev 78): 2722.04296875 MiB (Increase: 0.0 MiB)
Memory usage before reset: 2722.04296875 MiB (Increase: 0.0 MiB)
Memory usage after reset: 2722.04296875 MiB (Increase: 0.0 MiB)
Training episode 342
Memory usage at middle: 2722.04296875 MiB (Increase: 0.0 MiB)
Memory usage before collect: 2722.04296875 MiB (Increase: 0.0 MiB)
Memory usage after collect: 2722.04296875 MiB (Increase: 0.0 MiB)
Memory usage before initialization: 2722.04296875 MiB (Increase: 0.0 MiB)
Memory usage after initialization: 2722.04296875 MiB (Increase: 0.0 MiB)
Current lengths of episodes: [1600]
Memory usage at done (index 0, length 1600, since_prev 1600): 2722.04296875 MiB (Increase: 0.0 MiB)
Memory usage before reset: 2722.04296875 MiB (Increase: 0.0 MiB)
Memory usage after reset: 2722.04296875 MiB (Increase: 0.0 MiB)
Current lengths of episodes: [1600]
Memory usage at done (index 0, length 1600, since_prev 1600): 2722.04296875 MiB (Increase: 0.0 MiB)
Memory usage before reset: 2722.04296875 MiB (Increase: 0.0 MiB)
Memory usage after reset: 2722.04296875 MiB (Increase: 0.0 MiB)
Training episode 344
Memory usage at middle: 2722.04296875 MiB (Increase: 0.0 MiB)
Memory usage before collect: 2722.04296875 MiB (Increase: 0.0 MiB)
Memory usage after collect: 2722.04296875 MiB (Increase: 0.0 MiB)
Memory usage before initialization: 2722.04296875 MiB (Increase: 0.0 MiB)
Memory usage after initialization: 2722.04296875 MiB (Increase: 0.0 MiB)
Current lengths of episodes: [51]
Memory usage at done (index 0, length 51, since_prev 51): 2722.04296875 MiB (Increase: 0.0 MiB)
Memory usage before reset: 2722.04296875 MiB (Increase: 0.0 MiB)
Memory usage after reset: 2722.04296875 MiB (Increase: 0.0 MiB)
Current lengths of episodes: [1600]
Memory usage at done (index 0, length 1600, since_prev 1600): 2722.04296875 MiB (Increase: 0.0 MiB)
Memory usage before reset: 2722.04296875 MiB (Increase: 0.0 MiB)
Memory usage after reset: 2722.04296875 MiB (Increase: 0.0 MiB)
Training episode 346
Memory usage at middle: 2722.04296875 MiB (Increase: 0.0 MiB)
Memory usage before collect: 2722.04296875 MiB (Increase: 0.0 MiB)
Memory usage after collect: 2722.04296875 MiB (Increase: 0.0 MiB)
Memory usage before initialization: 2722.04296875 MiB (Increase: 0.0 MiB)
Memory usage after initialization: 2722.04296875 MiB (Increase: 0.0 MiB)
Current lengths of episodes: [62]
Memory usage at done (index 0, length 62, since_prev 62): 2722.04296875 MiB (Increase: 0.0 MiB)
Memory usage before reset: 2722.04296875 MiB (Increase: 0.0 MiB)
Memory usage after reset: 2722.04296875 MiB (Increase: 0.0 MiB)
Current lengths of episodes: [1600]
Memory usage at done (index 0, length 1600, since_prev 1600): 2722.04296875 MiB (Increase: 0.0 MiB)
Memory usage before reset: 2722.04296875 MiB (Increase: 0.0 MiB)
Memory usage after reset: 2722.04296875 MiB (Increase: 0.0 MiB)
Training episode 348
Memory usage at middle: 2722.04296875 MiB (Increase: 0.0 MiB)
Memory usage before collect: 2722.04296875 MiB (Increase: 0.0 MiB)
Memory usage after collect: 2722.04296875 MiB (Increase: 0.0 MiB)
Memory usage before initialization: 2722.04296875 MiB (Increase: 0.0 MiB)
Memory usage after initialization: 2722.04296875 MiB (Increase: 0.0 MiB)
Current lengths of episodes: [1600]
Memory usage at done (index 0, length 1600, since_prev 1600): 2722.04296875 MiB (Increase: 0.0 MiB)
Memory usage before reset: 2722.04296875 MiB (Increase: 0.0 MiB)
Memory usage after reset: 2722.04296875 MiB (Increase: 0.0 MiB)
Current lengths of episodes: [51]
Memory usage at done (index 0, length 51, since_prev 51): 2722.04296875 MiB (Increase: 0.0 MiB)
Memory usage before reset: 2722.04296875 MiB (Increase: 0.0 MiB)
Memory usage after reset: 2722.04296875 MiB (Increase: 0.0 MiB)
Training episode 350
Memory usage at middle: 2722.04296875 MiB (Increase: 0.0 MiB)
Memory usage before collect: 2722.04296875 MiB (Increase: 0.0 MiB)
Memory usage after collect: 2722.04296875 MiB (Increase: 0.0 MiB)
Episode 350	Average evaluation: -98.06260025519641
Memory usage before initialization: 2722.04296875 MiB (Increase: 0.0 MiB)
Memory usage after initialization: 2722.04296875 MiB (Increase: 0.0 MiB)
Current lengths of episodes: [58]
Memory usage at done (index 0, length 58, since_prev 58): 2722.04296875 MiB (Increase: 0.0 MiB)
Memory usage before reset: 2722.04296875 MiB (Increase: 0.0 MiB)
Memory usage after reset: 2722.04296875 MiB (Increase: 0.0 MiB)
Current lengths of episodes: [66]
Memory usage at done (index 0, length 66, since_prev 66): 2722.04296875 MiB (Increase: 0.0 MiB)
Memory usage before reset: 2722.04296875 MiB (Increase: 0.0 MiB)
Memory usage after reset: 2722.04296875 MiB (Increase: 0.0 MiB)
Training episode 352
Memory usage at middle: 2722.04296875 MiB (Increase: 0.0 MiB)
Memory usage before collect: 2722.04296875 MiB (Increase: 0.0 MiB)
Memory usage after collect: 2722.04296875 MiB (Increase: 0.0 MiB)
Memory usage before initialization: 2722.04296875 MiB (Increase: 0.0 MiB)
Memory usage after initialization: 2722.04296875 MiB (Increase: 0.0 MiB)
Current lengths of episodes: [85]
Memory usage at done (index 0, length 85, since_prev 85): 2722.04296875 MiB (Increase: 0.0 MiB)
Memory usage before reset: 2722.04296875 MiB (Increase: 0.0 MiB)
Memory usage after reset: 2722.04296875 MiB (Increase: 0.0 MiB)
Current lengths of episodes: [1600]
Memory usage at done (index 0, length 1600, since_prev 1600): 2722.04296875 MiB (Increase: 0.0 MiB)
Memory usage before reset: 2722.04296875 MiB (Increase: 0.0 MiB)
Memory usage after reset: 2722.04296875 MiB (Increase: 0.0 MiB)
Training episode 354
Memory usage at middle: 2722.04296875 MiB (Increase: 0.0 MiB)
Memory usage before collect: 2722.04296875 MiB (Increase: 0.0 MiB)
Memory usage after collect: 2722.04296875 MiB (Increase: 0.0 MiB)
Memory usage before initialization: 2722.04296875 MiB (Increase: 0.0 MiB)
Memory usage after initialization: 2722.04296875 MiB (Increase: 0.0 MiB)
Current lengths of episodes: [1600]
Memory usage at done (index 0, length 1600, since_prev 1600): 2722.04296875 MiB (Increase: 0.0 MiB)
Memory usage before reset: 2722.04296875 MiB (Increase: 0.0 MiB)
Memory usage after reset: 2722.04296875 MiB (Increase: 0.0 MiB)
Current lengths of episodes: [1600]
Memory usage at done (index 0, length 1600, since_prev 1600): 2722.04296875 MiB (Increase: 0.0 MiB)
Memory usage before reset: 2722.04296875 MiB (Increase: 0.0 MiB)
Memory usage after reset: 2722.04296875 MiB (Increase: 0.0 MiB)
Training episode 356
Memory usage at middle: 2722.04296875 MiB (Increase: 0.0 MiB)
Memory usage before collect: 2722.04296875 MiB (Increase: 0.0 MiB)
Memory usage after collect: 2722.04296875 MiB (Increase: 0.0 MiB)
Memory usage before initialization: 2722.04296875 MiB (Increase: 0.0 MiB)
Memory usage after initialization: 2722.04296875 MiB (Increase: 0.0 MiB)
Current lengths of episodes: [70]
Memory usage at done (index 0, length 70, since_prev 70): 2722.04296875 MiB (Increase: 0.0 MiB)
Memory usage before reset: 2722.04296875 MiB (Increase: 0.0 MiB)
Memory usage after reset: 2722.04296875 MiB (Increase: 0.0 MiB)
Current lengths of episodes: [1600]
Memory usage at done (index 0, length 1600, since_prev 1600): 2722.04296875 MiB (Increase: 0.0 MiB)
Memory usage before reset: 2722.04296875 MiB (Increase: 0.0 MiB)
Memory usage after reset: 2722.04296875 MiB (Increase: 0.0 MiB)
Training episode 358
Memory usage at middle: 2722.04296875 MiB (Increase: 0.0 MiB)
Memory usage before collect: 2722.04296875 MiB (Increase: 0.0 MiB)
Memory usage after collect: 2722.04296875 MiB (Increase: 0.0 MiB)
Memory usage before initialization: 2722.04296875 MiB (Increase: 0.0 MiB)
Memory usage after initialization: 2722.04296875 MiB (Increase: 0.0 MiB)
Current lengths of episodes: [1600]
Memory usage at done (index 0, length 1600, since_prev 1600): 2722.04296875 MiB (Increase: 0.0 MiB)
Memory usage before reset: 2722.04296875 MiB (Increase: 0.0 MiB)
Memory usage after reset: 2722.04296875 MiB (Increase: 0.0 MiB)
Current lengths of episodes: [1600]
Memory usage at done (index 0, length 1600, since_prev 1600): 2722.04296875 MiB (Increase: 0.0 MiB)
Memory usage before reset: 2722.04296875 MiB (Increase: 0.0 MiB)
Memory usage after reset: 2722.04296875 MiB (Increase: 0.0 MiB)
Training episode 360
Memory usage at middle: 2722.04296875 MiB (Increase: 0.0 MiB)
Memory usage before collect: 2722.04296875 MiB (Increase: 0.0 MiB)
Memory usage after collect: 2722.04296875 MiB (Increase: 0.0 MiB)
Memory usage before initialization: 2722.04296875 MiB (Increase: 0.0 MiB)
Memory usage after initialization: 2722.04296875 MiB (Increase: 0.0 MiB)
Current lengths of episodes: [46]
Memory usage at done (index 0, length 46, since_prev 46): 2722.04296875 MiB (Increase: 0.0 MiB)
Memory usage before reset: 2722.04296875 MiB (Increase: 0.0 MiB)
Memory usage after reset: 2722.04296875 MiB (Increase: 0.0 MiB)
Current lengths of episodes: [1600]
Memory usage at done (index 0, length 1600, since_prev 1600): 2722.04296875 MiB (Increase: 0.0 MiB)
Memory usage before reset: 2722.04296875 MiB (Increase: 0.0 MiB)
Memory usage after reset: 2722.04296875 MiB (Increase: 0.0 MiB)
Training episode 362
Memory usage at middle: 2722.04296875 MiB (Increase: 0.0 MiB)
Memory usage before collect: 2722.04296875 MiB (Increase: 0.0 MiB)
Memory usage after collect: 2722.04296875 MiB (Increase: 0.0 MiB)
Memory usage before initialization: 2722.04296875 MiB (Increase: 0.0 MiB)
Memory usage after initialization: 2722.04296875 MiB (Increase: 0.0 MiB)
Current lengths of episodes: [1600]
Memory usage at done (index 0, length 1600, since_prev 1600): 2722.04296875 MiB (Increase: 0.0 MiB)
Memory usage before reset: 2722.04296875 MiB (Increase: 0.0 MiB)
Memory usage after reset: 2722.04296875 MiB (Increase: 0.0 MiB)
Current lengths of episodes: [1600]
Memory usage at done (index 0, length 1600, since_prev 1600): 2722.04296875 MiB (Increase: 0.0 MiB)
Memory usage before reset: 2722.04296875 MiB (Increase: 0.0 MiB)
Memory usage after reset: 2722.04296875 MiB (Increase: 0.0 MiB)
Training episode 364
Memory usage at middle: 2722.04296875 MiB (Increase: 0.0 MiB)
Memory usage before collect: 2722.04296875 MiB (Increase: 0.0 MiB)
Memory usage after collect: 2722.04296875 MiB (Increase: 0.0 MiB)
Memory usage before initialization: 2722.04296875 MiB (Increase: 0.0 MiB)
Memory usage after initialization: 2722.04296875 MiB (Increase: 0.0 MiB)
Current lengths of episodes: [1600]
Memory usage at done (index 0, length 1600, since_prev 1600): 2722.04296875 MiB (Increase: 0.0 MiB)
Memory usage before reset: 2722.04296875 MiB (Increase: 0.0 MiB)
Memory usage after reset: 2722.04296875 MiB (Increase: 0.0 MiB)
Current lengths of episodes: [57]
Memory usage at done (index 0, length 57, since_prev 57): 2722.04296875 MiB (Increase: 0.0 MiB)
Memory usage before reset: 2722.04296875 MiB (Increase: 0.0 MiB)
Memory usage after reset: 2722.04296875 MiB (Increase: 0.0 MiB)
Training episode 366
Memory usage at middle: 2722.04296875 MiB (Increase: 0.0 MiB)
Memory usage before collect: 2722.04296875 MiB (Increase: 0.0 MiB)
Memory usage after collect: 2722.04296875 MiB (Increase: 0.0 MiB)
Memory usage before initialization: 2722.04296875 MiB (Increase: 0.0 MiB)
Memory usage after initialization: 2722.04296875 MiB (Increase: 0.0 MiB)
Current lengths of episodes: [86]
Memory usage at done (index 0, length 86, since_prev 86): 2722.04296875 MiB (Increase: 0.0 MiB)
Memory usage before reset: 2722.04296875 MiB (Increase: 0.0 MiB)
Memory usage after reset: 2722.04296875 MiB (Increase: 0.0 MiB)
Current lengths of episodes: [1600]
Memory usage at done (index 0, length 1600, since_prev 1600): 2722.04296875 MiB (Increase: 0.0 MiB)
Memory usage before reset: 2722.04296875 MiB (Increase: 0.0 MiB)
Memory usage after reset: 2722.04296875 MiB (Increase: 0.0 MiB)
Training episode 368
Memory usage at middle: 2722.04296875 MiB (Increase: 0.0 MiB)
Memory usage before collect: 2722.04296875 MiB (Increase: 0.0 MiB)
Memory usage after collect: 2722.04296875 MiB (Increase: 0.0 MiB)
Memory usage before initialization: 2722.04296875 MiB (Increase: 0.0 MiB)
Memory usage after initialization: 2722.04296875 MiB (Increase: 0.0 MiB)
Current lengths of episodes: [679]
Memory usage at done (index 0, length 679, since_prev 679): 2722.04296875 MiB (Increase: 0.0 MiB)
Memory usage before reset: 2722.04296875 MiB (Increase: 0.0 MiB)
Memory usage after reset: 2722.04296875 MiB (Increase: 0.0 MiB)
Current lengths of episodes: [1600]
Memory usage at done (index 0, length 1600, since_prev 1600): 2722.04296875 MiB (Increase: 0.0 MiB)
Memory usage before reset: 2722.04296875 MiB (Increase: 0.0 MiB)
Memory usage after reset: 2722.04296875 MiB (Increase: 0.0 MiB)
Training episode 370
Memory usage at middle: 2722.04296875 MiB (Increase: 0.0 MiB)
Memory usage before collect: 2722.04296875 MiB (Increase: 0.0 MiB)
Memory usage after collect: 2722.04296875 MiB (Increase: 0.0 MiB)
Memory usage before initialization: 2722.04296875 MiB (Increase: 0.0 MiB)
Memory usage after initialization: 2722.04296875 MiB (Increase: 0.0 MiB)
Current lengths of episodes: [1600]
Memory usage at done (index 0, length 1600, since_prev 1600): 2722.04296875 MiB (Increase: 0.0 MiB)
Memory usage before reset: 2722.04296875 MiB (Increase: 0.0 MiB)
Memory usage after reset: 2722.04296875 MiB (Increase: 0.0 MiB)
Current lengths of episodes: [82]
Memory usage at done (index 0, length 82, since_prev 82): 2722.04296875 MiB (Increase: 0.0 MiB)
Memory usage before reset: 2722.04296875 MiB (Increase: 0.0 MiB)
Memory usage after reset: 2722.04296875 MiB (Increase: 0.0 MiB)
Training episode 372
Memory usage at middle: 2722.04296875 MiB (Increase: 0.0 MiB)
Memory usage before collect: 2722.04296875 MiB (Increase: 0.0 MiB)
Memory usage after collect: 2722.04296875 MiB (Increase: 0.0 MiB)
Memory usage before initialization: 2722.04296875 MiB (Increase: 0.0 MiB)
Memory usage after initialization: 2722.04296875 MiB (Increase: 0.0 MiB)
Current lengths of episodes: [1600]
Memory usage at done (index 0, length 1600, since_prev 1600): 2722.04296875 MiB (Increase: 0.0 MiB)
Memory usage before reset: 2722.04296875 MiB (Increase: 0.0 MiB)
Memory usage after reset: 2722.04296875 MiB (Increase: 0.0 MiB)
Current lengths of episodes: [1600]
Memory usage at done (index 0, length 1600, since_prev 1600): 2722.04296875 MiB (Increase: 0.0 MiB)
Memory usage before reset: 2722.04296875 MiB (Increase: 0.0 MiB)
Memory usage after reset: 2722.04296875 MiB (Increase: 0.0 MiB)
Training episode 374
Memory usage at middle: 2722.04296875 MiB (Increase: 0.0 MiB)
Memory usage before collect: 2722.04296875 MiB (Increase: 0.0 MiB)
Memory usage after collect: 2722.04296875 MiB (Increase: 0.0 MiB)
Memory usage before initialization: 2722.04296875 MiB (Increase: 0.0 MiB)
Memory usage after initialization: 2722.04296875 MiB (Increase: 0.0 MiB)
Current lengths of episodes: [68]
Memory usage at done (index 0, length 68, since_prev 68): 2722.04296875 MiB (Increase: 0.0 MiB)
Memory usage before reset: 2722.04296875 MiB (Increase: 0.0 MiB)
Memory usage after reset: 2722.04296875 MiB (Increase: 0.0 MiB)
Current lengths of episodes: [1600]
Memory usage at done (index 0, length 1600, since_prev 1600): 2722.04296875 MiB (Increase: 0.0 MiB)
Memory usage before reset: 2722.04296875 MiB (Increase: 0.0 MiB)
Memory usage after reset: 2722.04296875 MiB (Increase: 0.0 MiB)
Training episode 376
Memory usage at middle: 2722.04296875 MiB (Increase: 0.0 MiB)
Memory usage before collect: 2722.04296875 MiB (Increase: 0.0 MiB)
Memory usage after collect: 2722.04296875 MiB (Increase: 0.0 MiB)
Memory usage before initialization: 2722.04296875 MiB (Increase: 0.0 MiB)
Memory usage after initialization: 2722.04296875 MiB (Increase: 0.0 MiB)
Current lengths of episodes: [106]
Memory usage at done (index 0, length 106, since_prev 106): 2722.04296875 MiB (Increase: 0.0 MiB)
Memory usage before reset: 2722.04296875 MiB (Increase: 0.0 MiB)
Memory usage after reset: 2722.04296875 MiB (Increase: 0.0 MiB)
Current lengths of episodes: [104]
Memory usage at done (index 0, length 104, since_prev 104): 2722.04296875 MiB (Increase: 0.0 MiB)
Memory usage before reset: 2722.04296875 MiB (Increase: 0.0 MiB)
Memory usage after reset: 2722.04296875 MiB (Increase: 0.0 MiB)
Training episode 378
Memory usage at middle: 2722.04296875 MiB (Increase: 0.0 MiB)
Memory usage before collect: 2722.04296875 MiB (Increase: 0.0 MiB)
Memory usage after collect: 2722.04296875 MiB (Increase: 0.0 MiB)
Memory usage before initialization: 2722.04296875 MiB (Increase: 0.0 MiB)
Memory usage after initialization: 2722.04296875 MiB (Increase: 0.0 MiB)
Current lengths of episodes: [94]
Memory usage at done (index 0, length 94, since_prev 94): 2722.04296875 MiB (Increase: 0.0 MiB)
Memory usage before reset: 2722.04296875 MiB (Increase: 0.0 MiB)
Memory usage after reset: 2722.04296875 MiB (Increase: 0.0 MiB)
Current lengths of episodes: [86]
Memory usage at done (index 0, length 86, since_prev 86): 2722.04296875 MiB (Increase: 0.0 MiB)
Memory usage before reset: 2722.04296875 MiB (Increase: 0.0 MiB)
Memory usage after reset: 2722.04296875 MiB (Increase: 0.0 MiB)
Training episode 380
Memory usage at middle: 2722.04296875 MiB (Increase: 0.0 MiB)
Memory usage before collect: 2722.04296875 MiB (Increase: 0.0 MiB)
Memory usage after collect: 2722.04296875 MiB (Increase: 0.0 MiB)
Memory usage before initialization: 2722.04296875 MiB (Increase: 0.0 MiB)
Memory usage after initialization: 2722.04296875 MiB (Increase: 0.0 MiB)
Current lengths of episodes: [209]
Memory usage at done (index 0, length 209, since_prev 209): 2722.04296875 MiB (Increase: 0.0 MiB)
Memory usage before reset: 2722.04296875 MiB (Increase: 0.0 MiB)
Memory usage after reset: 2722.04296875 MiB (Increase: 0.0 MiB)
Current lengths of episodes: [1600]
Memory usage at done (index 0, length 1600, since_prev 1600): 2722.04296875 MiB (Increase: 0.0 MiB)
Memory usage before reset: 2722.04296875 MiB (Increase: 0.0 MiB)
Memory usage after reset: 2722.04296875 MiB (Increase: 0.0 MiB)
Training episode 382
Memory usage at middle: 2722.04296875 MiB (Increase: 0.0 MiB)
Memory usage before collect: 2722.04296875 MiB (Increase: 0.0 MiB)
Memory usage after collect: 2722.04296875 MiB (Increase: 0.0 MiB)
Memory usage before initialization: 2722.04296875 MiB (Increase: 0.0 MiB)
Memory usage after initialization: 2722.04296875 MiB (Increase: 0.0 MiB)
Current lengths of episodes: [1600]
Memory usage at done (index 0, length 1600, since_prev 1600): 2722.04296875 MiB (Increase: 0.0 MiB)
Memory usage before reset: 2722.04296875 MiB (Increase: 0.0 MiB)
Memory usage after reset: 2722.04296875 MiB (Increase: 0.0 MiB)
Current lengths of episodes: [1600]
Memory usage at done (index 0, length 1600, since_prev 1600): 2722.04296875 MiB (Increase: 0.0 MiB)
Memory usage before reset: 2722.04296875 MiB (Increase: 0.0 MiB)
Memory usage after reset: 2722.04296875 MiB (Increase: 0.0 MiB)
Training episode 384
Memory usage at middle: 2722.04296875 MiB (Increase: 0.0 MiB)
Memory usage before collect: 2722.04296875 MiB (Increase: 0.0 MiB)
Memory usage after collect: 2722.04296875 MiB (Increase: 0.0 MiB)
Memory usage before initialization: 2722.04296875 MiB (Increase: 0.0 MiB)
Memory usage after initialization: 2722.04296875 MiB (Increase: 0.0 MiB)
Current lengths of episodes: [74]
Memory usage at done (index 0, length 74, since_prev 74): 2722.04296875 MiB (Increase: 0.0 MiB)
Memory usage before reset: 2722.04296875 MiB (Increase: 0.0 MiB)
Memory usage after reset: 2722.04296875 MiB (Increase: 0.0 MiB)
Current lengths of episodes: [1600]
Memory usage at done (index 0, length 1600, since_prev 1600): 2722.04296875 MiB (Increase: 0.0 MiB)
Memory usage before reset: 2722.04296875 MiB (Increase: 0.0 MiB)
Memory usage after reset: 2722.04296875 MiB (Increase: 0.0 MiB)
Training episode 386
Memory usage at middle: 2722.04296875 MiB (Increase: 0.0 MiB)
Memory usage before collect: 2722.04296875 MiB (Increase: 0.0 MiB)
Memory usage after collect: 2722.04296875 MiB (Increase: 0.0 MiB)
Memory usage before initialization: 2722.04296875 MiB (Increase: 0.0 MiB)
Memory usage after initialization: 2722.04296875 MiB (Increase: 0.0 MiB)
Current lengths of episodes: [1600]
Memory usage at done (index 0, length 1600, since_prev 1600): 2722.04296875 MiB (Increase: 0.0 MiB)
Memory usage before reset: 2722.04296875 MiB (Increase: 0.0 MiB)
Memory usage after reset: 2722.04296875 MiB (Increase: 0.0 MiB)
Current lengths of episodes: [110]
Memory usage at done (index 0, length 110, since_prev 110): 2722.04296875 MiB (Increase: 0.0 MiB)
Memory usage before reset: 2722.04296875 MiB (Increase: 0.0 MiB)
Memory usage after reset: 2722.04296875 MiB (Increase: 0.0 MiB)
Training episode 388
Memory usage at middle: 2722.04296875 MiB (Increase: 0.0 MiB)
Memory usage before collect: 2722.04296875 MiB (Increase: 0.0 MiB)
Memory usage after collect: 2722.04296875 MiB (Increase: 0.0 MiB)
Memory usage before initialization: 2722.04296875 MiB (Increase: 0.0 MiB)
Memory usage after initialization: 2722.04296875 MiB (Increase: 0.0 MiB)
Current lengths of episodes: [44]
Memory usage at done (index 0, length 44, since_prev 44): 2722.04296875 MiB (Increase: 0.0 MiB)
Memory usage before reset: 2722.04296875 MiB (Increase: 0.0 MiB)
Memory usage after reset: 2722.04296875 MiB (Increase: 0.0 MiB)
Current lengths of episodes: [1600]
Memory usage at done (index 0, length 1600, since_prev 1600): 2722.04296875 MiB (Increase: 0.0 MiB)
Memory usage before reset: 2722.04296875 MiB (Increase: 0.0 MiB)
Memory usage after reset: 2722.04296875 MiB (Increase: 0.0 MiB)
Training episode 390
Memory usage at middle: 2722.04296875 MiB (Increase: 0.0 MiB)
Memory usage before collect: 2722.04296875 MiB (Increase: 0.0 MiB)
Memory usage after collect: 2722.04296875 MiB (Increase: 0.0 MiB)
Memory usage before initialization: 2722.04296875 MiB (Increase: 0.0 MiB)
Memory usage after initialization: 2722.04296875 MiB (Increase: 0.0 MiB)
Current lengths of episodes: [1600]
Memory usage at done (index 0, length 1600, since_prev 1600): 2722.04296875 MiB (Increase: 0.0 MiB)
Memory usage before reset: 2722.04296875 MiB (Increase: 0.0 MiB)
Memory usage after reset: 2722.04296875 MiB (Increase: 0.0 MiB)
Current lengths of episodes: [71]
Memory usage at done (index 0, length 71, since_prev 71): 2722.04296875 MiB (Increase: 0.0 MiB)
Memory usage before reset: 2722.04296875 MiB (Increase: 0.0 MiB)
Memory usage after reset: 2722.04296875 MiB (Increase: 0.0 MiB)
Training episode 392
Memory usage at middle: 2722.04296875 MiB (Increase: 0.0 MiB)
Memory usage before collect: 2722.04296875 MiB (Increase: 0.0 MiB)
Memory usage after collect: 2722.04296875 MiB (Increase: 0.0 MiB)
Memory usage before initialization: 2722.04296875 MiB (Increase: 0.0 MiB)
Memory usage after initialization: 2722.04296875 MiB (Increase: 0.0 MiB)
Current lengths of episodes: [50]
Memory usage at done (index 0, length 50, since_prev 50): 2722.04296875 MiB (Increase: 0.0 MiB)
Memory usage before reset: 2722.04296875 MiB (Increase: 0.0 MiB)
Memory usage after reset: 2722.04296875 MiB (Increase: 0.0 MiB)
Current lengths of episodes: [1600]
Memory usage at done (index 0, length 1600, since_prev 1600): 2722.04296875 MiB (Increase: 0.0 MiB)
Memory usage before reset: 2722.04296875 MiB (Increase: 0.0 MiB)
Memory usage after reset: 2722.04296875 MiB (Increase: 0.0 MiB)
Training episode 394
Memory usage at middle: 2722.04296875 MiB (Increase: 0.0 MiB)
Memory usage before collect: 2722.04296875 MiB (Increase: 0.0 MiB)
Memory usage after collect: 2722.04296875 MiB (Increase: 0.0 MiB)
Memory usage before initialization: 2722.04296875 MiB (Increase: 0.0 MiB)
Memory usage after initialization: 2722.04296875 MiB (Increase: 0.0 MiB)
Current lengths of episodes: [1600]
Memory usage at done (index 0, length 1600, since_prev 1600): 2722.04296875 MiB (Increase: 0.0 MiB)
Memory usage before reset: 2722.04296875 MiB (Increase: 0.0 MiB)
Memory usage after reset: 2722.04296875 MiB (Increase: 0.0 MiB)
Current lengths of episodes: [69]
Memory usage at done (index 0, length 69, since_prev 69): 2722.04296875 MiB (Increase: 0.0 MiB)
Memory usage before reset: 2722.04296875 MiB (Increase: 0.0 MiB)
Memory usage after reset: 2722.04296875 MiB (Increase: 0.0 MiB)
Training episode 396
Memory usage at middle: 2722.04296875 MiB (Increase: 0.0 MiB)
Memory usage before collect: 2722.04296875 MiB (Increase: 0.0 MiB)
Memory usage after collect: 2722.04296875 MiB (Increase: 0.0 MiB)
Memory usage before initialization: 2722.04296875 MiB (Increase: 0.0 MiB)
Memory usage after initialization: 2722.04296875 MiB (Increase: 0.0 MiB)
Current lengths of episodes: [1600]
Memory usage at done (index 0, length 1600, since_prev 1600): 2722.04296875 MiB (Increase: 0.0 MiB)
Memory usage before reset: 2722.04296875 MiB (Increase: 0.0 MiB)
Memory usage after reset: 2722.04296875 MiB (Increase: 0.0 MiB)
Current lengths of episodes: [1600]
Memory usage at done (index 0, length 1600, since_prev 1600): 2722.04296875 MiB (Increase: 0.0 MiB)
Memory usage before reset: 2722.04296875 MiB (Increase: 0.0 MiB)
Memory usage after reset: 2722.04296875 MiB (Increase: 0.0 MiB)
Training episode 398
Memory usage at middle: 2722.04296875 MiB (Increase: 0.0 MiB)
Memory usage before collect: 2722.04296875 MiB (Increase: 0.0 MiB)
Memory usage after collect: 2722.04296875 MiB (Increase: 0.0 MiB)
Memory usage before initialization: 2722.04296875 MiB (Increase: 0.0 MiB)
Memory usage after initialization: 2722.04296875 MiB (Increase: 0.0 MiB)
Current lengths of episodes: [1600]
Memory usage at done (index 0, length 1600, since_prev 1600): 2722.04296875 MiB (Increase: 0.0 MiB)
Memory usage before reset: 2722.04296875 MiB (Increase: 0.0 MiB)
Memory usage after reset: 2722.04296875 MiB (Increase: 0.0 MiB)
Current lengths of episodes: [1600]
Memory usage at done (index 0, length 1600, since_prev 1600): 2722.04296875 MiB (Increase: 0.0 MiB)
Memory usage before reset: 2722.04296875 MiB (Increase: 0.0 MiB)
Memory usage after reset: 2722.04296875 MiB (Increase: 0.0 MiB)
Training episode 400
Memory usage at middle: 2722.04296875 MiB (Increase: 0.0 MiB)
Memory usage before collect: 2722.04296875 MiB (Increase: 0.0 MiB)
Memory usage after collect: 2722.04296875 MiB (Increase: 0.0 MiB)
Episode 400	Average evaluation: -98.05061819627521
Memory usage before initialization: 2722.04296875 MiB (Increase: 0.0 MiB)
Memory usage after initialization: 2722.04296875 MiB (Increase: 0.0 MiB)
Current lengths of episodes: [86]
Memory usage at done (index 0, length 86, since_prev 86): 2722.04296875 MiB (Increase: 0.0 MiB)
Memory usage before reset: 2722.04296875 MiB (Increase: 0.0 MiB)
Memory usage after reset: 2722.04296875 MiB (Increase: 0.0 MiB)
Current lengths of episodes: [1600]
Memory usage at done (index 0, length 1600, since_prev 1600): 2722.04296875 MiB (Increase: 0.0 MiB)
Memory usage before reset: 2722.04296875 MiB (Increase: 0.0 MiB)
Memory usage after reset: 2722.04296875 MiB (Increase: 0.0 MiB)
Training episode 402
Memory usage at middle: 2722.04296875 MiB (Increase: 0.0 MiB)
Memory usage before collect: 2722.04296875 MiB (Increase: 0.0 MiB)
Memory usage after collect: 2722.04296875 MiB (Increase: 0.0 MiB)
Memory usage before initialization: 2722.04296875 MiB (Increase: 0.0 MiB)
Memory usage after initialization: 2722.04296875 MiB (Increase: 0.0 MiB)
Current lengths of episodes: [48]
Memory usage at done (index 0, length 48, since_prev 48): 2722.04296875 MiB (Increase: 0.0 MiB)
Memory usage before reset: 2722.04296875 MiB (Increase: 0.0 MiB)
Memory usage after reset: 2722.04296875 MiB (Increase: 0.0 MiB)
Current lengths of episodes: [110]
Memory usage at done (index 0, length 110, since_prev 110): 2722.04296875 MiB (Increase: 0.0 MiB)
Memory usage before reset: 2722.04296875 MiB (Increase: 0.0 MiB)
Memory usage after reset: 2722.04296875 MiB (Increase: 0.0 MiB)
Training episode 404
Memory usage at middle: 2722.04296875 MiB (Increase: 0.0 MiB)
Memory usage before collect: 2722.04296875 MiB (Increase: 0.0 MiB)
Memory usage after collect: 2722.04296875 MiB (Increase: 0.0 MiB)
Memory usage before initialization: 2722.04296875 MiB (Increase: 0.0 MiB)
Memory usage after initialization: 2722.04296875 MiB (Increase: 0.0 MiB)
Current lengths of episodes: [1600]
Memory usage at done (index 0, length 1600, since_prev 1600): 2722.04296875 MiB (Increase: 0.0 MiB)
Memory usage before reset: 2722.04296875 MiB (Increase: 0.0 MiB)
Memory usage after reset: 2722.04296875 MiB (Increase: 0.0 MiB)
Current lengths of episodes: [52]
Memory usage at done (index 0, length 52, since_prev 52): 2722.04296875 MiB (Increase: 0.0 MiB)
Memory usage before reset: 2722.04296875 MiB (Increase: 0.0 MiB)
Memory usage after reset: 2722.04296875 MiB (Increase: 0.0 MiB)
Training episode 406
Memory usage at middle: 2722.04296875 MiB (Increase: 0.0 MiB)
Memory usage before collect: 2722.04296875 MiB (Increase: 0.0 MiB)
Memory usage after collect: 2722.04296875 MiB (Increase: 0.0 MiB)
Memory usage before initialization: 2722.04296875 MiB (Increase: 0.0 MiB)
Memory usage after initialization: 2722.04296875 MiB (Increase: 0.0 MiB)
Current lengths of episodes: [1600]
Memory usage at done (index 0, length 1600, since_prev 1600): 2722.04296875 MiB (Increase: 0.0 MiB)
Memory usage before reset: 2722.04296875 MiB (Increase: 0.0 MiB)
Memory usage after reset: 2722.04296875 MiB (Increase: 0.0 MiB)
Current lengths of episodes: [457]
Memory usage at done (index 0, length 457, since_prev 457): 2722.04296875 MiB (Increase: 0.0 MiB)
Memory usage before reset: 2722.04296875 MiB (Increase: 0.0 MiB)
Memory usage after reset: 2722.04296875 MiB (Increase: 0.0 MiB)
Training episode 408
Memory usage at middle: 2722.04296875 MiB (Increase: 0.0 MiB)
Memory usage before collect: 2722.04296875 MiB (Increase: 0.0 MiB)
Memory usage after collect: 2722.04296875 MiB (Increase: 0.0 MiB)
Memory usage before initialization: 2722.04296875 MiB (Increase: 0.0 MiB)
Memory usage after initialization: 2722.04296875 MiB (Increase: 0.0 MiB)
Current lengths of episodes: [1600]
Memory usage at done (index 0, length 1600, since_prev 1600): 2722.04296875 MiB (Increase: 0.0 MiB)
Memory usage before reset: 2722.04296875 MiB (Increase: 0.0 MiB)
Memory usage after reset: 2722.04296875 MiB (Increase: 0.0 MiB)
Current lengths of episodes: [1600]
Memory usage at done (index 0, length 1600, since_prev 1600): 2722.04296875 MiB (Increase: 0.0 MiB)
Memory usage before reset: 2722.04296875 MiB (Increase: 0.0 MiB)
Memory usage after reset: 2722.04296875 MiB (Increase: 0.0 MiB)
Training episode 410
Memory usage at middle: 2722.04296875 MiB (Increase: 0.0 MiB)
Memory usage before collect: 2722.04296875 MiB (Increase: 0.0 MiB)
Memory usage after collect: 2722.04296875 MiB (Increase: 0.0 MiB)
Memory usage before initialization: 2722.04296875 MiB (Increase: 0.0 MiB)
Memory usage after initialization: 2722.04296875 MiB (Increase: 0.0 MiB)
Current lengths of episodes: [1600]
Memory usage at done (index 0, length 1600, since_prev 1600): 2722.04296875 MiB (Increase: 0.0 MiB)
Memory usage before reset: 2722.04296875 MiB (Increase: 0.0 MiB)
Memory usage after reset: 2722.04296875 MiB (Increase: 0.0 MiB)
Current lengths of episodes: [86]
Memory usage at done (index 0, length 86, since_prev 86): 2722.04296875 MiB (Increase: 0.0 MiB)
Memory usage before reset: 2722.04296875 MiB (Increase: 0.0 MiB)
Memory usage after reset: 2722.04296875 MiB (Increase: 0.0 MiB)
Training episode 412
Memory usage at middle: 2722.04296875 MiB (Increase: 0.0 MiB)
Memory usage before collect: 2722.04296875 MiB (Increase: 0.0 MiB)
Memory usage after collect: 2722.04296875 MiB (Increase: 0.0 MiB)
Memory usage before initialization: 2722.04296875 MiB (Increase: 0.0 MiB)
Memory usage after initialization: 2722.04296875 MiB (Increase: 0.0 MiB)
Current lengths of episodes: [1600]
Memory usage at done (index 0, length 1600, since_prev 1600): 2722.04296875 MiB (Increase: 0.0 MiB)
Memory usage before reset: 2722.04296875 MiB (Increase: 0.0 MiB)
Memory usage after reset: 2722.04296875 MiB (Increase: 0.0 MiB)
Current lengths of episodes: [94]
Memory usage at done (index 0, length 94, since_prev 94): 2722.04296875 MiB (Increase: 0.0 MiB)
Memory usage before reset: 2722.04296875 MiB (Increase: 0.0 MiB)
Memory usage after reset: 2722.04296875 MiB (Increase: 0.0 MiB)
Training episode 414
Memory usage at middle: 2722.04296875 MiB (Increase: 0.0 MiB)
Memory usage before collect: 2722.04296875 MiB (Increase: 0.0 MiB)
Memory usage after collect: 2722.04296875 MiB (Increase: 0.0 MiB)
Memory usage before initialization: 2722.04296875 MiB (Increase: 0.0 MiB)
Memory usage after initialization: 2722.04296875 MiB (Increase: 0.0 MiB)
Current lengths of episodes: [58]
Memory usage at done (index 0, length 58, since_prev 58): 2722.04296875 MiB (Increase: 0.0 MiB)
Memory usage before reset: 2722.04296875 MiB (Increase: 0.0 MiB)
Memory usage after reset: 2722.04296875 MiB (Increase: 0.0 MiB)
Current lengths of episodes: [61]
Memory usage at done (index 0, length 61, since_prev 61): 2722.04296875 MiB (Increase: 0.0 MiB)
Memory usage before reset: 2722.04296875 MiB (Increase: 0.0 MiB)
Memory usage after reset: 2722.04296875 MiB (Increase: 0.0 MiB)
Training episode 416
Memory usage at middle: 2722.04296875 MiB (Increase: 0.0 MiB)
Memory usage before collect: 2722.04296875 MiB (Increase: 0.0 MiB)
Memory usage after collect: 2722.04296875 MiB (Increase: 0.0 MiB)
Memory usage before initialization: 2722.04296875 MiB (Increase: 0.0 MiB)
Memory usage after initialization: 2722.04296875 MiB (Increase: 0.0 MiB)
Current lengths of episodes: [1600]
Memory usage at done (index 0, length 1600, since_prev 1600): 2722.04296875 MiB (Increase: 0.0 MiB)
Memory usage before reset: 2722.04296875 MiB (Increase: 0.0 MiB)
Memory usage after reset: 2722.04296875 MiB (Increase: 0.0 MiB)
Current lengths of episodes: [1600]
Memory usage at done (index 0, length 1600, since_prev 1600): 2722.04296875 MiB (Increase: 0.0 MiB)
Memory usage before reset: 2722.04296875 MiB (Increase: 0.0 MiB)
Memory usage after reset: 2722.04296875 MiB (Increase: 0.0 MiB)
Training episode 418
Memory usage at middle: 2722.04296875 MiB (Increase: 0.0 MiB)
Memory usage before collect: 2722.04296875 MiB (Increase: 0.0 MiB)
Memory usage after collect: 2722.04296875 MiB (Increase: 0.0 MiB)
Memory usage before initialization: 2722.04296875 MiB (Increase: 0.0 MiB)
Memory usage after initialization: 2722.04296875 MiB (Increase: 0.0 MiB)
Current lengths of episodes: [77]
Memory usage at done (index 0, length 77, since_prev 77): 2722.04296875 MiB (Increase: 0.0 MiB)
Memory usage before reset: 2722.04296875 MiB (Increase: 0.0 MiB)
Memory usage after reset: 2722.04296875 MiB (Increase: 0.0 MiB)
Current lengths of episodes: [96]
Memory usage at done (index 0, length 96, since_prev 96): 2722.04296875 MiB (Increase: 0.0 MiB)
Memory usage before reset: 2722.04296875 MiB (Increase: 0.0 MiB)
Memory usage after reset: 2722.04296875 MiB (Increase: 0.0 MiB)
Training episode 420
Memory usage at middle: 2722.04296875 MiB (Increase: 0.0 MiB)
Memory usage before collect: 2722.04296875 MiB (Increase: 0.0 MiB)
Memory usage after collect: 2722.04296875 MiB (Increase: 0.0 MiB)
Memory usage before initialization: 2722.04296875 MiB (Increase: 0.0 MiB)
Memory usage after initialization: 2722.04296875 MiB (Increase: 0.0 MiB)
Current lengths of episodes: [1600]
Memory usage at done (index 0, length 1600, since_prev 1600): 2722.04296875 MiB (Increase: 0.0 MiB)
Memory usage before reset: 2722.04296875 MiB (Increase: 0.0 MiB)
Memory usage after reset: 2722.04296875 MiB (Increase: 0.0 MiB)
Current lengths of episodes: [1600]
Memory usage at done (index 0, length 1600, since_prev 1600): 2722.04296875 MiB (Increase: 0.0 MiB)
Memory usage before reset: 2722.04296875 MiB (Increase: 0.0 MiB)
Memory usage after reset: 2722.04296875 MiB (Increase: 0.0 MiB)
Training episode 422
Memory usage at middle: 2722.04296875 MiB (Increase: 0.0 MiB)
Memory usage before collect: 2722.04296875 MiB (Increase: 0.0 MiB)
Memory usage after collect: 2722.04296875 MiB (Increase: 0.0 MiB)
Memory usage before initialization: 2722.04296875 MiB (Increase: 0.0 MiB)
Memory usage after initialization: 2722.04296875 MiB (Increase: 0.0 MiB)
Current lengths of episodes: [84]
Memory usage at done (index 0, length 84, since_prev 84): 2722.04296875 MiB (Increase: 0.0 MiB)
Memory usage before reset: 2722.04296875 MiB (Increase: 0.0 MiB)
Memory usage after reset: 2722.04296875 MiB (Increase: 0.0 MiB)
Current lengths of episodes: [1600]
Memory usage at done (index 0, length 1600, since_prev 1600): 2722.04296875 MiB (Increase: 0.0 MiB)
Memory usage before reset: 2722.04296875 MiB (Increase: 0.0 MiB)
Memory usage after reset: 2722.04296875 MiB (Increase: 0.0 MiB)
Training episode 424
Memory usage at middle: 2722.04296875 MiB (Increase: 0.0 MiB)
Memory usage before collect: 2722.04296875 MiB (Increase: 0.0 MiB)
Memory usage after collect: 2722.04296875 MiB (Increase: 0.0 MiB)
Memory usage before initialization: 2722.04296875 MiB (Increase: 0.0 MiB)
Memory usage after initialization: 2722.04296875 MiB (Increase: 0.0 MiB)
Current lengths of episodes: [1600]
Memory usage at done (index 0, length 1600, since_prev 1600): 2722.04296875 MiB (Increase: 0.0 MiB)
Memory usage before reset: 2722.04296875 MiB (Increase: 0.0 MiB)
Memory usage after reset: 2722.04296875 MiB (Increase: 0.0 MiB)
Current lengths of episodes: [1600]
Memory usage at done (index 0, length 1600, since_prev 1600): 2722.04296875 MiB (Increase: 0.0 MiB)
Memory usage before reset: 2722.04296875 MiB (Increase: 0.0 MiB)
Memory usage after reset: 2722.04296875 MiB (Increase: 0.0 MiB)
Training episode 426
Memory usage at middle: 2722.04296875 MiB (Increase: 0.0 MiB)
Memory usage before collect: 2722.04296875 MiB (Increase: 0.0 MiB)
Memory usage after collect: 2722.04296875 MiB (Increase: 0.0 MiB)
Memory usage before initialization: 2722.04296875 MiB (Increase: 0.0 MiB)
Memory usage after initialization: 2722.04296875 MiB (Increase: 0.0 MiB)
Current lengths of episodes: [1014]
Memory usage at done (index 0, length 1014, since_prev 1014): 2722.04296875 MiB (Increase: 0.0 MiB)
Memory usage before reset: 2722.04296875 MiB (Increase: 0.0 MiB)
Memory usage after reset: 2722.04296875 MiB (Increase: 0.0 MiB)
Current lengths of episodes: [68]
Memory usage at done (index 0, length 68, since_prev 68): 2722.04296875 MiB (Increase: 0.0 MiB)
Memory usage before reset: 2722.04296875 MiB (Increase: 0.0 MiB)
Memory usage after reset: 2722.04296875 MiB (Increase: 0.0 MiB)
Training episode 428
Memory usage at middle: 2722.04296875 MiB (Increase: 0.0 MiB)
Memory usage before collect: 2722.04296875 MiB (Increase: 0.0 MiB)
Memory usage after collect: 2722.04296875 MiB (Increase: 0.0 MiB)
Memory usage before initialization: 2722.04296875 MiB (Increase: 0.0 MiB)
Memory usage after initialization: 2722.04296875 MiB (Increase: 0.0 MiB)
Current lengths of episodes: [1027]
Memory usage at done (index 0, length 1027, since_prev 1027): 2722.04296875 MiB (Increase: 0.0 MiB)
Memory usage before reset: 2722.04296875 MiB (Increase: 0.0 MiB)
Memory usage after reset: 2722.04296875 MiB (Increase: 0.0 MiB)
Current lengths of episodes: [1600]
Memory usage at done (index 0, length 1600, since_prev 1600): 2722.04296875 MiB (Increase: 0.0 MiB)
Memory usage before reset: 2722.04296875 MiB (Increase: 0.0 MiB)
Memory usage after reset: 2722.04296875 MiB (Increase: 0.0 MiB)
Training episode 430
Memory usage at middle: 2722.04296875 MiB (Increase: 0.0 MiB)
Memory usage before collect: 2722.04296875 MiB (Increase: 0.0 MiB)
Memory usage after collect: 2722.04296875 MiB (Increase: 0.0 MiB)
Memory usage before initialization: 2722.04296875 MiB (Increase: 0.0 MiB)
Memory usage after initialization: 2722.04296875 MiB (Increase: 0.0 MiB)
Current lengths of episodes: [1600]
Memory usage at done (index 0, length 1600, since_prev 1600): 2722.04296875 MiB (Increase: 0.0 MiB)
Memory usage before reset: 2722.04296875 MiB (Increase: 0.0 MiB)
Memory usage after reset: 2722.04296875 MiB (Increase: 0.0 MiB)
Current lengths of episodes: [1600]
Memory usage at done (index 0, length 1600, since_prev 1600): 2722.04296875 MiB (Increase: 0.0 MiB)
Memory usage before reset: 2722.04296875 MiB (Increase: 0.0 MiB)
Memory usage after reset: 2722.04296875 MiB (Increase: 0.0 MiB)
Training episode 432
Memory usage at middle: 2722.04296875 MiB (Increase: 0.0 MiB)
Memory usage before collect: 2722.04296875 MiB (Increase: 0.0 MiB)
Memory usage after collect: 2722.04296875 MiB (Increase: 0.0 MiB)
Memory usage before initialization: 2722.04296875 MiB (Increase: 0.0 MiB)
Memory usage after initialization: 2722.04296875 MiB (Increase: 0.0 MiB)
Current lengths of episodes: [95]
Memory usage at done (index 0, length 95, since_prev 95): 2722.04296875 MiB (Increase: 0.0 MiB)
Memory usage before reset: 2722.04296875 MiB (Increase: 0.0 MiB)
Memory usage after reset: 2722.04296875 MiB (Increase: 0.0 MiB)
Current lengths of episodes: [98]
Memory usage at done (index 0, length 98, since_prev 98): 2722.04296875 MiB (Increase: 0.0 MiB)
Memory usage before reset: 2722.04296875 MiB (Increase: 0.0 MiB)
Memory usage after reset: 2722.04296875 MiB (Increase: 0.0 MiB)
Training episode 434
Memory usage at middle: 2722.04296875 MiB (Increase: 0.0 MiB)
Memory usage before collect: 2722.04296875 MiB (Increase: 0.0 MiB)
Memory usage after collect: 2722.04296875 MiB (Increase: 0.0 MiB)
Memory usage before initialization: 2722.04296875 MiB (Increase: 0.0 MiB)
Memory usage after initialization: 2722.04296875 MiB (Increase: 0.0 MiB)
Current lengths of episodes: [61]
Memory usage at done (index 0, length 61, since_prev 61): 2722.04296875 MiB (Increase: 0.0 MiB)
Memory usage before reset: 2722.04296875 MiB (Increase: 0.0 MiB)
Memory usage after reset: 2722.04296875 MiB (Increase: 0.0 MiB)
Current lengths of episodes: [1600]
Memory usage at done (index 0, length 1600, since_prev 1600): 2722.04296875 MiB (Increase: 0.0 MiB)
Memory usage before reset: 2722.04296875 MiB (Increase: 0.0 MiB)
Memory usage after reset: 2722.04296875 MiB (Increase: 0.0 MiB)
Training episode 436
Memory usage at middle: 2722.04296875 MiB (Increase: 0.0 MiB)
Memory usage before collect: 2722.04296875 MiB (Increase: 0.0 MiB)
Memory usage after collect: 2722.04296875 MiB (Increase: 0.0 MiB)
Memory usage before initialization: 2722.04296875 MiB (Increase: 0.0 MiB)
Memory usage after initialization: 2722.04296875 MiB (Increase: 0.0 MiB)
Current lengths of episodes: [81]
Memory usage at done (index 0, length 81, since_prev 81): 2722.04296875 MiB (Increase: 0.0 MiB)
Memory usage before reset: 2722.04296875 MiB (Increase: 0.0 MiB)
Memory usage after reset: 2722.04296875 MiB (Increase: 0.0 MiB)
Current lengths of episodes: [1600]
Memory usage at done (index 0, length 1600, since_prev 1600): 2722.04296875 MiB (Increase: 0.0 MiB)
Memory usage before reset: 2722.04296875 MiB (Increase: 0.0 MiB)
Memory usage after reset: 2722.04296875 MiB (Increase: 0.0 MiB)
Training episode 438
Memory usage at middle: 2722.04296875 MiB (Increase: 0.0 MiB)
Memory usage before collect: 2722.04296875 MiB (Increase: 0.0 MiB)
Memory usage after collect: 2722.04296875 MiB (Increase: 0.0 MiB)
Memory usage before initialization: 2722.04296875 MiB (Increase: 0.0 MiB)
Memory usage after initialization: 2722.04296875 MiB (Increase: 0.0 MiB)
Current lengths of episodes: [1600]
Memory usage at done (index 0, length 1600, since_prev 1600): 2722.04296875 MiB (Increase: 0.0 MiB)
Memory usage before reset: 2722.04296875 MiB (Increase: 0.0 MiB)
Memory usage after reset: 2722.04296875 MiB (Increase: 0.0 MiB)
Current lengths of episodes: [1600]
Memory usage at done (index 0, length 1600, since_prev 1600): 2722.04296875 MiB (Increase: 0.0 MiB)
Memory usage before reset: 2722.04296875 MiB (Increase: 0.0 MiB)
Memory usage after reset: 2722.04296875 MiB (Increase: 0.0 MiB)
Training episode 440
Memory usage at middle: 2722.04296875 MiB (Increase: 0.0 MiB)
Memory usage before collect: 2722.04296875 MiB (Increase: 0.0 MiB)
Memory usage after collect: 2722.04296875 MiB (Increase: 0.0 MiB)
Memory usage before initialization: 2722.04296875 MiB (Increase: 0.0 MiB)
Memory usage after initialization: 2722.04296875 MiB (Increase: 0.0 MiB)
Current lengths of episodes: [59]
Memory usage at done (index 0, length 59, since_prev 59): 2722.04296875 MiB (Increase: 0.0 MiB)
Memory usage before reset: 2722.04296875 MiB (Increase: 0.0 MiB)
Memory usage after reset: 2722.04296875 MiB (Increase: 0.0 MiB)
Current lengths of episodes: [1600]
Memory usage at done (index 0, length 1600, since_prev 1600): 2722.04296875 MiB (Increase: 0.0 MiB)
Memory usage before reset: 2722.04296875 MiB (Increase: 0.0 MiB)
Memory usage after reset: 2722.04296875 MiB (Increase: 0.0 MiB)
Training episode 442
Memory usage at middle: 2722.04296875 MiB (Increase: 0.0 MiB)
Memory usage before collect: 2722.04296875 MiB (Increase: 0.0 MiB)
Memory usage after collect: 2722.04296875 MiB (Increase: 0.0 MiB)
Memory usage before initialization: 2722.04296875 MiB (Increase: 0.0 MiB)
Memory usage after initialization: 2722.04296875 MiB (Increase: 0.0 MiB)
Current lengths of episodes: [88]
Memory usage at done (index 0, length 88, since_prev 88): 2722.04296875 MiB (Increase: 0.0 MiB)
Memory usage before reset: 2722.04296875 MiB (Increase: 0.0 MiB)
Memory usage after reset: 2722.04296875 MiB (Increase: 0.0 MiB)
Current lengths of episodes: [1600]
Memory usage at done (index 0, length 1600, since_prev 1600): 2722.04296875 MiB (Increase: 0.0 MiB)
Memory usage before reset: 2722.04296875 MiB (Increase: 0.0 MiB)
Memory usage after reset: 2722.04296875 MiB (Increase: 0.0 MiB)
Training episode 444
Memory usage at middle: 2722.04296875 MiB (Increase: 0.0 MiB)
Memory usage before collect: 2722.04296875 MiB (Increase: 0.0 MiB)
Memory usage after collect: 2722.04296875 MiB (Increase: 0.0 MiB)
Memory usage before initialization: 2722.04296875 MiB (Increase: 0.0 MiB)
Memory usage after initialization: 2722.04296875 MiB (Increase: 0.0 MiB)
Current lengths of episodes: [72]
Memory usage at done (index 0, length 72, since_prev 72): 2722.04296875 MiB (Increase: 0.0 MiB)
Memory usage before reset: 2722.04296875 MiB (Increase: 0.0 MiB)
Memory usage after reset: 2722.04296875 MiB (Increase: 0.0 MiB)
Current lengths of episodes: [1600]
Memory usage at done (index 0, length 1600, since_prev 1600): 2722.04296875 MiB (Increase: 0.0 MiB)
Memory usage before reset: 2722.04296875 MiB (Increase: 0.0 MiB)
Memory usage after reset: 2722.04296875 MiB (Increase: 0.0 MiB)
Training episode 446
Memory usage at middle: 2722.04296875 MiB (Increase: 0.0 MiB)
Memory usage before collect: 2722.04296875 MiB (Increase: 0.0 MiB)
Memory usage after collect: 2722.04296875 MiB (Increase: 0.0 MiB)
Memory usage before initialization: 2722.04296875 MiB (Increase: 0.0 MiB)
Memory usage after initialization: 2722.04296875 MiB (Increase: 0.0 MiB)
Current lengths of episodes: [1600]
Memory usage at done (index 0, length 1600, since_prev 1600): 2722.04296875 MiB (Increase: 0.0 MiB)
Memory usage before reset: 2722.04296875 MiB (Increase: 0.0 MiB)
Memory usage after reset: 2722.04296875 MiB (Increase: 0.0 MiB)
Current lengths of episodes: [55]
Memory usage at done (index 0, length 55, since_prev 55): 2722.04296875 MiB (Increase: 0.0 MiB)
Memory usage before reset: 2722.04296875 MiB (Increase: 0.0 MiB)
Memory usage after reset: 2722.04296875 MiB (Increase: 0.0 MiB)
Training episode 448
Memory usage at middle: 2722.04296875 MiB (Increase: 0.0 MiB)
Memory usage before collect: 2722.04296875 MiB (Increase: 0.0 MiB)
Memory usage after collect: 2722.04296875 MiB (Increase: 0.0 MiB)
Memory usage before initialization: 2722.04296875 MiB (Increase: 0.0 MiB)
Memory usage after initialization: 2722.04296875 MiB (Increase: 0.0 MiB)
Current lengths of episodes: [1600]
Memory usage at done (index 0, length 1600, since_prev 1600): 2722.04296875 MiB (Increase: 0.0 MiB)
Memory usage before reset: 2722.04296875 MiB (Increase: 0.0 MiB)
Memory usage after reset: 2722.04296875 MiB (Increase: 0.0 MiB)
Current lengths of episodes: [67]
Memory usage at done (index 0, length 67, since_prev 67): 2722.04296875 MiB (Increase: 0.0 MiB)
Memory usage before reset: 2722.04296875 MiB (Increase: 0.0 MiB)
Memory usage after reset: 2722.04296875 MiB (Increase: 0.0 MiB)
Training episode 450
Memory usage at middle: 2722.04296875 MiB (Increase: 0.0 MiB)
Memory usage before collect: 2722.04296875 MiB (Increase: 0.0 MiB)
Memory usage after collect: 2722.04296875 MiB (Increase: 0.0 MiB)
Episode 450	Average evaluation: -109.33632707576317
Memory usage before initialization: 2722.04296875 MiB (Increase: 0.0 MiB)
Memory usage after initialization: 2722.04296875 MiB (Increase: 0.0 MiB)
Current lengths of episodes: [1600]
Memory usage at done (index 0, length 1600, since_prev 1600): 2722.04296875 MiB (Increase: 0.0 MiB)
Memory usage before reset: 2722.04296875 MiB (Increase: 0.0 MiB)
Memory usage after reset: 2722.04296875 MiB (Increase: 0.0 MiB)
Current lengths of episodes: [83]
Memory usage at done (index 0, length 83, since_prev 83): 2722.04296875 MiB (Increase: 0.0 MiB)
Memory usage before reset: 2722.04296875 MiB (Increase: 0.0 MiB)
Memory usage after reset: 2722.04296875 MiB (Increase: 0.0 MiB)
Training episode 452
Memory usage at middle: 2722.04296875 MiB (Increase: 0.0 MiB)
Memory usage before collect: 2722.04296875 MiB (Increase: 0.0 MiB)
Memory usage after collect: 2722.04296875 MiB (Increase: 0.0 MiB)
Memory usage before initialization: 2722.04296875 MiB (Increase: 0.0 MiB)
Memory usage after initialization: 2722.04296875 MiB (Increase: 0.0 MiB)
Current lengths of episodes: [1600]
Memory usage at done (index 0, length 1600, since_prev 1600): 2722.04296875 MiB (Increase: 0.0 MiB)
Memory usage before reset: 2722.04296875 MiB (Increase: 0.0 MiB)
Memory usage after reset: 2722.04296875 MiB (Increase: 0.0 MiB)
Current lengths of episodes: [91]
Memory usage at done (index 0, length 91, since_prev 91): 2722.04296875 MiB (Increase: 0.0 MiB)
Memory usage before reset: 2722.04296875 MiB (Increase: 0.0 MiB)
Memory usage after reset: 2722.04296875 MiB (Increase: 0.0 MiB)
Training episode 454
Memory usage at middle: 2722.04296875 MiB (Increase: 0.0 MiB)
Memory usage before collect: 2722.04296875 MiB (Increase: 0.0 MiB)
Memory usage after collect: 2722.04296875 MiB (Increase: 0.0 MiB)
Memory usage before initialization: 2722.04296875 MiB (Increase: 0.0 MiB)
Memory usage after initialization: 2722.04296875 MiB (Increase: 0.0 MiB)
Current lengths of episodes: [1600]
Memory usage at done (index 0, length 1600, since_prev 1600): 2722.04296875 MiB (Increase: 0.0 MiB)
Memory usage before reset: 2722.04296875 MiB (Increase: 0.0 MiB)
Memory usage after reset: 2722.04296875 MiB (Increase: 0.0 MiB)
Current lengths of episodes: [131]
Memory usage at done (index 0, length 131, since_prev 131): 2722.04296875 MiB (Increase: 0.0 MiB)
Memory usage before reset: 2722.04296875 MiB (Increase: 0.0 MiB)
Memory usage after reset: 2722.04296875 MiB (Increase: 0.0 MiB)
Training episode 456
Memory usage at middle: 2722.04296875 MiB (Increase: 0.0 MiB)
Memory usage before collect: 2722.04296875 MiB (Increase: 0.0 MiB)
Memory usage after collect: 2722.04296875 MiB (Increase: 0.0 MiB)
Memory usage before initialization: 2722.04296875 MiB (Increase: 0.0 MiB)
Memory usage after initialization: 2722.04296875 MiB (Increase: 0.0 MiB)
Current lengths of episodes: [59]
Memory usage at done (index 0, length 59, since_prev 59): 2722.04296875 MiB (Increase: 0.0 MiB)
Memory usage before reset: 2722.04296875 MiB (Increase: 0.0 MiB)
Memory usage after reset: 2722.04296875 MiB (Increase: 0.0 MiB)
Current lengths of episodes: [1600]
Memory usage at done (index 0, length 1600, since_prev 1600): 2722.04296875 MiB (Increase: 0.0 MiB)
Memory usage before reset: 2722.04296875 MiB (Increase: 0.0 MiB)
Memory usage after reset: 2722.04296875 MiB (Increase: 0.0 MiB)
Training episode 458
Memory usage at middle: 2722.04296875 MiB (Increase: 0.0 MiB)
Memory usage before collect: 2722.04296875 MiB (Increase: 0.0 MiB)
Memory usage after collect: 2722.04296875 MiB (Increase: 0.0 MiB)
Memory usage before initialization: 2722.04296875 MiB (Increase: 0.0 MiB)
Memory usage after initialization: 2722.04296875 MiB (Increase: 0.0 MiB)
Current lengths of episodes: [71]
Memory usage at done (index 0, length 71, since_prev 71): 2722.04296875 MiB (Increase: 0.0 MiB)
Memory usage before reset: 2722.04296875 MiB (Increase: 0.0 MiB)
Memory usage after reset: 2722.04296875 MiB (Increase: 0.0 MiB)
Current lengths of episodes: [1600]
Memory usage at done (index 0, length 1600, since_prev 1600): 2722.04296875 MiB (Increase: 0.0 MiB)
Memory usage before reset: 2722.04296875 MiB (Increase: 0.0 MiB)
Memory usage after reset: 2722.04296875 MiB (Increase: 0.0 MiB)
Training episode 460
Memory usage at middle: 2722.04296875 MiB (Increase: 0.0 MiB)
Memory usage before collect: 2722.04296875 MiB (Increase: 0.0 MiB)
Memory usage after collect: 2722.04296875 MiB (Increase: 0.0 MiB)
Memory usage before initialization: 2722.04296875 MiB (Increase: 0.0 MiB)
Memory usage after initialization: 2722.04296875 MiB (Increase: 0.0 MiB)
Current lengths of episodes: [110]
Memory usage at done (index 0, length 110, since_prev 110): 2722.04296875 MiB (Increase: 0.0 MiB)
Memory usage before reset: 2722.04296875 MiB (Increase: 0.0 MiB)
Memory usage after reset: 2722.04296875 MiB (Increase: 0.0 MiB)
Current lengths of episodes: [69]
Memory usage at done (index 0, length 69, since_prev 69): 2722.04296875 MiB (Increase: 0.0 MiB)
Memory usage before reset: 2722.04296875 MiB (Increase: 0.0 MiB)
Memory usage after reset: 2722.04296875 MiB (Increase: 0.0 MiB)
Training episode 462
Memory usage at middle: 2722.04296875 MiB (Increase: 0.0 MiB)
Memory usage before collect: 2722.04296875 MiB (Increase: 0.0 MiB)
Memory usage after collect: 2722.04296875 MiB (Increase: 0.0 MiB)
Memory usage before initialization: 2722.04296875 MiB (Increase: 0.0 MiB)
Memory usage after initialization: 2722.04296875 MiB (Increase: 0.0 MiB)
Current lengths of episodes: [1600]
Memory usage at done (index 0, length 1600, since_prev 1600): 2722.04296875 MiB (Increase: 0.0 MiB)
Memory usage before reset: 2722.04296875 MiB (Increase: 0.0 MiB)
Memory usage after reset: 2722.04296875 MiB (Increase: 0.0 MiB)
Current lengths of episodes: [1600]
Memory usage at done (index 0, length 1600, since_prev 1600): 2722.04296875 MiB (Increase: 0.0 MiB)
Memory usage before reset: 2722.04296875 MiB (Increase: 0.0 MiB)
Memory usage after reset: 2722.04296875 MiB (Increase: 0.0 MiB)
Training episode 464
Memory usage at middle: 2722.04296875 MiB (Increase: 0.0 MiB)
Memory usage before collect: 2722.04296875 MiB (Increase: 0.0 MiB)
Memory usage after collect: 2722.04296875 MiB (Increase: 0.0 MiB)
Memory usage before initialization: 2722.04296875 MiB (Increase: 0.0 MiB)
Memory usage after initialization: 2722.04296875 MiB (Increase: 0.0 MiB)
Current lengths of episodes: [1600]
Memory usage at done (index 0, length 1600, since_prev 1600): 2722.04296875 MiB (Increase: 0.0 MiB)
Memory usage before reset: 2722.04296875 MiB (Increase: 0.0 MiB)
Memory usage after reset: 2722.04296875 MiB (Increase: 0.0 MiB)
Current lengths of episodes: [1600]
Memory usage at done (index 0, length 1600, since_prev 1600): 2722.04296875 MiB (Increase: 0.0 MiB)
Memory usage before reset: 2722.04296875 MiB (Increase: 0.0 MiB)
Memory usage after reset: 2722.04296875 MiB (Increase: 0.0 MiB)
Training episode 466
Memory usage at middle: 2722.04296875 MiB (Increase: 0.0 MiB)
Memory usage before collect: 2722.04296875 MiB (Increase: 0.0 MiB)
Memory usage after collect: 2722.04296875 MiB (Increase: 0.0 MiB)
Memory usage before initialization: 2722.04296875 MiB (Increase: 0.0 MiB)
Memory usage after initialization: 2722.04296875 MiB (Increase: 0.0 MiB)
Current lengths of episodes: [1600]
Memory usage at done (index 0, length 1600, since_prev 1600): 2722.04296875 MiB (Increase: 0.0 MiB)
Memory usage before reset: 2722.04296875 MiB (Increase: 0.0 MiB)
Memory usage after reset: 2722.04296875 MiB (Increase: 0.0 MiB)
Current lengths of episodes: [1600]
Memory usage at done (index 0, length 1600, since_prev 1600): 2722.04296875 MiB (Increase: 0.0 MiB)
Memory usage before reset: 2722.04296875 MiB (Increase: 0.0 MiB)
Memory usage after reset: 2722.04296875 MiB (Increase: 0.0 MiB)
Training episode 468
Memory usage at middle: 2722.04296875 MiB (Increase: 0.0 MiB)
Memory usage before collect: 2722.04296875 MiB (Increase: 0.0 MiB)
Memory usage after collect: 2722.04296875 MiB (Increase: 0.0 MiB)
Memory usage before initialization: 2722.04296875 MiB (Increase: 0.0 MiB)
Memory usage after initialization: 2722.04296875 MiB (Increase: 0.0 MiB)
Current lengths of episodes: [94]
Memory usage at done (index 0, length 94, since_prev 94): 2722.04296875 MiB (Increase: 0.0 MiB)
Memory usage before reset: 2722.04296875 MiB (Increase: 0.0 MiB)
Memory usage after reset: 2722.04296875 MiB (Increase: 0.0 MiB)
Current lengths of episodes: [89]
Memory usage at done (index 0, length 89, since_prev 89): 2722.04296875 MiB (Increase: 0.0 MiB)
Memory usage before reset: 2722.04296875 MiB (Increase: 0.0 MiB)
Memory usage after reset: 2722.04296875 MiB (Increase: 0.0 MiB)
Training episode 470
Memory usage at middle: 2722.04296875 MiB (Increase: 0.0 MiB)
Memory usage before collect: 2722.04296875 MiB (Increase: 0.0 MiB)
Memory usage after collect: 2722.04296875 MiB (Increase: 0.0 MiB)
Memory usage before initialization: 2722.04296875 MiB (Increase: 0.0 MiB)
Memory usage after initialization: 2722.04296875 MiB (Increase: 0.0 MiB)
Current lengths of episodes: [89]
Memory usage at done (index 0, length 89, since_prev 89): 2722.04296875 MiB (Increase: 0.0 MiB)
Memory usage before reset: 2722.04296875 MiB (Increase: 0.0 MiB)
Memory usage after reset: 2722.04296875 MiB (Increase: 0.0 MiB)
Current lengths of episodes: [75]
Memory usage at done (index 0, length 75, since_prev 75): 2722.04296875 MiB (Increase: 0.0 MiB)
Memory usage before reset: 2722.04296875 MiB (Increase: 0.0 MiB)
Memory usage after reset: 2722.04296875 MiB (Increase: 0.0 MiB)
Training episode 472
Memory usage at middle: 2722.04296875 MiB (Increase: 0.0 MiB)
Memory usage before collect: 2722.04296875 MiB (Increase: 0.0 MiB)
Memory usage after collect: 2722.04296875 MiB (Increase: 0.0 MiB)
Memory usage before initialization: 2722.04296875 MiB (Increase: 0.0 MiB)
Memory usage after initialization: 2722.04296875 MiB (Increase: 0.0 MiB)
Current lengths of episodes: [1600]
Memory usage at done (index 0, length 1600, since_prev 1600): 2722.04296875 MiB (Increase: 0.0 MiB)
Memory usage before reset: 2722.04296875 MiB (Increase: 0.0 MiB)
Memory usage after reset: 2722.04296875 MiB (Increase: 0.0 MiB)
Current lengths of episodes: [1600]
Memory usage at done (index 0, length 1600, since_prev 1600): 2722.04296875 MiB (Increase: 0.0 MiB)
Memory usage before reset: 2722.04296875 MiB (Increase: 0.0 MiB)
Memory usage after reset: 2722.04296875 MiB (Increase: 0.0 MiB)
Training episode 474
Memory usage at middle: 2722.04296875 MiB (Increase: 0.0 MiB)
Memory usage before collect: 2722.04296875 MiB (Increase: 0.0 MiB)
Memory usage after collect: 2722.04296875 MiB (Increase: 0.0 MiB)
Memory usage before initialization: 2722.04296875 MiB (Increase: 0.0 MiB)
Memory usage after initialization: 2722.04296875 MiB (Increase: 0.0 MiB)
Current lengths of episodes: [1600]
Memory usage at done (index 0, length 1600, since_prev 1600): 2722.04296875 MiB (Increase: 0.0 MiB)
Memory usage before reset: 2722.04296875 MiB (Increase: 0.0 MiB)
Memory usage after reset: 2722.04296875 MiB (Increase: 0.0 MiB)
Current lengths of episodes: [78]
Memory usage at done (index 0, length 78, since_prev 78): 2722.04296875 MiB (Increase: 0.0 MiB)
Memory usage before reset: 2722.04296875 MiB (Increase: 0.0 MiB)
Memory usage after reset: 2722.04296875 MiB (Increase: 0.0 MiB)
Training episode 476
Memory usage at middle: 2722.04296875 MiB (Increase: 0.0 MiB)
Memory usage before collect: 2722.04296875 MiB (Increase: 0.0 MiB)
Memory usage after collect: 2722.04296875 MiB (Increase: 0.0 MiB)
Memory usage before initialization: 2722.04296875 MiB (Increase: 0.0 MiB)
Memory usage after initialization: 2722.04296875 MiB (Increase: 0.0 MiB)
Current lengths of episodes: [52]
Memory usage at done (index 0, length 52, since_prev 52): 2722.04296875 MiB (Increase: 0.0 MiB)
Memory usage before reset: 2722.04296875 MiB (Increase: 0.0 MiB)
Memory usage after reset: 2722.04296875 MiB (Increase: 0.0 MiB)
Current lengths of episodes: [135]
Memory usage at done (index 0, length 135, since_prev 135): 2722.04296875 MiB (Increase: 0.0 MiB)
Memory usage before reset: 2722.04296875 MiB (Increase: 0.0 MiB)
Memory usage after reset: 2722.04296875 MiB (Increase: 0.0 MiB)
Training episode 478
Memory usage at middle: 2722.04296875 MiB (Increase: 0.0 MiB)
Memory usage before collect: 2722.04296875 MiB (Increase: 0.0 MiB)
Memory usage after collect: 2722.04296875 MiB (Increase: 0.0 MiB)
Memory usage before initialization: 2722.04296875 MiB (Increase: 0.0 MiB)
Memory usage after initialization: 2722.04296875 MiB (Increase: 0.0 MiB)
Current lengths of episodes: [1600]
Memory usage at done (index 0, length 1600, since_prev 1600): 2722.04296875 MiB (Increase: 0.0 MiB)
Memory usage before reset: 2722.04296875 MiB (Increase: 0.0 MiB)
Memory usage after reset: 2722.04296875 MiB (Increase: 0.0 MiB)
Current lengths of episodes: [100]
Memory usage at done (index 0, length 100, since_prev 100): 2722.04296875 MiB (Increase: 0.0 MiB)
Memory usage before reset: 2722.04296875 MiB (Increase: 0.0 MiB)
Memory usage after reset: 2722.04296875 MiB (Increase: 0.0 MiB)
Training episode 480
Memory usage at middle: 2722.04296875 MiB (Increase: 0.0 MiB)
Memory usage before collect: 2722.04296875 MiB (Increase: 0.0 MiB)
Memory usage after collect: 2722.04296875 MiB (Increase: 0.0 MiB)
Memory usage before initialization: 2722.04296875 MiB (Increase: 0.0 MiB)
Memory usage after initialization: 2722.04296875 MiB (Increase: 0.0 MiB)
Current lengths of episodes: [1600]
Memory usage at done (index 0, length 1600, since_prev 1600): 2722.04296875 MiB (Increase: 0.0 MiB)
Memory usage before reset: 2722.04296875 MiB (Increase: 0.0 MiB)
Memory usage after reset: 2722.04296875 MiB (Increase: 0.0 MiB)
Current lengths of episodes: [109]
Memory usage at done (index 0, length 109, since_prev 109): 2722.04296875 MiB (Increase: 0.0 MiB)
Memory usage before reset: 2722.04296875 MiB (Increase: 0.0 MiB)
Memory usage after reset: 2722.04296875 MiB (Increase: 0.0 MiB)
Training episode 482
Memory usage at middle: 2722.04296875 MiB (Increase: 0.0 MiB)
Memory usage before collect: 2722.04296875 MiB (Increase: 0.0 MiB)
Memory usage after collect: 2722.04296875 MiB (Increase: 0.0 MiB)
Memory usage before initialization: 2722.04296875 MiB (Increase: 0.0 MiB)
Memory usage after initialization: 2722.04296875 MiB (Increase: 0.0 MiB)
Current lengths of episodes: [91]
Memory usage at done (index 0, length 91, since_prev 91): 2722.04296875 MiB (Increase: 0.0 MiB)
Memory usage before reset: 2722.04296875 MiB (Increase: 0.0 MiB)
Memory usage after reset: 2722.04296875 MiB (Increase: 0.0 MiB)
Current lengths of episodes: [73]
Memory usage at done (index 0, length 73, since_prev 73): 2722.04296875 MiB (Increase: 0.0 MiB)
Memory usage before reset: 2722.04296875 MiB (Increase: 0.0 MiB)
Memory usage after reset: 2722.04296875 MiB (Increase: 0.0 MiB)
Training episode 484
Memory usage at middle: 2722.04296875 MiB (Increase: 0.0 MiB)
Memory usage before collect: 2722.04296875 MiB (Increase: 0.0 MiB)
Memory usage after collect: 2722.04296875 MiB (Increase: 0.0 MiB)
Memory usage before initialization: 2722.04296875 MiB (Increase: 0.0 MiB)
Memory usage after initialization: 2722.04296875 MiB (Increase: 0.0 MiB)
Current lengths of episodes: [90]
Memory usage at done (index 0, length 90, since_prev 90): 2722.04296875 MiB (Increase: 0.0 MiB)
Memory usage before reset: 2722.04296875 MiB (Increase: 0.0 MiB)
Memory usage after reset: 2722.04296875 MiB (Increase: 0.0 MiB)
Current lengths of episodes: [63]
Memory usage at done (index 0, length 63, since_prev 63): 2722.04296875 MiB (Increase: 0.0 MiB)
Memory usage before reset: 2722.04296875 MiB (Increase: 0.0 MiB)
Memory usage after reset: 2722.04296875 MiB (Increase: 0.0 MiB)
Training episode 486
Memory usage at middle: 2722.04296875 MiB (Increase: 0.0 MiB)
Memory usage before collect: 2722.04296875 MiB (Increase: 0.0 MiB)
Memory usage after collect: 2722.04296875 MiB (Increase: 0.0 MiB)
Memory usage before initialization: 2722.04296875 MiB (Increase: 0.0 MiB)
Memory usage after initialization: 2722.04296875 MiB (Increase: 0.0 MiB)
Current lengths of episodes: [1600]
Memory usage at done (index 0, length 1600, since_prev 1600): 2722.04296875 MiB (Increase: 0.0 MiB)
Memory usage before reset: 2722.04296875 MiB (Increase: 0.0 MiB)
Memory usage after reset: 2722.04296875 MiB (Increase: 0.0 MiB)
Current lengths of episodes: [1600]
Memory usage at done (index 0, length 1600, since_prev 1600): 2722.04296875 MiB (Increase: 0.0 MiB)
Memory usage before reset: 2722.04296875 MiB (Increase: 0.0 MiB)
Memory usage after reset: 2722.04296875 MiB (Increase: 0.0 MiB)
Training episode 488
Memory usage at middle: 2722.04296875 MiB (Increase: 0.0 MiB)
Memory usage before collect: 2722.04296875 MiB (Increase: 0.0 MiB)
Memory usage after collect: 2722.04296875 MiB (Increase: 0.0 MiB)
Memory usage before initialization: 2722.04296875 MiB (Increase: 0.0 MiB)
Memory usage after initialization: 2722.04296875 MiB (Increase: 0.0 MiB)
Current lengths of episodes: [1600]
Memory usage at done (index 0, length 1600, since_prev 1600): 2722.04296875 MiB (Increase: 0.0 MiB)
Memory usage before reset: 2722.04296875 MiB (Increase: 0.0 MiB)
Memory usage after reset: 2722.04296875 MiB (Increase: 0.0 MiB)
Current lengths of episodes: [1600]
Memory usage at done (index 0, length 1600, since_prev 1600): 2722.04296875 MiB (Increase: 0.0 MiB)
Memory usage before reset: 2722.04296875 MiB (Increase: 0.0 MiB)
Memory usage after reset: 2722.04296875 MiB (Increase: 0.0 MiB)
Training episode 490
Memory usage at middle: 2722.04296875 MiB (Increase: 0.0 MiB)
Memory usage before collect: 2722.04296875 MiB (Increase: 0.0 MiB)
Memory usage after collect: 2722.04296875 MiB (Increase: 0.0 MiB)
Memory usage before initialization: 2722.04296875 MiB (Increase: 0.0 MiB)
Memory usage after initialization: 2722.04296875 MiB (Increase: 0.0 MiB)
Current lengths of episodes: [74]
Memory usage at done (index 0, length 74, since_prev 74): 2722.04296875 MiB (Increase: 0.0 MiB)
Memory usage before reset: 2722.04296875 MiB (Increase: 0.0 MiB)
Memory usage after reset: 2722.04296875 MiB (Increase: 0.0 MiB)
Current lengths of episodes: [68]
Memory usage at done (index 0, length 68, since_prev 68): 2722.04296875 MiB (Increase: 0.0 MiB)
Memory usage before reset: 2722.04296875 MiB (Increase: 0.0 MiB)
Memory usage after reset: 2722.04296875 MiB (Increase: 0.0 MiB)
Training episode 492
Memory usage at middle: 2722.04296875 MiB (Increase: 0.0 MiB)
Memory usage before collect: 2722.04296875 MiB (Increase: 0.0 MiB)
Memory usage after collect: 2722.04296875 MiB (Increase: 0.0 MiB)
Memory usage before initialization: 2722.04296875 MiB (Increase: 0.0 MiB)
Memory usage after initialization: 2722.04296875 MiB (Increase: 0.0 MiB)
Current lengths of episodes: [72]
Memory usage at done (index 0, length 72, since_prev 72): 2722.04296875 MiB (Increase: 0.0 MiB)
Memory usage before reset: 2722.04296875 MiB (Increase: 0.0 MiB)
Memory usage after reset: 2722.04296875 MiB (Increase: 0.0 MiB)
Current lengths of episodes: [1600]
Memory usage at done (index 0, length 1600, since_prev 1600): 2722.04296875 MiB (Increase: 0.0 MiB)
Memory usage before reset: 2722.04296875 MiB (Increase: 0.0 MiB)
Memory usage after reset: 2722.04296875 MiB (Increase: 0.0 MiB)
Training episode 494
Memory usage at middle: 2722.04296875 MiB (Increase: 0.0 MiB)
Memory usage before collect: 2722.04296875 MiB (Increase: 0.0 MiB)
Memory usage after collect: 2722.04296875 MiB (Increase: 0.0 MiB)
Memory usage before initialization: 2722.04296875 MiB (Increase: 0.0 MiB)
Memory usage after initialization: 2722.04296875 MiB (Increase: 0.0 MiB)
Current lengths of episodes: [1600]
Memory usage at done (index 0, length 1600, since_prev 1600): 2722.04296875 MiB (Increase: 0.0 MiB)
Memory usage before reset: 2722.04296875 MiB (Increase: 0.0 MiB)
Memory usage after reset: 2722.04296875 MiB (Increase: 0.0 MiB)
Current lengths of episodes: [1600]
Memory usage at done (index 0, length 1600, since_prev 1600): 2722.04296875 MiB (Increase: 0.0 MiB)
Memory usage before reset: 2722.04296875 MiB (Increase: 0.0 MiB)
Memory usage after reset: 2722.04296875 MiB (Increase: 0.0 MiB)
Training episode 496
Memory usage at middle: 2722.04296875 MiB (Increase: 0.0 MiB)
Memory usage before collect: 2722.04296875 MiB (Increase: 0.0 MiB)
Memory usage after collect: 2722.04296875 MiB (Increase: 0.0 MiB)
Memory usage before initialization: 2722.04296875 MiB (Increase: 0.0 MiB)
Memory usage after initialization: 2722.04296875 MiB (Increase: 0.0 MiB)
Current lengths of episodes: [1600]
Memory usage at done (index 0, length 1600, since_prev 1600): 2722.04296875 MiB (Increase: 0.0 MiB)
Memory usage before reset: 2722.04296875 MiB (Increase: 0.0 MiB)
Memory usage after reset: 2722.04296875 MiB (Increase: 0.0 MiB)
Current lengths of episodes: [64]
Memory usage at done (index 0, length 64, since_prev 64): 2722.04296875 MiB (Increase: 0.0 MiB)
Memory usage before reset: 2722.04296875 MiB (Increase: 0.0 MiB)
Memory usage after reset: 2722.04296875 MiB (Increase: 0.0 MiB)
Training episode 498
Memory usage at middle: 2722.04296875 MiB (Increase: 0.0 MiB)
Memory usage before collect: 2722.04296875 MiB (Increase: 0.0 MiB)
Memory usage after collect: 2722.04296875 MiB (Increase: 0.0 MiB)
Memory usage before initialization: 2722.04296875 MiB (Increase: 0.0 MiB)
Memory usage after initialization: 2722.04296875 MiB (Increase: 0.0 MiB)
Current lengths of episodes: [93]
Memory usage at done (index 0, length 93, since_prev 93): 2722.04296875 MiB (Increase: 0.0 MiB)
Memory usage before reset: 2722.04296875 MiB (Increase: 0.0 MiB)
Memory usage after reset: 2722.04296875 MiB (Increase: 0.0 MiB)
Current lengths of episodes: [1600]
Memory usage at done (index 0, length 1600, since_prev 1600): 2722.04296875 MiB (Increase: 0.0 MiB)
Memory usage before reset: 2722.04296875 MiB (Increase: 0.0 MiB)
Memory usage after reset: 2722.04296875 MiB (Increase: 0.0 MiB)
Training episode 500
Memory usage at middle: 2722.04296875 MiB (Increase: 0.0 MiB)
Memory usage before collect: 2722.04296875 MiB (Increase: 0.0 MiB)
Memory usage after collect: 2722.04296875 MiB (Increase: 0.0 MiB)
Episode 500	Average evaluation: -120.1794142131429
Memory usage before initialization: 2722.04296875 MiB (Increase: 0.0 MiB)
Memory usage after initialization: 2722.04296875 MiB (Increase: 0.0 MiB)
Current lengths of episodes: [1600]
Memory usage at done (index 0, length 1600, since_prev 1600): 2722.04296875 MiB (Increase: 0.0 MiB)
Memory usage before reset: 2722.04296875 MiB (Increase: 0.0 MiB)
Memory usage after reset: 2722.04296875 MiB (Increase: 0.0 MiB)
Current lengths of episodes: [98]
Memory usage at done (index 0, length 98, since_prev 98): 2722.04296875 MiB (Increase: 0.0 MiB)
Memory usage before reset: 2722.04296875 MiB (Increase: 0.0 MiB)
Memory usage after reset: 2722.04296875 MiB (Increase: 0.0 MiB)
Training episode 502
Memory usage at middle: 2722.04296875 MiB (Increase: 0.0 MiB)
Memory usage before collect: 2722.04296875 MiB (Increase: 0.0 MiB)
Memory usage after collect: 2722.04296875 MiB (Increase: 0.0 MiB)
Memory usage before initialization: 2722.04296875 MiB (Increase: 0.0 MiB)
Memory usage after initialization: 2722.04296875 MiB (Increase: 0.0 MiB)
Current lengths of episodes: [93]
Memory usage at done (index 0, length 93, since_prev 93): 2722.04296875 MiB (Increase: 0.0 MiB)
Memory usage before reset: 2722.04296875 MiB (Increase: 0.0 MiB)
Memory usage after reset: 2722.04296875 MiB (Increase: 0.0 MiB)
Current lengths of episodes: [59]
Memory usage at done (index 0, length 59, since_prev 59): 2722.04296875 MiB (Increase: 0.0 MiB)
Memory usage before reset: 2722.04296875 MiB (Increase: 0.0 MiB)
Memory usage after reset: 2722.04296875 MiB (Increase: 0.0 MiB)
Training episode 504
Memory usage at middle: 2722.04296875 MiB (Increase: 0.0 MiB)
Memory usage before collect: 2722.04296875 MiB (Increase: 0.0 MiB)
Memory usage after collect: 2722.04296875 MiB (Increase: 0.0 MiB)
Memory usage before initialization: 2722.04296875 MiB (Increase: 0.0 MiB)
Memory usage after initialization: 2722.04296875 MiB (Increase: 0.0 MiB)
Current lengths of episodes: [1600]
Memory usage at done (index 0, length 1600, since_prev 1600): 2722.04296875 MiB (Increase: 0.0 MiB)
Memory usage before reset: 2722.04296875 MiB (Increase: 0.0 MiB)
Memory usage after reset: 2722.04296875 MiB (Increase: 0.0 MiB)
Current lengths of episodes: [1600]
Memory usage at done (index 0, length 1600, since_prev 1600): 2722.04296875 MiB (Increase: 0.0 MiB)
Memory usage before reset: 2722.04296875 MiB (Increase: 0.0 MiB)
Memory usage after reset: 2722.04296875 MiB (Increase: 0.0 MiB)
Training episode 506
Memory usage at middle: 2722.04296875 MiB (Increase: 0.0 MiB)
Memory usage before collect: 2722.04296875 MiB (Increase: 0.0 MiB)
Memory usage after collect: 2722.04296875 MiB (Increase: 0.0 MiB)
Memory usage before initialization: 2722.04296875 MiB (Increase: 0.0 MiB)
Memory usage after initialization: 2722.04296875 MiB (Increase: 0.0 MiB)
Current lengths of episodes: [1079]
Memory usage at done (index 0, length 1079, since_prev 1079): 2722.04296875 MiB (Increase: 0.0 MiB)
Memory usage before reset: 2722.04296875 MiB (Increase: 0.0 MiB)
Memory usage after reset: 2722.04296875 MiB (Increase: 0.0 MiB)
Current lengths of episodes: [1600]
Memory usage at done (index 0, length 1600, since_prev 1600): 2722.04296875 MiB (Increase: 0.0 MiB)
Memory usage before reset: 2722.04296875 MiB (Increase: 0.0 MiB)
Memory usage after reset: 2722.04296875 MiB (Increase: 0.0 MiB)
Training episode 508
Memory usage at middle: 2722.04296875 MiB (Increase: 0.0 MiB)
Memory usage before collect: 2722.04296875 MiB (Increase: 0.0 MiB)
Memory usage after collect: 2722.04296875 MiB (Increase: 0.0 MiB)
Memory usage before initialization: 2722.04296875 MiB (Increase: 0.0 MiB)
Memory usage after initialization: 2722.04296875 MiB (Increase: 0.0 MiB)
Current lengths of episodes: [1600]
Memory usage at done (index 0, length 1600, since_prev 1600): 2722.04296875 MiB (Increase: 0.0 MiB)
Memory usage before reset: 2722.04296875 MiB (Increase: 0.0 MiB)
Memory usage after reset: 2722.04296875 MiB (Increase: 0.0 MiB)
Current lengths of episodes: [51]
Memory usage at done (index 0, length 51, since_prev 51): 2722.04296875 MiB (Increase: 0.0 MiB)
Memory usage before reset: 2722.04296875 MiB (Increase: 0.0 MiB)
Memory usage after reset: 2722.04296875 MiB (Increase: 0.0 MiB)
Training episode 510
Memory usage at middle: 2722.04296875 MiB (Increase: 0.0 MiB)
Memory usage before collect: 2722.04296875 MiB (Increase: 0.0 MiB)
Memory usage after collect: 2722.04296875 MiB (Increase: 0.0 MiB)
Memory usage before initialization: 2722.04296875 MiB (Increase: 0.0 MiB)
Memory usage after initialization: 2722.04296875 MiB (Increase: 0.0 MiB)
Current lengths of episodes: [55]
Memory usage at done (index 0, length 55, since_prev 55): 2722.04296875 MiB (Increase: 0.0 MiB)
Memory usage before reset: 2722.04296875 MiB (Increase: 0.0 MiB)
Memory usage after reset: 2722.04296875 MiB (Increase: 0.0 MiB)
Current lengths of episodes: [1600]
Memory usage at done (index 0, length 1600, since_prev 1600): 2722.04296875 MiB (Increase: 0.0 MiB)
Memory usage before reset: 2722.04296875 MiB (Increase: 0.0 MiB)
Memory usage after reset: 2722.04296875 MiB (Increase: 0.0 MiB)
Training episode 512
Memory usage at middle: 2722.04296875 MiB (Increase: 0.0 MiB)
Memory usage before collect: 2722.04296875 MiB (Increase: 0.0 MiB)
Memory usage after collect: 2722.04296875 MiB (Increase: 0.0 MiB)
Memory usage before initialization: 2722.04296875 MiB (Increase: 0.0 MiB)
Memory usage after initialization: 2722.04296875 MiB (Increase: 0.0 MiB)
Current lengths of episodes: [84]
Memory usage at done (index 0, length 84, since_prev 84): 2722.04296875 MiB (Increase: 0.0 MiB)
Memory usage before reset: 2722.04296875 MiB (Increase: 0.0 MiB)
Memory usage after reset: 2722.04296875 MiB (Increase: 0.0 MiB)
Current lengths of episodes: [41]
Memory usage at done (index 0, length 41, since_prev 41): 2722.04296875 MiB (Increase: 0.0 MiB)
Memory usage before reset: 2722.04296875 MiB (Increase: 0.0 MiB)
Memory usage after reset: 2722.04296875 MiB (Increase: 0.0 MiB)
Training episode 514
Memory usage at middle: 2722.04296875 MiB (Increase: 0.0 MiB)
Memory usage before collect: 2722.04296875 MiB (Increase: 0.0 MiB)
Memory usage after collect: 2722.04296875 MiB (Increase: 0.0 MiB)
Memory usage before initialization: 2722.04296875 MiB (Increase: 0.0 MiB)
Memory usage after initialization: 2722.04296875 MiB (Increase: 0.0 MiB)
Current lengths of episodes: [324]
Memory usage at done (index 0, length 324, since_prev 324): 2722.04296875 MiB (Increase: 0.0 MiB)
Memory usage before reset: 2722.04296875 MiB (Increase: 0.0 MiB)
Memory usage after reset: 2722.04296875 MiB (Increase: 0.0 MiB)
Current lengths of episodes: [61]
Memory usage at done (index 0, length 61, since_prev 61): 2722.04296875 MiB (Increase: 0.0 MiB)
Memory usage before reset: 2722.04296875 MiB (Increase: 0.0 MiB)
Memory usage after reset: 2722.04296875 MiB (Increase: 0.0 MiB)
Training episode 516
Memory usage at middle: 2722.04296875 MiB (Increase: 0.0 MiB)
Memory usage before collect: 2722.04296875 MiB (Increase: 0.0 MiB)
Memory usage after collect: 2722.04296875 MiB (Increase: 0.0 MiB)
Memory usage before initialization: 2722.04296875 MiB (Increase: 0.0 MiB)
Memory usage after initialization: 2722.04296875 MiB (Increase: 0.0 MiB)
Current lengths of episodes: [69]
Memory usage at done (index 0, length 69, since_prev 69): 2722.04296875 MiB (Increase: 0.0 MiB)
Memory usage before reset: 2722.04296875 MiB (Increase: 0.0 MiB)
Memory usage after reset: 2722.04296875 MiB (Increase: 0.0 MiB)
Current lengths of episodes: [1600]
Memory usage at done (index 0, length 1600, since_prev 1600): 2722.04296875 MiB (Increase: 0.0 MiB)
Memory usage before reset: 2722.04296875 MiB (Increase: 0.0 MiB)
Memory usage after reset: 2722.04296875 MiB (Increase: 0.0 MiB)
Training episode 518
Memory usage at middle: 2722.04296875 MiB (Increase: 0.0 MiB)
Memory usage before collect: 2722.04296875 MiB (Increase: 0.0 MiB)
Memory usage after collect: 2722.04296875 MiB (Increase: 0.0 MiB)
Memory usage before initialization: 2722.04296875 MiB (Increase: 0.0 MiB)
Memory usage after initialization: 2722.04296875 MiB (Increase: 0.0 MiB)
Current lengths of episodes: [149]
Memory usage at done (index 0, length 149, since_prev 149): 2722.04296875 MiB (Increase: 0.0 MiB)
Memory usage before reset: 2722.04296875 MiB (Increase: 0.0 MiB)
Memory usage after reset: 2722.04296875 MiB (Increase: 0.0 MiB)
Current lengths of episodes: [1600]
Memory usage at done (index 0, length 1600, since_prev 1600): 2722.04296875 MiB (Increase: 0.0 MiB)
Memory usage before reset: 2722.04296875 MiB (Increase: 0.0 MiB)
Memory usage after reset: 2722.04296875 MiB (Increase: 0.0 MiB)
Training episode 520
Memory usage at middle: 2722.04296875 MiB (Increase: 0.0 MiB)
Memory usage before collect: 2722.04296875 MiB (Increase: 0.0 MiB)
Memory usage after collect: 2722.04296875 MiB (Increase: 0.0 MiB)
Memory usage before initialization: 2722.04296875 MiB (Increase: 0.0 MiB)
Memory usage after initialization: 2722.04296875 MiB (Increase: 0.0 MiB)
Current lengths of episodes: [94]
Memory usage at done (index 0, length 94, since_prev 94): 2722.04296875 MiB (Increase: 0.0 MiB)
Memory usage before reset: 2722.04296875 MiB (Increase: 0.0 MiB)
Memory usage after reset: 2722.04296875 MiB (Increase: 0.0 MiB)
Current lengths of episodes: [56]
Memory usage at done (index 0, length 56, since_prev 56): 2722.04296875 MiB (Increase: 0.0 MiB)
Memory usage before reset: 2722.04296875 MiB (Increase: 0.0 MiB)
Memory usage after reset: 2722.04296875 MiB (Increase: 0.0 MiB)
Training episode 522
Memory usage at middle: 2722.04296875 MiB (Increase: 0.0 MiB)
Memory usage before collect: 2722.04296875 MiB (Increase: 0.0 MiB)
Memory usage after collect: 2722.04296875 MiB (Increase: 0.0 MiB)
Memory usage before initialization: 2722.04296875 MiB (Increase: 0.0 MiB)
Memory usage after initialization: 2722.04296875 MiB (Increase: 0.0 MiB)
Current lengths of episodes: [99]
Memory usage at done (index 0, length 99, since_prev 99): 2722.04296875 MiB (Increase: 0.0 MiB)
Memory usage before reset: 2722.04296875 MiB (Increase: 0.0 MiB)
Memory usage after reset: 2722.04296875 MiB (Increase: 0.0 MiB)
Current lengths of episodes: [54]
Memory usage at done (index 0, length 54, since_prev 54): 2722.04296875 MiB (Increase: 0.0 MiB)
Memory usage before reset: 2722.04296875 MiB (Increase: 0.0 MiB)
Memory usage after reset: 2722.04296875 MiB (Increase: 0.0 MiB)
Training episode 524
Memory usage at middle: 2722.04296875 MiB (Increase: 0.0 MiB)
Memory usage before collect: 2722.04296875 MiB (Increase: 0.0 MiB)
Memory usage after collect: 2722.04296875 MiB (Increase: 0.0 MiB)
Memory usage before initialization: 2722.04296875 MiB (Increase: 0.0 MiB)
Memory usage after initialization: 2722.04296875 MiB (Increase: 0.0 MiB)
Current lengths of episodes: [1600]
Memory usage at done (index 0, length 1600, since_prev 1600): 2722.04296875 MiB (Increase: 0.0 MiB)
Memory usage before reset: 2722.04296875 MiB (Increase: 0.0 MiB)
Memory usage after reset: 2722.04296875 MiB (Increase: 0.0 MiB)
Current lengths of episodes: [1600]
Memory usage at done (index 0, length 1600, since_prev 1600): 2722.04296875 MiB (Increase: 0.0 MiB)
Memory usage before reset: 2722.04296875 MiB (Increase: 0.0 MiB)
Memory usage after reset: 2722.04296875 MiB (Increase: 0.0 MiB)
Training episode 526
Memory usage at middle: 2722.04296875 MiB (Increase: 0.0 MiB)
Memory usage before collect: 2722.04296875 MiB (Increase: 0.0 MiB)
Memory usage after collect: 2722.04296875 MiB (Increase: 0.0 MiB)
Memory usage before initialization: 2722.04296875 MiB (Increase: 0.0 MiB)
Memory usage after initialization: 2722.04296875 MiB (Increase: 0.0 MiB)
Current lengths of episodes: [1600]
Memory usage at done (index 0, length 1600, since_prev 1600): 2722.04296875 MiB (Increase: 0.0 MiB)
Memory usage before reset: 2722.04296875 MiB (Increase: 0.0 MiB)
Memory usage after reset: 2722.04296875 MiB (Increase: 0.0 MiB)
Current lengths of episodes: [1600]
Memory usage at done (index 0, length 1600, since_prev 1600): 2722.04296875 MiB (Increase: 0.0 MiB)
Memory usage before reset: 2722.04296875 MiB (Increase: 0.0 MiB)
Memory usage after reset: 2722.04296875 MiB (Increase: 0.0 MiB)
Training episode 528
Memory usage at middle: 2722.04296875 MiB (Increase: 0.0 MiB)
Memory usage before collect: 2722.04296875 MiB (Increase: 0.0 MiB)
Memory usage after collect: 2722.04296875 MiB (Increase: 0.0 MiB)
Memory usage before initialization: 2722.04296875 MiB (Increase: 0.0 MiB)
Memory usage after initialization: 2722.04296875 MiB (Increase: 0.0 MiB)
Current lengths of episodes: [1600]
Memory usage at done (index 0, length 1600, since_prev 1600): 2722.04296875 MiB (Increase: 0.0 MiB)
Memory usage before reset: 2722.04296875 MiB (Increase: 0.0 MiB)
Memory usage after reset: 2722.04296875 MiB (Increase: 0.0 MiB)
Current lengths of episodes: [84]
Memory usage at done (index 0, length 84, since_prev 84): 2722.04296875 MiB (Increase: 0.0 MiB)
Memory usage before reset: 2722.04296875 MiB (Increase: 0.0 MiB)
Memory usage after reset: 2722.04296875 MiB (Increase: 0.0 MiB)
Training episode 530
Memory usage at middle: 2722.04296875 MiB (Increase: 0.0 MiB)
Memory usage before collect: 2722.04296875 MiB (Increase: 0.0 MiB)
Memory usage after collect: 2722.04296875 MiB (Increase: 0.0 MiB)
Memory usage before initialization: 2722.04296875 MiB (Increase: 0.0 MiB)
Memory usage after initialization: 2722.04296875 MiB (Increase: 0.0 MiB)
Current lengths of episodes: [734]
Memory usage at done (index 0, length 734, since_prev 734): 2722.04296875 MiB (Increase: 0.0 MiB)
Memory usage before reset: 2722.04296875 MiB (Increase: 0.0 MiB)
Memory usage after reset: 2722.04296875 MiB (Increase: 0.0 MiB)
Current lengths of episodes: [1600]
Memory usage at done (index 0, length 1600, since_prev 1600): 2722.04296875 MiB (Increase: 0.0 MiB)
Memory usage before reset: 2722.04296875 MiB (Increase: 0.0 MiB)
Memory usage after reset: 2722.04296875 MiB (Increase: 0.0 MiB)
Training episode 532
Memory usage at middle: 2722.04296875 MiB (Increase: 0.0 MiB)
Memory usage before collect: 2722.04296875 MiB (Increase: 0.0 MiB)
Memory usage after collect: 2722.04296875 MiB (Increase: 0.0 MiB)
Memory usage before initialization: 2722.04296875 MiB (Increase: 0.0 MiB)
Memory usage after initialization: 2722.04296875 MiB (Increase: 0.0 MiB)
Current lengths of episodes: [1600]
Memory usage at done (index 0, length 1600, since_prev 1600): 2722.04296875 MiB (Increase: 0.0 MiB)
Memory usage before reset: 2722.04296875 MiB (Increase: 0.0 MiB)
Memory usage after reset: 2722.04296875 MiB (Increase: 0.0 MiB)
Current lengths of episodes: [589]
Memory usage at done (index 0, length 589, since_prev 589): 2722.04296875 MiB (Increase: 0.0 MiB)
Memory usage before reset: 2722.04296875 MiB (Increase: 0.0 MiB)
Memory usage after reset: 2722.04296875 MiB (Increase: 0.0 MiB)
Training episode 534
Memory usage at middle: 2722.04296875 MiB (Increase: 0.0 MiB)
Memory usage before collect: 2722.04296875 MiB (Increase: 0.0 MiB)
Memory usage after collect: 2722.04296875 MiB (Increase: 0.0 MiB)
Memory usage before initialization: 2722.04296875 MiB (Increase: 0.0 MiB)
Memory usage after initialization: 2722.04296875 MiB (Increase: 0.0 MiB)
Current lengths of episodes: [1600]
Memory usage at done (index 0, length 1600, since_prev 1600): 2722.04296875 MiB (Increase: 0.0 MiB)
Memory usage before reset: 2722.04296875 MiB (Increase: 0.0 MiB)
Memory usage after reset: 2722.04296875 MiB (Increase: 0.0 MiB)
Current lengths of episodes: [1600]
Memory usage at done (index 0, length 1600, since_prev 1600): 2722.04296875 MiB (Increase: 0.0 MiB)
Memory usage before reset: 2722.04296875 MiB (Increase: 0.0 MiB)
Memory usage after reset: 2722.04296875 MiB (Increase: 0.0 MiB)
Training episode 536
Memory usage at middle: 2722.04296875 MiB (Increase: 0.0 MiB)
Memory usage before collect: 2722.04296875 MiB (Increase: 0.0 MiB)
Memory usage after collect: 2722.04296875 MiB (Increase: 0.0 MiB)
Memory usage before initialization: 2722.04296875 MiB (Increase: 0.0 MiB)
Memory usage after initialization: 2722.04296875 MiB (Increase: 0.0 MiB)
Current lengths of episodes: [46]
Memory usage at done (index 0, length 46, since_prev 46): 2722.04296875 MiB (Increase: 0.0 MiB)
Memory usage before reset: 2722.04296875 MiB (Increase: 0.0 MiB)
Memory usage after reset: 2722.04296875 MiB (Increase: 0.0 MiB)
Current lengths of episodes: [70]
Memory usage at done (index 0, length 70, since_prev 70): 2722.04296875 MiB (Increase: 0.0 MiB)
Memory usage before reset: 2722.04296875 MiB (Increase: 0.0 MiB)
Memory usage after reset: 2722.04296875 MiB (Increase: 0.0 MiB)
Training episode 538
Memory usage at middle: 2722.04296875 MiB (Increase: 0.0 MiB)
Memory usage before collect: 2722.04296875 MiB (Increase: 0.0 MiB)
Memory usage after collect: 2722.04296875 MiB (Increase: 0.0 MiB)
Memory usage before initialization: 2722.04296875 MiB (Increase: 0.0 MiB)
Memory usage after initialization: 2722.04296875 MiB (Increase: 0.0 MiB)
Current lengths of episodes: [116]
Memory usage at done (index 0, length 116, since_prev 116): 2722.04296875 MiB (Increase: 0.0 MiB)
Memory usage before reset: 2722.04296875 MiB (Increase: 0.0 MiB)
Memory usage after reset: 2722.04296875 MiB (Increase: 0.0 MiB)
Current lengths of episodes: [1600]
Memory usage at done (index 0, length 1600, since_prev 1600): 2722.04296875 MiB (Increase: 0.0 MiB)
Memory usage before reset: 2722.04296875 MiB (Increase: 0.0 MiB)
Memory usage after reset: 2722.04296875 MiB (Increase: 0.0 MiB)
Training episode 540
Memory usage at middle: 2722.04296875 MiB (Increase: 0.0 MiB)
Memory usage before collect: 2722.04296875 MiB (Increase: 0.0 MiB)
Memory usage after collect: 2722.04296875 MiB (Increase: 0.0 MiB)
Memory usage before initialization: 2722.04296875 MiB (Increase: 0.0 MiB)
Memory usage after initialization: 2722.04296875 MiB (Increase: 0.0 MiB)
Current lengths of episodes: [1600]
Memory usage at done (index 0, length 1600, since_prev 1600): 2722.04296875 MiB (Increase: 0.0 MiB)
Memory usage before reset: 2722.04296875 MiB (Increase: 0.0 MiB)
Memory usage after reset: 2722.04296875 MiB (Increase: 0.0 MiB)
Current lengths of episodes: [60]
Memory usage at done (index 0, length 60, since_prev 60): 2722.04296875 MiB (Increase: 0.0 MiB)
Memory usage before reset: 2722.04296875 MiB (Increase: 0.0 MiB)
Memory usage after reset: 2722.04296875 MiB (Increase: 0.0 MiB)
Training episode 542
Memory usage at middle: 2722.04296875 MiB (Increase: 0.0 MiB)
Memory usage before collect: 2722.04296875 MiB (Increase: 0.0 MiB)
Memory usage after collect: 2722.04296875 MiB (Increase: 0.0 MiB)
Memory usage before initialization: 2722.04296875 MiB (Increase: 0.0 MiB)
Memory usage after initialization: 2722.04296875 MiB (Increase: 0.0 MiB)
Current lengths of episodes: [1600]
Memory usage at done (index 0, length 1600, since_prev 1600): 2722.04296875 MiB (Increase: 0.0 MiB)
Memory usage before reset: 2722.04296875 MiB (Increase: 0.0 MiB)
Memory usage after reset: 2722.04296875 MiB (Increase: 0.0 MiB)
Current lengths of episodes: [1600]
Memory usage at done (index 0, length 1600, since_prev 1600): 2722.04296875 MiB (Increase: 0.0 MiB)
Memory usage before reset: 2722.04296875 MiB (Increase: 0.0 MiB)
Memory usage after reset: 2722.04296875 MiB (Increase: 0.0 MiB)
Training episode 544
Memory usage at middle: 2722.04296875 MiB (Increase: 0.0 MiB)
Memory usage before collect: 2722.04296875 MiB (Increase: 0.0 MiB)
Memory usage after collect: 2722.04296875 MiB (Increase: 0.0 MiB)
Memory usage before initialization: 2722.04296875 MiB (Increase: 0.0 MiB)
Memory usage after initialization: 2722.04296875 MiB (Increase: 0.0 MiB)
Current lengths of episodes: [1600]
Memory usage at done (index 0, length 1600, since_prev 1600): 2722.04296875 MiB (Increase: 0.0 MiB)
Memory usage before reset: 2722.04296875 MiB (Increase: 0.0 MiB)
Memory usage after reset: 2722.04296875 MiB (Increase: 0.0 MiB)
Current lengths of episodes: [1600]
Memory usage at done (index 0, length 1600, since_prev 1600): 2722.04296875 MiB (Increase: 0.0 MiB)
Memory usage before reset: 2722.04296875 MiB (Increase: 0.0 MiB)
Memory usage after reset: 2722.04296875 MiB (Increase: 0.0 MiB)
Training episode 546
Memory usage at middle: 2722.04296875 MiB (Increase: 0.0 MiB)
Memory usage before collect: 2722.04296875 MiB (Increase: 0.0 MiB)
Memory usage after collect: 2722.04296875 MiB (Increase: 0.0 MiB)
Memory usage before initialization: 2722.04296875 MiB (Increase: 0.0 MiB)
Memory usage after initialization: 2722.04296875 MiB (Increase: 0.0 MiB)
Current lengths of episodes: [1600]
Memory usage at done (index 0, length 1600, since_prev 1600): 2722.04296875 MiB (Increase: 0.0 MiB)
Memory usage before reset: 2722.04296875 MiB (Increase: 0.0 MiB)
Memory usage after reset: 2722.04296875 MiB (Increase: 0.0 MiB)
Current lengths of episodes: [57]
Memory usage at done (index 0, length 57, since_prev 57): 2722.04296875 MiB (Increase: 0.0 MiB)
Memory usage before reset: 2722.04296875 MiB (Increase: 0.0 MiB)
Memory usage after reset: 2722.04296875 MiB (Increase: 0.0 MiB)
Training episode 548
Memory usage at middle: 2722.04296875 MiB (Increase: 0.0 MiB)
Memory usage before collect: 2722.04296875 MiB (Increase: 0.0 MiB)
Memory usage after collect: 2722.04296875 MiB (Increase: 0.0 MiB)
Memory usage before initialization: 2722.04296875 MiB (Increase: 0.0 MiB)
Memory usage after initialization: 2722.04296875 MiB (Increase: 0.0 MiB)
Current lengths of episodes: [53]
Memory usage at done (index 0, length 53, since_prev 53): 2722.04296875 MiB (Increase: 0.0 MiB)
Memory usage before reset: 2722.04296875 MiB (Increase: 0.0 MiB)
Memory usage after reset: 2722.04296875 MiB (Increase: 0.0 MiB)
Current lengths of episodes: [1600]
Memory usage at done (index 0, length 1600, since_prev 1600): 2722.04296875 MiB (Increase: 0.0 MiB)
Memory usage before reset: 2722.04296875 MiB (Increase: 0.0 MiB)
Memory usage after reset: 2722.04296875 MiB (Increase: 0.0 MiB)
Training episode 550
Memory usage at middle: 2722.04296875 MiB (Increase: 0.0 MiB)
Memory usage before collect: 2722.04296875 MiB (Increase: 0.0 MiB)
Memory usage after collect: 2722.04296875 MiB (Increase: 0.0 MiB)
Episode 550	Average evaluation: -22.552119925244266
Memory usage before initialization: 2722.04296875 MiB (Increase: 0.0 MiB)
Memory usage after initialization: 2722.04296875 MiB (Increase: 0.0 MiB)
Current lengths of episodes: [89]
Memory usage at done (index 0, length 89, since_prev 89): 2722.04296875 MiB (Increase: 0.0 MiB)
Memory usage before reset: 2722.04296875 MiB (Increase: 0.0 MiB)
Memory usage after reset: 2722.04296875 MiB (Increase: 0.0 MiB)
Current lengths of episodes: [1600]
Memory usage at done (index 0, length 1600, since_prev 1600): 2722.04296875 MiB (Increase: 0.0 MiB)
Memory usage before reset: 2722.04296875 MiB (Increase: 0.0 MiB)
Memory usage after reset: 2722.04296875 MiB (Increase: 0.0 MiB)
Training episode 552
Memory usage at middle: 2722.04296875 MiB (Increase: 0.0 MiB)
Memory usage before collect: 2722.04296875 MiB (Increase: 0.0 MiB)
Memory usage after collect: 2722.04296875 MiB (Increase: 0.0 MiB)
Memory usage before initialization: 2722.04296875 MiB (Increase: 0.0 MiB)
Memory usage after initialization: 2722.04296875 MiB (Increase: 0.0 MiB)
Current lengths of episodes: [1600]
Memory usage at done (index 0, length 1600, since_prev 1600): 2722.04296875 MiB (Increase: 0.0 MiB)
Memory usage before reset: 2722.04296875 MiB (Increase: 0.0 MiB)
Memory usage after reset: 2722.04296875 MiB (Increase: 0.0 MiB)
Current lengths of episodes: [1600]
Memory usage at done (index 0, length 1600, since_prev 1600): 2722.04296875 MiB (Increase: 0.0 MiB)
Memory usage before reset: 2722.04296875 MiB (Increase: 0.0 MiB)
Memory usage after reset: 2722.04296875 MiB (Increase: 0.0 MiB)
Training episode 554
Memory usage at middle: 2722.04296875 MiB (Increase: 0.0 MiB)
Memory usage before collect: 2722.04296875 MiB (Increase: 0.0 MiB)
Memory usage after collect: 2722.04296875 MiB (Increase: 0.0 MiB)
Memory usage before initialization: 2722.04296875 MiB (Increase: 0.0 MiB)
Memory usage after initialization: 2722.04296875 MiB (Increase: 0.0 MiB)
Current lengths of episodes: [72]
Memory usage at done (index 0, length 72, since_prev 72): 2722.04296875 MiB (Increase: 0.0 MiB)
Memory usage before reset: 2722.04296875 MiB (Increase: 0.0 MiB)
Memory usage after reset: 2722.04296875 MiB (Increase: 0.0 MiB)
Current lengths of episodes: [1600]
Memory usage at done (index 0, length 1600, since_prev 1600): 2722.04296875 MiB (Increase: 0.0 MiB)
Memory usage before reset: 2722.04296875 MiB (Increase: 0.0 MiB)
Memory usage after reset: 2722.04296875 MiB (Increase: 0.0 MiB)
Training episode 556
Memory usage at middle: 2722.04296875 MiB (Increase: 0.0 MiB)
Memory usage before collect: 2722.04296875 MiB (Increase: 0.0 MiB)
Memory usage after collect: 2722.04296875 MiB (Increase: 0.0 MiB)
Memory usage before initialization: 2722.04296875 MiB (Increase: 0.0 MiB)
Memory usage after initialization: 2722.04296875 MiB (Increase: 0.0 MiB)
Current lengths of episodes: [1600]
Memory usage at done (index 0, length 1600, since_prev 1600): 2722.04296875 MiB (Increase: 0.0 MiB)
Memory usage before reset: 2722.04296875 MiB (Increase: 0.0 MiB)
Memory usage after reset: 2722.04296875 MiB (Increase: 0.0 MiB)
Current lengths of episodes: [1600]
Memory usage at done (index 0, length 1600, since_prev 1600): 2722.04296875 MiB (Increase: 0.0 MiB)
Memory usage before reset: 2722.04296875 MiB (Increase: 0.0 MiB)
Memory usage after reset: 2722.04296875 MiB (Increase: 0.0 MiB)
Training episode 558
Memory usage at middle: 2722.04296875 MiB (Increase: 0.0 MiB)
Memory usage before collect: 2722.04296875 MiB (Increase: 0.0 MiB)
Memory usage after collect: 2722.04296875 MiB (Increase: 0.0 MiB)
Memory usage before initialization: 2722.04296875 MiB (Increase: 0.0 MiB)
Memory usage after initialization: 2722.04296875 MiB (Increase: 0.0 MiB)
Current lengths of episodes: [54]
Memory usage at done (index 0, length 54, since_prev 54): 2722.04296875 MiB (Increase: 0.0 MiB)
Memory usage before reset: 2722.04296875 MiB (Increase: 0.0 MiB)
Memory usage after reset: 2722.04296875 MiB (Increase: 0.0 MiB)
Current lengths of episodes: [1600]
Memory usage at done (index 0, length 1600, since_prev 1600): 2722.04296875 MiB (Increase: 0.0 MiB)
Memory usage before reset: 2722.04296875 MiB (Increase: 0.0 MiB)
Memory usage after reset: 2722.04296875 MiB (Increase: 0.0 MiB)
Training episode 560
Memory usage at middle: 2722.04296875 MiB (Increase: 0.0 MiB)
Memory usage before collect: 2722.04296875 MiB (Increase: 0.0 MiB)
Memory usage after collect: 2722.04296875 MiB (Increase: 0.0 MiB)
Memory usage before initialization: 2722.04296875 MiB (Increase: 0.0 MiB)
Memory usage after initialization: 2722.04296875 MiB (Increase: 0.0 MiB)
Current lengths of episodes: [1600]
Memory usage at done (index 0, length 1600, since_prev 1600): 2722.04296875 MiB (Increase: 0.0 MiB)
Memory usage before reset: 2722.04296875 MiB (Increase: 0.0 MiB)
Memory usage after reset: 2722.04296875 MiB (Increase: 0.0 MiB)
Current lengths of episodes: [85]
Memory usage at done (index 0, length 85, since_prev 85): 2722.04296875 MiB (Increase: 0.0 MiB)
Memory usage before reset: 2722.04296875 MiB (Increase: 0.0 MiB)
Memory usage after reset: 2722.04296875 MiB (Increase: 0.0 MiB)
Training episode 562
Memory usage at middle: 2722.04296875 MiB (Increase: 0.0 MiB)
Memory usage before collect: 2722.04296875 MiB (Increase: 0.0 MiB)
Memory usage after collect: 2722.04296875 MiB (Increase: 0.0 MiB)
Memory usage before initialization: 2722.04296875 MiB (Increase: 0.0 MiB)
Memory usage after initialization: 2722.04296875 MiB (Increase: 0.0 MiB)
Current lengths of episodes: [1600]
Memory usage at done (index 0, length 1600, since_prev 1600): 2722.04296875 MiB (Increase: 0.0 MiB)
Memory usage before reset: 2722.04296875 MiB (Increase: 0.0 MiB)
Memory usage after reset: 2722.04296875 MiB (Increase: 0.0 MiB)
Current lengths of episodes: [1600]
Memory usage at done (index 0, length 1600, since_prev 1600): 2722.04296875 MiB (Increase: 0.0 MiB)
Memory usage before reset: 2722.04296875 MiB (Increase: 0.0 MiB)
Memory usage after reset: 2722.04296875 MiB (Increase: 0.0 MiB)
Training episode 564
Memory usage at middle: 2722.04296875 MiB (Increase: 0.0 MiB)
Memory usage before collect: 2722.04296875 MiB (Increase: 0.0 MiB)
Memory usage after collect: 2722.04296875 MiB (Increase: 0.0 MiB)
Memory usage before initialization: 2722.04296875 MiB (Increase: 0.0 MiB)
Memory usage after initialization: 2722.04296875 MiB (Increase: 0.0 MiB)
Current lengths of episodes: [85]
Memory usage at done (index 0, length 85, since_prev 85): 2722.04296875 MiB (Increase: 0.0 MiB)
Memory usage before reset: 2722.04296875 MiB (Increase: 0.0 MiB)
Memory usage after reset: 2722.04296875 MiB (Increase: 0.0 MiB)
Current lengths of episodes: [215]
Memory usage at done (index 0, length 215, since_prev 215): 2722.04296875 MiB (Increase: 0.0 MiB)
Memory usage before reset: 2722.04296875 MiB (Increase: 0.0 MiB)
Memory usage after reset: 2722.04296875 MiB (Increase: 0.0 MiB)
Training episode 566
Memory usage at middle: 2722.04296875 MiB (Increase: 0.0 MiB)
Memory usage before collect: 2722.04296875 MiB (Increase: 0.0 MiB)
Memory usage after collect: 2722.04296875 MiB (Increase: 0.0 MiB)
Memory usage before initialization: 2722.04296875 MiB (Increase: 0.0 MiB)
Memory usage after initialization: 2722.04296875 MiB (Increase: 0.0 MiB)
Current lengths of episodes: [1600]
Memory usage at done (index 0, length 1600, since_prev 1600): 2722.04296875 MiB (Increase: 0.0 MiB)
Memory usage before reset: 2722.04296875 MiB (Increase: 0.0 MiB)
Memory usage after reset: 2722.04296875 MiB (Increase: 0.0 MiB)
Current lengths of episodes: [82]
Memory usage at done (index 0, length 82, since_prev 82): 2722.04296875 MiB (Increase: 0.0 MiB)
Memory usage before reset: 2722.04296875 MiB (Increase: 0.0 MiB)
Memory usage after reset: 2722.04296875 MiB (Increase: 0.0 MiB)
Training episode 568
Memory usage at middle: 2722.04296875 MiB (Increase: 0.0 MiB)
Memory usage before collect: 2722.04296875 MiB (Increase: 0.0 MiB)
Memory usage after collect: 2722.04296875 MiB (Increase: 0.0 MiB)
Memory usage before initialization: 2722.04296875 MiB (Increase: 0.0 MiB)
Memory usage after initialization: 2722.04296875 MiB (Increase: 0.0 MiB)
Current lengths of episodes: [1600]
Memory usage at done (index 0, length 1600, since_prev 1600): 2722.04296875 MiB (Increase: 0.0 MiB)
Memory usage before reset: 2722.04296875 MiB (Increase: 0.0 MiB)
Memory usage after reset: 2722.04296875 MiB (Increase: 0.0 MiB)
Current lengths of episodes: [1600]
Memory usage at done (index 0, length 1600, since_prev 1600): 2722.04296875 MiB (Increase: 0.0 MiB)
Memory usage before reset: 2722.04296875 MiB (Increase: 0.0 MiB)
Memory usage after reset: 2722.04296875 MiB (Increase: 0.0 MiB)
Training episode 570
Memory usage at middle: 2722.04296875 MiB (Increase: 0.0 MiB)
Memory usage before collect: 2722.04296875 MiB (Increase: 0.0 MiB)
Memory usage after collect: 2722.04296875 MiB (Increase: 0.0 MiB)
Memory usage before initialization: 2722.04296875 MiB (Increase: 0.0 MiB)
Memory usage after initialization: 2722.04296875 MiB (Increase: 0.0 MiB)
Current lengths of episodes: [50]
Memory usage at done (index 0, length 50, since_prev 50): 2722.04296875 MiB (Increase: 0.0 MiB)
Memory usage before reset: 2722.04296875 MiB (Increase: 0.0 MiB)
Memory usage after reset: 2722.04296875 MiB (Increase: 0.0 MiB)
Current lengths of episodes: [57]
Memory usage at done (index 0, length 57, since_prev 57): 2722.04296875 MiB (Increase: 0.0 MiB)
Memory usage before reset: 2722.04296875 MiB (Increase: 0.0 MiB)
Memory usage after reset: 2722.04296875 MiB (Increase: 0.0 MiB)
Training episode 572
Memory usage at middle: 2722.04296875 MiB (Increase: 0.0 MiB)
Memory usage before collect: 2722.04296875 MiB (Increase: 0.0 MiB)
Memory usage after collect: 2722.04296875 MiB (Increase: 0.0 MiB)
Memory usage before initialization: 2722.04296875 MiB (Increase: 0.0 MiB)
Memory usage after initialization: 2722.04296875 MiB (Increase: 0.0 MiB)
Current lengths of episodes: [1600]
Memory usage at done (index 0, length 1600, since_prev 1600): 2722.04296875 MiB (Increase: 0.0 MiB)
Memory usage before reset: 2722.04296875 MiB (Increase: 0.0 MiB)
Memory usage after reset: 2722.04296875 MiB (Increase: 0.0 MiB)
Current lengths of episodes: [105]
Memory usage at done (index 0, length 105, since_prev 105): 2722.04296875 MiB (Increase: 0.0 MiB)
Memory usage before reset: 2722.04296875 MiB (Increase: 0.0 MiB)
Memory usage after reset: 2722.04296875 MiB (Increase: 0.0 MiB)
Training episode 574
Memory usage at middle: 2722.04296875 MiB (Increase: 0.0 MiB)
Memory usage before collect: 2722.04296875 MiB (Increase: 0.0 MiB)
Memory usage after collect: 2722.04296875 MiB (Increase: 0.0 MiB)
Memory usage before initialization: 2722.04296875 MiB (Increase: 0.0 MiB)
Memory usage after initialization: 2722.04296875 MiB (Increase: 0.0 MiB)
Current lengths of episodes: [57]
Memory usage at done (index 0, length 57, since_prev 57): 2722.04296875 MiB (Increase: 0.0 MiB)
Memory usage before reset: 2722.04296875 MiB (Increase: 0.0 MiB)
Memory usage after reset: 2722.04296875 MiB (Increase: 0.0 MiB)
Current lengths of episodes: [1600]
Memory usage at done (index 0, length 1600, since_prev 1600): 2722.04296875 MiB (Increase: 0.0 MiB)
Memory usage before reset: 2722.04296875 MiB (Increase: 0.0 MiB)
Memory usage after reset: 2722.04296875 MiB (Increase: 0.0 MiB)
Training episode 576
Memory usage at middle: 2722.04296875 MiB (Increase: 0.0 MiB)
Memory usage before collect: 2722.04296875 MiB (Increase: 0.0 MiB)
Memory usage after collect: 2722.04296875 MiB (Increase: 0.0 MiB)
Memory usage before initialization: 2722.04296875 MiB (Increase: 0.0 MiB)
Memory usage after initialization: 2722.04296875 MiB (Increase: 0.0 MiB)
Current lengths of episodes: [86]
Memory usage at done (index 0, length 86, since_prev 86): 2722.04296875 MiB (Increase: 0.0 MiB)
Memory usage before reset: 2722.04296875 MiB (Increase: 0.0 MiB)
Memory usage after reset: 2722.04296875 MiB (Increase: 0.0 MiB)
Current lengths of episodes: [1600]
Memory usage at done (index 0, length 1600, since_prev 1600): 2722.04296875 MiB (Increase: 0.0 MiB)
Memory usage before reset: 2722.04296875 MiB (Increase: 0.0 MiB)
Memory usage after reset: 2722.04296875 MiB (Increase: 0.0 MiB)
Training episode 578
Memory usage at middle: 2722.04296875 MiB (Increase: 0.0 MiB)
Memory usage before collect: 2722.04296875 MiB (Increase: 0.0 MiB)
Memory usage after collect: 2722.04296875 MiB (Increase: 0.0 MiB)
Memory usage before initialization: 2722.04296875 MiB (Increase: 0.0 MiB)
Memory usage after initialization: 2722.04296875 MiB (Increase: 0.0 MiB)
Current lengths of episodes: [73]
Memory usage at done (index 0, length 73, since_prev 73): 2722.04296875 MiB (Increase: 0.0 MiB)
Memory usage before reset: 2722.04296875 MiB (Increase: 0.0 MiB)
Memory usage after reset: 2722.04296875 MiB (Increase: 0.0 MiB)
Current lengths of episodes: [1600]
Memory usage at done (index 0, length 1600, since_prev 1600): 2722.04296875 MiB (Increase: 0.0 MiB)
Memory usage before reset: 2722.04296875 MiB (Increase: 0.0 MiB)
Memory usage after reset: 2722.04296875 MiB (Increase: 0.0 MiB)
Training episode 580
Memory usage at middle: 2722.04296875 MiB (Increase: 0.0 MiB)
Memory usage before collect: 2722.04296875 MiB (Increase: 0.0 MiB)
Memory usage after collect: 2722.04296875 MiB (Increase: 0.0 MiB)
Memory usage before initialization: 2722.04296875 MiB (Increase: 0.0 MiB)
Memory usage after initialization: 2722.04296875 MiB (Increase: 0.0 MiB)
Current lengths of episodes: [1600]
Memory usage at done (index 0, length 1600, since_prev 1600): 2722.04296875 MiB (Increase: 0.0 MiB)
Memory usage before reset: 2722.04296875 MiB (Increase: 0.0 MiB)
Memory usage after reset: 2722.04296875 MiB (Increase: 0.0 MiB)
Current lengths of episodes: [72]
Memory usage at done (index 0, length 72, since_prev 72): 2722.04296875 MiB (Increase: 0.0 MiB)
Memory usage before reset: 2722.04296875 MiB (Increase: 0.0 MiB)
Memory usage after reset: 2722.04296875 MiB (Increase: 0.0 MiB)
Training episode 582
Memory usage at middle: 2722.04296875 MiB (Increase: 0.0 MiB)
Memory usage before collect: 2722.04296875 MiB (Increase: 0.0 MiB)
Memory usage after collect: 2722.04296875 MiB (Increase: 0.0 MiB)
Memory usage before initialization: 2722.04296875 MiB (Increase: 0.0 MiB)
Memory usage after initialization: 2722.04296875 MiB (Increase: 0.0 MiB)
Current lengths of episodes: [1600]
Memory usage at done (index 0, length 1600, since_prev 1600): 2722.04296875 MiB (Increase: 0.0 MiB)
Memory usage before reset: 2722.04296875 MiB (Increase: 0.0 MiB)
Memory usage after reset: 2722.04296875 MiB (Increase: 0.0 MiB)
Current lengths of episodes: [88]
Memory usage at done (index 0, length 88, since_prev 88): 2722.04296875 MiB (Increase: 0.0 MiB)
Memory usage before reset: 2722.04296875 MiB (Increase: 0.0 MiB)
Memory usage after reset: 2722.04296875 MiB (Increase: 0.0 MiB)
Training episode 584
Memory usage at middle: 2722.04296875 MiB (Increase: 0.0 MiB)
Memory usage before collect: 2722.04296875 MiB (Increase: 0.0 MiB)
Memory usage after collect: 2722.04296875 MiB (Increase: 0.0 MiB)
Memory usage before initialization: 2722.04296875 MiB (Increase: 0.0 MiB)
Memory usage after initialization: 2722.04296875 MiB (Increase: 0.0 MiB)
Current lengths of episodes: [1600]
Memory usage at done (index 0, length 1600, since_prev 1600): 2722.04296875 MiB (Increase: 0.0 MiB)
Memory usage before reset: 2722.04296875 MiB (Increase: 0.0 MiB)
Memory usage after reset: 2722.04296875 MiB (Increase: 0.0 MiB)
Current lengths of episodes: [1600]
Memory usage at done (index 0, length 1600, since_prev 1600): 2722.04296875 MiB (Increase: 0.0 MiB)
Memory usage before reset: 2722.04296875 MiB (Increase: 0.0 MiB)
Memory usage after reset: 2722.04296875 MiB (Increase: 0.0 MiB)
Training episode 586
Memory usage at middle: 2722.04296875 MiB (Increase: 0.0 MiB)
Memory usage before collect: 2722.04296875 MiB (Increase: 0.0 MiB)
Memory usage after collect: 2722.04296875 MiB (Increase: 0.0 MiB)
Memory usage before initialization: 2722.04296875 MiB (Increase: 0.0 MiB)
Memory usage after initialization: 2722.04296875 MiB (Increase: 0.0 MiB)
Current lengths of episodes: [1600]
Memory usage at done (index 0, length 1600, since_prev 1600): 2722.04296875 MiB (Increase: 0.0 MiB)
Memory usage before reset: 2722.04296875 MiB (Increase: 0.0 MiB)
Memory usage after reset: 2722.04296875 MiB (Increase: 0.0 MiB)
Current lengths of episodes: [1600]
Memory usage at done (index 0, length 1600, since_prev 1600): 2722.04296875 MiB (Increase: 0.0 MiB)
Memory usage before reset: 2722.04296875 MiB (Increase: 0.0 MiB)
Memory usage after reset: 2722.04296875 MiB (Increase: 0.0 MiB)
Training episode 588
Memory usage at middle: 2722.04296875 MiB (Increase: 0.0 MiB)
Memory usage before collect: 2722.04296875 MiB (Increase: 0.0 MiB)
Memory usage after collect: 2722.04296875 MiB (Increase: 0.0 MiB)
Memory usage before initialization: 2722.04296875 MiB (Increase: 0.0 MiB)
Memory usage after initialization: 2722.04296875 MiB (Increase: 0.0 MiB)
Current lengths of episodes: [1600]
Memory usage at done (index 0, length 1600, since_prev 1600): 2722.04296875 MiB (Increase: 0.0 MiB)
Memory usage before reset: 2722.04296875 MiB (Increase: 0.0 MiB)
Memory usage after reset: 2722.04296875 MiB (Increase: 0.0 MiB)
Current lengths of episodes: [1600]
Memory usage at done (index 0, length 1600, since_prev 1600): 2722.04296875 MiB (Increase: 0.0 MiB)
Memory usage before reset: 2722.04296875 MiB (Increase: 0.0 MiB)
Memory usage after reset: 2722.04296875 MiB (Increase: 0.0 MiB)
Training episode 590
Memory usage at middle: 2722.04296875 MiB (Increase: 0.0 MiB)
Memory usage before collect: 2722.04296875 MiB (Increase: 0.0 MiB)
Memory usage after collect: 2722.04296875 MiB (Increase: 0.0 MiB)
Memory usage before initialization: 2722.04296875 MiB (Increase: 0.0 MiB)
Memory usage after initialization: 2722.04296875 MiB (Increase: 0.0 MiB)
Current lengths of episodes: [1600]
Memory usage at done (index 0, length 1600, since_prev 1600): 2722.04296875 MiB (Increase: 0.0 MiB)
Memory usage before reset: 2722.04296875 MiB (Increase: 0.0 MiB)
Memory usage after reset: 2722.04296875 MiB (Increase: 0.0 MiB)
Current lengths of episodes: [1600]
Memory usage at done (index 0, length 1600, since_prev 1600): 2722.04296875 MiB (Increase: 0.0 MiB)
Memory usage before reset: 2722.04296875 MiB (Increase: 0.0 MiB)
Memory usage after reset: 2722.04296875 MiB (Increase: 0.0 MiB)
Training episode 592
Memory usage at middle: 2722.04296875 MiB (Increase: 0.0 MiB)
Memory usage before collect: 2722.04296875 MiB (Increase: 0.0 MiB)
Memory usage after collect: 2722.04296875 MiB (Increase: 0.0 MiB)
Memory usage before initialization: 2722.04296875 MiB (Increase: 0.0 MiB)
Memory usage after initialization: 2722.04296875 MiB (Increase: 0.0 MiB)
Current lengths of episodes: [92]
Memory usage at done (index 0, length 92, since_prev 92): 2722.04296875 MiB (Increase: 0.0 MiB)
Memory usage before reset: 2722.04296875 MiB (Increase: 0.0 MiB)
Memory usage after reset: 2722.04296875 MiB (Increase: 0.0 MiB)
Current lengths of episodes: [1600]
Memory usage at done (index 0, length 1600, since_prev 1600): 2722.04296875 MiB (Increase: 0.0 MiB)
Memory usage before reset: 2722.04296875 MiB (Increase: 0.0 MiB)
Memory usage after reset: 2722.04296875 MiB (Increase: 0.0 MiB)
Training episode 594
Memory usage at middle: 2722.04296875 MiB (Increase: 0.0 MiB)
Memory usage before collect: 2722.04296875 MiB (Increase: 0.0 MiB)
Memory usage after collect: 2722.04296875 MiB (Increase: 0.0 MiB)
Memory usage before initialization: 2722.04296875 MiB (Increase: 0.0 MiB)
Memory usage after initialization: 2722.04296875 MiB (Increase: 0.0 MiB)
Current lengths of episodes: [56]
Memory usage at done (index 0, length 56, since_prev 56): 2722.04296875 MiB (Increase: 0.0 MiB)
Memory usage before reset: 2722.04296875 MiB (Increase: 0.0 MiB)
Memory usage after reset: 2722.04296875 MiB (Increase: 0.0 MiB)
Current lengths of episodes: [49]
Memory usage at done (index 0, length 49, since_prev 49): 2722.04296875 MiB (Increase: 0.0 MiB)
Memory usage before reset: 2722.04296875 MiB (Increase: 0.0 MiB)
Memory usage after reset: 2722.04296875 MiB (Increase: 0.0 MiB)
Training episode 596
Memory usage at middle: 2722.04296875 MiB (Increase: 0.0 MiB)
Memory usage before collect: 2722.04296875 MiB (Increase: 0.0 MiB)
Memory usage after collect: 2722.04296875 MiB (Increase: 0.0 MiB)
Memory usage before initialization: 2722.04296875 MiB (Increase: 0.0 MiB)
Memory usage after initialization: 2722.04296875 MiB (Increase: 0.0 MiB)
Current lengths of episodes: [77]
Memory usage at done (index 0, length 77, since_prev 77): 2722.04296875 MiB (Increase: 0.0 MiB)
Memory usage before reset: 2722.04296875 MiB (Increase: 0.0 MiB)
Memory usage after reset: 2722.04296875 MiB (Increase: 0.0 MiB)
Current lengths of episodes: [72]
Memory usage at done (index 0, length 72, since_prev 72): 2722.04296875 MiB (Increase: 0.0 MiB)
Memory usage before reset: 2722.04296875 MiB (Increase: 0.0 MiB)
Memory usage after reset: 2722.04296875 MiB (Increase: 0.0 MiB)
Training episode 598
Memory usage at middle: 2722.04296875 MiB (Increase: 0.0 MiB)
Memory usage before collect: 2722.04296875 MiB (Increase: 0.0 MiB)
Memory usage after collect: 2722.04296875 MiB (Increase: 0.0 MiB)
Memory usage before initialization: 2722.04296875 MiB (Increase: 0.0 MiB)
Memory usage after initialization: 2722.04296875 MiB (Increase: 0.0 MiB)
Current lengths of episodes: [1600]
Memory usage at done (index 0, length 1600, since_prev 1600): 2722.04296875 MiB (Increase: 0.0 MiB)
Memory usage before reset: 2722.04296875 MiB (Increase: 0.0 MiB)
Memory usage after reset: 2722.04296875 MiB (Increase: 0.0 MiB)
Current lengths of episodes: [48]
Memory usage at done (index 0, length 48, since_prev 48): 2722.04296875 MiB (Increase: 0.0 MiB)
Memory usage before reset: 2722.04296875 MiB (Increase: 0.0 MiB)
Memory usage after reset: 2722.04296875 MiB (Increase: 0.0 MiB)
Training episode 600
Memory usage at middle: 2722.04296875 MiB (Increase: 0.0 MiB)
Memory usage before collect: 2722.04296875 MiB (Increase: 0.0 MiB)
Memory usage after collect: 2722.04296875 MiB (Increase: 0.0 MiB)
Episode 600	Average evaluation: -21.19579592263612
Memory usage before initialization: 2722.04296875 MiB (Increase: 0.0 MiB)
Memory usage after initialization: 2722.04296875 MiB (Increase: 0.0 MiB)
Current lengths of episodes: [1061]
Memory usage at done (index 0, length 1061, since_prev 1061): 2722.04296875 MiB (Increase: 0.0 MiB)
Memory usage before reset: 2722.04296875 MiB (Increase: 0.0 MiB)
Memory usage after reset: 2722.04296875 MiB (Increase: 0.0 MiB)
Current lengths of episodes: [89]
Memory usage at done (index 0, length 89, since_prev 89): 2722.04296875 MiB (Increase: 0.0 MiB)
Memory usage before reset: 2722.04296875 MiB (Increase: 0.0 MiB)
Memory usage after reset: 2722.04296875 MiB (Increase: 0.0 MiB)
Training episode 602
Memory usage at middle: 2722.04296875 MiB (Increase: 0.0 MiB)
Memory usage before collect: 2722.04296875 MiB (Increase: 0.0 MiB)
Memory usage after collect: 2722.04296875 MiB (Increase: 0.0 MiB)
Memory usage before initialization: 2722.04296875 MiB (Increase: 0.0 MiB)
Memory usage after initialization: 2722.04296875 MiB (Increase: 0.0 MiB)
Current lengths of episodes: [69]
Memory usage at done (index 0, length 69, since_prev 69): 2722.04296875 MiB (Increase: 0.0 MiB)
Memory usage before reset: 2722.04296875 MiB (Increase: 0.0 MiB)
Memory usage after reset: 2722.04296875 MiB (Increase: 0.0 MiB)
Current lengths of episodes: [1600]
Memory usage at done (index 0, length 1600, since_prev 1600): 2722.04296875 MiB (Increase: 0.0 MiB)
Memory usage before reset: 2722.04296875 MiB (Increase: 0.0 MiB)
Memory usage after reset: 2722.04296875 MiB (Increase: 0.0 MiB)
Training episode 604
Memory usage at middle: 2722.04296875 MiB (Increase: 0.0 MiB)
Memory usage before collect: 2722.04296875 MiB (Increase: 0.0 MiB)
Memory usage after collect: 2722.04296875 MiB (Increase: 0.0 MiB)
Memory usage before initialization: 2722.04296875 MiB (Increase: 0.0 MiB)
Memory usage after initialization: 2722.04296875 MiB (Increase: 0.0 MiB)
Current lengths of episodes: [1600]
Memory usage at done (index 0, length 1600, since_prev 1600): 2722.04296875 MiB (Increase: 0.0 MiB)
Memory usage before reset: 2722.04296875 MiB (Increase: 0.0 MiB)
Memory usage after reset: 2722.04296875 MiB (Increase: 0.0 MiB)
Current lengths of episodes: [78]
Memory usage at done (index 0, length 78, since_prev 78): 2722.04296875 MiB (Increase: 0.0 MiB)
Memory usage before reset: 2722.04296875 MiB (Increase: 0.0 MiB)
Memory usage after reset: 2722.04296875 MiB (Increase: 0.0 MiB)
Training episode 606
Memory usage at middle: 2722.04296875 MiB (Increase: 0.0 MiB)
Memory usage before collect: 2722.04296875 MiB (Increase: 0.0 MiB)
Memory usage after collect: 2722.04296875 MiB (Increase: 0.0 MiB)
Memory usage before initialization: 2722.04296875 MiB (Increase: 0.0 MiB)
Memory usage after initialization: 2722.04296875 MiB (Increase: 0.0 MiB)
Current lengths of episodes: [1600]
Memory usage at done (index 0, length 1600, since_prev 1600): 2722.04296875 MiB (Increase: 0.0 MiB)
Memory usage before reset: 2722.04296875 MiB (Increase: 0.0 MiB)
Memory usage after reset: 2722.04296875 MiB (Increase: 0.0 MiB)
Current lengths of episodes: [1600]
Memory usage at done (index 0, length 1600, since_prev 1600): 2722.04296875 MiB (Increase: 0.0 MiB)
Memory usage before reset: 2722.04296875 MiB (Increase: 0.0 MiB)
Memory usage after reset: 2722.04296875 MiB (Increase: 0.0 MiB)
Training episode 608
Memory usage at middle: 2722.04296875 MiB (Increase: 0.0 MiB)
Memory usage before collect: 2722.04296875 MiB (Increase: 0.0 MiB)
Memory usage after collect: 2722.04296875 MiB (Increase: 0.0 MiB)
Memory usage before initialization: 2722.04296875 MiB (Increase: 0.0 MiB)
Memory usage after initialization: 2722.04296875 MiB (Increase: 0.0 MiB)
Current lengths of episodes: [1600]
Memory usage at done (index 0, length 1600, since_prev 1600): 2722.04296875 MiB (Increase: 0.0 MiB)
Memory usage before reset: 2722.04296875 MiB (Increase: 0.0 MiB)
Memory usage after reset: 2722.04296875 MiB (Increase: 0.0 MiB)
Current lengths of episodes: [1600]
Memory usage at done (index 0, length 1600, since_prev 1600): 2722.04296875 MiB (Increase: 0.0 MiB)
Memory usage before reset: 2722.04296875 MiB (Increase: 0.0 MiB)
Memory usage after reset: 2722.04296875 MiB (Increase: 0.0 MiB)
Training episode 610
Memory usage at middle: 2722.04296875 MiB (Increase: 0.0 MiB)
Memory usage before collect: 2722.04296875 MiB (Increase: 0.0 MiB)
Memory usage after collect: 2722.04296875 MiB (Increase: 0.0 MiB)
Memory usage before initialization: 2722.04296875 MiB (Increase: 0.0 MiB)
Memory usage after initialization: 2722.04296875 MiB (Increase: 0.0 MiB)
Current lengths of episodes: [87]
Memory usage at done (index 0, length 87, since_prev 87): 2722.04296875 MiB (Increase: 0.0 MiB)
Memory usage before reset: 2722.04296875 MiB (Increase: 0.0 MiB)
Memory usage after reset: 2722.04296875 MiB (Increase: 0.0 MiB)
Current lengths of episodes: [1600]
Memory usage at done (index 0, length 1600, since_prev 1600): 2722.04296875 MiB (Increase: 0.0 MiB)
Memory usage before reset: 2722.04296875 MiB (Increase: 0.0 MiB)
Memory usage after reset: 2722.04296875 MiB (Increase: 0.0 MiB)
Training episode 612
Memory usage at middle: 2722.04296875 MiB (Increase: 0.0 MiB)
Memory usage before collect: 2722.04296875 MiB (Increase: 0.0 MiB)
Memory usage after collect: 2722.04296875 MiB (Increase: 0.0 MiB)
Memory usage before initialization: 2722.04296875 MiB (Increase: 0.0 MiB)
Memory usage after initialization: 2722.04296875 MiB (Increase: 0.0 MiB)
Current lengths of episodes: [1600]
Memory usage at done (index 0, length 1600, since_prev 1600): 2722.04296875 MiB (Increase: 0.0 MiB)
Memory usage before reset: 2722.04296875 MiB (Increase: 0.0 MiB)
Memory usage after reset: 2722.04296875 MiB (Increase: 0.0 MiB)
Current lengths of episodes: [69]
Memory usage at done (index 0, length 69, since_prev 69): 2722.04296875 MiB (Increase: 0.0 MiB)
Memory usage before reset: 2722.04296875 MiB (Increase: 0.0 MiB)
Memory usage after reset: 2722.04296875 MiB (Increase: 0.0 MiB)
Training episode 614
Memory usage at middle: 2722.04296875 MiB (Increase: 0.0 MiB)
Memory usage before collect: 2722.04296875 MiB (Increase: 0.0 MiB)
Memory usage after collect: 2722.04296875 MiB (Increase: 0.0 MiB)
Memory usage before initialization: 2722.04296875 MiB (Increase: 0.0 MiB)
Memory usage after initialization: 2722.04296875 MiB (Increase: 0.0 MiB)
Current lengths of episodes: [1600]
Memory usage at done (index 0, length 1600, since_prev 1600): 2722.04296875 MiB (Increase: 0.0 MiB)
Memory usage before reset: 2722.04296875 MiB (Increase: 0.0 MiB)
Memory usage after reset: 2722.04296875 MiB (Increase: 0.0 MiB)
Current lengths of episodes: [1600]
Memory usage at done (index 0, length 1600, since_prev 1600): 2722.04296875 MiB (Increase: 0.0 MiB)
Memory usage before reset: 2722.04296875 MiB (Increase: 0.0 MiB)
Memory usage after reset: 2722.04296875 MiB (Increase: 0.0 MiB)
Training episode 616
Memory usage at middle: 2722.04296875 MiB (Increase: 0.0 MiB)
Memory usage before collect: 2722.04296875 MiB (Increase: 0.0 MiB)
Memory usage after collect: 2722.04296875 MiB (Increase: 0.0 MiB)
Memory usage before initialization: 2722.04296875 MiB (Increase: 0.0 MiB)
Memory usage after initialization: 2722.04296875 MiB (Increase: 0.0 MiB)
Current lengths of episodes: [1600]
Memory usage at done (index 0, length 1600, since_prev 1600): 2722.04296875 MiB (Increase: 0.0 MiB)
Memory usage before reset: 2722.04296875 MiB (Increase: 0.0 MiB)
Memory usage after reset: 2722.04296875 MiB (Increase: 0.0 MiB)
Current lengths of episodes: [1600]
Memory usage at done (index 0, length 1600, since_prev 1600): 2722.04296875 MiB (Increase: 0.0 MiB)
Memory usage before reset: 2722.04296875 MiB (Increase: 0.0 MiB)
Memory usage after reset: 2722.04296875 MiB (Increase: 0.0 MiB)
Training episode 618
Memory usage at middle: 2722.04296875 MiB (Increase: 0.0 MiB)
Memory usage before collect: 2722.04296875 MiB (Increase: 0.0 MiB)
Memory usage after collect: 2722.04296875 MiB (Increase: 0.0 MiB)
Memory usage before initialization: 2722.04296875 MiB (Increase: 0.0 MiB)
Memory usage after initialization: 2722.04296875 MiB (Increase: 0.0 MiB)
Current lengths of episodes: [58]
Memory usage at done (index 0, length 58, since_prev 58): 2722.04296875 MiB (Increase: 0.0 MiB)
Memory usage before reset: 2722.04296875 MiB (Increase: 0.0 MiB)
Memory usage after reset: 2722.04296875 MiB (Increase: 0.0 MiB)
Current lengths of episodes: [62]
Memory usage at done (index 0, length 62, since_prev 62): 2722.04296875 MiB (Increase: 0.0 MiB)
Memory usage before reset: 2722.04296875 MiB (Increase: 0.0 MiB)
Memory usage after reset: 2722.04296875 MiB (Increase: 0.0 MiB)
Training episode 620
Memory usage at middle: 2722.04296875 MiB (Increase: 0.0 MiB)
Memory usage before collect: 2722.04296875 MiB (Increase: 0.0 MiB)
Memory usage after collect: 2722.04296875 MiB (Increase: 0.0 MiB)
Memory usage before initialization: 2722.04296875 MiB (Increase: 0.0 MiB)
Memory usage after initialization: 2722.04296875 MiB (Increase: 0.0 MiB)
Current lengths of episodes: [54]
Memory usage at done (index 0, length 54, since_prev 54): 2722.04296875 MiB (Increase: 0.0 MiB)
Memory usage before reset: 2722.04296875 MiB (Increase: 0.0 MiB)
Memory usage after reset: 2722.04296875 MiB (Increase: 0.0 MiB)
Current lengths of episodes: [1600]
Memory usage at done (index 0, length 1600, since_prev 1600): 2722.04296875 MiB (Increase: 0.0 MiB)
Memory usage before reset: 2722.04296875 MiB (Increase: 0.0 MiB)
Memory usage after reset: 2722.04296875 MiB (Increase: 0.0 MiB)
Training episode 622
Memory usage at middle: 2722.04296875 MiB (Increase: 0.0 MiB)
Memory usage before collect: 2722.04296875 MiB (Increase: 0.0 MiB)
Memory usage after collect: 2722.04296875 MiB (Increase: 0.0 MiB)
Memory usage before initialization: 2722.04296875 MiB (Increase: 0.0 MiB)
Memory usage after initialization: 2722.04296875 MiB (Increase: 0.0 MiB)
Current lengths of episodes: [84]
Memory usage at done (index 0, length 84, since_prev 84): 2722.04296875 MiB (Increase: 0.0 MiB)
Memory usage before reset: 2722.04296875 MiB (Increase: 0.0 MiB)
Memory usage after reset: 2722.04296875 MiB (Increase: 0.0 MiB)
Current lengths of episodes: [76]
Memory usage at done (index 0, length 76, since_prev 76): 2722.04296875 MiB (Increase: 0.0 MiB)
Memory usage before reset: 2722.04296875 MiB (Increase: 0.0 MiB)
Memory usage after reset: 2722.04296875 MiB (Increase: 0.0 MiB)
Training episode 624
Memory usage at middle: 2722.04296875 MiB (Increase: 0.0 MiB)
Memory usage before collect: 2722.04296875 MiB (Increase: 0.0 MiB)
Memory usage after collect: 2722.04296875 MiB (Increase: 0.0 MiB)
Memory usage before initialization: 2722.04296875 MiB (Increase: 0.0 MiB)
Memory usage after initialization: 2722.04296875 MiB (Increase: 0.0 MiB)
Current lengths of episodes: [1600]
Memory usage at done (index 0, length 1600, since_prev 1600): 2722.04296875 MiB (Increase: 0.0 MiB)
Memory usage before reset: 2722.04296875 MiB (Increase: 0.0 MiB)
Memory usage after reset: 2722.04296875 MiB (Increase: 0.0 MiB)
Current lengths of episodes: [82]
Memory usage at done (index 0, length 82, since_prev 82): 2722.04296875 MiB (Increase: 0.0 MiB)
Memory usage before reset: 2722.04296875 MiB (Increase: 0.0 MiB)
Memory usage after reset: 2722.04296875 MiB (Increase: 0.0 MiB)
Training episode 626
Memory usage at middle: 2722.04296875 MiB (Increase: 0.0 MiB)
Memory usage before collect: 2722.04296875 MiB (Increase: 0.0 MiB)
Memory usage after collect: 2722.04296875 MiB (Increase: 0.0 MiB)
Memory usage before initialization: 2722.04296875 MiB (Increase: 0.0 MiB)
Memory usage after initialization: 2722.04296875 MiB (Increase: 0.0 MiB)
Current lengths of episodes: [1600]
Memory usage at done (index 0, length 1600, since_prev 1600): 2722.04296875 MiB (Increase: 0.0 MiB)
Memory usage before reset: 2722.04296875 MiB (Increase: 0.0 MiB)
Memory usage after reset: 2722.04296875 MiB (Increase: 0.0 MiB)
Current lengths of episodes: [78]
Memory usage at done (index 0, length 78, since_prev 78): 2722.04296875 MiB (Increase: 0.0 MiB)
Memory usage before reset: 2722.04296875 MiB (Increase: 0.0 MiB)
Memory usage after reset: 2722.04296875 MiB (Increase: 0.0 MiB)
Training episode 628
Memory usage at middle: 2722.04296875 MiB (Increase: 0.0 MiB)
Memory usage before collect: 2722.04296875 MiB (Increase: 0.0 MiB)
Memory usage after collect: 2722.04296875 MiB (Increase: 0.0 MiB)
Memory usage before initialization: 2722.04296875 MiB (Increase: 0.0 MiB)
Memory usage after initialization: 2722.04296875 MiB (Increase: 0.0 MiB)
Current lengths of episodes: [1600]
Memory usage at done (index 0, length 1600, since_prev 1600): 2722.04296875 MiB (Increase: 0.0 MiB)
Memory usage before reset: 2722.04296875 MiB (Increase: 0.0 MiB)
Memory usage after reset: 2722.04296875 MiB (Increase: 0.0 MiB)
Current lengths of episodes: [1600]
Memory usage at done (index 0, length 1600, since_prev 1600): 2722.04296875 MiB (Increase: 0.0 MiB)
Memory usage before reset: 2722.04296875 MiB (Increase: 0.0 MiB)
Memory usage after reset: 2722.04296875 MiB (Increase: 0.0 MiB)
Training episode 630
Memory usage at middle: 2722.04296875 MiB (Increase: 0.0 MiB)
Memory usage before collect: 2722.04296875 MiB (Increase: 0.0 MiB)
Memory usage after collect: 2722.04296875 MiB (Increase: 0.0 MiB)
Memory usage before initialization: 2722.04296875 MiB (Increase: 0.0 MiB)
Memory usage after initialization: 2722.04296875 MiB (Increase: 0.0 MiB)
Current lengths of episodes: [1600]
Memory usage at done (index 0, length 1600, since_prev 1600): 2722.04296875 MiB (Increase: 0.0 MiB)
Memory usage before reset: 2722.04296875 MiB (Increase: 0.0 MiB)
Memory usage after reset: 2722.04296875 MiB (Increase: 0.0 MiB)
Current lengths of episodes: [82]
Memory usage at done (index 0, length 82, since_prev 82): 2722.04296875 MiB (Increase: 0.0 MiB)
Memory usage before reset: 2722.04296875 MiB (Increase: 0.0 MiB)
Memory usage after reset: 2722.04296875 MiB (Increase: 0.0 MiB)
Training episode 632
Memory usage at middle: 2722.04296875 MiB (Increase: 0.0 MiB)
Memory usage before collect: 2722.04296875 MiB (Increase: 0.0 MiB)
Memory usage after collect: 2722.04296875 MiB (Increase: 0.0 MiB)
Memory usage before initialization: 2722.04296875 MiB (Increase: 0.0 MiB)
Memory usage after initialization: 2722.04296875 MiB (Increase: 0.0 MiB)
Current lengths of episodes: [95]
Memory usage at done (index 0, length 95, since_prev 95): 2722.04296875 MiB (Increase: 0.0 MiB)
Memory usage before reset: 2722.04296875 MiB (Increase: 0.0 MiB)
Memory usage after reset: 2722.04296875 MiB (Increase: 0.0 MiB)
Current lengths of episodes: [46]
Memory usage at done (index 0, length 46, since_prev 46): 2722.04296875 MiB (Increase: 0.0 MiB)
Memory usage before reset: 2722.04296875 MiB (Increase: 0.0 MiB)
Memory usage after reset: 2722.04296875 MiB (Increase: 0.0 MiB)
Training episode 634
Memory usage at middle: 2722.04296875 MiB (Increase: 0.0 MiB)
Memory usage before collect: 2722.04296875 MiB (Increase: 0.0 MiB)
Memory usage after collect: 2722.04296875 MiB (Increase: 0.0 MiB)
Memory usage before initialization: 2722.04296875 MiB (Increase: 0.0 MiB)
Memory usage after initialization: 2722.04296875 MiB (Increase: 0.0 MiB)
Current lengths of episodes: [153]
Memory usage at done (index 0, length 153, since_prev 153): 2722.04296875 MiB (Increase: 0.0 MiB)
Memory usage before reset: 2722.04296875 MiB (Increase: 0.0 MiB)
Memory usage after reset: 2722.04296875 MiB (Increase: 0.0 MiB)
Current lengths of episodes: [1600]
Memory usage at done (index 0, length 1600, since_prev 1600): 2722.04296875 MiB (Increase: 0.0 MiB)
Memory usage before reset: 2722.04296875 MiB (Increase: 0.0 MiB)
Memory usage after reset: 2722.04296875 MiB (Increase: 0.0 MiB)
Training episode 636
Memory usage at middle: 2722.04296875 MiB (Increase: 0.0 MiB)
Memory usage before collect: 2722.04296875 MiB (Increase: 0.0 MiB)
Memory usage after collect: 2722.04296875 MiB (Increase: 0.0 MiB)
Memory usage before initialization: 2722.04296875 MiB (Increase: 0.0 MiB)
Memory usage after initialization: 2722.04296875 MiB (Increase: 0.0 MiB)
Current lengths of episodes: [51]
Memory usage at done (index 0, length 51, since_prev 51): 2722.04296875 MiB (Increase: 0.0 MiB)
Memory usage before reset: 2722.04296875 MiB (Increase: 0.0 MiB)
Memory usage after reset: 2722.04296875 MiB (Increase: 0.0 MiB)
Current lengths of episodes: [83]
Memory usage at done (index 0, length 83, since_prev 83): 2722.04296875 MiB (Increase: 0.0 MiB)
Memory usage before reset: 2722.04296875 MiB (Increase: 0.0 MiB)
Memory usage after reset: 2722.04296875 MiB (Increase: 0.0 MiB)
Training episode 638
Memory usage at middle: 2722.04296875 MiB (Increase: 0.0 MiB)
Memory usage before collect: 2722.04296875 MiB (Increase: 0.0 MiB)
Memory usage after collect: 2722.04296875 MiB (Increase: 0.0 MiB)
Memory usage before initialization: 2722.04296875 MiB (Increase: 0.0 MiB)
Memory usage after initialization: 2722.04296875 MiB (Increase: 0.0 MiB)
Current lengths of episodes: [1600]
Memory usage at done (index 0, length 1600, since_prev 1600): 2722.04296875 MiB (Increase: 0.0 MiB)
Memory usage before reset: 2722.04296875 MiB (Increase: 0.0 MiB)
Memory usage after reset: 2722.04296875 MiB (Increase: 0.0 MiB)
Current lengths of episodes: [1600]
Memory usage at done (index 0, length 1600, since_prev 1600): 2722.04296875 MiB (Increase: 0.0 MiB)
Memory usage before reset: 2722.04296875 MiB (Increase: 0.0 MiB)
Memory usage after reset: 2722.04296875 MiB (Increase: 0.0 MiB)
Training episode 640
Memory usage at middle: 2722.04296875 MiB (Increase: 0.0 MiB)
Memory usage before collect: 2722.04296875 MiB (Increase: 0.0 MiB)
Memory usage after collect: 2722.04296875 MiB (Increase: 0.0 MiB)
Memory usage before initialization: 2722.04296875 MiB (Increase: 0.0 MiB)
Memory usage after initialization: 2722.04296875 MiB (Increase: 0.0 MiB)
Current lengths of episodes: [919]
Memory usage at done (index 0, length 919, since_prev 919): 2722.04296875 MiB (Increase: 0.0 MiB)
Memory usage before reset: 2722.04296875 MiB (Increase: 0.0 MiB)
Memory usage after reset: 2722.04296875 MiB (Increase: 0.0 MiB)
Current lengths of episodes: [1600]
Memory usage at done (index 0, length 1600, since_prev 1600): 2722.04296875 MiB (Increase: 0.0 MiB)
Memory usage before reset: 2722.04296875 MiB (Increase: 0.0 MiB)
Memory usage after reset: 2722.04296875 MiB (Increase: 0.0 MiB)
Training episode 642
Memory usage at middle: 2722.04296875 MiB (Increase: 0.0 MiB)
Memory usage before collect: 2722.04296875 MiB (Increase: 0.0 MiB)
Memory usage after collect: 2722.04296875 MiB (Increase: 0.0 MiB)
Memory usage before initialization: 2722.04296875 MiB (Increase: 0.0 MiB)
Memory usage after initialization: 2722.04296875 MiB (Increase: 0.0 MiB)
Current lengths of episodes: [1600]
Memory usage at done (index 0, length 1600, since_prev 1600): 2722.04296875 MiB (Increase: 0.0 MiB)
Memory usage before reset: 2722.04296875 MiB (Increase: 0.0 MiB)
Memory usage after reset: 2722.04296875 MiB (Increase: 0.0 MiB)
Current lengths of episodes: [1600]
Memory usage at done (index 0, length 1600, since_prev 1600): 2722.04296875 MiB (Increase: 0.0 MiB)
Memory usage before reset: 2722.04296875 MiB (Increase: 0.0 MiB)
Memory usage after reset: 2722.04296875 MiB (Increase: 0.0 MiB)
Training episode 644
Memory usage at middle: 2722.04296875 MiB (Increase: 0.0 MiB)
Memory usage before collect: 2722.04296875 MiB (Increase: 0.0 MiB)
Memory usage after collect: 2722.04296875 MiB (Increase: 0.0 MiB)
Memory usage before initialization: 2722.04296875 MiB (Increase: 0.0 MiB)
Memory usage after initialization: 2722.04296875 MiB (Increase: 0.0 MiB)
Current lengths of episodes: [1600]
Memory usage at done (index 0, length 1600, since_prev 1600): 2722.04296875 MiB (Increase: 0.0 MiB)
Memory usage before reset: 2722.04296875 MiB (Increase: 0.0 MiB)
Memory usage after reset: 2722.04296875 MiB (Increase: 0.0 MiB)
Current lengths of episodes: [1600]
Memory usage at done (index 0, length 1600, since_prev 1600): 2722.04296875 MiB (Increase: 0.0 MiB)
Memory usage before reset: 2722.04296875 MiB (Increase: 0.0 MiB)
Memory usage after reset: 2722.04296875 MiB (Increase: 0.0 MiB)
Training episode 646
Memory usage at middle: 2722.04296875 MiB (Increase: 0.0 MiB)
Memory usage before collect: 2722.04296875 MiB (Increase: 0.0 MiB)
Memory usage after collect: 2722.04296875 MiB (Increase: 0.0 MiB)
Memory usage before initialization: 2722.04296875 MiB (Increase: 0.0 MiB)
Memory usage after initialization: 2722.04296875 MiB (Increase: 0.0 MiB)
Current lengths of episodes: [44]
Memory usage at done (index 0, length 44, since_prev 44): 2722.04296875 MiB (Increase: 0.0 MiB)
Memory usage before reset: 2722.04296875 MiB (Increase: 0.0 MiB)
Memory usage after reset: 2722.04296875 MiB (Increase: 0.0 MiB)
Current lengths of episodes: [44]
Memory usage at done (index 0, length 44, since_prev 44): 2722.04296875 MiB (Increase: 0.0 MiB)
Memory usage before reset: 2722.04296875 MiB (Increase: 0.0 MiB)
Memory usage after reset: 2722.04296875 MiB (Increase: 0.0 MiB)
Training episode 648
Memory usage at middle: 2722.04296875 MiB (Increase: 0.0 MiB)
Memory usage before collect: 2722.04296875 MiB (Increase: 0.0 MiB)
Memory usage after collect: 2722.04296875 MiB (Increase: 0.0 MiB)
Memory usage before initialization: 2722.04296875 MiB (Increase: 0.0 MiB)
Memory usage after initialization: 2722.04296875 MiB (Increase: 0.0 MiB)
Current lengths of episodes: [61]
Memory usage at done (index 0, length 61, since_prev 61): 2722.04296875 MiB (Increase: 0.0 MiB)
Memory usage before reset: 2722.04296875 MiB (Increase: 0.0 MiB)
Memory usage after reset: 2722.04296875 MiB (Increase: 0.0 MiB)
Current lengths of episodes: [91]
Memory usage at done (index 0, length 91, since_prev 91): 2722.04296875 MiB (Increase: 0.0 MiB)
Memory usage before reset: 2722.04296875 MiB (Increase: 0.0 MiB)
Memory usage after reset: 2722.04296875 MiB (Increase: 0.0 MiB)
Training episode 650
Memory usage at middle: 2722.04296875 MiB (Increase: 0.0 MiB)
Memory usage before collect: 2722.04296875 MiB (Increase: 0.0 MiB)
Memory usage after collect: 2722.04296875 MiB (Increase: 0.0 MiB)
Episode 650	Average evaluation: -22.36274123039954
Memory usage before initialization: 2722.04296875 MiB (Increase: 0.0 MiB)
Memory usage after initialization: 2722.04296875 MiB (Increase: 0.0 MiB)
Current lengths of episodes: [1600]
Memory usage at done (index 0, length 1600, since_prev 1600): 2722.04296875 MiB (Increase: 0.0 MiB)
Memory usage before reset: 2722.04296875 MiB (Increase: 0.0 MiB)
Memory usage after reset: 2722.04296875 MiB (Increase: 0.0 MiB)
Current lengths of episodes: [67]
Memory usage at done (index 0, length 67, since_prev 67): 2722.04296875 MiB (Increase: 0.0 MiB)
Memory usage before reset: 2722.04296875 MiB (Increase: 0.0 MiB)
Memory usage after reset: 2722.04296875 MiB (Increase: 0.0 MiB)
Training episode 652
Memory usage at middle: 2722.04296875 MiB (Increase: 0.0 MiB)
Memory usage before collect: 2722.04296875 MiB (Increase: 0.0 MiB)
Memory usage after collect: 2722.04296875 MiB (Increase: 0.0 MiB)
Memory usage before initialization: 2722.04296875 MiB (Increase: 0.0 MiB)
Memory usage after initialization: 2722.04296875 MiB (Increase: 0.0 MiB)
Current lengths of episodes: [52]
Memory usage at done (index 0, length 52, since_prev 52): 2722.04296875 MiB (Increase: 0.0 MiB)
Memory usage before reset: 2722.04296875 MiB (Increase: 0.0 MiB)
Memory usage after reset: 2722.04296875 MiB (Increase: 0.0 MiB)
Current lengths of episodes: [1600]
Memory usage at done (index 0, length 1600, since_prev 1600): 2722.04296875 MiB (Increase: 0.0 MiB)
Memory usage before reset: 2722.04296875 MiB (Increase: 0.0 MiB)
Memory usage after reset: 2722.04296875 MiB (Increase: 0.0 MiB)
Training episode 654
Memory usage at middle: 2722.04296875 MiB (Increase: 0.0 MiB)
Memory usage before collect: 2722.04296875 MiB (Increase: 0.0 MiB)
Memory usage after collect: 2722.04296875 MiB (Increase: 0.0 MiB)
Memory usage before initialization: 2722.04296875 MiB (Increase: 0.0 MiB)
Memory usage after initialization: 2722.04296875 MiB (Increase: 0.0 MiB)
Current lengths of episodes: [61]
Memory usage at done (index 0, length 61, since_prev 61): 2722.04296875 MiB (Increase: 0.0 MiB)
Memory usage before reset: 2722.04296875 MiB (Increase: 0.0 MiB)
Memory usage after reset: 2722.04296875 MiB (Increase: 0.0 MiB)
Current lengths of episodes: [78]
Memory usage at done (index 0, length 78, since_prev 78): 2722.04296875 MiB (Increase: 0.0 MiB)
Memory usage before reset: 2722.04296875 MiB (Increase: 0.0 MiB)
Memory usage after reset: 2722.04296875 MiB (Increase: 0.0 MiB)
Training episode 656
Memory usage at middle: 2722.04296875 MiB (Increase: 0.0 MiB)
Memory usage before collect: 2722.04296875 MiB (Increase: 0.0 MiB)
Memory usage after collect: 2722.04296875 MiB (Increase: 0.0 MiB)
Memory usage before initialization: 2722.04296875 MiB (Increase: 0.0 MiB)
Memory usage after initialization: 2722.04296875 MiB (Increase: 0.0 MiB)
Current lengths of episodes: [110]
Memory usage at done (index 0, length 110, since_prev 110): 2722.04296875 MiB (Increase: 0.0 MiB)
Memory usage before reset: 2722.04296875 MiB (Increase: 0.0 MiB)
Memory usage after reset: 2722.04296875 MiB (Increase: 0.0 MiB)
Current lengths of episodes: [1600]
Memory usage at done (index 0, length 1600, since_prev 1600): 2722.04296875 MiB (Increase: 0.0 MiB)
Memory usage before reset: 2722.04296875 MiB (Increase: 0.0 MiB)
Memory usage after reset: 2722.04296875 MiB (Increase: 0.0 MiB)
Training episode 658
Memory usage at middle: 2722.04296875 MiB (Increase: 0.0 MiB)
Memory usage before collect: 2722.04296875 MiB (Increase: 0.0 MiB)
Memory usage after collect: 2722.04296875 MiB (Increase: 0.0 MiB)
Memory usage before initialization: 2722.04296875 MiB (Increase: 0.0 MiB)
Memory usage after initialization: 2722.04296875 MiB (Increase: 0.0 MiB)
Current lengths of episodes: [87]
Memory usage at done (index 0, length 87, since_prev 87): 2722.04296875 MiB (Increase: 0.0 MiB)
Memory usage before reset: 2722.04296875 MiB (Increase: 0.0 MiB)
Memory usage after reset: 2722.04296875 MiB (Increase: 0.0 MiB)
Current lengths of episodes: [1600]
Memory usage at done (index 0, length 1600, since_prev 1600): 2722.04296875 MiB (Increase: 0.0 MiB)
Memory usage before reset: 2722.04296875 MiB (Increase: 0.0 MiB)
Memory usage after reset: 2722.04296875 MiB (Increase: 0.0 MiB)
Training episode 660
Memory usage at middle: 2722.04296875 MiB (Increase: 0.0 MiB)
Memory usage before collect: 2722.04296875 MiB (Increase: 0.0 MiB)
Memory usage after collect: 2722.04296875 MiB (Increase: 0.0 MiB)
Memory usage before initialization: 2722.04296875 MiB (Increase: 0.0 MiB)
Memory usage after initialization: 2722.04296875 MiB (Increase: 0.0 MiB)
Current lengths of episodes: [74]
Memory usage at done (index 0, length 74, since_prev 74): 2722.04296875 MiB (Increase: 0.0 MiB)
Memory usage before reset: 2722.04296875 MiB (Increase: 0.0 MiB)
Memory usage after reset: 2722.04296875 MiB (Increase: 0.0 MiB)
Current lengths of episodes: [1600]
Memory usage at done (index 0, length 1600, since_prev 1600): 2722.04296875 MiB (Increase: 0.0 MiB)
Memory usage before reset: 2722.04296875 MiB (Increase: 0.0 MiB)
Memory usage after reset: 2722.04296875 MiB (Increase: 0.0 MiB)
Training episode 662
Memory usage at middle: 2722.04296875 MiB (Increase: 0.0 MiB)
Memory usage before collect: 2722.04296875 MiB (Increase: 0.0 MiB)
Memory usage after collect: 2722.04296875 MiB (Increase: 0.0 MiB)
Memory usage before initialization: 2722.04296875 MiB (Increase: 0.0 MiB)
Memory usage after initialization: 2722.04296875 MiB (Increase: 0.0 MiB)
Current lengths of episodes: [1600]
Memory usage at done (index 0, length 1600, since_prev 1600): 2722.04296875 MiB (Increase: 0.0 MiB)
Memory usage before reset: 2722.04296875 MiB (Increase: 0.0 MiB)
Memory usage after reset: 2722.04296875 MiB (Increase: 0.0 MiB)
Current lengths of episodes: [93]
Memory usage at done (index 0, length 93, since_prev 93): 2722.04296875 MiB (Increase: 0.0 MiB)
Memory usage before reset: 2722.04296875 MiB (Increase: 0.0 MiB)
Memory usage after reset: 2722.04296875 MiB (Increase: 0.0 MiB)
Training episode 664
Memory usage at middle: 2722.04296875 MiB (Increase: 0.0 MiB)
Memory usage before collect: 2722.04296875 MiB (Increase: 0.0 MiB)
Memory usage after collect: 2722.04296875 MiB (Increase: 0.0 MiB)
Memory usage before initialization: 2722.04296875 MiB (Increase: 0.0 MiB)
Memory usage after initialization: 2722.04296875 MiB (Increase: 0.0 MiB)
Current lengths of episodes: [1600]
Memory usage at done (index 0, length 1600, since_prev 1600): 2722.04296875 MiB (Increase: 0.0 MiB)
Memory usage before reset: 2722.04296875 MiB (Increase: 0.0 MiB)
Memory usage after reset: 2722.04296875 MiB (Increase: 0.0 MiB)
Current lengths of episodes: [97]
Memory usage at done (index 0, length 97, since_prev 97): 2722.04296875 MiB (Increase: 0.0 MiB)
Memory usage before reset: 2722.04296875 MiB (Increase: 0.0 MiB)
Memory usage after reset: 2722.04296875 MiB (Increase: 0.0 MiB)
Training episode 666
Memory usage at middle: 2722.04296875 MiB (Increase: 0.0 MiB)
Memory usage before collect: 2722.04296875 MiB (Increase: 0.0 MiB)
Memory usage after collect: 2722.04296875 MiB (Increase: 0.0 MiB)
Memory usage before initialization: 2722.04296875 MiB (Increase: 0.0 MiB)
Memory usage after initialization: 2722.04296875 MiB (Increase: 0.0 MiB)
Current lengths of episodes: [1600]
Memory usage at done (index 0, length 1600, since_prev 1600): 2722.04296875 MiB (Increase: 0.0 MiB)
Memory usage before reset: 2722.04296875 MiB (Increase: 0.0 MiB)
Memory usage after reset: 2722.04296875 MiB (Increase: 0.0 MiB)
Current lengths of episodes: [1600]
Memory usage at done (index 0, length 1600, since_prev 1600): 2722.04296875 MiB (Increase: 0.0 MiB)
Memory usage before reset: 2722.04296875 MiB (Increase: 0.0 MiB)
Memory usage after reset: 2722.04296875 MiB (Increase: 0.0 MiB)
Training episode 668
Memory usage at middle: 2722.04296875 MiB (Increase: 0.0 MiB)
Memory usage before collect: 2722.04296875 MiB (Increase: 0.0 MiB)
Memory usage after collect: 2722.04296875 MiB (Increase: 0.0 MiB)
Memory usage before initialization: 2722.04296875 MiB (Increase: 0.0 MiB)
Memory usage after initialization: 2722.04296875 MiB (Increase: 0.0 MiB)
Current lengths of episodes: [1600]
Memory usage at done (index 0, length 1600, since_prev 1600): 2722.04296875 MiB (Increase: 0.0 MiB)
Memory usage before reset: 2722.04296875 MiB (Increase: 0.0 MiB)
Memory usage after reset: 2722.04296875 MiB (Increase: 0.0 MiB)
Current lengths of episodes: [1600]
Memory usage at done (index 0, length 1600, since_prev 1600): 2722.04296875 MiB (Increase: 0.0 MiB)
Memory usage before reset: 2722.04296875 MiB (Increase: 0.0 MiB)
Memory usage after reset: 2722.04296875 MiB (Increase: 0.0 MiB)
Training episode 670
Memory usage at middle: 2722.04296875 MiB (Increase: 0.0 MiB)
Memory usage before collect: 2722.04296875 MiB (Increase: 0.0 MiB)
Memory usage after collect: 2722.04296875 MiB (Increase: 0.0 MiB)
Memory usage before initialization: 2722.04296875 MiB (Increase: 0.0 MiB)
Memory usage after initialization: 2722.04296875 MiB (Increase: 0.0 MiB)
Current lengths of episodes: [75]
Memory usage at done (index 0, length 75, since_prev 75): 2722.04296875 MiB (Increase: 0.0 MiB)
Memory usage before reset: 2722.04296875 MiB (Increase: 0.0 MiB)
Memory usage after reset: 2722.04296875 MiB (Increase: 0.0 MiB)
Current lengths of episodes: [1600]
Memory usage at done (index 0, length 1600, since_prev 1600): 2722.04296875 MiB (Increase: 0.0 MiB)
Memory usage before reset: 2722.04296875 MiB (Increase: 0.0 MiB)
Memory usage after reset: 2722.04296875 MiB (Increase: 0.0 MiB)
Training episode 672
Memory usage at middle: 2722.04296875 MiB (Increase: 0.0 MiB)
Memory usage before collect: 2722.04296875 MiB (Increase: 0.0 MiB)
Memory usage after collect: 2722.04296875 MiB (Increase: 0.0 MiB)
Memory usage before initialization: 2722.04296875 MiB (Increase: 0.0 MiB)
Memory usage after initialization: 2722.04296875 MiB (Increase: 0.0 MiB)
Current lengths of episodes: [1600]
Memory usage at done (index 0, length 1600, since_prev 1600): 2722.04296875 MiB (Increase: 0.0 MiB)
Memory usage before reset: 2722.04296875 MiB (Increase: 0.0 MiB)
Memory usage after reset: 2722.04296875 MiB (Increase: 0.0 MiB)
Current lengths of episodes: [67]
Memory usage at done (index 0, length 67, since_prev 67): 2722.04296875 MiB (Increase: 0.0 MiB)
Memory usage before reset: 2722.04296875 MiB (Increase: 0.0 MiB)
Memory usage after reset: 2722.04296875 MiB (Increase: 0.0 MiB)
Training episode 674
Memory usage at middle: 2722.04296875 MiB (Increase: 0.0 MiB)
Memory usage before collect: 2722.04296875 MiB (Increase: 0.0 MiB)
Memory usage after collect: 2722.04296875 MiB (Increase: 0.0 MiB)
Memory usage before initialization: 2722.04296875 MiB (Increase: 0.0 MiB)
Memory usage after initialization: 2722.04296875 MiB (Increase: 0.0 MiB)
Current lengths of episodes: [1600]
Memory usage at done (index 0, length 1600, since_prev 1600): 2722.04296875 MiB (Increase: 0.0 MiB)
Memory usage before reset: 2722.04296875 MiB (Increase: 0.0 MiB)
Memory usage after reset: 2722.04296875 MiB (Increase: 0.0 MiB)
Current lengths of episodes: [1600]
Memory usage at done (index 0, length 1600, since_prev 1600): 2722.04296875 MiB (Increase: 0.0 MiB)
Memory usage before reset: 2722.04296875 MiB (Increase: 0.0 MiB)
Memory usage after reset: 2722.04296875 MiB (Increase: 0.0 MiB)
Training episode 676
Memory usage at middle: 2722.04296875 MiB (Increase: 0.0 MiB)
Memory usage before collect: 2722.04296875 MiB (Increase: 0.0 MiB)
Memory usage after collect: 2722.04296875 MiB (Increase: 0.0 MiB)
Memory usage before initialization: 2722.04296875 MiB (Increase: 0.0 MiB)
Memory usage after initialization: 2722.04296875 MiB (Increase: 0.0 MiB)
Current lengths of episodes: [1600]
Memory usage at done (index 0, length 1600, since_prev 1600): 2722.04296875 MiB (Increase: 0.0 MiB)
Memory usage before reset: 2722.04296875 MiB (Increase: 0.0 MiB)
Memory usage after reset: 2722.04296875 MiB (Increase: 0.0 MiB)
Current lengths of episodes: [65]
Memory usage at done (index 0, length 65, since_prev 65): 2722.04296875 MiB (Increase: 0.0 MiB)
Memory usage before reset: 2722.04296875 MiB (Increase: 0.0 MiB)
Memory usage after reset: 2722.04296875 MiB (Increase: 0.0 MiB)
Training episode 678
Memory usage at middle: 2722.04296875 MiB (Increase: 0.0 MiB)
Memory usage before collect: 2722.04296875 MiB (Increase: 0.0 MiB)
Memory usage after collect: 2722.04296875 MiB (Increase: 0.0 MiB)
Memory usage before initialization: 2722.04296875 MiB (Increase: 0.0 MiB)
Memory usage after initialization: 2722.04296875 MiB (Increase: 0.0 MiB)
Current lengths of episodes: [77]
Memory usage at done (index 0, length 77, since_prev 77): 2722.04296875 MiB (Increase: 0.0 MiB)
Memory usage before reset: 2722.04296875 MiB (Increase: 0.0 MiB)
Memory usage after reset: 2722.04296875 MiB (Increase: 0.0 MiB)
Current lengths of episodes: [77]
Memory usage at done (index 0, length 77, since_prev 77): 2722.04296875 MiB (Increase: 0.0 MiB)
Memory usage before reset: 2722.04296875 MiB (Increase: 0.0 MiB)
Memory usage after reset: 2722.04296875 MiB (Increase: 0.0 MiB)
Training episode 680
Memory usage at middle: 2722.04296875 MiB (Increase: 0.0 MiB)
Memory usage before collect: 2722.04296875 MiB (Increase: 0.0 MiB)
Memory usage after collect: 2722.04296875 MiB (Increase: 0.0 MiB)
Memory usage before initialization: 2722.04296875 MiB (Increase: 0.0 MiB)
Memory usage after initialization: 2722.04296875 MiB (Increase: 0.0 MiB)
Current lengths of episodes: [1600]
Memory usage at done (index 0, length 1600, since_prev 1600): 2722.04296875 MiB (Increase: 0.0 MiB)
Memory usage before reset: 2722.04296875 MiB (Increase: 0.0 MiB)
Memory usage after reset: 2722.04296875 MiB (Increase: 0.0 MiB)
Current lengths of episodes: [1600]
Memory usage at done (index 0, length 1600, since_prev 1600): 2722.04296875 MiB (Increase: 0.0 MiB)
Memory usage before reset: 2722.04296875 MiB (Increase: 0.0 MiB)
Memory usage after reset: 2722.04296875 MiB (Increase: 0.0 MiB)
Training episode 682
Memory usage at middle: 2722.04296875 MiB (Increase: 0.0 MiB)
Memory usage before collect: 2722.04296875 MiB (Increase: 0.0 MiB)
Memory usage after collect: 2722.04296875 MiB (Increase: 0.0 MiB)
Memory usage before initialization: 2722.04296875 MiB (Increase: 0.0 MiB)
Memory usage after initialization: 2722.04296875 MiB (Increase: 0.0 MiB)
Current lengths of episodes: [1600]
Memory usage at done (index 0, length 1600, since_prev 1600): 2722.04296875 MiB (Increase: 0.0 MiB)
Memory usage before reset: 2722.04296875 MiB (Increase: 0.0 MiB)
Memory usage after reset: 2722.04296875 MiB (Increase: 0.0 MiB)
Current lengths of episodes: [60]
Memory usage at done (index 0, length 60, since_prev 60): 2722.04296875 MiB (Increase: 0.0 MiB)
Memory usage before reset: 2722.04296875 MiB (Increase: 0.0 MiB)
Memory usage after reset: 2722.04296875 MiB (Increase: 0.0 MiB)
Training episode 684
Memory usage at middle: 2722.04296875 MiB (Increase: 0.0 MiB)
Memory usage before collect: 2722.04296875 MiB (Increase: 0.0 MiB)
Memory usage after collect: 2722.04296875 MiB (Increase: 0.0 MiB)
Memory usage before initialization: 2722.04296875 MiB (Increase: 0.0 MiB)
Memory usage after initialization: 2722.04296875 MiB (Increase: 0.0 MiB)
Current lengths of episodes: [1600]
Memory usage at done (index 0, length 1600, since_prev 1600): 2722.04296875 MiB (Increase: 0.0 MiB)
Memory usage before reset: 2722.04296875 MiB (Increase: 0.0 MiB)
Memory usage after reset: 2722.04296875 MiB (Increase: 0.0 MiB)
Current lengths of episodes: [1600]
Memory usage at done (index 0, length 1600, since_prev 1600): 2722.04296875 MiB (Increase: 0.0 MiB)
Memory usage before reset: 2722.04296875 MiB (Increase: 0.0 MiB)
Memory usage after reset: 2722.04296875 MiB (Increase: 0.0 MiB)
Training episode 686
Memory usage at middle: 2722.04296875 MiB (Increase: 0.0 MiB)
Memory usage before collect: 2722.04296875 MiB (Increase: 0.0 MiB)
Memory usage after collect: 2722.04296875 MiB (Increase: 0.0 MiB)
Memory usage before initialization: 2722.04296875 MiB (Increase: 0.0 MiB)
Memory usage after initialization: 2722.04296875 MiB (Increase: 0.0 MiB)
Current lengths of episodes: [92]
Memory usage at done (index 0, length 92, since_prev 92): 2722.04296875 MiB (Increase: 0.0 MiB)
Memory usage before reset: 2722.04296875 MiB (Increase: 0.0 MiB)
Memory usage after reset: 2722.04296875 MiB (Increase: 0.0 MiB)
Current lengths of episodes: [1600]
Memory usage at done (index 0, length 1600, since_prev 1600): 2722.04296875 MiB (Increase: 0.0 MiB)
Memory usage before reset: 2722.04296875 MiB (Increase: 0.0 MiB)
Memory usage after reset: 2722.04296875 MiB (Increase: 0.0 MiB)
Training episode 688
Memory usage at middle: 2722.04296875 MiB (Increase: 0.0 MiB)
Memory usage before collect: 2722.04296875 MiB (Increase: 0.0 MiB)
Memory usage after collect: 2722.04296875 MiB (Increase: 0.0 MiB)
Memory usage before initialization: 2722.04296875 MiB (Increase: 0.0 MiB)
Memory usage after initialization: 2722.04296875 MiB (Increase: 0.0 MiB)
Current lengths of episodes: [1600]
Memory usage at done (index 0, length 1600, since_prev 1600): 2722.04296875 MiB (Increase: 0.0 MiB)
Memory usage before reset: 2722.04296875 MiB (Increase: 0.0 MiB)
Memory usage after reset: 2722.04296875 MiB (Increase: 0.0 MiB)
Current lengths of episodes: [101]
Memory usage at done (index 0, length 101, since_prev 101): 2722.04296875 MiB (Increase: 0.0 MiB)
Memory usage before reset: 2722.04296875 MiB (Increase: 0.0 MiB)
Memory usage after reset: 2722.04296875 MiB (Increase: 0.0 MiB)
Training episode 690
Memory usage at middle: 2722.04296875 MiB (Increase: 0.0 MiB)
Memory usage before collect: 2722.04296875 MiB (Increase: 0.0 MiB)
Memory usage after collect: 2722.04296875 MiB (Increase: 0.0 MiB)
Memory usage before initialization: 2722.04296875 MiB (Increase: 0.0 MiB)
Memory usage after initialization: 2722.04296875 MiB (Increase: 0.0 MiB)
Current lengths of episodes: [1600]
Memory usage at done (index 0, length 1600, since_prev 1600): 2722.04296875 MiB (Increase: 0.0 MiB)
Memory usage before reset: 2722.04296875 MiB (Increase: 0.0 MiB)
Memory usage after reset: 2722.04296875 MiB (Increase: 0.0 MiB)
Current lengths of episodes: [1600]
Memory usage at done (index 0, length 1600, since_prev 1600): 2722.04296875 MiB (Increase: 0.0 MiB)
Memory usage before reset: 2722.04296875 MiB (Increase: 0.0 MiB)
Memory usage after reset: 2722.04296875 MiB (Increase: 0.0 MiB)
Training episode 692
Memory usage at middle: 2722.04296875 MiB (Increase: 0.0 MiB)
Memory usage before collect: 2722.04296875 MiB (Increase: 0.0 MiB)
Memory usage after collect: 2722.04296875 MiB (Increase: 0.0 MiB)
Memory usage before initialization: 2722.04296875 MiB (Increase: 0.0 MiB)
Memory usage after initialization: 2722.04296875 MiB (Increase: 0.0 MiB)
Current lengths of episodes: [136]
Memory usage at done (index 0, length 136, since_prev 136): 2722.04296875 MiB (Increase: 0.0 MiB)
Memory usage before reset: 2722.04296875 MiB (Increase: 0.0 MiB)
Memory usage after reset: 2722.04296875 MiB (Increase: 0.0 MiB)
Current lengths of episodes: [1600]
Memory usage at done (index 0, length 1600, since_prev 1600): 2722.04296875 MiB (Increase: 0.0 MiB)
Memory usage before reset: 2722.04296875 MiB (Increase: 0.0 MiB)
Memory usage after reset: 2722.04296875 MiB (Increase: 0.0 MiB)
Training episode 694
Memory usage at middle: 2722.04296875 MiB (Increase: 0.0 MiB)
Memory usage before collect: 2722.04296875 MiB (Increase: 0.0 MiB)
Memory usage after collect: 2722.04296875 MiB (Increase: 0.0 MiB)
Memory usage before initialization: 2722.04296875 MiB (Increase: 0.0 MiB)
Memory usage after initialization: 2722.04296875 MiB (Increase: 0.0 MiB)
Current lengths of episodes: [1600]
Memory usage at done (index 0, length 1600, since_prev 1600): 2722.04296875 MiB (Increase: 0.0 MiB)
Memory usage before reset: 2722.04296875 MiB (Increase: 0.0 MiB)
Memory usage after reset: 2722.04296875 MiB (Increase: 0.0 MiB)
Current lengths of episodes: [69]
Memory usage at done (index 0, length 69, since_prev 69): 2722.04296875 MiB (Increase: 0.0 MiB)
Memory usage before reset: 2722.04296875 MiB (Increase: 0.0 MiB)
Memory usage after reset: 2722.04296875 MiB (Increase: 0.0 MiB)
Training episode 696
Memory usage at middle: 2722.04296875 MiB (Increase: 0.0 MiB)
Memory usage before collect: 2722.04296875 MiB (Increase: 0.0 MiB)
Memory usage after collect: 2722.04296875 MiB (Increase: 0.0 MiB)
Memory usage before initialization: 2722.04296875 MiB (Increase: 0.0 MiB)
Memory usage after initialization: 2722.04296875 MiB (Increase: 0.0 MiB)
Current lengths of episodes: [1600]
Memory usage at done (index 0, length 1600, since_prev 1600): 2722.04296875 MiB (Increase: 0.0 MiB)
Memory usage before reset: 2722.04296875 MiB (Increase: 0.0 MiB)
Memory usage after reset: 2722.04296875 MiB (Increase: 0.0 MiB)
Current lengths of episodes: [1600]
Memory usage at done (index 0, length 1600, since_prev 1600): 2722.04296875 MiB (Increase: 0.0 MiB)
Memory usage before reset: 2722.04296875 MiB (Increase: 0.0 MiB)
Memory usage after reset: 2722.04296875 MiB (Increase: 0.0 MiB)
Training episode 698
Memory usage at middle: 2722.04296875 MiB (Increase: 0.0 MiB)
Memory usage before collect: 2722.04296875 MiB (Increase: 0.0 MiB)
Memory usage after collect: 2722.04296875 MiB (Increase: 0.0 MiB)
Memory usage before initialization: 2722.04296875 MiB (Increase: 0.0 MiB)
Memory usage after initialization: 2722.04296875 MiB (Increase: 0.0 MiB)
Current lengths of episodes: [1600]
Memory usage at done (index 0, length 1600, since_prev 1600): 2722.04296875 MiB (Increase: 0.0 MiB)
Memory usage before reset: 2722.04296875 MiB (Increase: 0.0 MiB)
Memory usage after reset: 2722.04296875 MiB (Increase: 0.0 MiB)
Current lengths of episodes: [66]
Memory usage at done (index 0, length 66, since_prev 66): 2722.04296875 MiB (Increase: 0.0 MiB)
Memory usage before reset: 2722.04296875 MiB (Increase: 0.0 MiB)
Memory usage after reset: 2722.04296875 MiB (Increase: 0.0 MiB)
Training episode 700
Memory usage at middle: 2722.04296875 MiB (Increase: 0.0 MiB)
Memory usage before collect: 2722.04296875 MiB (Increase: 0.0 MiB)
Memory usage after collect: 2722.04296875 MiB (Increase: 0.0 MiB)
Episode 700	Average evaluation: -22.078462789121144
Memory usage before initialization: 2722.04296875 MiB (Increase: 0.0 MiB)
Memory usage after initialization: 2722.04296875 MiB (Increase: 0.0 MiB)
Current lengths of episodes: [105]
Memory usage at done (index 0, length 105, since_prev 105): 2722.04296875 MiB (Increase: 0.0 MiB)
Memory usage before reset: 2722.04296875 MiB (Increase: 0.0 MiB)
Memory usage after reset: 2722.04296875 MiB (Increase: 0.0 MiB)
Current lengths of episodes: [45]
Memory usage at done (index 0, length 45, since_prev 45): 2722.04296875 MiB (Increase: 0.0 MiB)
Memory usage before reset: 2722.04296875 MiB (Increase: 0.0 MiB)
Memory usage after reset: 2722.04296875 MiB (Increase: 0.0 MiB)
Training episode 702
Memory usage at middle: 2722.04296875 MiB (Increase: 0.0 MiB)
Memory usage before collect: 2722.04296875 MiB (Increase: 0.0 MiB)
Memory usage after collect: 2722.04296875 MiB (Increase: 0.0 MiB)
Memory usage before initialization: 2722.04296875 MiB (Increase: 0.0 MiB)
Memory usage after initialization: 2722.04296875 MiB (Increase: 0.0 MiB)
Current lengths of episodes: [1600]
Memory usage at done (index 0, length 1600, since_prev 1600): 2722.04296875 MiB (Increase: 0.0 MiB)
Memory usage before reset: 2722.04296875 MiB (Increase: 0.0 MiB)
Memory usage after reset: 2722.04296875 MiB (Increase: 0.0 MiB)
Current lengths of episodes: [1600]
Memory usage at done (index 0, length 1600, since_prev 1600): 2722.04296875 MiB (Increase: 0.0 MiB)
Memory usage before reset: 2722.04296875 MiB (Increase: 0.0 MiB)
Memory usage after reset: 2722.04296875 MiB (Increase: 0.0 MiB)
Training episode 704
Memory usage at middle: 2722.04296875 MiB (Increase: 0.0 MiB)
Memory usage before collect: 2722.04296875 MiB (Increase: 0.0 MiB)
Memory usage after collect: 2722.04296875 MiB (Increase: 0.0 MiB)
Memory usage before initialization: 2722.04296875 MiB (Increase: 0.0 MiB)
Memory usage after initialization: 2722.04296875 MiB (Increase: 0.0 MiB)
Current lengths of episodes: [52]
Memory usage at done (index 0, length 52, since_prev 52): 2722.04296875 MiB (Increase: 0.0 MiB)
Memory usage before reset: 2722.04296875 MiB (Increase: 0.0 MiB)
Memory usage after reset: 2722.04296875 MiB (Increase: 0.0 MiB)
Current lengths of episodes: [1600]
Memory usage at done (index 0, length 1600, since_prev 1600): 2722.04296875 MiB (Increase: 0.0 MiB)
Memory usage before reset: 2722.04296875 MiB (Increase: 0.0 MiB)
Memory usage after reset: 2722.04296875 MiB (Increase: 0.0 MiB)
Training episode 706
Memory usage at middle: 2722.04296875 MiB (Increase: 0.0 MiB)
Memory usage before collect: 2722.04296875 MiB (Increase: 0.0 MiB)
Memory usage after collect: 2722.04296875 MiB (Increase: 0.0 MiB)
Memory usage before initialization: 2722.04296875 MiB (Increase: 0.0 MiB)
Memory usage after initialization: 2722.04296875 MiB (Increase: 0.0 MiB)
Current lengths of episodes: [90]
Memory usage at done (index 0, length 90, since_prev 90): 2722.04296875 MiB (Increase: 0.0 MiB)
Memory usage before reset: 2722.04296875 MiB (Increase: 0.0 MiB)
Memory usage after reset: 2722.04296875 MiB (Increase: 0.0 MiB)
Current lengths of episodes: [1600]
Memory usage at done (index 0, length 1600, since_prev 1600): 2722.04296875 MiB (Increase: 0.0 MiB)
Memory usage before reset: 2722.04296875 MiB (Increase: 0.0 MiB)
Memory usage after reset: 2722.04296875 MiB (Increase: 0.0 MiB)
Training episode 708
Memory usage at middle: 2722.04296875 MiB (Increase: 0.0 MiB)
Memory usage before collect: 2722.04296875 MiB (Increase: 0.0 MiB)
Memory usage after collect: 2722.04296875 MiB (Increase: 0.0 MiB)
Memory usage before initialization: 2722.04296875 MiB (Increase: 0.0 MiB)
Memory usage after initialization: 2722.04296875 MiB (Increase: 0.0 MiB)
Current lengths of episodes: [52]
Memory usage at done (index 0, length 52, since_prev 52): 2722.04296875 MiB (Increase: 0.0 MiB)
Memory usage before reset: 2722.04296875 MiB (Increase: 0.0 MiB)
Memory usage after reset: 2722.04296875 MiB (Increase: 0.0 MiB)
Current lengths of episodes: [1600]
Memory usage at done (index 0, length 1600, since_prev 1600): 2722.04296875 MiB (Increase: 0.0 MiB)
Memory usage before reset: 2722.04296875 MiB (Increase: 0.0 MiB)
Memory usage after reset: 2722.04296875 MiB (Increase: 0.0 MiB)
Training episode 710
Memory usage at middle: 2722.04296875 MiB (Increase: 0.0 MiB)
Memory usage before collect: 2722.04296875 MiB (Increase: 0.0 MiB)
Memory usage after collect: 2722.04296875 MiB (Increase: 0.0 MiB)
Memory usage before initialization: 2722.04296875 MiB (Increase: 0.0 MiB)
Memory usage after initialization: 2722.04296875 MiB (Increase: 0.0 MiB)
Current lengths of episodes: [98]
Memory usage at done (index 0, length 98, since_prev 98): 2722.04296875 MiB (Increase: 0.0 MiB)
Memory usage before reset: 2722.04296875 MiB (Increase: 0.0 MiB)
Memory usage after reset: 2722.04296875 MiB (Increase: 0.0 MiB)
Current lengths of episodes: [64]
Memory usage at done (index 0, length 64, since_prev 64): 2722.04296875 MiB (Increase: 0.0 MiB)
Memory usage before reset: 2722.04296875 MiB (Increase: 0.0 MiB)
Memory usage after reset: 2722.04296875 MiB (Increase: 0.0 MiB)
Training episode 712
Memory usage at middle: 2722.04296875 MiB (Increase: 0.0 MiB)
Memory usage before collect: 2722.04296875 MiB (Increase: 0.0 MiB)
Memory usage after collect: 2722.04296875 MiB (Increase: 0.0 MiB)
Memory usage before initialization: 2722.04296875 MiB (Increase: 0.0 MiB)
Memory usage after initialization: 2722.04296875 MiB (Increase: 0.0 MiB)
Current lengths of episodes: [50]
Memory usage at done (index 0, length 50, since_prev 50): 2722.04296875 MiB (Increase: 0.0 MiB)
Memory usage before reset: 2722.04296875 MiB (Increase: 0.0 MiB)
Memory usage after reset: 2722.04296875 MiB (Increase: 0.0 MiB)
Current lengths of episodes: [77]
Memory usage at done (index 0, length 77, since_prev 77): 2722.04296875 MiB (Increase: 0.0 MiB)
Memory usage before reset: 2722.04296875 MiB (Increase: 0.0 MiB)
Memory usage after reset: 2722.04296875 MiB (Increase: 0.0 MiB)
Training episode 714
Memory usage at middle: 2722.04296875 MiB (Increase: 0.0 MiB)
Memory usage before collect: 2722.04296875 MiB (Increase: 0.0 MiB)
Memory usage after collect: 2722.04296875 MiB (Increase: 0.0 MiB)
Memory usage before initialization: 2722.04296875 MiB (Increase: 0.0 MiB)
Memory usage after initialization: 2722.04296875 MiB (Increase: 0.0 MiB)
Current lengths of episodes: [1600]
Memory usage at done (index 0, length 1600, since_prev 1600): 2722.04296875 MiB (Increase: 0.0 MiB)
Memory usage before reset: 2722.04296875 MiB (Increase: 0.0 MiB)
Memory usage after reset: 2722.04296875 MiB (Increase: 0.0 MiB)
Current lengths of episodes: [1600]
Memory usage at done (index 0, length 1600, since_prev 1600): 2722.04296875 MiB (Increase: 0.0 MiB)
Memory usage before reset: 2722.04296875 MiB (Increase: 0.0 MiB)
Memory usage after reset: 2722.04296875 MiB (Increase: 0.0 MiB)
Training episode 716
Memory usage at middle: 2722.04296875 MiB (Increase: 0.0 MiB)
Memory usage before collect: 2722.04296875 MiB (Increase: 0.0 MiB)
Memory usage after collect: 2722.04296875 MiB (Increase: 0.0 MiB)
Memory usage before initialization: 2722.04296875 MiB (Increase: 0.0 MiB)
Memory usage after initialization: 2722.04296875 MiB (Increase: 0.0 MiB)
Current lengths of episodes: [1600]
Memory usage at done (index 0, length 1600, since_prev 1600): 2722.04296875 MiB (Increase: 0.0 MiB)
Memory usage before reset: 2722.04296875 MiB (Increase: 0.0 MiB)
Memory usage after reset: 2722.04296875 MiB (Increase: 0.0 MiB)
Current lengths of episodes: [1600]
Memory usage at done (index 0, length 1600, since_prev 1600): 2722.04296875 MiB (Increase: 0.0 MiB)
Memory usage before reset: 2722.04296875 MiB (Increase: 0.0 MiB)
Memory usage after reset: 2722.04296875 MiB (Increase: 0.0 MiB)
Training episode 718
Memory usage at middle: 2722.04296875 MiB (Increase: 0.0 MiB)
Memory usage before collect: 2722.04296875 MiB (Increase: 0.0 MiB)
Memory usage after collect: 2722.04296875 MiB (Increase: 0.0 MiB)
Memory usage before initialization: 2722.04296875 MiB (Increase: 0.0 MiB)
Memory usage after initialization: 2722.04296875 MiB (Increase: 0.0 MiB)
Current lengths of episodes: [1600]
Memory usage at done (index 0, length 1600, since_prev 1600): 2722.04296875 MiB (Increase: 0.0 MiB)
Memory usage before reset: 2722.04296875 MiB (Increase: 0.0 MiB)
Memory usage after reset: 2722.04296875 MiB (Increase: 0.0 MiB)
Current lengths of episodes: [1600]
Memory usage at done (index 0, length 1600, since_prev 1600): 2722.04296875 MiB (Increase: 0.0 MiB)
Memory usage before reset: 2722.04296875 MiB (Increase: 0.0 MiB)
Memory usage after reset: 2722.04296875 MiB (Increase: 0.0 MiB)
Training episode 720
Memory usage at middle: 2722.04296875 MiB (Increase: 0.0 MiB)
Memory usage before collect: 2722.04296875 MiB (Increase: 0.0 MiB)
Memory usage after collect: 2722.04296875 MiB (Increase: 0.0 MiB)
Memory usage before initialization: 2722.04296875 MiB (Increase: 0.0 MiB)
Memory usage after initialization: 2722.04296875 MiB (Increase: 0.0 MiB)
Current lengths of episodes: [1600]
Memory usage at done (index 0, length 1600, since_prev 1600): 2722.04296875 MiB (Increase: 0.0 MiB)
Memory usage before reset: 2722.04296875 MiB (Increase: 0.0 MiB)
Memory usage after reset: 2722.04296875 MiB (Increase: 0.0 MiB)
Current lengths of episodes: [1600]
Memory usage at done (index 0, length 1600, since_prev 1600): 2722.04296875 MiB (Increase: 0.0 MiB)
Memory usage before reset: 2722.04296875 MiB (Increase: 0.0 MiB)
Memory usage after reset: 2722.04296875 MiB (Increase: 0.0 MiB)
Training episode 722
Memory usage at middle: 2722.04296875 MiB (Increase: 0.0 MiB)
Memory usage before collect: 2722.04296875 MiB (Increase: 0.0 MiB)
Memory usage after collect: 2722.04296875 MiB (Increase: 0.0 MiB)
Memory usage before initialization: 2722.04296875 MiB (Increase: 0.0 MiB)
Memory usage after initialization: 2722.04296875 MiB (Increase: 0.0 MiB)
Current lengths of episodes: [51]
Memory usage at done (index 0, length 51, since_prev 51): 2722.04296875 MiB (Increase: 0.0 MiB)
Memory usage before reset: 2722.04296875 MiB (Increase: 0.0 MiB)
Memory usage after reset: 2722.04296875 MiB (Increase: 0.0 MiB)
Current lengths of episodes: [76]
Memory usage at done (index 0, length 76, since_prev 76): 2722.04296875 MiB (Increase: 0.0 MiB)
Memory usage before reset: 2722.04296875 MiB (Increase: 0.0 MiB)
Memory usage after reset: 2722.04296875 MiB (Increase: 0.0 MiB)
Training episode 724
Memory usage at middle: 2722.04296875 MiB (Increase: 0.0 MiB)
Memory usage before collect: 2722.04296875 MiB (Increase: 0.0 MiB)
Memory usage after collect: 2722.04296875 MiB (Increase: 0.0 MiB)
Memory usage before initialization: 2722.04296875 MiB (Increase: 0.0 MiB)
Memory usage after initialization: 2722.04296875 MiB (Increase: 0.0 MiB)
Current lengths of episodes: [1600]
Memory usage at done (index 0, length 1600, since_prev 1600): 2722.04296875 MiB (Increase: 0.0 MiB)
Memory usage before reset: 2722.04296875 MiB (Increase: 0.0 MiB)
Memory usage after reset: 2722.04296875 MiB (Increase: 0.0 MiB)
Current lengths of episodes: [1600]
Memory usage at done (index 0, length 1600, since_prev 1600): 2722.04296875 MiB (Increase: 0.0 MiB)
Memory usage before reset: 2722.04296875 MiB (Increase: 0.0 MiB)
Memory usage after reset: 2722.04296875 MiB (Increase: 0.0 MiB)
Training episode 726
Memory usage at middle: 2722.04296875 MiB (Increase: 0.0 MiB)
Memory usage before collect: 2722.04296875 MiB (Increase: 0.0 MiB)
Memory usage after collect: 2722.04296875 MiB (Increase: 0.0 MiB)
Memory usage before initialization: 2722.04296875 MiB (Increase: 0.0 MiB)
Memory usage after initialization: 2722.04296875 MiB (Increase: 0.0 MiB)
Current lengths of episodes: [1600]
Memory usage at done (index 0, length 1600, since_prev 1600): 2722.04296875 MiB (Increase: 0.0 MiB)
Memory usage before reset: 2722.04296875 MiB (Increase: 0.0 MiB)
Memory usage after reset: 2722.04296875 MiB (Increase: 0.0 MiB)
Current lengths of episodes: [218]
Memory usage at done (index 0, length 218, since_prev 218): 2722.04296875 MiB (Increase: 0.0 MiB)
Memory usage before reset: 2722.04296875 MiB (Increase: 0.0 MiB)
Memory usage after reset: 2722.04296875 MiB (Increase: 0.0 MiB)
Training episode 728
Memory usage at middle: 2722.04296875 MiB (Increase: 0.0 MiB)
Memory usage before collect: 2722.04296875 MiB (Increase: 0.0 MiB)
Memory usage after collect: 2722.04296875 MiB (Increase: 0.0 MiB)
Memory usage before initialization: 2722.04296875 MiB (Increase: 0.0 MiB)
Memory usage after initialization: 2722.04296875 MiB (Increase: 0.0 MiB)
Current lengths of episodes: [1600]
Memory usage at done (index 0, length 1600, since_prev 1600): 2722.04296875 MiB (Increase: 0.0 MiB)
Memory usage before reset: 2722.04296875 MiB (Increase: 0.0 MiB)
Memory usage after reset: 2722.04296875 MiB (Increase: 0.0 MiB)
Current lengths of episodes: [1600]
Memory usage at done (index 0, length 1600, since_prev 1600): 2722.04296875 MiB (Increase: 0.0 MiB)
Memory usage before reset: 2722.04296875 MiB (Increase: 0.0 MiB)
Memory usage after reset: 2722.04296875 MiB (Increase: 0.0 MiB)
Training episode 730
Memory usage at middle: 2722.04296875 MiB (Increase: 0.0 MiB)
Memory usage before collect: 2722.04296875 MiB (Increase: 0.0 MiB)
Memory usage after collect: 2722.04296875 MiB (Increase: 0.0 MiB)
Memory usage before initialization: 2722.04296875 MiB (Increase: 0.0 MiB)
Memory usage after initialization: 2722.04296875 MiB (Increase: 0.0 MiB)
Current lengths of episodes: [74]
Memory usage at done (index 0, length 74, since_prev 74): 2722.04296875 MiB (Increase: 0.0 MiB)
Memory usage before reset: 2722.04296875 MiB (Increase: 0.0 MiB)
Memory usage after reset: 2722.04296875 MiB (Increase: 0.0 MiB)
Current lengths of episodes: [71]
Memory usage at done (index 0, length 71, since_prev 71): 2722.04296875 MiB (Increase: 0.0 MiB)
Memory usage before reset: 2722.04296875 MiB (Increase: 0.0 MiB)
Memory usage after reset: 2722.04296875 MiB (Increase: 0.0 MiB)
Training episode 732
Memory usage at middle: 2722.04296875 MiB (Increase: 0.0 MiB)
Memory usage before collect: 2722.04296875 MiB (Increase: 0.0 MiB)
Memory usage after collect: 2722.04296875 MiB (Increase: 0.0 MiB)
Memory usage before initialization: 2722.04296875 MiB (Increase: 0.0 MiB)
Memory usage after initialization: 2722.04296875 MiB (Increase: 0.0 MiB)
Current lengths of episodes: [1600]
Memory usage at done (index 0, length 1600, since_prev 1600): 2722.04296875 MiB (Increase: 0.0 MiB)
Memory usage before reset: 2722.04296875 MiB (Increase: 0.0 MiB)
Memory usage after reset: 2722.04296875 MiB (Increase: 0.0 MiB)
Current lengths of episodes: [66]
Memory usage at done (index 0, length 66, since_prev 66): 2722.04296875 MiB (Increase: 0.0 MiB)
Memory usage before reset: 2722.04296875 MiB (Increase: 0.0 MiB)
Memory usage after reset: 2722.04296875 MiB (Increase: 0.0 MiB)
Training episode 734
Memory usage at middle: 2722.04296875 MiB (Increase: 0.0 MiB)
Memory usage before collect: 2722.04296875 MiB (Increase: 0.0 MiB)
Memory usage after collect: 2722.04296875 MiB (Increase: 0.0 MiB)
Memory usage before initialization: 2722.04296875 MiB (Increase: 0.0 MiB)
Memory usage after initialization: 2722.04296875 MiB (Increase: 0.0 MiB)
Current lengths of episodes: [1600]
Memory usage at done (index 0, length 1600, since_prev 1600): 2722.04296875 MiB (Increase: 0.0 MiB)
Memory usage before reset: 2722.04296875 MiB (Increase: 0.0 MiB)
Memory usage after reset: 2722.04296875 MiB (Increase: 0.0 MiB)
Current lengths of episodes: [1600]
Memory usage at done (index 0, length 1600, since_prev 1600): 2722.04296875 MiB (Increase: 0.0 MiB)
Memory usage before reset: 2722.04296875 MiB (Increase: 0.0 MiB)
Memory usage after reset: 2722.04296875 MiB (Increase: 0.0 MiB)
Training episode 736
Memory usage at middle: 2722.04296875 MiB (Increase: 0.0 MiB)
Memory usage before collect: 2722.04296875 MiB (Increase: 0.0 MiB)
Memory usage after collect: 2722.04296875 MiB (Increase: 0.0 MiB)
Memory usage before initialization: 2722.04296875 MiB (Increase: 0.0 MiB)
Memory usage after initialization: 2722.04296875 MiB (Increase: 0.0 MiB)
Current lengths of episodes: [1600]
Memory usage at done (index 0, length 1600, since_prev 1600): 2722.04296875 MiB (Increase: 0.0 MiB)
Memory usage before reset: 2722.04296875 MiB (Increase: 0.0 MiB)
Memory usage after reset: 2722.04296875 MiB (Increase: 0.0 MiB)
Current lengths of episodes: [59]
Memory usage at done (index 0, length 59, since_prev 59): 2722.04296875 MiB (Increase: 0.0 MiB)
Memory usage before reset: 2722.04296875 MiB (Increase: 0.0 MiB)
Memory usage after reset: 2722.04296875 MiB (Increase: 0.0 MiB)
Training episode 738
Memory usage at middle: 2722.04296875 MiB (Increase: 0.0 MiB)
Memory usage before collect: 2722.04296875 MiB (Increase: 0.0 MiB)
Memory usage after collect: 2722.04296875 MiB (Increase: 0.0 MiB)
Memory usage before initialization: 2722.04296875 MiB (Increase: 0.0 MiB)
Memory usage after initialization: 2722.04296875 MiB (Increase: 0.0 MiB)
Current lengths of episodes: [1600]
Memory usage at done (index 0, length 1600, since_prev 1600): 2722.04296875 MiB (Increase: 0.0 MiB)
Memory usage before reset: 2722.04296875 MiB (Increase: 0.0 MiB)
Memory usage after reset: 2722.04296875 MiB (Increase: 0.0 MiB)
Current lengths of episodes: [68]
Memory usage at done (index 0, length 68, since_prev 68): 2722.04296875 MiB (Increase: 0.0 MiB)
Memory usage before reset: 2722.04296875 MiB (Increase: 0.0 MiB)
Memory usage after reset: 2722.04296875 MiB (Increase: 0.0 MiB)
Training episode 740
Memory usage at middle: 2722.04296875 MiB (Increase: 0.0 MiB)
Memory usage before collect: 2722.04296875 MiB (Increase: 0.0 MiB)
Memory usage after collect: 2722.04296875 MiB (Increase: 0.0 MiB)
Memory usage before initialization: 2722.04296875 MiB (Increase: 0.0 MiB)
Memory usage after initialization: 2722.04296875 MiB (Increase: 0.0 MiB)
Current lengths of episodes: [1600]
Memory usage at done (index 0, length 1600, since_prev 1600): 2722.04296875 MiB (Increase: 0.0 MiB)
Memory usage before reset: 2722.04296875 MiB (Increase: 0.0 MiB)
Memory usage after reset: 2722.04296875 MiB (Increase: 0.0 MiB)
Current lengths of episodes: [1600]
Memory usage at done (index 0, length 1600, since_prev 1600): 2722.04296875 MiB (Increase: 0.0 MiB)
Memory usage before reset: 2722.04296875 MiB (Increase: 0.0 MiB)
Memory usage after reset: 2722.04296875 MiB (Increase: 0.0 MiB)
Training episode 742
Memory usage at middle: 2722.04296875 MiB (Increase: 0.0 MiB)
Memory usage before collect: 2722.04296875 MiB (Increase: 0.0 MiB)
Memory usage after collect: 2722.04296875 MiB (Increase: 0.0 MiB)
Memory usage before initialization: 2722.04296875 MiB (Increase: 0.0 MiB)
Memory usage after initialization: 2722.04296875 MiB (Increase: 0.0 MiB)
Current lengths of episodes: [60]
Memory usage at done (index 0, length 60, since_prev 60): 2722.04296875 MiB (Increase: 0.0 MiB)
Memory usage before reset: 2722.04296875 MiB (Increase: 0.0 MiB)
Memory usage after reset: 2722.04296875 MiB (Increase: 0.0 MiB)
Current lengths of episodes: [1600]
Memory usage at done (index 0, length 1600, since_prev 1600): 2722.04296875 MiB (Increase: 0.0 MiB)
Memory usage before reset: 2722.04296875 MiB (Increase: 0.0 MiB)
Memory usage after reset: 2722.04296875 MiB (Increase: 0.0 MiB)
Training episode 744
Memory usage at middle: 2722.04296875 MiB (Increase: 0.0 MiB)
Memory usage before collect: 2722.04296875 MiB (Increase: 0.0 MiB)
Memory usage after collect: 2722.04296875 MiB (Increase: 0.0 MiB)
Memory usage before initialization: 2722.04296875 MiB (Increase: 0.0 MiB)
Memory usage after initialization: 2722.04296875 MiB (Increase: 0.0 MiB)
Current lengths of episodes: [1600]
Memory usage at done (index 0, length 1600, since_prev 1600): 2722.04296875 MiB (Increase: 0.0 MiB)
Memory usage before reset: 2722.04296875 MiB (Increase: 0.0 MiB)
Memory usage after reset: 2722.04296875 MiB (Increase: 0.0 MiB)
Current lengths of episodes: [88]
Memory usage at done (index 0, length 88, since_prev 88): 2722.04296875 MiB (Increase: 0.0 MiB)
Memory usage before reset: 2722.04296875 MiB (Increase: 0.0 MiB)
Memory usage after reset: 2722.04296875 MiB (Increase: 0.0 MiB)
Training episode 746
Memory usage at middle: 2722.04296875 MiB (Increase: 0.0 MiB)
Memory usage before collect: 2722.04296875 MiB (Increase: 0.0 MiB)
Memory usage after collect: 2722.04296875 MiB (Increase: 0.0 MiB)
Memory usage before initialization: 2722.04296875 MiB (Increase: 0.0 MiB)
Memory usage after initialization: 2722.04296875 MiB (Increase: 0.0 MiB)
Current lengths of episodes: [95]
Memory usage at done (index 0, length 95, since_prev 95): 2722.04296875 MiB (Increase: 0.0 MiB)
Memory usage before reset: 2722.04296875 MiB (Increase: 0.0 MiB)
Memory usage after reset: 2722.04296875 MiB (Increase: 0.0 MiB)
Current lengths of episodes: [78]
Memory usage at done (index 0, length 78, since_prev 78): 2722.04296875 MiB (Increase: 0.0 MiB)
Memory usage before reset: 2722.04296875 MiB (Increase: 0.0 MiB)
Memory usage after reset: 2722.04296875 MiB (Increase: 0.0 MiB)
Training episode 748
Memory usage at middle: 2722.04296875 MiB (Increase: 0.0 MiB)
Memory usage before collect: 2722.04296875 MiB (Increase: 0.0 MiB)
Memory usage after collect: 2722.04296875 MiB (Increase: 0.0 MiB)
Memory usage before initialization: 2722.04296875 MiB (Increase: 0.0 MiB)
Memory usage after initialization: 2722.04296875 MiB (Increase: 0.0 MiB)
Current lengths of episodes: [69]
Memory usage at done (index 0, length 69, since_prev 69): 2722.04296875 MiB (Increase: 0.0 MiB)
Memory usage before reset: 2722.04296875 MiB (Increase: 0.0 MiB)
Memory usage after reset: 2722.04296875 MiB (Increase: 0.0 MiB)
Current lengths of episodes: [1600]
Memory usage at done (index 0, length 1600, since_prev 1600): 2722.04296875 MiB (Increase: 0.0 MiB)
Memory usage before reset: 2722.04296875 MiB (Increase: 0.0 MiB)
Memory usage after reset: 2722.04296875 MiB (Increase: 0.0 MiB)
Training episode 750
Memory usage at middle: 2722.04296875 MiB (Increase: 0.0 MiB)
Memory usage before collect: 2722.04296875 MiB (Increase: 0.0 MiB)
Memory usage after collect: 2722.04296875 MiB (Increase: 0.0 MiB)
Episode 750	Average evaluation: -23.54995927474462
Memory usage before initialization: 2722.04296875 MiB (Increase: 0.0 MiB)
Memory usage after initialization: 2722.04296875 MiB (Increase: 0.0 MiB)
Current lengths of episodes: [1600]
Memory usage at done (index 0, length 1600, since_prev 1600): 2722.04296875 MiB (Increase: 0.0 MiB)
Memory usage before reset: 2722.04296875 MiB (Increase: 0.0 MiB)
Memory usage after reset: 2722.04296875 MiB (Increase: 0.0 MiB)
Current lengths of episodes: [1600]
Memory usage at done (index 0, length 1600, since_prev 1600): 2722.04296875 MiB (Increase: 0.0 MiB)
Memory usage before reset: 2722.04296875 MiB (Increase: 0.0 MiB)
Memory usage after reset: 2722.04296875 MiB (Increase: 0.0 MiB)
Training episode 752
Memory usage at middle: 2722.04296875 MiB (Increase: 0.0 MiB)
Memory usage before collect: 2722.04296875 MiB (Increase: 0.0 MiB)
Memory usage after collect: 2722.04296875 MiB (Increase: 0.0 MiB)
Memory usage before initialization: 2722.04296875 MiB (Increase: 0.0 MiB)
Memory usage after initialization: 2722.04296875 MiB (Increase: 0.0 MiB)
Current lengths of episodes: [1600]
Memory usage at done (index 0, length 1600, since_prev 1600): 2722.04296875 MiB (Increase: 0.0 MiB)
Memory usage before reset: 2722.04296875 MiB (Increase: 0.0 MiB)
Memory usage after reset: 2722.04296875 MiB (Increase: 0.0 MiB)
Current lengths of episodes: [1600]
Memory usage at done (index 0, length 1600, since_prev 1600): 2722.04296875 MiB (Increase: 0.0 MiB)
Memory usage before reset: 2722.04296875 MiB (Increase: 0.0 MiB)
Memory usage after reset: 2722.04296875 MiB (Increase: 0.0 MiB)
Training episode 754
Memory usage at middle: 2722.04296875 MiB (Increase: 0.0 MiB)
Memory usage before collect: 2722.04296875 MiB (Increase: 0.0 MiB)
Memory usage after collect: 2722.04296875 MiB (Increase: 0.0 MiB)
Memory usage before initialization: 2722.04296875 MiB (Increase: 0.0 MiB)
Memory usage after initialization: 2722.04296875 MiB (Increase: 0.0 MiB)
Current lengths of episodes: [52]
Memory usage at done (index 0, length 52, since_prev 52): 2722.04296875 MiB (Increase: 0.0 MiB)
Memory usage before reset: 2722.04296875 MiB (Increase: 0.0 MiB)
Memory usage after reset: 2722.04296875 MiB (Increase: 0.0 MiB)
Current lengths of episodes: [1600]
Memory usage at done (index 0, length 1600, since_prev 1600): 2722.04296875 MiB (Increase: 0.0 MiB)
Memory usage before reset: 2722.04296875 MiB (Increase: 0.0 MiB)
Memory usage after reset: 2722.04296875 MiB (Increase: 0.0 MiB)
Training episode 756
Memory usage at middle: 2722.04296875 MiB (Increase: 0.0 MiB)
Memory usage before collect: 2722.04296875 MiB (Increase: 0.0 MiB)
Memory usage after collect: 2722.04296875 MiB (Increase: 0.0 MiB)
Memory usage before initialization: 2722.04296875 MiB (Increase: 0.0 MiB)
Memory usage after initialization: 2722.04296875 MiB (Increase: 0.0 MiB)
Current lengths of episodes: [71]
Memory usage at done (index 0, length 71, since_prev 71): 2722.04296875 MiB (Increase: 0.0 MiB)
Memory usage before reset: 2722.04296875 MiB (Increase: 0.0 MiB)
Memory usage after reset: 2722.04296875 MiB (Increase: 0.0 MiB)
Current lengths of episodes: [98]
Memory usage at done (index 0, length 98, since_prev 98): 2722.04296875 MiB (Increase: 0.0 MiB)
Memory usage before reset: 2722.04296875 MiB (Increase: 0.0 MiB)
Memory usage after reset: 2722.04296875 MiB (Increase: 0.0 MiB)
Training episode 758
Memory usage at middle: 2722.04296875 MiB (Increase: 0.0 MiB)
Memory usage before collect: 2722.04296875 MiB (Increase: 0.0 MiB)
Memory usage after collect: 2722.04296875 MiB (Increase: 0.0 MiB)
Memory usage before initialization: 2722.04296875 MiB (Increase: 0.0 MiB)
Memory usage after initialization: 2722.04296875 MiB (Increase: 0.0 MiB)
Current lengths of episodes: [48]
Memory usage at done (index 0, length 48, since_prev 48): 2722.04296875 MiB (Increase: 0.0 MiB)
Memory usage before reset: 2722.04296875 MiB (Increase: 0.0 MiB)
Memory usage after reset: 2722.04296875 MiB (Increase: 0.0 MiB)
Current lengths of episodes: [70]
Memory usage at done (index 0, length 70, since_prev 70): 2722.04296875 MiB (Increase: 0.0 MiB)
Memory usage before reset: 2722.04296875 MiB (Increase: 0.0 MiB)
Memory usage after reset: 2722.04296875 MiB (Increase: 0.0 MiB)
Training episode 760
Memory usage at middle: 2722.04296875 MiB (Increase: 0.0 MiB)
Memory usage before collect: 2722.04296875 MiB (Increase: 0.0 MiB)
Memory usage after collect: 2722.04296875 MiB (Increase: 0.0 MiB)
Memory usage before initialization: 2722.04296875 MiB (Increase: 0.0 MiB)
Memory usage after initialization: 2722.04296875 MiB (Increase: 0.0 MiB)
Current lengths of episodes: [1600]
Memory usage at done (index 0, length 1600, since_prev 1600): 2722.04296875 MiB (Increase: 0.0 MiB)
Memory usage before reset: 2722.04296875 MiB (Increase: 0.0 MiB)
Memory usage after reset: 2722.04296875 MiB (Increase: 0.0 MiB)
Current lengths of episodes: [1600]
Memory usage at done (index 0, length 1600, since_prev 1600): 2722.04296875 MiB (Increase: 0.0 MiB)
Memory usage before reset: 2722.04296875 MiB (Increase: 0.0 MiB)
Memory usage after reset: 2722.04296875 MiB (Increase: 0.0 MiB)
Training episode 762
Memory usage at middle: 2722.04296875 MiB (Increase: 0.0 MiB)
Memory usage before collect: 2722.04296875 MiB (Increase: 0.0 MiB)
Memory usage after collect: 2722.04296875 MiB (Increase: 0.0 MiB)
Memory usage before initialization: 2722.04296875 MiB (Increase: 0.0 MiB)
Memory usage after initialization: 2722.04296875 MiB (Increase: 0.0 MiB)
Current lengths of episodes: [79]
Memory usage at done (index 0, length 79, since_prev 79): 2722.04296875 MiB (Increase: 0.0 MiB)
Memory usage before reset: 2722.04296875 MiB (Increase: 0.0 MiB)
Memory usage after reset: 2722.04296875 MiB (Increase: 0.0 MiB)
Current lengths of episodes: [1600]
Memory usage at done (index 0, length 1600, since_prev 1600): 2722.04296875 MiB (Increase: 0.0 MiB)
Memory usage before reset: 2722.04296875 MiB (Increase: 0.0 MiB)
Memory usage after reset: 2722.04296875 MiB (Increase: 0.0 MiB)
Training episode 764
Memory usage at middle: 2722.04296875 MiB (Increase: 0.0 MiB)
Memory usage before collect: 2722.04296875 MiB (Increase: 0.0 MiB)
Memory usage after collect: 2722.04296875 MiB (Increase: 0.0 MiB)
Memory usage before initialization: 2722.04296875 MiB (Increase: 0.0 MiB)
Memory usage after initialization: 2722.04296875 MiB (Increase: 0.0 MiB)
Current lengths of episodes: [1600]
Memory usage at done (index 0, length 1600, since_prev 1600): 2722.04296875 MiB (Increase: 0.0 MiB)
Memory usage before reset: 2722.04296875 MiB (Increase: 0.0 MiB)
Memory usage after reset: 2722.04296875 MiB (Increase: 0.0 MiB)
Current lengths of episodes: [77]
Memory usage at done (index 0, length 77, since_prev 77): 2722.04296875 MiB (Increase: 0.0 MiB)
Memory usage before reset: 2722.04296875 MiB (Increase: 0.0 MiB)
Memory usage after reset: 2722.04296875 MiB (Increase: 0.0 MiB)
Training episode 766
Memory usage at middle: 2722.04296875 MiB (Increase: 0.0 MiB)
Memory usage before collect: 2722.04296875 MiB (Increase: 0.0 MiB)
Memory usage after collect: 2722.04296875 MiB (Increase: 0.0 MiB)
Memory usage before initialization: 2722.04296875 MiB (Increase: 0.0 MiB)
Memory usage after initialization: 2722.04296875 MiB (Increase: 0.0 MiB)
Current lengths of episodes: [68]
Memory usage at done (index 0, length 68, since_prev 68): 2722.04296875 MiB (Increase: 0.0 MiB)
Memory usage before reset: 2722.04296875 MiB (Increase: 0.0 MiB)
Memory usage after reset: 2722.04296875 MiB (Increase: 0.0 MiB)
Current lengths of episodes: [1600]
Memory usage at done (index 0, length 1600, since_prev 1600): 2722.04296875 MiB (Increase: 0.0 MiB)
Memory usage before reset: 2722.04296875 MiB (Increase: 0.0 MiB)
Memory usage after reset: 2722.04296875 MiB (Increase: 0.0 MiB)
Training episode 768
Memory usage at middle: 2722.04296875 MiB (Increase: 0.0 MiB)
Memory usage before collect: 2722.04296875 MiB (Increase: 0.0 MiB)
Memory usage after collect: 2722.04296875 MiB (Increase: 0.0 MiB)
Memory usage before initialization: 2722.04296875 MiB (Increase: 0.0 MiB)
Memory usage after initialization: 2722.04296875 MiB (Increase: 0.0 MiB)
Current lengths of episodes: [1600]
Memory usage at done (index 0, length 1600, since_prev 1600): 2722.04296875 MiB (Increase: 0.0 MiB)
Memory usage before reset: 2722.04296875 MiB (Increase: 0.0 MiB)
Memory usage after reset: 2722.04296875 MiB (Increase: 0.0 MiB)
Current lengths of episodes: [1600]
Memory usage at done (index 0, length 1600, since_prev 1600): 2722.04296875 MiB (Increase: 0.0 MiB)
Memory usage before reset: 2722.04296875 MiB (Increase: 0.0 MiB)
Memory usage after reset: 2722.04296875 MiB (Increase: 0.0 MiB)
Training episode 770
Memory usage at middle: 2722.04296875 MiB (Increase: 0.0 MiB)
Memory usage before collect: 2722.04296875 MiB (Increase: 0.0 MiB)
Memory usage after collect: 2722.04296875 MiB (Increase: 0.0 MiB)
Memory usage before initialization: 2722.04296875 MiB (Increase: 0.0 MiB)
Memory usage after initialization: 2722.04296875 MiB (Increase: 0.0 MiB)
Current lengths of episodes: [80]
Memory usage at done (index 0, length 80, since_prev 80): 2722.04296875 MiB (Increase: 0.0 MiB)
Memory usage before reset: 2722.04296875 MiB (Increase: 0.0 MiB)
Memory usage after reset: 2722.04296875 MiB (Increase: 0.0 MiB)
Current lengths of episodes: [1600]
Memory usage at done (index 0, length 1600, since_prev 1600): 2722.04296875 MiB (Increase: 0.0 MiB)
Memory usage before reset: 2722.04296875 MiB (Increase: 0.0 MiB)
Memory usage after reset: 2722.04296875 MiB (Increase: 0.0 MiB)
Training episode 772
Memory usage at middle: 2722.04296875 MiB (Increase: 0.0 MiB)
Memory usage before collect: 2722.04296875 MiB (Increase: 0.0 MiB)
Memory usage after collect: 2722.04296875 MiB (Increase: 0.0 MiB)
Memory usage before initialization: 2722.04296875 MiB (Increase: 0.0 MiB)
Memory usage after initialization: 2722.04296875 MiB (Increase: 0.0 MiB)
Current lengths of episodes: [99]
Memory usage at done (index 0, length 99, since_prev 99): 2722.04296875 MiB (Increase: 0.0 MiB)
Memory usage before reset: 2722.04296875 MiB (Increase: 0.0 MiB)
Memory usage after reset: 2722.04296875 MiB (Increase: 0.0 MiB)
Current lengths of episodes: [53]
Memory usage at done (index 0, length 53, since_prev 53): 2722.04296875 MiB (Increase: 0.0 MiB)
Memory usage before reset: 2722.04296875 MiB (Increase: 0.0 MiB)
Memory usage after reset: 2722.04296875 MiB (Increase: 0.0 MiB)
Training episode 774
Memory usage at middle: 2722.04296875 MiB (Increase: 0.0 MiB)
Memory usage before collect: 2722.04296875 MiB (Increase: 0.0 MiB)
Memory usage after collect: 2722.04296875 MiB (Increase: 0.0 MiB)
Memory usage before initialization: 2722.04296875 MiB (Increase: 0.0 MiB)
Memory usage after initialization: 2722.04296875 MiB (Increase: 0.0 MiB)
Current lengths of episodes: [1600]
Memory usage at done (index 0, length 1600, since_prev 1600): 2722.04296875 MiB (Increase: 0.0 MiB)
Memory usage before reset: 2722.04296875 MiB (Increase: 0.0 MiB)
Memory usage after reset: 2722.04296875 MiB (Increase: 0.0 MiB)
Current lengths of episodes: [1600]
Memory usage at done (index 0, length 1600, since_prev 1600): 2722.04296875 MiB (Increase: 0.0 MiB)
Memory usage before reset: 2722.04296875 MiB (Increase: 0.0 MiB)
Memory usage after reset: 2722.04296875 MiB (Increase: 0.0 MiB)
Training episode 776
Memory usage at middle: 2722.04296875 MiB (Increase: 0.0 MiB)
Memory usage before collect: 2722.04296875 MiB (Increase: 0.0 MiB)
Memory usage after collect: 2722.04296875 MiB (Increase: 0.0 MiB)
Memory usage before initialization: 2722.04296875 MiB (Increase: 0.0 MiB)
Memory usage after initialization: 2722.04296875 MiB (Increase: 0.0 MiB)
Current lengths of episodes: [1600]
Memory usage at done (index 0, length 1600, since_prev 1600): 2722.04296875 MiB (Increase: 0.0 MiB)
Memory usage before reset: 2722.04296875 MiB (Increase: 0.0 MiB)
Memory usage after reset: 2722.04296875 MiB (Increase: 0.0 MiB)
Current lengths of episodes: [1600]
Memory usage at done (index 0, length 1600, since_prev 1600): 2722.04296875 MiB (Increase: 0.0 MiB)
Memory usage before reset: 2722.04296875 MiB (Increase: 0.0 MiB)
Memory usage after reset: 2722.04296875 MiB (Increase: 0.0 MiB)
Training episode 778
Memory usage at middle: 2722.04296875 MiB (Increase: 0.0 MiB)
Memory usage before collect: 2722.04296875 MiB (Increase: 0.0 MiB)
Memory usage after collect: 2722.04296875 MiB (Increase: 0.0 MiB)
Memory usage before initialization: 2722.04296875 MiB (Increase: 0.0 MiB)
Memory usage after initialization: 2722.04296875 MiB (Increase: 0.0 MiB)
Current lengths of episodes: [76]
Memory usage at done (index 0, length 76, since_prev 76): 2722.04296875 MiB (Increase: 0.0 MiB)
Memory usage before reset: 2722.04296875 MiB (Increase: 0.0 MiB)
Memory usage after reset: 2722.04296875 MiB (Increase: 0.0 MiB)
Current lengths of episodes: [1600]
Memory usage at done (index 0, length 1600, since_prev 1600): 2722.04296875 MiB (Increase: 0.0 MiB)
Memory usage before reset: 2722.04296875 MiB (Increase: 0.0 MiB)
Memory usage after reset: 2722.04296875 MiB (Increase: 0.0 MiB)
Training episode 780
Memory usage at middle: 2722.04296875 MiB (Increase: 0.0 MiB)
Memory usage before collect: 2722.04296875 MiB (Increase: 0.0 MiB)
Memory usage after collect: 2722.04296875 MiB (Increase: 0.0 MiB)
Memory usage before initialization: 2722.04296875 MiB (Increase: 0.0 MiB)
Memory usage after initialization: 2722.04296875 MiB (Increase: 0.0 MiB)
Current lengths of episodes: [1600]
Memory usage at done (index 0, length 1600, since_prev 1600): 2722.04296875 MiB (Increase: 0.0 MiB)
Memory usage before reset: 2722.04296875 MiB (Increase: 0.0 MiB)
Memory usage after reset: 2722.04296875 MiB (Increase: 0.0 MiB)
Current lengths of episodes: [1600]
Memory usage at done (index 0, length 1600, since_prev 1600): 2722.04296875 MiB (Increase: 0.0 MiB)
Memory usage before reset: 2722.04296875 MiB (Increase: 0.0 MiB)
Memory usage after reset: 2722.04296875 MiB (Increase: 0.0 MiB)
Training episode 782
Memory usage at middle: 2722.04296875 MiB (Increase: 0.0 MiB)
Memory usage before collect: 2722.04296875 MiB (Increase: 0.0 MiB)
Memory usage after collect: 2722.04296875 MiB (Increase: 0.0 MiB)
Memory usage before initialization: 2722.04296875 MiB (Increase: 0.0 MiB)
Memory usage after initialization: 2722.04296875 MiB (Increase: 0.0 MiB)
Current lengths of episodes: [60]
Memory usage at done (index 0, length 60, since_prev 60): 2722.04296875 MiB (Increase: 0.0 MiB)
Memory usage before reset: 2722.04296875 MiB (Increase: 0.0 MiB)
Memory usage after reset: 2722.04296875 MiB (Increase: 0.0 MiB)
Current lengths of episodes: [1600]
Memory usage at done (index 0, length 1600, since_prev 1600): 2722.04296875 MiB (Increase: 0.0 MiB)
Memory usage before reset: 2722.04296875 MiB (Increase: 0.0 MiB)
Memory usage after reset: 2722.04296875 MiB (Increase: 0.0 MiB)
Training episode 784
Memory usage at middle: 2722.04296875 MiB (Increase: 0.0 MiB)
Memory usage before collect: 2722.04296875 MiB (Increase: 0.0 MiB)
Memory usage after collect: 2722.04296875 MiB (Increase: 0.0 MiB)
Memory usage before initialization: 2722.04296875 MiB (Increase: 0.0 MiB)
Memory usage after initialization: 2722.04296875 MiB (Increase: 0.0 MiB)
Current lengths of episodes: [1600]
Memory usage at done (index 0, length 1600, since_prev 1600): 2722.04296875 MiB (Increase: 0.0 MiB)
Memory usage before reset: 2722.04296875 MiB (Increase: 0.0 MiB)
Memory usage after reset: 2722.04296875 MiB (Increase: 0.0 MiB)
Current lengths of episodes: [1283]
Memory usage at done (index 0, length 1283, since_prev 1283): 2722.04296875 MiB (Increase: 0.0 MiB)
Memory usage before reset: 2722.04296875 MiB (Increase: 0.0 MiB)
Memory usage after reset: 2722.04296875 MiB (Increase: 0.0 MiB)
Training episode 786
Memory usage at middle: 2722.04296875 MiB (Increase: 0.0 MiB)
Memory usage before collect: 2722.04296875 MiB (Increase: 0.0 MiB)
Memory usage after collect: 2722.04296875 MiB (Increase: 0.0 MiB)
Memory usage before initialization: 2722.04296875 MiB (Increase: 0.0 MiB)
Memory usage after initialization: 2722.04296875 MiB (Increase: 0.0 MiB)
Current lengths of episodes: [59]
Memory usage at done (index 0, length 59, since_prev 59): 2722.04296875 MiB (Increase: 0.0 MiB)
Memory usage before reset: 2722.04296875 MiB (Increase: 0.0 MiB)
Memory usage after reset: 2722.04296875 MiB (Increase: 0.0 MiB)
Current lengths of episodes: [56]
Memory usage at done (index 0, length 56, since_prev 56): 2722.04296875 MiB (Increase: 0.0 MiB)
Memory usage before reset: 2722.04296875 MiB (Increase: 0.0 MiB)
Memory usage after reset: 2722.04296875 MiB (Increase: 0.0 MiB)
Training episode 788
Memory usage at middle: 2722.04296875 MiB (Increase: 0.0 MiB)
Memory usage before collect: 2722.04296875 MiB (Increase: 0.0 MiB)
Memory usage after collect: 2722.04296875 MiB (Increase: 0.0 MiB)
Memory usage before initialization: 2722.04296875 MiB (Increase: 0.0 MiB)
Memory usage after initialization: 2722.04296875 MiB (Increase: 0.0 MiB)
Current lengths of episodes: [76]
Memory usage at done (index 0, length 76, since_prev 76): 2722.04296875 MiB (Increase: 0.0 MiB)
Memory usage before reset: 2722.04296875 MiB (Increase: 0.0 MiB)
Memory usage after reset: 2722.04296875 MiB (Increase: 0.0 MiB)
Current lengths of episodes: [1600]
Memory usage at done (index 0, length 1600, since_prev 1600): 2722.04296875 MiB (Increase: 0.0 MiB)
Memory usage before reset: 2722.04296875 MiB (Increase: 0.0 MiB)
Memory usage after reset: 2722.04296875 MiB (Increase: 0.0 MiB)
Training episode 790
Memory usage at middle: 2722.04296875 MiB (Increase: 0.0 MiB)
Memory usage before collect: 2722.04296875 MiB (Increase: 0.0 MiB)
Memory usage after collect: 2722.04296875 MiB (Increase: 0.0 MiB)
Memory usage before initialization: 2722.04296875 MiB (Increase: 0.0 MiB)
Memory usage after initialization: 2722.04296875 MiB (Increase: 0.0 MiB)
Current lengths of episodes: [120]
Memory usage at done (index 0, length 120, since_prev 120): 2722.04296875 MiB (Increase: 0.0 MiB)
Memory usage before reset: 2722.04296875 MiB (Increase: 0.0 MiB)
Memory usage after reset: 2722.04296875 MiB (Increase: 0.0 MiB)
Current lengths of episodes: [60]
Memory usage at done (index 0, length 60, since_prev 60): 2722.04296875 MiB (Increase: 0.0 MiB)
Memory usage before reset: 2722.04296875 MiB (Increase: 0.0 MiB)
Memory usage after reset: 2722.04296875 MiB (Increase: 0.0 MiB)
Training episode 792
Memory usage at middle: 2722.04296875 MiB (Increase: 0.0 MiB)
Memory usage before collect: 2722.04296875 MiB (Increase: 0.0 MiB)
Memory usage after collect: 2722.04296875 MiB (Increase: 0.0 MiB)
Memory usage before initialization: 2722.04296875 MiB (Increase: 0.0 MiB)
Memory usage after initialization: 2722.04296875 MiB (Increase: 0.0 MiB)
Current lengths of episodes: [59]
Memory usage at done (index 0, length 59, since_prev 59): 2722.04296875 MiB (Increase: 0.0 MiB)
Memory usage before reset: 2722.04296875 MiB (Increase: 0.0 MiB)
Memory usage after reset: 2722.04296875 MiB (Increase: 0.0 MiB)
Current lengths of episodes: [1600]
Memory usage at done (index 0, length 1600, since_prev 1600): 2722.04296875 MiB (Increase: 0.0 MiB)
Memory usage before reset: 2722.04296875 MiB (Increase: 0.0 MiB)
Memory usage after reset: 2722.04296875 MiB (Increase: 0.0 MiB)
Training episode 794
Memory usage at middle: 2722.04296875 MiB (Increase: 0.0 MiB)
Memory usage before collect: 2722.04296875 MiB (Increase: 0.0 MiB)
Memory usage after collect: 2722.04296875 MiB (Increase: 0.0 MiB)
Memory usage before initialization: 2722.04296875 MiB (Increase: 0.0 MiB)
Memory usage after initialization: 2722.04296875 MiB (Increase: 0.0 MiB)
Current lengths of episodes: [1600]
Memory usage at done (index 0, length 1600, since_prev 1600): 2722.04296875 MiB (Increase: 0.0 MiB)
Memory usage before reset: 2722.04296875 MiB (Increase: 0.0 MiB)
Memory usage after reset: 2722.04296875 MiB (Increase: 0.0 MiB)
Current lengths of episodes: [69]
Memory usage at done (index 0, length 69, since_prev 69): 2722.04296875 MiB (Increase: 0.0 MiB)
Memory usage before reset: 2722.04296875 MiB (Increase: 0.0 MiB)
Memory usage after reset: 2722.04296875 MiB (Increase: 0.0 MiB)
Training episode 796
Memory usage at middle: 2722.04296875 MiB (Increase: 0.0 MiB)
Memory usage before collect: 2722.04296875 MiB (Increase: 0.0 MiB)
Memory usage after collect: 2722.04296875 MiB (Increase: 0.0 MiB)
Memory usage before initialization: 2722.04296875 MiB (Increase: 0.0 MiB)
Memory usage after initialization: 2722.04296875 MiB (Increase: 0.0 MiB)
Current lengths of episodes: [1600]
Memory usage at done (index 0, length 1600, since_prev 1600): 2722.04296875 MiB (Increase: 0.0 MiB)
Memory usage before reset: 2722.04296875 MiB (Increase: 0.0 MiB)
Memory usage after reset: 2722.04296875 MiB (Increase: 0.0 MiB)
Current lengths of episodes: [1600]
Memory usage at done (index 0, length 1600, since_prev 1600): 2722.04296875 MiB (Increase: 0.0 MiB)
Memory usage before reset: 2722.04296875 MiB (Increase: 0.0 MiB)
Memory usage after reset: 2722.04296875 MiB (Increase: 0.0 MiB)
Training episode 798
Memory usage at middle: 2722.04296875 MiB (Increase: 0.0 MiB)
Memory usage before collect: 2722.04296875 MiB (Increase: 0.0 MiB)
Memory usage after collect: 2722.04296875 MiB (Increase: 0.0 MiB)
Memory usage before initialization: 2722.04296875 MiB (Increase: 0.0 MiB)
Memory usage after initialization: 2722.04296875 MiB (Increase: 0.0 MiB)
Current lengths of episodes: [1600]
Memory usage at done (index 0, length 1600, since_prev 1600): 2722.04296875 MiB (Increase: 0.0 MiB)
Memory usage before reset: 2722.04296875 MiB (Increase: 0.0 MiB)
Memory usage after reset: 2722.04296875 MiB (Increase: 0.0 MiB)
Current lengths of episodes: [59]
Memory usage at done (index 0, length 59, since_prev 59): 2722.04296875 MiB (Increase: 0.0 MiB)
Memory usage before reset: 2722.04296875 MiB (Increase: 0.0 MiB)
Memory usage after reset: 2722.04296875 MiB (Increase: 0.0 MiB)
Training episode 800
Memory usage at middle: 2722.04296875 MiB (Increase: 0.0 MiB)
Memory usage before collect: 2722.04296875 MiB (Increase: 0.0 MiB)
Memory usage after collect: 2722.04296875 MiB (Increase: 0.0 MiB)
Episode 800	Average evaluation: -23.778005446825293
Memory usage before initialization: 2722.04296875 MiB (Increase: 0.0 MiB)
Memory usage after initialization: 2722.04296875 MiB (Increase: 0.0 MiB)
Current lengths of episodes: [1600]
Memory usage at done (index 0, length 1600, since_prev 1600): 2722.04296875 MiB (Increase: 0.0 MiB)
Memory usage before reset: 2722.04296875 MiB (Increase: 0.0 MiB)
Memory usage after reset: 2722.04296875 MiB (Increase: 0.0 MiB)
Current lengths of episodes: [47]
Memory usage at done (index 0, length 47, since_prev 47): 2722.04296875 MiB (Increase: 0.0 MiB)
Memory usage before reset: 2722.04296875 MiB (Increase: 0.0 MiB)
Memory usage after reset: 2722.04296875 MiB (Increase: 0.0 MiB)
Training episode 802
Memory usage at middle: 2722.04296875 MiB (Increase: 0.0 MiB)
Memory usage before collect: 2722.04296875 MiB (Increase: 0.0 MiB)
Memory usage after collect: 2722.04296875 MiB (Increase: 0.0 MiB)
Memory usage before initialization: 2722.04296875 MiB (Increase: 0.0 MiB)
Memory usage after initialization: 2722.04296875 MiB (Increase: 0.0 MiB)
Current lengths of episodes: [1600]
Memory usage at done (index 0, length 1600, since_prev 1600): 2722.04296875 MiB (Increase: 0.0 MiB)
Memory usage before reset: 2722.04296875 MiB (Increase: 0.0 MiB)
Memory usage after reset: 2722.04296875 MiB (Increase: 0.0 MiB)
Current lengths of episodes: [86]
Memory usage at done (index 0, length 86, since_prev 86): 2722.04296875 MiB (Increase: 0.0 MiB)
Memory usage before reset: 2722.04296875 MiB (Increase: 0.0 MiB)
Memory usage after reset: 2722.04296875 MiB (Increase: 0.0 MiB)
Training episode 804
Memory usage at middle: 2722.04296875 MiB (Increase: 0.0 MiB)
Memory usage before collect: 2722.04296875 MiB (Increase: 0.0 MiB)
Memory usage after collect: 2722.04296875 MiB (Increase: 0.0 MiB)
Memory usage before initialization: 2722.04296875 MiB (Increase: 0.0 MiB)
Memory usage after initialization: 2722.04296875 MiB (Increase: 0.0 MiB)
Current lengths of episodes: [1600]
Memory usage at done (index 0, length 1600, since_prev 1600): 2722.04296875 MiB (Increase: 0.0 MiB)
Memory usage before reset: 2722.04296875 MiB (Increase: 0.0 MiB)
Memory usage after reset: 2722.04296875 MiB (Increase: 0.0 MiB)
Current lengths of episodes: [1600]
Memory usage at done (index 0, length 1600, since_prev 1600): 2722.04296875 MiB (Increase: 0.0 MiB)
Memory usage before reset: 2722.04296875 MiB (Increase: 0.0 MiB)
Memory usage after reset: 2722.04296875 MiB (Increase: 0.0 MiB)
Training episode 806
Memory usage at middle: 2722.04296875 MiB (Increase: 0.0 MiB)
Memory usage before collect: 2722.04296875 MiB (Increase: 0.0 MiB)
Memory usage after collect: 2722.04296875 MiB (Increase: 0.0 MiB)
Memory usage before initialization: 2722.04296875 MiB (Increase: 0.0 MiB)
Memory usage after initialization: 2722.04296875 MiB (Increase: 0.0 MiB)
Current lengths of episodes: [81]
Memory usage at done (index 0, length 81, since_prev 81): 2722.04296875 MiB (Increase: 0.0 MiB)
Memory usage before reset: 2722.04296875 MiB (Increase: 0.0 MiB)
Memory usage after reset: 2722.04296875 MiB (Increase: 0.0 MiB)
Current lengths of episodes: [1600]
Memory usage at done (index 0, length 1600, since_prev 1600): 2722.04296875 MiB (Increase: 0.0 MiB)
Memory usage before reset: 2722.04296875 MiB (Increase: 0.0 MiB)
Memory usage after reset: 2722.04296875 MiB (Increase: 0.0 MiB)
Training episode 808
Memory usage at middle: 2722.04296875 MiB (Increase: 0.0 MiB)
Memory usage before collect: 2722.04296875 MiB (Increase: 0.0 MiB)
Memory usage after collect: 2722.04296875 MiB (Increase: 0.0 MiB)
Memory usage before initialization: 2722.04296875 MiB (Increase: 0.0 MiB)
Memory usage after initialization: 2722.04296875 MiB (Increase: 0.0 MiB)
Current lengths of episodes: [1600]
Memory usage at done (index 0, length 1600, since_prev 1600): 2722.04296875 MiB (Increase: 0.0 MiB)
Memory usage before reset: 2722.04296875 MiB (Increase: 0.0 MiB)
Memory usage after reset: 2722.04296875 MiB (Increase: 0.0 MiB)
Current lengths of episodes: [1600]
Memory usage at done (index 0, length 1600, since_prev 1600): 2722.04296875 MiB (Increase: 0.0 MiB)
Memory usage before reset: 2722.04296875 MiB (Increase: 0.0 MiB)
Memory usage after reset: 2722.04296875 MiB (Increase: 0.0 MiB)
Training episode 810
Memory usage at middle: 2722.04296875 MiB (Increase: 0.0 MiB)
Memory usage before collect: 2722.04296875 MiB (Increase: 0.0 MiB)
Memory usage after collect: 2722.04296875 MiB (Increase: 0.0 MiB)
Memory usage before initialization: 2722.04296875 MiB (Increase: 0.0 MiB)
Memory usage after initialization: 2722.04296875 MiB (Increase: 0.0 MiB)
Current lengths of episodes: [86]
Memory usage at done (index 0, length 86, since_prev 86): 2722.04296875 MiB (Increase: 0.0 MiB)
Memory usage before reset: 2722.04296875 MiB (Increase: 0.0 MiB)
Memory usage after reset: 2722.04296875 MiB (Increase: 0.0 MiB)
Current lengths of episodes: [1600]
Memory usage at done (index 0, length 1600, since_prev 1600): 2722.04296875 MiB (Increase: 0.0 MiB)
Memory usage before reset: 2722.04296875 MiB (Increase: 0.0 MiB)
Memory usage after reset: 2722.04296875 MiB (Increase: 0.0 MiB)
Training episode 812
Memory usage at middle: 2722.04296875 MiB (Increase: 0.0 MiB)
Memory usage before collect: 2722.04296875 MiB (Increase: 0.0 MiB)
Memory usage after collect: 2722.04296875 MiB (Increase: 0.0 MiB)
Memory usage before initialization: 2722.04296875 MiB (Increase: 0.0 MiB)
Memory usage after initialization: 2722.04296875 MiB (Increase: 0.0 MiB)
Current lengths of episodes: [85]
Memory usage at done (index 0, length 85, since_prev 85): 2722.04296875 MiB (Increase: 0.0 MiB)
Memory usage before reset: 2722.04296875 MiB (Increase: 0.0 MiB)
Memory usage after reset: 2722.04296875 MiB (Increase: 0.0 MiB)
Current lengths of episodes: [80]
Memory usage at done (index 0, length 80, since_prev 80): 2722.04296875 MiB (Increase: 0.0 MiB)
Memory usage before reset: 2722.04296875 MiB (Increase: 0.0 MiB)
Memory usage after reset: 2722.04296875 MiB (Increase: 0.0 MiB)
Training episode 814
Memory usage at middle: 2722.04296875 MiB (Increase: 0.0 MiB)
Memory usage before collect: 2722.04296875 MiB (Increase: 0.0 MiB)
Memory usage after collect: 2722.04296875 MiB (Increase: 0.0 MiB)
Memory usage before initialization: 2722.04296875 MiB (Increase: 0.0 MiB)
Memory usage after initialization: 2722.04296875 MiB (Increase: 0.0 MiB)
Current lengths of episodes: [110]
Memory usage at done (index 0, length 110, since_prev 110): 2722.04296875 MiB (Increase: 0.0 MiB)
Memory usage before reset: 2722.04296875 MiB (Increase: 0.0 MiB)
Memory usage after reset: 2722.04296875 MiB (Increase: 0.0 MiB)
Current lengths of episodes: [107]
Memory usage at done (index 0, length 107, since_prev 107): 2722.04296875 MiB (Increase: 0.0 MiB)
Memory usage before reset: 2722.04296875 MiB (Increase: 0.0 MiB)
Memory usage after reset: 2722.04296875 MiB (Increase: 0.0 MiB)
Training episode 816
Memory usage at middle: 2722.04296875 MiB (Increase: 0.0 MiB)
Memory usage before collect: 2722.04296875 MiB (Increase: 0.0 MiB)
Memory usage after collect: 2722.04296875 MiB (Increase: 0.0 MiB)
Memory usage before initialization: 2722.04296875 MiB (Increase: 0.0 MiB)
Memory usage after initialization: 2722.04296875 MiB (Increase: 0.0 MiB)
Current lengths of episodes: [1600]
Memory usage at done (index 0, length 1600, since_prev 1600): 2722.04296875 MiB (Increase: 0.0 MiB)
Memory usage before reset: 2722.04296875 MiB (Increase: 0.0 MiB)
Memory usage after reset: 2722.04296875 MiB (Increase: 0.0 MiB)
Current lengths of episodes: [1600]
Memory usage at done (index 0, length 1600, since_prev 1600): 2722.04296875 MiB (Increase: 0.0 MiB)
Memory usage before reset: 2722.04296875 MiB (Increase: 0.0 MiB)
Memory usage after reset: 2722.04296875 MiB (Increase: 0.0 MiB)
Training episode 818
Memory usage at middle: 2722.04296875 MiB (Increase: 0.0 MiB)
Memory usage before collect: 2722.04296875 MiB (Increase: 0.0 MiB)
Memory usage after collect: 2722.04296875 MiB (Increase: 0.0 MiB)
Memory usage before initialization: 2722.04296875 MiB (Increase: 0.0 MiB)
Memory usage after initialization: 2722.04296875 MiB (Increase: 0.0 MiB)
Current lengths of episodes: [1600]
Memory usage at done (index 0, length 1600, since_prev 1600): 2722.04296875 MiB (Increase: 0.0 MiB)
Memory usage before reset: 2722.04296875 MiB (Increase: 0.0 MiB)
Memory usage after reset: 2722.04296875 MiB (Increase: 0.0 MiB)
Current lengths of episodes: [92]
Memory usage at done (index 0, length 92, since_prev 92): 2722.04296875 MiB (Increase: 0.0 MiB)
Memory usage before reset: 2722.04296875 MiB (Increase: 0.0 MiB)
Memory usage after reset: 2722.04296875 MiB (Increase: 0.0 MiB)
Training episode 820
Memory usage at middle: 2722.04296875 MiB (Increase: 0.0 MiB)
Memory usage before collect: 2722.04296875 MiB (Increase: 0.0 MiB)
Memory usage after collect: 2722.04296875 MiB (Increase: 0.0 MiB)
Memory usage before initialization: 2722.04296875 MiB (Increase: 0.0 MiB)
Memory usage after initialization: 2722.04296875 MiB (Increase: 0.0 MiB)
Current lengths of episodes: [64]
Memory usage at done (index 0, length 64, since_prev 64): 2722.04296875 MiB (Increase: 0.0 MiB)
Memory usage before reset: 2722.04296875 MiB (Increase: 0.0 MiB)
Memory usage after reset: 2722.04296875 MiB (Increase: 0.0 MiB)
Current lengths of episodes: [1600]
Memory usage at done (index 0, length 1600, since_prev 1600): 2722.04296875 MiB (Increase: 0.0 MiB)
Memory usage before reset: 2722.04296875 MiB (Increase: 0.0 MiB)
Memory usage after reset: 2722.04296875 MiB (Increase: 0.0 MiB)
Training episode 822
Memory usage at middle: 2722.04296875 MiB (Increase: 0.0 MiB)
Memory usage before collect: 2722.04296875 MiB (Increase: 0.0 MiB)
Memory usage after collect: 2722.04296875 MiB (Increase: 0.0 MiB)
Memory usage before initialization: 2722.04296875 MiB (Increase: 0.0 MiB)
Memory usage after initialization: 2722.04296875 MiB (Increase: 0.0 MiB)
Current lengths of episodes: [91]
Memory usage at done (index 0, length 91, since_prev 91): 2722.04296875 MiB (Increase: 0.0 MiB)
Memory usage before reset: 2722.04296875 MiB (Increase: 0.0 MiB)
Memory usage after reset: 2722.04296875 MiB (Increase: 0.0 MiB)
Current lengths of episodes: [74]
Memory usage at done (index 0, length 74, since_prev 74): 2722.04296875 MiB (Increase: 0.0 MiB)
Memory usage before reset: 2722.04296875 MiB (Increase: 0.0 MiB)
Memory usage after reset: 2722.04296875 MiB (Increase: 0.0 MiB)
Training episode 824
Memory usage at middle: 2722.04296875 MiB (Increase: 0.0 MiB)
Memory usage before collect: 2722.04296875 MiB (Increase: 0.0 MiB)
Memory usage after collect: 2722.04296875 MiB (Increase: 0.0 MiB)
Memory usage before initialization: 2722.04296875 MiB (Increase: 0.0 MiB)
Memory usage after initialization: 2722.04296875 MiB (Increase: 0.0 MiB)
Current lengths of episodes: [73]
Memory usage at done (index 0, length 73, since_prev 73): 2722.04296875 MiB (Increase: 0.0 MiB)
Memory usage before reset: 2722.04296875 MiB (Increase: 0.0 MiB)
Memory usage after reset: 2722.04296875 MiB (Increase: 0.0 MiB)
Current lengths of episodes: [52]
Memory usage at done (index 0, length 52, since_prev 52): 2722.04296875 MiB (Increase: 0.0 MiB)
Memory usage before reset: 2722.04296875 MiB (Increase: 0.0 MiB)
Memory usage after reset: 2722.04296875 MiB (Increase: 0.0 MiB)
Training episode 826
Memory usage at middle: 2722.04296875 MiB (Increase: 0.0 MiB)
Memory usage before collect: 2722.04296875 MiB (Increase: 0.0 MiB)
Memory usage after collect: 2722.04296875 MiB (Increase: 0.0 MiB)
Memory usage before initialization: 2722.04296875 MiB (Increase: 0.0 MiB)
Memory usage after initialization: 2722.04296875 MiB (Increase: 0.0 MiB)
Current lengths of episodes: [1600]
Memory usage at done (index 0, length 1600, since_prev 1600): 2722.04296875 MiB (Increase: 0.0 MiB)
Memory usage before reset: 2722.04296875 MiB (Increase: 0.0 MiB)
Memory usage after reset: 2722.04296875 MiB (Increase: 0.0 MiB)
Current lengths of episodes: [1600]
Memory usage at done (index 0, length 1600, since_prev 1600): 2722.04296875 MiB (Increase: 0.0 MiB)
Memory usage before reset: 2722.04296875 MiB (Increase: 0.0 MiB)
Memory usage after reset: 2722.04296875 MiB (Increase: 0.0 MiB)
Training episode 828
Memory usage at middle: 2722.04296875 MiB (Increase: 0.0 MiB)
Memory usage before collect: 2722.04296875 MiB (Increase: 0.0 MiB)
Memory usage after collect: 2722.04296875 MiB (Increase: 0.0 MiB)
Memory usage before initialization: 2722.04296875 MiB (Increase: 0.0 MiB)
Memory usage after initialization: 2722.04296875 MiB (Increase: 0.0 MiB)
Current lengths of episodes: [59]
Memory usage at done (index 0, length 59, since_prev 59): 2722.04296875 MiB (Increase: 0.0 MiB)
Memory usage before reset: 2722.04296875 MiB (Increase: 0.0 MiB)
Memory usage after reset: 2722.04296875 MiB (Increase: 0.0 MiB)
Current lengths of episodes: [1600]
Memory usage at done (index 0, length 1600, since_prev 1600): 2722.04296875 MiB (Increase: 0.0 MiB)
Memory usage before reset: 2722.04296875 MiB (Increase: 0.0 MiB)
Memory usage after reset: 2722.04296875 MiB (Increase: 0.0 MiB)
Training episode 830
Memory usage at middle: 2722.04296875 MiB (Increase: 0.0 MiB)
Memory usage before collect: 2722.04296875 MiB (Increase: 0.0 MiB)
Memory usage after collect: 2722.04296875 MiB (Increase: 0.0 MiB)
Memory usage before initialization: 2722.04296875 MiB (Increase: 0.0 MiB)
Memory usage after initialization: 2722.04296875 MiB (Increase: 0.0 MiB)
Current lengths of episodes: [1600]
Memory usage at done (index 0, length 1600, since_prev 1600): 2722.04296875 MiB (Increase: 0.0 MiB)
Memory usage before reset: 2722.04296875 MiB (Increase: 0.0 MiB)
Memory usage after reset: 2722.04296875 MiB (Increase: 0.0 MiB)
Current lengths of episodes: [68]
Memory usage at done (index 0, length 68, since_prev 68): 2722.04296875 MiB (Increase: 0.0 MiB)
Memory usage before reset: 2722.04296875 MiB (Increase: 0.0 MiB)
Memory usage after reset: 2722.04296875 MiB (Increase: 0.0 MiB)
Training episode 832
Memory usage at middle: 2722.04296875 MiB (Increase: 0.0 MiB)
Memory usage before collect: 2722.04296875 MiB (Increase: 0.0 MiB)
Memory usage after collect: 2722.04296875 MiB (Increase: 0.0 MiB)
Memory usage before initialization: 2722.04296875 MiB (Increase: 0.0 MiB)
Memory usage after initialization: 2722.04296875 MiB (Increase: 0.0 MiB)
Current lengths of episodes: [77]
Memory usage at done (index 0, length 77, since_prev 77): 2722.04296875 MiB (Increase: 0.0 MiB)
Memory usage before reset: 2722.04296875 MiB (Increase: 0.0 MiB)
Memory usage after reset: 2722.04296875 MiB (Increase: 0.0 MiB)
Current lengths of episodes: [1600]
Memory usage at done (index 0, length 1600, since_prev 1600): 2722.04296875 MiB (Increase: 0.0 MiB)
Memory usage before reset: 2722.04296875 MiB (Increase: 0.0 MiB)
Memory usage after reset: 2722.04296875 MiB (Increase: 0.0 MiB)
Training episode 834
Memory usage at middle: 2722.04296875 MiB (Increase: 0.0 MiB)
Memory usage before collect: 2722.04296875 MiB (Increase: 0.0 MiB)
Memory usage after collect: 2722.04296875 MiB (Increase: 0.0 MiB)
Memory usage before initialization: 2722.04296875 MiB (Increase: 0.0 MiB)
Memory usage after initialization: 2722.04296875 MiB (Increase: 0.0 MiB)
Current lengths of episodes: [1600]
Memory usage at done (index 0, length 1600, since_prev 1600): 2722.04296875 MiB (Increase: 0.0 MiB)
Memory usage before reset: 2722.04296875 MiB (Increase: 0.0 MiB)
Memory usage after reset: 2722.04296875 MiB (Increase: 0.0 MiB)
Current lengths of episodes: [72]
Memory usage at done (index 0, length 72, since_prev 72): 2722.04296875 MiB (Increase: 0.0 MiB)
Memory usage before reset: 2722.04296875 MiB (Increase: 0.0 MiB)
Memory usage after reset: 2722.04296875 MiB (Increase: 0.0 MiB)
Training episode 836
Memory usage at middle: 2722.04296875 MiB (Increase: 0.0 MiB)
Memory usage before collect: 2722.04296875 MiB (Increase: 0.0 MiB)
Memory usage after collect: 2722.04296875 MiB (Increase: 0.0 MiB)
Memory usage before initialization: 2722.04296875 MiB (Increase: 0.0 MiB)
Memory usage after initialization: 2722.04296875 MiB (Increase: 0.0 MiB)
Current lengths of episodes: [61]
Memory usage at done (index 0, length 61, since_prev 61): 2722.04296875 MiB (Increase: 0.0 MiB)
Memory usage before reset: 2722.04296875 MiB (Increase: 0.0 MiB)
Memory usage after reset: 2722.04296875 MiB (Increase: 0.0 MiB)
Current lengths of episodes: [122]
Memory usage at done (index 0, length 122, since_prev 122): 2722.04296875 MiB (Increase: 0.0 MiB)
Memory usage before reset: 2722.04296875 MiB (Increase: 0.0 MiB)
Memory usage after reset: 2722.04296875 MiB (Increase: 0.0 MiB)
Training episode 838
Memory usage at middle: 2722.04296875 MiB (Increase: 0.0 MiB)
Memory usage before collect: 2722.04296875 MiB (Increase: 0.0 MiB)
Memory usage after collect: 2722.04296875 MiB (Increase: 0.0 MiB)
Memory usage before initialization: 2722.04296875 MiB (Increase: 0.0 MiB)
Memory usage after initialization: 2722.04296875 MiB (Increase: 0.0 MiB)
Current lengths of episodes: [1600]
Memory usage at done (index 0, length 1600, since_prev 1600): 2722.04296875 MiB (Increase: 0.0 MiB)
Memory usage before reset: 2722.04296875 MiB (Increase: 0.0 MiB)
Memory usage after reset: 2722.04296875 MiB (Increase: 0.0 MiB)
Current lengths of episodes: [1600]
Memory usage at done (index 0, length 1600, since_prev 1600): 2722.04296875 MiB (Increase: 0.0 MiB)
Memory usage before reset: 2722.04296875 MiB (Increase: 0.0 MiB)
Memory usage after reset: 2722.04296875 MiB (Increase: 0.0 MiB)
Training episode 840
Memory usage at middle: 2722.04296875 MiB (Increase: 0.0 MiB)
Memory usage before collect: 2722.04296875 MiB (Increase: 0.0 MiB)
Memory usage after collect: 2722.04296875 MiB (Increase: 0.0 MiB)
Memory usage before initialization: 2722.04296875 MiB (Increase: 0.0 MiB)
Memory usage after initialization: 2722.04296875 MiB (Increase: 0.0 MiB)
Current lengths of episodes: [1600]
Memory usage at done (index 0, length 1600, since_prev 1600): 2722.04296875 MiB (Increase: 0.0 MiB)
Memory usage before reset: 2722.04296875 MiB (Increase: 0.0 MiB)
Memory usage after reset: 2722.04296875 MiB (Increase: 0.0 MiB)
Current lengths of episodes: [1600]
Memory usage at done (index 0, length 1600, since_prev 1600): 2722.04296875 MiB (Increase: 0.0 MiB)
Memory usage before reset: 2722.04296875 MiB (Increase: 0.0 MiB)
Memory usage after reset: 2722.04296875 MiB (Increase: 0.0 MiB)
Training episode 842
Memory usage at middle: 2722.04296875 MiB (Increase: 0.0 MiB)
Memory usage before collect: 2722.04296875 MiB (Increase: 0.0 MiB)
Memory usage after collect: 2722.04296875 MiB (Increase: 0.0 MiB)
Memory usage before initialization: 2722.04296875 MiB (Increase: 0.0 MiB)
Memory usage after initialization: 2722.04296875 MiB (Increase: 0.0 MiB)
Current lengths of episodes: [1600]
Memory usage at done (index 0, length 1600, since_prev 1600): 2722.04296875 MiB (Increase: 0.0 MiB)
Memory usage before reset: 2722.04296875 MiB (Increase: 0.0 MiB)
Memory usage after reset: 2722.04296875 MiB (Increase: 0.0 MiB)
Current lengths of episodes: [1600]
Memory usage at done (index 0, length 1600, since_prev 1600): 2722.04296875 MiB (Increase: 0.0 MiB)
Memory usage before reset: 2722.04296875 MiB (Increase: 0.0 MiB)
Memory usage after reset: 2722.04296875 MiB (Increase: 0.0 MiB)
Training episode 844
Memory usage at middle: 2722.04296875 MiB (Increase: 0.0 MiB)
Memory usage before collect: 2722.04296875 MiB (Increase: 0.0 MiB)
Memory usage after collect: 2722.04296875 MiB (Increase: 0.0 MiB)
Memory usage before initialization: 2722.04296875 MiB (Increase: 0.0 MiB)
Memory usage after initialization: 2722.04296875 MiB (Increase: 0.0 MiB)
Current lengths of episodes: [68]
Memory usage at done (index 0, length 68, since_prev 68): 2722.04296875 MiB (Increase: 0.0 MiB)
Memory usage before reset: 2722.04296875 MiB (Increase: 0.0 MiB)
Memory usage after reset: 2722.04296875 MiB (Increase: 0.0 MiB)
Current lengths of episodes: [1600]
Memory usage at done (index 0, length 1600, since_prev 1600): 2722.04296875 MiB (Increase: 0.0 MiB)
Memory usage before reset: 2722.04296875 MiB (Increase: 0.0 MiB)
Memory usage after reset: 2722.04296875 MiB (Increase: 0.0 MiB)
Training episode 846
Memory usage at middle: 2722.04296875 MiB (Increase: 0.0 MiB)
Memory usage before collect: 2722.04296875 MiB (Increase: 0.0 MiB)
Memory usage after collect: 2722.04296875 MiB (Increase: 0.0 MiB)
Memory usage before initialization: 2722.04296875 MiB (Increase: 0.0 MiB)
Memory usage after initialization: 2722.04296875 MiB (Increase: 0.0 MiB)
Current lengths of episodes: [86]
Memory usage at done (index 0, length 86, since_prev 86): 2722.04296875 MiB (Increase: 0.0 MiB)
Memory usage before reset: 2722.04296875 MiB (Increase: 0.0 MiB)
Memory usage after reset: 2722.04296875 MiB (Increase: 0.0 MiB)
Current lengths of episodes: [59]
Memory usage at done (index 0, length 59, since_prev 59): 2722.04296875 MiB (Increase: 0.0 MiB)
Memory usage before reset: 2722.04296875 MiB (Increase: 0.0 MiB)
Memory usage after reset: 2722.04296875 MiB (Increase: 0.0 MiB)
Training episode 848
Memory usage at middle: 2722.04296875 MiB (Increase: 0.0 MiB)
Memory usage before collect: 2722.04296875 MiB (Increase: 0.0 MiB)
Memory usage after collect: 2722.04296875 MiB (Increase: 0.0 MiB)
Memory usage before initialization: 2722.04296875 MiB (Increase: 0.0 MiB)
Memory usage after initialization: 2722.04296875 MiB (Increase: 0.0 MiB)
Current lengths of episodes: [52]
Memory usage at done (index 0, length 52, since_prev 52): 2722.04296875 MiB (Increase: 0.0 MiB)
Memory usage before reset: 2722.04296875 MiB (Increase: 0.0 MiB)
Memory usage after reset: 2722.04296875 MiB (Increase: 0.0 MiB)
Current lengths of episodes: [292]
Memory usage at done (index 0, length 292, since_prev 292): 2722.04296875 MiB (Increase: 0.0 MiB)
Memory usage before reset: 2722.04296875 MiB (Increase: 0.0 MiB)
Memory usage after reset: 2722.04296875 MiB (Increase: 0.0 MiB)
Training episode 850
Memory usage at middle: 2722.04296875 MiB (Increase: 0.0 MiB)
Memory usage before collect: 2722.04296875 MiB (Increase: 0.0 MiB)
Memory usage after collect: 2722.04296875 MiB (Increase: 0.0 MiB)
Episode 850	Average evaluation: -25.13927565254682
Memory usage before initialization: 2722.04296875 MiB (Increase: 0.0 MiB)
Memory usage after initialization: 2722.04296875 MiB (Increase: 0.0 MiB)
Current lengths of episodes: [1600]
Memory usage at done (index 0, length 1600, since_prev 1600): 2722.04296875 MiB (Increase: 0.0 MiB)
Memory usage before reset: 2722.04296875 MiB (Increase: 0.0 MiB)
Memory usage after reset: 2722.04296875 MiB (Increase: 0.0 MiB)
Current lengths of episodes: [68]
Memory usage at done (index 0, length 68, since_prev 68): 2722.04296875 MiB (Increase: 0.0 MiB)
Memory usage before reset: 2722.04296875 MiB (Increase: 0.0 MiB)
Memory usage after reset: 2722.04296875 MiB (Increase: 0.0 MiB)
Training episode 852
Memory usage at middle: 2722.04296875 MiB (Increase: 0.0 MiB)
Memory usage before collect: 2722.04296875 MiB (Increase: 0.0 MiB)
Memory usage after collect: 2722.04296875 MiB (Increase: 0.0 MiB)
Memory usage before initialization: 2722.04296875 MiB (Increase: 0.0 MiB)
Memory usage after initialization: 2722.04296875 MiB (Increase: 0.0 MiB)
Current lengths of episodes: [1600]
Memory usage at done (index 0, length 1600, since_prev 1600): 2722.04296875 MiB (Increase: 0.0 MiB)
Memory usage before reset: 2722.04296875 MiB (Increase: 0.0 MiB)
Memory usage after reset: 2722.04296875 MiB (Increase: 0.0 MiB)
Current lengths of episodes: [74]
Memory usage at done (index 0, length 74, since_prev 74): 2722.04296875 MiB (Increase: 0.0 MiB)
Memory usage before reset: 2722.04296875 MiB (Increase: 0.0 MiB)
Memory usage after reset: 2722.04296875 MiB (Increase: 0.0 MiB)
Training episode 854
Memory usage at middle: 2722.04296875 MiB (Increase: 0.0 MiB)
Memory usage before collect: 2722.04296875 MiB (Increase: 0.0 MiB)
Memory usage after collect: 2722.04296875 MiB (Increase: 0.0 MiB)
Memory usage before initialization: 2722.04296875 MiB (Increase: 0.0 MiB)
Memory usage after initialization: 2722.04296875 MiB (Increase: 0.0 MiB)
Current lengths of episodes: [1600]
Memory usage at done (index 0, length 1600, since_prev 1600): 2722.04296875 MiB (Increase: 0.0 MiB)
Memory usage before reset: 2722.04296875 MiB (Increase: 0.0 MiB)
Memory usage after reset: 2722.04296875 MiB (Increase: 0.0 MiB)
Current lengths of episodes: [66]
Memory usage at done (index 0, length 66, since_prev 66): 2722.04296875 MiB (Increase: 0.0 MiB)
Memory usage before reset: 2722.04296875 MiB (Increase: 0.0 MiB)
Memory usage after reset: 2722.04296875 MiB (Increase: 0.0 MiB)
Training episode 856
Memory usage at middle: 2722.04296875 MiB (Increase: 0.0 MiB)
Memory usage before collect: 2722.04296875 MiB (Increase: 0.0 MiB)
Memory usage after collect: 2722.04296875 MiB (Increase: 0.0 MiB)
Memory usage before initialization: 2722.04296875 MiB (Increase: 0.0 MiB)
Memory usage after initialization: 2722.04296875 MiB (Increase: 0.0 MiB)
Current lengths of episodes: [1600]
Memory usage at done (index 0, length 1600, since_prev 1600): 2722.04296875 MiB (Increase: 0.0 MiB)
Memory usage before reset: 2722.04296875 MiB (Increase: 0.0 MiB)
Memory usage after reset: 2722.04296875 MiB (Increase: 0.0 MiB)
Current lengths of episodes: [113]
Memory usage at done (index 0, length 113, since_prev 113): 2722.04296875 MiB (Increase: 0.0 MiB)
Memory usage before reset: 2722.04296875 MiB (Increase: 0.0 MiB)
Memory usage after reset: 2722.04296875 MiB (Increase: 0.0 MiB)
Training episode 858
Memory usage at middle: 2722.04296875 MiB (Increase: 0.0 MiB)
Memory usage before collect: 2722.04296875 MiB (Increase: 0.0 MiB)
Memory usage after collect: 2722.04296875 MiB (Increase: 0.0 MiB)
Memory usage before initialization: 2722.04296875 MiB (Increase: 0.0 MiB)
Memory usage after initialization: 2722.04296875 MiB (Increase: 0.0 MiB)
Current lengths of episodes: [1600]
Memory usage at done (index 0, length 1600, since_prev 1600): 2722.04296875 MiB (Increase: 0.0 MiB)
Memory usage before reset: 2722.04296875 MiB (Increase: 0.0 MiB)
Memory usage after reset: 2722.04296875 MiB (Increase: 0.0 MiB)
Current lengths of episodes: [234]
Memory usage at done (index 0, length 234, since_prev 234): 2722.04296875 MiB (Increase: 0.0 MiB)
Memory usage before reset: 2722.04296875 MiB (Increase: 0.0 MiB)
Memory usage after reset: 2722.04296875 MiB (Increase: 0.0 MiB)
Training episode 860
Memory usage at middle: 2722.04296875 MiB (Increase: 0.0 MiB)
Memory usage before collect: 2722.04296875 MiB (Increase: 0.0 MiB)
Memory usage after collect: 2722.04296875 MiB (Increase: 0.0 MiB)
Memory usage before initialization: 2722.04296875 MiB (Increase: 0.0 MiB)
Memory usage after initialization: 2722.04296875 MiB (Increase: 0.0 MiB)
Current lengths of episodes: [1600]
Memory usage at done (index 0, length 1600, since_prev 1600): 2722.04296875 MiB (Increase: 0.0 MiB)
Memory usage before reset: 2722.04296875 MiB (Increase: 0.0 MiB)
Memory usage after reset: 2722.04296875 MiB (Increase: 0.0 MiB)
Current lengths of episodes: [68]
Memory usage at done (index 0, length 68, since_prev 68): 2722.04296875 MiB (Increase: 0.0 MiB)
Memory usage before reset: 2722.04296875 MiB (Increase: 0.0 MiB)
Memory usage after reset: 2722.04296875 MiB (Increase: 0.0 MiB)
Training episode 862
Memory usage at middle: 2722.04296875 MiB (Increase: 0.0 MiB)
Memory usage before collect: 2722.04296875 MiB (Increase: 0.0 MiB)
Memory usage after collect: 2722.04296875 MiB (Increase: 0.0 MiB)
Memory usage before initialization: 2722.04296875 MiB (Increase: 0.0 MiB)
Memory usage after initialization: 2722.04296875 MiB (Increase: 0.0 MiB)
Current lengths of episodes: [58]
Memory usage at done (index 0, length 58, since_prev 58): 2722.04296875 MiB (Increase: 0.0 MiB)
Memory usage before reset: 2722.04296875 MiB (Increase: 0.0 MiB)
Memory usage after reset: 2722.04296875 MiB (Increase: 0.0 MiB)
Current lengths of episodes: [46]
Memory usage at done (index 0, length 46, since_prev 46): 2722.04296875 MiB (Increase: 0.0 MiB)
Memory usage before reset: 2722.04296875 MiB (Increase: 0.0 MiB)
Memory usage after reset: 2722.04296875 MiB (Increase: 0.0 MiB)
Training episode 864
Memory usage at middle: 2722.04296875 MiB (Increase: 0.0 MiB)
Memory usage before collect: 2722.04296875 MiB (Increase: 0.0 MiB)
Memory usage after collect: 2722.04296875 MiB (Increase: 0.0 MiB)
Memory usage before initialization: 2722.04296875 MiB (Increase: 0.0 MiB)
Memory usage after initialization: 2722.04296875 MiB (Increase: 0.0 MiB)
Current lengths of episodes: [1600]
Memory usage at done (index 0, length 1600, since_prev 1600): 2722.04296875 MiB (Increase: 0.0 MiB)
Memory usage before reset: 2722.04296875 MiB (Increase: 0.0 MiB)
Memory usage after reset: 2722.04296875 MiB (Increase: 0.0 MiB)
Current lengths of episodes: [1600]
Memory usage at done (index 0, length 1600, since_prev 1600): 2722.04296875 MiB (Increase: 0.0 MiB)
Memory usage before reset: 2722.04296875 MiB (Increase: 0.0 MiB)
Memory usage after reset: 2722.04296875 MiB (Increase: 0.0 MiB)
Training episode 866
Memory usage at middle: 2722.04296875 MiB (Increase: 0.0 MiB)
Memory usage before collect: 2722.04296875 MiB (Increase: 0.0 MiB)
Memory usage after collect: 2722.04296875 MiB (Increase: 0.0 MiB)
Memory usage before initialization: 2722.04296875 MiB (Increase: 0.0 MiB)
Memory usage after initialization: 2722.04296875 MiB (Increase: 0.0 MiB)
Current lengths of episodes: [1600]
Memory usage at done (index 0, length 1600, since_prev 1600): 2722.04296875 MiB (Increase: 0.0 MiB)
Memory usage before reset: 2722.04296875 MiB (Increase: 0.0 MiB)
Memory usage after reset: 2722.04296875 MiB (Increase: 0.0 MiB)
Current lengths of episodes: [108]
Memory usage at done (index 0, length 108, since_prev 108): 2722.04296875 MiB (Increase: 0.0 MiB)
Memory usage before reset: 2722.04296875 MiB (Increase: 0.0 MiB)
Memory usage after reset: 2722.04296875 MiB (Increase: 0.0 MiB)
Training episode 868
Memory usage at middle: 2722.04296875 MiB (Increase: 0.0 MiB)
Memory usage before collect: 2722.04296875 MiB (Increase: 0.0 MiB)
Memory usage after collect: 2722.04296875 MiB (Increase: 0.0 MiB)
Memory usage before initialization: 2722.04296875 MiB (Increase: 0.0 MiB)
Memory usage after initialization: 2722.04296875 MiB (Increase: 0.0 MiB)
Current lengths of episodes: [1600]
Memory usage at done (index 0, length 1600, since_prev 1600): 2722.04296875 MiB (Increase: 0.0 MiB)
Memory usage before reset: 2722.04296875 MiB (Increase: 0.0 MiB)
Memory usage after reset: 2722.04296875 MiB (Increase: 0.0 MiB)
Current lengths of episodes: [1600]
Memory usage at done (index 0, length 1600, since_prev 1600): 2722.04296875 MiB (Increase: 0.0 MiB)
Memory usage before reset: 2722.04296875 MiB (Increase: 0.0 MiB)
Memory usage after reset: 2722.04296875 MiB (Increase: 0.0 MiB)
Training episode 870
Memory usage at middle: 2722.04296875 MiB (Increase: 0.0 MiB)
Memory usage before collect: 2722.04296875 MiB (Increase: 0.0 MiB)
Memory usage after collect: 2722.04296875 MiB (Increase: 0.0 MiB)
Memory usage before initialization: 2722.04296875 MiB (Increase: 0.0 MiB)
Memory usage after initialization: 2722.04296875 MiB (Increase: 0.0 MiB)
Current lengths of episodes: [1600]
Memory usage at done (index 0, length 1600, since_prev 1600): 2722.04296875 MiB (Increase: 0.0 MiB)
Memory usage before reset: 2722.04296875 MiB (Increase: 0.0 MiB)
Memory usage after reset: 2722.04296875 MiB (Increase: 0.0 MiB)
Current lengths of episodes: [1600]
Memory usage at done (index 0, length 1600, since_prev 1600): 2722.04296875 MiB (Increase: 0.0 MiB)
Memory usage before reset: 2722.04296875 MiB (Increase: 0.0 MiB)
Memory usage after reset: 2722.04296875 MiB (Increase: 0.0 MiB)
Training episode 872
Memory usage at middle: 2722.04296875 MiB (Increase: 0.0 MiB)
Memory usage before collect: 2722.04296875 MiB (Increase: 0.0 MiB)
Memory usage after collect: 2722.04296875 MiB (Increase: 0.0 MiB)
Memory usage before initialization: 2722.04296875 MiB (Increase: 0.0 MiB)
Memory usage after initialization: 2722.04296875 MiB (Increase: 0.0 MiB)
Current lengths of episodes: [1600]
Memory usage at done (index 0, length 1600, since_prev 1600): 2722.04296875 MiB (Increase: 0.0 MiB)
Memory usage before reset: 2722.04296875 MiB (Increase: 0.0 MiB)
Memory usage after reset: 2722.04296875 MiB (Increase: 0.0 MiB)
Current lengths of episodes: [79]
Memory usage at done (index 0, length 79, since_prev 79): 2722.04296875 MiB (Increase: 0.0 MiB)
Memory usage before reset: 2722.04296875 MiB (Increase: 0.0 MiB)
Memory usage after reset: 2722.04296875 MiB (Increase: 0.0 MiB)
Training episode 874
Memory usage at middle: 2722.04296875 MiB (Increase: 0.0 MiB)
Memory usage before collect: 2722.04296875 MiB (Increase: 0.0 MiB)
Memory usage after collect: 2722.04296875 MiB (Increase: 0.0 MiB)
Memory usage before initialization: 2722.04296875 MiB (Increase: 0.0 MiB)
Memory usage after initialization: 2722.04296875 MiB (Increase: 0.0 MiB)
Current lengths of episodes: [76]
Memory usage at done (index 0, length 76, since_prev 76): 2722.04296875 MiB (Increase: 0.0 MiB)
Memory usage before reset: 2722.04296875 MiB (Increase: 0.0 MiB)
Memory usage after reset: 2722.04296875 MiB (Increase: 0.0 MiB)
Current lengths of episodes: [79]
Memory usage at done (index 0, length 79, since_prev 79): 2722.04296875 MiB (Increase: 0.0 MiB)
Memory usage before reset: 2722.04296875 MiB (Increase: 0.0 MiB)
Memory usage after reset: 2722.04296875 MiB (Increase: 0.0 MiB)
Training episode 876
Memory usage at middle: 2722.04296875 MiB (Increase: 0.0 MiB)
Memory usage before collect: 2722.04296875 MiB (Increase: 0.0 MiB)
Memory usage after collect: 2722.04296875 MiB (Increase: 0.0 MiB)
Memory usage before initialization: 2722.04296875 MiB (Increase: 0.0 MiB)
Memory usage after initialization: 2722.04296875 MiB (Increase: 0.0 MiB)
Current lengths of episodes: [1600]
Memory usage at done (index 0, length 1600, since_prev 1600): 2722.04296875 MiB (Increase: 0.0 MiB)
Memory usage before reset: 2722.04296875 MiB (Increase: 0.0 MiB)
Memory usage after reset: 2722.04296875 MiB (Increase: 0.0 MiB)
Current lengths of episodes: [1600]
Memory usage at done (index 0, length 1600, since_prev 1600): 2722.04296875 MiB (Increase: 0.0 MiB)
Memory usage before reset: 2722.04296875 MiB (Increase: 0.0 MiB)
Memory usage after reset: 2722.04296875 MiB (Increase: 0.0 MiB)
Training episode 878
Memory usage at middle: 2722.04296875 MiB (Increase: 0.0 MiB)
Memory usage before collect: 2722.04296875 MiB (Increase: 0.0 MiB)
Memory usage after collect: 2722.04296875 MiB (Increase: 0.0 MiB)
Memory usage before initialization: 2722.04296875 MiB (Increase: 0.0 MiB)
Memory usage after initialization: 2722.04296875 MiB (Increase: 0.0 MiB)
Current lengths of episodes: [1600]
Memory usage at done (index 0, length 1600, since_prev 1600): 2722.04296875 MiB (Increase: 0.0 MiB)
Memory usage before reset: 2722.04296875 MiB (Increase: 0.0 MiB)
Memory usage after reset: 2722.04296875 MiB (Increase: 0.0 MiB)
Current lengths of episodes: [1600]
Memory usage at done (index 0, length 1600, since_prev 1600): 2722.04296875 MiB (Increase: 0.0 MiB)
Memory usage before reset: 2722.04296875 MiB (Increase: 0.0 MiB)
Memory usage after reset: 2722.04296875 MiB (Increase: 0.0 MiB)
Training episode 880
Memory usage at middle: 2722.04296875 MiB (Increase: 0.0 MiB)
Memory usage before collect: 2722.04296875 MiB (Increase: 0.0 MiB)
Memory usage after collect: 2722.04296875 MiB (Increase: 0.0 MiB)
Memory usage before initialization: 2722.04296875 MiB (Increase: 0.0 MiB)
Memory usage after initialization: 2722.04296875 MiB (Increase: 0.0 MiB)
Current lengths of episodes: [62]
Memory usage at done (index 0, length 62, since_prev 62): 2722.04296875 MiB (Increase: 0.0 MiB)
Memory usage before reset: 2722.04296875 MiB (Increase: 0.0 MiB)
Memory usage after reset: 2722.04296875 MiB (Increase: 0.0 MiB)
Current lengths of episodes: [69]
Memory usage at done (index 0, length 69, since_prev 69): 2722.04296875 MiB (Increase: 0.0 MiB)
Memory usage before reset: 2722.04296875 MiB (Increase: 0.0 MiB)
Memory usage after reset: 2722.04296875 MiB (Increase: 0.0 MiB)
Training episode 882
Memory usage at middle: 2722.04296875 MiB (Increase: 0.0 MiB)
Memory usage before collect: 2722.04296875 MiB (Increase: 0.0 MiB)
Memory usage after collect: 2722.04296875 MiB (Increase: 0.0 MiB)
Memory usage before initialization: 2722.04296875 MiB (Increase: 0.0 MiB)
Memory usage after initialization: 2722.04296875 MiB (Increase: 0.0 MiB)
Current lengths of episodes: [57]
Memory usage at done (index 0, length 57, since_prev 57): 2722.04296875 MiB (Increase: 0.0 MiB)
Memory usage before reset: 2722.04296875 MiB (Increase: 0.0 MiB)
Memory usage after reset: 2722.04296875 MiB (Increase: 0.0 MiB)
Current lengths of episodes: [61]
Memory usage at done (index 0, length 61, since_prev 61): 2722.04296875 MiB (Increase: 0.0 MiB)
Memory usage before reset: 2722.04296875 MiB (Increase: 0.0 MiB)
Memory usage after reset: 2722.04296875 MiB (Increase: 0.0 MiB)
Training episode 884
Memory usage at middle: 2722.04296875 MiB (Increase: 0.0 MiB)
Memory usage before collect: 2722.04296875 MiB (Increase: 0.0 MiB)
Memory usage after collect: 2722.04296875 MiB (Increase: 0.0 MiB)
Memory usage before initialization: 2722.04296875 MiB (Increase: 0.0 MiB)
Memory usage after initialization: 2722.04296875 MiB (Increase: 0.0 MiB)
Current lengths of episodes: [1600]
Memory usage at done (index 0, length 1600, since_prev 1600): 2722.04296875 MiB (Increase: 0.0 MiB)
Memory usage before reset: 2722.04296875 MiB (Increase: 0.0 MiB)
Memory usage after reset: 2722.04296875 MiB (Increase: 0.0 MiB)
Current lengths of episodes: [62]
Memory usage at done (index 0, length 62, since_prev 62): 2722.04296875 MiB (Increase: 0.0 MiB)
Memory usage before reset: 2722.04296875 MiB (Increase: 0.0 MiB)
Memory usage after reset: 2722.04296875 MiB (Increase: 0.0 MiB)
Training episode 886
Memory usage at middle: 2722.04296875 MiB (Increase: 0.0 MiB)
Memory usage before collect: 2722.04296875 MiB (Increase: 0.0 MiB)
Memory usage after collect: 2722.04296875 MiB (Increase: 0.0 MiB)
Memory usage before initialization: 2722.04296875 MiB (Increase: 0.0 MiB)
Memory usage after initialization: 2722.04296875 MiB (Increase: 0.0 MiB)
Current lengths of episodes: [1600]
Memory usage at done (index 0, length 1600, since_prev 1600): 2722.04296875 MiB (Increase: 0.0 MiB)
Memory usage before reset: 2722.04296875 MiB (Increase: 0.0 MiB)
Memory usage after reset: 2722.04296875 MiB (Increase: 0.0 MiB)
Current lengths of episodes: [79]
Memory usage at done (index 0, length 79, since_prev 79): 2722.04296875 MiB (Increase: 0.0 MiB)
Memory usage before reset: 2722.04296875 MiB (Increase: 0.0 MiB)
Memory usage after reset: 2722.04296875 MiB (Increase: 0.0 MiB)
Training episode 888
Memory usage at middle: 2722.04296875 MiB (Increase: 0.0 MiB)
Memory usage before collect: 2722.04296875 MiB (Increase: 0.0 MiB)
Memory usage after collect: 2722.04296875 MiB (Increase: 0.0 MiB)
Memory usage before initialization: 2722.04296875 MiB (Increase: 0.0 MiB)
Memory usage after initialization: 2722.04296875 MiB (Increase: 0.0 MiB)
Current lengths of episodes: [126]
Memory usage at done (index 0, length 126, since_prev 126): 2722.04296875 MiB (Increase: 0.0 MiB)
Memory usage before reset: 2722.04296875 MiB (Increase: 0.0 MiB)
Memory usage after reset: 2722.04296875 MiB (Increase: 0.0 MiB)
Current lengths of episodes: [1600]
Memory usage at done (index 0, length 1600, since_prev 1600): 2722.04296875 MiB (Increase: 0.0 MiB)
Memory usage before reset: 2722.04296875 MiB (Increase: 0.0 MiB)
Memory usage after reset: 2722.04296875 MiB (Increase: 0.0 MiB)
Training episode 890
Memory usage at middle: 2722.04296875 MiB (Increase: 0.0 MiB)
Memory usage before collect: 2722.04296875 MiB (Increase: 0.0 MiB)
Memory usage after collect: 2722.04296875 MiB (Increase: 0.0 MiB)
Memory usage before initialization: 2722.04296875 MiB (Increase: 0.0 MiB)
Memory usage after initialization: 2722.04296875 MiB (Increase: 0.0 MiB)
Current lengths of episodes: [1600]
Memory usage at done (index 0, length 1600, since_prev 1600): 2722.04296875 MiB (Increase: 0.0 MiB)
Memory usage before reset: 2722.04296875 MiB (Increase: 0.0 MiB)
Memory usage after reset: 2722.04296875 MiB (Increase: 0.0 MiB)
Current lengths of episodes: [1600]
Memory usage at done (index 0, length 1600, since_prev 1600): 2722.04296875 MiB (Increase: 0.0 MiB)
Memory usage before reset: 2722.04296875 MiB (Increase: 0.0 MiB)
Memory usage after reset: 2722.04296875 MiB (Increase: 0.0 MiB)
Training episode 892
Memory usage at middle: 2722.04296875 MiB (Increase: 0.0 MiB)
Memory usage before collect: 2722.04296875 MiB (Increase: 0.0 MiB)
Memory usage after collect: 2722.04296875 MiB (Increase: 0.0 MiB)
Memory usage before initialization: 2722.04296875 MiB (Increase: 0.0 MiB)
Memory usage after initialization: 2722.04296875 MiB (Increase: 0.0 MiB)
Current lengths of episodes: [74]
Memory usage at done (index 0, length 74, since_prev 74): 2722.04296875 MiB (Increase: 0.0 MiB)
Memory usage before reset: 2722.04296875 MiB (Increase: 0.0 MiB)
Memory usage after reset: 2722.04296875 MiB (Increase: 0.0 MiB)
Current lengths of episodes: [54]
Memory usage at done (index 0, length 54, since_prev 54): 2722.04296875 MiB (Increase: 0.0 MiB)
Memory usage before reset: 2722.04296875 MiB (Increase: 0.0 MiB)
Memory usage after reset: 2722.04296875 MiB (Increase: 0.0 MiB)
Training episode 894
Memory usage at middle: 2722.04296875 MiB (Increase: 0.0 MiB)
Memory usage before collect: 2722.04296875 MiB (Increase: 0.0 MiB)
Memory usage after collect: 2722.04296875 MiB (Increase: 0.0 MiB)
Memory usage before initialization: 2722.04296875 MiB (Increase: 0.0 MiB)
Memory usage after initialization: 2722.04296875 MiB (Increase: 0.0 MiB)
Current lengths of episodes: [63]
Memory usage at done (index 0, length 63, since_prev 63): 2722.04296875 MiB (Increase: 0.0 MiB)
Memory usage before reset: 2722.04296875 MiB (Increase: 0.0 MiB)
Memory usage after reset: 2722.04296875 MiB (Increase: 0.0 MiB)
Current lengths of episodes: [100]
Memory usage at done (index 0, length 100, since_prev 100): 2722.04296875 MiB (Increase: 0.0 MiB)
Memory usage before reset: 2722.04296875 MiB (Increase: 0.0 MiB)
Memory usage after reset: 2722.04296875 MiB (Increase: 0.0 MiB)
Training episode 896
Memory usage at middle: 2722.04296875 MiB (Increase: 0.0 MiB)
Memory usage before collect: 2722.04296875 MiB (Increase: 0.0 MiB)
Memory usage after collect: 2722.04296875 MiB (Increase: 0.0 MiB)
Memory usage before initialization: 2722.04296875 MiB (Increase: 0.0 MiB)
Memory usage after initialization: 2722.04296875 MiB (Increase: 0.0 MiB)
Current lengths of episodes: [1600]
Memory usage at done (index 0, length 1600, since_prev 1600): 2722.04296875 MiB (Increase: 0.0 MiB)
Memory usage before reset: 2722.04296875 MiB (Increase: 0.0 MiB)
Memory usage after reset: 2722.04296875 MiB (Increase: 0.0 MiB)
Current lengths of episodes: [1600]
Memory usage at done (index 0, length 1600, since_prev 1600): 2722.04296875 MiB (Increase: 0.0 MiB)
Memory usage before reset: 2722.04296875 MiB (Increase: 0.0 MiB)
Memory usage after reset: 2722.04296875 MiB (Increase: 0.0 MiB)
Training episode 898
Memory usage at middle: 2722.04296875 MiB (Increase: 0.0 MiB)
Memory usage before collect: 2722.04296875 MiB (Increase: 0.0 MiB)
Memory usage after collect: 2722.04296875 MiB (Increase: 0.0 MiB)
Memory usage before initialization: 2722.04296875 MiB (Increase: 0.0 MiB)
Memory usage after initialization: 2722.04296875 MiB (Increase: 0.0 MiB)
Current lengths of episodes: [54]
Memory usage at done (index 0, length 54, since_prev 54): 2722.04296875 MiB (Increase: 0.0 MiB)
Memory usage before reset: 2722.04296875 MiB (Increase: 0.0 MiB)
Memory usage after reset: 2722.04296875 MiB (Increase: 0.0 MiB)
Current lengths of episodes: [150]
Memory usage at done (index 0, length 150, since_prev 150): 2722.04296875 MiB (Increase: 0.0 MiB)
Memory usage before reset: 2722.04296875 MiB (Increase: 0.0 MiB)
Memory usage after reset: 2722.04296875 MiB (Increase: 0.0 MiB)
Training episode 900
Memory usage at middle: 2722.04296875 MiB (Increase: 0.0 MiB)
Memory usage before collect: 2722.04296875 MiB (Increase: 0.0 MiB)
Memory usage after collect: 2722.04296875 MiB (Increase: 0.0 MiB)
Episode 900	Average evaluation: -22.865998512446502
Memory usage before initialization: 2722.04296875 MiB (Increase: 0.0 MiB)
Memory usage after initialization: 2722.04296875 MiB (Increase: 0.0 MiB)
Current lengths of episodes: [56]
Memory usage at done (index 0, length 56, since_prev 56): 2722.04296875 MiB (Increase: 0.0 MiB)
Memory usage before reset: 2722.04296875 MiB (Increase: 0.0 MiB)
Memory usage after reset: 2722.04296875 MiB (Increase: 0.0 MiB)
Current lengths of episodes: [91]
Memory usage at done (index 0, length 91, since_prev 91): 2722.04296875 MiB (Increase: 0.0 MiB)
Memory usage before reset: 2722.04296875 MiB (Increase: 0.0 MiB)
Memory usage after reset: 2722.04296875 MiB (Increase: 0.0 MiB)
Training episode 902
Memory usage at middle: 2722.04296875 MiB (Increase: 0.0 MiB)
Memory usage before collect: 2722.04296875 MiB (Increase: 0.0 MiB)
Memory usage after collect: 2722.04296875 MiB (Increase: 0.0 MiB)
Memory usage before initialization: 2722.04296875 MiB (Increase: 0.0 MiB)
Memory usage after initialization: 2722.04296875 MiB (Increase: 0.0 MiB)
Current lengths of episodes: [1600]
Memory usage at done (index 0, length 1600, since_prev 1600): 2722.04296875 MiB (Increase: 0.0 MiB)
Memory usage before reset: 2722.04296875 MiB (Increase: 0.0 MiB)
Memory usage after reset: 2722.04296875 MiB (Increase: 0.0 MiB)
Current lengths of episodes: [49]
Memory usage at done (index 0, length 49, since_prev 49): 2722.04296875 MiB (Increase: 0.0 MiB)
Memory usage before reset: 2722.04296875 MiB (Increase: 0.0 MiB)
Memory usage after reset: 2722.04296875 MiB (Increase: 0.0 MiB)
Training episode 904
Memory usage at middle: 2722.04296875 MiB (Increase: 0.0 MiB)
Memory usage before collect: 2722.04296875 MiB (Increase: 0.0 MiB)
Memory usage after collect: 2722.04296875 MiB (Increase: 0.0 MiB)
Memory usage before initialization: 2722.04296875 MiB (Increase: 0.0 MiB)
Memory usage after initialization: 2722.04296875 MiB (Increase: 0.0 MiB)
Current lengths of episodes: [1600]
Memory usage at done (index 0, length 1600, since_prev 1600): 2722.04296875 MiB (Increase: 0.0 MiB)
Memory usage before reset: 2722.04296875 MiB (Increase: 0.0 MiB)
Memory usage after reset: 2722.04296875 MiB (Increase: 0.0 MiB)
Current lengths of episodes: [76]
Memory usage at done (index 0, length 76, since_prev 76): 2722.04296875 MiB (Increase: 0.0 MiB)
Memory usage before reset: 2722.04296875 MiB (Increase: 0.0 MiB)
Memory usage after reset: 2722.04296875 MiB (Increase: 0.0 MiB)
Training episode 906
Memory usage at middle: 2722.04296875 MiB (Increase: 0.0 MiB)
Memory usage before collect: 2722.04296875 MiB (Increase: 0.0 MiB)
Memory usage after collect: 2722.04296875 MiB (Increase: 0.0 MiB)
Memory usage before initialization: 2722.04296875 MiB (Increase: 0.0 MiB)
Memory usage after initialization: 2722.04296875 MiB (Increase: 0.0 MiB)
Current lengths of episodes: [1600]
Memory usage at done (index 0, length 1600, since_prev 1600): 2722.04296875 MiB (Increase: 0.0 MiB)
Memory usage before reset: 2722.04296875 MiB (Increase: 0.0 MiB)
Memory usage after reset: 2722.04296875 MiB (Increase: 0.0 MiB)
Current lengths of episodes: [1600]
Memory usage at done (index 0, length 1600, since_prev 1600): 2722.04296875 MiB (Increase: 0.0 MiB)
Memory usage before reset: 2722.04296875 MiB (Increase: 0.0 MiB)
Memory usage after reset: 2722.04296875 MiB (Increase: 0.0 MiB)
Training episode 908
Memory usage at middle: 2722.04296875 MiB (Increase: 0.0 MiB)
Memory usage before collect: 2722.04296875 MiB (Increase: 0.0 MiB)
Memory usage after collect: 2722.04296875 MiB (Increase: 0.0 MiB)
Memory usage before initialization: 2722.04296875 MiB (Increase: 0.0 MiB)
Memory usage after initialization: 2722.04296875 MiB (Increase: 0.0 MiB)
Current lengths of episodes: [1600]
Memory usage at done (index 0, length 1600, since_prev 1600): 2722.04296875 MiB (Increase: 0.0 MiB)
Memory usage before reset: 2722.04296875 MiB (Increase: 0.0 MiB)
Memory usage after reset: 2722.04296875 MiB (Increase: 0.0 MiB)
Current lengths of episodes: [1600]
Memory usage at done (index 0, length 1600, since_prev 1600): 2722.04296875 MiB (Increase: 0.0 MiB)
Memory usage before reset: 2722.04296875 MiB (Increase: 0.0 MiB)
Memory usage after reset: 2722.04296875 MiB (Increase: 0.0 MiB)
Training episode 910
Memory usage at middle: 2722.04296875 MiB (Increase: 0.0 MiB)
Memory usage before collect: 2722.04296875 MiB (Increase: 0.0 MiB)
Memory usage after collect: 2722.04296875 MiB (Increase: 0.0 MiB)
Memory usage before initialization: 2722.04296875 MiB (Increase: 0.0 MiB)
Memory usage after initialization: 2722.04296875 MiB (Increase: 0.0 MiB)
Current lengths of episodes: [1600]
Memory usage at done (index 0, length 1600, since_prev 1600): 2722.04296875 MiB (Increase: 0.0 MiB)
Memory usage before reset: 2722.04296875 MiB (Increase: 0.0 MiB)
Memory usage after reset: 2722.04296875 MiB (Increase: 0.0 MiB)
Current lengths of episodes: [1600]
Memory usage at done (index 0, length 1600, since_prev 1600): 2722.04296875 MiB (Increase: 0.0 MiB)
Memory usage before reset: 2722.04296875 MiB (Increase: 0.0 MiB)
Memory usage after reset: 2722.04296875 MiB (Increase: 0.0 MiB)
Training episode 912
Memory usage at middle: 2722.04296875 MiB (Increase: 0.0 MiB)
Memory usage before collect: 2722.04296875 MiB (Increase: 0.0 MiB)
Memory usage after collect: 2722.04296875 MiB (Increase: 0.0 MiB)
Memory usage before initialization: 2722.04296875 MiB (Increase: 0.0 MiB)
Memory usage after initialization: 2722.04296875 MiB (Increase: 0.0 MiB)
Current lengths of episodes: [72]
Memory usage at done (index 0, length 72, since_prev 72): 2722.04296875 MiB (Increase: 0.0 MiB)
Memory usage before reset: 2722.04296875 MiB (Increase: 0.0 MiB)
Memory usage after reset: 2722.04296875 MiB (Increase: 0.0 MiB)
Current lengths of episodes: [1600]
Memory usage at done (index 0, length 1600, since_prev 1600): 2722.04296875 MiB (Increase: 0.0 MiB)
Memory usage before reset: 2722.04296875 MiB (Increase: 0.0 MiB)
Memory usage after reset: 2722.04296875 MiB (Increase: 0.0 MiB)
Training episode 914
Memory usage at middle: 2722.04296875 MiB (Increase: 0.0 MiB)
Memory usage before collect: 2722.04296875 MiB (Increase: 0.0 MiB)
Memory usage after collect: 2722.04296875 MiB (Increase: 0.0 MiB)
Memory usage before initialization: 2722.04296875 MiB (Increase: 0.0 MiB)
Memory usage after initialization: 2722.04296875 MiB (Increase: 0.0 MiB)
Current lengths of episodes: [56]
Memory usage at done (index 0, length 56, since_prev 56): 2722.04296875 MiB (Increase: 0.0 MiB)
Memory usage before reset: 2722.04296875 MiB (Increase: 0.0 MiB)
Memory usage after reset: 2722.04296875 MiB (Increase: 0.0 MiB)
Current lengths of episodes: [1600]
Memory usage at done (index 0, length 1600, since_prev 1600): 2722.04296875 MiB (Increase: 0.0 MiB)
Memory usage before reset: 2722.04296875 MiB (Increase: 0.0 MiB)
Memory usage after reset: 2722.04296875 MiB (Increase: 0.0 MiB)
Training episode 916
Memory usage at middle: 2722.04296875 MiB (Increase: 0.0 MiB)
Memory usage before collect: 2722.04296875 MiB (Increase: 0.0 MiB)
Memory usage after collect: 2722.04296875 MiB (Increase: 0.0 MiB)
Memory usage before initialization: 2722.04296875 MiB (Increase: 0.0 MiB)
Memory usage after initialization: 2722.04296875 MiB (Increase: 0.0 MiB)
Current lengths of episodes: [85]
Memory usage at done (index 0, length 85, since_prev 85): 2722.04296875 MiB (Increase: 0.0 MiB)
Memory usage before reset: 2722.04296875 MiB (Increase: 0.0 MiB)
Memory usage after reset: 2722.04296875 MiB (Increase: 0.0 MiB)
Current lengths of episodes: [83]
Memory usage at done (index 0, length 83, since_prev 83): 2722.04296875 MiB (Increase: 0.0 MiB)
Memory usage before reset: 2722.04296875 MiB (Increase: 0.0 MiB)
Memory usage after reset: 2722.04296875 MiB (Increase: 0.0 MiB)
Training episode 918
Memory usage at middle: 2722.04296875 MiB (Increase: 0.0 MiB)
Memory usage before collect: 2722.04296875 MiB (Increase: 0.0 MiB)
Memory usage after collect: 2722.04296875 MiB (Increase: 0.0 MiB)
Memory usage before initialization: 2722.04296875 MiB (Increase: 0.0 MiB)
Memory usage after initialization: 2722.04296875 MiB (Increase: 0.0 MiB)
Current lengths of episodes: [85]
Memory usage at done (index 0, length 85, since_prev 85): 2722.04296875 MiB (Increase: 0.0 MiB)
Memory usage before reset: 2722.04296875 MiB (Increase: 0.0 MiB)
Memory usage after reset: 2722.04296875 MiB (Increase: 0.0 MiB)
Current lengths of episodes: [1600]
Memory usage at done (index 0, length 1600, since_prev 1600): 2722.04296875 MiB (Increase: 0.0 MiB)
Memory usage before reset: 2722.04296875 MiB (Increase: 0.0 MiB)
Memory usage after reset: 2722.04296875 MiB (Increase: 0.0 MiB)
Training episode 920
Memory usage at middle: 2722.04296875 MiB (Increase: 0.0 MiB)
Memory usage before collect: 2722.04296875 MiB (Increase: 0.0 MiB)
Memory usage after collect: 2722.04296875 MiB (Increase: 0.0 MiB)
Memory usage before initialization: 2722.04296875 MiB (Increase: 0.0 MiB)
Memory usage after initialization: 2722.04296875 MiB (Increase: 0.0 MiB)
Current lengths of episodes: [47]
Memory usage at done (index 0, length 47, since_prev 47): 2722.04296875 MiB (Increase: 0.0 MiB)
Memory usage before reset: 2722.04296875 MiB (Increase: 0.0 MiB)
Memory usage after reset: 2722.04296875 MiB (Increase: 0.0 MiB)
Current lengths of episodes: [62]
Memory usage at done (index 0, length 62, since_prev 62): 2722.04296875 MiB (Increase: 0.0 MiB)
Memory usage before reset: 2722.04296875 MiB (Increase: 0.0 MiB)
Memory usage after reset: 2722.04296875 MiB (Increase: 0.0 MiB)
Training episode 922
Memory usage at middle: 2722.04296875 MiB (Increase: 0.0 MiB)
Memory usage before collect: 2722.04296875 MiB (Increase: 0.0 MiB)
Memory usage after collect: 2722.04296875 MiB (Increase: 0.0 MiB)
Memory usage before initialization: 2722.04296875 MiB (Increase: 0.0 MiB)
Memory usage after initialization: 2722.04296875 MiB (Increase: 0.0 MiB)
Current lengths of episodes: [66]
Memory usage at done (index 0, length 66, since_prev 66): 2722.04296875 MiB (Increase: 0.0 MiB)
Memory usage before reset: 2722.04296875 MiB (Increase: 0.0 MiB)
Memory usage after reset: 2722.04296875 MiB (Increase: 0.0 MiB)
Current lengths of episodes: [1600]
Memory usage at done (index 0, length 1600, since_prev 1600): 2722.04296875 MiB (Increase: 0.0 MiB)
Memory usage before reset: 2722.04296875 MiB (Increase: 0.0 MiB)
Memory usage after reset: 2722.04296875 MiB (Increase: 0.0 MiB)
Training episode 924
Memory usage at middle: 2722.04296875 MiB (Increase: 0.0 MiB)
Memory usage before collect: 2722.04296875 MiB (Increase: 0.0 MiB)
Memory usage after collect: 2722.04296875 MiB (Increase: 0.0 MiB)
Memory usage before initialization: 2722.04296875 MiB (Increase: 0.0 MiB)
Memory usage after initialization: 2722.04296875 MiB (Increase: 0.0 MiB)
Current lengths of episodes: [44]
Memory usage at done (index 0, length 44, since_prev 44): 2722.04296875 MiB (Increase: 0.0 MiB)
Memory usage before reset: 2722.04296875 MiB (Increase: 0.0 MiB)
Memory usage after reset: 2722.04296875 MiB (Increase: 0.0 MiB)
Current lengths of episodes: [1600]
Memory usage at done (index 0, length 1600, since_prev 1600): 2722.04296875 MiB (Increase: 0.0 MiB)
Memory usage before reset: 2722.04296875 MiB (Increase: 0.0 MiB)
Memory usage after reset: 2722.04296875 MiB (Increase: 0.0 MiB)
Training episode 926
Memory usage at middle: 2722.04296875 MiB (Increase: 0.0 MiB)
Memory usage before collect: 2722.04296875 MiB (Increase: 0.0 MiB)
Memory usage after collect: 2722.04296875 MiB (Increase: 0.0 MiB)
Memory usage before initialization: 2722.04296875 MiB (Increase: 0.0 MiB)
Memory usage after initialization: 2722.04296875 MiB (Increase: 0.0 MiB)
Current lengths of episodes: [54]
Memory usage at done (index 0, length 54, since_prev 54): 2722.04296875 MiB (Increase: 0.0 MiB)
Memory usage before reset: 2722.04296875 MiB (Increase: 0.0 MiB)
Memory usage after reset: 2722.04296875 MiB (Increase: 0.0 MiB)
Current lengths of episodes: [1600]
Memory usage at done (index 0, length 1600, since_prev 1600): 2722.04296875 MiB (Increase: 0.0 MiB)
Memory usage before reset: 2722.04296875 MiB (Increase: 0.0 MiB)
Memory usage after reset: 2722.04296875 MiB (Increase: 0.0 MiB)
Training episode 928
Memory usage at middle: 2722.04296875 MiB (Increase: 0.0 MiB)
Memory usage before collect: 2722.04296875 MiB (Increase: 0.0 MiB)
Memory usage after collect: 2722.04296875 MiB (Increase: 0.0 MiB)
Memory usage before initialization: 2722.04296875 MiB (Increase: 0.0 MiB)
Memory usage after initialization: 2722.04296875 MiB (Increase: 0.0 MiB)
Current lengths of episodes: [1600]
Memory usage at done (index 0, length 1600, since_prev 1600): 2722.04296875 MiB (Increase: 0.0 MiB)
Memory usage before reset: 2722.04296875 MiB (Increase: 0.0 MiB)
Memory usage after reset: 2722.04296875 MiB (Increase: 0.0 MiB)
Current lengths of episodes: [1600]
Memory usage at done (index 0, length 1600, since_prev 1600): 2722.04296875 MiB (Increase: 0.0 MiB)
Memory usage before reset: 2722.04296875 MiB (Increase: 0.0 MiB)
Memory usage after reset: 2722.04296875 MiB (Increase: 0.0 MiB)
Training episode 930
Memory usage at middle: 2722.04296875 MiB (Increase: 0.0 MiB)
Memory usage before collect: 2722.04296875 MiB (Increase: 0.0 MiB)
Memory usage after collect: 2722.04296875 MiB (Increase: 0.0 MiB)
Memory usage before initialization: 2722.04296875 MiB (Increase: 0.0 MiB)
Memory usage after initialization: 2722.04296875 MiB (Increase: 0.0 MiB)
Current lengths of episodes: [1600]
Memory usage at done (index 0, length 1600, since_prev 1600): 2722.04296875 MiB (Increase: 0.0 MiB)
Memory usage before reset: 2722.04296875 MiB (Increase: 0.0 MiB)
Memory usage after reset: 2722.04296875 MiB (Increase: 0.0 MiB)
Current lengths of episodes: [78]
Memory usage at done (index 0, length 78, since_prev 78): 2722.04296875 MiB (Increase: 0.0 MiB)
Memory usage before reset: 2722.04296875 MiB (Increase: 0.0 MiB)
Memory usage after reset: 2722.04296875 MiB (Increase: 0.0 MiB)
Training episode 932
Memory usage at middle: 2722.04296875 MiB (Increase: 0.0 MiB)
Memory usage before collect: 2722.04296875 MiB (Increase: 0.0 MiB)
Memory usage after collect: 2722.04296875 MiB (Increase: 0.0 MiB)
Memory usage before initialization: 2722.04296875 MiB (Increase: 0.0 MiB)
Memory usage after initialization: 2722.04296875 MiB (Increase: 0.0 MiB)
Current lengths of episodes: [79]
Memory usage at done (index 0, length 79, since_prev 79): 2722.04296875 MiB (Increase: 0.0 MiB)
Memory usage before reset: 2722.04296875 MiB (Increase: 0.0 MiB)
Memory usage after reset: 2722.04296875 MiB (Increase: 0.0 MiB)
Current lengths of episodes: [1600]
Memory usage at done (index 0, length 1600, since_prev 1600): 2722.04296875 MiB (Increase: 0.0 MiB)
Memory usage before reset: 2722.04296875 MiB (Increase: 0.0 MiB)
Memory usage after reset: 2722.04296875 MiB (Increase: 0.0 MiB)
Training episode 934
Memory usage at middle: 2722.04296875 MiB (Increase: 0.0 MiB)
Memory usage before collect: 2722.04296875 MiB (Increase: 0.0 MiB)
Memory usage after collect: 2722.04296875 MiB (Increase: 0.0 MiB)
Memory usage before initialization: 2722.04296875 MiB (Increase: 0.0 MiB)
Memory usage after initialization: 2722.04296875 MiB (Increase: 0.0 MiB)
Current lengths of episodes: [1600]
Memory usage at done (index 0, length 1600, since_prev 1600): 2722.04296875 MiB (Increase: 0.0 MiB)
Memory usage before reset: 2722.04296875 MiB (Increase: 0.0 MiB)
Memory usage after reset: 2722.04296875 MiB (Increase: 0.0 MiB)
Current lengths of episodes: [1600]
Memory usage at done (index 0, length 1600, since_prev 1600): 2722.04296875 MiB (Increase: 0.0 MiB)
Memory usage before reset: 2722.04296875 MiB (Increase: 0.0 MiB)
Memory usage after reset: 2722.04296875 MiB (Increase: 0.0 MiB)
Training episode 936
Memory usage at middle: 2722.04296875 MiB (Increase: 0.0 MiB)
Memory usage before collect: 2722.04296875 MiB (Increase: 0.0 MiB)
Memory usage after collect: 2722.04296875 MiB (Increase: 0.0 MiB)
Memory usage before initialization: 2722.04296875 MiB (Increase: 0.0 MiB)
Memory usage after initialization: 2722.04296875 MiB (Increase: 0.0 MiB)
Current lengths of episodes: [1600]
Memory usage at done (index 0, length 1600, since_prev 1600): 2722.04296875 MiB (Increase: 0.0 MiB)
Memory usage before reset: 2722.04296875 MiB (Increase: 0.0 MiB)
Memory usage after reset: 2722.04296875 MiB (Increase: 0.0 MiB)
Current lengths of episodes: [77]
Memory usage at done (index 0, length 77, since_prev 77): 2722.04296875 MiB (Increase: 0.0 MiB)
Memory usage before reset: 2722.04296875 MiB (Increase: 0.0 MiB)
Memory usage after reset: 2722.04296875 MiB (Increase: 0.0 MiB)
Training episode 938
Memory usage at middle: 2722.04296875 MiB (Increase: 0.0 MiB)
Memory usage before collect: 2722.04296875 MiB (Increase: 0.0 MiB)
Memory usage after collect: 2722.04296875 MiB (Increase: 0.0 MiB)
Memory usage before initialization: 2722.04296875 MiB (Increase: 0.0 MiB)
Memory usage after initialization: 2722.04296875 MiB (Increase: 0.0 MiB)
Current lengths of episodes: [1600]
Memory usage at done (index 0, length 1600, since_prev 1600): 2722.04296875 MiB (Increase: 0.0 MiB)
Memory usage before reset: 2722.04296875 MiB (Increase: 0.0 MiB)
Memory usage after reset: 2722.04296875 MiB (Increase: 0.0 MiB)
Current lengths of episodes: [1600]
Memory usage at done (index 0, length 1600, since_prev 1600): 2722.04296875 MiB (Increase: 0.0 MiB)
Memory usage before reset: 2722.04296875 MiB (Increase: 0.0 MiB)
Memory usage after reset: 2722.04296875 MiB (Increase: 0.0 MiB)
Training episode 940
Memory usage at middle: 2722.04296875 MiB (Increase: 0.0 MiB)
Memory usage before collect: 2722.04296875 MiB (Increase: 0.0 MiB)
Memory usage after collect: 2722.04296875 MiB (Increase: 0.0 MiB)
Memory usage before initialization: 2722.04296875 MiB (Increase: 0.0 MiB)
Memory usage after initialization: 2722.04296875 MiB (Increase: 0.0 MiB)
Current lengths of episodes: [68]
Memory usage at done (index 0, length 68, since_prev 68): 2722.04296875 MiB (Increase: 0.0 MiB)
Memory usage before reset: 2722.04296875 MiB (Increase: 0.0 MiB)
Memory usage after reset: 2722.04296875 MiB (Increase: 0.0 MiB)
Current lengths of episodes: [210]
Memory usage at done (index 0, length 210, since_prev 210): 2722.04296875 MiB (Increase: 0.0 MiB)
Memory usage before reset: 2722.04296875 MiB (Increase: 0.0 MiB)
Memory usage after reset: 2722.04296875 MiB (Increase: 0.0 MiB)
Training episode 942
Memory usage at middle: 2722.04296875 MiB (Increase: 0.0 MiB)
Memory usage before collect: 2722.04296875 MiB (Increase: 0.0 MiB)
Memory usage after collect: 2722.04296875 MiB (Increase: 0.0 MiB)
Memory usage before initialization: 2722.04296875 MiB (Increase: 0.0 MiB)
Memory usage after initialization: 2722.04296875 MiB (Increase: 0.0 MiB)
Current lengths of episodes: [1600]
Memory usage at done (index 0, length 1600, since_prev 1600): 2722.04296875 MiB (Increase: 0.0 MiB)
Memory usage before reset: 2722.04296875 MiB (Increase: 0.0 MiB)
Memory usage after reset: 2722.04296875 MiB (Increase: 0.0 MiB)
Current lengths of episodes: [1600]
Memory usage at done (index 0, length 1600, since_prev 1600): 2722.04296875 MiB (Increase: 0.0 MiB)
Memory usage before reset: 2722.04296875 MiB (Increase: 0.0 MiB)
Memory usage after reset: 2722.04296875 MiB (Increase: 0.0 MiB)
Training episode 944
Memory usage at middle: 2722.04296875 MiB (Increase: 0.0 MiB)
Memory usage before collect: 2722.04296875 MiB (Increase: 0.0 MiB)
Memory usage after collect: 2722.04296875 MiB (Increase: 0.0 MiB)
Memory usage before initialization: 2722.04296875 MiB (Increase: 0.0 MiB)
Memory usage after initialization: 2722.04296875 MiB (Increase: 0.0 MiB)
Current lengths of episodes: [112]
Memory usage at done (index 0, length 112, since_prev 112): 2722.04296875 MiB (Increase: 0.0 MiB)
Memory usage before reset: 2722.04296875 MiB (Increase: 0.0 MiB)
Memory usage after reset: 2722.04296875 MiB (Increase: 0.0 MiB)
Current lengths of episodes: [1600]
Memory usage at done (index 0, length 1600, since_prev 1600): 2722.04296875 MiB (Increase: 0.0 MiB)
Memory usage before reset: 2722.04296875 MiB (Increase: 0.0 MiB)
Memory usage after reset: 2722.04296875 MiB (Increase: 0.0 MiB)
Training episode 946
Memory usage at middle: 2722.04296875 MiB (Increase: 0.0 MiB)
Memory usage before collect: 2722.04296875 MiB (Increase: 0.0 MiB)
Memory usage after collect: 2722.04296875 MiB (Increase: 0.0 MiB)
Memory usage before initialization: 2722.04296875 MiB (Increase: 0.0 MiB)
Memory usage after initialization: 2722.04296875 MiB (Increase: 0.0 MiB)
Current lengths of episodes: [73]
Memory usage at done (index 0, length 73, since_prev 73): 2722.04296875 MiB (Increase: 0.0 MiB)
Memory usage before reset: 2722.04296875 MiB (Increase: 0.0 MiB)
Memory usage after reset: 2722.04296875 MiB (Increase: 0.0 MiB)
Current lengths of episodes: [54]
Memory usage at done (index 0, length 54, since_prev 54): 2722.04296875 MiB (Increase: 0.0 MiB)
Memory usage before reset: 2722.04296875 MiB (Increase: 0.0 MiB)
Memory usage after reset: 2722.04296875 MiB (Increase: 0.0 MiB)
Training episode 948
Memory usage at middle: 2722.04296875 MiB (Increase: 0.0 MiB)
Memory usage before collect: 2722.04296875 MiB (Increase: 0.0 MiB)
Memory usage after collect: 2722.04296875 MiB (Increase: 0.0 MiB)
Memory usage before initialization: 2722.04296875 MiB (Increase: 0.0 MiB)
Memory usage after initialization: 2722.04296875 MiB (Increase: 0.0 MiB)
Current lengths of episodes: [1600]
Memory usage at done (index 0, length 1600, since_prev 1600): 2722.04296875 MiB (Increase: 0.0 MiB)
Memory usage before reset: 2722.04296875 MiB (Increase: 0.0 MiB)
Memory usage after reset: 2722.04296875 MiB (Increase: 0.0 MiB)
Current lengths of episodes: [1600]
Memory usage at done (index 0, length 1600, since_prev 1600): 2722.04296875 MiB (Increase: 0.0 MiB)
Memory usage before reset: 2722.04296875 MiB (Increase: 0.0 MiB)
Memory usage after reset: 2722.04296875 MiB (Increase: 0.0 MiB)
Training episode 950
Memory usage at middle: 2722.04296875 MiB (Increase: 0.0 MiB)
Memory usage before collect: 2722.04296875 MiB (Increase: 0.0 MiB)
Memory usage after collect: 2722.04296875 MiB (Increase: 0.0 MiB)
Episode 950	Average evaluation: -25.490740913278998
Memory usage before initialization: 2722.04296875 MiB (Increase: 0.0 MiB)
Memory usage after initialization: 2722.04296875 MiB (Increase: 0.0 MiB)
Current lengths of episodes: [99]
Memory usage at done (index 0, length 99, since_prev 99): 2722.04296875 MiB (Increase: 0.0 MiB)
Memory usage before reset: 2722.04296875 MiB (Increase: 0.0 MiB)
Memory usage after reset: 2722.04296875 MiB (Increase: 0.0 MiB)
Current lengths of episodes: [1600]
Memory usage at done (index 0, length 1600, since_prev 1600): 2722.04296875 MiB (Increase: 0.0 MiB)
Memory usage before reset: 2722.04296875 MiB (Increase: 0.0 MiB)
Memory usage after reset: 2722.04296875 MiB (Increase: 0.0 MiB)
Training episode 952
Memory usage at middle: 2722.04296875 MiB (Increase: 0.0 MiB)
Memory usage before collect: 2722.04296875 MiB (Increase: 0.0 MiB)
Memory usage after collect: 2722.04296875 MiB (Increase: 0.0 MiB)
Memory usage before initialization: 2722.04296875 MiB (Increase: 0.0 MiB)
Memory usage after initialization: 2722.04296875 MiB (Increase: 0.0 MiB)
Current lengths of episodes: [1600]
Memory usage at done (index 0, length 1600, since_prev 1600): 2722.04296875 MiB (Increase: 0.0 MiB)
Memory usage before reset: 2722.04296875 MiB (Increase: 0.0 MiB)
Memory usage after reset: 2722.04296875 MiB (Increase: 0.0 MiB)
Current lengths of episodes: [57]
Memory usage at done (index 0, length 57, since_prev 57): 2722.04296875 MiB (Increase: 0.0 MiB)
Memory usage before reset: 2722.04296875 MiB (Increase: 0.0 MiB)
Memory usage after reset: 2722.04296875 MiB (Increase: 0.0 MiB)
Training episode 954
Memory usage at middle: 2722.04296875 MiB (Increase: 0.0 MiB)
Memory usage before collect: 2722.04296875 MiB (Increase: 0.0 MiB)
Memory usage after collect: 2722.04296875 MiB (Increase: 0.0 MiB)
Memory usage before initialization: 2722.04296875 MiB (Increase: 0.0 MiB)
Memory usage after initialization: 2722.04296875 MiB (Increase: 0.0 MiB)
Current lengths of episodes: [1600]
Memory usage at done (index 0, length 1600, since_prev 1600): 2722.04296875 MiB (Increase: 0.0 MiB)
Memory usage before reset: 2722.04296875 MiB (Increase: 0.0 MiB)
Memory usage after reset: 2722.04296875 MiB (Increase: 0.0 MiB)
Current lengths of episodes: [52]
Memory usage at done (index 0, length 52, since_prev 52): 2722.04296875 MiB (Increase: 0.0 MiB)
Memory usage before reset: 2722.04296875 MiB (Increase: 0.0 MiB)
Memory usage after reset: 2722.04296875 MiB (Increase: 0.0 MiB)
Training episode 956
Memory usage at middle: 2722.04296875 MiB (Increase: 0.0 MiB)
Memory usage before collect: 2722.04296875 MiB (Increase: 0.0 MiB)
Memory usage after collect: 2722.04296875 MiB (Increase: 0.0 MiB)
Memory usage before initialization: 2722.04296875 MiB (Increase: 0.0 MiB)
Memory usage after initialization: 2722.04296875 MiB (Increase: 0.0 MiB)
Current lengths of episodes: [45]
Memory usage at done (index 0, length 45, since_prev 45): 2722.04296875 MiB (Increase: 0.0 MiB)
Memory usage before reset: 2722.04296875 MiB (Increase: 0.0 MiB)
Memory usage after reset: 2722.04296875 MiB (Increase: 0.0 MiB)
Current lengths of episodes: [1600]
Memory usage at done (index 0, length 1600, since_prev 1600): 2722.04296875 MiB (Increase: 0.0 MiB)
Memory usage before reset: 2722.04296875 MiB (Increase: 0.0 MiB)
Memory usage after reset: 2722.04296875 MiB (Increase: 0.0 MiB)
Training episode 958
Memory usage at middle: 2722.04296875 MiB (Increase: 0.0 MiB)
Memory usage before collect: 2722.04296875 MiB (Increase: 0.0 MiB)
Memory usage after collect: 2722.04296875 MiB (Increase: 0.0 MiB)
Memory usage before initialization: 2722.04296875 MiB (Increase: 0.0 MiB)
Memory usage after initialization: 2722.04296875 MiB (Increase: 0.0 MiB)
Current lengths of episodes: [79]
Memory usage at done (index 0, length 79, since_prev 79): 2722.04296875 MiB (Increase: 0.0 MiB)
Memory usage before reset: 2722.04296875 MiB (Increase: 0.0 MiB)
Memory usage after reset: 2722.04296875 MiB (Increase: 0.0 MiB)
Current lengths of episodes: [956]
Memory usage at done (index 0, length 956, since_prev 956): 2722.04296875 MiB (Increase: 0.0 MiB)
Memory usage before reset: 2722.04296875 MiB (Increase: 0.0 MiB)
Memory usage after reset: 2722.04296875 MiB (Increase: 0.0 MiB)
Training episode 960
Memory usage at middle: 2722.04296875 MiB (Increase: 0.0 MiB)
Memory usage before collect: 2722.04296875 MiB (Increase: 0.0 MiB)
Memory usage after collect: 2722.04296875 MiB (Increase: 0.0 MiB)
Memory usage before initialization: 2722.04296875 MiB (Increase: 0.0 MiB)
Memory usage after initialization: 2722.04296875 MiB (Increase: 0.0 MiB)
Current lengths of episodes: [91]
Memory usage at done (index 0, length 91, since_prev 91): 2722.04296875 MiB (Increase: 0.0 MiB)
Memory usage before reset: 2722.04296875 MiB (Increase: 0.0 MiB)
Memory usage after reset: 2722.04296875 MiB (Increase: 0.0 MiB)
Current lengths of episodes: [112]
Memory usage at done (index 0, length 112, since_prev 112): 2722.04296875 MiB (Increase: 0.0 MiB)
Memory usage before reset: 2722.04296875 MiB (Increase: 0.0 MiB)
Memory usage after reset: 2722.04296875 MiB (Increase: 0.0 MiB)
Training episode 962
Memory usage at middle: 2722.04296875 MiB (Increase: 0.0 MiB)
Memory usage before collect: 2722.04296875 MiB (Increase: 0.0 MiB)
Memory usage after collect: 2722.04296875 MiB (Increase: 0.0 MiB)
Memory usage before initialization: 2722.04296875 MiB (Increase: 0.0 MiB)
Memory usage after initialization: 2722.04296875 MiB (Increase: 0.0 MiB)
Current lengths of episodes: [1600]
Memory usage at done (index 0, length 1600, since_prev 1600): 2722.04296875 MiB (Increase: 0.0 MiB)
Memory usage before reset: 2722.04296875 MiB (Increase: 0.0 MiB)
Memory usage after reset: 2722.04296875 MiB (Increase: 0.0 MiB)
Current lengths of episodes: [1600]
Memory usage at done (index 0, length 1600, since_prev 1600): 2722.04296875 MiB (Increase: 0.0 MiB)
Memory usage before reset: 2722.04296875 MiB (Increase: 0.0 MiB)
Memory usage after reset: 2722.04296875 MiB (Increase: 0.0 MiB)
Training episode 964
Memory usage at middle: 2722.04296875 MiB (Increase: 0.0 MiB)
Memory usage before collect: 2722.04296875 MiB (Increase: 0.0 MiB)
Memory usage after collect: 2722.04296875 MiB (Increase: 0.0 MiB)
Memory usage before initialization: 2722.04296875 MiB (Increase: 0.0 MiB)
Memory usage after initialization: 2722.04296875 MiB (Increase: 0.0 MiB)
Current lengths of episodes: [1600]
Memory usage at done (index 0, length 1600, since_prev 1600): 2722.04296875 MiB (Increase: 0.0 MiB)
Memory usage before reset: 2722.04296875 MiB (Increase: 0.0 MiB)
Memory usage after reset: 2722.04296875 MiB (Increase: 0.0 MiB)
Current lengths of episodes: [1600]
Memory usage at done (index 0, length 1600, since_prev 1600): 2722.04296875 MiB (Increase: 0.0 MiB)
Memory usage before reset: 2722.04296875 MiB (Increase: 0.0 MiB)
Memory usage after reset: 2722.04296875 MiB (Increase: 0.0 MiB)
Training episode 966
Memory usage at middle: 2722.04296875 MiB (Increase: 0.0 MiB)
Memory usage before collect: 2722.04296875 MiB (Increase: 0.0 MiB)
Memory usage after collect: 2722.04296875 MiB (Increase: 0.0 MiB)
Memory usage before initialization: 2722.04296875 MiB (Increase: 0.0 MiB)
Memory usage after initialization: 2722.04296875 MiB (Increase: 0.0 MiB)
Current lengths of episodes: [1600]
Memory usage at done (index 0, length 1600, since_prev 1600): 2722.04296875 MiB (Increase: 0.0 MiB)
Memory usage before reset: 2722.04296875 MiB (Increase: 0.0 MiB)
Memory usage after reset: 2722.04296875 MiB (Increase: 0.0 MiB)
Current lengths of episodes: [1600]
Memory usage at done (index 0, length 1600, since_prev 1600): 2722.04296875 MiB (Increase: 0.0 MiB)
Memory usage before reset: 2722.04296875 MiB (Increase: 0.0 MiB)
Memory usage after reset: 2722.04296875 MiB (Increase: 0.0 MiB)
Training episode 968
Memory usage at middle: 2722.04296875 MiB (Increase: 0.0 MiB)
Memory usage before collect: 2722.04296875 MiB (Increase: 0.0 MiB)
Memory usage after collect: 2722.04296875 MiB (Increase: 0.0 MiB)
Memory usage before initialization: 2722.04296875 MiB (Increase: 0.0 MiB)
Memory usage after initialization: 2722.04296875 MiB (Increase: 0.0 MiB)
Current lengths of episodes: [1600]
Memory usage at done (index 0, length 1600, since_prev 1600): 2722.04296875 MiB (Increase: 0.0 MiB)
Memory usage before reset: 2722.04296875 MiB (Increase: 0.0 MiB)
Memory usage after reset: 2722.04296875 MiB (Increase: 0.0 MiB)
Current lengths of episodes: [67]
Memory usage at done (index 0, length 67, since_prev 67): 2722.04296875 MiB (Increase: 0.0 MiB)
Memory usage before reset: 2722.04296875 MiB (Increase: 0.0 MiB)
Memory usage after reset: 2722.04296875 MiB (Increase: 0.0 MiB)
Training episode 970
Memory usage at middle: 2722.04296875 MiB (Increase: 0.0 MiB)
Memory usage before collect: 2722.04296875 MiB (Increase: 0.0 MiB)
Memory usage after collect: 2722.04296875 MiB (Increase: 0.0 MiB)
Memory usage before initialization: 2722.04296875 MiB (Increase: 0.0 MiB)
Memory usage after initialization: 2722.04296875 MiB (Increase: 0.0 MiB)
Current lengths of episodes: [1600]
Memory usage at done (index 0, length 1600, since_prev 1600): 2722.04296875 MiB (Increase: 0.0 MiB)
Memory usage before reset: 2722.04296875 MiB (Increase: 0.0 MiB)
Memory usage after reset: 2722.04296875 MiB (Increase: 0.0 MiB)
Current lengths of episodes: [1600]
Memory usage at done (index 0, length 1600, since_prev 1600): 2722.04296875 MiB (Increase: 0.0 MiB)
Memory usage before reset: 2722.04296875 MiB (Increase: 0.0 MiB)
Memory usage after reset: 2722.04296875 MiB (Increase: 0.0 MiB)
Training episode 972
Memory usage at middle: 2722.04296875 MiB (Increase: 0.0 MiB)
Memory usage before collect: 2722.04296875 MiB (Increase: 0.0 MiB)
Memory usage after collect: 2722.04296875 MiB (Increase: 0.0 MiB)
Memory usage before initialization: 2722.04296875 MiB (Increase: 0.0 MiB)
Memory usage after initialization: 2722.04296875 MiB (Increase: 0.0 MiB)
Current lengths of episodes: [1600]
Memory usage at done (index 0, length 1600, since_prev 1600): 2722.04296875 MiB (Increase: 0.0 MiB)
Memory usage before reset: 2722.04296875 MiB (Increase: 0.0 MiB)
Memory usage after reset: 2722.04296875 MiB (Increase: 0.0 MiB)
Current lengths of episodes: [63]
Memory usage at done (index 0, length 63, since_prev 63): 2722.04296875 MiB (Increase: 0.0 MiB)
Memory usage before reset: 2722.04296875 MiB (Increase: 0.0 MiB)
Memory usage after reset: 2722.04296875 MiB (Increase: 0.0 MiB)
Training episode 974
Memory usage at middle: 2722.04296875 MiB (Increase: 0.0 MiB)
Memory usage before collect: 2722.04296875 MiB (Increase: 0.0 MiB)
Memory usage after collect: 2722.04296875 MiB (Increase: 0.0 MiB)
Memory usage before initialization: 2722.04296875 MiB (Increase: 0.0 MiB)
Memory usage after initialization: 2722.04296875 MiB (Increase: 0.0 MiB)
Current lengths of episodes: [1600]
Memory usage at done (index 0, length 1600, since_prev 1600): 2722.04296875 MiB (Increase: 0.0 MiB)
Memory usage before reset: 2722.04296875 MiB (Increase: 0.0 MiB)
Memory usage after reset: 2722.04296875 MiB (Increase: 0.0 MiB)
Current lengths of episodes: [1600]
Memory usage at done (index 0, length 1600, since_prev 1600): 2722.04296875 MiB (Increase: 0.0 MiB)
Memory usage before reset: 2722.04296875 MiB (Increase: 0.0 MiB)
Memory usage after reset: 2722.04296875 MiB (Increase: 0.0 MiB)
Training episode 976
Memory usage at middle: 2722.04296875 MiB (Increase: 0.0 MiB)
Memory usage before collect: 2722.04296875 MiB (Increase: 0.0 MiB)
Memory usage after collect: 2722.04296875 MiB (Increase: 0.0 MiB)
Memory usage before initialization: 2722.04296875 MiB (Increase: 0.0 MiB)
Memory usage after initialization: 2722.04296875 MiB (Increase: 0.0 MiB)
Current lengths of episodes: [81]
Memory usage at done (index 0, length 81, since_prev 81): 2722.04296875 MiB (Increase: 0.0 MiB)
Memory usage before reset: 2722.04296875 MiB (Increase: 0.0 MiB)
Memory usage after reset: 2722.04296875 MiB (Increase: 0.0 MiB)
Current lengths of episodes: [65]
Memory usage at done (index 0, length 65, since_prev 65): 2722.04296875 MiB (Increase: 0.0 MiB)
Memory usage before reset: 2722.04296875 MiB (Increase: 0.0 MiB)
Memory usage after reset: 2722.04296875 MiB (Increase: 0.0 MiB)
Training episode 978
Memory usage at middle: 2722.04296875 MiB (Increase: 0.0 MiB)
Memory usage before collect: 2722.04296875 MiB (Increase: 0.0 MiB)
Memory usage after collect: 2722.04296875 MiB (Increase: 0.0 MiB)
Memory usage before initialization: 2722.04296875 MiB (Increase: 0.0 MiB)
Memory usage after initialization: 2722.04296875 MiB (Increase: 0.0 MiB)
Current lengths of episodes: [89]
Memory usage at done (index 0, length 89, since_prev 89): 2722.04296875 MiB (Increase: 0.0 MiB)
Memory usage before reset: 2722.04296875 MiB (Increase: 0.0 MiB)
Memory usage after reset: 2722.04296875 MiB (Increase: 0.0 MiB)
Current lengths of episodes: [1600]
Memory usage at done (index 0, length 1600, since_prev 1600): 2722.04296875 MiB (Increase: 0.0 MiB)
Memory usage before reset: 2722.04296875 MiB (Increase: 0.0 MiB)
Memory usage after reset: 2722.04296875 MiB (Increase: 0.0 MiB)
Training episode 980
Memory usage at middle: 2722.04296875 MiB (Increase: 0.0 MiB)
Memory usage before collect: 2722.04296875 MiB (Increase: 0.0 MiB)
Memory usage after collect: 2722.04296875 MiB (Increase: 0.0 MiB)
Memory usage before initialization: 2722.04296875 MiB (Increase: 0.0 MiB)
Memory usage after initialization: 2722.04296875 MiB (Increase: 0.0 MiB)
Current lengths of episodes: [1600]
Memory usage at done (index 0, length 1600, since_prev 1600): 2722.04296875 MiB (Increase: 0.0 MiB)
Memory usage before reset: 2722.04296875 MiB (Increase: 0.0 MiB)
Memory usage after reset: 2722.04296875 MiB (Increase: 0.0 MiB)
Current lengths of episodes: [1600]
Memory usage at done (index 0, length 1600, since_prev 1600): 2722.04296875 MiB (Increase: 0.0 MiB)
Memory usage before reset: 2722.04296875 MiB (Increase: 0.0 MiB)
Memory usage after reset: 2722.04296875 MiB (Increase: 0.0 MiB)
Training episode 982
Memory usage at middle: 2722.04296875 MiB (Increase: 0.0 MiB)
Memory usage before collect: 2722.04296875 MiB (Increase: 0.0 MiB)
Memory usage after collect: 2722.04296875 MiB (Increase: 0.0 MiB)
Memory usage before initialization: 2722.04296875 MiB (Increase: 0.0 MiB)
Memory usage after initialization: 2722.04296875 MiB (Increase: 0.0 MiB)
Current lengths of episodes: [110]
Memory usage at done (index 0, length 110, since_prev 110): 2722.04296875 MiB (Increase: 0.0 MiB)
Memory usage before reset: 2722.04296875 MiB (Increase: 0.0 MiB)
Memory usage after reset: 2722.04296875 MiB (Increase: 0.0 MiB)
Current lengths of episodes: [56]
Memory usage at done (index 0, length 56, since_prev 56): 2722.04296875 MiB (Increase: 0.0 MiB)
Memory usage before reset: 2722.04296875 MiB (Increase: 0.0 MiB)
Memory usage after reset: 2722.04296875 MiB (Increase: 0.0 MiB)
Training episode 984
Memory usage at middle: 2722.04296875 MiB (Increase: 0.0 MiB)
Memory usage before collect: 2722.04296875 MiB (Increase: 0.0 MiB)
Memory usage after collect: 2722.04296875 MiB (Increase: 0.0 MiB)
Memory usage before initialization: 2722.04296875 MiB (Increase: 0.0 MiB)
Memory usage after initialization: 2722.04296875 MiB (Increase: 0.0 MiB)
Current lengths of episodes: [1600]
Memory usage at done (index 0, length 1600, since_prev 1600): 2722.04296875 MiB (Increase: 0.0 MiB)
Memory usage before reset: 2722.04296875 MiB (Increase: 0.0 MiB)
Memory usage after reset: 2722.04296875 MiB (Increase: 0.0 MiB)
Current lengths of episodes: [109]
Memory usage at done (index 0, length 109, since_prev 109): 2722.04296875 MiB (Increase: 0.0 MiB)
Memory usage before reset: 2722.04296875 MiB (Increase: 0.0 MiB)
Memory usage after reset: 2722.04296875 MiB (Increase: 0.0 MiB)
Training episode 986
Memory usage at middle: 2722.04296875 MiB (Increase: 0.0 MiB)
Memory usage before collect: 2722.04296875 MiB (Increase: 0.0 MiB)
Memory usage after collect: 2722.04296875 MiB (Increase: 0.0 MiB)
Memory usage before initialization: 2722.04296875 MiB (Increase: 0.0 MiB)
Memory usage after initialization: 2722.04296875 MiB (Increase: 0.0 MiB)
Current lengths of episodes: [51]
Memory usage at done (index 0, length 51, since_prev 51): 2722.04296875 MiB (Increase: 0.0 MiB)
Memory usage before reset: 2722.04296875 MiB (Increase: 0.0 MiB)
Memory usage after reset: 2722.04296875 MiB (Increase: 0.0 MiB)
Current lengths of episodes: [60]
Memory usage at done (index 0, length 60, since_prev 60): 2722.04296875 MiB (Increase: 0.0 MiB)
Memory usage before reset: 2722.04296875 MiB (Increase: 0.0 MiB)
Memory usage after reset: 2722.04296875 MiB (Increase: 0.0 MiB)
Training episode 988
Memory usage at middle: 2722.04296875 MiB (Increase: 0.0 MiB)
Memory usage before collect: 2722.04296875 MiB (Increase: 0.0 MiB)
Memory usage after collect: 2722.04296875 MiB (Increase: 0.0 MiB)
Memory usage before initialization: 2722.04296875 MiB (Increase: 0.0 MiB)
Memory usage after initialization: 2722.04296875 MiB (Increase: 0.0 MiB)
Current lengths of episodes: [72]
Memory usage at done (index 0, length 72, since_prev 72): 2722.04296875 MiB (Increase: 0.0 MiB)
Memory usage before reset: 2722.04296875 MiB (Increase: 0.0 MiB)
Memory usage after reset: 2722.04296875 MiB (Increase: 0.0 MiB)
Current lengths of episodes: [1600]
Memory usage at done (index 0, length 1600, since_prev 1600): 2722.04296875 MiB (Increase: 0.0 MiB)
Memory usage before reset: 2722.04296875 MiB (Increase: 0.0 MiB)
Memory usage after reset: 2722.04296875 MiB (Increase: 0.0 MiB)
Training episode 990
Memory usage at middle: 2722.04296875 MiB (Increase: 0.0 MiB)
Memory usage before collect: 2722.04296875 MiB (Increase: 0.0 MiB)
Memory usage after collect: 2722.04296875 MiB (Increase: 0.0 MiB)
Memory usage before initialization: 2722.04296875 MiB (Increase: 0.0 MiB)
Memory usage after initialization: 2722.04296875 MiB (Increase: 0.0 MiB)
Current lengths of episodes: [1600]
Memory usage at done (index 0, length 1600, since_prev 1600): 2722.04296875 MiB (Increase: 0.0 MiB)
Memory usage before reset: 2722.04296875 MiB (Increase: 0.0 MiB)
Memory usage after reset: 2722.04296875 MiB (Increase: 0.0 MiB)
Current lengths of episodes: [1600]
Memory usage at done (index 0, length 1600, since_prev 1600): 2722.04296875 MiB (Increase: 0.0 MiB)
Memory usage before reset: 2722.04296875 MiB (Increase: 0.0 MiB)
Memory usage after reset: 2722.04296875 MiB (Increase: 0.0 MiB)
Training episode 992
Memory usage at middle: 2722.04296875 MiB (Increase: 0.0 MiB)
Memory usage before collect: 2722.04296875 MiB (Increase: 0.0 MiB)
Memory usage after collect: 2722.04296875 MiB (Increase: 0.0 MiB)
Memory usage before initialization: 2722.04296875 MiB (Increase: 0.0 MiB)
Memory usage after initialization: 2722.04296875 MiB (Increase: 0.0 MiB)
Current lengths of episodes: [1600]
Memory usage at done (index 0, length 1600, since_prev 1600): 2722.04296875 MiB (Increase: 0.0 MiB)
Memory usage before reset: 2722.04296875 MiB (Increase: 0.0 MiB)
Memory usage after reset: 2722.04296875 MiB (Increase: 0.0 MiB)
Current lengths of episodes: [1600]
Memory usage at done (index 0, length 1600, since_prev 1600): 2722.04296875 MiB (Increase: 0.0 MiB)
Memory usage before reset: 2722.04296875 MiB (Increase: 0.0 MiB)
Memory usage after reset: 2722.04296875 MiB (Increase: 0.0 MiB)
Training episode 994
Memory usage at middle: 2722.04296875 MiB (Increase: 0.0 MiB)
Memory usage before collect: 2722.04296875 MiB (Increase: 0.0 MiB)
Memory usage after collect: 2722.04296875 MiB (Increase: 0.0 MiB)
Memory usage before initialization: 2722.04296875 MiB (Increase: 0.0 MiB)
Memory usage after initialization: 2722.04296875 MiB (Increase: 0.0 MiB)
Current lengths of episodes: [53]
Memory usage at done (index 0, length 53, since_prev 53): 2722.04296875 MiB (Increase: 0.0 MiB)
Memory usage before reset: 2722.04296875 MiB (Increase: 0.0 MiB)
Memory usage after reset: 2722.04296875 MiB (Increase: 0.0 MiB)
Current lengths of episodes: [68]
Memory usage at done (index 0, length 68, since_prev 68): 2722.04296875 MiB (Increase: 0.0 MiB)
Memory usage before reset: 2722.04296875 MiB (Increase: 0.0 MiB)
Memory usage after reset: 2722.04296875 MiB (Increase: 0.0 MiB)
Training episode 996
Memory usage at middle: 2722.04296875 MiB (Increase: 0.0 MiB)
Memory usage before collect: 2722.04296875 MiB (Increase: 0.0 MiB)
Memory usage after collect: 2722.04296875 MiB (Increase: 0.0 MiB)
Memory usage before initialization: 2722.04296875 MiB (Increase: 0.0 MiB)
Memory usage after initialization: 2722.04296875 MiB (Increase: 0.0 MiB)
Current lengths of episodes: [63]
Memory usage at done (index 0, length 63, since_prev 63): 2722.04296875 MiB (Increase: 0.0 MiB)
Memory usage before reset: 2722.04296875 MiB (Increase: 0.0 MiB)
Memory usage after reset: 2722.04296875 MiB (Increase: 0.0 MiB)
Current lengths of episodes: [1600]
Memory usage at done (index 0, length 1600, since_prev 1600): 2722.04296875 MiB (Increase: 0.0 MiB)
Memory usage before reset: 2722.04296875 MiB (Increase: 0.0 MiB)
Memory usage after reset: 2722.04296875 MiB (Increase: 0.0 MiB)
Training episode 998
Memory usage at middle: 2722.04296875 MiB (Increase: 0.0 MiB)
Memory usage before collect: 2722.04296875 MiB (Increase: 0.0 MiB)
Memory usage after collect: 2722.04296875 MiB (Increase: 0.0 MiB)
Memory usage before initialization: 2722.04296875 MiB (Increase: 0.0 MiB)
Memory usage after initialization: 2722.04296875 MiB (Increase: 0.0 MiB)
Current lengths of episodes: [1600]
Memory usage at done (index 0, length 1600, since_prev 1600): 2722.04296875 MiB (Increase: 0.0 MiB)
Memory usage before reset: 2722.04296875 MiB (Increase: 0.0 MiB)
Memory usage after reset: 2722.04296875 MiB (Increase: 0.0 MiB)
Current lengths of episodes: [1600]
Memory usage at done (index 0, length 1600, since_prev 1600): 2722.04296875 MiB (Increase: 0.0 MiB)
Memory usage before reset: 2722.04296875 MiB (Increase: 0.0 MiB)
Memory usage after reset: 2722.04296875 MiB (Increase: 0.0 MiB)
Training episode 1000
Memory usage at middle: 2722.04296875 MiB (Increase: 0.0 MiB)
Memory usage before collect: 2722.04296875 MiB (Increase: 0.0 MiB)
Memory usage after collect: 2722.04296875 MiB (Increase: 0.0 MiB)
Episode 1000	Average evaluation: -22.522553116361415
Current best exp_BW_validation:  -21.19579592263612  reached at episode  600 .
Memory usage at end: 2722.04296875 MiB (Increase: 0.0 MiB)
Memory used by function: 2335.90625 MiB
Best average after 600 episodes: -21.19579592263612
Training took 10589.377943277359 seconds

###############################################################################
Hábrók Cluster
Job 9076342 for user s3512290
Finished at: Mon May 20 02:13:43 CEST 2024

Job details:
============

Job ID              : 9076342
Name                : batchBWtest.sh
User                : s3512290
Partition           : regularmedium
Nodes               : node94
Number of Nodes     : 1
Cores               : 1
Number of Tasks     : 1
State               : RUNNING
Submit              : 2024-05-19T23:13:30
Start               : 2024-05-19T23:16:47
End                 : --
Reserved walltime   : 12:00:00
Used walltime       : 02:56:56
Used CPU time       : --
% User (Computation): --
% System (I/O)      : --
Mem reserved        : 10000M
Max Mem (Node/step) : 0.00  (Node unknown, N/A)
Full Max Mem usage  : 0.00  (Until last completed step)
Total Disk Read     : 0.00  (Until last completed step)
Total Disk Write    : 0.00  (Until last completed step)

Acknowledgements:
=================

Please see this page for information about acknowledging Hábrók in your publications:

https://wiki.hpc.rug.nl/habrok/introduction/scientific_output

################################################################################
