The following modules were not unloaded:
  (Use "module --force purge" to unload all):

  1) 2023.01   2) StdEnv
Created Directory Master_Thesis_Code/BP_A2C/bipedal_walker/exploration/BP_RNN_a2c_result_9999_2024519_entropycoef_0.0001_valuepredcoef_0.0001_learningrate_1e-05_numtrainepisodes_1000_selectionmethod_exp_BW_validation_trainingmethod_original_numneurons_96 to store the results in
Run # 0
WARNING: Batch size larger than 1 not implemented yet for all training algorithms.
Section 1 out of 1 sections
GPU is not available
Memory usage at start: 385.15625 MiB
/home3/s3512290/venvs/LTC/lib/python3.8/site-packages/gym/logger.py:30: UserWarning: [33mWARN: Box bound precision lowered by casting to float32[0m
  warnings.warn(colorize('%s: %s'%('WARN', msg % args), 'yellow'))
Memory usage before initialization: 386.4609375 MiB (Increase: 1.3046875 MiB)
Memory usage after initialization: 386.52734375 MiB (Increase: 0.06640625 MiB)
Current lengths of episodes: [74, 74, 74, 73, 73]
New longest episode length: 74, previous longest: 0
Memory usage at done (index 2, length 74, since_prev 73): 486.4609375 MiB (Increase: 99.93359375 MiB)
Memory usage before reset: 486.4609375 MiB (Increase: 0.0 MiB)
Memory usage after reset: 486.61328125 MiB (Increase: 0.15234375 MiB)
Current lengths of episodes: [98, 98, 24, 98, 98]
New longest episode length: 98, previous longest: 74
Memory usage at done (index 4, length 98, since_prev 24): 515.8359375 MiB (Increase: 29.22265625 MiB)
Memory usage before reset: 515.8359375 MiB (Increase: 0.0 MiB)
Memory usage after reset: 516.0390625 MiB (Increase: 0.203125 MiB)
Current lengths of episodes: [153, 153, 78, 152, 54]
New longest episode length: 153, previous longest: 98
Memory usage at done (index 1, length 153, since_prev 55): 582.78515625 MiB (Increase: 66.74609375 MiB)
Memory usage before reset: 582.78515625 MiB (Increase: 0.0 MiB)
Memory usage after reset: 582.78515625 MiB (Increase: 0.0 MiB)
Current lengths of episodes: [162, 9, 88, 161, 63]
Memory usage at done (index 2, length 88, since_prev 9): 593.8828125 MiB (Increase: 11.09765625 MiB)
Memory usage before reset: 593.8828125 MiB (Increase: 0.0 MiB)
Memory usage after reset: 594.078125 MiB (Increase: 0.1953125 MiB)
Current lengths of episodes: [227, 74, 64, 226, 128]
Memory usage at done (index 1, length 74, since_prev 65): 672.890625 MiB (Increase: 78.8125 MiB)
Memory usage before reset: 672.890625 MiB (Increase: 0.0 MiB)
Memory usage after reset: 672.890625 MiB (Increase: 0.0 MiB)
Training episode 5
Memory usage at middle: 672.890625 MiB (Increase: 0.0 MiB)
Memory usage before collect: 677.14453125 MiB (Increase: 4.25390625 MiB)
Memory usage after collect: 677.14453125 MiB (Increase: 0.0 MiB)
Memory usage before initialization: 677.14453125 MiB (Increase: 0.0 MiB)
Memory usage after initialization: 677.14453125 MiB (Increase: 0.0 MiB)
Current lengths of episodes: [75, 74, 74, 74, 74]
Memory usage at done (index 0, length 75, since_prev 75): 756.91015625 MiB (Increase: 79.765625 MiB)
Memory usage before reset: 756.91015625 MiB (Increase: 0.0 MiB)
Memory usage after reset: 756.91015625 MiB (Increase: 0.0 MiB)
Current lengths of episodes: [12, 87, 86, 86, 86]
Memory usage at done (index 1, length 87, since_prev 12): 771.07421875 MiB (Increase: 14.1640625 MiB)
Memory usage before reset: 771.07421875 MiB (Increase: 0.0 MiB)
Memory usage after reset: 771.07421875 MiB (Increase: 0.0 MiB)
Current lengths of episodes: [42, 30, 117, 116, 116]
Memory usage at done (index 2, length 117, since_prev 30): 807.640625 MiB (Increase: 36.56640625 MiB)
Memory usage before reset: 807.640625 MiB (Increase: 0.0 MiB)
Memory usage after reset: 807.640625 MiB (Increase: 0.0 MiB)
Current lengths of episodes: [58, 46, 16, 133, 132]
Memory usage at done (index 3, length 133, since_prev 16): 827.23828125 MiB (Increase: 19.59765625 MiB)
Memory usage before reset: 827.23828125 MiB (Increase: 0.0 MiB)
Memory usage after reset: 827.43359375 MiB (Increase: 0.1953125 MiB)
Current lengths of episodes: [72, 59, 29, 13, 146]
Memory usage at done (index 0, length 72, since_prev 14): 844.40625 MiB (Increase: 16.97265625 MiB)
Memory usage before reset: 844.40625 MiB (Increase: 0.0 MiB)
Memory usage after reset: 844.40625 MiB (Increase: 0.0 MiB)
Training episode 10
Memory usage at middle: 844.40625 MiB (Increase: 0.0 MiB)
Memory usage before collect: 844.72265625 MiB (Increase: 0.31640625 MiB)
Memory usage after collect: 844.72265625 MiB (Increase: 0.0 MiB)
Memory usage before initialization: 844.72265625 MiB (Increase: 0.0 MiB)
Memory usage after initialization: 844.72265625 MiB (Increase: 0.0 MiB)
Current lengths of episodes: [1600, 1599, 1599, 1599, 1599]
New longest episode length: 1600, previous longest: 153
Memory usage at done (index 0, length 1600, since_prev 1600): 2535.39453125 MiB (Increase: 1690.671875 MiB)
Memory usage before reset: 2535.39453125 MiB (Increase: 0.0 MiB)
Memory usage after reset: 2535.55859375 MiB (Increase: 0.1640625 MiB)
Current lengths of episodes: [0, 1600, 1599, 1599, 1599]
Memory usage at done (index 1, length 1600, since_prev 0): 2535.55859375 MiB (Increase: 0.0 MiB)
Memory usage before reset: 2535.55859375 MiB (Increase: 0.0 MiB)
Memory usage after reset: 2535.55859375 MiB (Increase: 0.0 MiB)
Current lengths of episodes: [0, 0, 1600, 1599, 1599]
Memory usage at done (index 2, length 1600, since_prev 0): 2535.55859375 MiB (Increase: 0.0 MiB)
Memory usage before reset: 2535.55859375 MiB (Increase: 0.0 MiB)
Memory usage after reset: 2535.55859375 MiB (Increase: 0.0 MiB)
Current lengths of episodes: [0, 0, 0, 1600, 1599]
Memory usage at done (index 3, length 1600, since_prev 0): 2535.55859375 MiB (Increase: 0.0 MiB)
Memory usage before reset: 2535.55859375 MiB (Increase: 0.0 MiB)
Memory usage after reset: 2535.59375 MiB (Increase: 0.03515625 MiB)
Current lengths of episodes: [0, 0, 0, 0, 1600]
Memory usage at done (index 4, length 1600, since_prev 0): 2535.59375 MiB (Increase: 0.0 MiB)
Memory usage before reset: 2535.59375 MiB (Increase: 0.0 MiB)
Memory usage after reset: 2535.80859375 MiB (Increase: 0.21484375 MiB)
Training episode 15
Memory usage at middle: 2535.80859375 MiB (Increase: 0.0 MiB)
Memory usage before collect: 2536.1015625 MiB (Increase: 0.29296875 MiB)
Memory usage after collect: 2536.1015625 MiB (Increase: 0.0 MiB)
Memory usage before initialization: 2536.1015625 MiB (Increase: 0.0 MiB)
Memory usage after initialization: 2536.1015625 MiB (Increase: 0.0 MiB)
Current lengths of episodes: [52, 52, 51, 51, 51]
Memory usage at done (index 1, length 52, since_prev 52): 2536.1171875 MiB (Increase: 0.015625 MiB)
Memory usage before reset: 2536.1171875 MiB (Increase: 0.0 MiB)
Memory usage after reset: 2536.1171875 MiB (Increase: 0.0 MiB)
Current lengths of episodes: [108, 55, 107, 107, 107]
Memory usage at done (index 0, length 108, since_prev 56): 2536.2421875 MiB (Increase: 0.125 MiB)
Memory usage before reset: 2536.2421875 MiB (Increase: 0.0 MiB)
Memory usage after reset: 2536.2421875 MiB (Increase: 0.0 MiB)
Current lengths of episodes: [72, 127, 179, 179, 179]
Memory usage at done (index 0, length 72, since_prev 72): 2544.625 MiB (Increase: 8.3828125 MiB)
Memory usage before reset: 2544.625 MiB (Increase: 0.0 MiB)
Memory usage after reset: 2544.625 MiB (Increase: 0.0 MiB)
Current lengths of episodes: [3, 131, 182, 182, 182]
Memory usage at done (index 1, length 131, since_prev 3): 2548.4453125 MiB (Increase: 3.8203125 MiB)
Memory usage before reset: 2548.4453125 MiB (Increase: 0.0 MiB)
Memory usage after reset: 2548.4453125 MiB (Increase: 0.0 MiB)
Current lengths of episodes: [83, 80, 262, 262, 262]
Memory usage at done (index 1, length 80, since_prev 80): 2645.6640625 MiB (Increase: 97.21875 MiB)
Memory usage before reset: 2645.6640625 MiB (Increase: 0.0 MiB)
Memory usage after reset: 2645.859375 MiB (Increase: 0.1953125 MiB)
Training episode 20
Memory usage at middle: 2645.859375 MiB (Increase: 0.0 MiB)
Memory usage before collect: 2645.98046875 MiB (Increase: 0.12109375 MiB)
Memory usage after collect: 2645.98046875 MiB (Increase: 0.0 MiB)
Memory usage before initialization: 2645.98046875 MiB (Increase: 0.0 MiB)
Memory usage after initialization: 2645.98046875 MiB (Increase: 0.0 MiB)
Current lengths of episodes: [63, 62, 62, 62, 62]
Memory usage at done (index 0, length 63, since_prev 63): 2645.98046875 MiB (Increase: 0.0 MiB)
Memory usage before reset: 2645.98046875 MiB (Increase: 0.0 MiB)
Memory usage after reset: 2645.98046875 MiB (Increase: 0.0 MiB)
Current lengths of episodes: [45, 108, 108, 108, 108]
Memory usage at done (index 4, length 108, since_prev 45): 2645.98046875 MiB (Increase: 0.0 MiB)
Memory usage before reset: 2645.98046875 MiB (Increase: 0.0 MiB)
Memory usage after reset: 2645.98046875 MiB (Increase: 0.0 MiB)
Current lengths of episodes: [49, 112, 111, 111, 3]
Memory usage at done (index 1, length 112, since_prev 4): 2645.98046875 MiB (Increase: 0.0 MiB)
Memory usage before reset: 2645.98046875 MiB (Increase: 0.0 MiB)
Memory usage after reset: 2645.98046875 MiB (Increase: 0.0 MiB)
Current lengths of episodes: [123, 74, 185, 185, 77]
Memory usage at done (index 1, length 74, since_prev 74): 2645.98046875 MiB (Increase: 0.0 MiB)
Memory usage before reset: 2645.98046875 MiB (Increase: 0.0 MiB)
Memory usage after reset: 2645.98046875 MiB (Increase: 0.0 MiB)
Current lengths of episodes: [183, 60, 245, 245, 137]
Memory usage at done (index 1, length 60, since_prev 60): 2645.98046875 MiB (Increase: 0.0 MiB)
Memory usage before reset: 2645.98046875 MiB (Increase: 0.0 MiB)
Memory usage after reset: 2645.98046875 MiB (Increase: 0.0 MiB)
Training episode 25
Memory usage at middle: 2645.98046875 MiB (Increase: 0.0 MiB)
Memory usage before collect: 2645.98046875 MiB (Increase: 0.0 MiB)
Memory usage after collect: 2645.98046875 MiB (Increase: 0.0 MiB)
Memory usage before initialization: 2645.98046875 MiB (Increase: 0.0 MiB)
Memory usage after initialization: 2645.98046875 MiB (Increase: 0.0 MiB)
Current lengths of episodes: [49, 49, 49, 49, 49]
Memory usage at done (index 4, length 49, since_prev 49): 2645.98046875 MiB (Increase: 0.0 MiB)
Memory usage before reset: 2645.98046875 MiB (Increase: 0.0 MiB)
Memory usage after reset: 2645.98046875 MiB (Increase: 0.0 MiB)
Current lengths of episodes: [52, 52, 52, 52, 2]
Memory usage at done (index 3, length 52, since_prev 3): 2645.98046875 MiB (Increase: 0.0 MiB)
Memory usage before reset: 2645.98046875 MiB (Increase: 0.0 MiB)
Memory usage after reset: 2645.98046875 MiB (Increase: 0.0 MiB)
Current lengths of episodes: [75, 74, 74, 22, 25]
Memory usage at done (index 0, length 75, since_prev 23): 2645.98046875 MiB (Increase: 0.0 MiB)
Memory usage before reset: 2645.98046875 MiB (Increase: 0.0 MiB)
Memory usage after reset: 2645.98046875 MiB (Increase: 0.0 MiB)
Current lengths of episodes: [45, 120, 120, 68, 71]
Memory usage at done (index 4, length 71, since_prev 45): 2645.98046875 MiB (Increase: 0.0 MiB)
Memory usage before reset: 2645.98046875 MiB (Increase: 0.0 MiB)
Memory usage after reset: 2645.98046875 MiB (Increase: 0.0 MiB)
Current lengths of episodes: [106, 181, 181, 129, 60]
Memory usage at done (index 3, length 129, since_prev 61): 2645.98046875 MiB (Increase: 0.0 MiB)
Memory usage before reset: 2645.98046875 MiB (Increase: 0.0 MiB)
Memory usage after reset: 2645.98046875 MiB (Increase: 0.0 MiB)
Training episode 30
Memory usage at middle: 2645.98046875 MiB (Increase: 0.0 MiB)
Memory usage before collect: 2645.98046875 MiB (Increase: 0.0 MiB)
Memory usage after collect: 2645.98046875 MiB (Increase: 0.0 MiB)
Memory usage before initialization: 2645.98046875 MiB (Increase: 0.0 MiB)
Memory usage after initialization: 2645.98046875 MiB (Increase: 0.0 MiB)
Current lengths of episodes: [56, 56, 56, 56, 56]
Memory usage at done (index 4, length 56, since_prev 56): 2645.98046875 MiB (Increase: 0.0 MiB)
Memory usage before reset: 2645.98046875 MiB (Increase: 0.0 MiB)
Memory usage after reset: 2645.98046875 MiB (Increase: 0.0 MiB)
Current lengths of episodes: [68, 67, 67, 67, 11]
Memory usage at done (index 0, length 68, since_prev 12): 2645.98046875 MiB (Increase: 0.0 MiB)
Memory usage before reset: 2645.98046875 MiB (Increase: 0.0 MiB)
Memory usage after reset: 2645.98046875 MiB (Increase: 0.0 MiB)
Current lengths of episodes: [116, 184, 184, 184, 128]
Memory usage at done (index 4, length 128, since_prev 116): 2645.98046875 MiB (Increase: 0.0 MiB)
Memory usage before reset: 2645.98046875 MiB (Increase: 0.0 MiB)
Memory usage after reset: 2645.98046875 MiB (Increase: 0.0 MiB)
Current lengths of episodes: [194, 262, 262, 262, 78]
Memory usage at done (index 4, length 78, since_prev 78): 2645.98046875 MiB (Increase: 0.0 MiB)
Memory usage before reset: 2645.98046875 MiB (Increase: 0.0 MiB)
Memory usage after reset: 2645.98046875 MiB (Increase: 0.0 MiB)
Current lengths of episodes: [1532, 1600, 1599, 1599, 1337]
Memory usage at done (index 1, length 1600, since_prev 1338): 2645.98046875 MiB (Increase: 0.0 MiB)
Memory usage before reset: 2645.98046875 MiB (Increase: 0.0 MiB)
Memory usage after reset: 2645.98046875 MiB (Increase: 0.0 MiB)
Training episode 35
Memory usage at middle: 2645.98046875 MiB (Increase: 0.0 MiB)
Memory usage before collect: 2645.98046875 MiB (Increase: 0.0 MiB)
Memory usage after collect: 2645.98046875 MiB (Increase: 0.0 MiB)
Memory usage before initialization: 2645.98046875 MiB (Increase: 0.0 MiB)
Memory usage after initialization: 2645.98046875 MiB (Increase: 0.0 MiB)
Current lengths of episodes: [674, 674, 674, 674, 673]
Memory usage at done (index 3, length 674, since_prev 674): 3089.2109375 MiB (Increase: 443.23046875 MiB)
Memory usage before reset: 3089.2109375 MiB (Increase: 0.0 MiB)
Memory usage after reset: 3089.2109375 MiB (Increase: 0.0 MiB)
Current lengths of episodes: [1600, 1599, 1599, 925, 1599]
Memory usage at done (index 0, length 1600, since_prev 926): 4212.5234375 MiB (Increase: 1123.3125 MiB)
Memory usage before reset: 4212.5234375 MiB (Increase: 0.0 MiB)
Memory usage after reset: 4212.5234375 MiB (Increase: 0.0 MiB)
Current lengths of episodes: [0, 1600, 1599, 925, 1599]
Memory usage at done (index 1, length 1600, since_prev 0): 4212.5234375 MiB (Increase: 0.0 MiB)
Memory usage before reset: 4212.5234375 MiB (Increase: 0.0 MiB)
Memory usage after reset: 4212.72265625 MiB (Increase: 0.19921875 MiB)
Current lengths of episodes: [0, 0, 1600, 925, 1599]
Memory usage at done (index 2, length 1600, since_prev 0): 4212.72265625 MiB (Increase: 0.0 MiB)
Memory usage before reset: 4212.72265625 MiB (Increase: 0.0 MiB)
Memory usage after reset: 4212.9453125 MiB (Increase: 0.22265625 MiB)
Current lengths of episodes: [0, 0, 0, 926, 1600]
Memory usage at done (index 4, length 1600, since_prev 0): 4212.9453125 MiB (Increase: 0.0 MiB)
Memory usage before reset: 4212.9453125 MiB (Increase: 0.0 MiB)
Memory usage after reset: 4213.16796875 MiB (Increase: 0.22265625 MiB)
Training episode 40
Memory usage at middle: 4213.16796875 MiB (Increase: 0.0 MiB)
Memory usage before collect: 4213.41015625 MiB (Increase: 0.2421875 MiB)
Memory usage after collect: 4213.41015625 MiB (Increase: 0.0 MiB)
Memory usage before initialization: 4213.41015625 MiB (Increase: 0.0 MiB)
Memory usage after initialization: 4213.41015625 MiB (Increase: 0.0 MiB)
Current lengths of episodes: [89, 89, 89, 89, 89]
Memory usage at done (index 4, length 89, since_prev 89): 4213.42578125 MiB (Increase: 0.015625 MiB)
Memory usage before reset: 4213.42578125 MiB (Increase: 0.0 MiB)
Memory usage after reset: 4213.42578125 MiB (Increase: 0.0 MiB)
Current lengths of episodes: [95, 95, 94, 94, 5]
Memory usage at done (index 1, length 95, since_prev 6): 4213.42578125 MiB (Increase: 0.0 MiB)
Memory usage before reset: 4213.42578125 MiB (Increase: 0.0 MiB)
Memory usage after reset: 4213.42578125 MiB (Increase: 0.0 MiB)
Current lengths of episodes: [1600, 1504, 1599, 1599, 1510]
Memory usage at done (index 0, length 1600, since_prev 1505): 4309.5390625 MiB (Increase: 96.11328125 MiB)
Memory usage before reset: 4309.5390625 MiB (Increase: 0.0 MiB)
Memory usage after reset: 4309.6796875 MiB (Increase: 0.140625 MiB)
Current lengths of episodes: [0, 1505, 1600, 1599, 1510]
Memory usage at done (index 2, length 1600, since_prev 0): 4309.6796875 MiB (Increase: 0.0 MiB)
Memory usage before reset: 4309.6796875 MiB (Increase: 0.0 MiB)
Memory usage after reset: 4309.6796875 MiB (Increase: 0.0 MiB)
Current lengths of episodes: [0, 1505, 0, 1600, 1510]
Memory usage at done (index 3, length 1600, since_prev 0): 4309.6796875 MiB (Increase: 0.0 MiB)
Memory usage before reset: 4309.6796875 MiB (Increase: 0.0 MiB)
Memory usage after reset: 4309.9375 MiB (Increase: 0.2578125 MiB)
Training episode 45
Memory usage at middle: 4309.9375 MiB (Increase: 0.0 MiB)
Memory usage before collect: 4310.234375 MiB (Increase: 0.296875 MiB)
Memory usage after collect: 4310.234375 MiB (Increase: 0.0 MiB)
Memory usage before initialization: 4310.234375 MiB (Increase: 0.0 MiB)
Memory usage after initialization: 4310.234375 MiB (Increase: 0.0 MiB)
Current lengths of episodes: [61, 61, 61, 60, 60]
Memory usage at done (index 2, length 61, since_prev 61): 4310.234375 MiB (Increase: 0.0 MiB)
Memory usage before reset: 4310.234375 MiB (Increase: 0.0 MiB)
Memory usage after reset: 4310.234375 MiB (Increase: 0.0 MiB)
Current lengths of episodes: [82, 82, 21, 82, 81]
Memory usage at done (index 3, length 82, since_prev 21): 4310.234375 MiB (Increase: 0.0 MiB)
Memory usage before reset: 4310.234375 MiB (Increase: 0.0 MiB)
Memory usage after reset: 4310.234375 MiB (Increase: 0.0 MiB)
Current lengths of episodes: [91, 91, 30, 9, 91]
Memory usage at done (index 4, length 91, since_prev 9): 4310.234375 MiB (Increase: 0.0 MiB)
Memory usage before reset: 4310.234375 MiB (Increase: 0.0 MiB)
Memory usage after reset: 4310.234375 MiB (Increase: 0.0 MiB)
Current lengths of episodes: [251, 251, 190, 168, 159]
Memory usage at done (index 2, length 190, since_prev 160): 4310.234375 MiB (Increase: 0.0 MiB)
Memory usage before reset: 4310.234375 MiB (Increase: 0.0 MiB)
Memory usage after reset: 4310.234375 MiB (Increase: 0.0 MiB)
Current lengths of episodes: [878, 878, 627, 795, 786]
Memory usage at done (index 2, length 627, since_prev 627): 4310.234375 MiB (Increase: 0.0 MiB)
Memory usage before reset: 4310.234375 MiB (Increase: 0.0 MiB)
Memory usage after reset: 4310.234375 MiB (Increase: 0.0 MiB)
Training episode 50
Memory usage at middle: 4310.234375 MiB (Increase: 0.0 MiB)
Memory usage before collect: 4310.234375 MiB (Increase: 0.0 MiB)
Memory usage after collect: 4310.234375 MiB (Increase: 0.0 MiB)
Episode 50	Average evaluation: -98.2266877481571
Memory usage before initialization: 4310.234375 MiB (Increase: 0.0 MiB)
Memory usage after initialization: 4310.234375 MiB (Increase: 0.0 MiB)
Current lengths of episodes: [55, 55, 55, 55, 54]
Memory usage at done (index 3, length 55, since_prev 55): 4310.234375 MiB (Increase: 0.0 MiB)
Memory usage before reset: 4310.234375 MiB (Increase: 0.0 MiB)
Memory usage after reset: 4310.234375 MiB (Increase: 0.0 MiB)
Current lengths of episodes: [58, 58, 57, 2, 57]
Memory usage at done (index 1, length 58, since_prev 3): 4310.234375 MiB (Increase: 0.0 MiB)
Memory usage before reset: 4310.234375 MiB (Increase: 0.0 MiB)
Memory usage after reset: 4310.234375 MiB (Increase: 0.0 MiB)
Current lengths of episodes: [410, 352, 410, 354, 409]
Memory usage at done (index 2, length 410, since_prev 352): 4310.234375 MiB (Increase: 0.0 MiB)
Memory usage before reset: 4310.234375 MiB (Increase: 0.0 MiB)
Memory usage after reset: 4310.234375 MiB (Increase: 0.0 MiB)
Current lengths of episodes: [469, 411, 59, 413, 468]
Memory usage at done (index 2, length 59, since_prev 59): 4310.234375 MiB (Increase: 0.0 MiB)
Memory usage before reset: 4310.234375 MiB (Increase: 0.0 MiB)
Memory usage after reset: 4310.234375 MiB (Increase: 0.0 MiB)
Current lengths of episodes: [551, 493, 82, 495, 550]
Memory usage at done (index 2, length 82, since_prev 82): 4310.234375 MiB (Increase: 0.0 MiB)
Memory usage before reset: 4310.234375 MiB (Increase: 0.0 MiB)
Memory usage after reset: 4310.234375 MiB (Increase: 0.0 MiB)
Training episode 55
Memory usage at middle: 4310.234375 MiB (Increase: 0.0 MiB)
Memory usage before collect: 4310.234375 MiB (Increase: 0.0 MiB)
Memory usage after collect: 4310.234375 MiB (Increase: 0.0 MiB)
Memory usage before initialization: 4310.234375 MiB (Increase: 0.0 MiB)
Memory usage after initialization: 4310.234375 MiB (Increase: 0.0 MiB)
Current lengths of episodes: [64, 64, 64, 64, 63]
Memory usage at done (index 3, length 64, since_prev 64): 4310.234375 MiB (Increase: 0.0 MiB)
Memory usage before reset: 4310.234375 MiB (Increase: 0.0 MiB)
Memory usage after reset: 4310.234375 MiB (Increase: 0.0 MiB)
Current lengths of episodes: [68, 68, 68, 4, 68]
Memory usage at done (index 4, length 68, since_prev 4): 4310.234375 MiB (Increase: 0.0 MiB)
Memory usage before reset: 4310.234375 MiB (Increase: 0.0 MiB)
Memory usage after reset: 4310.234375 MiB (Increase: 0.0 MiB)
Current lengths of episodes: [69, 69, 68, 4, 0]
Memory usage at done (index 1, length 69, since_prev 1): 4310.234375 MiB (Increase: 0.0 MiB)
Memory usage before reset: 4310.234375 MiB (Increase: 0.0 MiB)
Memory usage after reset: 4310.234375 MiB (Increase: 0.0 MiB)
Current lengths of episodes: [73, 3, 72, 8, 4]
Memory usage at done (index 0, length 73, since_prev 4): 4310.234375 MiB (Increase: 0.0 MiB)
Memory usage before reset: 4310.234375 MiB (Increase: 0.0 MiB)
Memory usage after reset: 4310.234375 MiB (Increase: 0.0 MiB)
Current lengths of episodes: [56, 60, 128, 64, 60]
Memory usage at done (index 1, length 60, since_prev 56): 4310.234375 MiB (Increase: 0.0 MiB)
Memory usage before reset: 4310.234375 MiB (Increase: 0.0 MiB)
Memory usage after reset: 4310.234375 MiB (Increase: 0.0 MiB)
Training episode 60
Memory usage at middle: 4310.234375 MiB (Increase: 0.0 MiB)
Memory usage before collect: 4310.234375 MiB (Increase: 0.0 MiB)
Memory usage after collect: 4310.234375 MiB (Increase: 0.0 MiB)
Memory usage before initialization: 4310.234375 MiB (Increase: 0.0 MiB)
Memory usage after initialization: 4310.234375 MiB (Increase: 0.0 MiB)
Current lengths of episodes: [50, 50, 50, 50, 50]
Memory usage at done (index 4, length 50, since_prev 50): 4310.234375 MiB (Increase: 0.0 MiB)
Memory usage before reset: 4310.234375 MiB (Increase: 0.0 MiB)
Memory usage after reset: 4310.234375 MiB (Increase: 0.0 MiB)
Current lengths of episodes: [88, 87, 87, 87, 37]
Memory usage at done (index 0, length 88, since_prev 38): 4310.234375 MiB (Increase: 0.0 MiB)
Memory usage before reset: 4310.234375 MiB (Increase: 0.0 MiB)
Memory usage after reset: 4310.234375 MiB (Increase: 0.0 MiB)
Current lengths of episodes: [46, 134, 134, 133, 83]
Memory usage at done (index 2, length 134, since_prev 46): 4310.234375 MiB (Increase: 0.0 MiB)
Memory usage before reset: 4310.234375 MiB (Increase: 0.0 MiB)
Memory usage after reset: 4310.234375 MiB (Increase: 0.0 MiB)
Current lengths of episodes: [58, 146, 12, 146, 96]
Memory usage at done (index 4, length 96, since_prev 12): 4310.234375 MiB (Increase: 0.0 MiB)
Memory usage before reset: 4310.234375 MiB (Increase: 0.0 MiB)
Memory usage after reset: 4310.234375 MiB (Increase: 0.0 MiB)
Current lengths of episodes: [100, 187, 53, 187, 41]
Memory usage at done (index 0, length 100, since_prev 42): 4310.234375 MiB (Increase: 0.0 MiB)
Memory usage before reset: 4310.234375 MiB (Increase: 0.0 MiB)
Memory usage after reset: 4310.234375 MiB (Increase: 0.0 MiB)
Training episode 65
Memory usage at middle: 4310.234375 MiB (Increase: 0.0 MiB)
Memory usage before collect: 4310.234375 MiB (Increase: 0.0 MiB)
Memory usage after collect: 4310.234375 MiB (Increase: 0.0 MiB)
Memory usage before initialization: 4310.234375 MiB (Increase: 0.0 MiB)
Memory usage after initialization: 4310.234375 MiB (Increase: 0.0 MiB)
Current lengths of episodes: [72, 72, 72, 72, 71]
Memory usage at done (index 3, length 72, since_prev 72): 4310.234375 MiB (Increase: 0.0 MiB)
Memory usage before reset: 4310.234375 MiB (Increase: 0.0 MiB)
Memory usage after reset: 4310.234375 MiB (Increase: 0.0 MiB)
Current lengths of episodes: [173, 173, 173, 101, 172]
Memory usage at done (index 3, length 101, since_prev 101): 4310.234375 MiB (Increase: 0.0 MiB)
Memory usage before reset: 4310.234375 MiB (Increase: 0.0 MiB)
Memory usage after reset: 4310.234375 MiB (Increase: 0.0 MiB)
Current lengths of episodes: [1600, 1599, 1599, 1426, 1599]
Memory usage at done (index 0, length 1600, since_prev 1427): 4310.234375 MiB (Increase: 0.0 MiB)
Memory usage before reset: 4310.234375 MiB (Increase: 0.0 MiB)
Memory usage after reset: 4310.234375 MiB (Increase: 0.0 MiB)
Current lengths of episodes: [0, 1600, 1599, 1426, 1599]
Memory usage at done (index 1, length 1600, since_prev 0): 4310.234375 MiB (Increase: 0.0 MiB)
Memory usage before reset: 4310.234375 MiB (Increase: 0.0 MiB)
Memory usage after reset: 4310.234375 MiB (Increase: 0.0 MiB)
Current lengths of episodes: [0, 0, 1600, 1426, 1599]
Memory usage at done (index 2, length 1600, since_prev 0): 4310.234375 MiB (Increase: 0.0 MiB)
Memory usage before reset: 4310.234375 MiB (Increase: 0.0 MiB)
Memory usage after reset: 4310.234375 MiB (Increase: 0.0 MiB)
Training episode 70
Memory usage at middle: 4310.234375 MiB (Increase: 0.0 MiB)
Memory usage before collect: 4310.234375 MiB (Increase: 0.0 MiB)
Memory usage after collect: 4310.234375 MiB (Increase: 0.0 MiB)
Memory usage before initialization: 4310.234375 MiB (Increase: 0.0 MiB)
Memory usage after initialization: 4310.234375 MiB (Increase: 0.0 MiB)
Current lengths of episodes: [724, 724, 724, 724, 724]
Memory usage at done (index 4, length 724, since_prev 724): 4310.234375 MiB (Increase: 0.0 MiB)
Memory usage before reset: 4310.234375 MiB (Increase: 0.0 MiB)
Memory usage after reset: 4310.234375 MiB (Increase: 0.0 MiB)
Current lengths of episodes: [840, 840, 840, 840, 116]
Memory usage at done (index 4, length 116, since_prev 116): 4310.234375 MiB (Increase: 0.0 MiB)
Memory usage before reset: 4310.234375 MiB (Increase: 0.0 MiB)
Memory usage after reset: 4310.234375 MiB (Increase: 0.0 MiB)
Current lengths of episodes: [910, 910, 910, 910, 70]
Memory usage at done (index 4, length 70, since_prev 70): 4310.234375 MiB (Increase: 0.0 MiB)
Memory usage before reset: 4310.234375 MiB (Increase: 0.0 MiB)
Memory usage after reset: 4310.234375 MiB (Increase: 0.0 MiB)
Current lengths of episodes: [1372, 1372, 1372, 1372, 461]
Memory usage at done (index 3, length 1372, since_prev 462): 4310.234375 MiB (Increase: 0.0 MiB)
Memory usage before reset: 4310.234375 MiB (Increase: 0.0 MiB)
Memory usage after reset: 4310.234375 MiB (Increase: 0.0 MiB)
Current lengths of episodes: [1445, 1445, 1445, 73, 534]
Memory usage at done (index 3, length 73, since_prev 73): 4310.234375 MiB (Increase: 0.0 MiB)
Memory usage before reset: 4310.234375 MiB (Increase: 0.0 MiB)
Memory usage after reset: 4310.234375 MiB (Increase: 0.0 MiB)
Training episode 75
Memory usage at middle: 4310.234375 MiB (Increase: 0.0 MiB)
Memory usage before collect: 4310.234375 MiB (Increase: 0.0 MiB)
Memory usage after collect: 4310.234375 MiB (Increase: 0.0 MiB)
Memory usage before initialization: 4310.234375 MiB (Increase: 0.0 MiB)
Memory usage after initialization: 4310.234375 MiB (Increase: 0.0 MiB)
Current lengths of episodes: [58, 57, 57, 57, 57]
Memory usage at done (index 0, length 58, since_prev 58): 4310.234375 MiB (Increase: 0.0 MiB)
Memory usage before reset: 4310.234375 MiB (Increase: 0.0 MiB)
Memory usage after reset: 4310.234375 MiB (Increase: 0.0 MiB)
Current lengths of episodes: [3, 61, 61, 61, 60]
Memory usage at done (index 3, length 61, since_prev 3): 4310.234375 MiB (Increase: 0.0 MiB)
Memory usage before reset: 4310.234375 MiB (Increase: 0.0 MiB)
Memory usage after reset: 4310.234375 MiB (Increase: 0.0 MiB)
Current lengths of episodes: [6, 64, 63, 2, 63]
Memory usage at done (index 1, length 64, since_prev 3): 4310.234375 MiB (Increase: 0.0 MiB)
Memory usage before reset: 4310.234375 MiB (Increase: 0.0 MiB)
Memory usage after reset: 4310.234375 MiB (Increase: 0.0 MiB)
Current lengths of episodes: [76, 70, 133, 72, 133]
Memory usage at done (index 1, length 70, since_prev 70): 4310.234375 MiB (Increase: 0.0 MiB)
Memory usage before reset: 4310.234375 MiB (Increase: 0.0 MiB)
Memory usage after reset: 4310.234375 MiB (Increase: 0.0 MiB)
Current lengths of episodes: [156, 80, 213, 152, 213]
Memory usage at done (index 1, length 80, since_prev 80): 4310.234375 MiB (Increase: 0.0 MiB)
Memory usage before reset: 4310.234375 MiB (Increase: 0.0 MiB)
Memory usage after reset: 4310.234375 MiB (Increase: 0.0 MiB)
Training episode 80
Memory usage at middle: 4310.234375 MiB (Increase: 0.0 MiB)
Memory usage before collect: 4310.234375 MiB (Increase: 0.0 MiB)
Memory usage after collect: 4310.234375 MiB (Increase: 0.0 MiB)
Memory usage before initialization: 4310.234375 MiB (Increase: 0.0 MiB)
Memory usage after initialization: 4310.234375 MiB (Increase: 0.0 MiB)
Current lengths of episodes: [60, 60, 60, 59, 59]
Memory usage at done (index 2, length 60, since_prev 60): 4310.234375 MiB (Increase: 0.0 MiB)
Memory usage before reset: 4310.234375 MiB (Increase: 0.0 MiB)
Memory usage after reset: 4310.234375 MiB (Increase: 0.0 MiB)
Current lengths of episodes: [66, 65, 5, 65, 65]
Memory usage at done (index 0, length 66, since_prev 6): 4310.234375 MiB (Increase: 0.0 MiB)
Memory usage before reset: 4310.234375 MiB (Increase: 0.0 MiB)
Memory usage after reset: 4310.234375 MiB (Increase: 0.0 MiB)
Current lengths of episodes: [30, 96, 36, 96, 95]
Memory usage at done (index 3, length 96, since_prev 30): 4310.234375 MiB (Increase: 0.0 MiB)
Memory usage before reset: 4310.234375 MiB (Increase: 0.0 MiB)
Memory usage after reset: 4310.234375 MiB (Increase: 0.0 MiB)
Current lengths of episodes: [72, 137, 77, 41, 137]
Memory usage at done (index 0, length 72, since_prev 42): 4310.234375 MiB (Increase: 0.0 MiB)
Memory usage before reset: 4310.234375 MiB (Increase: 0.0 MiB)
Memory usage after reset: 4310.234375 MiB (Increase: 0.0 MiB)
Current lengths of episodes: [11, 149, 89, 52, 148]
Memory usage at done (index 2, length 89, since_prev 11): 4310.234375 MiB (Increase: 0.0 MiB)
Memory usage before reset: 4310.234375 MiB (Increase: 0.0 MiB)
Memory usage after reset: 4310.234375 MiB (Increase: 0.0 MiB)
Training episode 85
Memory usage at middle: 4310.234375 MiB (Increase: 0.0 MiB)
Memory usage before collect: 4310.234375 MiB (Increase: 0.0 MiB)
Memory usage after collect: 4310.234375 MiB (Increase: 0.0 MiB)
Memory usage before initialization: 4310.234375 MiB (Increase: 0.0 MiB)
Memory usage after initialization: 4310.234375 MiB (Increase: 0.0 MiB)
Current lengths of episodes: [51, 51, 50, 50, 50]
Memory usage at done (index 1, length 51, since_prev 51): 4310.234375 MiB (Increase: 0.0 MiB)
Memory usage before reset: 4310.234375 MiB (Increase: 0.0 MiB)
Memory usage after reset: 4310.234375 MiB (Increase: 0.0 MiB)
Current lengths of episodes: [82, 30, 81, 81, 81]
Memory usage at done (index 0, length 82, since_prev 31): 4310.234375 MiB (Increase: 0.0 MiB)
Memory usage before reset: 4310.234375 MiB (Increase: 0.0 MiB)
Memory usage after reset: 4310.234375 MiB (Increase: 0.0 MiB)
Current lengths of episodes: [1, 32, 83, 83, 83]
Memory usage at done (index 4, length 83, since_prev 1): 4310.234375 MiB (Increase: 0.0 MiB)
Memory usage before reset: 4310.234375 MiB (Increase: 0.0 MiB)
Memory usage after reset: 4310.234375 MiB (Increase: 0.0 MiB)
Current lengths of episodes: [56, 86, 137, 137, 54]
Memory usage at done (index 0, length 56, since_prev 55): 4310.234375 MiB (Increase: 0.0 MiB)
Memory usage before reset: 4310.234375 MiB (Increase: 0.0 MiB)
Memory usage after reset: 4310.234375 MiB (Increase: 0.0 MiB)
Current lengths of episodes: [1421, 1508, 1559, 1558, 1475]
Memory usage at done (index 2, length 1559, since_prev 1421): 4310.234375 MiB (Increase: 0.0 MiB)
Memory usage before reset: 4310.234375 MiB (Increase: 0.0 MiB)
Memory usage after reset: 4310.234375 MiB (Increase: 0.0 MiB)
Training episode 90
Memory usage at middle: 4310.234375 MiB (Increase: 0.0 MiB)
Memory usage before collect: 4310.234375 MiB (Increase: 0.0 MiB)
Memory usage after collect: 4310.234375 MiB (Increase: 0.0 MiB)
Memory usage before initialization: 4310.234375 MiB (Increase: 0.0 MiB)
Memory usage after initialization: 4310.234375 MiB (Increase: 0.0 MiB)
Current lengths of episodes: [63, 63, 63, 63, 62]
Memory usage at done (index 3, length 63, since_prev 63): 4310.234375 MiB (Increase: 0.0 MiB)
Memory usage before reset: 4310.234375 MiB (Increase: 0.0 MiB)
Memory usage after reset: 4310.234375 MiB (Increase: 0.0 MiB)
Current lengths of episodes: [80, 80, 80, 16, 79]
Memory usage at done (index 2, length 80, since_prev 17): 4310.234375 MiB (Increase: 0.0 MiB)
Memory usage before reset: 4310.234375 MiB (Increase: 0.0 MiB)
Memory usage after reset: 4310.234375 MiB (Increase: 0.0 MiB)
Current lengths of episodes: [85, 85, 4, 21, 84]
Memory usage at done (index 1, length 85, since_prev 5): 4310.234375 MiB (Increase: 0.0 MiB)
Memory usage before reset: 4310.234375 MiB (Increase: 0.0 MiB)
Memory usage after reset: 4310.234375 MiB (Increase: 0.0 MiB)
Current lengths of episodes: [172, 87, 92, 108, 171]
Memory usage at done (index 2, length 92, since_prev 87): 4310.234375 MiB (Increase: 0.0 MiB)
Memory usage before reset: 4310.234375 MiB (Increase: 0.0 MiB)
Memory usage after reset: 4310.234375 MiB (Increase: 0.0 MiB)
Current lengths of episodes: [175, 90, 2, 111, 174]
Memory usage at done (index 1, length 90, since_prev 3): 4310.234375 MiB (Increase: 0.0 MiB)
Memory usage before reset: 4310.234375 MiB (Increase: 0.0 MiB)
Memory usage after reset: 4310.234375 MiB (Increase: 0.0 MiB)
Training episode 95
Memory usage at middle: 4310.234375 MiB (Increase: 0.0 MiB)
Memory usage before collect: 4310.234375 MiB (Increase: 0.0 MiB)
Memory usage after collect: 4310.234375 MiB (Increase: 0.0 MiB)
Memory usage before initialization: 4310.234375 MiB (Increase: 0.0 MiB)
Memory usage after initialization: 4310.234375 MiB (Increase: 0.0 MiB)
Current lengths of episodes: [53, 53, 53, 52, 52]
Memory usage at done (index 2, length 53, since_prev 53): 4310.234375 MiB (Increase: 0.0 MiB)
Memory usage before reset: 4310.234375 MiB (Increase: 0.0 MiB)
Memory usage after reset: 4310.234375 MiB (Increase: 0.0 MiB)
Current lengths of episodes: [54, 54, 0, 53, 53]
Memory usage at done (index 1, length 54, since_prev 1): 4310.234375 MiB (Increase: 0.0 MiB)
Memory usage before reset: 4310.234375 MiB (Increase: 0.0 MiB)
Memory usage after reset: 4310.234375 MiB (Increase: 0.0 MiB)
Current lengths of episodes: [64, 9, 10, 63, 63]
Memory usage at done (index 0, length 64, since_prev 10): 4310.234375 MiB (Increase: 0.0 MiB)
Memory usage before reset: 4310.234375 MiB (Increase: 0.0 MiB)
Memory usage after reset: 4310.234375 MiB (Increase: 0.0 MiB)
Current lengths of episodes: [57, 67, 68, 120, 120]
Memory usage at done (index 2, length 68, since_prev 57): 4310.234375 MiB (Increase: 0.0 MiB)
Memory usage before reset: 4310.234375 MiB (Increase: 0.0 MiB)
Memory usage after reset: 4310.234375 MiB (Increase: 0.0 MiB)
Current lengths of episodes: [125, 135, 68, 188, 188]
Memory usage at done (index 2, length 68, since_prev 68): 4310.234375 MiB (Increase: 0.0 MiB)
Memory usage before reset: 4310.234375 MiB (Increase: 0.0 MiB)
Memory usage after reset: 4310.234375 MiB (Increase: 0.0 MiB)
Training episode 100
Memory usage at middle: 4310.234375 MiB (Increase: 0.0 MiB)
Memory usage before collect: 4310.234375 MiB (Increase: 0.0 MiB)
Memory usage after collect: 4310.234375 MiB (Increase: 0.0 MiB)
Episode 100	Average evaluation: -97.96535457954171
Memory usage before initialization: 4310.234375 MiB (Increase: 0.0 MiB)
Memory usage after initialization: 4310.234375 MiB (Increase: 0.0 MiB)
Current lengths of episodes: [67, 67, 67, 67, 67]
Memory usage at done (index 4, length 67, since_prev 67): 4310.234375 MiB (Increase: 0.0 MiB)
Memory usage before reset: 4310.234375 MiB (Increase: 0.0 MiB)
Memory usage after reset: 4310.234375 MiB (Increase: 0.0 MiB)
Current lengths of episodes: [76, 76, 76, 76, 8]
Memory usage at done (index 3, length 76, since_prev 9): 4310.234375 MiB (Increase: 0.0 MiB)
Memory usage before reset: 4310.234375 MiB (Increase: 0.0 MiB)
Memory usage after reset: 4310.234375 MiB (Increase: 0.0 MiB)
Current lengths of episodes: [146, 145, 145, 69, 78]
Memory usage at done (index 0, length 146, since_prev 70): 4310.234375 MiB (Increase: 0.0 MiB)
Memory usage before reset: 4310.234375 MiB (Increase: 0.0 MiB)
Memory usage after reset: 4310.234375 MiB (Increase: 0.0 MiB)
Current lengths of episodes: [327, 472, 472, 396, 405]
Memory usage at done (index 0, length 327, since_prev 327): 4310.234375 MiB (Increase: 0.0 MiB)
Memory usage before reset: 4310.234375 MiB (Increase: 0.0 MiB)
Memory usage after reset: 4310.234375 MiB (Increase: 0.0 MiB)
Current lengths of episodes: [1127, 1600, 1599, 1523, 1532]
Memory usage at done (index 1, length 1600, since_prev 1127): 4310.234375 MiB (Increase: 0.0 MiB)
Memory usage before reset: 4310.234375 MiB (Increase: 0.0 MiB)
Memory usage after reset: 4310.234375 MiB (Increase: 0.0 MiB)
Training episode 105
Memory usage at middle: 4310.234375 MiB (Increase: 0.0 MiB)
Memory usage before collect: 4310.234375 MiB (Increase: 0.0 MiB)
Memory usage after collect: 4310.234375 MiB (Increase: 0.0 MiB)
Memory usage before initialization: 4310.234375 MiB (Increase: 0.0 MiB)
Memory usage after initialization: 4310.234375 MiB (Increase: 0.0 MiB)
Current lengths of episodes: [51, 51, 51, 51, 51]
Memory usage at done (index 4, length 51, since_prev 51): 4310.234375 MiB (Increase: 0.0 MiB)
Memory usage before reset: 4310.234375 MiB (Increase: 0.0 MiB)
Memory usage after reset: 4310.234375 MiB (Increase: 0.0 MiB)
Current lengths of episodes: [1600, 1599, 1599, 1599, 1548]
Memory usage at done (index 0, length 1600, since_prev 1549): 4310.234375 MiB (Increase: 0.0 MiB)
Memory usage before reset: 4310.234375 MiB (Increase: 0.0 MiB)
Memory usage after reset: 4310.234375 MiB (Increase: 0.0 MiB)
Current lengths of episodes: [0, 1600, 1599, 1599, 1548]
Memory usage at done (index 1, length 1600, since_prev 0): 4310.234375 MiB (Increase: 0.0 MiB)
Memory usage before reset: 4310.234375 MiB (Increase: 0.0 MiB)
Memory usage after reset: 4310.234375 MiB (Increase: 0.0 MiB)
Current lengths of episodes: [0, 0, 1600, 1599, 1548]
Memory usage at done (index 2, length 1600, since_prev 0): 4310.234375 MiB (Increase: 0.0 MiB)
Memory usage before reset: 4310.234375 MiB (Increase: 0.0 MiB)
Memory usage after reset: 4310.234375 MiB (Increase: 0.0 MiB)
Current lengths of episodes: [0, 0, 0, 1600, 1548]
Memory usage at done (index 3, length 1600, since_prev 0): 4310.234375 MiB (Increase: 0.0 MiB)
Memory usage before reset: 4310.234375 MiB (Increase: 0.0 MiB)
Memory usage after reset: 4310.234375 MiB (Increase: 0.0 MiB)
Training episode 110
Memory usage at middle: 4310.234375 MiB (Increase: 0.0 MiB)
Memory usage before collect: 4310.234375 MiB (Increase: 0.0 MiB)
Memory usage after collect: 4310.234375 MiB (Increase: 0.0 MiB)
Memory usage before initialization: 4310.234375 MiB (Increase: 0.0 MiB)
Memory usage after initialization: 4310.234375 MiB (Increase: 0.0 MiB)
Current lengths of episodes: [58, 58, 58, 57, 57]
Memory usage at done (index 2, length 58, since_prev 58): 4310.234375 MiB (Increase: 0.0 MiB)
Memory usage before reset: 4310.234375 MiB (Increase: 0.0 MiB)
Memory usage after reset: 4310.234375 MiB (Increase: 0.0 MiB)
Current lengths of episodes: [1600, 1599, 1541, 1599, 1599]
Memory usage at done (index 0, length 1600, since_prev 1542): 4310.234375 MiB (Increase: 0.0 MiB)
Memory usage before reset: 4310.234375 MiB (Increase: 0.0 MiB)
Memory usage after reset: 4310.234375 MiB (Increase: 0.0 MiB)
Current lengths of episodes: [0, 1600, 1541, 1599, 1599]
Memory usage at done (index 1, length 1600, since_prev 0): 4310.234375 MiB (Increase: 0.0 MiB)
Memory usage before reset: 4310.234375 MiB (Increase: 0.0 MiB)
Memory usage after reset: 4310.234375 MiB (Increase: 0.0 MiB)
Current lengths of episodes: [0, 0, 1542, 1600, 1599]
Memory usage at done (index 3, length 1600, since_prev 0): 4310.234375 MiB (Increase: 0.0 MiB)
Memory usage before reset: 4310.234375 MiB (Increase: 0.0 MiB)
Memory usage after reset: 4310.234375 MiB (Increase: 0.0 MiB)
Current lengths of episodes: [0, 0, 1542, 0, 1600]
Memory usage at done (index 4, length 1600, since_prev 0): 4310.234375 MiB (Increase: 0.0 MiB)
Memory usage before reset: 4310.234375 MiB (Increase: 0.0 MiB)
Memory usage after reset: 4310.234375 MiB (Increase: 0.0 MiB)
Training episode 115
Memory usage at middle: 4310.234375 MiB (Increase: 0.0 MiB)
Memory usage before collect: 4310.234375 MiB (Increase: 0.0 MiB)
Memory usage after collect: 4310.234375 MiB (Increase: 0.0 MiB)
Memory usage before initialization: 4310.234375 MiB (Increase: 0.0 MiB)
Memory usage after initialization: 4310.234375 MiB (Increase: 0.0 MiB)
Current lengths of episodes: [49, 48, 48, 48, 48]
Memory usage at done (index 0, length 49, since_prev 49): 4310.234375 MiB (Increase: 0.0 MiB)
Memory usage before reset: 4310.234375 MiB (Increase: 0.0 MiB)
Memory usage after reset: 4310.234375 MiB (Increase: 0.0 MiB)
Current lengths of episodes: [40, 89, 89, 89, 89]
Memory usage at done (index 4, length 89, since_prev 40): 4310.234375 MiB (Increase: 0.0 MiB)
Memory usage before reset: 4310.234375 MiB (Increase: 0.0 MiB)
Memory usage after reset: 4310.234375 MiB (Increase: 0.0 MiB)
Current lengths of episodes: [55, 104, 103, 103, 14]
Memory usage at done (index 1, length 104, since_prev 15): 4310.234375 MiB (Increase: 0.0 MiB)
Memory usage before reset: 4310.234375 MiB (Increase: 0.0 MiB)
Memory usage after reset: 4310.234375 MiB (Increase: 0.0 MiB)
Current lengths of episodes: [112, 57, 161, 161, 72]
Memory usage at done (index 4, length 72, since_prev 57): 4310.234375 MiB (Increase: 0.0 MiB)
Memory usage before reset: 4310.234375 MiB (Increase: 0.0 MiB)
Memory usage after reset: 4310.234375 MiB (Increase: 0.0 MiB)
Current lengths of episodes: [115, 60, 164, 163, 2]
Memory usage at done (index 2, length 164, since_prev 3): 4310.234375 MiB (Increase: 0.0 MiB)
Memory usage before reset: 4310.234375 MiB (Increase: 0.0 MiB)
Memory usage after reset: 4310.234375 MiB (Increase: 0.0 MiB)
Training episode 120
Memory usage at middle: 4310.234375 MiB (Increase: 0.0 MiB)
Memory usage before collect: 4310.234375 MiB (Increase: 0.0 MiB)
Memory usage after collect: 4310.234375 MiB (Increase: 0.0 MiB)
Memory usage before initialization: 4310.234375 MiB (Increase: 0.0 MiB)
Memory usage after initialization: 4310.234375 MiB (Increase: 0.0 MiB)
Current lengths of episodes: [92, 92, 92, 91, 91]
Memory usage at done (index 2, length 92, since_prev 92): 4310.234375 MiB (Increase: 0.0 MiB)
Memory usage before reset: 4310.234375 MiB (Increase: 0.0 MiB)
Memory usage after reset: 4310.234375 MiB (Increase: 0.0 MiB)
Current lengths of episodes: [174, 174, 82, 173, 173]
Memory usage at done (index 2, length 82, since_prev 82): 4310.234375 MiB (Increase: 0.0 MiB)
Memory usage before reset: 4310.234375 MiB (Increase: 0.0 MiB)
Memory usage after reset: 4310.234375 MiB (Increase: 0.0 MiB)
Current lengths of episodes: [1600, 1599, 1425, 1599, 1599]
Memory usage at done (index 0, length 1600, since_prev 1426): 4310.234375 MiB (Increase: 0.0 MiB)
Memory usage before reset: 4310.234375 MiB (Increase: 0.0 MiB)
Memory usage after reset: 4310.234375 MiB (Increase: 0.0 MiB)
Current lengths of episodes: [0, 1600, 1425, 1599, 1599]
Memory usage at done (index 1, length 1600, since_prev 0): 4310.234375 MiB (Increase: 0.0 MiB)
Memory usage before reset: 4310.234375 MiB (Increase: 0.0 MiB)
Memory usage after reset: 4310.234375 MiB (Increase: 0.0 MiB)
Current lengths of episodes: [0, 0, 1426, 1600, 1599]
Memory usage at done (index 3, length 1600, since_prev 0): 4310.234375 MiB (Increase: 0.0 MiB)
Memory usage before reset: 4310.234375 MiB (Increase: 0.0 MiB)
Memory usage after reset: 4310.234375 MiB (Increase: 0.0 MiB)
Training episode 125
Memory usage at middle: 4310.234375 MiB (Increase: 0.0 MiB)
Memory usage before collect: 4310.234375 MiB (Increase: 0.0 MiB)
Memory usage after collect: 4310.234375 MiB (Increase: 0.0 MiB)
Memory usage before initialization: 4310.234375 MiB (Increase: 0.0 MiB)
Memory usage after initialization: 4310.234375 MiB (Increase: 0.0 MiB)
Current lengths of episodes: [66, 66, 66, 66, 66]
Memory usage at done (index 4, length 66, since_prev 66): 4310.234375 MiB (Increase: 0.0 MiB)
Memory usage before reset: 4310.234375 MiB (Increase: 0.0 MiB)
Memory usage after reset: 4310.234375 MiB (Increase: 0.0 MiB)
Current lengths of episodes: [81, 81, 81, 80, 14]
Memory usage at done (index 2, length 81, since_prev 15): 4310.234375 MiB (Increase: 0.0 MiB)
Memory usage before reset: 4310.234375 MiB (Increase: 0.0 MiB)
Memory usage after reset: 4310.234375 MiB (Increase: 0.0 MiB)
Current lengths of episodes: [148, 148, 67, 148, 82]
Memory usage at done (index 4, length 82, since_prev 67): 4310.234375 MiB (Increase: 0.0 MiB)
Memory usage before reset: 4310.234375 MiB (Increase: 0.0 MiB)
Memory usage after reset: 4310.234375 MiB (Increase: 0.0 MiB)
Current lengths of episodes: [230, 230, 149, 230, 82]
Memory usage at done (index 4, length 82, since_prev 82): 4310.234375 MiB (Increase: 0.0 MiB)
Memory usage before reset: 4310.234375 MiB (Increase: 0.0 MiB)
Memory usage after reset: 4310.234375 MiB (Increase: 0.0 MiB)
Current lengths of episodes: [1228, 1228, 1147, 1228, 998]
Memory usage at done (index 4, length 998, since_prev 998): 4310.234375 MiB (Increase: 0.0 MiB)
Memory usage before reset: 4310.234375 MiB (Increase: 0.0 MiB)
Memory usage after reset: 4310.234375 MiB (Increase: 0.0 MiB)
Training episode 130
Memory usage at middle: 4310.234375 MiB (Increase: 0.0 MiB)
Memory usage before collect: 4310.234375 MiB (Increase: 0.0 MiB)
Memory usage after collect: 4310.234375 MiB (Increase: 0.0 MiB)
Memory usage before initialization: 4310.234375 MiB (Increase: 0.0 MiB)
Memory usage after initialization: 4310.234375 MiB (Increase: 0.0 MiB)
Current lengths of episodes: [51, 50, 50, 50, 50]
Memory usage at done (index 0, length 51, since_prev 51): 4310.234375 MiB (Increase: 0.0 MiB)
Memory usage before reset: 4310.234375 MiB (Increase: 0.0 MiB)
Memory usage after reset: 4310.234375 MiB (Increase: 0.0 MiB)
Current lengths of episodes: [32, 83, 83, 82, 82]
Memory usage at done (index 2, length 83, since_prev 32): 4310.234375 MiB (Increase: 0.0 MiB)
Memory usage before reset: 4310.234375 MiB (Increase: 0.0 MiB)
Memory usage after reset: 4310.234375 MiB (Increase: 0.0 MiB)
Current lengths of episodes: [34, 85, 2, 85, 85]
Memory usage at done (index 4, length 85, since_prev 2): 4310.234375 MiB (Increase: 0.0 MiB)
Memory usage before reset: 4310.234375 MiB (Increase: 0.0 MiB)
Memory usage after reset: 4310.234375 MiB (Increase: 0.0 MiB)
Current lengths of episodes: [65, 115, 32, 115, 30]
Memory usage at done (index 0, length 65, since_prev 31): 4310.234375 MiB (Increase: 0.0 MiB)
Memory usage before reset: 4310.234375 MiB (Increase: 0.0 MiB)
Memory usage after reset: 4310.234375 MiB (Increase: 0.0 MiB)
Current lengths of episodes: [39, 155, 72, 154, 69]
Memory usage at done (index 2, length 72, since_prev 39): 4310.234375 MiB (Increase: 0.0 MiB)
Memory usage before reset: 4310.234375 MiB (Increase: 0.0 MiB)
Memory usage after reset: 4310.234375 MiB (Increase: 0.0 MiB)
Training episode 135
Memory usage at middle: 4310.234375 MiB (Increase: 0.0 MiB)
Memory usage before collect: 4310.234375 MiB (Increase: 0.0 MiB)
Memory usage after collect: 4310.234375 MiB (Increase: 0.0 MiB)
Memory usage before initialization: 4310.234375 MiB (Increase: 0.0 MiB)
Memory usage after initialization: 4310.234375 MiB (Increase: 0.0 MiB)
Current lengths of episodes: [78, 78, 78, 78, 78]
Memory usage at done (index 4, length 78, since_prev 78): 4310.234375 MiB (Increase: 0.0 MiB)
Memory usage before reset: 4310.234375 MiB (Increase: 0.0 MiB)
Memory usage after reset: 4310.234375 MiB (Increase: 0.0 MiB)
Current lengths of episodes: [106, 106, 106, 106, 27]
Memory usage at done (index 3, length 106, since_prev 28): 4310.234375 MiB (Increase: 0.0 MiB)
Memory usage before reset: 4310.234375 MiB (Increase: 0.0 MiB)
Memory usage after reset: 4310.234375 MiB (Increase: 0.0 MiB)
Current lengths of episodes: [1376, 1375, 1375, 1269, 1297]
Memory usage at done (index 0, length 1376, since_prev 1270): 4310.234375 MiB (Increase: 0.0 MiB)
Memory usage before reset: 4310.234375 MiB (Increase: 0.0 MiB)
Memory usage after reset: 4310.234375 MiB (Increase: 0.0 MiB)
Current lengths of episodes: [224, 1600, 1599, 1493, 1521]
Memory usage at done (index 1, length 1600, since_prev 224): 4310.234375 MiB (Increase: 0.0 MiB)
Memory usage before reset: 4310.234375 MiB (Increase: 0.0 MiB)
Memory usage after reset: 4310.234375 MiB (Increase: 0.0 MiB)
Current lengths of episodes: [224, 0, 1600, 1493, 1521]
Memory usage at done (index 2, length 1600, since_prev 0): 4310.234375 MiB (Increase: 0.0 MiB)
Memory usage before reset: 4310.234375 MiB (Increase: 0.0 MiB)
Memory usage after reset: 4310.234375 MiB (Increase: 0.0 MiB)
Training episode 140
Memory usage at middle: 4310.234375 MiB (Increase: 0.0 MiB)
Memory usage before collect: 4310.234375 MiB (Increase: 0.0 MiB)
Memory usage after collect: 4310.234375 MiB (Increase: 0.0 MiB)
Memory usage before initialization: 4310.234375 MiB (Increase: 0.0 MiB)
Memory usage after initialization: 4310.234375 MiB (Increase: 0.0 MiB)
Current lengths of episodes: [56, 56, 56, 56, 56]
Memory usage at done (index 4, length 56, since_prev 56): 4310.234375 MiB (Increase: 0.0 MiB)
Memory usage before reset: 4310.234375 MiB (Increase: 0.0 MiB)
Memory usage after reset: 4310.234375 MiB (Increase: 0.0 MiB)
Current lengths of episodes: [80, 79, 79, 79, 23]
Memory usage at done (index 0, length 80, since_prev 24): 4310.234375 MiB (Increase: 0.0 MiB)
Memory usage before reset: 4310.234375 MiB (Increase: 0.0 MiB)
Memory usage after reset: 4310.234375 MiB (Increase: 0.0 MiB)
Current lengths of episodes: [4, 84, 84, 83, 27]
Memory usage at done (index 2, length 84, since_prev 4): 4310.234375 MiB (Increase: 0.0 MiB)
Memory usage before reset: 4310.234375 MiB (Increase: 0.0 MiB)
Memory usage after reset: 4310.234375 MiB (Increase: 0.0 MiB)
Current lengths of episodes: [69, 149, 65, 149, 93]
Memory usage at done (index 4, length 93, since_prev 65): 4310.234375 MiB (Increase: 0.0 MiB)
Memory usage before reset: 4310.234375 MiB (Increase: 0.0 MiB)
Memory usage after reset: 4310.234375 MiB (Increase: 0.0 MiB)
Current lengths of episodes: [85, 164, 80, 164, 15]
Memory usage at done (index 0, length 85, since_prev 16): 4310.234375 MiB (Increase: 0.0 MiB)
Memory usage before reset: 4310.234375 MiB (Increase: 0.0 MiB)
Memory usage after reset: 4310.234375 MiB (Increase: 0.0 MiB)
Training episode 145
Memory usage at middle: 4310.234375 MiB (Increase: 0.0 MiB)
Memory usage before collect: 4310.234375 MiB (Increase: 0.0 MiB)
Memory usage after collect: 4310.234375 MiB (Increase: 0.0 MiB)
Memory usage before initialization: 4310.234375 MiB (Increase: 0.0 MiB)
Memory usage after initialization: 4310.234375 MiB (Increase: 0.0 MiB)
Current lengths of episodes: [76, 76, 76, 75, 75]
Memory usage at done (index 2, length 76, since_prev 76): 4310.234375 MiB (Increase: 0.0 MiB)
Memory usage before reset: 4310.234375 MiB (Increase: 0.0 MiB)
Memory usage after reset: 4310.234375 MiB (Increase: 0.0 MiB)
Current lengths of episodes: [136, 136, 60, 135, 135]
Memory usage at done (index 2, length 60, since_prev 60): 4310.234375 MiB (Increase: 0.0 MiB)
Memory usage before reset: 4310.234375 MiB (Increase: 0.0 MiB)
Memory usage after reset: 4310.234375 MiB (Increase: 0.0 MiB)
Current lengths of episodes: [205, 205, 69, 204, 204]
Memory usage at done (index 2, length 69, since_prev 69): 4310.234375 MiB (Increase: 0.0 MiB)
Memory usage before reset: 4310.234375 MiB (Increase: 0.0 MiB)
Memory usage after reset: 4310.234375 MiB (Increase: 0.0 MiB)
Current lengths of episodes: [1600, 1599, 1394, 1599, 1599]
Memory usage at done (index 0, length 1600, since_prev 1395): 4310.234375 MiB (Increase: 0.0 MiB)
Memory usage before reset: 4310.234375 MiB (Increase: 0.0 MiB)
Memory usage after reset: 4310.234375 MiB (Increase: 0.0 MiB)
Current lengths of episodes: [0, 1600, 1394, 1599, 1599]
Memory usage at done (index 1, length 1600, since_prev 0): 4310.234375 MiB (Increase: 0.0 MiB)
Memory usage before reset: 4310.234375 MiB (Increase: 0.0 MiB)
Memory usage after reset: 4310.234375 MiB (Increase: 0.0 MiB)
Training episode 150
Memory usage at middle: 4310.234375 MiB (Increase: 0.0 MiB)
Memory usage before collect: 4310.234375 MiB (Increase: 0.0 MiB)
Memory usage after collect: 4310.234375 MiB (Increase: 0.0 MiB)
Episode 150	Average evaluation: -98.04944891470336
Memory usage before initialization: 4310.234375 MiB (Increase: 0.0 MiB)
Memory usage after initialization: 4310.234375 MiB (Increase: 0.0 MiB)
Current lengths of episodes: [1600, 1599, 1599, 1599, 1599]
Memory usage at done (index 0, length 1600, since_prev 1600): 4310.234375 MiB (Increase: 0.0 MiB)
Memory usage before reset: 4310.234375 MiB (Increase: 0.0 MiB)
Memory usage after reset: 4310.234375 MiB (Increase: 0.0 MiB)
Current lengths of episodes: [0, 1600, 1599, 1599, 1599]
Memory usage at done (index 1, length 1600, since_prev 0): 4310.234375 MiB (Increase: 0.0 MiB)
Memory usage before reset: 4310.234375 MiB (Increase: 0.0 MiB)
Memory usage after reset: 4310.234375 MiB (Increase: 0.0 MiB)
Current lengths of episodes: [0, 0, 1600, 1599, 1599]
Memory usage at done (index 2, length 1600, since_prev 0): 4310.234375 MiB (Increase: 0.0 MiB)
Memory usage before reset: 4310.234375 MiB (Increase: 0.0 MiB)
Memory usage after reset: 4310.234375 MiB (Increase: 0.0 MiB)
Current lengths of episodes: [0, 0, 0, 1600, 1599]
Memory usage at done (index 3, length 1600, since_prev 0): 4310.234375 MiB (Increase: 0.0 MiB)
Memory usage before reset: 4310.234375 MiB (Increase: 0.0 MiB)
Memory usage after reset: 4310.234375 MiB (Increase: 0.0 MiB)
Current lengths of episodes: [0, 0, 0, 0, 1600]
Memory usage at done (index 4, length 1600, since_prev 0): 4310.234375 MiB (Increase: 0.0 MiB)
Memory usage before reset: 4310.234375 MiB (Increase: 0.0 MiB)
Memory usage after reset: 4310.234375 MiB (Increase: 0.0 MiB)
Training episode 155
Memory usage at middle: 4310.234375 MiB (Increase: 0.0 MiB)
Memory usage before collect: 4310.234375 MiB (Increase: 0.0 MiB)
Memory usage after collect: 4310.234375 MiB (Increase: 0.0 MiB)
Memory usage before initialization: 4310.234375 MiB (Increase: 0.0 MiB)
Memory usage after initialization: 4310.234375 MiB (Increase: 0.0 MiB)
Current lengths of episodes: [64, 64, 64, 63, 63]
Memory usage at done (index 2, length 64, since_prev 64): 4310.234375 MiB (Increase: 0.0 MiB)
Memory usage before reset: 4310.234375 MiB (Increase: 0.0 MiB)
Memory usage after reset: 4310.234375 MiB (Increase: 0.0 MiB)
Current lengths of episodes: [64, 64, 0, 64, 64]
Memory usage at done (index 4, length 64, since_prev 0): 4310.234375 MiB (Increase: 0.0 MiB)
Memory usage before reset: 4310.234375 MiB (Increase: 0.0 MiB)
Memory usage after reset: 4310.234375 MiB (Increase: 0.0 MiB)
Current lengths of episodes: [142, 142, 78, 141, 77]
Memory usage at done (index 2, length 78, since_prev 78): 4310.234375 MiB (Increase: 0.0 MiB)
Memory usage before reset: 4310.234375 MiB (Increase: 0.0 MiB)
Memory usage after reset: 4310.234375 MiB (Increase: 0.0 MiB)
Current lengths of episodes: [176, 176, 34, 176, 112]
Memory usage at done (index 4, length 112, since_prev 34): 4310.234375 MiB (Increase: 0.0 MiB)
Memory usage before reset: 4310.234375 MiB (Increase: 0.0 MiB)
Memory usage after reset: 4310.234375 MiB (Increase: 0.0 MiB)
Current lengths of episodes: [208, 207, 65, 207, 31]
Memory usage at done (index 0, length 208, since_prev 32): 4310.234375 MiB (Increase: 0.0 MiB)
Memory usage before reset: 4310.234375 MiB (Increase: 0.0 MiB)
Memory usage after reset: 4310.234375 MiB (Increase: 0.0 MiB)
Training episode 160
Memory usage at middle: 4310.234375 MiB (Increase: 0.0 MiB)
Memory usage before collect: 4310.234375 MiB (Increase: 0.0 MiB)
Memory usage after collect: 4310.234375 MiB (Increase: 0.0 MiB)
Memory usage before initialization: 4310.234375 MiB (Increase: 0.0 MiB)
Memory usage after initialization: 4310.234375 MiB (Increase: 0.0 MiB)
Current lengths of episodes: [45, 44, 44, 44, 44]
Memory usage at done (index 0, length 45, since_prev 45): 4310.234375 MiB (Increase: 0.0 MiB)
Memory usage before reset: 4310.234375 MiB (Increase: 0.0 MiB)
Memory usage after reset: 4310.234375 MiB (Increase: 0.0 MiB)
Current lengths of episodes: [0, 45, 45, 45, 44]
Memory usage at done (index 3, length 45, since_prev 0): 4310.234375 MiB (Increase: 0.0 MiB)
Memory usage before reset: 4310.234375 MiB (Increase: 0.0 MiB)
Memory usage after reset: 4310.234375 MiB (Increase: 0.0 MiB)
Current lengths of episodes: [11, 56, 56, 11, 56]
Memory usage at done (index 4, length 56, since_prev 11): 4310.234375 MiB (Increase: 0.0 MiB)
Memory usage before reset: 4310.234375 MiB (Increase: 0.0 MiB)
Memory usage after reset: 4310.234375 MiB (Increase: 0.0 MiB)
Current lengths of episodes: [50, 95, 94, 49, 38]
Memory usage at done (index 1, length 95, since_prev 39): 4310.234375 MiB (Increase: 0.0 MiB)
Memory usage before reset: 4310.234375 MiB (Increase: 0.0 MiB)
Memory usage after reset: 4310.234375 MiB (Increase: 0.0 MiB)
Current lengths of episodes: [104, 54, 149, 104, 93]
Memory usage at done (index 4, length 93, since_prev 54): 4310.234375 MiB (Increase: 0.0 MiB)
Memory usage before reset: 4310.234375 MiB (Increase: 0.0 MiB)
Memory usage after reset: 4310.234375 MiB (Increase: 0.0 MiB)
Training episode 165
Memory usage at middle: 4310.234375 MiB (Increase: 0.0 MiB)
Memory usage before collect: 4310.234375 MiB (Increase: 0.0 MiB)
Memory usage after collect: 4310.234375 MiB (Increase: 0.0 MiB)
Memory usage before initialization: 4310.234375 MiB (Increase: 0.0 MiB)
Memory usage after initialization: 4310.234375 MiB (Increase: 0.0 MiB)
Current lengths of episodes: [56, 56, 56, 55, 55]
Memory usage at done (index 2, length 56, since_prev 56): 4310.234375 MiB (Increase: 0.0 MiB)
Memory usage before reset: 4310.234375 MiB (Increase: 0.0 MiB)
Memory usage after reset: 4310.234375 MiB (Increase: 0.0 MiB)
Current lengths of episodes: [65, 65, 8, 64, 64]
Memory usage at done (index 1, length 65, since_prev 9): 4310.234375 MiB (Increase: 0.0 MiB)
Memory usage before reset: 4310.234375 MiB (Increase: 0.0 MiB)
Memory usage after reset: 4310.234375 MiB (Increase: 0.0 MiB)
Current lengths of episodes: [161, 96, 105, 160, 160]
Memory usage at done (index 2, length 105, since_prev 96): 4310.234375 MiB (Increase: 0.0 MiB)
Memory usage before reset: 4310.234375 MiB (Increase: 0.0 MiB)
Memory usage after reset: 4310.234375 MiB (Increase: 0.0 MiB)
Current lengths of episodes: [175, 110, 13, 174, 174]
Memory usage at done (index 1, length 110, since_prev 14): 4310.234375 MiB (Increase: 0.0 MiB)
Memory usage before reset: 4310.234375 MiB (Increase: 0.0 MiB)
Memory usage after reset: 4310.234375 MiB (Increase: 0.0 MiB)
Current lengths of episodes: [1600, 1424, 1438, 1599, 1599]
Memory usage at done (index 0, length 1600, since_prev 1425): 4310.234375 MiB (Increase: 0.0 MiB)
Memory usage before reset: 4310.234375 MiB (Increase: 0.0 MiB)
Memory usage after reset: 4310.234375 MiB (Increase: 0.0 MiB)
Training episode 170
Memory usage at middle: 4310.234375 MiB (Increase: 0.0 MiB)
Memory usage before collect: 4310.234375 MiB (Increase: 0.0 MiB)
Memory usage after collect: 4310.234375 MiB (Increase: 0.0 MiB)
Memory usage before initialization: 4310.234375 MiB (Increase: 0.0 MiB)
Memory usage after initialization: 4310.234375 MiB (Increase: 0.0 MiB)
Current lengths of episodes: [69, 69, 69, 69, 68]
Memory usage at done (index 3, length 69, since_prev 69): 4310.234375 MiB (Increase: 0.0 MiB)
Memory usage before reset: 4310.234375 MiB (Increase: 0.0 MiB)
Memory usage after reset: 4310.234375 MiB (Increase: 0.0 MiB)
Current lengths of episodes: [73, 73, 73, 4, 73]
Memory usage at done (index 4, length 73, since_prev 4): 4310.234375 MiB (Increase: 0.0 MiB)
Memory usage before reset: 4310.234375 MiB (Increase: 0.0 MiB)
Memory usage after reset: 4310.234375 MiB (Increase: 0.0 MiB)
Current lengths of episodes: [153, 153, 153, 83, 79]
Memory usage at done (index 2, length 153, since_prev 80): 4310.234375 MiB (Increase: 0.0 MiB)
Memory usage before reset: 4310.234375 MiB (Increase: 0.0 MiB)
Memory usage after reset: 4310.234375 MiB (Increase: 0.0 MiB)
Current lengths of episodes: [224, 224, 71, 154, 150]
Memory usage at done (index 2, length 71, since_prev 71): 4310.234375 MiB (Increase: 0.0 MiB)
Memory usage before reset: 4310.234375 MiB (Increase: 0.0 MiB)
Memory usage after reset: 4310.234375 MiB (Increase: 0.0 MiB)
Current lengths of episodes: [407, 407, 183, 338, 334]
Memory usage at done (index 4, length 334, since_prev 183): 4310.234375 MiB (Increase: 0.0 MiB)
Memory usage before reset: 4310.234375 MiB (Increase: 0.0 MiB)
Memory usage after reset: 4310.234375 MiB (Increase: 0.0 MiB)
Training episode 175
Memory usage at middle: 4310.234375 MiB (Increase: 0.0 MiB)
Memory usage before collect: 4310.234375 MiB (Increase: 0.0 MiB)
Memory usage after collect: 4310.234375 MiB (Increase: 0.0 MiB)
Memory usage before initialization: 4310.234375 MiB (Increase: 0.0 MiB)
Memory usage after initialization: 4310.234375 MiB (Increase: 0.0 MiB)
Current lengths of episodes: [66, 66, 66, 65, 65]
Memory usage at done (index 2, length 66, since_prev 66): 4310.234375 MiB (Increase: 0.0 MiB)
Memory usage before reset: 4310.234375 MiB (Increase: 0.0 MiB)
Memory usage after reset: 4310.234375 MiB (Increase: 0.0 MiB)
Current lengths of episodes: [1600, 1599, 1533, 1599, 1599]
Memory usage at done (index 0, length 1600, since_prev 1534): 4310.234375 MiB (Increase: 0.0 MiB)
Memory usage before reset: 4310.234375 MiB (Increase: 0.0 MiB)
Memory usage after reset: 4310.234375 MiB (Increase: 0.0 MiB)
Current lengths of episodes: [0, 1600, 1533, 1599, 1599]
Memory usage at done (index 1, length 1600, since_prev 0): 4310.234375 MiB (Increase: 0.0 MiB)
Memory usage before reset: 4310.234375 MiB (Increase: 0.0 MiB)
Memory usage after reset: 4310.234375 MiB (Increase: 0.0 MiB)
Current lengths of episodes: [0, 0, 1534, 1600, 1599]
Memory usage at done (index 3, length 1600, since_prev 0): 4310.234375 MiB (Increase: 0.0 MiB)
Memory usage before reset: 4310.234375 MiB (Increase: 0.0 MiB)
Memory usage after reset: 4310.234375 MiB (Increase: 0.0 MiB)
Current lengths of episodes: [0, 0, 1534, 0, 1600]
Memory usage at done (index 4, length 1600, since_prev 0): 4310.234375 MiB (Increase: 0.0 MiB)
Memory usage before reset: 4310.234375 MiB (Increase: 0.0 MiB)
Memory usage after reset: 4310.234375 MiB (Increase: 0.0 MiB)
Training episode 180
Memory usage at middle: 4310.234375 MiB (Increase: 0.0 MiB)
Memory usage before collect: 4310.234375 MiB (Increase: 0.0 MiB)
Memory usage after collect: 4310.234375 MiB (Increase: 0.0 MiB)
Memory usage before initialization: 4310.234375 MiB (Increase: 0.0 MiB)
Memory usage after initialization: 4310.234375 MiB (Increase: 0.0 MiB)
Current lengths of episodes: [68, 68, 68, 68, 68]
Memory usage at done (index 4, length 68, since_prev 68): 4310.234375 MiB (Increase: 0.0 MiB)
Memory usage before reset: 4310.234375 MiB (Increase: 0.0 MiB)
Memory usage after reset: 4310.234375 MiB (Increase: 0.0 MiB)
Current lengths of episodes: [69, 69, 68, 68, 0]
Memory usage at done (index 1, length 69, since_prev 1): 4310.234375 MiB (Increase: 0.0 MiB)
Memory usage before reset: 4310.234375 MiB (Increase: 0.0 MiB)
Memory usage after reset: 4310.234375 MiB (Increase: 0.0 MiB)
Current lengths of episodes: [79, 9, 78, 78, 10]
Memory usage at done (index 0, length 79, since_prev 10): 4310.234375 MiB (Increase: 0.0 MiB)
Memory usage before reset: 4310.234375 MiB (Increase: 0.0 MiB)
Memory usage after reset: 4310.234375 MiB (Increase: 0.0 MiB)
Current lengths of episodes: [0, 10, 79, 78, 10]
Memory usage at done (index 2, length 79, since_prev 0): 4310.234375 MiB (Increase: 0.0 MiB)
Memory usage before reset: 4310.234375 MiB (Increase: 0.0 MiB)
Memory usage after reset: 4310.234375 MiB (Increase: 0.0 MiB)
Current lengths of episodes: [5, 15, 5, 84, 15]
Memory usage at done (index 3, length 84, since_prev 5): 4310.234375 MiB (Increase: 0.0 MiB)
Memory usage before reset: 4310.234375 MiB (Increase: 0.0 MiB)
Memory usage after reset: 4310.234375 MiB (Increase: 0.0 MiB)
Training episode 185
Memory usage at middle: 4310.234375 MiB (Increase: 0.0 MiB)
Memory usage before collect: 4310.234375 MiB (Increase: 0.0 MiB)
Memory usage after collect: 4310.234375 MiB (Increase: 0.0 MiB)
Memory usage before initialization: 4310.234375 MiB (Increase: 0.0 MiB)
Memory usage after initialization: 4310.234375 MiB (Increase: 0.0 MiB)
Current lengths of episodes: [97, 97, 97, 97, 96]
Memory usage at done (index 3, length 97, since_prev 97): 4310.234375 MiB (Increase: 0.0 MiB)
Memory usage before reset: 4310.234375 MiB (Increase: 0.0 MiB)
Memory usage after reset: 4310.234375 MiB (Increase: 0.0 MiB)
Current lengths of episodes: [103, 103, 103, 5, 102]
Memory usage at done (index 2, length 103, since_prev 6): 4310.234375 MiB (Increase: 0.0 MiB)
Memory usage before reset: 4310.234375 MiB (Increase: 0.0 MiB)
Memory usage after reset: 4310.234375 MiB (Increase: 0.0 MiB)
Current lengths of episodes: [142, 142, 39, 45, 141]
Memory usage at done (index 3, length 45, since_prev 39): 4310.234375 MiB (Increase: 0.0 MiB)
Memory usage before reset: 4310.234375 MiB (Increase: 0.0 MiB)
Memory usage after reset: 4310.234375 MiB (Increase: 0.0 MiB)
Current lengths of episodes: [173, 173, 70, 30, 172]
Memory usage at done (index 2, length 70, since_prev 31): 4310.234375 MiB (Increase: 0.0 MiB)
Memory usage before reset: 4310.234375 MiB (Increase: 0.0 MiB)
Memory usage after reset: 4310.234375 MiB (Increase: 0.0 MiB)
Current lengths of episodes: [287, 287, 114, 144, 286]
Memory usage at done (index 2, length 114, since_prev 114): 4310.234375 MiB (Increase: 0.0 MiB)
Memory usage before reset: 4310.234375 MiB (Increase: 0.0 MiB)
Memory usage after reset: 4310.234375 MiB (Increase: 0.0 MiB)
Training episode 190
Memory usage at middle: 4310.234375 MiB (Increase: 0.0 MiB)
Memory usage before collect: 4310.234375 MiB (Increase: 0.0 MiB)
Memory usage after collect: 4310.234375 MiB (Increase: 0.0 MiB)
Memory usage before initialization: 4310.234375 MiB (Increase: 0.0 MiB)
Memory usage after initialization: 4310.234375 MiB (Increase: 0.0 MiB)
Current lengths of episodes: [72, 72, 72, 71, 71]
Memory usage at done (index 2, length 72, since_prev 72): 4310.234375 MiB (Increase: 0.0 MiB)
Memory usage before reset: 4310.234375 MiB (Increase: 0.0 MiB)
Memory usage after reset: 4310.234375 MiB (Increase: 0.0 MiB)
Current lengths of episodes: [80, 80, 8, 80, 79]
Memory usage at done (index 3, length 80, since_prev 8): 4310.234375 MiB (Increase: 0.0 MiB)
Memory usage before reset: 4310.234375 MiB (Increase: 0.0 MiB)
Memory usage after reset: 4310.234375 MiB (Increase: 0.0 MiB)
Current lengths of episodes: [151, 151, 79, 71, 150]
Memory usage at done (index 3, length 71, since_prev 71): 4310.234375 MiB (Increase: 0.0 MiB)
Memory usage before reset: 4310.234375 MiB (Increase: 0.0 MiB)
Memory usage after reset: 4310.234375 MiB (Increase: 0.0 MiB)
Current lengths of episodes: [1600, 1599, 1527, 1448, 1599]
Memory usage at done (index 0, length 1600, since_prev 1449): 4310.234375 MiB (Increase: 0.0 MiB)
Memory usage before reset: 4310.234375 MiB (Increase: 0.0 MiB)
Memory usage after reset: 4310.234375 MiB (Increase: 0.0 MiB)
Current lengths of episodes: [0, 1600, 1527, 1448, 1599]
Memory usage at done (index 1, length 1600, since_prev 0): 4310.234375 MiB (Increase: 0.0 MiB)
Memory usage before reset: 4310.234375 MiB (Increase: 0.0 MiB)
Memory usage after reset: 4310.234375 MiB (Increase: 0.0 MiB)
Training episode 195
Memory usage at middle: 4310.234375 MiB (Increase: 0.0 MiB)
Memory usage before collect: 4310.234375 MiB (Increase: 0.0 MiB)
Memory usage after collect: 4310.234375 MiB (Increase: 0.0 MiB)
Memory usage before initialization: 4310.234375 MiB (Increase: 0.0 MiB)
Memory usage after initialization: 4310.234375 MiB (Increase: 0.0 MiB)
Current lengths of episodes: [69, 69, 69, 69, 69]
Memory usage at done (index 4, length 69, since_prev 69): 4310.234375 MiB (Increase: 0.0 MiB)
Memory usage before reset: 4310.234375 MiB (Increase: 0.0 MiB)
Memory usage after reset: 4310.234375 MiB (Increase: 0.0 MiB)
Current lengths of episodes: [92, 92, 92, 91, 22]
Memory usage at done (index 2, length 92, since_prev 23): 4310.234375 MiB (Increase: 0.0 MiB)
Memory usage before reset: 4310.234375 MiB (Increase: 0.0 MiB)
Memory usage after reset: 4310.234375 MiB (Increase: 0.0 MiB)
Current lengths of episodes: [159, 159, 67, 159, 89]
Memory usage at done (index 3, length 159, since_prev 67): 4310.234375 MiB (Increase: 0.0 MiB)
Memory usage before reset: 4310.234375 MiB (Increase: 0.0 MiB)
Memory usage after reset: 4310.234375 MiB (Increase: 0.0 MiB)
Current lengths of episodes: [167, 167, 75, 7, 97]
Memory usage at done (index 2, length 75, since_prev 8): 4310.234375 MiB (Increase: 0.0 MiB)
Memory usage before reset: 4310.234375 MiB (Increase: 0.0 MiB)
Memory usage after reset: 4310.234375 MiB (Increase: 0.0 MiB)
Current lengths of episodes: [227, 227, 60, 68, 157]
Memory usage at done (index 3, length 68, since_prev 60): 4310.234375 MiB (Increase: 0.0 MiB)
Memory usage before reset: 4310.234375 MiB (Increase: 0.0 MiB)
Memory usage after reset: 4310.234375 MiB (Increase: 0.0 MiB)
Training episode 200
Memory usage at middle: 4310.234375 MiB (Increase: 0.0 MiB)
Memory usage before collect: 4310.234375 MiB (Increase: 0.0 MiB)
Memory usage after collect: 4310.234375 MiB (Increase: 0.0 MiB)
Episode 200	Average evaluation: -91.15935421685043
Memory usage before initialization: 4310.234375 MiB (Increase: 0.0 MiB)
Memory usage after initialization: 4310.234375 MiB (Increase: 0.0 MiB)
Current lengths of episodes: [70, 70, 70, 69, 69]
Memory usage at done (index 2, length 70, since_prev 70): 4310.234375 MiB (Increase: 0.0 MiB)
Memory usage before reset: 4310.234375 MiB (Increase: 0.0 MiB)
Memory usage after reset: 4310.234375 MiB (Increase: 0.0 MiB)
Current lengths of episodes: [90, 89, 19, 89, 89]
Memory usage at done (index 0, length 90, since_prev 20): 4310.234375 MiB (Increase: 0.0 MiB)
Memory usage before reset: 4310.234375 MiB (Increase: 0.0 MiB)
Memory usage after reset: 4310.234375 MiB (Increase: 0.0 MiB)
Current lengths of episodes: [12, 102, 32, 102, 102]
Memory usage at done (index 4, length 102, since_prev 12): 4310.234375 MiB (Increase: 0.0 MiB)
Memory usage before reset: 4310.234375 MiB (Increase: 0.0 MiB)
Memory usage after reset: 4310.234375 MiB (Increase: 0.0 MiB)
Current lengths of episodes: [23, 113, 43, 112, 10]
Memory usage at done (index 2, length 43, since_prev 11): 4310.234375 MiB (Increase: 0.0 MiB)
Memory usage before reset: 4310.234375 MiB (Increase: 0.0 MiB)
Memory usage after reset: 4310.234375 MiB (Increase: 0.0 MiB)
Current lengths of episodes: [53, 142, 29, 142, 40]
Memory usage at done (index 0, length 53, since_prev 30): 4310.234375 MiB (Increase: 0.0 MiB)
Memory usage before reset: 4310.234375 MiB (Increase: 0.0 MiB)
Memory usage after reset: 4310.234375 MiB (Increase: 0.0 MiB)
Training episode 205
Memory usage at middle: 4310.234375 MiB (Increase: 0.0 MiB)
Memory usage before collect: 4310.234375 MiB (Increase: 0.0 MiB)
Memory usage after collect: 4310.234375 MiB (Increase: 0.0 MiB)
Memory usage before initialization: 4310.234375 MiB (Increase: 0.0 MiB)
Memory usage after initialization: 4310.234375 MiB (Increase: 0.0 MiB)
Current lengths of episodes: [74, 73, 73, 73, 73]
Memory usage at done (index 0, length 74, since_prev 74): 4310.234375 MiB (Increase: 0.0 MiB)
Memory usage before reset: 4310.234375 MiB (Increase: 0.0 MiB)
Memory usage after reset: 4310.234375 MiB (Increase: 0.0 MiB)
Current lengths of episodes: [170, 244, 244, 243, 243]
Memory usage at done (index 2, length 244, since_prev 170): 4310.234375 MiB (Increase: 0.0 MiB)
Memory usage before reset: 4310.234375 MiB (Increase: 0.0 MiB)
Memory usage after reset: 4310.234375 MiB (Increase: 0.0 MiB)
Current lengths of episodes: [1526, 1600, 1355, 1599, 1599]
Memory usage at done (index 1, length 1600, since_prev 1356): 4310.234375 MiB (Increase: 0.0 MiB)
Memory usage before reset: 4310.234375 MiB (Increase: 0.0 MiB)
Memory usage after reset: 4310.234375 MiB (Increase: 0.0 MiB)
Current lengths of episodes: [1526, 0, 1356, 1600, 1599]
Memory usage at done (index 3, length 1600, since_prev 0): 4310.234375 MiB (Increase: 0.0 MiB)
Memory usage before reset: 4310.234375 MiB (Increase: 0.0 MiB)
Memory usage after reset: 4310.234375 MiB (Increase: 0.0 MiB)
Current lengths of episodes: [1526, 0, 1356, 0, 1600]
Memory usage at done (index 4, length 1600, since_prev 0): 4310.234375 MiB (Increase: 0.0 MiB)
Memory usage before reset: 4310.234375 MiB (Increase: 0.0 MiB)
Memory usage after reset: 4310.234375 MiB (Increase: 0.0 MiB)
Training episode 210
Memory usage at middle: 4310.234375 MiB (Increase: 0.0 MiB)
Memory usage before collect: 4310.234375 MiB (Increase: 0.0 MiB)
Memory usage after collect: 4310.234375 MiB (Increase: 0.0 MiB)
Memory usage before initialization: 4310.234375 MiB (Increase: 0.0 MiB)
Memory usage after initialization: 4310.234375 MiB (Increase: 0.0 MiB)
Current lengths of episodes: [66, 66, 66, 66, 66]
Memory usage at done (index 4, length 66, since_prev 66): 4310.234375 MiB (Increase: 0.0 MiB)
Memory usage before reset: 4310.234375 MiB (Increase: 0.0 MiB)
Memory usage after reset: 4310.234375 MiB (Increase: 0.0 MiB)
Current lengths of episodes: [80, 80, 79, 79, 13]
Memory usage at done (index 1, length 80, since_prev 14): 4310.234375 MiB (Increase: 0.0 MiB)
Memory usage before reset: 4310.234375 MiB (Increase: 0.0 MiB)
Memory usage after reset: 4310.234375 MiB (Increase: 0.0 MiB)
Current lengths of episodes: [142, 62, 141, 141, 75]
Memory usage at done (index 1, length 62, since_prev 62): 4310.234375 MiB (Increase: 0.0 MiB)
Memory usage before reset: 4310.234375 MiB (Increase: 0.0 MiB)
Memory usage after reset: 4310.234375 MiB (Increase: 0.0 MiB)
Current lengths of episodes: [1600, 1457, 1599, 1599, 1533]
Memory usage at done (index 0, length 1600, since_prev 1458): 4310.234375 MiB (Increase: 0.0 MiB)
Memory usage before reset: 4310.234375 MiB (Increase: 0.0 MiB)
Memory usage after reset: 4310.234375 MiB (Increase: 0.0 MiB)
Current lengths of episodes: [0, 1458, 1600, 1599, 1533]
Memory usage at done (index 2, length 1600, since_prev 0): 4310.234375 MiB (Increase: 0.0 MiB)
Memory usage before reset: 4310.234375 MiB (Increase: 0.0 MiB)
Memory usage after reset: 4310.234375 MiB (Increase: 0.0 MiB)
Training episode 215
Memory usage at middle: 4310.234375 MiB (Increase: 0.0 MiB)
Memory usage before collect: 4310.234375 MiB (Increase: 0.0 MiB)
Memory usage after collect: 4310.234375 MiB (Increase: 0.0 MiB)
Memory usage before initialization: 4310.234375 MiB (Increase: 0.0 MiB)
Memory usage after initialization: 4310.234375 MiB (Increase: 0.0 MiB)
Current lengths of episodes: [42, 42, 42, 41, 41]
Memory usage at done (index 2, length 42, since_prev 42): 4310.234375 MiB (Increase: 0.0 MiB)
Memory usage before reset: 4310.234375 MiB (Increase: 0.0 MiB)
Memory usage after reset: 4310.234375 MiB (Increase: 0.0 MiB)
Current lengths of episodes: [1600, 1599, 1557, 1599, 1599]
Memory usage at done (index 0, length 1600, since_prev 1558): 4310.234375 MiB (Increase: 0.0 MiB)
Memory usage before reset: 4310.234375 MiB (Increase: 0.0 MiB)
Memory usage after reset: 4310.234375 MiB (Increase: 0.0 MiB)
Current lengths of episodes: [0, 1600, 1557, 1599, 1599]
Memory usage at done (index 1, length 1600, since_prev 0): 4310.234375 MiB (Increase: 0.0 MiB)
Memory usage before reset: 4310.234375 MiB (Increase: 0.0 MiB)
Memory usage after reset: 4310.234375 MiB (Increase: 0.0 MiB)
Current lengths of episodes: [0, 0, 1558, 1600, 1599]
Memory usage at done (index 3, length 1600, since_prev 0): 4310.234375 MiB (Increase: 0.0 MiB)
Memory usage before reset: 4310.234375 MiB (Increase: 0.0 MiB)
Memory usage after reset: 4310.234375 MiB (Increase: 0.0 MiB)
Current lengths of episodes: [0, 0, 1558, 0, 1600]
Memory usage at done (index 4, length 1600, since_prev 0): 4310.234375 MiB (Increase: 0.0 MiB)
Memory usage before reset: 4310.234375 MiB (Increase: 0.0 MiB)
Memory usage after reset: 4310.234375 MiB (Increase: 0.0 MiB)
Training episode 220
Memory usage at middle: 4310.234375 MiB (Increase: 0.0 MiB)
Memory usage before collect: 4310.234375 MiB (Increase: 0.0 MiB)
Memory usage after collect: 4310.234375 MiB (Increase: 0.0 MiB)
Memory usage before initialization: 4310.234375 MiB (Increase: 0.0 MiB)
Memory usage after initialization: 4310.234375 MiB (Increase: 0.0 MiB)
Current lengths of episodes: [51, 51, 51, 51, 50]
Memory usage at done (index 3, length 51, since_prev 51): 4310.234375 MiB (Increase: 0.0 MiB)
Memory usage before reset: 4310.234375 MiB (Increase: 0.0 MiB)
Memory usage after reset: 4310.234375 MiB (Increase: 0.0 MiB)
Current lengths of episodes: [61, 61, 61, 9, 60]
Memory usage at done (index 2, length 61, since_prev 10): 4310.234375 MiB (Increase: 0.0 MiB)
Memory usage before reset: 4310.234375 MiB (Increase: 0.0 MiB)
Memory usage after reset: 4310.234375 MiB (Increase: 0.0 MiB)
Current lengths of episodes: [100, 99, 38, 48, 99]
Memory usage at done (index 0, length 100, since_prev 39): 4310.234375 MiB (Increase: 0.0 MiB)
Memory usage before reset: 4310.234375 MiB (Increase: 0.0 MiB)
Memory usage after reset: 4310.234375 MiB (Increase: 0.0 MiB)
Current lengths of episodes: [35, 135, 74, 83, 134]
Memory usage at done (index 2, length 74, since_prev 35): 4310.234375 MiB (Increase: 0.0 MiB)
Memory usage before reset: 4310.234375 MiB (Increase: 0.0 MiB)
Memory usage after reset: 4310.234375 MiB (Increase: 0.0 MiB)
Current lengths of episodes: [115, 215, 80, 163, 214]
Memory usage at done (index 2, length 80, since_prev 80): 4310.234375 MiB (Increase: 0.0 MiB)
Memory usage before reset: 4310.234375 MiB (Increase: 0.0 MiB)
Memory usage after reset: 4310.234375 MiB (Increase: 0.0 MiB)
Training episode 225
Memory usage at middle: 4310.234375 MiB (Increase: 0.0 MiB)
Memory usage before collect: 4310.234375 MiB (Increase: 0.0 MiB)
Memory usage after collect: 4310.234375 MiB (Increase: 0.0 MiB)
Memory usage before initialization: 4310.234375 MiB (Increase: 0.0 MiB)
Memory usage after initialization: 4310.234375 MiB (Increase: 0.0 MiB)
Current lengths of episodes: [51, 50, 50, 50, 50]
Memory usage at done (index 0, length 51, since_prev 51): 4310.234375 MiB (Increase: 0.0 MiB)
Memory usage before reset: 4310.234375 MiB (Increase: 0.0 MiB)
Memory usage after reset: 4310.234375 MiB (Increase: 0.0 MiB)
Current lengths of episodes: [35, 86, 86, 86, 86]
Memory usage at done (index 4, length 86, since_prev 35): 4310.234375 MiB (Increase: 0.0 MiB)
Memory usage before reset: 4310.234375 MiB (Increase: 0.0 MiB)
Memory usage after reset: 4310.234375 MiB (Increase: 0.0 MiB)
Current lengths of episodes: [73, 123, 123, 123, 37]
Memory usage at done (index 0, length 73, since_prev 38): 4310.234375 MiB (Increase: 0.0 MiB)
Memory usage before reset: 4310.234375 MiB (Increase: 0.0 MiB)
Memory usage after reset: 4310.234375 MiB (Increase: 0.0 MiB)
Current lengths of episodes: [59, 182, 182, 182, 96]
Memory usage at done (index 0, length 59, since_prev 59): 4310.234375 MiB (Increase: 0.0 MiB)
Memory usage before reset: 4310.234375 MiB (Increase: 0.0 MiB)
Memory usage after reset: 4310.234375 MiB (Increase: 0.0 MiB)
Current lengths of episodes: [227, 410, 410, 410, 323]
Memory usage at done (index 3, length 410, since_prev 227): 4310.234375 MiB (Increase: 0.0 MiB)
Memory usage before reset: 4310.234375 MiB (Increase: 0.0 MiB)
Memory usage after reset: 4310.234375 MiB (Increase: 0.0 MiB)
Training episode 230
Memory usage at middle: 4310.234375 MiB (Increase: 0.0 MiB)
Memory usage before collect: 4310.234375 MiB (Increase: 0.0 MiB)
Memory usage after collect: 4310.234375 MiB (Increase: 0.0 MiB)
Memory usage before initialization: 4310.234375 MiB (Increase: 0.0 MiB)
Memory usage after initialization: 4310.234375 MiB (Increase: 0.0 MiB)
Current lengths of episodes: [57, 57, 57, 57, 57]
Memory usage at done (index 4, length 57, since_prev 57): 4310.234375 MiB (Increase: 0.0 MiB)
Memory usage before reset: 4310.234375 MiB (Increase: 0.0 MiB)
Memory usage after reset: 4310.234375 MiB (Increase: 0.0 MiB)
Current lengths of episodes: [94, 94, 93, 93, 36]
Memory usage at done (index 1, length 94, since_prev 37): 4310.234375 MiB (Increase: 0.0 MiB)
Memory usage before reset: 4310.234375 MiB (Increase: 0.0 MiB)
Memory usage after reset: 4310.234375 MiB (Increase: 0.0 MiB)
Current lengths of episodes: [141, 47, 141, 141, 84]
Memory usage at done (index 4, length 84, since_prev 47): 4310.234375 MiB (Increase: 0.0 MiB)
Memory usage before reset: 4310.234375 MiB (Increase: 0.0 MiB)
Memory usage after reset: 4310.234375 MiB (Increase: 0.0 MiB)
Current lengths of episodes: [290, 196, 290, 290, 148]
Memory usage at done (index 3, length 290, since_prev 149): 4310.234375 MiB (Increase: 0.0 MiB)
Memory usage before reset: 4310.234375 MiB (Increase: 0.0 MiB)
Memory usage after reset: 4310.234375 MiB (Increase: 0.0 MiB)
Current lengths of episodes: [1552, 1458, 1552, 1261, 1410]
Memory usage at done (index 2, length 1552, since_prev 1262): 4310.234375 MiB (Increase: 0.0 MiB)
Memory usage before reset: 4310.234375 MiB (Increase: 0.0 MiB)
Memory usage after reset: 4310.234375 MiB (Increase: 0.0 MiB)
Training episode 235
Memory usage at middle: 4310.234375 MiB (Increase: 0.0 MiB)
Memory usage before collect: 4310.234375 MiB (Increase: 0.0 MiB)
Memory usage after collect: 4310.234375 MiB (Increase: 0.0 MiB)
Memory usage before initialization: 4310.234375 MiB (Increase: 0.0 MiB)
Memory usage after initialization: 4310.234375 MiB (Increase: 0.0 MiB)
Current lengths of episodes: [68, 68, 68, 68, 68]
Memory usage at done (index 4, length 68, since_prev 68): 4310.234375 MiB (Increase: 0.0 MiB)
Memory usage before reset: 4310.234375 MiB (Increase: 0.0 MiB)
Memory usage after reset: 4310.234375 MiB (Increase: 0.0 MiB)
Current lengths of episodes: [74, 74, 74, 74, 5]
Memory usage at done (index 3, length 74, since_prev 6): 4310.234375 MiB (Increase: 0.0 MiB)
Memory usage before reset: 4310.234375 MiB (Increase: 0.0 MiB)
Memory usage after reset: 4310.234375 MiB (Increase: 0.0 MiB)
Current lengths of episodes: [77, 77, 76, 2, 8]
Memory usage at done (index 1, length 77, since_prev 3): 4310.234375 MiB (Increase: 0.0 MiB)
Memory usage before reset: 4310.234375 MiB (Increase: 0.0 MiB)
Memory usage after reset: 4310.234375 MiB (Increase: 0.0 MiB)
Current lengths of episodes: [124, 47, 124, 49, 55]
Memory usage at done (index 2, length 124, since_prev 47): 4310.234375 MiB (Increase: 0.0 MiB)
Memory usage before reset: 4310.234375 MiB (Increase: 0.0 MiB)
Memory usage after reset: 4310.234375 MiB (Increase: 0.0 MiB)
Current lengths of episodes: [134, 57, 9, 59, 65]
Memory usage at done (index 1, length 57, since_prev 10): 4310.234375 MiB (Increase: 0.0 MiB)
Memory usage before reset: 4310.234375 MiB (Increase: 0.0 MiB)
Memory usage after reset: 4310.234375 MiB (Increase: 0.0 MiB)
Training episode 240
Memory usage at middle: 4310.234375 MiB (Increase: 0.0 MiB)
Memory usage before collect: 4310.234375 MiB (Increase: 0.0 MiB)
Memory usage after collect: 4310.234375 MiB (Increase: 0.0 MiB)
Memory usage before initialization: 4310.234375 MiB (Increase: 0.0 MiB)
Memory usage after initialization: 4310.234375 MiB (Increase: 0.0 MiB)
Current lengths of episodes: [59, 59, 59, 58, 58]
Memory usage at done (index 2, length 59, since_prev 59): 4310.234375 MiB (Increase: 0.0 MiB)
Memory usage before reset: 4310.234375 MiB (Increase: 0.0 MiB)
Memory usage after reset: 4310.234375 MiB (Increase: 0.0 MiB)
Current lengths of episodes: [67, 67, 8, 67, 67]
Memory usage at done (index 4, length 67, since_prev 8): 4310.234375 MiB (Increase: 0.0 MiB)
Memory usage before reset: 4310.234375 MiB (Increase: 0.0 MiB)
Memory usage after reset: 4310.234375 MiB (Increase: 0.0 MiB)
Current lengths of episodes: [114, 114, 55, 114, 47]
Memory usage at done (index 4, length 47, since_prev 47): 4310.234375 MiB (Increase: 0.0 MiB)
Memory usage before reset: 4310.234375 MiB (Increase: 0.0 MiB)
Memory usage after reset: 4310.234375 MiB (Increase: 0.0 MiB)
Current lengths of episodes: [125, 125, 65, 124, 10]
Memory usage at done (index 1, length 125, since_prev 11): 4310.234375 MiB (Increase: 0.0 MiB)
Memory usage before reset: 4310.234375 MiB (Increase: 0.0 MiB)
Memory usage after reset: 4310.234375 MiB (Increase: 0.0 MiB)
Current lengths of episodes: [143, 18, 84, 142, 28]
Memory usage at done (index 2, length 84, since_prev 18): 4310.234375 MiB (Increase: 0.0 MiB)
Memory usage before reset: 4310.234375 MiB (Increase: 0.0 MiB)
Memory usage after reset: 4310.234375 MiB (Increase: 0.0 MiB)
Training episode 245
Memory usage at middle: 4310.234375 MiB (Increase: 0.0 MiB)
Memory usage before collect: 4310.234375 MiB (Increase: 0.0 MiB)
Memory usage after collect: 4310.234375 MiB (Increase: 0.0 MiB)
Memory usage before initialization: 4310.234375 MiB (Increase: 0.0 MiB)
Memory usage after initialization: 4310.234375 MiB (Increase: 0.0 MiB)
Current lengths of episodes: [77, 77, 77, 77, 77]
Memory usage at done (index 4, length 77, since_prev 77): 4310.234375 MiB (Increase: 0.0 MiB)
Memory usage before reset: 4310.234375 MiB (Increase: 0.0 MiB)
Memory usage after reset: 4310.234375 MiB (Increase: 0.0 MiB)
Current lengths of episodes: [118, 118, 118, 117, 40]
Memory usage at done (index 2, length 118, since_prev 41): 4310.234375 MiB (Increase: 0.0 MiB)
Memory usage before reset: 4310.234375 MiB (Increase: 0.0 MiB)
Memory usage after reset: 4310.234375 MiB (Increase: 0.0 MiB)
Current lengths of episodes: [207, 207, 89, 206, 129]
Memory usage at done (index 2, length 89, since_prev 89): 4310.234375 MiB (Increase: 0.0 MiB)
Memory usage before reset: 4310.234375 MiB (Increase: 0.0 MiB)
Memory usage after reset: 4310.234375 MiB (Increase: 0.0 MiB)
Current lengths of episodes: [427, 427, 220, 426, 349]
Memory usage at done (index 2, length 220, since_prev 220): 4310.234375 MiB (Increase: 0.0 MiB)
Memory usage before reset: 4310.234375 MiB (Increase: 0.0 MiB)
Memory usage after reset: 4310.234375 MiB (Increase: 0.0 MiB)
Current lengths of episodes: [1600, 1599, 1172, 1599, 1522]
Memory usage at done (index 0, length 1600, since_prev 1173): 4310.234375 MiB (Increase: 0.0 MiB)
Memory usage before reset: 4310.234375 MiB (Increase: 0.0 MiB)
Memory usage after reset: 4310.234375 MiB (Increase: 0.0 MiB)
Training episode 250
Memory usage at middle: 4310.234375 MiB (Increase: 0.0 MiB)
Memory usage before collect: 4310.234375 MiB (Increase: 0.0 MiB)
Memory usage after collect: 4310.234375 MiB (Increase: 0.0 MiB)
Episode 250	Average evaluation: -119.73133054410432
Memory usage before initialization: 4310.234375 MiB (Increase: 0.0 MiB)
Memory usage after initialization: 4310.234375 MiB (Increase: 0.0 MiB)
Current lengths of episodes: [57, 57, 56, 56, 56]
Memory usage at done (index 1, length 57, since_prev 57): 4310.234375 MiB (Increase: 0.0 MiB)
Memory usage before reset: 4310.234375 MiB (Increase: 0.0 MiB)
Memory usage after reset: 4310.234375 MiB (Increase: 0.0 MiB)
Current lengths of episodes: [65, 7, 64, 64, 64]
Memory usage at done (index 0, length 65, since_prev 8): 4310.234375 MiB (Increase: 0.0 MiB)
Memory usage before reset: 4310.234375 MiB (Increase: 0.0 MiB)
Memory usage after reset: 4310.234375 MiB (Increase: 0.0 MiB)
Current lengths of episodes: [9, 17, 74, 74, 73]
Memory usage at done (index 3, length 74, since_prev 9): 4310.234375 MiB (Increase: 0.0 MiB)
Memory usage before reset: 4310.234375 MiB (Increase: 0.0 MiB)
Memory usage after reset: 4310.234375 MiB (Increase: 0.0 MiB)
Current lengths of episodes: [15, 23, 80, 6, 80]
Memory usage at done (index 4, length 80, since_prev 6): 4310.234375 MiB (Increase: 0.0 MiB)
Memory usage before reset: 4310.234375 MiB (Increase: 0.0 MiB)
Memory usage after reset: 4310.234375 MiB (Increase: 0.0 MiB)
Current lengths of episodes: [23, 31, 88, 13, 7]
Memory usage at done (index 2, length 88, since_prev 8): 4310.234375 MiB (Increase: 0.0 MiB)
Memory usage before reset: 4310.234375 MiB (Increase: 0.0 MiB)
Memory usage after reset: 4310.234375 MiB (Increase: 0.0 MiB)
Training episode 255
Memory usage at middle: 4310.234375 MiB (Increase: 0.0 MiB)
Memory usage before collect: 4310.234375 MiB (Increase: 0.0 MiB)
Memory usage after collect: 4310.234375 MiB (Increase: 0.0 MiB)
Memory usage before initialization: 4310.234375 MiB (Increase: 0.0 MiB)
Memory usage after initialization: 4310.234375 MiB (Increase: 0.0 MiB)
Current lengths of episodes: [47, 47, 47, 47, 47]
Memory usage at done (index 4, length 47, since_prev 47): 4310.234375 MiB (Increase: 0.0 MiB)
Memory usage before reset: 4310.234375 MiB (Increase: 0.0 MiB)
Memory usage after reset: 4310.234375 MiB (Increase: 0.0 MiB)
Current lengths of episodes: [83, 83, 82, 82, 35]
Memory usage at done (index 1, length 83, since_prev 36): 4310.234375 MiB (Increase: 0.0 MiB)
Memory usage before reset: 4310.234375 MiB (Increase: 0.0 MiB)
Memory usage after reset: 4310.234375 MiB (Increase: 0.0 MiB)
Current lengths of episodes: [92, 9, 92, 91, 44]
Memory usage at done (index 2, length 92, since_prev 9): 4310.234375 MiB (Increase: 0.0 MiB)
Memory usage before reset: 4310.234375 MiB (Increase: 0.0 MiB)
Memory usage after reset: 4310.234375 MiB (Increase: 0.0 MiB)
Current lengths of episodes: [138, 55, 45, 137, 90]
Memory usage at done (index 1, length 55, since_prev 46): 4310.234375 MiB (Increase: 0.0 MiB)
Memory usage before reset: 4310.234375 MiB (Increase: 0.0 MiB)
Memory usage after reset: 4310.234375 MiB (Increase: 0.0 MiB)
Current lengths of episodes: [163, 25, 71, 162, 115]
Memory usage at done (index 2, length 71, since_prev 25): 4310.234375 MiB (Increase: 0.0 MiB)
Memory usage before reset: 4310.234375 MiB (Increase: 0.0 MiB)
Memory usage after reset: 4310.234375 MiB (Increase: 0.0 MiB)
Training episode 260
Memory usage at middle: 4310.234375 MiB (Increase: 0.0 MiB)
Memory usage before collect: 4310.234375 MiB (Increase: 0.0 MiB)
Memory usage after collect: 4310.234375 MiB (Increase: 0.0 MiB)
Memory usage before initialization: 4310.234375 MiB (Increase: 0.0 MiB)
Memory usage after initialization: 4310.234375 MiB (Increase: 0.0 MiB)
Current lengths of episodes: [51, 50, 50, 50, 50]
Memory usage at done (index 0, length 51, since_prev 51): 4310.234375 MiB (Increase: 0.0 MiB)
Memory usage before reset: 4310.234375 MiB (Increase: 0.0 MiB)
Memory usage after reset: 4310.234375 MiB (Increase: 0.0 MiB)
Current lengths of episodes: [52, 102, 102, 102, 102]
Memory usage at done (index 0, length 52, since_prev 52): 4310.234375 MiB (Increase: 0.0 MiB)
Memory usage before reset: 4310.234375 MiB (Increase: 0.0 MiB)
Memory usage after reset: 4310.234375 MiB (Increase: 0.0 MiB)
Current lengths of episodes: [15, 118, 118, 117, 117]
Memory usage at done (index 2, length 118, since_prev 15): 4310.234375 MiB (Increase: 0.0 MiB)
Memory usage before reset: 4310.234375 MiB (Increase: 0.0 MiB)
Memory usage after reset: 4310.234375 MiB (Increase: 0.0 MiB)
Current lengths of episodes: [104, 207, 89, 206, 206]
Memory usage at done (index 2, length 89, since_prev 89): 4310.234375 MiB (Increase: 0.0 MiB)
Memory usage before reset: 4310.234375 MiB (Increase: 0.0 MiB)
Memory usage after reset: 4310.234375 MiB (Increase: 0.0 MiB)
Current lengths of episodes: [156, 259, 52, 259, 258]
Memory usage at done (index 3, length 259, since_prev 52): 4310.234375 MiB (Increase: 0.0 MiB)
Memory usage before reset: 4310.234375 MiB (Increase: 0.0 MiB)
Memory usage after reset: 4310.234375 MiB (Increase: 0.0 MiB)
Training episode 265
Memory usage at middle: 4310.234375 MiB (Increase: 0.0 MiB)
Memory usage before collect: 4310.234375 MiB (Increase: 0.0 MiB)
Memory usage after collect: 4310.234375 MiB (Increase: 0.0 MiB)
Memory usage before initialization: 4310.234375 MiB (Increase: 0.0 MiB)
Memory usage after initialization: 4310.234375 MiB (Increase: 0.0 MiB)
Current lengths of episodes: [59, 59, 59, 59, 58]
Memory usage at done (index 3, length 59, since_prev 59): 4310.234375 MiB (Increase: 0.0 MiB)
Memory usage before reset: 4310.234375 MiB (Increase: 0.0 MiB)
Memory usage after reset: 4310.234375 MiB (Increase: 0.0 MiB)
Current lengths of episodes: [84, 84, 84, 25, 84]
Memory usage at done (index 4, length 84, since_prev 25): 4310.234375 MiB (Increase: 0.0 MiB)
Memory usage before reset: 4310.234375 MiB (Increase: 0.0 MiB)
Memory usage after reset: 4310.234375 MiB (Increase: 0.0 MiB)
Current lengths of episodes: [104, 103, 103, 44, 19]
Memory usage at done (index 0, length 104, since_prev 20): 4310.234375 MiB (Increase: 0.0 MiB)
Memory usage before reset: 4310.234375 MiB (Increase: 0.0 MiB)
Memory usage after reset: 4310.234375 MiB (Increase: 0.0 MiB)
Current lengths of episodes: [26, 130, 130, 71, 45]
Memory usage at done (index 3, length 71, since_prev 26): 4310.234375 MiB (Increase: 0.0 MiB)
Memory usage before reset: 4310.234375 MiB (Increase: 0.0 MiB)
Memory usage after reset: 4310.234375 MiB (Increase: 0.0 MiB)
Current lengths of episodes: [67, 170, 170, 40, 86]
Memory usage at done (index 0, length 67, since_prev 41): 4310.234375 MiB (Increase: 0.0 MiB)
Memory usage before reset: 4310.234375 MiB (Increase: 0.0 MiB)
Memory usage after reset: 4310.234375 MiB (Increase: 0.0 MiB)
Training episode 270
Memory usage at middle: 4310.234375 MiB (Increase: 0.0 MiB)
Memory usage before collect: 4310.234375 MiB (Increase: 0.0 MiB)
Memory usage after collect: 4310.234375 MiB (Increase: 0.0 MiB)
Memory usage before initialization: 4310.234375 MiB (Increase: 0.0 MiB)
Memory usage after initialization: 4310.234375 MiB (Increase: 0.0 MiB)
Current lengths of episodes: [49, 49, 49, 49, 49]
Memory usage at done (index 4, length 49, since_prev 49): 4310.234375 MiB (Increase: 0.0 MiB)
Memory usage before reset: 4310.234375 MiB (Increase: 0.0 MiB)
Memory usage after reset: 4310.234375 MiB (Increase: 0.0 MiB)
Current lengths of episodes: [53, 53, 52, 52, 3]
Memory usage at done (index 1, length 53, since_prev 4): 4310.234375 MiB (Increase: 0.0 MiB)
Memory usage before reset: 4310.234375 MiB (Increase: 0.0 MiB)
Memory usage after reset: 4310.234375 MiB (Increase: 0.0 MiB)
Current lengths of episodes: [168, 115, 168, 167, 118]
Memory usage at done (index 2, length 168, since_prev 115): 4310.234375 MiB (Increase: 0.0 MiB)
Memory usage before reset: 4310.234375 MiB (Increase: 0.0 MiB)
Memory usage after reset: 4310.234375 MiB (Increase: 0.0 MiB)
Current lengths of episodes: [259, 206, 91, 259, 210]
Memory usage at done (index 4, length 210, since_prev 91): 4310.234375 MiB (Increase: 0.0 MiB)
Memory usage before reset: 4310.234375 MiB (Increase: 0.0 MiB)
Memory usage after reset: 4310.234375 MiB (Increase: 0.0 MiB)
Current lengths of episodes: [370, 317, 202, 370, 111]
Memory usage at done (index 4, length 111, since_prev 111): 4310.234375 MiB (Increase: 0.0 MiB)
Memory usage before reset: 4310.234375 MiB (Increase: 0.0 MiB)
Memory usage after reset: 4310.234375 MiB (Increase: 0.0 MiB)
Training episode 275
Memory usage at middle: 4310.234375 MiB (Increase: 0.0 MiB)
Memory usage before collect: 4310.234375 MiB (Increase: 0.0 MiB)
Memory usage after collect: 4310.234375 MiB (Increase: 0.0 MiB)
Memory usage before initialization: 4310.234375 MiB (Increase: 0.0 MiB)
Memory usage after initialization: 4310.234375 MiB (Increase: 0.0 MiB)
Current lengths of episodes: [56, 56, 56, 56, 56]
Memory usage at done (index 4, length 56, since_prev 56): 4310.234375 MiB (Increase: 0.0 MiB)
Memory usage before reset: 4310.234375 MiB (Increase: 0.0 MiB)
Memory usage after reset: 4310.234375 MiB (Increase: 0.0 MiB)
Current lengths of episodes: [61, 61, 60, 60, 4]
Memory usage at done (index 1, length 61, since_prev 5): 4310.234375 MiB (Increase: 0.0 MiB)
Memory usage before reset: 4310.234375 MiB (Increase: 0.0 MiB)
Memory usage after reset: 4310.234375 MiB (Increase: 0.0 MiB)
Current lengths of episodes: [72, 11, 72, 71, 15]
Memory usage at done (index 2, length 72, since_prev 11): 4310.234375 MiB (Increase: 0.0 MiB)
Memory usage before reset: 4310.234375 MiB (Increase: 0.0 MiB)
Memory usage after reset: 4310.234375 MiB (Increase: 0.0 MiB)
Current lengths of episodes: [132, 70, 59, 131, 75]
Memory usage at done (index 0, length 132, since_prev 60): 4310.234375 MiB (Increase: 0.0 MiB)
Memory usage before reset: 4310.234375 MiB (Increase: 0.0 MiB)
Memory usage after reset: 4310.234375 MiB (Increase: 0.0 MiB)
Current lengths of episodes: [114, 184, 173, 245, 189]
Memory usage at done (index 0, length 114, since_prev 114): 4310.234375 MiB (Increase: 0.0 MiB)
Memory usage before reset: 4310.234375 MiB (Increase: 0.0 MiB)
Memory usage after reset: 4310.234375 MiB (Increase: 0.0 MiB)
Training episode 280
Memory usage at middle: 4310.234375 MiB (Increase: 0.0 MiB)
Memory usage before collect: 4310.234375 MiB (Increase: 0.0 MiB)
Memory usage after collect: 4310.234375 MiB (Increase: 0.0 MiB)
Memory usage before initialization: 4310.234375 MiB (Increase: 0.0 MiB)
Memory usage after initialization: 4310.234375 MiB (Increase: 0.0 MiB)
Current lengths of episodes: [54, 54, 54, 53, 53]
Memory usage at done (index 2, length 54, since_prev 54): 4310.234375 MiB (Increase: 0.0 MiB)
Memory usage before reset: 4310.234375 MiB (Increase: 0.0 MiB)
Memory usage after reset: 4310.234375 MiB (Increase: 0.0 MiB)
Current lengths of episodes: [142, 141, 87, 141, 141]
Memory usage at done (index 0, length 142, since_prev 88): 4310.234375 MiB (Increase: 0.0 MiB)
Memory usage before reset: 4310.234375 MiB (Increase: 0.0 MiB)
Memory usage after reset: 4310.234375 MiB (Increase: 0.0 MiB)
Current lengths of episodes: [78, 219, 165, 219, 219]
Memory usage at done (index 0, length 78, since_prev 78): 4310.234375 MiB (Increase: 0.0 MiB)
Memory usage before reset: 4310.234375 MiB (Increase: 0.0 MiB)
Memory usage after reset: 4310.234375 MiB (Increase: 0.0 MiB)
Current lengths of episodes: [79, 298, 244, 298, 298]
Memory usage at done (index 0, length 79, since_prev 79): 4310.234375 MiB (Increase: 0.0 MiB)
Memory usage before reset: 4310.234375 MiB (Increase: 0.0 MiB)
Memory usage after reset: 4310.234375 MiB (Increase: 0.0 MiB)
Current lengths of episodes: [1301, 1600, 1545, 1599, 1599]
Memory usage at done (index 1, length 1600, since_prev 1301): 4310.234375 MiB (Increase: 0.0 MiB)
Memory usage before reset: 4310.234375 MiB (Increase: 0.0 MiB)
Memory usage after reset: 4310.234375 MiB (Increase: 0.0 MiB)
Training episode 285
Memory usage at middle: 4310.234375 MiB (Increase: 0.0 MiB)
Memory usage before collect: 4310.234375 MiB (Increase: 0.0 MiB)
Memory usage after collect: 4310.234375 MiB (Increase: 0.0 MiB)
Memory usage before initialization: 4310.234375 MiB (Increase: 0.0 MiB)
Memory usage after initialization: 4310.234375 MiB (Increase: 0.0 MiB)
Current lengths of episodes: [51, 51, 51, 51, 51]
Memory usage at done (index 4, length 51, since_prev 51): 4310.234375 MiB (Increase: 0.0 MiB)
Memory usage before reset: 4310.234375 MiB (Increase: 0.0 MiB)
Memory usage after reset: 4310.234375 MiB (Increase: 0.0 MiB)
Current lengths of episodes: [67, 66, 66, 66, 15]
Memory usage at done (index 0, length 67, since_prev 16): 4310.234375 MiB (Increase: 0.0 MiB)
Memory usage before reset: 4310.234375 MiB (Increase: 0.0 MiB)
Memory usage after reset: 4310.234375 MiB (Increase: 0.0 MiB)
Current lengths of episodes: [18, 85, 85, 84, 33]
Memory usage at done (index 2, length 85, since_prev 18): 4310.234375 MiB (Increase: 0.0 MiB)
Memory usage before reset: 4310.234375 MiB (Increase: 0.0 MiB)
Memory usage after reset: 4310.234375 MiB (Increase: 0.0 MiB)
Current lengths of episodes: [49, 115, 30, 115, 64]
Memory usage at done (index 0, length 49, since_prev 31): 4310.234375 MiB (Increase: 0.0 MiB)
Memory usage before reset: 4310.234375 MiB (Increase: 0.0 MiB)
Memory usage after reset: 4310.234375 MiB (Increase: 0.0 MiB)
Current lengths of episodes: [42, 158, 73, 158, 107]
Memory usage at done (index 4, length 107, since_prev 42): 4310.234375 MiB (Increase: 0.0 MiB)
Memory usage before reset: 4310.234375 MiB (Increase: 0.0 MiB)
Memory usage after reset: 4310.234375 MiB (Increase: 0.0 MiB)
Training episode 290
Memory usage at middle: 4310.234375 MiB (Increase: 0.0 MiB)
Memory usage before collect: 4310.234375 MiB (Increase: 0.0 MiB)
Memory usage after collect: 4310.234375 MiB (Increase: 0.0 MiB)
Memory usage before initialization: 4310.234375 MiB (Increase: 0.0 MiB)
Memory usage after initialization: 4310.234375 MiB (Increase: 0.0 MiB)
Current lengths of episodes: [37, 37, 37, 37, 36]
Memory usage at done (index 3, length 37, since_prev 37): 4310.234375 MiB (Increase: 0.0 MiB)
Memory usage before reset: 4310.234375 MiB (Increase: 0.0 MiB)
Memory usage after reset: 4310.234375 MiB (Increase: 0.0 MiB)
Current lengths of episodes: [89, 88, 88, 51, 88]
Memory usage at done (index 0, length 89, since_prev 52): 4310.234375 MiB (Increase: 0.0 MiB)
Memory usage before reset: 4310.234375 MiB (Increase: 0.0 MiB)
Memory usage after reset: 4310.234375 MiB (Increase: 0.0 MiB)
Current lengths of episodes: [8, 97, 97, 60, 97]
Memory usage at done (index 4, length 97, since_prev 8): 4310.234375 MiB (Increase: 0.0 MiB)
Memory usage before reset: 4310.234375 MiB (Increase: 0.0 MiB)
Memory usage after reset: 4310.234375 MiB (Increase: 0.0 MiB)
Current lengths of episodes: [77, 166, 166, 129, 69]
Memory usage at done (index 4, length 69, since_prev 69): 4310.234375 MiB (Increase: 0.0 MiB)
Memory usage before reset: 4310.234375 MiB (Increase: 0.0 MiB)
Memory usage after reset: 4310.234375 MiB (Increase: 0.0 MiB)
Current lengths of episodes: [105, 193, 193, 156, 27]
Memory usage at done (index 0, length 105, since_prev 28): 4310.234375 MiB (Increase: 0.0 MiB)
Memory usage before reset: 4310.234375 MiB (Increase: 0.0 MiB)
Memory usage after reset: 4310.234375 MiB (Increase: 0.0 MiB)
Training episode 295
Memory usage at middle: 4310.234375 MiB (Increase: 0.0 MiB)
Memory usage before collect: 4310.234375 MiB (Increase: 0.0 MiB)
Memory usage after collect: 4310.234375 MiB (Increase: 0.0 MiB)
Memory usage before initialization: 4310.234375 MiB (Increase: 0.0 MiB)
Memory usage after initialization: 4310.234375 MiB (Increase: 0.0 MiB)
Current lengths of episodes: [74, 73, 73, 73, 73]
Memory usage at done (index 0, length 74, since_prev 74): 4310.234375 MiB (Increase: 0.0 MiB)
Memory usage before reset: 4310.234375 MiB (Increase: 0.0 MiB)
Memory usage after reset: 4310.234375 MiB (Increase: 0.0 MiB)
Current lengths of episodes: [4, 78, 77, 77, 77]
Memory usage at done (index 1, length 78, since_prev 4): 4310.234375 MiB (Increase: 0.0 MiB)
Memory usage before reset: 4310.234375 MiB (Increase: 0.0 MiB)
Memory usage after reset: 4310.234375 MiB (Increase: 0.0 MiB)
Current lengths of episodes: [9, 5, 83, 83, 83]
Memory usage at done (index 4, length 83, since_prev 5): 4310.234375 MiB (Increase: 0.0 MiB)
Memory usage before reset: 4310.234375 MiB (Increase: 0.0 MiB)
Memory usage after reset: 4310.234375 MiB (Increase: 0.0 MiB)
Current lengths of episodes: [84, 80, 157, 157, 74]
Memory usage at done (index 1, length 80, since_prev 75): 4310.234375 MiB (Increase: 0.0 MiB)
Memory usage before reset: 4310.234375 MiB (Increase: 0.0 MiB)
Memory usage after reset: 4310.234375 MiB (Increase: 0.0 MiB)
Current lengths of episodes: [166, 82, 239, 239, 156]
Memory usage at done (index 1, length 82, since_prev 82): 4310.234375 MiB (Increase: 0.0 MiB)
Memory usage before reset: 4310.234375 MiB (Increase: 0.0 MiB)
Memory usage after reset: 4310.234375 MiB (Increase: 0.0 MiB)
Training episode 300
Memory usage at middle: 4310.234375 MiB (Increase: 0.0 MiB)
Memory usage before collect: 4310.234375 MiB (Increase: 0.0 MiB)
Memory usage after collect: 4310.234375 MiB (Increase: 0.0 MiB)
Episode 300	Average evaluation: -98.41027540624404
Memory usage before initialization: 4310.234375 MiB (Increase: 0.0 MiB)
Memory usage after initialization: 4310.234375 MiB (Increase: 0.0 MiB)
Current lengths of episodes: [47, 46, 46, 46, 46]
Memory usage at done (index 0, length 47, since_prev 47): 4310.234375 MiB (Increase: 0.0 MiB)
Memory usage before reset: 4310.234375 MiB (Increase: 0.0 MiB)
Memory usage after reset: 4310.234375 MiB (Increase: 0.0 MiB)
Current lengths of episodes: [25, 72, 72, 71, 71]
Memory usage at done (index 2, length 72, since_prev 25): 4310.234375 MiB (Increase: 0.0 MiB)
Memory usage before reset: 4310.234375 MiB (Increase: 0.0 MiB)
Memory usage after reset: 4310.234375 MiB (Increase: 0.0 MiB)
Current lengths of episodes: [36, 83, 10, 82, 82]
Memory usage at done (index 1, length 83, since_prev 11): 4310.234375 MiB (Increase: 0.0 MiB)
Memory usage before reset: 4310.234375 MiB (Increase: 0.0 MiB)
Memory usage after reset: 4310.234375 MiB (Increase: 0.0 MiB)
Current lengths of episodes: [295, 259, 269, 341, 341]
Memory usage at done (index 1, length 259, since_prev 259): 4310.234375 MiB (Increase: 0.0 MiB)
Memory usage before reset: 4310.234375 MiB (Increase: 0.0 MiB)
Memory usage after reset: 4310.234375 MiB (Increase: 0.0 MiB)
Current lengths of episodes: [974, 679, 949, 1021, 1021]
Memory usage at done (index 4, length 1021, since_prev 679): 4310.234375 MiB (Increase: 0.0 MiB)
Memory usage before reset: 4310.234375 MiB (Increase: 0.0 MiB)
Memory usage after reset: 4310.234375 MiB (Increase: 0.0 MiB)
Training episode 305
Memory usage at middle: 4310.234375 MiB (Increase: 0.0 MiB)
Memory usage before collect: 4310.234375 MiB (Increase: 0.0 MiB)
Memory usage after collect: 4310.234375 MiB (Increase: 0.0 MiB)
Memory usage before initialization: 4310.234375 MiB (Increase: 0.0 MiB)
Memory usage after initialization: 4310.234375 MiB (Increase: 0.0 MiB)
Current lengths of episodes: [72, 72, 72, 71, 71]
Memory usage at done (index 2, length 72, since_prev 72): 4310.234375 MiB (Increase: 0.0 MiB)
Memory usage before reset: 4310.234375 MiB (Increase: 0.0 MiB)
Memory usage after reset: 4310.234375 MiB (Increase: 0.0 MiB)
Current lengths of episodes: [94, 94, 21, 93, 93]
Memory usage at done (index 1, length 94, since_prev 22): 4310.234375 MiB (Increase: 0.0 MiB)
Memory usage before reset: 4310.234375 MiB (Increase: 0.0 MiB)
Memory usage after reset: 4310.234375 MiB (Increase: 0.0 MiB)
Current lengths of episodes: [136, 42, 64, 136, 136]
Memory usage at done (index 4, length 136, since_prev 42): 4310.234375 MiB (Increase: 0.0 MiB)
Memory usage before reset: 4310.234375 MiB (Increase: 0.0 MiB)
Memory usage after reset: 4310.234375 MiB (Increase: 0.0 MiB)
Current lengths of episodes: [138, 44, 65, 137, 1]
Memory usage at done (index 1, length 44, since_prev 2): 4310.234375 MiB (Increase: 0.0 MiB)
Memory usage before reset: 4310.234375 MiB (Increase: 0.0 MiB)
Memory usage after reset: 4310.234375 MiB (Increase: 0.0 MiB)
Current lengths of episodes: [166, 28, 94, 165, 29]
Memory usage at done (index 2, length 94, since_prev 28): 4310.234375 MiB (Increase: 0.0 MiB)
Memory usage before reset: 4310.234375 MiB (Increase: 0.0 MiB)
Memory usage after reset: 4310.234375 MiB (Increase: 0.0 MiB)
Training episode 310
Memory usage at middle: 4310.234375 MiB (Increase: 0.0 MiB)
Memory usage before collect: 4310.234375 MiB (Increase: 0.0 MiB)
Memory usage after collect: 4310.234375 MiB (Increase: 0.0 MiB)
Memory usage before initialization: 4310.234375 MiB (Increase: 0.0 MiB)
Memory usage after initialization: 4310.234375 MiB (Increase: 0.0 MiB)
Current lengths of episodes: [65, 65, 65, 65, 64]
Memory usage at done (index 3, length 65, since_prev 65): 4310.234375 MiB (Increase: 0.0 MiB)
Memory usage before reset: 4310.234375 MiB (Increase: 0.0 MiB)
Memory usage after reset: 4310.234375 MiB (Increase: 0.0 MiB)
Current lengths of episodes: [67, 67, 67, 1, 66]
Memory usage at done (index 2, length 67, since_prev 2): 4310.234375 MiB (Increase: 0.0 MiB)
Memory usage before reset: 4310.234375 MiB (Increase: 0.0 MiB)
Memory usage after reset: 4310.234375 MiB (Increase: 0.0 MiB)
Current lengths of episodes: [92, 92, 24, 26, 91]
Memory usage at done (index 1, length 92, since_prev 25): 4310.234375 MiB (Increase: 0.0 MiB)
Memory usage before reset: 4310.234375 MiB (Increase: 0.0 MiB)
Memory usage after reset: 4310.234375 MiB (Increase: 0.0 MiB)
Current lengths of episodes: [119, 27, 52, 54, 118]
Memory usage at done (index 3, length 54, since_prev 27): 4310.234375 MiB (Increase: 0.0 MiB)
Memory usage before reset: 4310.234375 MiB (Increase: 0.0 MiB)
Memory usage after reset: 4310.234375 MiB (Increase: 0.0 MiB)
Current lengths of episodes: [1600, 1507, 1532, 1480, 1599]
Memory usage at done (index 0, length 1600, since_prev 1481): 4310.234375 MiB (Increase: 0.0 MiB)
Memory usage before reset: 4310.234375 MiB (Increase: 0.0 MiB)
Memory usage after reset: 4310.234375 MiB (Increase: 0.0 MiB)
Training episode 315
Memory usage at middle: 4310.234375 MiB (Increase: 0.0 MiB)
Memory usage before collect: 4310.234375 MiB (Increase: 0.0 MiB)
Memory usage after collect: 4310.234375 MiB (Increase: 0.0 MiB)
Memory usage before initialization: 4310.234375 MiB (Increase: 0.0 MiB)
Memory usage after initialization: 4310.234375 MiB (Increase: 0.0 MiB)
Current lengths of episodes: [56, 56, 55, 55, 55]
Memory usage at done (index 1, length 56, since_prev 56): 4310.234375 MiB (Increase: 0.0 MiB)
Memory usage before reset: 4310.234375 MiB (Increase: 0.0 MiB)
Memory usage after reset: 4310.234375 MiB (Increase: 0.0 MiB)
Current lengths of episodes: [78, 22, 78, 78, 78]
Memory usage at done (index 4, length 78, since_prev 22): 4310.234375 MiB (Increase: 0.0 MiB)
Memory usage before reset: 4310.234375 MiB (Increase: 0.0 MiB)
Memory usage after reset: 4310.234375 MiB (Increase: 0.0 MiB)
Current lengths of episodes: [1600, 1543, 1599, 1599, 1521]
Memory usage at done (index 0, length 1600, since_prev 1522): 4310.234375 MiB (Increase: 0.0 MiB)
Memory usage before reset: 4310.234375 MiB (Increase: 0.0 MiB)
Memory usage after reset: 4310.234375 MiB (Increase: 0.0 MiB)
Current lengths of episodes: [0, 1544, 1600, 1599, 1521]
Memory usage at done (index 2, length 1600, since_prev 0): 4310.234375 MiB (Increase: 0.0 MiB)
Memory usage before reset: 4310.234375 MiB (Increase: 0.0 MiB)
Memory usage after reset: 4310.234375 MiB (Increase: 0.0 MiB)
Current lengths of episodes: [0, 1544, 0, 1600, 1521]
Memory usage at done (index 3, length 1600, since_prev 0): 4310.234375 MiB (Increase: 0.0 MiB)
Memory usage before reset: 4310.234375 MiB (Increase: 0.0 MiB)
Memory usage after reset: 4310.234375 MiB (Increase: 0.0 MiB)
Training episode 320
Memory usage at middle: 4310.234375 MiB (Increase: 0.0 MiB)
Memory usage before collect: 4310.234375 MiB (Increase: 0.0 MiB)
Memory usage after collect: 4310.234375 MiB (Increase: 0.0 MiB)
Memory usage before initialization: 4310.234375 MiB (Increase: 0.0 MiB)
Memory usage after initialization: 4310.234375 MiB (Increase: 0.0 MiB)
Current lengths of episodes: [87, 87, 87, 87, 87]
Memory usage at done (index 4, length 87, since_prev 87): 4310.234375 MiB (Increase: 0.0 MiB)
Memory usage before reset: 4310.234375 MiB (Increase: 0.0 MiB)
Memory usage after reset: 4310.234375 MiB (Increase: 0.0 MiB)
Current lengths of episodes: [103, 103, 103, 103, 15]
Memory usage at done (index 3, length 103, since_prev 16): 4310.234375 MiB (Increase: 0.0 MiB)
Memory usage before reset: 4310.234375 MiB (Increase: 0.0 MiB)
Memory usage after reset: 4310.234375 MiB (Increase: 0.0 MiB)
Current lengths of episodes: [1600, 1599, 1599, 1496, 1512]
Memory usage at done (index 0, length 1600, since_prev 1497): 4310.234375 MiB (Increase: 0.0 MiB)
Memory usage before reset: 4310.234375 MiB (Increase: 0.0 MiB)
Memory usage after reset: 4310.234375 MiB (Increase: 0.0 MiB)
Current lengths of episodes: [0, 1600, 1599, 1496, 1512]
Memory usage at done (index 1, length 1600, since_prev 0): 4310.234375 MiB (Increase: 0.0 MiB)
Memory usage before reset: 4310.234375 MiB (Increase: 0.0 MiB)
Memory usage after reset: 4310.234375 MiB (Increase: 0.0 MiB)
Current lengths of episodes: [0, 0, 1600, 1496, 1512]
Memory usage at done (index 2, length 1600, since_prev 0): 4310.234375 MiB (Increase: 0.0 MiB)
Memory usage before reset: 4310.234375 MiB (Increase: 0.0 MiB)
Memory usage after reset: 4310.234375 MiB (Increase: 0.0 MiB)
Training episode 325
Memory usage at middle: 4310.234375 MiB (Increase: 0.0 MiB)
Memory usage before collect: 4310.234375 MiB (Increase: 0.0 MiB)
Memory usage after collect: 4310.234375 MiB (Increase: 0.0 MiB)
Memory usage before initialization: 4310.234375 MiB (Increase: 0.0 MiB)
Memory usage after initialization: 4310.234375 MiB (Increase: 0.0 MiB)
Current lengths of episodes: [71, 71, 71, 70, 70]
Memory usage at done (index 2, length 71, since_prev 71): 4310.234375 MiB (Increase: 0.0 MiB)
Memory usage before reset: 4310.234375 MiB (Increase: 0.0 MiB)
Memory usage after reset: 4310.234375 MiB (Increase: 0.0 MiB)
Current lengths of episodes: [128, 128, 57, 127, 127]
Memory usage at done (index 2, length 57, since_prev 57): 4310.234375 MiB (Increase: 0.0 MiB)
Memory usage before reset: 4310.234375 MiB (Increase: 0.0 MiB)
Memory usage after reset: 4310.234375 MiB (Increase: 0.0 MiB)
Current lengths of episodes: [1147, 1147, 1018, 1146, 1146]
Memory usage at done (index 1, length 1147, since_prev 1019): 4310.234375 MiB (Increase: 0.0 MiB)
Memory usage before reset: 4310.234375 MiB (Increase: 0.0 MiB)
Memory usage after reset: 4310.234375 MiB (Increase: 0.0 MiB)
Current lengths of episodes: [1600, 452, 1471, 1599, 1599]
Memory usage at done (index 0, length 1600, since_prev 453): 4310.234375 MiB (Increase: 0.0 MiB)
Memory usage before reset: 4310.234375 MiB (Increase: 0.0 MiB)
Memory usage after reset: 4310.234375 MiB (Increase: 0.0 MiB)
Current lengths of episodes: [0, 453, 1472, 1600, 1599]
Memory usage at done (index 3, length 1600, since_prev 0): 4310.234375 MiB (Increase: 0.0 MiB)
Memory usage before reset: 4310.234375 MiB (Increase: 0.0 MiB)
Memory usage after reset: 4310.234375 MiB (Increase: 0.0 MiB)
Training episode 330
Memory usage at middle: 4310.234375 MiB (Increase: 0.0 MiB)
Memory usage before collect: 4310.234375 MiB (Increase: 0.0 MiB)
Memory usage after collect: 4310.234375 MiB (Increase: 0.0 MiB)
Memory usage before initialization: 4310.234375 MiB (Increase: 0.0 MiB)
Memory usage after initialization: 4310.234375 MiB (Increase: 0.0 MiB)
Current lengths of episodes: [65, 65, 65, 64, 64]
Memory usage at done (index 2, length 65, since_prev 65): 4310.234375 MiB (Increase: 0.0 MiB)
Memory usage before reset: 4310.234375 MiB (Increase: 0.0 MiB)
Memory usage after reset: 4310.234375 MiB (Increase: 0.0 MiB)
Current lengths of episodes: [69, 68, 3, 68, 68]
Memory usage at done (index 0, length 69, since_prev 4): 4310.234375 MiB (Increase: 0.0 MiB)
Memory usage before reset: 4310.234375 MiB (Increase: 0.0 MiB)
Memory usage after reset: 4310.234375 MiB (Increase: 0.0 MiB)
Current lengths of episodes: [13, 82, 17, 82, 82]
Memory usage at done (index 4, length 82, since_prev 13): 4310.234375 MiB (Increase: 0.0 MiB)
Memory usage before reset: 4310.234375 MiB (Increase: 0.0 MiB)
Memory usage after reset: 4310.234375 MiB (Increase: 0.0 MiB)
Current lengths of episodes: [33, 102, 36, 101, 19]
Memory usage at done (index 1, length 102, since_prev 20): 4310.234375 MiB (Increase: 0.0 MiB)
Memory usage before reset: 4310.234375 MiB (Increase: 0.0 MiB)
Memory usage after reset: 4310.234375 MiB (Increase: 0.0 MiB)
Current lengths of episodes: [75, 42, 79, 143, 61]
Memory usage at done (index 2, length 79, since_prev 42): 4310.234375 MiB (Increase: 0.0 MiB)
Memory usage before reset: 4310.234375 MiB (Increase: 0.0 MiB)
Memory usage after reset: 4310.234375 MiB (Increase: 0.0 MiB)
Training episode 335
Memory usage at middle: 4310.234375 MiB (Increase: 0.0 MiB)
Memory usage before collect: 4310.234375 MiB (Increase: 0.0 MiB)
Memory usage after collect: 4310.234375 MiB (Increase: 0.0 MiB)
Memory usage before initialization: 4310.234375 MiB (Increase: 0.0 MiB)
Memory usage after initialization: 4310.234375 MiB (Increase: 0.0 MiB)
Current lengths of episodes: [68, 68, 68, 68, 68]
Memory usage at done (index 4, length 68, since_prev 68): 4310.234375 MiB (Increase: 0.0 MiB)
Memory usage before reset: 4310.234375 MiB (Increase: 0.0 MiB)
Memory usage after reset: 4310.234375 MiB (Increase: 0.0 MiB)
Current lengths of episodes: [70, 70, 69, 69, 1]
Memory usage at done (index 1, length 70, since_prev 2): 4310.234375 MiB (Increase: 0.0 MiB)
Memory usage before reset: 4310.234375 MiB (Increase: 0.0 MiB)
Memory usage after reset: 4310.234375 MiB (Increase: 0.0 MiB)
Current lengths of episodes: [88, 17, 87, 87, 19]
Memory usage at done (index 0, length 88, since_prev 18): 4310.234375 MiB (Increase: 0.0 MiB)
Memory usage before reset: 4310.234375 MiB (Increase: 0.0 MiB)
Memory usage after reset: 4310.234375 MiB (Increase: 0.0 MiB)
Current lengths of episodes: [12, 30, 100, 100, 31]
Memory usage at done (index 3, length 100, since_prev 12): 4310.234375 MiB (Increase: 0.0 MiB)
Memory usage before reset: 4310.234375 MiB (Increase: 0.0 MiB)
Memory usage after reset: 4310.234375 MiB (Increase: 0.0 MiB)
Current lengths of episodes: [38, 56, 126, 26, 58]
Memory usage at done (index 4, length 58, since_prev 26): 4310.234375 MiB (Increase: 0.0 MiB)
Memory usage before reset: 4310.234375 MiB (Increase: 0.0 MiB)
Memory usage after reset: 4310.234375 MiB (Increase: 0.0 MiB)
Training episode 340
Memory usage at middle: 4310.234375 MiB (Increase: 0.0 MiB)
Memory usage before collect: 4310.234375 MiB (Increase: 0.0 MiB)
Memory usage after collect: 4310.234375 MiB (Increase: 0.0 MiB)
Memory usage before initialization: 4310.234375 MiB (Increase: 0.0 MiB)
Memory usage after initialization: 4310.234375 MiB (Increase: 0.0 MiB)
Current lengths of episodes: [62, 62, 62, 62, 61]
Memory usage at done (index 3, length 62, since_prev 62): 4310.234375 MiB (Increase: 0.0 MiB)
Memory usage before reset: 4310.234375 MiB (Increase: 0.0 MiB)
Memory usage after reset: 4310.234375 MiB (Increase: 0.0 MiB)
Current lengths of episodes: [66, 66, 66, 3, 65]
Memory usage at done (index 2, length 66, since_prev 4): 4310.234375 MiB (Increase: 0.0 MiB)
Memory usage before reset: 4310.234375 MiB (Increase: 0.0 MiB)
Memory usage after reset: 4310.234375 MiB (Increase: 0.0 MiB)
Current lengths of episodes: [116, 116, 50, 54, 115]
Memory usage at done (index 3, length 54, since_prev 50): 4310.234375 MiB (Increase: 0.0 MiB)
Memory usage before reset: 4310.234375 MiB (Increase: 0.0 MiB)
Memory usage after reset: 4310.234375 MiB (Increase: 0.0 MiB)
Current lengths of episodes: [1600, 1599, 1533, 1483, 1599]
Memory usage at done (index 0, length 1600, since_prev 1484): 4310.234375 MiB (Increase: 0.0 MiB)
Memory usage before reset: 4310.234375 MiB (Increase: 0.0 MiB)
Memory usage after reset: 4310.234375 MiB (Increase: 0.0 MiB)
Current lengths of episodes: [0, 1600, 1533, 1483, 1599]
Memory usage at done (index 1, length 1600, since_prev 0): 4310.234375 MiB (Increase: 0.0 MiB)
Memory usage before reset: 4310.234375 MiB (Increase: 0.0 MiB)
Memory usage after reset: 4310.234375 MiB (Increase: 0.0 MiB)
Training episode 345
Memory usage at middle: 4310.234375 MiB (Increase: 0.0 MiB)
Memory usage before collect: 4310.234375 MiB (Increase: 0.0 MiB)
Memory usage after collect: 4310.234375 MiB (Increase: 0.0 MiB)
Memory usage before initialization: 4310.234375 MiB (Increase: 0.0 MiB)
Memory usage after initialization: 4310.234375 MiB (Increase: 0.0 MiB)
Current lengths of episodes: [64, 64, 63, 63, 63]
Memory usage at done (index 1, length 64, since_prev 64): 4310.234375 MiB (Increase: 0.0 MiB)
Memory usage before reset: 4310.234375 MiB (Increase: 0.0 MiB)
Memory usage after reset: 4310.234375 MiB (Increase: 0.0 MiB)
Current lengths of episodes: [64, 0, 64, 63, 63]
Memory usage at done (index 2, length 64, since_prev 0): 4310.234375 MiB (Increase: 0.0 MiB)
Memory usage before reset: 4310.234375 MiB (Increase: 0.0 MiB)
Memory usage after reset: 4310.234375 MiB (Increase: 0.0 MiB)
Current lengths of episodes: [68, 3, 3, 67, 67]
Memory usage at done (index 0, length 68, since_prev 4): 4310.234375 MiB (Increase: 0.0 MiB)
Memory usage before reset: 4310.234375 MiB (Increase: 0.0 MiB)
Memory usage after reset: 4310.234375 MiB (Increase: 0.0 MiB)
Current lengths of episodes: [101, 105, 105, 168, 168]
Memory usage at done (index 2, length 105, since_prev 101): 4310.234375 MiB (Increase: 0.0 MiB)
Memory usage before reset: 4310.234375 MiB (Increase: 0.0 MiB)
Memory usage after reset: 4310.234375 MiB (Increase: 0.0 MiB)
Current lengths of episodes: [1532, 1536, 1431, 1600, 1599]
Memory usage at done (index 3, length 1600, since_prev 1431): 4310.234375 MiB (Increase: 0.0 MiB)
Memory usage before reset: 4310.234375 MiB (Increase: 0.0 MiB)
Memory usage after reset: 4310.234375 MiB (Increase: 0.0 MiB)
Training episode 350
Memory usage at middle: 4310.234375 MiB (Increase: 0.0 MiB)
Memory usage before collect: 4310.234375 MiB (Increase: 0.0 MiB)
Memory usage after collect: 4310.234375 MiB (Increase: 0.0 MiB)
Episode 350	Average evaluation: -114.01253432345997
Memory usage before initialization: 4310.234375 MiB (Increase: 0.0 MiB)
Memory usage after initialization: 4310.234375 MiB (Increase: 0.0 MiB)
Current lengths of episodes: [77, 77, 77, 77, 77]
Memory usage at done (index 4, length 77, since_prev 77): 4310.234375 MiB (Increase: 0.0 MiB)
Memory usage before reset: 4310.234375 MiB (Increase: 0.0 MiB)
Memory usage after reset: 4310.234375 MiB (Increase: 0.0 MiB)
Current lengths of episodes: [100, 100, 100, 99, 22]
Memory usage at done (index 2, length 100, since_prev 23): 4310.234375 MiB (Increase: 0.0 MiB)
Memory usage before reset: 4310.234375 MiB (Increase: 0.0 MiB)
Memory usage after reset: 4310.234375 MiB (Increase: 0.0 MiB)
Current lengths of episodes: [137, 137, 37, 137, 60]
Memory usage at done (index 4, length 60, since_prev 37): 4310.234375 MiB (Increase: 0.0 MiB)
Memory usage before reset: 4310.234375 MiB (Increase: 0.0 MiB)
Memory usage after reset: 4310.234375 MiB (Increase: 0.0 MiB)
Current lengths of episodes: [155, 155, 55, 154, 17]
Memory usage at done (index 2, length 55, since_prev 18): 4310.234375 MiB (Increase: 0.0 MiB)
Memory usage before reset: 4310.234375 MiB (Increase: 0.0 MiB)
Memory usage after reset: 4310.234375 MiB (Increase: 0.0 MiB)
Current lengths of episodes: [230, 230, 75, 229, 92]
Memory usage at done (index 2, length 75, since_prev 75): 4310.234375 MiB (Increase: 0.0 MiB)
Memory usage before reset: 4310.234375 MiB (Increase: 0.0 MiB)
Memory usage after reset: 4310.234375 MiB (Increase: 0.0 MiB)
Training episode 355
Memory usage at middle: 4310.234375 MiB (Increase: 0.0 MiB)
Memory usage before collect: 4310.234375 MiB (Increase: 0.0 MiB)
Memory usage after collect: 4310.234375 MiB (Increase: 0.0 MiB)
Memory usage before initialization: 4310.234375 MiB (Increase: 0.0 MiB)
Memory usage after initialization: 4310.234375 MiB (Increase: 0.0 MiB)
Current lengths of episodes: [51, 50, 50, 50, 50]
Memory usage at done (index 0, length 51, since_prev 51): 4310.234375 MiB (Increase: 0.0 MiB)
Memory usage before reset: 4310.234375 MiB (Increase: 0.0 MiB)
Memory usage after reset: 4310.234375 MiB (Increase: 0.0 MiB)
Current lengths of episodes: [17, 68, 67, 67, 67]
Memory usage at done (index 1, length 68, since_prev 17): 4310.234375 MiB (Increase: 0.0 MiB)
Memory usage before reset: 4310.234375 MiB (Increase: 0.0 MiB)
Memory usage after reset: 4310.234375 MiB (Increase: 0.0 MiB)
Current lengths of episodes: [31, 14, 82, 82, 81]
Memory usage at done (index 3, length 82, since_prev 14): 4310.234375 MiB (Increase: 0.0 MiB)
Memory usage before reset: 4310.234375 MiB (Increase: 0.0 MiB)
Memory usage after reset: 4310.234375 MiB (Increase: 0.0 MiB)
Current lengths of episodes: [109, 92, 160, 78, 159]
Memory usage at done (index 3, length 78, since_prev 78): 4310.234375 MiB (Increase: 0.0 MiB)
Memory usage before reset: 4310.234375 MiB (Increase: 0.0 MiB)
Memory usage after reset: 4310.234375 MiB (Increase: 0.0 MiB)
Current lengths of episodes: [167, 150, 218, 58, 217]
Memory usage at done (index 3, length 58, since_prev 58): 4310.234375 MiB (Increase: 0.0 MiB)
Memory usage before reset: 4310.234375 MiB (Increase: 0.0 MiB)
Memory usage after reset: 4310.234375 MiB (Increase: 0.0 MiB)
Training episode 360
Memory usage at middle: 4310.234375 MiB (Increase: 0.0 MiB)
Memory usage before collect: 4310.234375 MiB (Increase: 0.0 MiB)
Memory usage after collect: 4310.234375 MiB (Increase: 0.0 MiB)
Memory usage before initialization: 4310.234375 MiB (Increase: 0.0 MiB)
Memory usage after initialization: 4310.234375 MiB (Increase: 0.0 MiB)
Current lengths of episodes: [51, 51, 50, 50, 50]
Memory usage at done (index 1, length 51, since_prev 51): 4310.234375 MiB (Increase: 0.0 MiB)
Memory usage before reset: 4310.234375 MiB (Increase: 0.0 MiB)
Memory usage after reset: 4310.234375 MiB (Increase: 0.0 MiB)
Current lengths of episodes: [102, 50, 101, 101, 101]
Memory usage at done (index 0, length 102, since_prev 51): 4310.234375 MiB (Increase: 0.0 MiB)
Memory usage before reset: 4310.234375 MiB (Increase: 0.0 MiB)
Memory usage after reset: 4310.234375 MiB (Increase: 0.0 MiB)
Current lengths of episodes: [262, 313, 363, 363, 363]
Memory usage at done (index 1, length 313, since_prev 262): 4310.234375 MiB (Increase: 0.0 MiB)
Memory usage before reset: 4310.234375 MiB (Increase: 0.0 MiB)
Memory usage after reset: 4310.234375 MiB (Increase: 0.0 MiB)
Current lengths of episodes: [358, 96, 459, 459, 459]
Memory usage at done (index 1, length 96, since_prev 96): 4310.234375 MiB (Increase: 0.0 MiB)
Memory usage before reset: 4310.234375 MiB (Increase: 0.0 MiB)
Memory usage after reset: 4310.234375 MiB (Increase: 0.0 MiB)
Current lengths of episodes: [1498, 1140, 1600, 1599, 1599]
Memory usage at done (index 2, length 1600, since_prev 1140): 4310.234375 MiB (Increase: 0.0 MiB)
Memory usage before reset: 4310.234375 MiB (Increase: 0.0 MiB)
Memory usage after reset: 4310.234375 MiB (Increase: 0.0 MiB)
Training episode 365
Memory usage at middle: 4310.234375 MiB (Increase: 0.0 MiB)
Memory usage before collect: 4310.234375 MiB (Increase: 0.0 MiB)
Memory usage after collect: 4310.234375 MiB (Increase: 0.0 MiB)
Memory usage before initialization: 4310.234375 MiB (Increase: 0.0 MiB)
Memory usage after initialization: 4310.234375 MiB (Increase: 0.0 MiB)
Current lengths of episodes: [48, 48, 47, 47, 47]
Memory usage at done (index 1, length 48, since_prev 48): 4310.234375 MiB (Increase: 0.0 MiB)
Memory usage before reset: 4310.234375 MiB (Increase: 0.0 MiB)
Memory usage after reset: 4310.234375 MiB (Increase: 0.0 MiB)
Current lengths of episodes: [80, 31, 79, 79, 79]
Memory usage at done (index 0, length 80, since_prev 32): 4310.234375 MiB (Increase: 0.0 MiB)
Memory usage before reset: 4310.234375 MiB (Increase: 0.0 MiB)
Memory usage after reset: 4310.234375 MiB (Increase: 0.0 MiB)
Current lengths of episodes: [1520, 1552, 1600, 1599, 1599]
Memory usage at done (index 2, length 1600, since_prev 1520): 4310.234375 MiB (Increase: 0.0 MiB)
Memory usage before reset: 4310.234375 MiB (Increase: 0.0 MiB)
Memory usage after reset: 4310.234375 MiB (Increase: 0.0 MiB)
Current lengths of episodes: [1520, 1552, 0, 1600, 1599]
Memory usage at done (index 3, length 1600, since_prev 0): 4310.234375 MiB (Increase: 0.0 MiB)
Memory usage before reset: 4310.234375 MiB (Increase: 0.0 MiB)
Memory usage after reset: 4310.234375 MiB (Increase: 0.0 MiB)
Current lengths of episodes: [1520, 1552, 0, 0, 1600]
Memory usage at done (index 4, length 1600, since_prev 0): 4310.234375 MiB (Increase: 0.0 MiB)
Memory usage before reset: 4310.234375 MiB (Increase: 0.0 MiB)
Memory usage after reset: 4310.234375 MiB (Increase: 0.0 MiB)
Training episode 370
Memory usage at middle: 4310.234375 MiB (Increase: 0.0 MiB)
Memory usage before collect: 4310.234375 MiB (Increase: 0.0 MiB)
Memory usage after collect: 4310.234375 MiB (Increase: 0.0 MiB)
Memory usage before initialization: 4310.234375 MiB (Increase: 0.0 MiB)
Memory usage after initialization: 4310.234375 MiB (Increase: 0.0 MiB)
Current lengths of episodes: [66, 66, 66, 66, 65]
Memory usage at done (index 3, length 66, since_prev 66): 4310.234375 MiB (Increase: 0.0 MiB)
Memory usage before reset: 4310.234375 MiB (Increase: 0.0 MiB)
Memory usage after reset: 4310.234375 MiB (Increase: 0.0 MiB)
Current lengths of episodes: [67, 67, 67, 1, 67]
Memory usage at done (index 4, length 67, since_prev 1): 4310.234375 MiB (Increase: 0.0 MiB)
Memory usage before reset: 4310.234375 MiB (Increase: 0.0 MiB)
Memory usage after reset: 4310.234375 MiB (Increase: 0.0 MiB)
Current lengths of episodes: [76, 76, 75, 9, 8]
Memory usage at done (index 1, length 76, since_prev 9): 4310.234375 MiB (Increase: 0.0 MiB)
Memory usage before reset: 4310.234375 MiB (Increase: 0.0 MiB)
Memory usage after reset: 4310.234375 MiB (Increase: 0.0 MiB)
Current lengths of episodes: [130, 54, 130, 64, 62]
Memory usage at done (index 3, length 64, since_prev 54): 4310.234375 MiB (Increase: 0.0 MiB)
Memory usage before reset: 4310.234375 MiB (Increase: 0.0 MiB)
Memory usage after reset: 4310.234375 MiB (Increase: 0.0 MiB)
Current lengths of episodes: [164, 88, 164, 34, 97]
Memory usage at done (index 4, length 97, since_prev 34): 4310.234375 MiB (Increase: 0.0 MiB)
Memory usage before reset: 4310.234375 MiB (Increase: 0.0 MiB)
Memory usage after reset: 4310.234375 MiB (Increase: 0.0 MiB)
Training episode 375
Memory usage at middle: 4310.234375 MiB (Increase: 0.0 MiB)
Memory usage before collect: 4310.234375 MiB (Increase: 0.0 MiB)
Memory usage after collect: 4310.234375 MiB (Increase: 0.0 MiB)
Memory usage before initialization: 4310.234375 MiB (Increase: 0.0 MiB)
Memory usage after initialization: 4310.234375 MiB (Increase: 0.0 MiB)
Current lengths of episodes: [49, 49, 49, 48, 48]
Memory usage at done (index 2, length 49, since_prev 49): 4310.234375 MiB (Increase: 0.0 MiB)
Memory usage before reset: 4310.234375 MiB (Increase: 0.0 MiB)
Memory usage after reset: 4310.234375 MiB (Increase: 0.0 MiB)
Current lengths of episodes: [61, 61, 12, 61, 60]
Memory usage at done (index 3, length 61, since_prev 12): 4310.234375 MiB (Increase: 0.0 MiB)
Memory usage before reset: 4310.234375 MiB (Increase: 0.0 MiB)
Memory usage after reset: 4310.234375 MiB (Increase: 0.0 MiB)
Current lengths of episodes: [120, 120, 70, 58, 119]
Memory usage at done (index 1, length 120, since_prev 59): 4310.234375 MiB (Increase: 0.0 MiB)
Memory usage before reset: 4310.234375 MiB (Increase: 0.0 MiB)
Memory usage after reset: 4310.234375 MiB (Increase: 0.0 MiB)
Current lengths of episodes: [133, 13, 84, 72, 132]
Memory usage at done (index 3, length 72, since_prev 13): 4310.234375 MiB (Increase: 0.0 MiB)
Memory usage before reset: 4310.234375 MiB (Increase: 0.0 MiB)
Memory usage after reset: 4310.234375 MiB (Increase: 0.0 MiB)
Current lengths of episodes: [142, 21, 92, 8, 141]
Memory usage at done (index 0, length 142, since_prev 9): 4310.234375 MiB (Increase: 0.0 MiB)
Memory usage before reset: 4310.234375 MiB (Increase: 0.0 MiB)
Memory usage after reset: 4310.234375 MiB (Increase: 0.0 MiB)
Training episode 380
Memory usage at middle: 4310.234375 MiB (Increase: 0.0 MiB)
Memory usage before collect: 4310.234375 MiB (Increase: 0.0 MiB)
Memory usage after collect: 4310.234375 MiB (Increase: 0.0 MiB)
Memory usage before initialization: 4310.234375 MiB (Increase: 0.0 MiB)
Memory usage after initialization: 4310.234375 MiB (Increase: 0.0 MiB)
Current lengths of episodes: [49, 49, 49, 49, 49]
Memory usage at done (index 4, length 49, since_prev 49): 4310.234375 MiB (Increase: 0.0 MiB)
Memory usage before reset: 4310.234375 MiB (Increase: 0.0 MiB)
Memory usage after reset: 4310.234375 MiB (Increase: 0.0 MiB)
Current lengths of episodes: [102, 102, 102, 102, 53]
Memory usage at done (index 4, length 53, since_prev 53): 4310.234375 MiB (Increase: 0.0 MiB)
Memory usage before reset: 4310.234375 MiB (Increase: 0.0 MiB)
Memory usage after reset: 4310.234375 MiB (Increase: 0.0 MiB)
Current lengths of episodes: [230, 230, 230, 230, 127]
Memory usage at done (index 3, length 230, since_prev 128): 4310.234375 MiB (Increase: 0.0 MiB)
Memory usage before reset: 4310.234375 MiB (Increase: 0.0 MiB)
Memory usage after reset: 4310.234375 MiB (Increase: 0.0 MiB)
Current lengths of episodes: [364, 364, 364, 134, 261]
Memory usage at done (index 3, length 134, since_prev 134): 4310.234375 MiB (Increase: 0.0 MiB)
Memory usage before reset: 4310.234375 MiB (Increase: 0.0 MiB)
Memory usage after reset: 4310.234375 MiB (Increase: 0.0 MiB)
Current lengths of episodes: [1600, 1599, 1599, 1235, 1497]
Memory usage at done (index 0, length 1600, since_prev 1236): 4310.234375 MiB (Increase: 0.0 MiB)
Memory usage before reset: 4310.234375 MiB (Increase: 0.0 MiB)
Memory usage after reset: 4310.234375 MiB (Increase: 0.0 MiB)
Training episode 385
Memory usage at middle: 4310.234375 MiB (Increase: 0.0 MiB)
Memory usage before collect: 4310.234375 MiB (Increase: 0.0 MiB)
Memory usage after collect: 4310.234375 MiB (Increase: 0.0 MiB)
Memory usage before initialization: 4310.234375 MiB (Increase: 0.0 MiB)
Memory usage after initialization: 4310.234375 MiB (Increase: 0.0 MiB)
Current lengths of episodes: [60, 60, 59, 59, 59]
Memory usage at done (index 1, length 60, since_prev 60): 4310.234375 MiB (Increase: 0.0 MiB)
Memory usage before reset: 4310.234375 MiB (Increase: 0.0 MiB)
Memory usage after reset: 4310.234375 MiB (Increase: 0.0 MiB)
Current lengths of episodes: [126, 66, 125, 125, 125]
Memory usage at done (index 1, length 66, since_prev 66): 4310.234375 MiB (Increase: 0.0 MiB)
Memory usage before reset: 4310.234375 MiB (Increase: 0.0 MiB)
Memory usage after reset: 4310.234375 MiB (Increase: 0.0 MiB)
Current lengths of episodes: [158, 32, 158, 157, 157]
Memory usage at done (index 2, length 158, since_prev 32): 4310.234375 MiB (Increase: 0.0 MiB)
Memory usage before reset: 4310.234375 MiB (Increase: 0.0 MiB)
Memory usage after reset: 4310.234375 MiB (Increase: 0.0 MiB)
Current lengths of episodes: [809, 683, 650, 808, 808]
Memory usage at done (index 1, length 683, since_prev 651): 4310.234375 MiB (Increase: 0.0 MiB)
Memory usage before reset: 4310.234375 MiB (Increase: 0.0 MiB)
Memory usage after reset: 4310.234375 MiB (Increase: 0.0 MiB)
Current lengths of episodes: [1600, 790, 1441, 1599, 1599]
Memory usage at done (index 0, length 1600, since_prev 791): 4310.234375 MiB (Increase: 0.0 MiB)
Memory usage before reset: 4310.234375 MiB (Increase: 0.0 MiB)
Memory usage after reset: 4310.234375 MiB (Increase: 0.0 MiB)
Training episode 390
Memory usage at middle: 4310.234375 MiB (Increase: 0.0 MiB)
Memory usage before collect: 4310.234375 MiB (Increase: 0.0 MiB)
Memory usage after collect: 4310.234375 MiB (Increase: 0.0 MiB)
Memory usage before initialization: 4310.234375 MiB (Increase: 0.0 MiB)
Memory usage after initialization: 4310.234375 MiB (Increase: 0.0 MiB)
Current lengths of episodes: [48, 47, 47, 47, 47]
Memory usage at done (index 0, length 48, since_prev 48): 4310.234375 MiB (Increase: 0.0 MiB)
Memory usage before reset: 4310.234375 MiB (Increase: 0.0 MiB)
Memory usage after reset: 4310.234375 MiB (Increase: 0.0 MiB)
Current lengths of episodes: [23, 71, 71, 71, 70]
Memory usage at done (index 3, length 71, since_prev 23): 4310.234375 MiB (Increase: 0.0 MiB)
Memory usage before reset: 4310.234375 MiB (Increase: 0.0 MiB)
Memory usage after reset: 4310.234375 MiB (Increase: 0.0 MiB)
Current lengths of episodes: [25, 73, 73, 1, 72]
Memory usage at done (index 2, length 73, since_prev 2): 4310.234375 MiB (Increase: 0.0 MiB)
Memory usage before reset: 4310.234375 MiB (Increase: 0.0 MiB)
Memory usage after reset: 4310.234375 MiB (Increase: 0.0 MiB)
Current lengths of episodes: [28, 76, 3, 5, 76]
Memory usage at done (index 4, length 76, since_prev 3): 4310.234375 MiB (Increase: 0.0 MiB)
Memory usage before reset: 4310.234375 MiB (Increase: 0.0 MiB)
Memory usage after reset: 4310.234375 MiB (Increase: 0.0 MiB)
Current lengths of episodes: [48, 95, 22, 24, 19]
Memory usage at done (index 0, length 48, since_prev 20): 4310.234375 MiB (Increase: 0.0 MiB)
Memory usage before reset: 4310.234375 MiB (Increase: 0.0 MiB)
Memory usage after reset: 4310.234375 MiB (Increase: 0.0 MiB)
Training episode 395
Memory usage at middle: 4310.234375 MiB (Increase: 0.0 MiB)
Memory usage before collect: 4310.234375 MiB (Increase: 0.0 MiB)
Memory usage after collect: 4310.234375 MiB (Increase: 0.0 MiB)
Memory usage before initialization: 4310.234375 MiB (Increase: 0.0 MiB)
Memory usage after initialization: 4310.234375 MiB (Increase: 0.0 MiB)
Current lengths of episodes: [53, 52, 52, 52, 52]
Memory usage at done (index 0, length 53, since_prev 53): 4310.234375 MiB (Increase: 0.0 MiB)
Memory usage before reset: 4310.234375 MiB (Increase: 0.0 MiB)
Memory usage after reset: 4310.234375 MiB (Increase: 0.0 MiB)
Current lengths of episodes: [22, 75, 74, 74, 74]
Memory usage at done (index 1, length 75, since_prev 22): 4310.234375 MiB (Increase: 0.0 MiB)
Memory usage before reset: 4310.234375 MiB (Increase: 0.0 MiB)
Memory usage after reset: 4310.234375 MiB (Increase: 0.0 MiB)
Current lengths of episodes: [42, 20, 95, 94, 94]
Memory usage at done (index 2, length 95, since_prev 20): 4310.234375 MiB (Increase: 0.0 MiB)
Memory usage before reset: 4310.234375 MiB (Increase: 0.0 MiB)
Memory usage after reset: 4310.234375 MiB (Increase: 0.0 MiB)
Current lengths of episodes: [87, 65, 45, 139, 139]
Memory usage at done (index 2, length 45, since_prev 45): 4310.234375 MiB (Increase: 0.0 MiB)
Memory usage before reset: 4310.234375 MiB (Increase: 0.0 MiB)
Memory usage after reset: 4310.234375 MiB (Increase: 0.0 MiB)
Current lengths of episodes: [122, 99, 34, 174, 174]
Memory usage at done (index 0, length 122, since_prev 35): 4310.234375 MiB (Increase: 0.0 MiB)
Memory usage before reset: 4310.234375 MiB (Increase: 0.0 MiB)
Memory usage after reset: 4310.234375 MiB (Increase: 0.0 MiB)
Training episode 400
Memory usage at middle: 4310.234375 MiB (Increase: 0.0 MiB)
Memory usage before collect: 4310.234375 MiB (Increase: 0.0 MiB)
Memory usage after collect: 4310.234375 MiB (Increase: 0.0 MiB)
Episode 400	Average evaluation: -118.57927264239602
Memory usage before initialization: 4310.234375 MiB (Increase: 0.0 MiB)
Memory usage after initialization: 4310.234375 MiB (Increase: 0.0 MiB)
Current lengths of episodes: [53, 53, 53, 53, 52]
Memory usage at done (index 3, length 53, since_prev 53): 4310.234375 MiB (Increase: 0.0 MiB)
Memory usage before reset: 4310.234375 MiB (Increase: 0.0 MiB)
Memory usage after reset: 4310.234375 MiB (Increase: 0.0 MiB)
Current lengths of episodes: [67, 67, 66, 13, 66]
Memory usage at done (index 1, length 67, since_prev 14): 4310.234375 MiB (Increase: 0.0 MiB)
Memory usage before reset: 4310.234375 MiB (Increase: 0.0 MiB)
Memory usage after reset: 4310.234375 MiB (Increase: 0.0 MiB)
Current lengths of episodes: [160, 93, 159, 106, 159]
Memory usage at done (index 1, length 93, since_prev 93): 4310.234375 MiB (Increase: 0.0 MiB)
Memory usage before reset: 4310.234375 MiB (Increase: 0.0 MiB)
Memory usage after reset: 4310.234375 MiB (Increase: 0.0 MiB)
Current lengths of episodes: [201, 41, 201, 148, 201]
Memory usage at done (index 4, length 201, since_prev 41): 4310.234375 MiB (Increase: 0.0 MiB)
Memory usage before reset: 4310.234375 MiB (Increase: 0.0 MiB)
Memory usage after reset: 4310.234375 MiB (Increase: 0.0 MiB)
Current lengths of episodes: [204, 44, 203, 150, 2]
Memory usage at done (index 1, length 44, since_prev 3): 4310.234375 MiB (Increase: 0.0 MiB)
Memory usage before reset: 4310.234375 MiB (Increase: 0.0 MiB)
Memory usage after reset: 4310.234375 MiB (Increase: 0.0 MiB)
Training episode 405
Memory usage at middle: 4310.234375 MiB (Increase: 0.0 MiB)
Memory usage before collect: 4310.234375 MiB (Increase: 0.0 MiB)
Memory usage after collect: 4310.234375 MiB (Increase: 0.0 MiB)
Memory usage before initialization: 4310.234375 MiB (Increase: 0.0 MiB)
Memory usage after initialization: 4310.234375 MiB (Increase: 0.0 MiB)
Current lengths of episodes: [62, 62, 61, 61, 61]
Memory usage at done (index 1, length 62, since_prev 62): 4310.234375 MiB (Increase: 0.0 MiB)
Memory usage before reset: 4310.234375 MiB (Increase: 0.0 MiB)
Memory usage after reset: 4310.234375 MiB (Increase: 0.0 MiB)
Current lengths of episodes: [68, 6, 68, 67, 67]
Memory usage at done (index 2, length 68, since_prev 6): 4310.234375 MiB (Increase: 0.0 MiB)
Memory usage before reset: 4310.234375 MiB (Increase: 0.0 MiB)
Memory usage after reset: 4310.234375 MiB (Increase: 0.0 MiB)
Current lengths of episodes: [72, 10, 4, 72, 72]
Memory usage at done (index 4, length 72, since_prev 4): 4310.234375 MiB (Increase: 0.0 MiB)
Memory usage before reset: 4310.234375 MiB (Increase: 0.0 MiB)
Memory usage after reset: 4310.234375 MiB (Increase: 0.0 MiB)
Current lengths of episodes: [113, 50, 44, 112, 40]
Memory usage at done (index 0, length 113, since_prev 41): 4310.234375 MiB (Increase: 0.0 MiB)
Memory usage before reset: 4310.234375 MiB (Increase: 0.0 MiB)
Memory usage after reset: 4310.234375 MiB (Increase: 0.0 MiB)
Current lengths of episodes: [10, 61, 55, 122, 50]
Memory usage at done (index 2, length 55, since_prev 10): 4310.234375 MiB (Increase: 0.0 MiB)
Memory usage before reset: 4310.234375 MiB (Increase: 0.0 MiB)
Memory usage after reset: 4310.234375 MiB (Increase: 0.0 MiB)
Training episode 410
Memory usage at middle: 4310.234375 MiB (Increase: 0.0 MiB)
Memory usage before collect: 4310.234375 MiB (Increase: 0.0 MiB)
Memory usage after collect: 4310.234375 MiB (Increase: 0.0 MiB)
Memory usage before initialization: 4310.234375 MiB (Increase: 0.0 MiB)
Memory usage after initialization: 4310.234375 MiB (Increase: 0.0 MiB)
Current lengths of episodes: [50, 50, 50, 50, 49]
Memory usage at done (index 3, length 50, since_prev 50): 4310.234375 MiB (Increase: 0.0 MiB)
Memory usage before reset: 4310.234375 MiB (Increase: 0.0 MiB)
Memory usage after reset: 4310.234375 MiB (Increase: 0.0 MiB)
Current lengths of episodes: [150, 149, 149, 99, 149]
Memory usage at done (index 0, length 150, since_prev 100): 4310.234375 MiB (Increase: 0.0 MiB)
Memory usage before reset: 4310.234375 MiB (Increase: 0.0 MiB)
Memory usage after reset: 4310.234375 MiB (Increase: 0.0 MiB)
Current lengths of episodes: [1055, 1205, 1205, 1155, 1205]
Memory usage at done (index 4, length 1205, since_prev 1055): 4310.234375 MiB (Increase: 0.0 MiB)
Memory usage before reset: 4310.234375 MiB (Increase: 0.0 MiB)
Memory usage after reset: 4310.234375 MiB (Increase: 0.0 MiB)
Current lengths of episodes: [1129, 1279, 1279, 1229, 74]
Memory usage at done (index 4, length 74, since_prev 74): 4310.234375 MiB (Increase: 0.0 MiB)
Memory usage before reset: 4310.234375 MiB (Increase: 0.0 MiB)
Memory usage after reset: 4310.234375 MiB (Increase: 0.0 MiB)
Current lengths of episodes: [1450, 1600, 1599, 1549, 320]
Memory usage at done (index 1, length 1600, since_prev 321): 4310.234375 MiB (Increase: 0.0 MiB)
Memory usage before reset: 4310.234375 MiB (Increase: 0.0 MiB)
Memory usage after reset: 4310.234375 MiB (Increase: 0.0 MiB)
Training episode 415
Memory usage at middle: 4310.234375 MiB (Increase: 0.0 MiB)
Memory usage before collect: 4310.234375 MiB (Increase: 0.0 MiB)
Memory usage after collect: 4310.234375 MiB (Increase: 0.0 MiB)
Memory usage before initialization: 4310.234375 MiB (Increase: 0.0 MiB)
Memory usage after initialization: 4310.234375 MiB (Increase: 0.0 MiB)
Current lengths of episodes: [47, 47, 46, 46, 46]
Memory usage at done (index 1, length 47, since_prev 47): 4310.234375 MiB (Increase: 0.0 MiB)
Memory usage before reset: 4310.234375 MiB (Increase: 0.0 MiB)
Memory usage after reset: 4310.234375 MiB (Increase: 0.0 MiB)
Current lengths of episodes: [54, 7, 54, 53, 53]
Memory usage at done (index 2, length 54, since_prev 7): 4310.234375 MiB (Increase: 0.0 MiB)
Memory usage before reset: 4310.234375 MiB (Increase: 0.0 MiB)
Memory usage after reset: 4310.234375 MiB (Increase: 0.0 MiB)
Current lengths of episodes: [78, 31, 24, 78, 78]
Memory usage at done (index 4, length 78, since_prev 24): 4310.234375 MiB (Increase: 0.0 MiB)
Memory usage before reset: 4310.234375 MiB (Increase: 0.0 MiB)
Memory usage after reset: 4310.234375 MiB (Increase: 0.0 MiB)
Current lengths of episodes: [110, 62, 55, 109, 31]
Memory usage at done (index 0, length 110, since_prev 32): 4310.234375 MiB (Increase: 0.0 MiB)
Memory usage before reset: 4310.234375 MiB (Increase: 0.0 MiB)
Memory usage after reset: 4310.234375 MiB (Increase: 0.0 MiB)
Current lengths of episodes: [735, 798, 791, 845, 767]
Memory usage at done (index 4, length 767, since_prev 735): 4310.234375 MiB (Increase: 0.0 MiB)
Memory usage before reset: 4310.234375 MiB (Increase: 0.0 MiB)
Memory usage after reset: 4310.234375 MiB (Increase: 0.0 MiB)
Training episode 420
Memory usage at middle: 4310.234375 MiB (Increase: 0.0 MiB)
Memory usage before collect: 4310.234375 MiB (Increase: 0.0 MiB)
Memory usage after collect: 4310.234375 MiB (Increase: 0.0 MiB)
Memory usage before initialization: 4310.234375 MiB (Increase: 0.0 MiB)
Memory usage after initialization: 4310.234375 MiB (Increase: 0.0 MiB)
Current lengths of episodes: [45, 45, 44, 44, 44]
Memory usage at done (index 1, length 45, since_prev 45): 4310.234375 MiB (Increase: 0.0 MiB)
Memory usage before reset: 4310.234375 MiB (Increase: 0.0 MiB)
Memory usage after reset: 4310.234375 MiB (Increase: 0.0 MiB)
Current lengths of episodes: [93, 48, 93, 93, 92]
Memory usage at done (index 3, length 93, since_prev 48): 4310.234375 MiB (Increase: 0.0 MiB)
Memory usage before reset: 4310.234375 MiB (Increase: 0.0 MiB)
Memory usage after reset: 4310.234375 MiB (Increase: 0.0 MiB)
Current lengths of episodes: [96, 50, 95, 2, 95]
Memory usage at done (index 0, length 96, since_prev 3): 4310.234375 MiB (Increase: 0.0 MiB)
Memory usage before reset: 4310.234375 MiB (Increase: 0.0 MiB)
Memory usage after reset: 4310.234375 MiB (Increase: 0.0 MiB)
Current lengths of episodes: [34, 85, 129, 36, 129]
Memory usage at done (index 1, length 85, since_prev 34): 4310.234375 MiB (Increase: 0.0 MiB)
Memory usage before reset: 4310.234375 MiB (Increase: 0.0 MiB)
Memory usage after reset: 4310.234375 MiB (Increase: 0.0 MiB)
Current lengths of episodes: [89, 55, 185, 92, 184]
Memory usage at done (index 3, length 92, since_prev 55): 4310.234375 MiB (Increase: 0.0 MiB)
Memory usage before reset: 4310.234375 MiB (Increase: 0.0 MiB)
Memory usage after reset: 4310.234375 MiB (Increase: 0.0 MiB)
Training episode 425
Memory usage at middle: 4310.234375 MiB (Increase: 0.0 MiB)
Memory usage before collect: 4310.234375 MiB (Increase: 0.0 MiB)
Memory usage after collect: 4310.234375 MiB (Increase: 0.0 MiB)
Memory usage before initialization: 4310.234375 MiB (Increase: 0.0 MiB)
Memory usage after initialization: 4310.234375 MiB (Increase: 0.0 MiB)
Current lengths of episodes: [67, 67, 67, 67, 67]
Memory usage at done (index 4, length 67, since_prev 67): 4310.234375 MiB (Increase: 0.0 MiB)
Memory usage before reset: 4310.234375 MiB (Increase: 0.0 MiB)
Memory usage after reset: 4310.234375 MiB (Increase: 0.0 MiB)
Current lengths of episodes: [129, 129, 129, 129, 62]
Memory usage at done (index 4, length 62, since_prev 62): 4310.234375 MiB (Increase: 0.0 MiB)
Memory usage before reset: 4310.234375 MiB (Increase: 0.0 MiB)
Memory usage after reset: 4310.234375 MiB (Increase: 0.0 MiB)
Current lengths of episodes: [234, 234, 234, 234, 105]
Memory usage at done (index 4, length 105, since_prev 105): 4310.234375 MiB (Increase: 0.0 MiB)
Memory usage before reset: 4310.234375 MiB (Increase: 0.0 MiB)
Memory usage after reset: 4310.234375 MiB (Increase: 0.0 MiB)
Current lengths of episodes: [299, 299, 299, 299, 65]
Memory usage at done (index 4, length 65, since_prev 65): 4310.234375 MiB (Increase: 0.0 MiB)
Memory usage before reset: 4310.234375 MiB (Increase: 0.0 MiB)
Memory usage after reset: 4310.234375 MiB (Increase: 0.0 MiB)
Current lengths of episodes: [377, 377, 377, 377, 78]
Memory usage at done (index 4, length 78, since_prev 78): 4310.234375 MiB (Increase: 0.0 MiB)
Memory usage before reset: 4310.234375 MiB (Increase: 0.0 MiB)
Memory usage after reset: 4310.234375 MiB (Increase: 0.0 MiB)
Training episode 430
Memory usage at middle: 4310.234375 MiB (Increase: 0.0 MiB)
Memory usage before collect: 4310.234375 MiB (Increase: 0.0 MiB)
Memory usage after collect: 4310.234375 MiB (Increase: 0.0 MiB)
Memory usage before initialization: 4310.234375 MiB (Increase: 0.0 MiB)
Memory usage after initialization: 4310.234375 MiB (Increase: 0.0 MiB)
Current lengths of episodes: [52, 52, 52, 51, 51]
Memory usage at done (index 2, length 52, since_prev 52): 4310.234375 MiB (Increase: 0.0 MiB)
Memory usage before reset: 4310.234375 MiB (Increase: 0.0 MiB)
Memory usage after reset: 4310.234375 MiB (Increase: 0.0 MiB)
Current lengths of episodes: [1600, 1599, 1547, 1599, 1599]
Memory usage at done (index 0, length 1600, since_prev 1548): 4310.234375 MiB (Increase: 0.0 MiB)
Memory usage before reset: 4310.234375 MiB (Increase: 0.0 MiB)
Memory usage after reset: 4310.234375 MiB (Increase: 0.0 MiB)
Current lengths of episodes: [0, 1600, 1547, 1599, 1599]
Memory usage at done (index 1, length 1600, since_prev 0): 4310.234375 MiB (Increase: 0.0 MiB)
Memory usage before reset: 4310.234375 MiB (Increase: 0.0 MiB)
Memory usage after reset: 4310.234375 MiB (Increase: 0.0 MiB)
Current lengths of episodes: [0, 0, 1548, 1600, 1599]
Memory usage at done (index 3, length 1600, since_prev 0): 4310.234375 MiB (Increase: 0.0 MiB)
Memory usage before reset: 4310.234375 MiB (Increase: 0.0 MiB)
Memory usage after reset: 4310.234375 MiB (Increase: 0.0 MiB)
Current lengths of episodes: [0, 0, 1548, 0, 1600]
Memory usage at done (index 4, length 1600, since_prev 0): 4310.234375 MiB (Increase: 0.0 MiB)
Memory usage before reset: 4310.234375 MiB (Increase: 0.0 MiB)
Memory usage after reset: 4310.234375 MiB (Increase: 0.0 MiB)
Training episode 435
Memory usage at middle: 4310.234375 MiB (Increase: 0.0 MiB)
Memory usage before collect: 4310.234375 MiB (Increase: 0.0 MiB)
Memory usage after collect: 4310.234375 MiB (Increase: 0.0 MiB)
Memory usage before initialization: 4310.234375 MiB (Increase: 0.0 MiB)
Memory usage after initialization: 4310.234375 MiB (Increase: 0.0 MiB)
Current lengths of episodes: [68, 68, 67, 67, 67]
Memory usage at done (index 1, length 68, since_prev 68): 4310.234375 MiB (Increase: 0.0 MiB)
Memory usage before reset: 4310.234375 MiB (Increase: 0.0 MiB)
Memory usage after reset: 4310.234375 MiB (Increase: 0.0 MiB)
Current lengths of episodes: [68, 0, 68, 67, 67]
Memory usage at done (index 2, length 68, since_prev 0): 4310.234375 MiB (Increase: 0.0 MiB)
Memory usage before reset: 4310.234375 MiB (Increase: 0.0 MiB)
Memory usage after reset: 4310.234375 MiB (Increase: 0.0 MiB)
Current lengths of episodes: [74, 6, 6, 74, 73]
Memory usage at done (index 3, length 74, since_prev 6): 4310.234375 MiB (Increase: 0.0 MiB)
Memory usage before reset: 4310.234375 MiB (Increase: 0.0 MiB)
Memory usage after reset: 4310.234375 MiB (Increase: 0.0 MiB)
Current lengths of episodes: [137, 69, 69, 62, 136]
Memory usage at done (index 2, length 69, since_prev 63): 4310.234375 MiB (Increase: 0.0 MiB)
Memory usage before reset: 4310.234375 MiB (Increase: 0.0 MiB)
Memory usage after reset: 4310.234375 MiB (Increase: 0.0 MiB)
Current lengths of episodes: [1600, 1531, 1462, 1525, 1599]
Memory usage at done (index 0, length 1600, since_prev 1463): 4310.234375 MiB (Increase: 0.0 MiB)
Memory usage before reset: 4310.234375 MiB (Increase: 0.0 MiB)
Memory usage after reset: 4310.234375 MiB (Increase: 0.0 MiB)
Training episode 440
Memory usage at middle: 4310.234375 MiB (Increase: 0.0 MiB)
Memory usage before collect: 4310.234375 MiB (Increase: 0.0 MiB)
Memory usage after collect: 4310.234375 MiB (Increase: 0.0 MiB)
Memory usage before initialization: 4310.234375 MiB (Increase: 0.0 MiB)
Memory usage after initialization: 4310.234375 MiB (Increase: 0.0 MiB)
Current lengths of episodes: [65, 65, 65, 65, 64]
Memory usage at done (index 3, length 65, since_prev 65): 4310.234375 MiB (Increase: 0.0 MiB)
Memory usage before reset: 4310.234375 MiB (Increase: 0.0 MiB)
Memory usage after reset: 4310.234375 MiB (Increase: 0.0 MiB)
Current lengths of episodes: [71, 71, 71, 5, 70]
Memory usage at done (index 2, length 71, since_prev 6): 4310.234375 MiB (Increase: 0.0 MiB)
Memory usage before reset: 4310.234375 MiB (Increase: 0.0 MiB)
Memory usage after reset: 4310.234375 MiB (Increase: 0.0 MiB)
Current lengths of episodes: [74, 73, 2, 8, 73]
Memory usage at done (index 0, length 74, since_prev 3): 4310.234375 MiB (Increase: 0.0 MiB)
Memory usage before reset: 4310.234375 MiB (Increase: 0.0 MiB)
Memory usage after reset: 4310.234375 MiB (Increase: 0.0 MiB)
Current lengths of episodes: [59, 133, 62, 68, 132]
Memory usage at done (index 3, length 68, since_prev 59): 4310.234375 MiB (Increase: 0.0 MiB)
Memory usage before reset: 4310.234375 MiB (Increase: 0.0 MiB)
Memory usage after reset: 4310.234375 MiB (Increase: 0.0 MiB)
Current lengths of episodes: [67, 140, 69, 7, 140]
Memory usage at done (index 0, length 67, since_prev 8): 4310.234375 MiB (Increase: 0.0 MiB)
Memory usage before reset: 4310.234375 MiB (Increase: 0.0 MiB)
Memory usage after reset: 4310.234375 MiB (Increase: 0.0 MiB)
Training episode 445
Memory usage at middle: 4310.234375 MiB (Increase: 0.0 MiB)
Memory usage before collect: 4310.234375 MiB (Increase: 0.0 MiB)
Memory usage after collect: 4310.234375 MiB (Increase: 0.0 MiB)
Memory usage before initialization: 4310.234375 MiB (Increase: 0.0 MiB)
Memory usage after initialization: 4310.234375 MiB (Increase: 0.0 MiB)
Current lengths of episodes: [66, 65, 65, 65, 65]
Memory usage at done (index 0, length 66, since_prev 66): 4310.234375 MiB (Increase: 0.0 MiB)
Memory usage before reset: 4310.234375 MiB (Increase: 0.0 MiB)
Memory usage after reset: 4310.234375 MiB (Increase: 0.0 MiB)
Current lengths of episodes: [11, 77, 77, 77, 77]
Memory usage at done (index 4, length 77, since_prev 11): 4310.234375 MiB (Increase: 0.0 MiB)
Memory usage before reset: 4310.234375 MiB (Increase: 0.0 MiB)
Memory usage after reset: 4310.234375 MiB (Increase: 0.0 MiB)
Current lengths of episodes: [43, 109, 109, 108, 31]
Memory usage at done (index 2, length 109, since_prev 32): 4310.234375 MiB (Increase: 0.0 MiB)
Memory usage before reset: 4310.234375 MiB (Increase: 0.0 MiB)
Memory usage after reset: 4310.234375 MiB (Increase: 0.0 MiB)
Current lengths of episodes: [90, 155, 46, 155, 78]
Memory usage at done (index 0, length 90, since_prev 47): 4310.234375 MiB (Increase: 0.0 MiB)
Memory usage before reset: 4310.234375 MiB (Increase: 0.0 MiB)
Memory usage after reset: 4310.234375 MiB (Increase: 0.0 MiB)
Current lengths of episodes: [1444, 1600, 1490, 1599, 1522]
Memory usage at done (index 1, length 1600, since_prev 1444): 4310.234375 MiB (Increase: 0.0 MiB)
Memory usage before reset: 4310.234375 MiB (Increase: 0.0 MiB)
Memory usage after reset: 4310.234375 MiB (Increase: 0.0 MiB)
Training episode 450
Memory usage at middle: 4310.234375 MiB (Increase: 0.0 MiB)
Memory usage before collect: 4310.234375 MiB (Increase: 0.0 MiB)
Memory usage after collect: 4310.234375 MiB (Increase: 0.0 MiB)
Episode 450	Average evaluation: -24.175132040476928
Memory usage before initialization: 4310.234375 MiB (Increase: 0.0 MiB)
Memory usage after initialization: 4310.234375 MiB (Increase: 0.0 MiB)
Current lengths of episodes: [58, 58, 58, 58, 57]
Memory usage at done (index 3, length 58, since_prev 58): 4310.234375 MiB (Increase: 0.0 MiB)
Memory usage before reset: 4310.234375 MiB (Increase: 0.0 MiB)
Memory usage after reset: 4310.234375 MiB (Increase: 0.0 MiB)
Current lengths of episodes: [91, 91, 90, 32, 90]
Memory usage at done (index 1, length 91, since_prev 33): 4310.234375 MiB (Increase: 0.0 MiB)
Memory usage before reset: 4310.234375 MiB (Increase: 0.0 MiB)
Memory usage after reset: 4310.234375 MiB (Increase: 0.0 MiB)
Current lengths of episodes: [99, 8, 99, 41, 99]
Memory usage at done (index 4, length 99, since_prev 8): 4310.234375 MiB (Increase: 0.0 MiB)
Memory usage before reset: 4310.234375 MiB (Increase: 0.0 MiB)
Memory usage after reset: 4310.234375 MiB (Increase: 0.0 MiB)
Current lengths of episodes: [142, 51, 142, 84, 42]
Memory usage at done (index 3, length 84, since_prev 43): 4310.234375 MiB (Increase: 0.0 MiB)
Memory usage before reset: 4310.234375 MiB (Increase: 0.0 MiB)
Memory usage after reset: 4310.234375 MiB (Increase: 0.0 MiB)
Current lengths of episodes: [194, 103, 194, 52, 94]
Memory usage at done (index 3, length 52, since_prev 52): 4310.234375 MiB (Increase: 0.0 MiB)
Memory usage before reset: 4310.234375 MiB (Increase: 0.0 MiB)
Memory usage after reset: 4310.234375 MiB (Increase: 0.0 MiB)
Training episode 455
Memory usage at middle: 4310.234375 MiB (Increase: 0.0 MiB)
Memory usage before collect: 4310.234375 MiB (Increase: 0.0 MiB)
Memory usage after collect: 4310.234375 MiB (Increase: 0.0 MiB)
Memory usage before initialization: 4310.234375 MiB (Increase: 0.0 MiB)
Memory usage after initialization: 4310.234375 MiB (Increase: 0.0 MiB)
Current lengths of episodes: [117, 117, 116, 116, 116]
Memory usage at done (index 1, length 117, since_prev 117): 4310.234375 MiB (Increase: 0.0 MiB)
Memory usage before reset: 4310.234375 MiB (Increase: 0.0 MiB)
Memory usage after reset: 4310.234375 MiB (Increase: 0.0 MiB)
Current lengths of episodes: [327, 210, 326, 326, 326]
Memory usage at done (index 1, length 210, since_prev 210): 4310.234375 MiB (Increase: 0.0 MiB)
Memory usage before reset: 4310.234375 MiB (Increase: 0.0 MiB)
Memory usage after reset: 4310.234375 MiB (Increase: 0.0 MiB)
Current lengths of episodes: [1600, 1272, 1599, 1599, 1599]
Memory usage at done (index 0, length 1600, since_prev 1273): 4310.234375 MiB (Increase: 0.0 MiB)
Memory usage before reset: 4310.234375 MiB (Increase: 0.0 MiB)
Memory usage after reset: 4310.234375 MiB (Increase: 0.0 MiB)
Current lengths of episodes: [0, 1273, 1600, 1599, 1599]
Memory usage at done (index 2, length 1600, since_prev 0): 4310.234375 MiB (Increase: 0.0 MiB)
Memory usage before reset: 4310.234375 MiB (Increase: 0.0 MiB)
Memory usage after reset: 4310.234375 MiB (Increase: 0.0 MiB)
Current lengths of episodes: [0, 1273, 0, 1600, 1599]
Memory usage at done (index 3, length 1600, since_prev 0): 4310.234375 MiB (Increase: 0.0 MiB)
Memory usage before reset: 4310.234375 MiB (Increase: 0.0 MiB)
Memory usage after reset: 4310.234375 MiB (Increase: 0.0 MiB)
Training episode 460
Memory usage at middle: 4310.234375 MiB (Increase: 0.0 MiB)
Memory usage before collect: 4310.234375 MiB (Increase: 0.0 MiB)
Memory usage after collect: 4310.234375 MiB (Increase: 0.0 MiB)
Memory usage before initialization: 4310.234375 MiB (Increase: 0.0 MiB)
Memory usage after initialization: 4310.234375 MiB (Increase: 0.0 MiB)
Current lengths of episodes: [47, 47, 47, 46, 46]
Memory usage at done (index 2, length 47, since_prev 47): 4310.234375 MiB (Increase: 0.0 MiB)
Memory usage before reset: 4310.234375 MiB (Increase: 0.0 MiB)
Memory usage after reset: 4310.234375 MiB (Increase: 0.0 MiB)
Current lengths of episodes: [61, 61, 13, 60, 60]
Memory usage at done (index 1, length 61, since_prev 14): 4310.234375 MiB (Increase: 0.0 MiB)
Memory usage before reset: 4310.234375 MiB (Increase: 0.0 MiB)
Memory usage after reset: 4310.234375 MiB (Increase: 0.0 MiB)
Current lengths of episodes: [64, 3, 17, 64, 63]
Memory usage at done (index 3, length 64, since_prev 3): 4310.234375 MiB (Increase: 0.0 MiB)
Memory usage before reset: 4310.234375 MiB (Increase: 0.0 MiB)
Memory usage after reset: 4310.234375 MiB (Increase: 0.0 MiB)
Current lengths of episodes: [102, 41, 55, 37, 101]
Memory usage at done (index 2, length 55, since_prev 38): 4310.234375 MiB (Increase: 0.0 MiB)
Memory usage before reset: 4310.234375 MiB (Increase: 0.0 MiB)
Memory usage after reset: 4310.234375 MiB (Increase: 0.0 MiB)
Current lengths of episodes: [113, 51, 10, 48, 112]
Memory usage at done (index 0, length 113, since_prev 11): 4310.234375 MiB (Increase: 0.0 MiB)
Memory usage before reset: 4310.234375 MiB (Increase: 0.0 MiB)
Memory usage after reset: 4310.234375 MiB (Increase: 0.0 MiB)
Training episode 465
Memory usage at middle: 4310.234375 MiB (Increase: 0.0 MiB)
Memory usage before collect: 4310.234375 MiB (Increase: 0.0 MiB)
Memory usage after collect: 4310.234375 MiB (Increase: 0.0 MiB)
Memory usage before initialization: 4310.234375 MiB (Increase: 0.0 MiB)
Memory usage after initialization: 4310.234375 MiB (Increase: 0.0 MiB)
Current lengths of episodes: [61, 61, 61, 61, 60]
Memory usage at done (index 3, length 61, since_prev 61): 4310.234375 MiB (Increase: 0.0 MiB)
Memory usage before reset: 4310.234375 MiB (Increase: 0.0 MiB)
Memory usage after reset: 4310.234375 MiB (Increase: 0.0 MiB)
Current lengths of episodes: [69, 69, 69, 7, 68]
Memory usage at done (index 2, length 69, since_prev 8): 4310.234375 MiB (Increase: 0.0 MiB)
Memory usage before reset: 4310.234375 MiB (Increase: 0.0 MiB)
Memory usage after reset: 4310.234375 MiB (Increase: 0.0 MiB)
Current lengths of episodes: [79, 79, 9, 17, 78]
Memory usage at done (index 1, length 79, since_prev 10): 4310.234375 MiB (Increase: 0.0 MiB)
Memory usage before reset: 4310.234375 MiB (Increase: 0.0 MiB)
Memory usage after reset: 4310.234375 MiB (Increase: 0.0 MiB)
Current lengths of episodes: [174, 95, 104, 112, 173]
Memory usage at done (index 1, length 95, since_prev 95): 4310.234375 MiB (Increase: 0.0 MiB)
Memory usage before reset: 4310.234375 MiB (Increase: 0.0 MiB)
Memory usage after reset: 4310.234375 MiB (Increase: 0.0 MiB)
Current lengths of episodes: [1600, 1425, 1530, 1538, 1599]
Memory usage at done (index 0, length 1600, since_prev 1426): 4310.234375 MiB (Increase: 0.0 MiB)
Memory usage before reset: 4310.234375 MiB (Increase: 0.0 MiB)
Memory usage after reset: 4310.234375 MiB (Increase: 0.0 MiB)
Training episode 470
Memory usage at middle: 4310.234375 MiB (Increase: 0.0 MiB)
Memory usage before collect: 4310.234375 MiB (Increase: 0.0 MiB)
Memory usage after collect: 4310.234375 MiB (Increase: 0.0 MiB)
Memory usage before initialization: 4310.234375 MiB (Increase: 0.0 MiB)
Memory usage after initialization: 4310.234375 MiB (Increase: 0.0 MiB)
Current lengths of episodes: [201, 201, 200, 200, 200]
Memory usage at done (index 1, length 201, since_prev 201): 4310.234375 MiB (Increase: 0.0 MiB)
Memory usage before reset: 4310.234375 MiB (Increase: 0.0 MiB)
Memory usage after reset: 4310.234375 MiB (Increase: 0.0 MiB)
Current lengths of episodes: [249, 48, 248, 248, 248]
Memory usage at done (index 1, length 48, since_prev 48): 4310.234375 MiB (Increase: 0.0 MiB)
Memory usage before reset: 4310.234375 MiB (Increase: 0.0 MiB)
Memory usage after reset: 4310.234375 MiB (Increase: 0.0 MiB)
Current lengths of episodes: [317, 68, 316, 316, 316]
Memory usage at done (index 1, length 68, since_prev 68): 4310.234375 MiB (Increase: 0.0 MiB)
Memory usage before reset: 4310.234375 MiB (Increase: 0.0 MiB)
Memory usage after reset: 4310.234375 MiB (Increase: 0.0 MiB)
Current lengths of episodes: [391, 74, 390, 390, 390]
Memory usage at done (index 1, length 74, since_prev 74): 4310.234375 MiB (Increase: 0.0 MiB)
Memory usage before reset: 4310.234375 MiB (Increase: 0.0 MiB)
Memory usage after reset: 4310.234375 MiB (Increase: 0.0 MiB)
Current lengths of episodes: [513, 122, 512, 512, 512]
Memory usage at done (index 1, length 122, since_prev 122): 4310.234375 MiB (Increase: 0.0 MiB)
Memory usage before reset: 4310.234375 MiB (Increase: 0.0 MiB)
Memory usage after reset: 4310.234375 MiB (Increase: 0.0 MiB)
Training episode 475
Memory usage at middle: 4310.234375 MiB (Increase: 0.0 MiB)
Memory usage before collect: 4310.234375 MiB (Increase: 0.0 MiB)
Memory usage after collect: 4310.234375 MiB (Increase: 0.0 MiB)
Memory usage before initialization: 4310.234375 MiB (Increase: 0.0 MiB)
Memory usage after initialization: 4310.234375 MiB (Increase: 0.0 MiB)
Current lengths of episodes: [70, 70, 69, 69, 69]
Memory usage at done (index 1, length 70, since_prev 70): 4310.234375 MiB (Increase: 0.0 MiB)
Memory usage before reset: 4310.234375 MiB (Increase: 0.0 MiB)
Memory usage after reset: 4310.234375 MiB (Increase: 0.0 MiB)
Current lengths of episodes: [74, 4, 74, 73, 73]
Memory usage at done (index 2, length 74, since_prev 4): 4310.234375 MiB (Increase: 0.0 MiB)
Memory usage before reset: 4310.234375 MiB (Increase: 0.0 MiB)
Memory usage after reset: 4310.234375 MiB (Increase: 0.0 MiB)
Current lengths of episodes: [75, 4, 0, 74, 74]
Memory usage at done (index 0, length 75, since_prev 1): 4310.234375 MiB (Increase: 0.0 MiB)
Memory usage before reset: 4310.234375 MiB (Increase: 0.0 MiB)
Memory usage after reset: 4310.234375 MiB (Increase: 0.0 MiB)
Current lengths of episodes: [87, 92, 87, 161, 161]
Memory usage at done (index 1, length 92, since_prev 87): 4310.234375 MiB (Increase: 0.0 MiB)
Memory usage before reset: 4310.234375 MiB (Increase: 0.0 MiB)
Memory usage after reset: 4310.234375 MiB (Increase: 0.0 MiB)
Current lengths of episodes: [160, 73, 160, 234, 234]
Memory usage at done (index 1, length 73, since_prev 73): 4310.234375 MiB (Increase: 0.0 MiB)
Memory usage before reset: 4310.234375 MiB (Increase: 0.0 MiB)
Memory usage after reset: 4310.234375 MiB (Increase: 0.0 MiB)
Training episode 480
Memory usage at middle: 4310.234375 MiB (Increase: 0.0 MiB)
Memory usage before collect: 4310.234375 MiB (Increase: 0.0 MiB)
Memory usage after collect: 4310.234375 MiB (Increase: 0.0 MiB)
Memory usage before initialization: 4310.234375 MiB (Increase: 0.0 MiB)
Memory usage after initialization: 4310.234375 MiB (Increase: 0.0 MiB)
Current lengths of episodes: [42, 42, 42, 42, 41]
Memory usage at done (index 3, length 42, since_prev 42): 4310.234375 MiB (Increase: 0.0 MiB)
Memory usage before reset: 4310.234375 MiB (Increase: 0.0 MiB)
Memory usage after reset: 4310.234375 MiB (Increase: 0.0 MiB)
Current lengths of episodes: [54, 54, 54, 12, 54]
Memory usage at done (index 4, length 54, since_prev 12): 4310.234375 MiB (Increase: 0.0 MiB)
Memory usage before reset: 4310.234375 MiB (Increase: 0.0 MiB)
Memory usage after reset: 4310.234375 MiB (Increase: 0.0 MiB)
Current lengths of episodes: [63, 63, 63, 20, 8]
Memory usage at done (index 2, length 63, since_prev 9): 4310.234375 MiB (Increase: 0.0 MiB)
Memory usage before reset: 4310.234375 MiB (Increase: 0.0 MiB)
Memory usage after reset: 4310.234375 MiB (Increase: 0.0 MiB)
Current lengths of episodes: [122, 122, 59, 80, 68]
Memory usage at done (index 4, length 68, since_prev 59): 4310.234375 MiB (Increase: 0.0 MiB)
Memory usage before reset: 4310.234375 MiB (Increase: 0.0 MiB)
Memory usage after reset: 4310.234375 MiB (Increase: 0.0 MiB)
Current lengths of episodes: [1600, 1599, 1536, 1557, 1477]
Memory usage at done (index 0, length 1600, since_prev 1478): 4310.234375 MiB (Increase: 0.0 MiB)
Memory usage before reset: 4310.234375 MiB (Increase: 0.0 MiB)
Memory usage after reset: 4310.234375 MiB (Increase: 0.0 MiB)
Training episode 485
Memory usage at middle: 4310.234375 MiB (Increase: 0.0 MiB)
Memory usage before collect: 4310.234375 MiB (Increase: 0.0 MiB)
Memory usage after collect: 4310.234375 MiB (Increase: 0.0 MiB)
Memory usage before initialization: 4310.234375 MiB (Increase: 0.0 MiB)
Memory usage after initialization: 4310.234375 MiB (Increase: 0.0 MiB)
Current lengths of episodes: [57, 57, 57, 57, 57]
Memory usage at done (index 4, length 57, since_prev 57): 4310.234375 MiB (Increase: 0.0 MiB)
Memory usage before reset: 4310.234375 MiB (Increase: 0.0 MiB)
Memory usage after reset: 4310.234375 MiB (Increase: 0.0 MiB)
Current lengths of episodes: [93, 93, 93, 92, 35]
Memory usage at done (index 2, length 93, since_prev 36): 4310.234375 MiB (Increase: 0.0 MiB)
Memory usage before reset: 4310.234375 MiB (Increase: 0.0 MiB)
Memory usage after reset: 4310.234375 MiB (Increase: 0.0 MiB)
Current lengths of episodes: [96, 96, 3, 96, 38]
Memory usage at done (index 3, length 96, since_prev 3): 4310.234375 MiB (Increase: 0.0 MiB)
Memory usage before reset: 4310.234375 MiB (Increase: 0.0 MiB)
Memory usage after reset: 4310.234375 MiB (Increase: 0.0 MiB)
Current lengths of episodes: [115, 115, 22, 19, 58]
Memory usage at done (index 4, length 58, since_prev 19): 4310.234375 MiB (Increase: 0.0 MiB)
Memory usage before reset: 4310.234375 MiB (Increase: 0.0 MiB)
Memory usage after reset: 4310.234375 MiB (Increase: 0.0 MiB)
Current lengths of episodes: [162, 162, 69, 66, 46]
Memory usage at done (index 3, length 66, since_prev 47): 4310.234375 MiB (Increase: 0.0 MiB)
Memory usage before reset: 4310.234375 MiB (Increase: 0.0 MiB)
Memory usage after reset: 4310.234375 MiB (Increase: 0.0 MiB)
Training episode 490
Memory usage at middle: 4310.234375 MiB (Increase: 0.0 MiB)
Memory usage before collect: 4310.234375 MiB (Increase: 0.0 MiB)
Memory usage after collect: 4310.234375 MiB (Increase: 0.0 MiB)
Memory usage before initialization: 4310.234375 MiB (Increase: 0.0 MiB)
Memory usage after initialization: 4310.234375 MiB (Increase: 0.0 MiB)
Current lengths of episodes: [1267, 1267, 1267, 1267, 1267]
Memory usage at done (index 4, length 1267, since_prev 1267): 4310.234375 MiB (Increase: 0.0 MiB)
Memory usage before reset: 4310.234375 MiB (Increase: 0.0 MiB)
Memory usage after reset: 4310.234375 MiB (Increase: 0.0 MiB)
Current lengths of episodes: [1330, 1330, 1330, 1330, 63]
Memory usage at done (index 4, length 63, since_prev 63): 4310.234375 MiB (Increase: 0.0 MiB)
Memory usage before reset: 4310.234375 MiB (Increase: 0.0 MiB)
Memory usage after reset: 4310.234375 MiB (Increase: 0.0 MiB)
Current lengths of episodes: [1600, 1599, 1599, 1599, 269]
Memory usage at done (index 0, length 1600, since_prev 270): 4310.234375 MiB (Increase: 0.0 MiB)
Memory usage before reset: 4310.234375 MiB (Increase: 0.0 MiB)
Memory usage after reset: 4310.234375 MiB (Increase: 0.0 MiB)
Current lengths of episodes: [0, 1600, 1599, 1599, 269]
Memory usage at done (index 1, length 1600, since_prev 0): 4310.234375 MiB (Increase: 0.0 MiB)
Memory usage before reset: 4310.234375 MiB (Increase: 0.0 MiB)
Memory usage after reset: 4310.234375 MiB (Increase: 0.0 MiB)
Current lengths of episodes: [0, 0, 1600, 1599, 269]
Memory usage at done (index 2, length 1600, since_prev 0): 4310.234375 MiB (Increase: 0.0 MiB)
Memory usage before reset: 4310.234375 MiB (Increase: 0.0 MiB)
Memory usage after reset: 4310.234375 MiB (Increase: 0.0 MiB)
Training episode 495
Memory usage at middle: 4310.234375 MiB (Increase: 0.0 MiB)
Memory usage before collect: 4310.234375 MiB (Increase: 0.0 MiB)
Memory usage after collect: 4310.234375 MiB (Increase: 0.0 MiB)
Memory usage before initialization: 4310.234375 MiB (Increase: 0.0 MiB)
Memory usage after initialization: 4310.234375 MiB (Increase: 0.0 MiB)
Current lengths of episodes: [62, 62, 61, 61, 61]
Memory usage at done (index 1, length 62, since_prev 62): 4310.234375 MiB (Increase: 0.0 MiB)
Memory usage before reset: 4310.234375 MiB (Increase: 0.0 MiB)
Memory usage after reset: 4310.234375 MiB (Increase: 0.0 MiB)
Current lengths of episodes: [65, 3, 65, 65, 65]
Memory usage at done (index 4, length 65, since_prev 3): 4310.234375 MiB (Increase: 0.0 MiB)
Memory usage before reset: 4310.234375 MiB (Increase: 0.0 MiB)
Memory usage after reset: 4310.234375 MiB (Increase: 0.0 MiB)
Current lengths of episodes: [109, 47, 109, 108, 43]
Memory usage at done (index 2, length 109, since_prev 44): 4310.234375 MiB (Increase: 0.0 MiB)
Memory usage before reset: 4310.234375 MiB (Increase: 0.0 MiB)
Memory usage after reset: 4310.234375 MiB (Increase: 0.0 MiB)
Current lengths of episodes: [126, 64, 17, 126, 61]
Memory usage at done (index 4, length 61, since_prev 17): 4310.234375 MiB (Increase: 0.0 MiB)
Memory usage before reset: 4310.234375 MiB (Increase: 0.0 MiB)
Memory usage after reset: 4310.234375 MiB (Increase: 0.0 MiB)
Current lengths of episodes: [284, 222, 175, 284, 158]
Memory usage at done (index 4, length 158, since_prev 158): 4310.234375 MiB (Increase: 0.0 MiB)
Memory usage before reset: 4310.234375 MiB (Increase: 0.0 MiB)
Memory usage after reset: 4310.234375 MiB (Increase: 0.0 MiB)
Training episode 500
Memory usage at middle: 4310.234375 MiB (Increase: 0.0 MiB)
Memory usage before collect: 4310.234375 MiB (Increase: 0.0 MiB)
Memory usage after collect: 4310.234375 MiB (Increase: 0.0 MiB)
Episode 500	Average evaluation: -30.037467746523646
Memory usage before initialization: 4310.234375 MiB (Increase: 0.0 MiB)
Memory usage after initialization: 4310.234375 MiB (Increase: 0.0 MiB)
Current lengths of episodes: [44, 44, 44, 44, 44]
Memory usage at done (index 4, length 44, since_prev 44): 4310.234375 MiB (Increase: 0.0 MiB)
Memory usage before reset: 4310.234375 MiB (Increase: 0.0 MiB)
Memory usage after reset: 4310.234375 MiB (Increase: 0.0 MiB)
Current lengths of episodes: [57, 57, 57, 57, 12]
Memory usage at done (index 3, length 57, since_prev 13): 4310.234375 MiB (Increase: 0.0 MiB)
Memory usage before reset: 4310.234375 MiB (Increase: 0.0 MiB)
Memory usage after reset: 4310.234375 MiB (Increase: 0.0 MiB)
Current lengths of episodes: [73, 73, 73, 15, 28]
Memory usage at done (index 2, length 73, since_prev 16): 4310.234375 MiB (Increase: 0.0 MiB)
Memory usage before reset: 4310.234375 MiB (Increase: 0.0 MiB)
Memory usage after reset: 4310.234375 MiB (Increase: 0.0 MiB)
Current lengths of episodes: [154, 154, 81, 97, 109]
Memory usage at done (index 3, length 97, since_prev 81): 4310.234375 MiB (Increase: 0.0 MiB)
Memory usage before reset: 4310.234375 MiB (Increase: 0.0 MiB)
Memory usage after reset: 4310.234375 MiB (Increase: 0.0 MiB)
Current lengths of episodes: [233, 233, 160, 79, 188]
Memory usage at done (index 3, length 79, since_prev 79): 4310.234375 MiB (Increase: 0.0 MiB)
Memory usage before reset: 4310.234375 MiB (Increase: 0.0 MiB)
Memory usage after reset: 4310.234375 MiB (Increase: 0.0 MiB)
Training episode 505
Memory usage at middle: 4310.234375 MiB (Increase: 0.0 MiB)
Memory usage before collect: 4310.234375 MiB (Increase: 0.0 MiB)
Memory usage after collect: 4310.234375 MiB (Increase: 0.0 MiB)
Memory usage before initialization: 4310.234375 MiB (Increase: 0.0 MiB)
Memory usage after initialization: 4310.234375 MiB (Increase: 0.0 MiB)
Current lengths of episodes: [70, 70, 70, 69, 69]
Memory usage at done (index 2, length 70, since_prev 70): 4310.234375 MiB (Increase: 0.0 MiB)
Memory usage before reset: 4310.234375 MiB (Increase: 0.0 MiB)
Memory usage after reset: 4310.234375 MiB (Increase: 0.0 MiB)
Current lengths of episodes: [1600, 1599, 1529, 1599, 1599]
Memory usage at done (index 0, length 1600, since_prev 1530): 4310.234375 MiB (Increase: 0.0 MiB)
Memory usage before reset: 4310.234375 MiB (Increase: 0.0 MiB)
Memory usage after reset: 4310.234375 MiB (Increase: 0.0 MiB)
Current lengths of episodes: [0, 1600, 1529, 1599, 1599]
Memory usage at done (index 1, length 1600, since_prev 0): 4310.234375 MiB (Increase: 0.0 MiB)
Memory usage before reset: 4310.234375 MiB (Increase: 0.0 MiB)
Memory usage after reset: 4310.234375 MiB (Increase: 0.0 MiB)
Current lengths of episodes: [0, 0, 1530, 1600, 1599]
Memory usage at done (index 3, length 1600, since_prev 0): 4310.234375 MiB (Increase: 0.0 MiB)
Memory usage before reset: 4310.234375 MiB (Increase: 0.0 MiB)
Memory usage after reset: 4310.234375 MiB (Increase: 0.0 MiB)
Current lengths of episodes: [0, 0, 1530, 0, 1600]
Memory usage at done (index 4, length 1600, since_prev 0): 4310.234375 MiB (Increase: 0.0 MiB)
Memory usage before reset: 4310.234375 MiB (Increase: 0.0 MiB)
Memory usage after reset: 4310.234375 MiB (Increase: 0.0 MiB)
Training episode 510
Memory usage at middle: 4310.234375 MiB (Increase: 0.0 MiB)
Memory usage before collect: 4310.234375 MiB (Increase: 0.0 MiB)
Memory usage after collect: 4310.234375 MiB (Increase: 0.0 MiB)
Memory usage before initialization: 4310.234375 MiB (Increase: 0.0 MiB)
Memory usage after initialization: 4310.234375 MiB (Increase: 0.0 MiB)
Current lengths of episodes: [57, 56, 56, 56, 56]
Memory usage at done (index 0, length 57, since_prev 57): 4310.234375 MiB (Increase: 0.0 MiB)
Memory usage before reset: 4310.234375 MiB (Increase: 0.0 MiB)
Memory usage after reset: 4310.234375 MiB (Increase: 0.0 MiB)
Current lengths of episodes: [62, 119, 119, 119, 119]
Memory usage at done (index 4, length 119, since_prev 62): 4310.234375 MiB (Increase: 0.0 MiB)
Memory usage before reset: 4310.234375 MiB (Increase: 0.0 MiB)
Memory usage after reset: 4310.234375 MiB (Increase: 0.0 MiB)
Current lengths of episodes: [1543, 1600, 1599, 1599, 1480]
Memory usage at done (index 1, length 1600, since_prev 1481): 4310.234375 MiB (Increase: 0.0 MiB)
Memory usage before reset: 4310.234375 MiB (Increase: 0.0 MiB)
Memory usage after reset: 4310.234375 MiB (Increase: 0.0 MiB)
Current lengths of episodes: [1543, 0, 1600, 1599, 1480]
Memory usage at done (index 2, length 1600, since_prev 0): 4310.234375 MiB (Increase: 0.0 MiB)
Memory usage before reset: 4310.234375 MiB (Increase: 0.0 MiB)
Memory usage after reset: 4310.234375 MiB (Increase: 0.0 MiB)
Current lengths of episodes: [1543, 0, 0, 1600, 1480]
Memory usage at done (index 3, length 1600, since_prev 0): 4310.234375 MiB (Increase: 0.0 MiB)
Memory usage before reset: 4310.234375 MiB (Increase: 0.0 MiB)
Memory usage after reset: 4310.234375 MiB (Increase: 0.0 MiB)
Training episode 515
Memory usage at middle: 4310.234375 MiB (Increase: 0.0 MiB)
Memory usage before collect: 4310.234375 MiB (Increase: 0.0 MiB)
Memory usage after collect: 4310.234375 MiB (Increase: 0.0 MiB)
Memory usage before initialization: 4310.234375 MiB (Increase: 0.0 MiB)
Memory usage after initialization: 4310.234375 MiB (Increase: 0.0 MiB)
Current lengths of episodes: [52, 52, 51, 51, 51]
Memory usage at done (index 1, length 52, since_prev 52): 4310.234375 MiB (Increase: 0.0 MiB)
Memory usage before reset: 4310.234375 MiB (Increase: 0.0 MiB)
Memory usage after reset: 4310.234375 MiB (Increase: 0.0 MiB)
Current lengths of episodes: [64, 11, 63, 63, 63]
Memory usage at done (index 0, length 64, since_prev 12): 4310.234375 MiB (Increase: 0.0 MiB)
Memory usage before reset: 4310.234375 MiB (Increase: 0.0 MiB)
Memory usage after reset: 4310.234375 MiB (Increase: 0.0 MiB)
Current lengths of episodes: [59, 70, 122, 122, 122]
Memory usage at done (index 0, length 59, since_prev 59): 4310.234375 MiB (Increase: 0.0 MiB)
Memory usage before reset: 4310.234375 MiB (Increase: 0.0 MiB)
Memory usage after reset: 4310.234375 MiB (Increase: 0.0 MiB)
Current lengths of episodes: [86, 156, 208, 208, 208]
Memory usage at done (index 0, length 86, since_prev 86): 4310.234375 MiB (Increase: 0.0 MiB)
Memory usage before reset: 4310.234375 MiB (Increase: 0.0 MiB)
Memory usage after reset: 4310.234375 MiB (Increase: 0.0 MiB)
Current lengths of episodes: [84, 240, 292, 292, 292]
Memory usage at done (index 0, length 84, since_prev 84): 4310.234375 MiB (Increase: 0.0 MiB)
Memory usage before reset: 4310.234375 MiB (Increase: 0.0 MiB)
Memory usage after reset: 4310.234375 MiB (Increase: 0.0 MiB)
Training episode 520
Memory usage at middle: 4310.234375 MiB (Increase: 0.0 MiB)
Memory usage before collect: 4310.234375 MiB (Increase: 0.0 MiB)
Memory usage after collect: 4310.234375 MiB (Increase: 0.0 MiB)
Memory usage before initialization: 4310.234375 MiB (Increase: 0.0 MiB)
Memory usage after initialization: 4310.234375 MiB (Increase: 0.0 MiB)
Current lengths of episodes: [1600, 1599, 1599, 1599, 1599]
Memory usage at done (index 0, length 1600, since_prev 1600): 4310.234375 MiB (Increase: 0.0 MiB)
Memory usage before reset: 4310.234375 MiB (Increase: 0.0 MiB)
Memory usage after reset: 4310.234375 MiB (Increase: 0.0 MiB)
Current lengths of episodes: [0, 1600, 1599, 1599, 1599]
Memory usage at done (index 1, length 1600, since_prev 0): 4310.234375 MiB (Increase: 0.0 MiB)
Memory usage before reset: 4310.234375 MiB (Increase: 0.0 MiB)
Memory usage after reset: 4310.234375 MiB (Increase: 0.0 MiB)
Current lengths of episodes: [0, 0, 1600, 1599, 1599]
Memory usage at done (index 2, length 1600, since_prev 0): 4310.234375 MiB (Increase: 0.0 MiB)
Memory usage before reset: 4310.234375 MiB (Increase: 0.0 MiB)
Memory usage after reset: 4310.234375 MiB (Increase: 0.0 MiB)
Current lengths of episodes: [0, 0, 0, 1600, 1599]
Memory usage at done (index 3, length 1600, since_prev 0): 4310.234375 MiB (Increase: 0.0 MiB)
Memory usage before reset: 4310.234375 MiB (Increase: 0.0 MiB)
Memory usage after reset: 4310.234375 MiB (Increase: 0.0 MiB)
Current lengths of episodes: [0, 0, 0, 0, 1600]
Memory usage at done (index 4, length 1600, since_prev 0): 4310.234375 MiB (Increase: 0.0 MiB)
Memory usage before reset: 4310.234375 MiB (Increase: 0.0 MiB)
Memory usage after reset: 4310.234375 MiB (Increase: 0.0 MiB)
Training episode 525
Memory usage at middle: 4310.234375 MiB (Increase: 0.0 MiB)
Memory usage before collect: 4310.234375 MiB (Increase: 0.0 MiB)
Memory usage after collect: 4310.234375 MiB (Increase: 0.0 MiB)
Memory usage before initialization: 4310.234375 MiB (Increase: 0.0 MiB)
Memory usage after initialization: 4310.234375 MiB (Increase: 0.0 MiB)
Current lengths of episodes: [57, 56, 56, 56, 56]
Memory usage at done (index 0, length 57, since_prev 57): 4310.234375 MiB (Increase: 0.0 MiB)
Memory usage before reset: 4310.234375 MiB (Increase: 0.0 MiB)
Memory usage after reset: 4310.234375 MiB (Increase: 0.0 MiB)
Current lengths of episodes: [27, 84, 83, 83, 83]
Memory usage at done (index 1, length 84, since_prev 27): 4310.234375 MiB (Increase: 0.0 MiB)
Memory usage before reset: 4310.234375 MiB (Increase: 0.0 MiB)
Memory usage after reset: 4310.234375 MiB (Increase: 0.0 MiB)
Current lengths of episodes: [57, 29, 113, 113, 113]
Memory usage at done (index 0, length 57, since_prev 30): 4310.234375 MiB (Increase: 0.0 MiB)
Memory usage before reset: 4310.234375 MiB (Increase: 0.0 MiB)
Memory usage after reset: 4310.234375 MiB (Increase: 0.0 MiB)
Current lengths of episodes: [47, 77, 160, 160, 160]
Memory usage at done (index 1, length 77, since_prev 47): 4310.234375 MiB (Increase: 0.0 MiB)
Memory usage before reset: 4310.234375 MiB (Increase: 0.0 MiB)
Memory usage after reset: 4310.234375 MiB (Increase: 0.0 MiB)
Current lengths of episodes: [75, 27, 188, 188, 188]
Memory usage at done (index 0, length 75, since_prev 28): 4310.234375 MiB (Increase: 0.0 MiB)
Memory usage before reset: 4310.234375 MiB (Increase: 0.0 MiB)
Memory usage after reset: 4310.234375 MiB (Increase: 0.0 MiB)
Training episode 530
Memory usage at middle: 4310.234375 MiB (Increase: 0.0 MiB)
Memory usage before collect: 4310.234375 MiB (Increase: 0.0 MiB)
Memory usage after collect: 4310.234375 MiB (Increase: 0.0 MiB)
Memory usage before initialization: 4310.234375 MiB (Increase: 0.0 MiB)
Memory usage after initialization: 4310.234375 MiB (Increase: 0.0 MiB)
Current lengths of episodes: [46, 46, 46, 46, 45]
Memory usage at done (index 3, length 46, since_prev 46): 4310.234375 MiB (Increase: 0.0 MiB)
Memory usage before reset: 4310.234375 MiB (Increase: 0.0 MiB)
Memory usage after reset: 4310.234375 MiB (Increase: 0.0 MiB)
Current lengths of episodes: [55, 55, 55, 8, 54]
Memory usage at done (index 2, length 55, since_prev 9): 4310.234375 MiB (Increase: 0.0 MiB)
Memory usage before reset: 4310.234375 MiB (Increase: 0.0 MiB)
Memory usage after reset: 4310.234375 MiB (Increase: 0.0 MiB)
Current lengths of episodes: [62, 62, 7, 16, 62]
Memory usage at done (index 4, length 62, since_prev 7): 4310.234375 MiB (Increase: 0.0 MiB)
Memory usage before reset: 4310.234375 MiB (Increase: 0.0 MiB)
Memory usage after reset: 4310.234375 MiB (Increase: 0.0 MiB)
Current lengths of episodes: [65, 64, 9, 18, 2]
Memory usage at done (index 0, length 65, since_prev 3): 4310.234375 MiB (Increase: 0.0 MiB)
Memory usage before reset: 4310.234375 MiB (Increase: 0.0 MiB)
Memory usage after reset: 4310.234375 MiB (Increase: 0.0 MiB)
Current lengths of episodes: [26, 91, 35, 44, 28]
Memory usage at done (index 1, length 91, since_prev 26): 4310.234375 MiB (Increase: 0.0 MiB)
Memory usage before reset: 4310.234375 MiB (Increase: 0.0 MiB)
Memory usage after reset: 4310.234375 MiB (Increase: 0.0 MiB)
Training episode 535
Memory usage at middle: 4310.234375 MiB (Increase: 0.0 MiB)
Memory usage before collect: 4310.234375 MiB (Increase: 0.0 MiB)
Memory usage after collect: 4310.234375 MiB (Increase: 0.0 MiB)
Memory usage before initialization: 4310.234375 MiB (Increase: 0.0 MiB)
Memory usage after initialization: 4310.234375 MiB (Increase: 0.0 MiB)
Current lengths of episodes: [45, 45, 45, 44, 44]
Memory usage at done (index 2, length 45, since_prev 45): 4310.234375 MiB (Increase: 0.0 MiB)
Memory usage before reset: 4310.234375 MiB (Increase: 0.0 MiB)
Memory usage after reset: 4310.234375 MiB (Increase: 0.0 MiB)
Current lengths of episodes: [58, 58, 13, 58, 58]
Memory usage at done (index 4, length 58, since_prev 13): 4310.234375 MiB (Increase: 0.0 MiB)
Memory usage before reset: 4310.234375 MiB (Increase: 0.0 MiB)
Memory usage after reset: 4310.234375 MiB (Increase: 0.0 MiB)
Current lengths of episodes: [1600, 1599, 1554, 1599, 1541]
Memory usage at done (index 0, length 1600, since_prev 1542): 4310.234375 MiB (Increase: 0.0 MiB)
Memory usage before reset: 4310.234375 MiB (Increase: 0.0 MiB)
Memory usage after reset: 4310.234375 MiB (Increase: 0.0 MiB)
Current lengths of episodes: [0, 1600, 1554, 1599, 1541]
Memory usage at done (index 1, length 1600, since_prev 0): 4310.234375 MiB (Increase: 0.0 MiB)
Memory usage before reset: 4310.234375 MiB (Increase: 0.0 MiB)
Memory usage after reset: 4310.234375 MiB (Increase: 0.0 MiB)
Current lengths of episodes: [0, 0, 1555, 1600, 1541]
Memory usage at done (index 3, length 1600, since_prev 0): 4310.234375 MiB (Increase: 0.0 MiB)
Memory usage before reset: 4310.234375 MiB (Increase: 0.0 MiB)
Memory usage after reset: 4310.234375 MiB (Increase: 0.0 MiB)
Training episode 540
Memory usage at middle: 4310.234375 MiB (Increase: 0.0 MiB)
Memory usage before collect: 4310.234375 MiB (Increase: 0.0 MiB)
Memory usage after collect: 4310.234375 MiB (Increase: 0.0 MiB)
Memory usage before initialization: 4310.234375 MiB (Increase: 0.0 MiB)
Memory usage after initialization: 4310.234375 MiB (Increase: 0.0 MiB)
Current lengths of episodes: [43, 43, 42, 42, 42]
Memory usage at done (index 1, length 43, since_prev 43): 4310.234375 MiB (Increase: 0.0 MiB)
Memory usage before reset: 4310.234375 MiB (Increase: 0.0 MiB)
Memory usage after reset: 4310.234375 MiB (Increase: 0.0 MiB)
Current lengths of episodes: [63, 20, 63, 63, 62]
Memory usage at done (index 3, length 63, since_prev 20): 4310.234375 MiB (Increase: 0.0 MiB)
Memory usage before reset: 4310.234375 MiB (Increase: 0.0 MiB)
Memory usage after reset: 4310.234375 MiB (Increase: 0.0 MiB)
Current lengths of episodes: [78, 35, 78, 14, 77]
Memory usage at done (index 2, length 78, since_prev 15): 4310.234375 MiB (Increase: 0.0 MiB)
Memory usage before reset: 4310.234375 MiB (Increase: 0.0 MiB)
Memory usage after reset: 4310.234375 MiB (Increase: 0.0 MiB)
Current lengths of episodes: [172, 129, 94, 109, 171]
Memory usage at done (index 3, length 109, since_prev 94): 4310.234375 MiB (Increase: 0.0 MiB)
Memory usage before reset: 4310.234375 MiB (Increase: 0.0 MiB)
Memory usage after reset: 4310.234375 MiB (Increase: 0.0 MiB)
Current lengths of episodes: [415, 372, 336, 242, 414]
Memory usage at done (index 1, length 372, since_prev 243): 4310.234375 MiB (Increase: 0.0 MiB)
Memory usage before reset: 4310.234375 MiB (Increase: 0.0 MiB)
Memory usage after reset: 4310.234375 MiB (Increase: 0.0 MiB)
Training episode 545
Memory usage at middle: 4310.234375 MiB (Increase: 0.0 MiB)
Memory usage before collect: 4310.234375 MiB (Increase: 0.0 MiB)
Memory usage after collect: 4310.234375 MiB (Increase: 0.0 MiB)
Memory usage before initialization: 4310.234375 MiB (Increase: 0.0 MiB)
Memory usage after initialization: 4310.234375 MiB (Increase: 0.0 MiB)
Current lengths of episodes: [60, 59, 59, 59, 59]
Memory usage at done (index 0, length 60, since_prev 60): 4310.234375 MiB (Increase: 0.0 MiB)
Memory usage before reset: 4310.234375 MiB (Increase: 0.0 MiB)
Memory usage after reset: 4310.234375 MiB (Increase: 0.0 MiB)
Current lengths of episodes: [7, 67, 67, 67, 66]
Memory usage at done (index 3, length 67, since_prev 7): 4310.234375 MiB (Increase: 0.0 MiB)
Memory usage before reset: 4310.234375 MiB (Increase: 0.0 MiB)
Memory usage after reset: 4310.234375 MiB (Increase: 0.0 MiB)
Current lengths of episodes: [25, 85, 84, 17, 84]
Memory usage at done (index 1, length 85, since_prev 18): 4310.234375 MiB (Increase: 0.0 MiB)
Memory usage before reset: 4310.234375 MiB (Increase: 0.0 MiB)
Memory usage after reset: 4310.234375 MiB (Increase: 0.0 MiB)
Current lengths of episodes: [54, 28, 113, 46, 113]
Memory usage at done (index 0, length 54, since_prev 29): 4310.234375 MiB (Increase: 0.0 MiB)
Memory usage before reset: 4310.234375 MiB (Increase: 0.0 MiB)
Memory usage after reset: 4310.234375 MiB (Increase: 0.0 MiB)
Current lengths of episodes: [61, 89, 174, 107, 174]
Memory usage at done (index 0, length 61, since_prev 61): 4310.234375 MiB (Increase: 0.0 MiB)
Memory usage before reset: 4310.234375 MiB (Increase: 0.0 MiB)
Memory usage after reset: 4310.234375 MiB (Increase: 0.0 MiB)
Training episode 550
Memory usage at middle: 4310.234375 MiB (Increase: 0.0 MiB)
Memory usage before collect: 4310.234375 MiB (Increase: 0.0 MiB)
Memory usage after collect: 4310.234375 MiB (Increase: 0.0 MiB)
Episode 550	Average evaluation: -119.55622915914168
Memory usage before initialization: 4310.234375 MiB (Increase: 0.0 MiB)
Memory usage after initialization: 4310.234375 MiB (Increase: 0.0 MiB)
Current lengths of episodes: [194, 193, 193, 193, 193]
Memory usage at done (index 0, length 194, since_prev 194): 4310.234375 MiB (Increase: 0.0 MiB)
Memory usage before reset: 4310.234375 MiB (Increase: 0.0 MiB)
Memory usage after reset: 4310.234375 MiB (Increase: 0.0 MiB)
Current lengths of episodes: [1406, 1600, 1599, 1599, 1599]
Memory usage at done (index 1, length 1600, since_prev 1406): 4310.234375 MiB (Increase: 0.0 MiB)
Memory usage before reset: 4310.234375 MiB (Increase: 0.0 MiB)
Memory usage after reset: 4310.234375 MiB (Increase: 0.0 MiB)
Current lengths of episodes: [1406, 0, 1600, 1599, 1599]
Memory usage at done (index 2, length 1600, since_prev 0): 4310.234375 MiB (Increase: 0.0 MiB)
Memory usage before reset: 4310.234375 MiB (Increase: 0.0 MiB)
Memory usage after reset: 4310.234375 MiB (Increase: 0.0 MiB)
Current lengths of episodes: [1406, 0, 0, 1600, 1599]
Memory usage at done (index 3, length 1600, since_prev 0): 4310.234375 MiB (Increase: 0.0 MiB)
Memory usage before reset: 4310.234375 MiB (Increase: 0.0 MiB)
Memory usage after reset: 4310.234375 MiB (Increase: 0.0 MiB)
Current lengths of episodes: [1406, 0, 0, 0, 1600]
Memory usage at done (index 4, length 1600, since_prev 0): 4310.234375 MiB (Increase: 0.0 MiB)
Memory usage before reset: 4310.234375 MiB (Increase: 0.0 MiB)
Memory usage after reset: 4310.234375 MiB (Increase: 0.0 MiB)
Training episode 555
Memory usage at middle: 4310.234375 MiB (Increase: 0.0 MiB)
Memory usage before collect: 4310.234375 MiB (Increase: 0.0 MiB)
Memory usage after collect: 4310.234375 MiB (Increase: 0.0 MiB)
Memory usage before initialization: 4310.234375 MiB (Increase: 0.0 MiB)
Memory usage after initialization: 4310.234375 MiB (Increase: 0.0 MiB)
Current lengths of episodes: [58, 58, 57, 57, 57]
Memory usage at done (index 1, length 58, since_prev 58): 4310.234375 MiB (Increase: 0.0 MiB)
Memory usage before reset: 4310.234375 MiB (Increase: 0.0 MiB)
Memory usage after reset: 4310.234375 MiB (Increase: 0.0 MiB)
Current lengths of episodes: [80, 21, 79, 79, 79]
Memory usage at done (index 0, length 80, since_prev 22): 4310.234375 MiB (Increase: 0.0 MiB)
Memory usage before reset: 4310.234375 MiB (Increase: 0.0 MiB)
Memory usage after reset: 4310.234375 MiB (Increase: 0.0 MiB)
Current lengths of episodes: [0, 22, 80, 80, 80]
Memory usage at done (index 4, length 80, since_prev 0): 4310.234375 MiB (Increase: 0.0 MiB)
Memory usage before reset: 4310.234375 MiB (Increase: 0.0 MiB)
Memory usage after reset: 4310.234375 MiB (Increase: 0.0 MiB)
Current lengths of episodes: [22, 44, 102, 102, 21]
Memory usage at done (index 3, length 102, since_prev 22): 4310.234375 MiB (Increase: 0.0 MiB)
Memory usage before reset: 4310.234375 MiB (Increase: 0.0 MiB)
Memory usage after reset: 4310.234375 MiB (Increase: 0.0 MiB)
Current lengths of episodes: [75, 97, 155, 53, 75]
Memory usage at done (index 4, length 75, since_prev 53): 4310.234375 MiB (Increase: 0.0 MiB)
Memory usage before reset: 4310.234375 MiB (Increase: 0.0 MiB)
Memory usage after reset: 4310.234375 MiB (Increase: 0.0 MiB)
Training episode 560
Memory usage at middle: 4310.234375 MiB (Increase: 0.0 MiB)
Memory usage before collect: 4310.234375 MiB (Increase: 0.0 MiB)
Memory usage after collect: 4310.234375 MiB (Increase: 0.0 MiB)
Memory usage before initialization: 4310.234375 MiB (Increase: 0.0 MiB)
Memory usage after initialization: 4310.234375 MiB (Increase: 0.0 MiB)
Current lengths of episodes: [58, 58, 58, 58, 57]
Memory usage at done (index 3, length 58, since_prev 58): 4310.234375 MiB (Increase: 0.0 MiB)
Memory usage before reset: 4310.234375 MiB (Increase: 0.0 MiB)
Memory usage after reset: 4310.234375 MiB (Increase: 0.0 MiB)
Current lengths of episodes: [61, 60, 60, 2, 60]
Memory usage at done (index 0, length 61, since_prev 3): 4310.234375 MiB (Increase: 0.0 MiB)
Memory usage before reset: 4310.234375 MiB (Increase: 0.0 MiB)
Memory usage after reset: 4310.234375 MiB (Increase: 0.0 MiB)
Current lengths of episodes: [5, 66, 66, 7, 65]
Memory usage at done (index 2, length 66, since_prev 5): 4310.234375 MiB (Increase: 0.0 MiB)
Memory usage before reset: 4310.234375 MiB (Increase: 0.0 MiB)
Memory usage after reset: 4310.234375 MiB (Increase: 0.0 MiB)
Current lengths of episodes: [23, 84, 18, 26, 84]
Memory usage at done (index 4, length 84, since_prev 18): 4310.234375 MiB (Increase: 0.0 MiB)
Memory usage before reset: 4310.234375 MiB (Increase: 0.0 MiB)
Memory usage after reset: 4310.234375 MiB (Increase: 0.0 MiB)
Current lengths of episodes: [115, 176, 110, 118, 92]
Memory usage at done (index 4, length 92, since_prev 92): 4310.234375 MiB (Increase: 0.0 MiB)
Memory usage before reset: 4310.234375 MiB (Increase: 0.0 MiB)
Memory usage after reset: 4310.234375 MiB (Increase: 0.0 MiB)
Training episode 565
Memory usage at middle: 4310.234375 MiB (Increase: 0.0 MiB)
Memory usage before collect: 4310.234375 MiB (Increase: 0.0 MiB)
Memory usage after collect: 4310.234375 MiB (Increase: 0.0 MiB)
Memory usage before initialization: 4310.234375 MiB (Increase: 0.0 MiB)
Memory usage after initialization: 4310.234375 MiB (Increase: 0.0 MiB)
Current lengths of episodes: [1600, 1599, 1599, 1599, 1599]
Memory usage at done (index 0, length 1600, since_prev 1600): 4310.234375 MiB (Increase: 0.0 MiB)
Memory usage before reset: 4310.234375 MiB (Increase: 0.0 MiB)
Memory usage after reset: 4310.234375 MiB (Increase: 0.0 MiB)
Current lengths of episodes: [0, 1600, 1599, 1599, 1599]
Memory usage at done (index 1, length 1600, since_prev 0): 4310.234375 MiB (Increase: 0.0 MiB)
Memory usage before reset: 4310.234375 MiB (Increase: 0.0 MiB)
Memory usage after reset: 4310.234375 MiB (Increase: 0.0 MiB)
Current lengths of episodes: [0, 0, 1600, 1599, 1599]
Memory usage at done (index 2, length 1600, since_prev 0): 4310.234375 MiB (Increase: 0.0 MiB)
Memory usage before reset: 4310.234375 MiB (Increase: 0.0 MiB)
Memory usage after reset: 4310.234375 MiB (Increase: 0.0 MiB)
Current lengths of episodes: [0, 0, 0, 1600, 1599]
Memory usage at done (index 3, length 1600, since_prev 0): 4310.234375 MiB (Increase: 0.0 MiB)
Memory usage before reset: 4310.234375 MiB (Increase: 0.0 MiB)
Memory usage after reset: 4310.234375 MiB (Increase: 0.0 MiB)
Current lengths of episodes: [0, 0, 0, 0, 1600]
Memory usage at done (index 4, length 1600, since_prev 0): 4310.234375 MiB (Increase: 0.0 MiB)
Memory usage before reset: 4310.234375 MiB (Increase: 0.0 MiB)
Memory usage after reset: 4310.234375 MiB (Increase: 0.0 MiB)
Training episode 570
Memory usage at middle: 4310.234375 MiB (Increase: 0.0 MiB)
Memory usage before collect: 4310.234375 MiB (Increase: 0.0 MiB)
Memory usage after collect: 4310.234375 MiB (Increase: 0.0 MiB)
Memory usage before initialization: 4310.234375 MiB (Increase: 0.0 MiB)
Memory usage after initialization: 4310.234375 MiB (Increase: 0.0 MiB)
Current lengths of episodes: [55, 54, 54, 54, 54]
Memory usage at done (index 0, length 55, since_prev 55): 4310.234375 MiB (Increase: 0.0 MiB)
Memory usage before reset: 4310.234375 MiB (Increase: 0.0 MiB)
Memory usage after reset: 4310.234375 MiB (Increase: 0.0 MiB)
Current lengths of episodes: [18, 73, 73, 72, 72]
Memory usage at done (index 2, length 73, since_prev 18): 4310.234375 MiB (Increase: 0.0 MiB)
Memory usage before reset: 4310.234375 MiB (Increase: 0.0 MiB)
Memory usage after reset: 4310.234375 MiB (Increase: 0.0 MiB)
Current lengths of episodes: [91, 146, 73, 145, 145]
Memory usage at done (index 2, length 73, since_prev 73): 4310.234375 MiB (Increase: 0.0 MiB)
Memory usage before reset: 4310.234375 MiB (Increase: 0.0 MiB)
Memory usage after reset: 4310.234375 MiB (Increase: 0.0 MiB)
Current lengths of episodes: [196, 251, 105, 250, 250]
Memory usage at done (index 2, length 105, since_prev 105): 4310.234375 MiB (Increase: 0.0 MiB)
Memory usage before reset: 4310.234375 MiB (Increase: 0.0 MiB)
Memory usage after reset: 4310.234375 MiB (Increase: 0.0 MiB)
Current lengths of episodes: [290, 345, 94, 344, 344]
Memory usage at done (index 2, length 94, since_prev 94): 4310.234375 MiB (Increase: 0.0 MiB)
Memory usage before reset: 4310.234375 MiB (Increase: 0.0 MiB)
Memory usage after reset: 4310.234375 MiB (Increase: 0.0 MiB)
Training episode 575
Memory usage at middle: 4310.234375 MiB (Increase: 0.0 MiB)
Memory usage before collect: 4310.234375 MiB (Increase: 0.0 MiB)
Memory usage after collect: 4310.234375 MiB (Increase: 0.0 MiB)
Memory usage before initialization: 4310.234375 MiB (Increase: 0.0 MiB)
Memory usage after initialization: 4310.234375 MiB (Increase: 0.0 MiB)
Current lengths of episodes: [58, 58, 58, 58, 57]
Memory usage at done (index 3, length 58, since_prev 58): 4310.234375 MiB (Increase: 0.0 MiB)
Memory usage before reset: 4310.234375 MiB (Increase: 0.0 MiB)
Memory usage after reset: 4310.234375 MiB (Increase: 0.0 MiB)
Current lengths of episodes: [64, 64, 64, 6, 64]
Memory usage at done (index 4, length 64, since_prev 6): 4310.234375 MiB (Increase: 0.0 MiB)
Memory usage before reset: 4310.234375 MiB (Increase: 0.0 MiB)
Memory usage after reset: 4310.234375 MiB (Increase: 0.0 MiB)
Current lengths of episodes: [74, 74, 73, 15, 9]
Memory usage at done (index 1, length 74, since_prev 10): 4310.234375 MiB (Increase: 0.0 MiB)
Memory usage before reset: 4310.234375 MiB (Increase: 0.0 MiB)
Memory usage after reset: 4310.234375 MiB (Increase: 0.0 MiB)
Current lengths of episodes: [74, 0, 74, 15, 9]
Memory usage at done (index 2, length 74, since_prev 0): 4310.234375 MiB (Increase: 0.0 MiB)
Memory usage before reset: 4310.234375 MiB (Increase: 0.0 MiB)
Memory usage after reset: 4310.234375 MiB (Increase: 0.0 MiB)
Current lengths of episodes: [105, 31, 31, 47, 41]
Memory usage at done (index 4, length 41, since_prev 31): 4310.234375 MiB (Increase: 0.0 MiB)
Memory usage before reset: 4310.234375 MiB (Increase: 0.0 MiB)
Memory usage after reset: 4310.234375 MiB (Increase: 0.0 MiB)
Training episode 580
Memory usage at middle: 4310.234375 MiB (Increase: 0.0 MiB)
Memory usage before collect: 4310.234375 MiB (Increase: 0.0 MiB)
Memory usage after collect: 4310.234375 MiB (Increase: 0.0 MiB)
Memory usage before initialization: 4310.234375 MiB (Increase: 0.0 MiB)
Memory usage after initialization: 4310.234375 MiB (Increase: 0.0 MiB)
Current lengths of episodes: [78, 78, 77, 77, 77]
Memory usage at done (index 1, length 78, since_prev 78): 4310.234375 MiB (Increase: 0.0 MiB)
Memory usage before reset: 4310.234375 MiB (Increase: 0.0 MiB)
Memory usage after reset: 4310.234375 MiB (Increase: 0.0 MiB)
Current lengths of episodes: [128, 50, 128, 128, 128]
Memory usage at done (index 4, length 128, since_prev 50): 4310.234375 MiB (Increase: 0.0 MiB)
Memory usage before reset: 4310.234375 MiB (Increase: 0.0 MiB)
Memory usage after reset: 4310.234375 MiB (Increase: 0.0 MiB)
Current lengths of episodes: [198, 120, 198, 198, 70]
Memory usage at done (index 4, length 70, since_prev 70): 4310.234375 MiB (Increase: 0.0 MiB)
Memory usage before reset: 4310.234375 MiB (Increase: 0.0 MiB)
Memory usage after reset: 4310.234375 MiB (Increase: 0.0 MiB)
Current lengths of episodes: [277, 199, 277, 277, 79]
Memory usage at done (index 4, length 79, since_prev 79): 4310.234375 MiB (Increase: 0.0 MiB)
Memory usage before reset: 4310.234375 MiB (Increase: 0.0 MiB)
Memory usage after reset: 4310.234375 MiB (Increase: 0.0 MiB)
Current lengths of episodes: [1600, 1521, 1599, 1599, 1322]
Memory usage at done (index 0, length 1600, since_prev 1323): 4310.234375 MiB (Increase: 0.0 MiB)
Memory usage before reset: 4310.234375 MiB (Increase: 0.0 MiB)
Memory usage after reset: 4310.234375 MiB (Increase: 0.0 MiB)
Training episode 585
Memory usage at middle: 4310.234375 MiB (Increase: 0.0 MiB)
Memory usage before collect: 4310.234375 MiB (Increase: 0.0 MiB)
Memory usage after collect: 4310.234375 MiB (Increase: 0.0 MiB)
Memory usage before initialization: 4310.234375 MiB (Increase: 0.0 MiB)
Memory usage after initialization: 4310.234375 MiB (Increase: 0.0 MiB)
Current lengths of episodes: [64, 64, 63, 63, 63]
Memory usage at done (index 1, length 64, since_prev 64): 4310.234375 MiB (Increase: 0.0 MiB)
Memory usage before reset: 4310.234375 MiB (Increase: 0.0 MiB)
Memory usage after reset: 4310.234375 MiB (Increase: 0.0 MiB)
Current lengths of episodes: [64, 0, 64, 63, 63]
Memory usage at done (index 2, length 64, since_prev 0): 4310.234375 MiB (Increase: 0.0 MiB)
Memory usage before reset: 4310.234375 MiB (Increase: 0.0 MiB)
Memory usage after reset: 4310.234375 MiB (Increase: 0.0 MiB)
Current lengths of episodes: [72, 8, 8, 72, 71]
Memory usage at done (index 3, length 72, since_prev 8): 4310.234375 MiB (Increase: 0.0 MiB)
Memory usage before reset: 4310.234375 MiB (Increase: 0.0 MiB)
Memory usage after reset: 4310.234375 MiB (Increase: 0.0 MiB)
Current lengths of episodes: [132, 67, 67, 59, 131]
Memory usage at done (index 0, length 132, since_prev 60): 4310.234375 MiB (Increase: 0.0 MiB)
Memory usage before reset: 4310.234375 MiB (Increase: 0.0 MiB)
Memory usage after reset: 4310.234375 MiB (Increase: 0.0 MiB)
Current lengths of episodes: [11, 79, 79, 71, 142]
Memory usage at done (index 3, length 71, since_prev 11): 4310.234375 MiB (Increase: 0.0 MiB)
Memory usage before reset: 4310.234375 MiB (Increase: 0.0 MiB)
Memory usage after reset: 4310.234375 MiB (Increase: 0.0 MiB)
Training episode 590
Memory usage at middle: 4310.234375 MiB (Increase: 0.0 MiB)
Memory usage before collect: 4310.234375 MiB (Increase: 0.0 MiB)
Memory usage after collect: 4310.234375 MiB (Increase: 0.0 MiB)
Memory usage before initialization: 4310.234375 MiB (Increase: 0.0 MiB)
Memory usage after initialization: 4310.234375 MiB (Increase: 0.0 MiB)
Current lengths of episodes: [52, 52, 52, 52, 52]
Memory usage at done (index 4, length 52, since_prev 52): 4310.234375 MiB (Increase: 0.0 MiB)
Memory usage before reset: 4310.234375 MiB (Increase: 0.0 MiB)
Memory usage after reset: 4310.234375 MiB (Increase: 0.0 MiB)
Current lengths of episodes: [62, 62, 62, 62, 9]
Memory usage at done (index 3, length 62, since_prev 10): 4310.234375 MiB (Increase: 0.0 MiB)
Memory usage before reset: 4310.234375 MiB (Increase: 0.0 MiB)
Memory usage after reset: 4310.234375 MiB (Increase: 0.0 MiB)
Current lengths of episodes: [76, 76, 75, 13, 23]
Memory usage at done (index 1, length 76, since_prev 14): 4310.234375 MiB (Increase: 0.0 MiB)
Memory usage before reset: 4310.234375 MiB (Increase: 0.0 MiB)
Memory usage after reset: 4310.234375 MiB (Increase: 0.0 MiB)
Current lengths of episodes: [149, 73, 149, 86, 96]
Memory usage at done (index 2, length 149, since_prev 73): 4310.234375 MiB (Increase: 0.0 MiB)
Memory usage before reset: 4310.234375 MiB (Increase: 0.0 MiB)
Memory usage after reset: 4310.234375 MiB (Increase: 0.0 MiB)
Current lengths of episodes: [215, 139, 65, 152, 162]
Memory usage at done (index 1, length 139, since_prev 66): 4310.234375 MiB (Increase: 0.0 MiB)
Memory usage before reset: 4310.234375 MiB (Increase: 0.0 MiB)
Memory usage after reset: 4310.234375 MiB (Increase: 0.0 MiB)
Training episode 595
Memory usage at middle: 4310.234375 MiB (Increase: 0.0 MiB)
Memory usage before collect: 4310.234375 MiB (Increase: 0.0 MiB)
Memory usage after collect: 4310.234375 MiB (Increase: 0.0 MiB)
Memory usage before initialization: 4310.234375 MiB (Increase: 0.0 MiB)
Memory usage after initialization: 4310.234375 MiB (Increase: 0.0 MiB)
Current lengths of episodes: [55, 55, 55, 54, 54]
Memory usage at done (index 2, length 55, since_prev 55): 4310.234375 MiB (Increase: 0.0 MiB)
Memory usage before reset: 4310.234375 MiB (Increase: 0.0 MiB)
Memory usage after reset: 4310.234375 MiB (Increase: 0.0 MiB)
Current lengths of episodes: [111, 111, 55, 110, 110]
Memory usage at done (index 1, length 111, since_prev 56): 4310.234375 MiB (Increase: 0.0 MiB)
Memory usage before reset: 4310.234375 MiB (Increase: 0.0 MiB)
Memory usage after reset: 4310.234375 MiB (Increase: 0.0 MiB)
Current lengths of episodes: [147, 36, 92, 146, 146]
Memory usage at done (index 2, length 92, since_prev 36): 4310.234375 MiB (Increase: 0.0 MiB)
Memory usage before reset: 4310.234375 MiB (Increase: 0.0 MiB)
Memory usage after reset: 4310.234375 MiB (Increase: 0.0 MiB)
Current lengths of episodes: [187, 76, 39, 186, 186]
Memory usage at done (index 1, length 76, since_prev 40): 4310.234375 MiB (Increase: 0.0 MiB)
Memory usage before reset: 4310.234375 MiB (Increase: 0.0 MiB)
Memory usage after reset: 4310.234375 MiB (Increase: 0.0 MiB)
Current lengths of episodes: [237, 50, 90, 236, 236]
Memory usage at done (index 2, length 90, since_prev 50): 4310.234375 MiB (Increase: 0.0 MiB)
Memory usage before reset: 4310.234375 MiB (Increase: 0.0 MiB)
Memory usage after reset: 4310.234375 MiB (Increase: 0.0 MiB)
Training episode 600
Memory usage at middle: 4310.234375 MiB (Increase: 0.0 MiB)
Memory usage before collect: 4310.234375 MiB (Increase: 0.0 MiB)
Memory usage after collect: 4310.234375 MiB (Increase: 0.0 MiB)
Episode 600	Average evaluation: -50.522433182834206
Memory usage before initialization: 4310.234375 MiB (Increase: 0.0 MiB)
Memory usage after initialization: 4310.234375 MiB (Increase: 0.0 MiB)
Current lengths of episodes: [761, 760, 760, 760, 760]
Memory usage at done (index 0, length 761, since_prev 761): 4310.234375 MiB (Increase: 0.0 MiB)
Memory usage before reset: 4310.234375 MiB (Increase: 0.0 MiB)
Memory usage after reset: 4310.234375 MiB (Increase: 0.0 MiB)
Current lengths of episodes: [839, 1600, 1599, 1599, 1599]
Memory usage at done (index 1, length 1600, since_prev 839): 4310.234375 MiB (Increase: 0.0 MiB)
Memory usage before reset: 4310.234375 MiB (Increase: 0.0 MiB)
Memory usage after reset: 4310.234375 MiB (Increase: 0.0 MiB)
Current lengths of episodes: [839, 0, 1600, 1599, 1599]
Memory usage at done (index 2, length 1600, since_prev 0): 4310.234375 MiB (Increase: 0.0 MiB)
Memory usage before reset: 4310.234375 MiB (Increase: 0.0 MiB)
Memory usage after reset: 4310.234375 MiB (Increase: 0.0 MiB)
Current lengths of episodes: [839, 0, 0, 1600, 1599]
Memory usage at done (index 3, length 1600, since_prev 0): 4310.234375 MiB (Increase: 0.0 MiB)
Memory usage before reset: 4310.234375 MiB (Increase: 0.0 MiB)
Memory usage after reset: 4310.234375 MiB (Increase: 0.0 MiB)
Current lengths of episodes: [839, 0, 0, 0, 1600]
Memory usage at done (index 4, length 1600, since_prev 0): 4310.234375 MiB (Increase: 0.0 MiB)
Memory usage before reset: 4310.234375 MiB (Increase: 0.0 MiB)
Memory usage after reset: 4310.234375 MiB (Increase: 0.0 MiB)
Training episode 605
Memory usage at middle: 4310.234375 MiB (Increase: 0.0 MiB)
Memory usage before collect: 4310.234375 MiB (Increase: 0.0 MiB)
Memory usage after collect: 4310.234375 MiB (Increase: 0.0 MiB)
Memory usage before initialization: 4310.234375 MiB (Increase: 0.0 MiB)
Memory usage after initialization: 4310.234375 MiB (Increase: 0.0 MiB)
Current lengths of episodes: [63, 63, 63, 63, 62]
Memory usage at done (index 3, length 63, since_prev 63): 4310.234375 MiB (Increase: 0.0 MiB)
Memory usage before reset: 4310.234375 MiB (Increase: 0.0 MiB)
Memory usage after reset: 4310.234375 MiB (Increase: 0.0 MiB)
Current lengths of episodes: [121, 121, 121, 58, 120]
Memory usage at done (index 3, length 58, since_prev 58): 4310.234375 MiB (Increase: 0.0 MiB)
Memory usage before reset: 4310.234375 MiB (Increase: 0.0 MiB)
Memory usage after reset: 4310.234375 MiB (Increase: 0.0 MiB)
Current lengths of episodes: [137, 137, 136, 15, 136]
Memory usage at done (index 1, length 137, since_prev 16): 4310.234375 MiB (Increase: 0.0 MiB)
Memory usage before reset: 4310.234375 MiB (Increase: 0.0 MiB)
Memory usage after reset: 4310.234375 MiB (Increase: 0.0 MiB)
Current lengths of episodes: [1600, 1462, 1599, 1478, 1599]
Memory usage at done (index 0, length 1600, since_prev 1463): 4310.234375 MiB (Increase: 0.0 MiB)
Memory usage before reset: 4310.234375 MiB (Increase: 0.0 MiB)
Memory usage after reset: 4310.234375 MiB (Increase: 0.0 MiB)
Current lengths of episodes: [0, 1463, 1600, 1478, 1599]
Memory usage at done (index 2, length 1600, since_prev 0): 4310.234375 MiB (Increase: 0.0 MiB)
Memory usage before reset: 4310.234375 MiB (Increase: 0.0 MiB)
Memory usage after reset: 4310.234375 MiB (Increase: 0.0 MiB)
Training episode 610
Memory usage at middle: 4310.234375 MiB (Increase: 0.0 MiB)
Memory usage before collect: 4310.234375 MiB (Increase: 0.0 MiB)
Memory usage after collect: 4310.234375 MiB (Increase: 0.0 MiB)
Memory usage before initialization: 4310.234375 MiB (Increase: 0.0 MiB)
Memory usage after initialization: 4310.234375 MiB (Increase: 0.0 MiB)
Current lengths of episodes: [1600, 1599, 1599, 1599, 1599]
Memory usage at done (index 0, length 1600, since_prev 1600): 4310.234375 MiB (Increase: 0.0 MiB)
Memory usage before reset: 4310.234375 MiB (Increase: 0.0 MiB)
Memory usage after reset: 4310.234375 MiB (Increase: 0.0 MiB)
Current lengths of episodes: [0, 1600, 1599, 1599, 1599]
Memory usage at done (index 1, length 1600, since_prev 0): 4310.234375 MiB (Increase: 0.0 MiB)
Memory usage before reset: 4310.234375 MiB (Increase: 0.0 MiB)
Memory usage after reset: 4310.234375 MiB (Increase: 0.0 MiB)
Current lengths of episodes: [0, 0, 1600, 1599, 1599]
Memory usage at done (index 2, length 1600, since_prev 0): 4310.234375 MiB (Increase: 0.0 MiB)
Memory usage before reset: 4310.234375 MiB (Increase: 0.0 MiB)
Memory usage after reset: 4310.234375 MiB (Increase: 0.0 MiB)
Current lengths of episodes: [0, 0, 0, 1600, 1599]
Memory usage at done (index 3, length 1600, since_prev 0): 4310.234375 MiB (Increase: 0.0 MiB)
Memory usage before reset: 4310.234375 MiB (Increase: 0.0 MiB)
Memory usage after reset: 4310.234375 MiB (Increase: 0.0 MiB)
Current lengths of episodes: [0, 0, 0, 0, 1600]
Memory usage at done (index 4, length 1600, since_prev 0): 4310.234375 MiB (Increase: 0.0 MiB)
Memory usage before reset: 4310.234375 MiB (Increase: 0.0 MiB)
Memory usage after reset: 4310.234375 MiB (Increase: 0.0 MiB)
Training episode 615
Memory usage at middle: 4310.234375 MiB (Increase: 0.0 MiB)
Memory usage before collect: 4310.234375 MiB (Increase: 0.0 MiB)
Memory usage after collect: 4310.234375 MiB (Increase: 0.0 MiB)
Memory usage before initialization: 4310.234375 MiB (Increase: 0.0 MiB)
Memory usage after initialization: 4310.234375 MiB (Increase: 0.0 MiB)
Current lengths of episodes: [72, 72, 72, 71, 71]
Memory usage at done (index 2, length 72, since_prev 72): 4310.234375 MiB (Increase: 0.0 MiB)
Memory usage before reset: 4310.234375 MiB (Increase: 0.0 MiB)
Memory usage after reset: 4310.234375 MiB (Increase: 0.0 MiB)
Current lengths of episodes: [97, 97, 25, 97, 97]
Memory usage at done (index 4, length 97, since_prev 25): 4310.234375 MiB (Increase: 0.0 MiB)
Memory usage before reset: 4310.234375 MiB (Increase: 0.0 MiB)
Memory usage after reset: 4310.234375 MiB (Increase: 0.0 MiB)
Current lengths of episodes: [1600, 1599, 1527, 1599, 1502]
Memory usage at done (index 0, length 1600, since_prev 1503): 4310.234375 MiB (Increase: 0.0 MiB)
Memory usage before reset: 4310.234375 MiB (Increase: 0.0 MiB)
Memory usage after reset: 4310.234375 MiB (Increase: 0.0 MiB)
Current lengths of episodes: [0, 1600, 1527, 1599, 1502]
Memory usage at done (index 1, length 1600, since_prev 0): 4310.234375 MiB (Increase: 0.0 MiB)
Memory usage before reset: 4310.234375 MiB (Increase: 0.0 MiB)
Memory usage after reset: 4310.234375 MiB (Increase: 0.0 MiB)
Current lengths of episodes: [0, 0, 1528, 1600, 1502]
Memory usage at done (index 3, length 1600, since_prev 0): 4310.234375 MiB (Increase: 0.0 MiB)
Memory usage before reset: 4310.234375 MiB (Increase: 0.0 MiB)
Memory usage after reset: 4310.234375 MiB (Increase: 0.0 MiB)
Training episode 620
Memory usage at middle: 4310.234375 MiB (Increase: 0.0 MiB)
Memory usage before collect: 4310.234375 MiB (Increase: 0.0 MiB)
Memory usage after collect: 4310.234375 MiB (Increase: 0.0 MiB)
Memory usage before initialization: 4310.234375 MiB (Increase: 0.0 MiB)
Memory usage after initialization: 4310.234375 MiB (Increase: 0.0 MiB)
Current lengths of episodes: [49, 49, 49, 48, 48]
Memory usage at done (index 2, length 49, since_prev 49): 4310.234375 MiB (Increase: 0.0 MiB)
Memory usage before reset: 4310.234375 MiB (Increase: 0.0 MiB)
Memory usage after reset: 4310.234375 MiB (Increase: 0.0 MiB)
Current lengths of episodes: [72, 71, 22, 71, 71]
Memory usage at done (index 0, length 72, since_prev 23): 4310.234375 MiB (Increase: 0.0 MiB)
Memory usage before reset: 4310.234375 MiB (Increase: 0.0 MiB)
Memory usage after reset: 4310.234375 MiB (Increase: 0.0 MiB)
Current lengths of episodes: [27, 99, 49, 98, 98]
Memory usage at done (index 1, length 99, since_prev 27): 4310.234375 MiB (Increase: 0.0 MiB)
Memory usage before reset: 4310.234375 MiB (Increase: 0.0 MiB)
Memory usage after reset: 4310.234375 MiB (Increase: 0.0 MiB)
Current lengths of episodes: [47, 20, 70, 118, 118]
Memory usage at done (index 2, length 70, since_prev 20): 4310.234375 MiB (Increase: 0.0 MiB)
Memory usage before reset: 4310.234375 MiB (Increase: 0.0 MiB)
Memory usage after reset: 4310.234375 MiB (Increase: 0.0 MiB)
Current lengths of episodes: [109, 82, 62, 180, 180]
Memory usage at done (index 2, length 62, since_prev 62): 4310.234375 MiB (Increase: 0.0 MiB)
Memory usage before reset: 4310.234375 MiB (Increase: 0.0 MiB)
Memory usage after reset: 4310.234375 MiB (Increase: 0.0 MiB)
Training episode 625
Memory usage at middle: 4310.234375 MiB (Increase: 0.0 MiB)
Memory usage before collect: 4310.234375 MiB (Increase: 0.0 MiB)
Memory usage after collect: 4310.234375 MiB (Increase: 0.0 MiB)
Memory usage before initialization: 4310.234375 MiB (Increase: 0.0 MiB)
Memory usage after initialization: 4310.234375 MiB (Increase: 0.0 MiB)
Current lengths of episodes: [63, 63, 63, 63, 62]
Memory usage at done (index 3, length 63, since_prev 63): 4310.234375 MiB (Increase: 0.0 MiB)
Memory usage before reset: 4310.234375 MiB (Increase: 0.0 MiB)
Memory usage after reset: 4310.234375 MiB (Increase: 0.0 MiB)
Current lengths of episodes: [78, 78, 77, 14, 77]
Memory usage at done (index 1, length 78, since_prev 15): 4310.234375 MiB (Increase: 0.0 MiB)
Memory usage before reset: 4310.234375 MiB (Increase: 0.0 MiB)
Memory usage after reset: 4310.234375 MiB (Increase: 0.0 MiB)
Current lengths of episodes: [85, 6, 84, 21, 84]
Memory usage at done (index 0, length 85, since_prev 7): 4310.234375 MiB (Increase: 0.0 MiB)
Memory usage before reset: 4310.234375 MiB (Increase: 0.0 MiB)
Memory usage after reset: 4310.234375 MiB (Increase: 0.0 MiB)
Current lengths of episodes: [17, 24, 102, 38, 101]
Memory usage at done (index 2, length 102, since_prev 17): 4310.234375 MiB (Increase: 0.0 MiB)
Memory usage before reset: 4310.234375 MiB (Increase: 0.0 MiB)
Memory usage after reset: 4310.234375 MiB (Increase: 0.0 MiB)
Current lengths of episodes: [23, 30, 6, 45, 108]
Memory usage at done (index 4, length 108, since_prev 6): 4310.234375 MiB (Increase: 0.0 MiB)
Memory usage before reset: 4310.234375 MiB (Increase: 0.0 MiB)
Memory usage after reset: 4310.234375 MiB (Increase: 0.0 MiB)
Training episode 630
Memory usage at middle: 4310.234375 MiB (Increase: 0.0 MiB)
Memory usage before collect: 4310.234375 MiB (Increase: 0.0 MiB)
Memory usage after collect: 4310.234375 MiB (Increase: 0.0 MiB)
Memory usage before initialization: 4310.234375 MiB (Increase: 0.0 MiB)
Memory usage after initialization: 4310.234375 MiB (Increase: 0.0 MiB)
Current lengths of episodes: [54, 54, 53, 53, 53]
Memory usage at done (index 1, length 54, since_prev 54): 4310.234375 MiB (Increase: 0.0 MiB)
Memory usage before reset: 4310.234375 MiB (Increase: 0.0 MiB)
Memory usage after reset: 4310.234375 MiB (Increase: 0.0 MiB)
Current lengths of episodes: [54, 0, 54, 54, 53]
Memory usage at done (index 3, length 54, since_prev 0): 4310.234375 MiB (Increase: 0.0 MiB)
Memory usage before reset: 4310.234375 MiB (Increase: 0.0 MiB)
Memory usage after reset: 4310.234375 MiB (Increase: 0.0 MiB)
Current lengths of episodes: [61, 7, 61, 7, 61]
Memory usage at done (index 4, length 61, since_prev 7): 4310.234375 MiB (Increase: 0.0 MiB)
Memory usage before reset: 4310.234375 MiB (Increase: 0.0 MiB)
Memory usage after reset: 4310.234375 MiB (Increase: 0.0 MiB)
Current lengths of episodes: [70, 16, 70, 15, 8]
Memory usage at done (index 2, length 70, since_prev 9): 4310.234375 MiB (Increase: 0.0 MiB)
Memory usage before reset: 4310.234375 MiB (Increase: 0.0 MiB)
Memory usage after reset: 4310.234375 MiB (Increase: 0.0 MiB)
Current lengths of episodes: [79, 24, 8, 24, 17]
Memory usage at done (index 0, length 79, since_prev 9): 4310.234375 MiB (Increase: 0.0 MiB)
Memory usage before reset: 4310.234375 MiB (Increase: 0.0 MiB)
Memory usage after reset: 4310.234375 MiB (Increase: 0.0 MiB)
Training episode 635
Memory usage at middle: 4310.234375 MiB (Increase: 0.0 MiB)
Memory usage before collect: 4310.234375 MiB (Increase: 0.0 MiB)
Memory usage after collect: 4310.234375 MiB (Increase: 0.0 MiB)
Memory usage before initialization: 4310.234375 MiB (Increase: 0.0 MiB)
Memory usage after initialization: 4310.234375 MiB (Increase: 0.0 MiB)
Current lengths of episodes: [45, 45, 45, 45, 44]
Memory usage at done (index 3, length 45, since_prev 45): 4310.234375 MiB (Increase: 0.0 MiB)
Memory usage before reset: 4310.234375 MiB (Increase: 0.0 MiB)
Memory usage after reset: 4310.234375 MiB (Increase: 0.0 MiB)
Current lengths of episodes: [76, 76, 76, 30, 75]
Memory usage at done (index 2, length 76, since_prev 31): 4310.234375 MiB (Increase: 0.0 MiB)
Memory usage before reset: 4310.234375 MiB (Increase: 0.0 MiB)
Memory usage after reset: 4310.234375 MiB (Increase: 0.0 MiB)
Current lengths of episodes: [77, 77, 1, 32, 77]
Memory usage at done (index 4, length 77, since_prev 1): 4310.234375 MiB (Increase: 0.0 MiB)
Memory usage before reset: 4310.234375 MiB (Increase: 0.0 MiB)
Memory usage after reset: 4310.234375 MiB (Increase: 0.0 MiB)
Current lengths of episodes: [86, 86, 9, 40, 8]
Memory usage at done (index 1, length 86, since_prev 9): 4310.234375 MiB (Increase: 0.0 MiB)
Memory usage before reset: 4310.234375 MiB (Increase: 0.0 MiB)
Memory usage after reset: 4310.234375 MiB (Increase: 0.0 MiB)
Current lengths of episodes: [135, 49, 59, 90, 57]
Memory usage at done (index 3, length 90, since_prev 49): 4310.234375 MiB (Increase: 0.0 MiB)
Memory usage before reset: 4310.234375 MiB (Increase: 0.0 MiB)
Memory usage after reset: 4310.234375 MiB (Increase: 0.0 MiB)
Training episode 640
Memory usage at middle: 4310.234375 MiB (Increase: 0.0 MiB)
Memory usage before collect: 4310.234375 MiB (Increase: 0.0 MiB)
Memory usage after collect: 4310.234375 MiB (Increase: 0.0 MiB)
Memory usage before initialization: 4310.234375 MiB (Increase: 0.0 MiB)
Memory usage after initialization: 4310.234375 MiB (Increase: 0.0 MiB)
Current lengths of episodes: [64, 64, 64, 63, 63]
Memory usage at done (index 2, length 64, since_prev 64): 4310.234375 MiB (Increase: 0.0 MiB)
Memory usage before reset: 4310.234375 MiB (Increase: 0.0 MiB)
Memory usage after reset: 4310.234375 MiB (Increase: 0.0 MiB)
Current lengths of episodes: [130, 130, 66, 130, 130]
Memory usage at done (index 4, length 130, since_prev 66): 4310.234375 MiB (Increase: 0.0 MiB)
Memory usage before reset: 4310.234375 MiB (Increase: 0.0 MiB)
Memory usage after reset: 4310.234375 MiB (Increase: 0.0 MiB)
Current lengths of episodes: [158, 158, 94, 158, 27]
Memory usage at done (index 3, length 158, since_prev 28): 4310.234375 MiB (Increase: 0.0 MiB)
Memory usage before reset: 4310.234375 MiB (Increase: 0.0 MiB)
Memory usage after reset: 4310.234375 MiB (Increase: 0.0 MiB)
Current lengths of episodes: [1600, 1599, 1535, 1441, 1469]
Memory usage at done (index 0, length 1600, since_prev 1442): 4310.234375 MiB (Increase: 0.0 MiB)
Memory usage before reset: 4310.234375 MiB (Increase: 0.0 MiB)
Memory usage after reset: 4310.234375 MiB (Increase: 0.0 MiB)
Current lengths of episodes: [0, 1600, 1535, 1441, 1469]
Memory usage at done (index 1, length 1600, since_prev 0): 4310.234375 MiB (Increase: 0.0 MiB)
Memory usage before reset: 4310.234375 MiB (Increase: 0.0 MiB)
Memory usage after reset: 4310.234375 MiB (Increase: 0.0 MiB)
Training episode 645
Memory usage at middle: 4310.234375 MiB (Increase: 0.0 MiB)
Memory usage before collect: 4310.234375 MiB (Increase: 0.0 MiB)
Memory usage after collect: 4310.234375 MiB (Increase: 0.0 MiB)
Memory usage before initialization: 4310.234375 MiB (Increase: 0.0 MiB)
Memory usage after initialization: 4310.234375 MiB (Increase: 0.0 MiB)
Current lengths of episodes: [90, 90, 89, 89, 89]
Memory usage at done (index 1, length 90, since_prev 90): 4310.234375 MiB (Increase: 0.0 MiB)
Memory usage before reset: 4310.234375 MiB (Increase: 0.0 MiB)
Memory usage after reset: 4310.234375 MiB (Increase: 0.0 MiB)
Current lengths of episodes: [1600, 1509, 1599, 1599, 1599]
Memory usage at done (index 0, length 1600, since_prev 1510): 4310.234375 MiB (Increase: 0.0 MiB)
Memory usage before reset: 4310.234375 MiB (Increase: 0.0 MiB)
Memory usage after reset: 4310.234375 MiB (Increase: 0.0 MiB)
Current lengths of episodes: [0, 1510, 1600, 1599, 1599]
Memory usage at done (index 2, length 1600, since_prev 0): 4310.234375 MiB (Increase: 0.0 MiB)
Memory usage before reset: 4310.234375 MiB (Increase: 0.0 MiB)
Memory usage after reset: 4310.234375 MiB (Increase: 0.0 MiB)
Current lengths of episodes: [0, 1510, 0, 1600, 1599]
Memory usage at done (index 3, length 1600, since_prev 0): 4310.234375 MiB (Increase: 0.0 MiB)
Memory usage before reset: 4310.234375 MiB (Increase: 0.0 MiB)
Memory usage after reset: 4310.234375 MiB (Increase: 0.0 MiB)
Current lengths of episodes: [0, 1510, 0, 0, 1600]
Memory usage at done (index 4, length 1600, since_prev 0): 4310.234375 MiB (Increase: 0.0 MiB)
Memory usage before reset: 4310.234375 MiB (Increase: 0.0 MiB)
Memory usage after reset: 4310.234375 MiB (Increase: 0.0 MiB)
Training episode 650
Memory usage at middle: 4310.234375 MiB (Increase: 0.0 MiB)
Memory usage before collect: 4310.234375 MiB (Increase: 0.0 MiB)
Memory usage after collect: 4310.234375 MiB (Increase: 0.0 MiB)
Episode 650	Average evaluation: -24.124291524753104
Memory usage before initialization: 4310.234375 MiB (Increase: 0.0 MiB)
Memory usage after initialization: 4310.234375 MiB (Increase: 0.0 MiB)
Current lengths of episodes: [950, 950, 949, 949, 949]
Memory usage at done (index 1, length 950, since_prev 950): 4310.234375 MiB (Increase: 0.0 MiB)
Memory usage before reset: 4310.234375 MiB (Increase: 0.0 MiB)
Memory usage after reset: 4310.234375 MiB (Increase: 0.0 MiB)
Current lengths of episodes: [1600, 649, 1599, 1599, 1599]
Memory usage at done (index 0, length 1600, since_prev 650): 4310.234375 MiB (Increase: 0.0 MiB)
Memory usage before reset: 4310.234375 MiB (Increase: 0.0 MiB)
Memory usage after reset: 4310.234375 MiB (Increase: 0.0 MiB)
Current lengths of episodes: [0, 650, 1600, 1599, 1599]
Memory usage at done (index 2, length 1600, since_prev 0): 4310.234375 MiB (Increase: 0.0 MiB)
Memory usage before reset: 4310.234375 MiB (Increase: 0.0 MiB)
Memory usage after reset: 4310.234375 MiB (Increase: 0.0 MiB)
Current lengths of episodes: [0, 650, 0, 1600, 1599]
Memory usage at done (index 3, length 1600, since_prev 0): 4310.234375 MiB (Increase: 0.0 MiB)
Memory usage before reset: 4310.234375 MiB (Increase: 0.0 MiB)
Memory usage after reset: 4310.234375 MiB (Increase: 0.0 MiB)
Current lengths of episodes: [0, 650, 0, 0, 1600]
Memory usage at done (index 4, length 1600, since_prev 0): 4310.234375 MiB (Increase: 0.0 MiB)
Memory usage before reset: 4310.234375 MiB (Increase: 0.0 MiB)
Memory usage after reset: 4310.234375 MiB (Increase: 0.0 MiB)
Training episode 655
Memory usage at middle: 4310.234375 MiB (Increase: 0.0 MiB)
Memory usage before collect: 4310.234375 MiB (Increase: 0.0 MiB)
Memory usage after collect: 4310.234375 MiB (Increase: 0.0 MiB)
Memory usage before initialization: 4310.234375 MiB (Increase: 0.0 MiB)
Memory usage after initialization: 4310.234375 MiB (Increase: 0.0 MiB)
Current lengths of episodes: [43, 43, 43, 43, 43]
Memory usage at done (index 4, length 43, since_prev 43): 4310.234375 MiB (Increase: 0.0 MiB)
Memory usage before reset: 4310.234375 MiB (Increase: 0.0 MiB)
Memory usage after reset: 4310.234375 MiB (Increase: 0.0 MiB)
Current lengths of episodes: [62, 62, 62, 61, 18]
Memory usage at done (index 2, length 62, since_prev 19): 4310.234375 MiB (Increase: 0.0 MiB)
Memory usage before reset: 4310.234375 MiB (Increase: 0.0 MiB)
Memory usage after reset: 4310.234375 MiB (Increase: 0.0 MiB)
Current lengths of episodes: [74, 74, 12, 74, 30]
Memory usage at done (index 3, length 74, since_prev 12): 4310.234375 MiB (Increase: 0.0 MiB)
Memory usage before reset: 4310.234375 MiB (Increase: 0.0 MiB)
Memory usage after reset: 4310.234375 MiB (Increase: 0.0 MiB)
Current lengths of episodes: [119, 119, 57, 45, 76]
Memory usage at done (index 4, length 76, since_prev 45): 4310.234375 MiB (Increase: 0.0 MiB)
Memory usage before reset: 4310.234375 MiB (Increase: 0.0 MiB)
Memory usage after reset: 4310.234375 MiB (Increase: 0.0 MiB)
Current lengths of episodes: [1600, 1599, 1537, 1525, 1480]
Memory usage at done (index 0, length 1600, since_prev 1481): 4310.234375 MiB (Increase: 0.0 MiB)
Memory usage before reset: 4310.234375 MiB (Increase: 0.0 MiB)
Memory usage after reset: 4310.234375 MiB (Increase: 0.0 MiB)
Training episode 660
Memory usage at middle: 4310.234375 MiB (Increase: 0.0 MiB)
Memory usage before collect: 4310.234375 MiB (Increase: 0.0 MiB)
Memory usage after collect: 4310.234375 MiB (Increase: 0.0 MiB)
Memory usage before initialization: 4310.234375 MiB (Increase: 0.0 MiB)
Memory usage after initialization: 4310.234375 MiB (Increase: 0.0 MiB)
Current lengths of episodes: [60, 60, 60, 60, 60]
Memory usage at done (index 4, length 60, since_prev 60): 4310.234375 MiB (Increase: 0.0 MiB)
Memory usage before reset: 4310.234375 MiB (Increase: 0.0 MiB)
Memory usage after reset: 4310.234375 MiB (Increase: 0.0 MiB)
Current lengths of episodes: [92, 92, 91, 91, 31]
Memory usage at done (index 1, length 92, since_prev 32): 4310.234375 MiB (Increase: 0.0 MiB)
Memory usage before reset: 4310.234375 MiB (Increase: 0.0 MiB)
Memory usage after reset: 4310.234375 MiB (Increase: 0.0 MiB)
Current lengths of episodes: [170, 78, 169, 169, 109]
Memory usage at done (index 1, length 78, since_prev 78): 4310.234375 MiB (Increase: 0.0 MiB)
Memory usage before reset: 4310.234375 MiB (Increase: 0.0 MiB)
Memory usage after reset: 4310.234375 MiB (Increase: 0.0 MiB)
Current lengths of episodes: [1600, 1429, 1599, 1599, 1539]
Memory usage at done (index 0, length 1600, since_prev 1430): 4310.234375 MiB (Increase: 0.0 MiB)
Memory usage before reset: 4310.234375 MiB (Increase: 0.0 MiB)
Memory usage after reset: 4310.234375 MiB (Increase: 0.0 MiB)
Current lengths of episodes: [0, 1430, 1600, 1599, 1539]
Memory usage at done (index 2, length 1600, since_prev 0): 4310.234375 MiB (Increase: 0.0 MiB)
Memory usage before reset: 4310.234375 MiB (Increase: 0.0 MiB)
Memory usage after reset: 4310.234375 MiB (Increase: 0.0 MiB)
Training episode 665
Memory usage at middle: 4310.234375 MiB (Increase: 0.0 MiB)
Memory usage before collect: 4310.234375 MiB (Increase: 0.0 MiB)
Memory usage after collect: 4310.234375 MiB (Increase: 0.0 MiB)
Memory usage before initialization: 4310.234375 MiB (Increase: 0.0 MiB)
Memory usage after initialization: 4310.234375 MiB (Increase: 0.0 MiB)
Current lengths of episodes: [76, 76, 75, 75, 75]
Memory usage at done (index 1, length 76, since_prev 76): 4310.234375 MiB (Increase: 0.0 MiB)
Memory usage before reset: 4310.234375 MiB (Increase: 0.0 MiB)
Memory usage after reset: 4310.234375 MiB (Increase: 0.0 MiB)
Current lengths of episodes: [78, 2, 78, 78, 78]
Memory usage at done (index 4, length 78, since_prev 2): 4310.234375 MiB (Increase: 0.0 MiB)
Memory usage before reset: 4310.234375 MiB (Increase: 0.0 MiB)
Memory usage after reset: 4310.234375 MiB (Increase: 0.0 MiB)
Current lengths of episodes: [205, 129, 205, 205, 126]
Memory usage at done (index 3, length 205, since_prev 127): 4310.234375 MiB (Increase: 0.0 MiB)
Memory usage before reset: 4310.234375 MiB (Increase: 0.0 MiB)
Memory usage after reset: 4310.234375 MiB (Increase: 0.0 MiB)
Current lengths of episodes: [1600, 1523, 1599, 1394, 1521]
Memory usage at done (index 0, length 1600, since_prev 1395): 4310.234375 MiB (Increase: 0.0 MiB)
Memory usage before reset: 4310.234375 MiB (Increase: 0.0 MiB)
Memory usage after reset: 4310.234375 MiB (Increase: 0.0 MiB)
Current lengths of episodes: [0, 1524, 1600, 1394, 1521]
Memory usage at done (index 2, length 1600, since_prev 0): 4310.234375 MiB (Increase: 0.0 MiB)
Memory usage before reset: 4310.234375 MiB (Increase: 0.0 MiB)
Memory usage after reset: 4310.234375 MiB (Increase: 0.0 MiB)
Training episode 670
Memory usage at middle: 4310.234375 MiB (Increase: 0.0 MiB)
Memory usage before collect: 4310.234375 MiB (Increase: 0.0 MiB)
Memory usage after collect: 4310.234375 MiB (Increase: 0.0 MiB)
Memory usage before initialization: 4310.234375 MiB (Increase: 0.0 MiB)
Memory usage after initialization: 4310.234375 MiB (Increase: 0.0 MiB)
Current lengths of episodes: [64, 64, 64, 63, 63]
Memory usage at done (index 2, length 64, since_prev 64): 4310.234375 MiB (Increase: 0.0 MiB)
Memory usage before reset: 4310.234375 MiB (Increase: 0.0 MiB)
Memory usage after reset: 4310.234375 MiB (Increase: 0.0 MiB)
Current lengths of episodes: [85, 85, 21, 85, 84]
Memory usage at done (index 3, length 85, since_prev 21): 4310.234375 MiB (Increase: 0.0 MiB)
Memory usage before reset: 4310.234375 MiB (Increase: 0.0 MiB)
Memory usage after reset: 4310.234375 MiB (Increase: 0.0 MiB)
Current lengths of episodes: [190, 189, 125, 104, 189]
Memory usage at done (index 0, length 190, since_prev 105): 4310.234375 MiB (Increase: 0.0 MiB)
Memory usage before reset: 4310.234375 MiB (Increase: 0.0 MiB)
Memory usage after reset: 4310.234375 MiB (Increase: 0.0 MiB)
Current lengths of episodes: [60, 249, 185, 164, 249]
Memory usage at done (index 0, length 60, since_prev 60): 4310.234375 MiB (Increase: 0.0 MiB)
Memory usage before reset: 4310.234375 MiB (Increase: 0.0 MiB)
Memory usage after reset: 4310.234375 MiB (Increase: 0.0 MiB)
Current lengths of episodes: [1350, 1600, 1535, 1514, 1599]
Memory usage at done (index 1, length 1600, since_prev 1350): 4310.234375 MiB (Increase: 0.0 MiB)
Memory usage before reset: 4310.234375 MiB (Increase: 0.0 MiB)
Memory usage after reset: 4310.234375 MiB (Increase: 0.0 MiB)
Training episode 675
Memory usage at middle: 4310.234375 MiB (Increase: 0.0 MiB)
Memory usage before collect: 4310.234375 MiB (Increase: 0.0 MiB)
Memory usage after collect: 4310.234375 MiB (Increase: 0.0 MiB)
Memory usage before initialization: 4310.234375 MiB (Increase: 0.0 MiB)
Memory usage after initialization: 4310.234375 MiB (Increase: 0.0 MiB)
Current lengths of episodes: [1600, 1599, 1599, 1599, 1599]
Memory usage at done (index 0, length 1600, since_prev 1600): 4310.234375 MiB (Increase: 0.0 MiB)
Memory usage before reset: 4310.234375 MiB (Increase: 0.0 MiB)
Memory usage after reset: 4310.234375 MiB (Increase: 0.0 MiB)
Current lengths of episodes: [0, 1600, 1599, 1599, 1599]
Memory usage at done (index 1, length 1600, since_prev 0): 4310.234375 MiB (Increase: 0.0 MiB)
Memory usage before reset: 4310.234375 MiB (Increase: 0.0 MiB)
Memory usage after reset: 4310.234375 MiB (Increase: 0.0 MiB)
Current lengths of episodes: [0, 0, 1600, 1599, 1599]
Memory usage at done (index 2, length 1600, since_prev 0): 4310.234375 MiB (Increase: 0.0 MiB)
Memory usage before reset: 4310.234375 MiB (Increase: 0.0 MiB)
Memory usage after reset: 4310.234375 MiB (Increase: 0.0 MiB)
Current lengths of episodes: [0, 0, 0, 1600, 1599]
Memory usage at done (index 3, length 1600, since_prev 0): 4310.234375 MiB (Increase: 0.0 MiB)
Memory usage before reset: 4310.234375 MiB (Increase: 0.0 MiB)
Memory usage after reset: 4310.234375 MiB (Increase: 0.0 MiB)
Current lengths of episodes: [0, 0, 0, 0, 1600]
Memory usage at done (index 4, length 1600, since_prev 0): 4310.234375 MiB (Increase: 0.0 MiB)
Memory usage before reset: 4310.234375 MiB (Increase: 0.0 MiB)
Memory usage after reset: 4310.234375 MiB (Increase: 0.0 MiB)
Training episode 680
Memory usage at middle: 4310.234375 MiB (Increase: 0.0 MiB)
Memory usage before collect: 4310.234375 MiB (Increase: 0.0 MiB)
Memory usage after collect: 4310.234375 MiB (Increase: 0.0 MiB)
Memory usage before initialization: 4310.234375 MiB (Increase: 0.0 MiB)
Memory usage after initialization: 4310.234375 MiB (Increase: 0.0 MiB)
Current lengths of episodes: [86, 85, 85, 85, 85]
Memory usage at done (index 0, length 86, since_prev 86): 4310.234375 MiB (Increase: 0.0 MiB)
Memory usage before reset: 4310.234375 MiB (Increase: 0.0 MiB)
Memory usage after reset: 4310.234375 MiB (Increase: 0.0 MiB)
Current lengths of episodes: [46, 132, 132, 132, 132]
Memory usage at done (index 4, length 132, since_prev 46): 4310.234375 MiB (Increase: 0.0 MiB)
Memory usage before reset: 4310.234375 MiB (Increase: 0.0 MiB)
Memory usage after reset: 4310.234375 MiB (Increase: 0.0 MiB)
Current lengths of episodes: [61, 146, 146, 146, 14]
Memory usage at done (index 0, length 61, since_prev 15): 4310.234375 MiB (Increase: 0.0 MiB)
Memory usage before reset: 4310.234375 MiB (Increase: 0.0 MiB)
Memory usage after reset: 4310.234375 MiB (Increase: 0.0 MiB)
Current lengths of episodes: [55, 202, 202, 202, 70]
Memory usage at done (index 4, length 70, since_prev 55): 4310.234375 MiB (Increase: 0.0 MiB)
Memory usage before reset: 4310.234375 MiB (Increase: 0.0 MiB)
Memory usage after reset: 4310.234375 MiB (Increase: 0.0 MiB)
Current lengths of episodes: [133, 280, 280, 280, 78]
Memory usage at done (index 4, length 78, since_prev 78): 4310.234375 MiB (Increase: 0.0 MiB)
Memory usage before reset: 4310.234375 MiB (Increase: 0.0 MiB)
Memory usage after reset: 4310.234375 MiB (Increase: 0.0 MiB)
Training episode 685
Memory usage at middle: 4310.234375 MiB (Increase: 0.0 MiB)
Memory usage before collect: 4310.234375 MiB (Increase: 0.0 MiB)
Memory usage after collect: 4310.234375 MiB (Increase: 0.0 MiB)
Memory usage before initialization: 4310.234375 MiB (Increase: 0.0 MiB)
Memory usage after initialization: 4310.234375 MiB (Increase: 0.0 MiB)
Current lengths of episodes: [56, 56, 55, 55, 55]
Memory usage at done (index 1, length 56, since_prev 56): 4310.234375 MiB (Increase: 0.0 MiB)
Memory usage before reset: 4310.234375 MiB (Increase: 0.0 MiB)
Memory usage after reset: 4310.234375 MiB (Increase: 0.0 MiB)
Current lengths of episodes: [74, 18, 74, 74, 74]
Memory usage at done (index 4, length 74, since_prev 18): 4310.234375 MiB (Increase: 0.0 MiB)
Memory usage before reset: 4310.234375 MiB (Increase: 0.0 MiB)
Memory usage after reset: 4310.234375 MiB (Increase: 0.0 MiB)
Current lengths of episodes: [93, 37, 93, 93, 18]
Memory usage at done (index 3, length 93, since_prev 19): 4310.234375 MiB (Increase: 0.0 MiB)
Memory usage before reset: 4310.234375 MiB (Increase: 0.0 MiB)
Memory usage after reset: 4310.234375 MiB (Increase: 0.0 MiB)
Current lengths of episodes: [101, 45, 101, 7, 26]
Memory usage at done (index 2, length 101, since_prev 8): 4310.234375 MiB (Increase: 0.0 MiB)
Memory usage before reset: 4310.234375 MiB (Increase: 0.0 MiB)
Memory usage after reset: 4310.234375 MiB (Increase: 0.0 MiB)
Current lengths of episodes: [118, 62, 16, 24, 43]
Memory usage at done (index 1, length 62, since_prev 17): 4310.234375 MiB (Increase: 0.0 MiB)
Memory usage before reset: 4310.234375 MiB (Increase: 0.0 MiB)
Memory usage after reset: 4310.234375 MiB (Increase: 0.0 MiB)
Training episode 690
Memory usage at middle: 4310.234375 MiB (Increase: 0.0 MiB)
Memory usage before collect: 4310.234375 MiB (Increase: 0.0 MiB)
Memory usage after collect: 4310.234375 MiB (Increase: 0.0 MiB)
Memory usage before initialization: 4310.234375 MiB (Increase: 0.0 MiB)
Memory usage after initialization: 4310.234375 MiB (Increase: 0.0 MiB)
Current lengths of episodes: [57, 57, 57, 57, 56]
Memory usage at done (index 3, length 57, since_prev 57): 4310.234375 MiB (Increase: 0.0 MiB)
Memory usage before reset: 4310.234375 MiB (Increase: 0.0 MiB)
Memory usage after reset: 4310.234375 MiB (Increase: 0.0 MiB)
Current lengths of episodes: [62, 62, 61, 4, 61]
Memory usage at done (index 1, length 62, since_prev 5): 4310.234375 MiB (Increase: 0.0 MiB)
Memory usage before reset: 4310.234375 MiB (Increase: 0.0 MiB)
Memory usage after reset: 4310.234375 MiB (Increase: 0.0 MiB)
Current lengths of episodes: [164, 102, 163, 106, 163]
Memory usage at done (index 1, length 102, since_prev 102): 4310.234375 MiB (Increase: 0.0 MiB)
Memory usage before reset: 4310.234375 MiB (Increase: 0.0 MiB)
Memory usage after reset: 4310.234375 MiB (Increase: 0.0 MiB)
Current lengths of episodes: [1600, 1435, 1599, 1542, 1599]
Memory usage at done (index 0, length 1600, since_prev 1436): 4310.234375 MiB (Increase: 0.0 MiB)
Memory usage before reset: 4310.234375 MiB (Increase: 0.0 MiB)
Memory usage after reset: 4310.234375 MiB (Increase: 0.0 MiB)
Current lengths of episodes: [0, 1436, 1600, 1542, 1599]
Memory usage at done (index 2, length 1600, since_prev 0): 4310.234375 MiB (Increase: 0.0 MiB)
Memory usage before reset: 4310.234375 MiB (Increase: 0.0 MiB)
Memory usage after reset: 4310.234375 MiB (Increase: 0.0 MiB)
Training episode 695
Memory usage at middle: 4310.234375 MiB (Increase: 0.0 MiB)
Memory usage before collect: 4310.234375 MiB (Increase: 0.0 MiB)
Memory usage after collect: 4310.234375 MiB (Increase: 0.0 MiB)
Memory usage before initialization: 4310.234375 MiB (Increase: 0.0 MiB)
Memory usage after initialization: 4310.234375 MiB (Increase: 0.0 MiB)
Current lengths of episodes: [53, 53, 52, 52, 52]
Memory usage at done (index 1, length 53, since_prev 53): 4310.234375 MiB (Increase: 0.0 MiB)
Memory usage before reset: 4310.234375 MiB (Increase: 0.0 MiB)
Memory usage after reset: 4310.234375 MiB (Increase: 0.0 MiB)
Current lengths of episodes: [70, 16, 69, 69, 69]
Memory usage at done (index 0, length 70, since_prev 17): 4310.234375 MiB (Increase: 0.0 MiB)
Memory usage before reset: 4310.234375 MiB (Increase: 0.0 MiB)
Memory usage after reset: 4310.234375 MiB (Increase: 0.0 MiB)
Current lengths of episodes: [79, 95, 148, 148, 148]
Memory usage at done (index 0, length 79, since_prev 79): 4310.234375 MiB (Increase: 0.0 MiB)
Memory usage before reset: 4310.234375 MiB (Increase: 0.0 MiB)
Memory usage after reset: 4310.234375 MiB (Increase: 0.0 MiB)
Current lengths of episodes: [1, 97, 149, 149, 149]
Memory usage at done (index 1, length 97, since_prev 1): 4310.234375 MiB (Increase: 0.0 MiB)
Memory usage before reset: 4310.234375 MiB (Increase: 0.0 MiB)
Memory usage after reset: 4310.234375 MiB (Increase: 0.0 MiB)
Current lengths of episodes: [1451, 1450, 1600, 1599, 1599]
Memory usage at done (index 2, length 1600, since_prev 1450): 4310.234375 MiB (Increase: 0.0 MiB)
Memory usage before reset: 4310.234375 MiB (Increase: 0.0 MiB)
Memory usage after reset: 4310.234375 MiB (Increase: 0.0 MiB)
Training episode 700
Memory usage at middle: 4310.234375 MiB (Increase: 0.0 MiB)
Memory usage before collect: 4310.234375 MiB (Increase: 0.0 MiB)
Memory usage after collect: 4310.234375 MiB (Increase: 0.0 MiB)
Episode 700	Average evaluation: -19.935559298217928
Memory usage before initialization: 4310.234375 MiB (Increase: 0.0 MiB)
Memory usage after initialization: 4310.234375 MiB (Increase: 0.0 MiB)
Current lengths of episodes: [49, 49, 49, 49, 48]
Memory usage at done (index 3, length 49, since_prev 49): 4310.234375 MiB (Increase: 0.0 MiB)
Memory usage before reset: 4310.234375 MiB (Increase: 0.0 MiB)
Memory usage after reset: 4310.234375 MiB (Increase: 0.0 MiB)
Current lengths of episodes: [67, 67, 67, 17, 66]
Memory usage at done (index 2, length 67, since_prev 18): 4310.234375 MiB (Increase: 0.0 MiB)
Memory usage before reset: 4310.234375 MiB (Increase: 0.0 MiB)
Memory usage after reset: 4310.234375 MiB (Increase: 0.0 MiB)
Current lengths of episodes: [89, 88, 21, 39, 88]
Memory usage at done (index 0, length 89, since_prev 22): 4310.234375 MiB (Increase: 0.0 MiB)
Memory usage before reset: 4310.234375 MiB (Increase: 0.0 MiB)
Memory usage after reset: 4310.234375 MiB (Increase: 0.0 MiB)
Current lengths of episodes: [60, 149, 82, 99, 148]
Memory usage at done (index 2, length 82, since_prev 60): 4310.234375 MiB (Increase: 0.0 MiB)
Memory usage before reset: 4310.234375 MiB (Increase: 0.0 MiB)
Memory usage after reset: 4310.234375 MiB (Increase: 0.0 MiB)
Current lengths of episodes: [72, 160, 11, 111, 160]
Memory usage at done (index 0, length 72, since_prev 12): 4310.234375 MiB (Increase: 0.0 MiB)
Memory usage before reset: 4310.234375 MiB (Increase: 0.0 MiB)
Memory usage after reset: 4310.234375 MiB (Increase: 0.0 MiB)
Training episode 705
Memory usage at middle: 4310.234375 MiB (Increase: 0.0 MiB)
Memory usage before collect: 4310.234375 MiB (Increase: 0.0 MiB)
Memory usage after collect: 4310.234375 MiB (Increase: 0.0 MiB)
Memory usage before initialization: 4310.234375 MiB (Increase: 0.0 MiB)
Memory usage after initialization: 4310.234375 MiB (Increase: 0.0 MiB)
Current lengths of episodes: [72, 72, 72, 71, 71]
Memory usage at done (index 2, length 72, since_prev 72): 4310.234375 MiB (Increase: 0.0 MiB)
Memory usage before reset: 4310.234375 MiB (Increase: 0.0 MiB)
Memory usage after reset: 4310.234375 MiB (Increase: 0.0 MiB)
Current lengths of episodes: [122, 122, 49, 121, 121]
Memory usage at done (index 1, length 122, since_prev 50): 4310.234375 MiB (Increase: 0.0 MiB)
Memory usage before reset: 4310.234375 MiB (Increase: 0.0 MiB)
Memory usage after reset: 4310.234375 MiB (Increase: 0.0 MiB)
Current lengths of episodes: [1600, 1477, 1527, 1599, 1599]
Memory usage at done (index 0, length 1600, since_prev 1478): 4310.234375 MiB (Increase: 0.0 MiB)
Memory usage before reset: 4310.234375 MiB (Increase: 0.0 MiB)
Memory usage after reset: 4310.234375 MiB (Increase: 0.0 MiB)
Current lengths of episodes: [0, 1478, 1528, 1600, 1599]
Memory usage at done (index 3, length 1600, since_prev 0): 4310.234375 MiB (Increase: 0.0 MiB)
Memory usage before reset: 4310.234375 MiB (Increase: 0.0 MiB)
Memory usage after reset: 4310.234375 MiB (Increase: 0.0 MiB)
Current lengths of episodes: [0, 1478, 1528, 0, 1600]
Memory usage at done (index 4, length 1600, since_prev 0): 4310.234375 MiB (Increase: 0.0 MiB)
Memory usage before reset: 4310.234375 MiB (Increase: 0.0 MiB)
Memory usage after reset: 4310.234375 MiB (Increase: 0.0 MiB)
Training episode 710
Memory usage at middle: 4310.234375 MiB (Increase: 0.0 MiB)
Memory usage before collect: 4310.234375 MiB (Increase: 0.0 MiB)
Memory usage after collect: 4310.234375 MiB (Increase: 0.0 MiB)
Memory usage before initialization: 4310.234375 MiB (Increase: 0.0 MiB)
Memory usage after initialization: 4310.234375 MiB (Increase: 0.0 MiB)
Current lengths of episodes: [82, 82, 82, 82, 82]
Memory usage at done (index 4, length 82, since_prev 82): 4310.234375 MiB (Increase: 0.0 MiB)
Memory usage before reset: 4310.234375 MiB (Increase: 0.0 MiB)
Memory usage after reset: 4310.234375 MiB (Increase: 0.0 MiB)
Current lengths of episodes: [98, 98, 97, 97, 15]
Memory usage at done (index 1, length 98, since_prev 16): 4310.234375 MiB (Increase: 0.0 MiB)
Memory usage before reset: 4310.234375 MiB (Increase: 0.0 MiB)
Memory usage after reset: 4310.234375 MiB (Increase: 0.0 MiB)
Current lengths of episodes: [162, 63, 161, 161, 79]
Memory usage at done (index 0, length 162, since_prev 64): 4310.234375 MiB (Increase: 0.0 MiB)
Memory usage before reset: 4310.234375 MiB (Increase: 0.0 MiB)
Memory usage after reset: 4310.234375 MiB (Increase: 0.0 MiB)
Current lengths of episodes: [6, 70, 167, 167, 85]
Memory usage at done (index 1, length 70, since_prev 6): 4310.234375 MiB (Increase: 0.0 MiB)
Memory usage before reset: 4310.234375 MiB (Increase: 0.0 MiB)
Memory usage after reset: 4310.234375 MiB (Increase: 0.0 MiB)
Current lengths of episodes: [1438, 1432, 1600, 1599, 1517]
Memory usage at done (index 2, length 1600, since_prev 1432): 4310.234375 MiB (Increase: 0.0 MiB)
Memory usage before reset: 4310.234375 MiB (Increase: 0.0 MiB)
Memory usage after reset: 4310.234375 MiB (Increase: 0.0 MiB)
Training episode 715
Memory usage at middle: 4310.234375 MiB (Increase: 0.0 MiB)
Memory usage before collect: 4310.234375 MiB (Increase: 0.0 MiB)
Memory usage after collect: 4310.234375 MiB (Increase: 0.0 MiB)
Memory usage before initialization: 4310.234375 MiB (Increase: 0.0 MiB)
Memory usage after initialization: 4310.234375 MiB (Increase: 0.0 MiB)
Current lengths of episodes: [38, 38, 37, 37, 37]
Memory usage at done (index 1, length 38, since_prev 38): 4310.234375 MiB (Increase: 0.0 MiB)
Memory usage before reset: 4310.234375 MiB (Increase: 0.0 MiB)
Memory usage after reset: 4310.234375 MiB (Increase: 0.0 MiB)
Current lengths of episodes: [73, 35, 73, 72, 72]
Memory usage at done (index 2, length 73, since_prev 35): 4310.234375 MiB (Increase: 0.0 MiB)
Memory usage before reset: 4310.234375 MiB (Increase: 0.0 MiB)
Memory usage after reset: 4310.234375 MiB (Increase: 0.0 MiB)
Current lengths of episodes: [301, 263, 228, 301, 300]
Memory usage at done (index 3, length 301, since_prev 228): 4310.234375 MiB (Increase: 0.0 MiB)
Memory usage before reset: 4310.234375 MiB (Increase: 0.0 MiB)
Memory usage after reset: 4310.234375 MiB (Increase: 0.0 MiB)
Current lengths of episodes: [1600, 1561, 1526, 1298, 1599]
Memory usage at done (index 0, length 1600, since_prev 1299): 4310.234375 MiB (Increase: 0.0 MiB)
Memory usage before reset: 4310.234375 MiB (Increase: 0.0 MiB)
Memory usage after reset: 4310.234375 MiB (Increase: 0.0 MiB)
Current lengths of episodes: [0, 1562, 1527, 1299, 1600]
Memory usage at done (index 4, length 1600, since_prev 0): 4310.234375 MiB (Increase: 0.0 MiB)
Memory usage before reset: 4310.234375 MiB (Increase: 0.0 MiB)
Memory usage after reset: 4310.234375 MiB (Increase: 0.0 MiB)
Training episode 720
Memory usage at middle: 4310.234375 MiB (Increase: 0.0 MiB)
Memory usage before collect: 4310.234375 MiB (Increase: 0.0 MiB)
Memory usage after collect: 4310.234375 MiB (Increase: 0.0 MiB)
Memory usage before initialization: 4310.234375 MiB (Increase: 0.0 MiB)
Memory usage after initialization: 4310.234375 MiB (Increase: 0.0 MiB)
Current lengths of episodes: [53, 53, 52, 52, 52]
Memory usage at done (index 1, length 53, since_prev 53): 4310.234375 MiB (Increase: 0.0 MiB)
Memory usage before reset: 4310.234375 MiB (Increase: 0.0 MiB)
Memory usage after reset: 4310.234375 MiB (Increase: 0.0 MiB)
Current lengths of episodes: [69, 16, 69, 68, 68]
Memory usage at done (index 2, length 69, since_prev 16): 4310.234375 MiB (Increase: 0.0 MiB)
Memory usage before reset: 4310.234375 MiB (Increase: 0.0 MiB)
Memory usage after reset: 4310.234375 MiB (Increase: 0.0 MiB)
Current lengths of episodes: [101, 48, 32, 101, 100]
Memory usage at done (index 3, length 101, since_prev 32): 4310.234375 MiB (Increase: 0.0 MiB)
Memory usage before reset: 4310.234375 MiB (Increase: 0.0 MiB)
Memory usage after reset: 4310.234375 MiB (Increase: 0.0 MiB)
Current lengths of episodes: [121, 68, 52, 19, 120]
Memory usage at done (index 2, length 52, since_prev 20): 4310.234375 MiB (Increase: 0.0 MiB)
Memory usage before reset: 4310.234375 MiB (Increase: 0.0 MiB)
Memory usage after reset: 4310.234375 MiB (Increase: 0.0 MiB)
Current lengths of episodes: [1600, 1546, 1478, 1498, 1599]
Memory usage at done (index 0, length 1600, since_prev 1479): 4310.234375 MiB (Increase: 0.0 MiB)
Memory usage before reset: 4310.234375 MiB (Increase: 0.0 MiB)
Memory usage after reset: 4310.234375 MiB (Increase: 0.0 MiB)
Training episode 725
Memory usage at middle: 4310.234375 MiB (Increase: 0.0 MiB)
Memory usage before collect: 4310.234375 MiB (Increase: 0.0 MiB)
Memory usage after collect: 4310.234375 MiB (Increase: 0.0 MiB)
Memory usage before initialization: 4310.234375 MiB (Increase: 0.0 MiB)
Memory usage after initialization: 4310.234375 MiB (Increase: 0.0 MiB)
Current lengths of episodes: [54, 54, 54, 54, 54]
Memory usage at done (index 4, length 54, since_prev 54): 4310.234375 MiB (Increase: 0.0 MiB)
Memory usage before reset: 4310.234375 MiB (Increase: 0.0 MiB)
Memory usage after reset: 4310.234375 MiB (Increase: 0.0 MiB)
Current lengths of episodes: [1600, 1599, 1599, 1599, 1545]
Memory usage at done (index 0, length 1600, since_prev 1546): 4310.234375 MiB (Increase: 0.0 MiB)
Memory usage before reset: 4310.234375 MiB (Increase: 0.0 MiB)
Memory usage after reset: 4310.234375 MiB (Increase: 0.0 MiB)
Current lengths of episodes: [0, 1600, 1599, 1599, 1545]
Memory usage at done (index 1, length 1600, since_prev 0): 4310.234375 MiB (Increase: 0.0 MiB)
Memory usage before reset: 4310.234375 MiB (Increase: 0.0 MiB)
Memory usage after reset: 4310.234375 MiB (Increase: 0.0 MiB)
Current lengths of episodes: [0, 0, 1600, 1599, 1545]
Memory usage at done (index 2, length 1600, since_prev 0): 4310.234375 MiB (Increase: 0.0 MiB)
Memory usage before reset: 4310.234375 MiB (Increase: 0.0 MiB)
Memory usage after reset: 4310.234375 MiB (Increase: 0.0 MiB)
Current lengths of episodes: [0, 0, 0, 1600, 1545]
Memory usage at done (index 3, length 1600, since_prev 0): 4310.234375 MiB (Increase: 0.0 MiB)
Memory usage before reset: 4310.234375 MiB (Increase: 0.0 MiB)
Memory usage after reset: 4310.234375 MiB (Increase: 0.0 MiB)
Training episode 730
Memory usage at middle: 4310.234375 MiB (Increase: 0.0 MiB)
Memory usage before collect: 4310.234375 MiB (Increase: 0.0 MiB)
Memory usage after collect: 4310.234375 MiB (Increase: 0.0 MiB)
Memory usage before initialization: 4310.234375 MiB (Increase: 0.0 MiB)
Memory usage after initialization: 4310.234375 MiB (Increase: 0.0 MiB)
Current lengths of episodes: [76, 76, 75, 75, 75]
Memory usage at done (index 1, length 76, since_prev 76): 4310.234375 MiB (Increase: 0.0 MiB)
Memory usage before reset: 4310.234375 MiB (Increase: 0.0 MiB)
Memory usage after reset: 4310.234375 MiB (Increase: 0.0 MiB)
Current lengths of episodes: [83, 6, 82, 82, 82]
Memory usage at done (index 0, length 83, since_prev 7): 4310.234375 MiB (Increase: 0.0 MiB)
Memory usage before reset: 4310.234375 MiB (Increase: 0.0 MiB)
Memory usage after reset: 4310.234375 MiB (Increase: 0.0 MiB)
Current lengths of episodes: [46, 53, 128, 128, 128]
Memory usage at done (index 1, length 53, since_prev 46): 4310.234375 MiB (Increase: 0.0 MiB)
Memory usage before reset: 4310.234375 MiB (Increase: 0.0 MiB)
Memory usage after reset: 4310.234375 MiB (Increase: 0.0 MiB)
Current lengths of episodes: [76, 29, 158, 158, 158]
Memory usage at done (index 0, length 76, since_prev 30): 4310.234375 MiB (Increase: 0.0 MiB)
Memory usage before reset: 4310.234375 MiB (Increase: 0.0 MiB)
Memory usage after reset: 4310.234375 MiB (Increase: 0.0 MiB)
Current lengths of episodes: [9, 39, 167, 167, 167]
Memory usage at done (index 1, length 39, since_prev 9): 4310.234375 MiB (Increase: 0.0 MiB)
Memory usage before reset: 4310.234375 MiB (Increase: 0.0 MiB)
Memory usage after reset: 4310.234375 MiB (Increase: 0.0 MiB)
Training episode 735
Memory usage at middle: 4310.234375 MiB (Increase: 0.0 MiB)
Memory usage before collect: 4310.234375 MiB (Increase: 0.0 MiB)
Memory usage after collect: 4310.234375 MiB (Increase: 0.0 MiB)
Memory usage before initialization: 4310.234375 MiB (Increase: 0.0 MiB)
Memory usage after initialization: 4310.234375 MiB (Increase: 0.0 MiB)
Current lengths of episodes: [64, 64, 64, 64, 64]
Memory usage at done (index 4, length 64, since_prev 64): 4310.234375 MiB (Increase: 0.0 MiB)
Memory usage before reset: 4310.234375 MiB (Increase: 0.0 MiB)
Memory usage after reset: 4310.234375 MiB (Increase: 0.0 MiB)
Current lengths of episodes: [87, 86, 86, 86, 22]
Memory usage at done (index 0, length 87, since_prev 23): 4310.234375 MiB (Increase: 0.0 MiB)
Memory usage before reset: 4310.234375 MiB (Increase: 0.0 MiB)
Memory usage after reset: 4310.234375 MiB (Increase: 0.0 MiB)
Current lengths of episodes: [1513, 1600, 1599, 1599, 1535]
Memory usage at done (index 1, length 1600, since_prev 1513): 4310.234375 MiB (Increase: 0.0 MiB)
Memory usage before reset: 4310.234375 MiB (Increase: 0.0 MiB)
Memory usage after reset: 4310.234375 MiB (Increase: 0.0 MiB)
Current lengths of episodes: [1513, 0, 1600, 1599, 1535]
Memory usage at done (index 2, length 1600, since_prev 0): 4310.234375 MiB (Increase: 0.0 MiB)
Memory usage before reset: 4310.234375 MiB (Increase: 0.0 MiB)
Memory usage after reset: 4310.234375 MiB (Increase: 0.0 MiB)
Current lengths of episodes: [1513, 0, 0, 1600, 1535]
Memory usage at done (index 3, length 1600, since_prev 0): 4310.234375 MiB (Increase: 0.0 MiB)
Memory usage before reset: 4310.234375 MiB (Increase: 0.0 MiB)
Memory usage after reset: 4310.234375 MiB (Increase: 0.0 MiB)
Training episode 740
Memory usage at middle: 4310.234375 MiB (Increase: 0.0 MiB)
Memory usage before collect: 4310.234375 MiB (Increase: 0.0 MiB)
Memory usage after collect: 4310.234375 MiB (Increase: 0.0 MiB)
Memory usage before initialization: 4310.234375 MiB (Increase: 0.0 MiB)
Memory usage after initialization: 4310.234375 MiB (Increase: 0.0 MiB)
Current lengths of episodes: [47, 47, 47, 47, 46]
Memory usage at done (index 3, length 47, since_prev 47): 4310.234375 MiB (Increase: 0.0 MiB)
Memory usage before reset: 4310.234375 MiB (Increase: 0.0 MiB)
Memory usage after reset: 4310.234375 MiB (Increase: 0.0 MiB)
Current lengths of episodes: [106, 106, 105, 58, 105]
Memory usage at done (index 1, length 106, since_prev 59): 4310.234375 MiB (Increase: 0.0 MiB)
Memory usage before reset: 4310.234375 MiB (Increase: 0.0 MiB)
Memory usage after reset: 4310.234375 MiB (Increase: 0.0 MiB)
Current lengths of episodes: [210, 104, 209, 162, 209]
Memory usage at done (index 1, length 104, since_prev 104): 4310.234375 MiB (Increase: 0.0 MiB)
Memory usage before reset: 4310.234375 MiB (Increase: 0.0 MiB)
Memory usage after reset: 4310.234375 MiB (Increase: 0.0 MiB)
Current lengths of episodes: [1600, 1389, 1599, 1552, 1599]
Memory usage at done (index 0, length 1600, since_prev 1390): 4310.234375 MiB (Increase: 0.0 MiB)
Memory usage before reset: 4310.234375 MiB (Increase: 0.0 MiB)
Memory usage after reset: 4310.234375 MiB (Increase: 0.0 MiB)
Current lengths of episodes: [0, 1390, 1600, 1552, 1599]
Memory usage at done (index 2, length 1600, since_prev 0): 4310.234375 MiB (Increase: 0.0 MiB)
Memory usage before reset: 4310.234375 MiB (Increase: 0.0 MiB)
Memory usage after reset: 4310.234375 MiB (Increase: 0.0 MiB)
Training episode 745
Memory usage at middle: 4310.234375 MiB (Increase: 0.0 MiB)
Memory usage before collect: 4310.234375 MiB (Increase: 0.0 MiB)
Memory usage after collect: 4310.234375 MiB (Increase: 0.0 MiB)
Memory usage before initialization: 4310.234375 MiB (Increase: 0.0 MiB)
Memory usage after initialization: 4310.234375 MiB (Increase: 0.0 MiB)
Current lengths of episodes: [51, 51, 50, 50, 50]
Memory usage at done (index 1, length 51, since_prev 51): 4310.234375 MiB (Increase: 0.0 MiB)
Memory usage before reset: 4310.234375 MiB (Increase: 0.0 MiB)
Memory usage after reset: 4310.234375 MiB (Increase: 0.0 MiB)
Current lengths of episodes: [67, 16, 67, 67, 66]
Memory usage at done (index 3, length 67, since_prev 16): 4310.234375 MiB (Increase: 0.0 MiB)
Memory usage before reset: 4310.234375 MiB (Increase: 0.0 MiB)
Memory usage after reset: 4310.234375 MiB (Increase: 0.0 MiB)
Current lengths of episodes: [123, 72, 123, 56, 122]
Memory usage at done (index 3, length 56, since_prev 56): 4310.234375 MiB (Increase: 0.0 MiB)
Memory usage before reset: 4310.234375 MiB (Increase: 0.0 MiB)
Memory usage after reset: 4310.234375 MiB (Increase: 0.0 MiB)
Current lengths of episodes: [140, 89, 139, 16, 139]
Memory usage at done (index 1, length 89, since_prev 17): 4310.234375 MiB (Increase: 0.0 MiB)
Memory usage before reset: 4310.234375 MiB (Increase: 0.0 MiB)
Memory usage after reset: 4310.234375 MiB (Increase: 0.0 MiB)
Current lengths of episodes: [708, 568, 707, 584, 707]
Memory usage at done (index 1, length 568, since_prev 568): 4310.234375 MiB (Increase: 0.0 MiB)
Memory usage before reset: 4310.234375 MiB (Increase: 0.0 MiB)
Memory usage after reset: 4310.234375 MiB (Increase: 0.0 MiB)
Training episode 750
Memory usage at middle: 4310.234375 MiB (Increase: 0.0 MiB)
Memory usage before collect: 4310.234375 MiB (Increase: 0.0 MiB)
Memory usage after collect: 4310.234375 MiB (Increase: 0.0 MiB)
Episode 750	Average evaluation: -44.802119668499266
Memory usage before initialization: 4310.234375 MiB (Increase: 0.0 MiB)
Memory usage after initialization: 4310.234375 MiB (Increase: 0.0 MiB)
Current lengths of episodes: [70, 70, 70, 70, 70]
Memory usage at done (index 4, length 70, since_prev 70): 4310.234375 MiB (Increase: 0.0 MiB)
Memory usage before reset: 4310.234375 MiB (Increase: 0.0 MiB)
Memory usage after reset: 4310.234375 MiB (Increase: 0.0 MiB)
Current lengths of episodes: [74, 74, 74, 73, 3]
Memory usage at done (index 2, length 74, since_prev 4): 4310.234375 MiB (Increase: 0.0 MiB)
Memory usage before reset: 4310.234375 MiB (Increase: 0.0 MiB)
Memory usage after reset: 4310.234375 MiB (Increase: 0.0 MiB)
Current lengths of episodes: [219, 219, 145, 219, 149]
Memory usage at done (index 4, length 149, since_prev 145): 4310.234375 MiB (Increase: 0.0 MiB)
Memory usage before reset: 4310.234375 MiB (Increase: 0.0 MiB)
Memory usage after reset: 4310.234375 MiB (Increase: 0.0 MiB)
Current lengths of episodes: [316, 316, 242, 316, 97]
Memory usage at done (index 4, length 97, since_prev 97): 4310.234375 MiB (Increase: 0.0 MiB)
Memory usage before reset: 4310.234375 MiB (Increase: 0.0 MiB)
Memory usage after reset: 4310.234375 MiB (Increase: 0.0 MiB)
Current lengths of episodes: [1600, 1599, 1525, 1599, 1283]
Memory usage at done (index 0, length 1600, since_prev 1284): 4310.234375 MiB (Increase: 0.0 MiB)
Memory usage before reset: 4310.234375 MiB (Increase: 0.0 MiB)
Memory usage after reset: 4310.234375 MiB (Increase: 0.0 MiB)
Training episode 755
Memory usage at middle: 4310.234375 MiB (Increase: 0.0 MiB)
Memory usage before collect: 4310.234375 MiB (Increase: 0.0 MiB)
Memory usage after collect: 4310.234375 MiB (Increase: 0.0 MiB)
Memory usage before initialization: 4310.234375 MiB (Increase: 0.0 MiB)
Memory usage after initialization: 4310.234375 MiB (Increase: 0.0 MiB)
Current lengths of episodes: [64, 64, 64, 64, 63]
Memory usage at done (index 3, length 64, since_prev 64): 4310.234375 MiB (Increase: 0.0 MiB)
Memory usage before reset: 4310.234375 MiB (Increase: 0.0 MiB)
Memory usage after reset: 4310.234375 MiB (Increase: 0.0 MiB)
Current lengths of episodes: [107, 106, 106, 42, 106]
Memory usage at done (index 0, length 107, since_prev 43): 4310.234375 MiB (Increase: 0.0 MiB)
Memory usage before reset: 4310.234375 MiB (Increase: 0.0 MiB)
Memory usage after reset: 4310.234375 MiB (Increase: 0.0 MiB)
Current lengths of episodes: [1493, 1600, 1599, 1535, 1599]
Memory usage at done (index 1, length 1600, since_prev 1493): 4310.234375 MiB (Increase: 0.0 MiB)
Memory usage before reset: 4310.234375 MiB (Increase: 0.0 MiB)
Memory usage after reset: 4310.234375 MiB (Increase: 0.0 MiB)
Current lengths of episodes: [1493, 0, 1600, 1535, 1599]
Memory usage at done (index 2, length 1600, since_prev 0): 4310.234375 MiB (Increase: 0.0 MiB)
Memory usage before reset: 4310.234375 MiB (Increase: 0.0 MiB)
Memory usage after reset: 4310.234375 MiB (Increase: 0.0 MiB)
Current lengths of episodes: [1493, 0, 0, 1536, 1600]
Memory usage at done (index 4, length 1600, since_prev 0): 4310.234375 MiB (Increase: 0.0 MiB)
Memory usage before reset: 4310.234375 MiB (Increase: 0.0 MiB)
Memory usage after reset: 4310.234375 MiB (Increase: 0.0 MiB)
Training episode 760
Memory usage at middle: 4310.234375 MiB (Increase: 0.0 MiB)
Memory usage before collect: 4310.234375 MiB (Increase: 0.0 MiB)
Memory usage after collect: 4310.234375 MiB (Increase: 0.0 MiB)
Memory usage before initialization: 4310.234375 MiB (Increase: 0.0 MiB)
Memory usage after initialization: 4310.234375 MiB (Increase: 0.0 MiB)
Current lengths of episodes: [58, 58, 57, 57, 57]
Memory usage at done (index 1, length 58, since_prev 58): 4310.234375 MiB (Increase: 0.0 MiB)
Memory usage before reset: 4310.234375 MiB (Increase: 0.0 MiB)
Memory usage after reset: 4310.234375 MiB (Increase: 0.0 MiB)
Current lengths of episodes: [1600, 1541, 1599, 1599, 1599]
Memory usage at done (index 0, length 1600, since_prev 1542): 4310.234375 MiB (Increase: 0.0 MiB)
Memory usage before reset: 4310.234375 MiB (Increase: 0.0 MiB)
Memory usage after reset: 4310.234375 MiB (Increase: 0.0 MiB)
Current lengths of episodes: [0, 1542, 1600, 1599, 1599]
Memory usage at done (index 2, length 1600, since_prev 0): 4310.234375 MiB (Increase: 0.0 MiB)
Memory usage before reset: 4310.234375 MiB (Increase: 0.0 MiB)
Memory usage after reset: 4310.234375 MiB (Increase: 0.0 MiB)
Current lengths of episodes: [0, 1542, 0, 1600, 1599]
Memory usage at done (index 3, length 1600, since_prev 0): 4310.234375 MiB (Increase: 0.0 MiB)
Memory usage before reset: 4310.234375 MiB (Increase: 0.0 MiB)
Memory usage after reset: 4310.234375 MiB (Increase: 0.0 MiB)
Current lengths of episodes: [0, 1542, 0, 0, 1600]
Memory usage at done (index 4, length 1600, since_prev 0): 4310.234375 MiB (Increase: 0.0 MiB)
Memory usage before reset: 4310.234375 MiB (Increase: 0.0 MiB)
Memory usage after reset: 4310.234375 MiB (Increase: 0.0 MiB)
Training episode 765
Memory usage at middle: 4310.234375 MiB (Increase: 0.0 MiB)
Memory usage before collect: 4310.234375 MiB (Increase: 0.0 MiB)
Memory usage after collect: 4310.234375 MiB (Increase: 0.0 MiB)
Memory usage before initialization: 4310.234375 MiB (Increase: 0.0 MiB)
Memory usage after initialization: 4310.234375 MiB (Increase: 0.0 MiB)
Current lengths of episodes: [69, 69, 69, 69, 69]
Memory usage at done (index 4, length 69, since_prev 69): 4310.234375 MiB (Increase: 0.0 MiB)
Memory usage before reset: 4310.234375 MiB (Increase: 0.0 MiB)
Memory usage after reset: 4310.234375 MiB (Increase: 0.0 MiB)
Current lengths of episodes: [109, 108, 108, 108, 39]
Memory usage at done (index 0, length 109, since_prev 40): 4310.234375 MiB (Increase: 0.0 MiB)
Memory usage before reset: 4310.234375 MiB (Increase: 0.0 MiB)
Memory usage after reset: 4310.234375 MiB (Increase: 0.0 MiB)
Current lengths of episodes: [64, 173, 173, 173, 104]
Memory usage at done (index 4, length 104, since_prev 64): 4310.234375 MiB (Increase: 0.0 MiB)
Memory usage before reset: 4310.234375 MiB (Increase: 0.0 MiB)
Memory usage after reset: 4310.234375 MiB (Increase: 0.0 MiB)
Current lengths of episodes: [73, 181, 181, 181, 8]
Memory usage at done (index 0, length 73, since_prev 9): 4310.234375 MiB (Increase: 0.0 MiB)
Memory usage before reset: 4310.234375 MiB (Increase: 0.0 MiB)
Memory usage after reset: 4310.234375 MiB (Increase: 0.0 MiB)
Current lengths of episodes: [76, 257, 257, 257, 84]
Memory usage at done (index 0, length 76, since_prev 76): 4310.234375 MiB (Increase: 0.0 MiB)
Memory usage before reset: 4310.234375 MiB (Increase: 0.0 MiB)
Memory usage after reset: 4310.234375 MiB (Increase: 0.0 MiB)
Training episode 770
Memory usage at middle: 4310.234375 MiB (Increase: 0.0 MiB)
Memory usage before collect: 4310.234375 MiB (Increase: 0.0 MiB)
Memory usage after collect: 4310.234375 MiB (Increase: 0.0 MiB)
Memory usage before initialization: 4310.234375 MiB (Increase: 0.0 MiB)
Memory usage after initialization: 4310.234375 MiB (Increase: 0.0 MiB)
Current lengths of episodes: [97, 97, 96, 96, 96]
Memory usage at done (index 1, length 97, since_prev 97): 4310.234375 MiB (Increase: 0.0 MiB)
Memory usage before reset: 4310.234375 MiB (Increase: 0.0 MiB)
Memory usage after reset: 4310.234375 MiB (Increase: 0.0 MiB)
Current lengths of episodes: [105, 8, 105, 105, 105]
Memory usage at done (index 4, length 105, since_prev 8): 4310.234375 MiB (Increase: 0.0 MiB)
Memory usage before reset: 4310.234375 MiB (Increase: 0.0 MiB)
Memory usage after reset: 4310.234375 MiB (Increase: 0.0 MiB)
Current lengths of episodes: [184, 87, 184, 184, 79]
Memory usage at done (index 4, length 79, since_prev 79): 4310.234375 MiB (Increase: 0.0 MiB)
Memory usage before reset: 4310.234375 MiB (Increase: 0.0 MiB)
Memory usage after reset: 4310.234375 MiB (Increase: 0.0 MiB)
Current lengths of episodes: [1600, 1502, 1599, 1599, 1415]
Memory usage at done (index 0, length 1600, since_prev 1416): 4310.234375 MiB (Increase: 0.0 MiB)
Memory usage before reset: 4310.234375 MiB (Increase: 0.0 MiB)
Memory usage after reset: 4310.234375 MiB (Increase: 0.0 MiB)
Current lengths of episodes: [0, 1503, 1600, 1599, 1415]
Memory usage at done (index 2, length 1600, since_prev 0): 4310.234375 MiB (Increase: 0.0 MiB)
Memory usage before reset: 4310.234375 MiB (Increase: 0.0 MiB)
Memory usage after reset: 4310.234375 MiB (Increase: 0.0 MiB)
Training episode 775
Memory usage at middle: 4310.234375 MiB (Increase: 0.0 MiB)
Memory usage before collect: 4310.234375 MiB (Increase: 0.0 MiB)
Memory usage after collect: 4310.234375 MiB (Increase: 0.0 MiB)
Memory usage before initialization: 4310.234375 MiB (Increase: 0.0 MiB)
Memory usage after initialization: 4310.234375 MiB (Increase: 0.0 MiB)
Current lengths of episodes: [68, 68, 67, 67, 67]
Memory usage at done (index 1, length 68, since_prev 68): 4310.234375 MiB (Increase: 0.0 MiB)
Memory usage before reset: 4310.234375 MiB (Increase: 0.0 MiB)
Memory usage after reset: 4310.234375 MiB (Increase: 0.0 MiB)
Current lengths of episodes: [121, 53, 121, 121, 121]
Memory usage at done (index 4, length 121, since_prev 53): 4310.234375 MiB (Increase: 0.0 MiB)
Memory usage before reset: 4310.234375 MiB (Increase: 0.0 MiB)
Memory usage after reset: 4310.234375 MiB (Increase: 0.0 MiB)
Current lengths of episodes: [171, 103, 171, 171, 50]
Memory usage at done (index 4, length 50, since_prev 50): 4310.234375 MiB (Increase: 0.0 MiB)
Memory usage before reset: 4310.234375 MiB (Increase: 0.0 MiB)
Memory usage after reset: 4310.234375 MiB (Increase: 0.0 MiB)
Current lengths of episodes: [229, 161, 229, 229, 58]
Memory usage at done (index 4, length 58, since_prev 58): 4310.234375 MiB (Increase: 0.0 MiB)
Memory usage before reset: 4310.234375 MiB (Increase: 0.0 MiB)
Memory usage after reset: 4310.234375 MiB (Increase: 0.0 MiB)
Current lengths of episodes: [300, 232, 300, 300, 71]
Memory usage at done (index 4, length 71, since_prev 71): 4310.234375 MiB (Increase: 0.0 MiB)
Memory usage before reset: 4310.234375 MiB (Increase: 0.0 MiB)
Memory usage after reset: 4310.234375 MiB (Increase: 0.0 MiB)
Training episode 780
Memory usage at middle: 4310.234375 MiB (Increase: 0.0 MiB)
Memory usage before collect: 4310.234375 MiB (Increase: 0.0 MiB)
Memory usage after collect: 4310.234375 MiB (Increase: 0.0 MiB)
Memory usage before initialization: 4310.234375 MiB (Increase: 0.0 MiB)
Memory usage after initialization: 4310.234375 MiB (Increase: 0.0 MiB)
Current lengths of episodes: [99, 99, 99, 99, 99]
Memory usage at done (index 4, length 99, since_prev 99): 4310.234375 MiB (Increase: 0.0 MiB)
Memory usage before reset: 4310.234375 MiB (Increase: 0.0 MiB)
Memory usage after reset: 4310.234375 MiB (Increase: 0.0 MiB)
Current lengths of episodes: [106, 106, 105, 105, 6]
Memory usage at done (index 1, length 106, since_prev 7): 4310.234375 MiB (Increase: 0.0 MiB)
Memory usage before reset: 4310.234375 MiB (Increase: 0.0 MiB)
Memory usage after reset: 4310.234375 MiB (Increase: 0.0 MiB)
Current lengths of episodes: [1600, 1493, 1599, 1599, 1500]
Memory usage at done (index 0, length 1600, since_prev 1494): 4310.234375 MiB (Increase: 0.0 MiB)
Memory usage before reset: 4310.234375 MiB (Increase: 0.0 MiB)
Memory usage after reset: 4310.234375 MiB (Increase: 0.0 MiB)
Current lengths of episodes: [0, 1494, 1600, 1599, 1500]
Memory usage at done (index 2, length 1600, since_prev 0): 4310.234375 MiB (Increase: 0.0 MiB)
Memory usage before reset: 4310.234375 MiB (Increase: 0.0 MiB)
Memory usage after reset: 4310.234375 MiB (Increase: 0.0 MiB)
Current lengths of episodes: [0, 1494, 0, 1600, 1500]
Memory usage at done (index 3, length 1600, since_prev 0): 4310.234375 MiB (Increase: 0.0 MiB)
Memory usage before reset: 4310.234375 MiB (Increase: 0.0 MiB)
Memory usage after reset: 4310.234375 MiB (Increase: 0.0 MiB)
Training episode 785
Memory usage at middle: 4310.234375 MiB (Increase: 0.0 MiB)
Memory usage before collect: 4310.234375 MiB (Increase: 0.0 MiB)
Memory usage after collect: 4310.234375 MiB (Increase: 0.0 MiB)
Memory usage before initialization: 4310.234375 MiB (Increase: 0.0 MiB)
Memory usage after initialization: 4310.234375 MiB (Increase: 0.0 MiB)
Current lengths of episodes: [77, 77, 76, 76, 76]
Memory usage at done (index 1, length 77, since_prev 77): 4310.234375 MiB (Increase: 0.0 MiB)
Memory usage before reset: 4310.234375 MiB (Increase: 0.0 MiB)
Memory usage after reset: 4310.234375 MiB (Increase: 0.0 MiB)
Current lengths of episodes: [1160, 1083, 1160, 1160, 1159]
Memory usage at done (index 3, length 1160, since_prev 1083): 4310.234375 MiB (Increase: 0.0 MiB)
Memory usage before reset: 4310.234375 MiB (Increase: 0.0 MiB)
Memory usage after reset: 4310.234375 MiB (Increase: 0.0 MiB)
Current lengths of episodes: [1600, 1522, 1599, 439, 1599]
Memory usage at done (index 0, length 1600, since_prev 440): 4310.234375 MiB (Increase: 0.0 MiB)
Memory usage before reset: 4310.234375 MiB (Increase: 0.0 MiB)
Memory usage after reset: 4310.234375 MiB (Increase: 0.0 MiB)
Current lengths of episodes: [0, 1523, 1600, 439, 1599]
Memory usage at done (index 2, length 1600, since_prev 0): 4310.234375 MiB (Increase: 0.0 MiB)
Memory usage before reset: 4310.234375 MiB (Increase: 0.0 MiB)
Memory usage after reset: 4310.234375 MiB (Increase: 0.0 MiB)
Current lengths of episodes: [0, 1523, 0, 440, 1600]
Memory usage at done (index 4, length 1600, since_prev 0): 4310.234375 MiB (Increase: 0.0 MiB)
Memory usage before reset: 4310.234375 MiB (Increase: 0.0 MiB)
Memory usage after reset: 4310.234375 MiB (Increase: 0.0 MiB)
Training episode 790
Memory usage at middle: 4310.234375 MiB (Increase: 0.0 MiB)
Memory usage before collect: 4310.234375 MiB (Increase: 0.0 MiB)
Memory usage after collect: 4310.234375 MiB (Increase: 0.0 MiB)
Memory usage before initialization: 4310.234375 MiB (Increase: 0.0 MiB)
Memory usage after initialization: 4310.234375 MiB (Increase: 0.0 MiB)
Current lengths of episodes: [51, 51, 51, 50, 50]
Memory usage at done (index 2, length 51, since_prev 51): 4310.234375 MiB (Increase: 0.0 MiB)
Memory usage before reset: 4310.234375 MiB (Increase: 0.0 MiB)
Memory usage after reset: 4310.234375 MiB (Increase: 0.0 MiB)
Current lengths of episodes: [60, 60, 9, 60, 60]
Memory usage at done (index 4, length 60, since_prev 9): 4310.234375 MiB (Increase: 0.0 MiB)
Memory usage before reset: 4310.234375 MiB (Increase: 0.0 MiB)
Memory usage after reset: 4310.234375 MiB (Increase: 0.0 MiB)
Current lengths of episodes: [127, 127, 76, 126, 66]
Memory usage at done (index 2, length 76, since_prev 67): 4310.234375 MiB (Increase: 0.0 MiB)
Memory usage before reset: 4310.234375 MiB (Increase: 0.0 MiB)
Memory usage after reset: 4310.234375 MiB (Increase: 0.0 MiB)
Current lengths of episodes: [194, 194, 67, 193, 133]
Memory usage at done (index 2, length 67, since_prev 67): 4310.234375 MiB (Increase: 0.0 MiB)
Memory usage before reset: 4310.234375 MiB (Increase: 0.0 MiB)
Memory usage after reset: 4310.234375 MiB (Increase: 0.0 MiB)
Current lengths of episodes: [291, 291, 97, 290, 230]
Memory usage at done (index 2, length 97, since_prev 97): 4310.234375 MiB (Increase: 0.0 MiB)
Memory usage before reset: 4310.234375 MiB (Increase: 0.0 MiB)
Memory usage after reset: 4310.234375 MiB (Increase: 0.0 MiB)
Training episode 795
Memory usage at middle: 4310.234375 MiB (Increase: 0.0 MiB)
Memory usage before collect: 4310.234375 MiB (Increase: 0.0 MiB)
Memory usage after collect: 4310.234375 MiB (Increase: 0.0 MiB)
Memory usage before initialization: 4310.234375 MiB (Increase: 0.0 MiB)
Memory usage after initialization: 4310.234375 MiB (Increase: 0.0 MiB)
Current lengths of episodes: [1600, 1599, 1599, 1599, 1599]
Memory usage at done (index 0, length 1600, since_prev 1600): 4310.234375 MiB (Increase: 0.0 MiB)
Memory usage before reset: 4310.234375 MiB (Increase: 0.0 MiB)
Memory usage after reset: 4310.234375 MiB (Increase: 0.0 MiB)
Current lengths of episodes: [0, 1600, 1599, 1599, 1599]
Memory usage at done (index 1, length 1600, since_prev 0): 4310.234375 MiB (Increase: 0.0 MiB)
Memory usage before reset: 4310.234375 MiB (Increase: 0.0 MiB)
Memory usage after reset: 4310.234375 MiB (Increase: 0.0 MiB)
Current lengths of episodes: [0, 0, 1600, 1599, 1599]
Memory usage at done (index 2, length 1600, since_prev 0): 4310.234375 MiB (Increase: 0.0 MiB)
Memory usage before reset: 4310.234375 MiB (Increase: 0.0 MiB)
Memory usage after reset: 4310.234375 MiB (Increase: 0.0 MiB)
Current lengths of episodes: [0, 0, 0, 1600, 1599]
Memory usage at done (index 3, length 1600, since_prev 0): 4310.234375 MiB (Increase: 0.0 MiB)
Memory usage before reset: 4310.234375 MiB (Increase: 0.0 MiB)
Memory usage after reset: 4310.234375 MiB (Increase: 0.0 MiB)
Current lengths of episodes: [0, 0, 0, 0, 1600]
Memory usage at done (index 4, length 1600, since_prev 0): 4310.234375 MiB (Increase: 0.0 MiB)
Memory usage before reset: 4310.234375 MiB (Increase: 0.0 MiB)
Memory usage after reset: 4310.234375 MiB (Increase: 0.0 MiB)
Training episode 800
Memory usage at middle: 4310.234375 MiB (Increase: 0.0 MiB)
Memory usage before collect: 4310.234375 MiB (Increase: 0.0 MiB)
Memory usage after collect: 4310.234375 MiB (Increase: 0.0 MiB)
Episode 800	Average evaluation: -19.56060144216529
Memory usage before initialization: 4310.234375 MiB (Increase: 0.0 MiB)
Memory usage after initialization: 4310.234375 MiB (Increase: 0.0 MiB)
Current lengths of episodes: [36, 36, 35, 35, 35]
Memory usage at done (index 1, length 36, since_prev 36): 4310.234375 MiB (Increase: 0.0 MiB)
Memory usage before reset: 4310.234375 MiB (Increase: 0.0 MiB)
Memory usage after reset: 4310.234375 MiB (Increase: 0.0 MiB)
Current lengths of episodes: [72, 35, 71, 71, 71]
Memory usage at done (index 0, length 72, since_prev 36): 4310.234375 MiB (Increase: 0.0 MiB)
Memory usage before reset: 4310.234375 MiB (Increase: 0.0 MiB)
Memory usage after reset: 4310.234375 MiB (Increase: 0.0 MiB)
Current lengths of episodes: [18, 54, 90, 90, 90]
Memory usage at done (index 4, length 90, since_prev 18): 4310.234375 MiB (Increase: 0.0 MiB)
Memory usage before reset: 4310.234375 MiB (Increase: 0.0 MiB)
Memory usage after reset: 4310.234375 MiB (Increase: 0.0 MiB)
Current lengths of episodes: [44, 79, 115, 115, 25]
Memory usage at done (index 0, length 44, since_prev 26): 4310.234375 MiB (Increase: 0.0 MiB)
Memory usage before reset: 4310.234375 MiB (Increase: 0.0 MiB)
Memory usage after reset: 4310.234375 MiB (Increase: 0.0 MiB)
Current lengths of episodes: [133, 212, 248, 248, 158]
Memory usage at done (index 0, length 133, since_prev 133): 4310.234375 MiB (Increase: 0.0 MiB)
Memory usage before reset: 4310.234375 MiB (Increase: 0.0 MiB)
Memory usage after reset: 4310.234375 MiB (Increase: 0.0 MiB)
Training episode 805
Memory usage at middle: 4310.234375 MiB (Increase: 0.0 MiB)
Memory usage before collect: 4310.234375 MiB (Increase: 0.0 MiB)
Memory usage after collect: 4310.234375 MiB (Increase: 0.0 MiB)
Memory usage before initialization: 4310.234375 MiB (Increase: 0.0 MiB)
Memory usage after initialization: 4310.234375 MiB (Increase: 0.0 MiB)
Current lengths of episodes: [70, 70, 70, 70, 70]
Memory usage at done (index 4, length 70, since_prev 70): 4310.234375 MiB (Increase: 0.0 MiB)
Memory usage before reset: 4310.234375 MiB (Increase: 0.0 MiB)
Memory usage after reset: 4310.234375 MiB (Increase: 0.0 MiB)
Current lengths of episodes: [73, 72, 72, 72, 2]
Memory usage at done (index 0, length 73, since_prev 3): 4310.234375 MiB (Increase: 0.0 MiB)
Memory usage before reset: 4310.234375 MiB (Increase: 0.0 MiB)
Memory usage after reset: 4310.234375 MiB (Increase: 0.0 MiB)
Current lengths of episodes: [143, 215, 215, 215, 145]
Memory usage at done (index 0, length 143, since_prev 143): 4310.234375 MiB (Increase: 0.0 MiB)
Memory usage before reset: 4310.234375 MiB (Increase: 0.0 MiB)
Memory usage after reset: 4310.234375 MiB (Increase: 0.0 MiB)
Current lengths of episodes: [1384, 1600, 1599, 1599, 1529]
Memory usage at done (index 1, length 1600, since_prev 1384): 4310.234375 MiB (Increase: 0.0 MiB)
Memory usage before reset: 4310.234375 MiB (Increase: 0.0 MiB)
Memory usage after reset: 4310.234375 MiB (Increase: 0.0 MiB)
Current lengths of episodes: [1384, 0, 1600, 1599, 1529]
Memory usage at done (index 2, length 1600, since_prev 0): 4310.234375 MiB (Increase: 0.0 MiB)
Memory usage before reset: 4310.234375 MiB (Increase: 0.0 MiB)
Memory usage after reset: 4310.234375 MiB (Increase: 0.0 MiB)
Training episode 810
Memory usage at middle: 4310.234375 MiB (Increase: 0.0 MiB)
Memory usage before collect: 4310.234375 MiB (Increase: 0.0 MiB)
Memory usage after collect: 4310.234375 MiB (Increase: 0.0 MiB)
Memory usage before initialization: 4310.234375 MiB (Increase: 0.0 MiB)
Memory usage after initialization: 4310.234375 MiB (Increase: 0.0 MiB)
Current lengths of episodes: [79, 79, 78, 78, 78]
Memory usage at done (index 1, length 79, since_prev 79): 4310.234375 MiB (Increase: 0.0 MiB)
Memory usage before reset: 4310.234375 MiB (Increase: 0.0 MiB)
Memory usage after reset: 4310.234375 MiB (Increase: 0.0 MiB)
Current lengths of episodes: [158, 79, 157, 157, 157]
Memory usage at done (index 1, length 79, since_prev 79): 4310.234375 MiB (Increase: 0.0 MiB)
Memory usage before reset: 4310.234375 MiB (Increase: 0.0 MiB)
Memory usage after reset: 4310.234375 MiB (Increase: 0.0 MiB)
Current lengths of episodes: [225, 67, 224, 224, 224]
Memory usage at done (index 1, length 67, since_prev 67): 4310.234375 MiB (Increase: 0.0 MiB)
Memory usage before reset: 4310.234375 MiB (Increase: 0.0 MiB)
Memory usage after reset: 4310.234375 MiB (Increase: 0.0 MiB)
Current lengths of episodes: [1521, 1296, 1521, 1521, 1521]
Memory usage at done (index 4, length 1521, since_prev 1296): 4310.234375 MiB (Increase: 0.0 MiB)
Memory usage before reset: 4310.234375 MiB (Increase: 0.0 MiB)
Memory usage after reset: 4310.234375 MiB (Increase: 0.0 MiB)
Current lengths of episodes: [1600, 1374, 1599, 1599, 78]
Memory usage at done (index 0, length 1600, since_prev 79): 4310.234375 MiB (Increase: 0.0 MiB)
Memory usage before reset: 4310.234375 MiB (Increase: 0.0 MiB)
Memory usage after reset: 4310.234375 MiB (Increase: 0.0 MiB)
Training episode 815
Memory usage at middle: 4310.234375 MiB (Increase: 0.0 MiB)
Memory usage before collect: 4310.234375 MiB (Increase: 0.0 MiB)
Memory usage after collect: 4310.234375 MiB (Increase: 0.0 MiB)
Memory usage before initialization: 4310.234375 MiB (Increase: 0.0 MiB)
Memory usage after initialization: 4310.234375 MiB (Increase: 0.0 MiB)
Current lengths of episodes: [62, 61, 61, 61, 61]
Memory usage at done (index 0, length 62, since_prev 62): 4310.234375 MiB (Increase: 0.0 MiB)
Memory usage before reset: 4310.234375 MiB (Increase: 0.0 MiB)
Memory usage after reset: 4310.234375 MiB (Increase: 0.0 MiB)
Current lengths of episodes: [8, 70, 70, 69, 69]
Memory usage at done (index 2, length 70, since_prev 8): 4310.234375 MiB (Increase: 0.0 MiB)
Memory usage before reset: 4310.234375 MiB (Increase: 0.0 MiB)
Memory usage after reset: 4310.234375 MiB (Increase: 0.0 MiB)
Current lengths of episodes: [40, 102, 32, 102, 102]
Memory usage at done (index 4, length 102, since_prev 32): 4310.234375 MiB (Increase: 0.0 MiB)
Memory usage before reset: 4310.234375 MiB (Increase: 0.0 MiB)
Memory usage after reset: 4310.234375 MiB (Increase: 0.0 MiB)
Current lengths of episodes: [80, 142, 72, 141, 39]
Memory usage at done (index 2, length 72, since_prev 40): 4310.234375 MiB (Increase: 0.0 MiB)
Memory usage before reset: 4310.234375 MiB (Increase: 0.0 MiB)
Memory usage after reset: 4310.234375 MiB (Increase: 0.0 MiB)
Current lengths of episodes: [160, 222, 80, 221, 119]
Memory usage at done (index 2, length 80, since_prev 80): 4310.234375 MiB (Increase: 0.0 MiB)
Memory usage before reset: 4310.234375 MiB (Increase: 0.0 MiB)
Memory usage after reset: 4310.234375 MiB (Increase: 0.0 MiB)
Training episode 820
Memory usage at middle: 4310.234375 MiB (Increase: 0.0 MiB)
Memory usage before collect: 4310.234375 MiB (Increase: 0.0 MiB)
Memory usage after collect: 4310.234375 MiB (Increase: 0.0 MiB)
Memory usage before initialization: 4310.234375 MiB (Increase: 0.0 MiB)
Memory usage after initialization: 4310.234375 MiB (Increase: 0.0 MiB)
Current lengths of episodes: [67, 67, 67, 67, 67]
Memory usage at done (index 4, length 67, since_prev 67): 4310.234375 MiB (Increase: 0.0 MiB)
Memory usage before reset: 4310.234375 MiB (Increase: 0.0 MiB)
Memory usage after reset: 4310.234375 MiB (Increase: 0.0 MiB)
Current lengths of episodes: [1600, 1599, 1599, 1599, 1532]
Memory usage at done (index 0, length 1600, since_prev 1533): 4310.234375 MiB (Increase: 0.0 MiB)
Memory usage before reset: 4310.234375 MiB (Increase: 0.0 MiB)
Memory usage after reset: 4310.234375 MiB (Increase: 0.0 MiB)
Current lengths of episodes: [0, 1600, 1599, 1599, 1532]
Memory usage at done (index 1, length 1600, since_prev 0): 4310.234375 MiB (Increase: 0.0 MiB)
Memory usage before reset: 4310.234375 MiB (Increase: 0.0 MiB)
Memory usage after reset: 4310.234375 MiB (Increase: 0.0 MiB)
Current lengths of episodes: [0, 0, 1600, 1599, 1532]
Memory usage at done (index 2, length 1600, since_prev 0): 4310.234375 MiB (Increase: 0.0 MiB)
Memory usage before reset: 4310.234375 MiB (Increase: 0.0 MiB)
Memory usage after reset: 4310.234375 MiB (Increase: 0.0 MiB)
Current lengths of episodes: [0, 0, 0, 1600, 1532]
Memory usage at done (index 3, length 1600, since_prev 0): 4310.234375 MiB (Increase: 0.0 MiB)
Memory usage before reset: 4310.234375 MiB (Increase: 0.0 MiB)
Memory usage after reset: 4310.234375 MiB (Increase: 0.0 MiB)
Training episode 825
Memory usage at middle: 4310.234375 MiB (Increase: 0.0 MiB)
Memory usage before collect: 4310.234375 MiB (Increase: 0.0 MiB)
Memory usage after collect: 4310.234375 MiB (Increase: 0.0 MiB)
Memory usage before initialization: 4310.234375 MiB (Increase: 0.0 MiB)
Memory usage after initialization: 4310.234375 MiB (Increase: 0.0 MiB)
Current lengths of episodes: [43, 42, 42, 42, 42]
Memory usage at done (index 0, length 43, since_prev 43): 4310.234375 MiB (Increase: 0.0 MiB)
Memory usage before reset: 4310.234375 MiB (Increase: 0.0 MiB)
Memory usage after reset: 4310.234375 MiB (Increase: 0.0 MiB)
Current lengths of episodes: [39, 82, 81, 81, 81]
Memory usage at done (index 1, length 82, since_prev 39): 4310.234375 MiB (Increase: 0.0 MiB)
Memory usage before reset: 4310.234375 MiB (Increase: 0.0 MiB)
Memory usage after reset: 4310.234375 MiB (Increase: 0.0 MiB)
Current lengths of episodes: [72, 32, 114, 114, 114]
Memory usage at done (index 0, length 72, since_prev 33): 4310.234375 MiB (Increase: 0.0 MiB)
Memory usage before reset: 4310.234375 MiB (Increase: 0.0 MiB)
Memory usage after reset: 4310.234375 MiB (Increase: 0.0 MiB)
Current lengths of episodes: [1485, 1518, 1600, 1599, 1599]
Memory usage at done (index 2, length 1600, since_prev 1485): 4310.234375 MiB (Increase: 0.0 MiB)
Memory usage before reset: 4310.234375 MiB (Increase: 0.0 MiB)
Memory usage after reset: 4310.234375 MiB (Increase: 0.0 MiB)
Current lengths of episodes: [1485, 1518, 0, 1600, 1599]
Memory usage at done (index 3, length 1600, since_prev 0): 4310.234375 MiB (Increase: 0.0 MiB)
Memory usage before reset: 4310.234375 MiB (Increase: 0.0 MiB)
Memory usage after reset: 4310.234375 MiB (Increase: 0.0 MiB)
Training episode 830
Memory usage at middle: 4310.234375 MiB (Increase: 0.0 MiB)
Memory usage before collect: 4310.234375 MiB (Increase: 0.0 MiB)
Memory usage after collect: 4310.234375 MiB (Increase: 0.0 MiB)
Memory usage before initialization: 4310.234375 MiB (Increase: 0.0 MiB)
Memory usage after initialization: 4310.234375 MiB (Increase: 0.0 MiB)
Current lengths of episodes: [48, 48, 48, 48, 48]
Memory usage at done (index 4, length 48, since_prev 48): 4310.234375 MiB (Increase: 0.0 MiB)
Memory usage before reset: 4310.234375 MiB (Increase: 0.0 MiB)
Memory usage after reset: 4310.234375 MiB (Increase: 0.0 MiB)
Current lengths of episodes: [103, 103, 102, 102, 54]
Memory usage at done (index 1, length 103, since_prev 55): 4310.234375 MiB (Increase: 0.0 MiB)
Memory usage before reset: 4310.234375 MiB (Increase: 0.0 MiB)
Memory usage after reset: 4310.234375 MiB (Increase: 0.0 MiB)
Current lengths of episodes: [1600, 1496, 1599, 1599, 1551]
Memory usage at done (index 0, length 1600, since_prev 1497): 4310.234375 MiB (Increase: 0.0 MiB)
Memory usage before reset: 4310.234375 MiB (Increase: 0.0 MiB)
Memory usage after reset: 4310.234375 MiB (Increase: 0.0 MiB)
Current lengths of episodes: [0, 1497, 1600, 1599, 1551]
Memory usage at done (index 2, length 1600, since_prev 0): 4310.234375 MiB (Increase: 0.0 MiB)
Memory usage before reset: 4310.234375 MiB (Increase: 0.0 MiB)
Memory usage after reset: 4310.234375 MiB (Increase: 0.0 MiB)
Current lengths of episodes: [0, 1497, 0, 1600, 1551]
Memory usage at done (index 3, length 1600, since_prev 0): 4310.234375 MiB (Increase: 0.0 MiB)
Memory usage before reset: 4310.234375 MiB (Increase: 0.0 MiB)
Memory usage after reset: 4310.234375 MiB (Increase: 0.0 MiB)
Training episode 835
Memory usage at middle: 4310.234375 MiB (Increase: 0.0 MiB)
Memory usage before collect: 4310.234375 MiB (Increase: 0.0 MiB)
Memory usage after collect: 4310.234375 MiB (Increase: 0.0 MiB)
Memory usage before initialization: 4310.234375 MiB (Increase: 0.0 MiB)
Memory usage after initialization: 4310.234375 MiB (Increase: 0.0 MiB)
Current lengths of episodes: [44, 44, 44, 43, 43]
Memory usage at done (index 2, length 44, since_prev 44): 4310.234375 MiB (Increase: 0.0 MiB)
Memory usage before reset: 4310.234375 MiB (Increase: 0.0 MiB)
Memory usage after reset: 4310.234375 MiB (Increase: 0.0 MiB)
Current lengths of episodes: [1600, 1599, 1555, 1599, 1599]
Memory usage at done (index 0, length 1600, since_prev 1556): 4310.234375 MiB (Increase: 0.0 MiB)
Memory usage before reset: 4310.234375 MiB (Increase: 0.0 MiB)
Memory usage after reset: 4310.234375 MiB (Increase: 0.0 MiB)
Current lengths of episodes: [0, 1600, 1555, 1599, 1599]
Memory usage at done (index 1, length 1600, since_prev 0): 4310.234375 MiB (Increase: 0.0 MiB)
Memory usage before reset: 4310.234375 MiB (Increase: 0.0 MiB)
Memory usage after reset: 4310.234375 MiB (Increase: 0.0 MiB)
Current lengths of episodes: [0, 0, 1556, 1600, 1599]
Memory usage at done (index 3, length 1600, since_prev 0): 4310.234375 MiB (Increase: 0.0 MiB)
Memory usage before reset: 4310.234375 MiB (Increase: 0.0 MiB)
Memory usage after reset: 4310.234375 MiB (Increase: 0.0 MiB)
Current lengths of episodes: [0, 0, 1556, 0, 1600]
Memory usage at done (index 4, length 1600, since_prev 0): 4310.234375 MiB (Increase: 0.0 MiB)
Memory usage before reset: 4310.234375 MiB (Increase: 0.0 MiB)
Memory usage after reset: 4310.234375 MiB (Increase: 0.0 MiB)
Training episode 840
Memory usage at middle: 4310.234375 MiB (Increase: 0.0 MiB)
Memory usage before collect: 4310.234375 MiB (Increase: 0.0 MiB)
Memory usage after collect: 4310.234375 MiB (Increase: 0.0 MiB)
Memory usage before initialization: 4310.234375 MiB (Increase: 0.0 MiB)
Memory usage after initialization: 4310.234375 MiB (Increase: 0.0 MiB)
Current lengths of episodes: [71, 71, 70, 70, 70]
Memory usage at done (index 1, length 71, since_prev 71): 4310.234375 MiB (Increase: 0.0 MiB)
Memory usage before reset: 4310.234375 MiB (Increase: 0.0 MiB)
Memory usage after reset: 4310.234375 MiB (Increase: 0.0 MiB)
Current lengths of episodes: [78, 7, 78, 77, 77]
Memory usage at done (index 2, length 78, since_prev 7): 4310.234375 MiB (Increase: 0.0 MiB)
Memory usage before reset: 4310.234375 MiB (Increase: 0.0 MiB)
Memory usage after reset: 4310.234375 MiB (Increase: 0.0 MiB)
Current lengths of episodes: [133, 62, 54, 132, 132]
Memory usage at done (index 1, length 62, since_prev 55): 4310.234375 MiB (Increase: 0.0 MiB)
Memory usage before reset: 4310.234375 MiB (Increase: 0.0 MiB)
Memory usage after reset: 4310.234375 MiB (Increase: 0.0 MiB)
Current lengths of episodes: [223, 90, 144, 222, 222]
Memory usage at done (index 1, length 90, since_prev 90): 4310.234375 MiB (Increase: 0.0 MiB)
Memory usage before reset: 4310.234375 MiB (Increase: 0.0 MiB)
Memory usage after reset: 4310.234375 MiB (Increase: 0.0 MiB)
Current lengths of episodes: [311, 88, 232, 310, 310]
Memory usage at done (index 1, length 88, since_prev 88): 4310.234375 MiB (Increase: 0.0 MiB)
Memory usage before reset: 4310.234375 MiB (Increase: 0.0 MiB)
Memory usage after reset: 4310.234375 MiB (Increase: 0.0 MiB)
Training episode 845
Memory usage at middle: 4310.234375 MiB (Increase: 0.0 MiB)
Memory usage before collect: 4310.234375 MiB (Increase: 0.0 MiB)
Memory usage after collect: 4310.234375 MiB (Increase: 0.0 MiB)
Memory usage before initialization: 4310.234375 MiB (Increase: 0.0 MiB)
Memory usage after initialization: 4310.234375 MiB (Increase: 0.0 MiB)
Current lengths of episodes: [54, 54, 54, 53, 53]
Memory usage at done (index 2, length 54, since_prev 54): 4310.234375 MiB (Increase: 0.0 MiB)
Memory usage before reset: 4310.234375 MiB (Increase: 0.0 MiB)
Memory usage after reset: 4310.234375 MiB (Increase: 0.0 MiB)
Current lengths of episodes: [88, 87, 33, 87, 87]
Memory usage at done (index 0, length 88, since_prev 34): 4310.234375 MiB (Increase: 0.0 MiB)
Memory usage before reset: 4310.234375 MiB (Increase: 0.0 MiB)
Memory usage after reset: 4310.234375 MiB (Increase: 0.0 MiB)
Current lengths of episodes: [1512, 1600, 1545, 1599, 1599]
Memory usage at done (index 1, length 1600, since_prev 1512): 4310.234375 MiB (Increase: 0.0 MiB)
Memory usage before reset: 4310.234375 MiB (Increase: 0.0 MiB)
Memory usage after reset: 4310.234375 MiB (Increase: 0.0 MiB)
Current lengths of episodes: [1512, 0, 1546, 1600, 1599]
Memory usage at done (index 3, length 1600, since_prev 0): 4310.234375 MiB (Increase: 0.0 MiB)
Memory usage before reset: 4310.234375 MiB (Increase: 0.0 MiB)
Memory usage after reset: 4310.234375 MiB (Increase: 0.0 MiB)
Current lengths of episodes: [1512, 0, 1546, 0, 1600]
Memory usage at done (index 4, length 1600, since_prev 0): 4310.234375 MiB (Increase: 0.0 MiB)
Memory usage before reset: 4310.234375 MiB (Increase: 0.0 MiB)
Memory usage after reset: 4310.234375 MiB (Increase: 0.0 MiB)
Training episode 850
Memory usage at middle: 4310.234375 MiB (Increase: 0.0 MiB)
Memory usage before collect: 4310.234375 MiB (Increase: 0.0 MiB)
Memory usage after collect: 4310.234375 MiB (Increase: 0.0 MiB)
Episode 850	Average evaluation: -29.6357847873709
Memory usage before initialization: 4310.234375 MiB (Increase: 0.0 MiB)
Memory usage after initialization: 4310.234375 MiB (Increase: 0.0 MiB)
Current lengths of episodes: [60, 59, 59, 59, 59]
Memory usage at done (index 0, length 60, since_prev 60): 4310.234375 MiB (Increase: 0.0 MiB)
Memory usage before reset: 4310.234375 MiB (Increase: 0.0 MiB)
Memory usage after reset: 4310.234375 MiB (Increase: 0.0 MiB)
Current lengths of episodes: [4, 64, 64, 63, 63]
Memory usage at done (index 2, length 64, since_prev 4): 4310.234375 MiB (Increase: 0.0 MiB)
Memory usage before reset: 4310.234375 MiB (Increase: 0.0 MiB)
Memory usage after reset: 4310.234375 MiB (Increase: 0.0 MiB)
Current lengths of episodes: [70, 129, 65, 129, 129]
Memory usage at done (index 0, length 70, since_prev 66): 4310.234375 MiB (Increase: 0.0 MiB)
Memory usage before reset: 4310.234375 MiB (Increase: 0.0 MiB)
Memory usage after reset: 4310.234375 MiB (Increase: 0.0 MiB)
Current lengths of episodes: [1470, 1600, 1535, 1599, 1599]
Memory usage at done (index 1, length 1600, since_prev 1470): 4310.234375 MiB (Increase: 0.0 MiB)
Memory usage before reset: 4310.234375 MiB (Increase: 0.0 MiB)
Memory usage after reset: 4310.234375 MiB (Increase: 0.0 MiB)
Current lengths of episodes: [1470, 0, 1536, 1600, 1599]
Memory usage at done (index 3, length 1600, since_prev 0): 4310.234375 MiB (Increase: 0.0 MiB)
Memory usage before reset: 4310.234375 MiB (Increase: 0.0 MiB)
Memory usage after reset: 4310.234375 MiB (Increase: 0.0 MiB)
Training episode 855
Memory usage at middle: 4310.234375 MiB (Increase: 0.0 MiB)
Memory usage before collect: 4310.234375 MiB (Increase: 0.0 MiB)
Memory usage after collect: 4310.234375 MiB (Increase: 0.0 MiB)
Memory usage before initialization: 4310.234375 MiB (Increase: 0.0 MiB)
Memory usage after initialization: 4310.234375 MiB (Increase: 0.0 MiB)
Current lengths of episodes: [95, 95, 94, 94, 94]
Memory usage at done (index 1, length 95, since_prev 95): 4310.234375 MiB (Increase: 0.0 MiB)
Memory usage before reset: 4310.234375 MiB (Increase: 0.0 MiB)
Memory usage after reset: 4310.234375 MiB (Increase: 0.0 MiB)
Current lengths of episodes: [1600, 1504, 1599, 1599, 1599]
Memory usage at done (index 0, length 1600, since_prev 1505): 4310.234375 MiB (Increase: 0.0 MiB)
Memory usage before reset: 4310.234375 MiB (Increase: 0.0 MiB)
Memory usage after reset: 4310.234375 MiB (Increase: 0.0 MiB)
Current lengths of episodes: [0, 1505, 1600, 1599, 1599]
Memory usage at done (index 2, length 1600, since_prev 0): 4310.234375 MiB (Increase: 0.0 MiB)
Memory usage before reset: 4310.234375 MiB (Increase: 0.0 MiB)
Memory usage after reset: 4310.234375 MiB (Increase: 0.0 MiB)
Current lengths of episodes: [0, 1505, 0, 1600, 1599]
Memory usage at done (index 3, length 1600, since_prev 0): 4310.234375 MiB (Increase: 0.0 MiB)
Memory usage before reset: 4310.234375 MiB (Increase: 0.0 MiB)
Memory usage after reset: 4310.234375 MiB (Increase: 0.0 MiB)
Current lengths of episodes: [0, 1505, 0, 0, 1600]
Memory usage at done (index 4, length 1600, since_prev 0): 4310.234375 MiB (Increase: 0.0 MiB)
Memory usage before reset: 4310.234375 MiB (Increase: 0.0 MiB)
Memory usage after reset: 4310.234375 MiB (Increase: 0.0 MiB)
Training episode 860
Memory usage at middle: 4310.234375 MiB (Increase: 0.0 MiB)
Memory usage before collect: 4310.234375 MiB (Increase: 0.0 MiB)
Memory usage after collect: 4310.234375 MiB (Increase: 0.0 MiB)
Memory usage before initialization: 4310.234375 MiB (Increase: 0.0 MiB)
Memory usage after initialization: 4310.234375 MiB (Increase: 0.0 MiB)
Current lengths of episodes: [58, 58, 58, 57, 57]
Memory usage at done (index 2, length 58, since_prev 58): 4310.234375 MiB (Increase: 0.0 MiB)
Memory usage before reset: 4310.234375 MiB (Increase: 0.0 MiB)
Memory usage after reset: 4310.234375 MiB (Increase: 0.0 MiB)
Current lengths of episodes: [1600, 1599, 1541, 1599, 1599]
Memory usage at done (index 0, length 1600, since_prev 1542): 4310.234375 MiB (Increase: 0.0 MiB)
Memory usage before reset: 4310.234375 MiB (Increase: 0.0 MiB)
Memory usage after reset: 4310.234375 MiB (Increase: 0.0 MiB)
Current lengths of episodes: [0, 1600, 1541, 1599, 1599]
Memory usage at done (index 1, length 1600, since_prev 0): 4310.234375 MiB (Increase: 0.0 MiB)
Memory usage before reset: 4310.234375 MiB (Increase: 0.0 MiB)
Memory usage after reset: 4310.234375 MiB (Increase: 0.0 MiB)
Current lengths of episodes: [0, 0, 1542, 1600, 1599]
Memory usage at done (index 3, length 1600, since_prev 0): 4310.234375 MiB (Increase: 0.0 MiB)
Memory usage before reset: 4310.234375 MiB (Increase: 0.0 MiB)
Memory usage after reset: 4310.234375 MiB (Increase: 0.0 MiB)
Current lengths of episodes: [0, 0, 1542, 0, 1600]
Memory usage at done (index 4, length 1600, since_prev 0): 4310.234375 MiB (Increase: 0.0 MiB)
Memory usage before reset: 4310.234375 MiB (Increase: 0.0 MiB)
Memory usage after reset: 4310.234375 MiB (Increase: 0.0 MiB)
Training episode 865
Memory usage at middle: 4310.234375 MiB (Increase: 0.0 MiB)
Memory usage before collect: 4310.234375 MiB (Increase: 0.0 MiB)
Memory usage after collect: 4310.234375 MiB (Increase: 0.0 MiB)
Memory usage before initialization: 4310.234375 MiB (Increase: 0.0 MiB)
Memory usage after initialization: 4310.234375 MiB (Increase: 0.0 MiB)
Current lengths of episodes: [106, 105, 105, 105, 105]
Memory usage at done (index 0, length 106, since_prev 106): 4310.234375 MiB (Increase: 0.0 MiB)
Memory usage before reset: 4310.234375 MiB (Increase: 0.0 MiB)
Memory usage after reset: 4310.234375 MiB (Increase: 0.0 MiB)
Current lengths of episodes: [4, 110, 110, 110, 110]
Memory usage at done (index 4, length 110, since_prev 4): 4310.234375 MiB (Increase: 0.0 MiB)
Memory usage before reset: 4310.234375 MiB (Increase: 0.0 MiB)
Memory usage after reset: 4310.234375 MiB (Increase: 0.0 MiB)
Current lengths of episodes: [1494, 1600, 1599, 1599, 1489]
Memory usage at done (index 1, length 1600, since_prev 1490): 4310.234375 MiB (Increase: 0.0 MiB)
Memory usage before reset: 4310.234375 MiB (Increase: 0.0 MiB)
Memory usage after reset: 4310.234375 MiB (Increase: 0.0 MiB)
Current lengths of episodes: [1494, 0, 1600, 1599, 1489]
Memory usage at done (index 2, length 1600, since_prev 0): 4310.234375 MiB (Increase: 0.0 MiB)
Memory usage before reset: 4310.234375 MiB (Increase: 0.0 MiB)
Memory usage after reset: 4310.234375 MiB (Increase: 0.0 MiB)
Current lengths of episodes: [1494, 0, 0, 1600, 1489]
Memory usage at done (index 3, length 1600, since_prev 0): 4310.234375 MiB (Increase: 0.0 MiB)
Memory usage before reset: 4310.234375 MiB (Increase: 0.0 MiB)
Memory usage after reset: 4310.234375 MiB (Increase: 0.0 MiB)
Training episode 870
Memory usage at middle: 4310.234375 MiB (Increase: 0.0 MiB)
Memory usage before collect: 4310.234375 MiB (Increase: 0.0 MiB)
Memory usage after collect: 4310.234375 MiB (Increase: 0.0 MiB)
Memory usage before initialization: 4310.234375 MiB (Increase: 0.0 MiB)
Memory usage after initialization: 4310.234375 MiB (Increase: 0.0 MiB)
Current lengths of episodes: [88, 88, 87, 87, 87]
Memory usage at done (index 1, length 88, since_prev 88): 4310.234375 MiB (Increase: 0.0 MiB)
Memory usage before reset: 4310.234375 MiB (Increase: 0.0 MiB)
Memory usage after reset: 4310.234375 MiB (Increase: 0.0 MiB)
Current lengths of episodes: [293, 205, 293, 293, 293]
Memory usage at done (index 4, length 293, since_prev 205): 4310.234375 MiB (Increase: 0.0 MiB)
Memory usage before reset: 4310.234375 MiB (Increase: 0.0 MiB)
Memory usage after reset: 4310.234375 MiB (Increase: 0.0 MiB)
Current lengths of episodes: [1600, 1511, 1599, 1599, 1306]
Memory usage at done (index 0, length 1600, since_prev 1307): 4310.234375 MiB (Increase: 0.0 MiB)
Memory usage before reset: 4310.234375 MiB (Increase: 0.0 MiB)
Memory usage after reset: 4310.234375 MiB (Increase: 0.0 MiB)
Current lengths of episodes: [0, 1512, 1600, 1599, 1306]
Memory usage at done (index 2, length 1600, since_prev 0): 4310.234375 MiB (Increase: 0.0 MiB)
Memory usage before reset: 4310.234375 MiB (Increase: 0.0 MiB)
Memory usage after reset: 4310.234375 MiB (Increase: 0.0 MiB)
Current lengths of episodes: [0, 1512, 0, 1600, 1306]
Memory usage at done (index 3, length 1600, since_prev 0): 4310.234375 MiB (Increase: 0.0 MiB)
Memory usage before reset: 4310.234375 MiB (Increase: 0.0 MiB)
Memory usage after reset: 4310.234375 MiB (Increase: 0.0 MiB)
Training episode 875
Memory usage at middle: 4310.234375 MiB (Increase: 0.0 MiB)
Memory usage before collect: 4310.234375 MiB (Increase: 0.0 MiB)
Memory usage after collect: 4310.234375 MiB (Increase: 0.0 MiB)
Memory usage before initialization: 4310.234375 MiB (Increase: 0.0 MiB)
Memory usage after initialization: 4310.234375 MiB (Increase: 0.0 MiB)
Current lengths of episodes: [48, 48, 48, 48, 48]
Memory usage at done (index 4, length 48, since_prev 48): 4310.234375 MiB (Increase: 0.0 MiB)
Memory usage before reset: 4310.234375 MiB (Increase: 0.0 MiB)
Memory usage after reset: 4310.234375 MiB (Increase: 0.0 MiB)
Current lengths of episodes: [62, 62, 61, 61, 13]
Memory usage at done (index 1, length 62, since_prev 14): 4310.234375 MiB (Increase: 0.0 MiB)
Memory usage before reset: 4310.234375 MiB (Increase: 0.0 MiB)
Memory usage after reset: 4310.234375 MiB (Increase: 0.0 MiB)
Current lengths of episodes: [73, 10, 72, 72, 24]
Memory usage at done (index 0, length 73, since_prev 11): 4310.234375 MiB (Increase: 0.0 MiB)
Memory usage before reset: 4310.234375 MiB (Increase: 0.0 MiB)
Memory usage after reset: 4310.234375 MiB (Increase: 0.0 MiB)
Current lengths of episodes: [42, 53, 115, 115, 67]
Memory usage at done (index 4, length 67, since_prev 42): 4310.234375 MiB (Increase: 0.0 MiB)
Memory usage before reset: 4310.234375 MiB (Increase: 0.0 MiB)
Memory usage after reset: 4310.234375 MiB (Increase: 0.0 MiB)
Current lengths of episodes: [55, 66, 127, 127, 12]
Memory usage at done (index 1, length 66, since_prev 13): 4310.234375 MiB (Increase: 0.0 MiB)
Memory usage before reset: 4310.234375 MiB (Increase: 0.0 MiB)
Memory usage after reset: 4310.234375 MiB (Increase: 0.0 MiB)
Training episode 880
Memory usage at middle: 4310.234375 MiB (Increase: 0.0 MiB)
Memory usage before collect: 4310.234375 MiB (Increase: 0.0 MiB)
Memory usage after collect: 4310.234375 MiB (Increase: 0.0 MiB)
Memory usage before initialization: 4310.234375 MiB (Increase: 0.0 MiB)
Memory usage after initialization: 4310.234375 MiB (Increase: 0.0 MiB)
Current lengths of episodes: [43, 43, 43, 43, 42]
Memory usage at done (index 3, length 43, since_prev 43): 4310.234375 MiB (Increase: 0.0 MiB)
Memory usage before reset: 4310.234375 MiB (Increase: 0.0 MiB)
Memory usage after reset: 4310.234375 MiB (Increase: 0.0 MiB)
Current lengths of episodes: [70, 69, 69, 26, 69]
Memory usage at done (index 0, length 70, since_prev 27): 4310.234375 MiB (Increase: 0.0 MiB)
Memory usage before reset: 4310.234375 MiB (Increase: 0.0 MiB)
Memory usage after reset: 4310.234375 MiB (Increase: 0.0 MiB)
Current lengths of episodes: [5, 75, 75, 32, 75]
Memory usage at done (index 4, length 75, since_prev 5): 4310.234375 MiB (Increase: 0.0 MiB)
Memory usage before reset: 4310.234375 MiB (Increase: 0.0 MiB)
Memory usage after reset: 4310.234375 MiB (Increase: 0.0 MiB)
Current lengths of episodes: [21, 91, 91, 47, 15]
Memory usage at done (index 2, length 91, since_prev 16): 4310.234375 MiB (Increase: 0.0 MiB)
Memory usage before reset: 4310.234375 MiB (Increase: 0.0 MiB)
Memory usage after reset: 4310.234375 MiB (Increase: 0.0 MiB)
Current lengths of episodes: [1530, 1600, 1508, 1556, 1524]
Memory usage at done (index 1, length 1600, since_prev 1509): 4310.234375 MiB (Increase: 0.0 MiB)
Memory usage before reset: 4310.234375 MiB (Increase: 0.0 MiB)
Memory usage after reset: 4310.234375 MiB (Increase: 0.0 MiB)
Training episode 885
Memory usage at middle: 4310.234375 MiB (Increase: 0.0 MiB)
Memory usage before collect: 4310.234375 MiB (Increase: 0.0 MiB)
Memory usage after collect: 4310.234375 MiB (Increase: 0.0 MiB)
Memory usage before initialization: 4310.234375 MiB (Increase: 0.0 MiB)
Memory usage after initialization: 4310.234375 MiB (Increase: 0.0 MiB)
Current lengths of episodes: [61, 61, 61, 60, 60]
Memory usage at done (index 2, length 61, since_prev 61): 4310.234375 MiB (Increase: 0.0 MiB)
Memory usage before reset: 4310.234375 MiB (Increase: 0.0 MiB)
Memory usage after reset: 4310.234375 MiB (Increase: 0.0 MiB)
Current lengths of episodes: [130, 130, 69, 129, 129]
Memory usage at done (index 2, length 69, since_prev 69): 4310.234375 MiB (Increase: 0.0 MiB)
Memory usage before reset: 4310.234375 MiB (Increase: 0.0 MiB)
Memory usage after reset: 4310.234375 MiB (Increase: 0.0 MiB)
Current lengths of episodes: [1600, 1599, 1469, 1599, 1599]
Memory usage at done (index 0, length 1600, since_prev 1470): 4310.234375 MiB (Increase: 0.0 MiB)
Memory usage before reset: 4310.234375 MiB (Increase: 0.0 MiB)
Memory usage after reset: 4310.234375 MiB (Increase: 0.0 MiB)
Current lengths of episodes: [0, 1600, 1469, 1599, 1599]
Memory usage at done (index 1, length 1600, since_prev 0): 4310.234375 MiB (Increase: 0.0 MiB)
Memory usage before reset: 4310.234375 MiB (Increase: 0.0 MiB)
Memory usage after reset: 4310.234375 MiB (Increase: 0.0 MiB)
Current lengths of episodes: [0, 0, 1470, 1600, 1599]
Memory usage at done (index 3, length 1600, since_prev 0): 4310.234375 MiB (Increase: 0.0 MiB)
Memory usage before reset: 4310.234375 MiB (Increase: 0.0 MiB)
Memory usage after reset: 4310.234375 MiB (Increase: 0.0 MiB)
Training episode 890
Memory usage at middle: 4310.234375 MiB (Increase: 0.0 MiB)
Memory usage before collect: 4310.234375 MiB (Increase: 0.0 MiB)
Memory usage after collect: 4310.234375 MiB (Increase: 0.0 MiB)
Memory usage before initialization: 4310.234375 MiB (Increase: 0.0 MiB)
Memory usage after initialization: 4310.234375 MiB (Increase: 0.0 MiB)
Current lengths of episodes: [71, 70, 70, 70, 70]
Memory usage at done (index 0, length 71, since_prev 71): 4310.234375 MiB (Increase: 0.0 MiB)
Memory usage before reset: 4310.234375 MiB (Increase: 0.0 MiB)
Memory usage after reset: 4310.234375 MiB (Increase: 0.0 MiB)
Current lengths of episodes: [7, 78, 78, 78, 77]
Memory usage at done (index 3, length 78, since_prev 7): 4310.234375 MiB (Increase: 0.0 MiB)
Memory usage before reset: 4310.234375 MiB (Increase: 0.0 MiB)
Memory usage after reset: 4310.234375 MiB (Increase: 0.0 MiB)
Current lengths of episodes: [25, 96, 96, 17, 95]
Memory usage at done (index 2, length 96, since_prev 18): 4310.234375 MiB (Increase: 0.0 MiB)
Memory usage before reset: 4310.234375 MiB (Increase: 0.0 MiB)
Memory usage after reset: 4310.234375 MiB (Increase: 0.0 MiB)
Current lengths of episodes: [71, 142, 46, 64, 141]
Memory usage at done (index 3, length 64, since_prev 46): 4310.234375 MiB (Increase: 0.0 MiB)
Memory usage before reset: 4310.234375 MiB (Increase: 0.0 MiB)
Memory usage after reset: 4310.234375 MiB (Increase: 0.0 MiB)
Current lengths of episodes: [155, 226, 130, 84, 225]
Memory usage at done (index 3, length 84, since_prev 84): 4310.234375 MiB (Increase: 0.0 MiB)
Memory usage before reset: 4310.234375 MiB (Increase: 0.0 MiB)
Memory usage after reset: 4310.234375 MiB (Increase: 0.0 MiB)
Training episode 895
Memory usage at middle: 4310.234375 MiB (Increase: 0.0 MiB)
Memory usage before collect: 4310.234375 MiB (Increase: 0.0 MiB)
Memory usage after collect: 4310.234375 MiB (Increase: 0.0 MiB)
Memory usage before initialization: 4310.234375 MiB (Increase: 0.0 MiB)
Memory usage after initialization: 4310.234375 MiB (Increase: 0.0 MiB)
Current lengths of episodes: [50, 50, 49, 49, 49]
Memory usage at done (index 1, length 50, since_prev 50): 4310.234375 MiB (Increase: 0.0 MiB)
Memory usage before reset: 4310.234375 MiB (Increase: 0.0 MiB)
Memory usage after reset: 4310.234375 MiB (Increase: 0.0 MiB)
Current lengths of episodes: [66, 16, 66, 66, 65]
Memory usage at done (index 3, length 66, since_prev 16): 4310.234375 MiB (Increase: 0.0 MiB)
Memory usage before reset: 4310.234375 MiB (Increase: 0.0 MiB)
Memory usage after reset: 4310.234375 MiB (Increase: 0.0 MiB)
Current lengths of episodes: [69, 18, 68, 2, 68]
Memory usage at done (index 0, length 69, since_prev 3): 4310.234375 MiB (Increase: 0.0 MiB)
Memory usage before reset: 4310.234375 MiB (Increase: 0.0 MiB)
Memory usage after reset: 4310.234375 MiB (Increase: 0.0 MiB)
Current lengths of episodes: [44, 63, 113, 47, 112]
Memory usage at done (index 3, length 47, since_prev 44): 4310.234375 MiB (Increase: 0.0 MiB)
Memory usage before reset: 4310.234375 MiB (Increase: 0.0 MiB)
Memory usage after reset: 4310.234375 MiB (Increase: 0.0 MiB)
Current lengths of episodes: [45, 64, 113, 0, 113]
Memory usage at done (index 1, length 64, since_prev 1): 4310.234375 MiB (Increase: 0.0 MiB)
Memory usage before reset: 4310.234375 MiB (Increase: 0.0 MiB)
Memory usage after reset: 4310.234375 MiB (Increase: 0.0 MiB)
Training episode 900
Memory usage at middle: 4310.234375 MiB (Increase: 0.0 MiB)
Memory usage before collect: 4310.234375 MiB (Increase: 0.0 MiB)
Memory usage after collect: 4310.234375 MiB (Increase: 0.0 MiB)
Episode 900	Average evaluation: -20.60342086773776
Memory usage before initialization: 4310.234375 MiB (Increase: 0.0 MiB)
Memory usage after initialization: 4310.234375 MiB (Increase: 0.0 MiB)
Current lengths of episodes: [53, 53, 53, 53, 53]
Memory usage at done (index 4, length 53, since_prev 53): 4310.234375 MiB (Increase: 0.0 MiB)
Memory usage before reset: 4310.234375 MiB (Increase: 0.0 MiB)
Memory usage after reset: 4310.234375 MiB (Increase: 0.0 MiB)
Current lengths of episodes: [56, 56, 56, 56, 2]
Memory usage at done (index 3, length 56, since_prev 3): 4310.234375 MiB (Increase: 0.0 MiB)
Memory usage before reset: 4310.234375 MiB (Increase: 0.0 MiB)
Memory usage after reset: 4310.234375 MiB (Increase: 0.0 MiB)
Current lengths of episodes: [68, 68, 67, 11, 14]
Memory usage at done (index 1, length 68, since_prev 12): 4310.234375 MiB (Increase: 0.0 MiB)
Memory usage before reset: 4310.234375 MiB (Increase: 0.0 MiB)
Memory usage after reset: 4310.234375 MiB (Increase: 0.0 MiB)
Current lengths of episodes: [117, 49, 117, 61, 64]
Memory usage at done (index 4, length 64, since_prev 49): 4310.234375 MiB (Increase: 0.0 MiB)
Memory usage before reset: 4310.234375 MiB (Increase: 0.0 MiB)
Memory usage after reset: 4310.234375 MiB (Increase: 0.0 MiB)
Current lengths of episodes: [239, 170, 238, 182, 121]
Memory usage at done (index 0, length 239, since_prev 122): 4310.234375 MiB (Increase: 0.0 MiB)
Memory usage before reset: 4310.234375 MiB (Increase: 0.0 MiB)
Memory usage after reset: 4310.234375 MiB (Increase: 0.0 MiB)
Training episode 905
Memory usage at middle: 4310.234375 MiB (Increase: 0.0 MiB)
Memory usage before collect: 4310.234375 MiB (Increase: 0.0 MiB)
Memory usage after collect: 4310.234375 MiB (Increase: 0.0 MiB)
Memory usage before initialization: 4310.234375 MiB (Increase: 0.0 MiB)
Memory usage after initialization: 4310.234375 MiB (Increase: 0.0 MiB)
Current lengths of episodes: [89, 88, 88, 88, 88]
Memory usage at done (index 0, length 89, since_prev 89): 4310.234375 MiB (Increase: 0.0 MiB)
Memory usage before reset: 4310.234375 MiB (Increase: 0.0 MiB)
Memory usage after reset: 4310.234375 MiB (Increase: 0.0 MiB)
Current lengths of episodes: [1511, 1600, 1599, 1599, 1599]
Memory usage at done (index 1, length 1600, since_prev 1511): 4310.234375 MiB (Increase: 0.0 MiB)
Memory usage before reset: 4310.234375 MiB (Increase: 0.0 MiB)
Memory usage after reset: 4310.234375 MiB (Increase: 0.0 MiB)
Current lengths of episodes: [1511, 0, 1600, 1599, 1599]
Memory usage at done (index 2, length 1600, since_prev 0): 4310.234375 MiB (Increase: 0.0 MiB)
Memory usage before reset: 4310.234375 MiB (Increase: 0.0 MiB)
Memory usage after reset: 4310.234375 MiB (Increase: 0.0 MiB)
Current lengths of episodes: [1511, 0, 0, 1600, 1599]
Memory usage at done (index 3, length 1600, since_prev 0): 4310.234375 MiB (Increase: 0.0 MiB)
Memory usage before reset: 4310.234375 MiB (Increase: 0.0 MiB)
Memory usage after reset: 4310.234375 MiB (Increase: 0.0 MiB)
Current lengths of episodes: [1511, 0, 0, 0, 1600]
Memory usage at done (index 4, length 1600, since_prev 0): 4310.234375 MiB (Increase: 0.0 MiB)
Memory usage before reset: 4310.234375 MiB (Increase: 0.0 MiB)
Memory usage after reset: 4310.234375 MiB (Increase: 0.0 MiB)
Training episode 910
Memory usage at middle: 4310.234375 MiB (Increase: 0.0 MiB)
Memory usage before collect: 4310.234375 MiB (Increase: 0.0 MiB)
Memory usage after collect: 4310.234375 MiB (Increase: 0.0 MiB)
Memory usage before initialization: 4310.234375 MiB (Increase: 0.0 MiB)
Memory usage after initialization: 4310.234375 MiB (Increase: 0.0 MiB)
Current lengths of episodes: [62, 62, 62, 62, 62]
Memory usage at done (index 4, length 62, since_prev 62): 4310.234375 MiB (Increase: 0.0 MiB)
Memory usage before reset: 4310.234375 MiB (Increase: 0.0 MiB)
Memory usage after reset: 4310.234375 MiB (Increase: 0.0 MiB)
Current lengths of episodes: [103, 103, 102, 102, 40]
Memory usage at done (index 1, length 103, since_prev 41): 4310.234375 MiB (Increase: 0.0 MiB)
Memory usage before reset: 4310.234375 MiB (Increase: 0.0 MiB)
Memory usage after reset: 4310.234375 MiB (Increase: 0.0 MiB)
Current lengths of episodes: [132, 29, 132, 132, 70]
Memory usage at done (index 4, length 70, since_prev 29): 4310.234375 MiB (Increase: 0.0 MiB)
Memory usage before reset: 4310.234375 MiB (Increase: 0.0 MiB)
Memory usage after reset: 4310.234375 MiB (Increase: 0.0 MiB)
Current lengths of episodes: [181, 78, 180, 180, 48]
Memory usage at done (index 1, length 78, since_prev 49): 4310.234375 MiB (Increase: 0.0 MiB)
Memory usage before reset: 4310.234375 MiB (Increase: 0.0 MiB)
Memory usage after reset: 4310.234375 MiB (Increase: 0.0 MiB)
Current lengths of episodes: [190, 8, 189, 189, 57]
Memory usage at done (index 0, length 190, since_prev 9): 4310.234375 MiB (Increase: 0.0 MiB)
Memory usage before reset: 4310.234375 MiB (Increase: 0.0 MiB)
Memory usage after reset: 4310.234375 MiB (Increase: 0.0 MiB)
Training episode 915
Memory usage at middle: 4310.234375 MiB (Increase: 0.0 MiB)
Memory usage before collect: 4310.234375 MiB (Increase: 0.0 MiB)
Memory usage after collect: 4310.234375 MiB (Increase: 0.0 MiB)
Memory usage before initialization: 4310.234375 MiB (Increase: 0.0 MiB)
Memory usage after initialization: 4310.234375 MiB (Increase: 0.0 MiB)
Current lengths of episodes: [63, 62, 62, 62, 62]
Memory usage at done (index 0, length 63, since_prev 63): 4310.234375 MiB (Increase: 0.0 MiB)
Memory usage before reset: 4310.234375 MiB (Increase: 0.0 MiB)
Memory usage after reset: 4310.234375 MiB (Increase: 0.0 MiB)
Current lengths of episodes: [43, 106, 106, 105, 105]
Memory usage at done (index 2, length 106, since_prev 43): 4310.234375 MiB (Increase: 0.0 MiB)
Memory usage before reset: 4310.234375 MiB (Increase: 0.0 MiB)
Memory usage after reset: 4310.234375 MiB (Increase: 0.0 MiB)
Current lengths of episodes: [66, 128, 22, 128, 128]
Memory usage at done (index 0, length 66, since_prev 23): 4310.234375 MiB (Increase: 0.0 MiB)
Memory usage before reset: 4310.234375 MiB (Increase: 0.0 MiB)
Memory usage after reset: 4310.234375 MiB (Increase: 0.0 MiB)
Current lengths of episodes: [43, 172, 66, 171, 171]
Memory usage at done (index 2, length 66, since_prev 43): 4310.234375 MiB (Increase: 0.0 MiB)
Memory usage before reset: 4310.234375 MiB (Increase: 0.0 MiB)
Memory usage after reset: 4310.234375 MiB (Increase: 0.0 MiB)
Current lengths of episodes: [105, 234, 62, 233, 233]
Memory usage at done (index 2, length 62, since_prev 62): 4310.234375 MiB (Increase: 0.0 MiB)
Memory usage before reset: 4310.234375 MiB (Increase: 0.0 MiB)
Memory usage after reset: 4310.234375 MiB (Increase: 0.0 MiB)
Training episode 920
Memory usage at middle: 4310.234375 MiB (Increase: 0.0 MiB)
Memory usage before collect: 4310.234375 MiB (Increase: 0.0 MiB)
Memory usage after collect: 4310.234375 MiB (Increase: 0.0 MiB)
Memory usage before initialization: 4310.234375 MiB (Increase: 0.0 MiB)
Memory usage after initialization: 4310.234375 MiB (Increase: 0.0 MiB)
Current lengths of episodes: [47, 46, 46, 46, 46]
Memory usage at done (index 0, length 47, since_prev 47): 4310.234375 MiB (Increase: 0.0 MiB)
Memory usage before reset: 4310.234375 MiB (Increase: 0.0 MiB)
Memory usage after reset: 4310.234375 MiB (Increase: 0.0 MiB)
Current lengths of episodes: [29, 76, 76, 76, 76]
Memory usage at done (index 4, length 76, since_prev 29): 4310.234375 MiB (Increase: 0.0 MiB)
Memory usage before reset: 4310.234375 MiB (Increase: 0.0 MiB)
Memory usage after reset: 4310.234375 MiB (Increase: 0.0 MiB)
Current lengths of episodes: [44, 91, 90, 90, 14]
Memory usage at done (index 1, length 91, since_prev 15): 4310.234375 MiB (Increase: 0.0 MiB)
Memory usage before reset: 4310.234375 MiB (Increase: 0.0 MiB)
Memory usage after reset: 4310.234375 MiB (Increase: 0.0 MiB)
Current lengths of episodes: [109, 65, 156, 156, 80]
Memory usage at done (index 4, length 80, since_prev 65): 4310.234375 MiB (Increase: 0.0 MiB)
Memory usage before reset: 4310.234375 MiB (Increase: 0.0 MiB)
Memory usage after reset: 4310.234375 MiB (Increase: 0.0 MiB)
Current lengths of episodes: [127, 83, 173, 173, 17]
Memory usage at done (index 1, length 83, since_prev 18): 4310.234375 MiB (Increase: 0.0 MiB)
Memory usage before reset: 4310.234375 MiB (Increase: 0.0 MiB)
Memory usage after reset: 4310.234375 MiB (Increase: 0.0 MiB)
Training episode 925
Memory usage at middle: 4310.234375 MiB (Increase: 0.0 MiB)
Memory usage before collect: 4310.234375 MiB (Increase: 0.0 MiB)
Memory usage after collect: 4310.234375 MiB (Increase: 0.0 MiB)
Memory usage before initialization: 4310.234375 MiB (Increase: 0.0 MiB)
Memory usage after initialization: 4310.234375 MiB (Increase: 0.0 MiB)
Current lengths of episodes: [58, 58, 58, 58, 58]
Memory usage at done (index 4, length 58, since_prev 58): 4310.234375 MiB (Increase: 0.0 MiB)
Memory usage before reset: 4310.234375 MiB (Increase: 0.0 MiB)
Memory usage after reset: 4310.234375 MiB (Increase: 0.0 MiB)
Current lengths of episodes: [71, 70, 70, 70, 12]
Memory usage at done (index 0, length 71, since_prev 13): 4310.234375 MiB (Increase: 0.0 MiB)
Memory usage before reset: 4310.234375 MiB (Increase: 0.0 MiB)
Memory usage after reset: 4310.234375 MiB (Increase: 0.0 MiB)
Current lengths of episodes: [23, 94, 93, 93, 35]
Memory usage at done (index 1, length 94, since_prev 23): 4310.234375 MiB (Increase: 0.0 MiB)
Memory usage before reset: 4310.234375 MiB (Increase: 0.0 MiB)
Memory usage after reset: 4310.234375 MiB (Increase: 0.0 MiB)
Current lengths of episodes: [58, 35, 129, 129, 71]
Memory usage at done (index 4, length 71, since_prev 35): 4310.234375 MiB (Increase: 0.0 MiB)
Memory usage before reset: 4310.234375 MiB (Increase: 0.0 MiB)
Memory usage after reset: 4310.234375 MiB (Increase: 0.0 MiB)
Current lengths of episodes: [130, 107, 201, 201, 72]
Memory usage at done (index 4, length 72, since_prev 72): 4310.234375 MiB (Increase: 0.0 MiB)
Memory usage before reset: 4310.234375 MiB (Increase: 0.0 MiB)
Memory usage after reset: 4310.234375 MiB (Increase: 0.0 MiB)
Training episode 930
Memory usage at middle: 4310.234375 MiB (Increase: 0.0 MiB)
Memory usage before collect: 4310.234375 MiB (Increase: 0.0 MiB)
Memory usage after collect: 4310.234375 MiB (Increase: 0.0 MiB)
Memory usage before initialization: 4310.234375 MiB (Increase: 0.0 MiB)
Memory usage after initialization: 4310.234375 MiB (Increase: 0.0 MiB)
Current lengths of episodes: [53, 53, 52, 52, 52]
Memory usage at done (index 1, length 53, since_prev 53): 4310.234375 MiB (Increase: 0.0 MiB)
Memory usage before reset: 4310.234375 MiB (Increase: 0.0 MiB)
Memory usage after reset: 4310.234375 MiB (Increase: 0.0 MiB)
Current lengths of episodes: [78, 25, 78, 77, 77]
Memory usage at done (index 2, length 78, since_prev 25): 4310.234375 MiB (Increase: 0.0 MiB)
Memory usage before reset: 4310.234375 MiB (Increase: 0.0 MiB)
Memory usage after reset: 4310.234375 MiB (Increase: 0.0 MiB)
Current lengths of episodes: [79, 26, 1, 79, 78]
Memory usage at done (index 3, length 79, since_prev 1): 4310.234375 MiB (Increase: 0.0 MiB)
Memory usage before reset: 4310.234375 MiB (Increase: 0.0 MiB)
Memory usage after reset: 4310.234375 MiB (Increase: 0.0 MiB)
Current lengths of episodes: [152, 98, 73, 72, 151]
Memory usage at done (index 0, length 152, since_prev 73): 4310.234375 MiB (Increase: 0.0 MiB)
Memory usage before reset: 4310.234375 MiB (Increase: 0.0 MiB)
Memory usage after reset: 4310.234375 MiB (Increase: 0.0 MiB)
Current lengths of episodes: [22, 121, 96, 95, 173]
Memory usage at done (index 3, length 95, since_prev 22): 4310.234375 MiB (Increase: 0.0 MiB)
Memory usage before reset: 4310.234375 MiB (Increase: 0.0 MiB)
Memory usage after reset: 4310.234375 MiB (Increase: 0.0 MiB)
Training episode 935
Memory usage at middle: 4310.234375 MiB (Increase: 0.0 MiB)
Memory usage before collect: 4310.234375 MiB (Increase: 0.0 MiB)
Memory usage after collect: 4310.234375 MiB (Increase: 0.0 MiB)
Memory usage before initialization: 4310.234375 MiB (Increase: 0.0 MiB)
Memory usage after initialization: 4310.234375 MiB (Increase: 0.0 MiB)
Current lengths of episodes: [74, 74, 73, 73, 73]
Memory usage at done (index 1, length 74, since_prev 74): 4310.234375 MiB (Increase: 0.0 MiB)
Memory usage before reset: 4310.234375 MiB (Increase: 0.0 MiB)
Memory usage after reset: 4310.234375 MiB (Increase: 0.0 MiB)
Current lengths of episodes: [102, 28, 102, 101, 101]
Memory usage at done (index 2, length 102, since_prev 28): 4310.234375 MiB (Increase: 0.0 MiB)
Memory usage before reset: 4310.234375 MiB (Increase: 0.0 MiB)
Memory usage after reset: 4310.234375 MiB (Increase: 0.0 MiB)
Current lengths of episodes: [149, 75, 46, 148, 148]
Memory usage at done (index 1, length 75, since_prev 47): 4310.234375 MiB (Increase: 0.0 MiB)
Memory usage before reset: 4310.234375 MiB (Increase: 0.0 MiB)
Memory usage after reset: 4310.234375 MiB (Increase: 0.0 MiB)
Current lengths of episodes: [213, 64, 110, 212, 212]
Memory usage at done (index 1, length 64, since_prev 64): 4310.234375 MiB (Increase: 0.0 MiB)
Memory usage before reset: 4310.234375 MiB (Increase: 0.0 MiB)
Memory usage after reset: 4310.234375 MiB (Increase: 0.0 MiB)
Current lengths of episodes: [319, 106, 216, 318, 318]
Memory usage at done (index 1, length 106, since_prev 106): 4310.234375 MiB (Increase: 0.0 MiB)
Memory usage before reset: 4310.234375 MiB (Increase: 0.0 MiB)
Memory usage after reset: 4310.234375 MiB (Increase: 0.0 MiB)
Training episode 940
Memory usage at middle: 4310.234375 MiB (Increase: 0.0 MiB)
Memory usage before collect: 4310.234375 MiB (Increase: 0.0 MiB)
Memory usage after collect: 4310.234375 MiB (Increase: 0.0 MiB)
Memory usage before initialization: 4310.234375 MiB (Increase: 0.0 MiB)
Memory usage after initialization: 4310.234375 MiB (Increase: 0.0 MiB)
Current lengths of episodes: [69, 69, 69, 68, 68]
Memory usage at done (index 2, length 69, since_prev 69): 4310.234375 MiB (Increase: 0.0 MiB)
Memory usage before reset: 4310.234375 MiB (Increase: 0.0 MiB)
Memory usage after reset: 4310.234375 MiB (Increase: 0.0 MiB)
Current lengths of episodes: [77, 77, 7, 76, 76]
Memory usage at done (index 1, length 77, since_prev 8): 4310.234375 MiB (Increase: 0.0 MiB)
Memory usage before reset: 4310.234375 MiB (Increase: 0.0 MiB)
Memory usage after reset: 4310.234375 MiB (Increase: 0.0 MiB)
Current lengths of episodes: [85, 8, 16, 85, 85]
Memory usage at done (index 4, length 85, since_prev 8): 4310.234375 MiB (Increase: 0.0 MiB)
Memory usage before reset: 4310.234375 MiB (Increase: 0.0 MiB)
Memory usage after reset: 4310.234375 MiB (Increase: 0.0 MiB)
Current lengths of episodes: [122, 45, 53, 121, 36]
Memory usage at done (index 2, length 53, since_prev 37): 4310.234375 MiB (Increase: 0.0 MiB)
Memory usage before reset: 4310.234375 MiB (Increase: 0.0 MiB)
Memory usage after reset: 4310.234375 MiB (Increase: 0.0 MiB)
Current lengths of episodes: [1600, 1522, 1477, 1599, 1514]
Memory usage at done (index 0, length 1600, since_prev 1478): 4310.234375 MiB (Increase: 0.0 MiB)
Memory usage before reset: 4310.234375 MiB (Increase: 0.0 MiB)
Memory usage after reset: 4310.234375 MiB (Increase: 0.0 MiB)
Training episode 945
Memory usage at middle: 4310.234375 MiB (Increase: 0.0 MiB)
Memory usage before collect: 4310.234375 MiB (Increase: 0.0 MiB)
Memory usage after collect: 4310.234375 MiB (Increase: 0.0 MiB)
Memory usage before initialization: 4310.234375 MiB (Increase: 0.0 MiB)
Memory usage after initialization: 4310.234375 MiB (Increase: 0.0 MiB)
Current lengths of episodes: [1600, 1599, 1599, 1599, 1599]
Memory usage at done (index 0, length 1600, since_prev 1600): 4310.234375 MiB (Increase: 0.0 MiB)
Memory usage before reset: 4310.234375 MiB (Increase: 0.0 MiB)
Memory usage after reset: 4310.234375 MiB (Increase: 0.0 MiB)
Current lengths of episodes: [0, 1600, 1599, 1599, 1599]
Memory usage at done (index 1, length 1600, since_prev 0): 4310.234375 MiB (Increase: 0.0 MiB)
Memory usage before reset: 4310.234375 MiB (Increase: 0.0 MiB)
Memory usage after reset: 4310.234375 MiB (Increase: 0.0 MiB)
Current lengths of episodes: [0, 0, 1600, 1599, 1599]
Memory usage at done (index 2, length 1600, since_prev 0): 4310.234375 MiB (Increase: 0.0 MiB)
Memory usage before reset: 4310.234375 MiB (Increase: 0.0 MiB)
Memory usage after reset: 4310.234375 MiB (Increase: 0.0 MiB)
Current lengths of episodes: [0, 0, 0, 1600, 1599]
Memory usage at done (index 3, length 1600, since_prev 0): 4310.234375 MiB (Increase: 0.0 MiB)
Memory usage before reset: 4310.234375 MiB (Increase: 0.0 MiB)
Memory usage after reset: 4310.234375 MiB (Increase: 0.0 MiB)
Current lengths of episodes: [0, 0, 0, 0, 1600]
Memory usage at done (index 4, length 1600, since_prev 0): 4310.234375 MiB (Increase: 0.0 MiB)
Memory usage before reset: 4310.234375 MiB (Increase: 0.0 MiB)
Memory usage after reset: 4310.234375 MiB (Increase: 0.0 MiB)
Training episode 950
Memory usage at middle: 4310.234375 MiB (Increase: 0.0 MiB)
Memory usage before collect: 4310.234375 MiB (Increase: 0.0 MiB)
Memory usage after collect: 4310.234375 MiB (Increase: 0.0 MiB)
Episode 950	Average evaluation: -20.335755142222972
Memory usage before initialization: 4310.234375 MiB (Increase: 0.0 MiB)
Memory usage after initialization: 4310.234375 MiB (Increase: 0.0 MiB)
Current lengths of episodes: [73, 73, 73, 73, 73]
Memory usage at done (index 4, length 73, since_prev 73): 4310.234375 MiB (Increase: 0.0 MiB)
Memory usage before reset: 4310.234375 MiB (Increase: 0.0 MiB)
Memory usage after reset: 4310.234375 MiB (Increase: 0.0 MiB)
Current lengths of episodes: [82, 82, 82, 82, 8]
Memory usage at done (index 3, length 82, since_prev 9): 4310.234375 MiB (Increase: 0.0 MiB)
Memory usage before reset: 4310.234375 MiB (Increase: 0.0 MiB)
Memory usage after reset: 4310.234375 MiB (Increase: 0.0 MiB)
Current lengths of episodes: [147, 147, 147, 65, 73]
Memory usage at done (index 3, length 65, since_prev 65): 4310.234375 MiB (Increase: 0.0 MiB)
Memory usage before reset: 4310.234375 MiB (Increase: 0.0 MiB)
Memory usage after reset: 4310.234375 MiB (Increase: 0.0 MiB)
Current lengths of episodes: [1600, 1599, 1599, 1452, 1526]
Memory usage at done (index 0, length 1600, since_prev 1453): 4310.234375 MiB (Increase: 0.0 MiB)
Memory usage before reset: 4310.234375 MiB (Increase: 0.0 MiB)
Memory usage after reset: 4310.234375 MiB (Increase: 0.0 MiB)
Current lengths of episodes: [0, 1600, 1599, 1452, 1526]
Memory usage at done (index 1, length 1600, since_prev 0): 4310.234375 MiB (Increase: 0.0 MiB)
Memory usage before reset: 4310.234375 MiB (Increase: 0.0 MiB)
Memory usage after reset: 4310.234375 MiB (Increase: 0.0 MiB)
Training episode 955
Memory usage at middle: 4310.234375 MiB (Increase: 0.0 MiB)
Memory usage before collect: 4310.234375 MiB (Increase: 0.0 MiB)
Memory usage after collect: 4310.234375 MiB (Increase: 0.0 MiB)
Memory usage before initialization: 4310.234375 MiB (Increase: 0.0 MiB)
Memory usage after initialization: 4310.234375 MiB (Increase: 0.0 MiB)
Current lengths of episodes: [46, 46, 46, 46, 46]
Memory usage at done (index 4, length 46, since_prev 46): 4310.234375 MiB (Increase: 0.0 MiB)
Memory usage before reset: 4310.234375 MiB (Increase: 0.0 MiB)
Memory usage after reset: 4310.234375 MiB (Increase: 0.0 MiB)
Current lengths of episodes: [55, 55, 55, 54, 8]
Memory usage at done (index 2, length 55, since_prev 9): 4310.234375 MiB (Increase: 0.0 MiB)
Memory usage before reset: 4310.234375 MiB (Increase: 0.0 MiB)
Memory usage after reset: 4310.234375 MiB (Increase: 0.0 MiB)
Current lengths of episodes: [104, 104, 49, 104, 57]
Memory usage at done (index 3, length 104, since_prev 49): 4310.234375 MiB (Increase: 0.0 MiB)
Memory usage before reset: 4310.234375 MiB (Increase: 0.0 MiB)
Memory usage after reset: 4310.234375 MiB (Increase: 0.0 MiB)
Current lengths of episodes: [125, 125, 70, 20, 78]
Memory usage at done (index 2, length 70, since_prev 21): 4310.234375 MiB (Increase: 0.0 MiB)
Memory usage before reset: 4310.234375 MiB (Increase: 0.0 MiB)
Memory usage after reset: 4310.234375 MiB (Increase: 0.0 MiB)
Current lengths of episodes: [163, 163, 38, 59, 116]
Memory usage at done (index 3, length 59, since_prev 38): 4310.234375 MiB (Increase: 0.0 MiB)
Memory usage before reset: 4310.234375 MiB (Increase: 0.0 MiB)
Memory usage after reset: 4310.234375 MiB (Increase: 0.0 MiB)
Training episode 960
Memory usage at middle: 4310.234375 MiB (Increase: 0.0 MiB)
Memory usage before collect: 4310.234375 MiB (Increase: 0.0 MiB)
Memory usage after collect: 4310.234375 MiB (Increase: 0.0 MiB)
Memory usage before initialization: 4310.234375 MiB (Increase: 0.0 MiB)
Memory usage after initialization: 4310.234375 MiB (Increase: 0.0 MiB)
Current lengths of episodes: [53, 52, 52, 52, 52]
Memory usage at done (index 0, length 53, since_prev 53): 4310.234375 MiB (Increase: 0.0 MiB)
Memory usage before reset: 4310.234375 MiB (Increase: 0.0 MiB)
Memory usage after reset: 4310.234375 MiB (Increase: 0.0 MiB)
Current lengths of episodes: [5, 58, 58, 58, 57]
Memory usage at done (index 3, length 58, since_prev 5): 4310.234375 MiB (Increase: 0.0 MiB)
Memory usage before reset: 4310.234375 MiB (Increase: 0.0 MiB)
Memory usage after reset: 4310.234375 MiB (Increase: 0.0 MiB)
Current lengths of episodes: [24, 77, 76, 18, 76]
Memory usage at done (index 1, length 77, since_prev 19): 4310.234375 MiB (Increase: 0.0 MiB)
Memory usage before reset: 4310.234375 MiB (Increase: 0.0 MiB)
Memory usage after reset: 4310.234375 MiB (Increase: 0.0 MiB)
Current lengths of episodes: [26, 2, 79, 20, 78]
Memory usage at done (index 2, length 79, since_prev 2): 4310.234375 MiB (Increase: 0.0 MiB)
Memory usage before reset: 4310.234375 MiB (Increase: 0.0 MiB)
Memory usage after reset: 4310.234375 MiB (Increase: 0.0 MiB)
Current lengths of episodes: [62, 38, 36, 57, 114]
Memory usage at done (index 3, length 57, since_prev 36): 4310.234375 MiB (Increase: 0.0 MiB)
Memory usage before reset: 4310.234375 MiB (Increase: 0.0 MiB)
Memory usage after reset: 4310.234375 MiB (Increase: 0.0 MiB)
Training episode 965
Memory usage at middle: 4310.234375 MiB (Increase: 0.0 MiB)
Memory usage before collect: 4310.234375 MiB (Increase: 0.0 MiB)
Memory usage after collect: 4310.234375 MiB (Increase: 0.0 MiB)
Memory usage before initialization: 4310.234375 MiB (Increase: 0.0 MiB)
Memory usage after initialization: 4310.234375 MiB (Increase: 0.0 MiB)
Current lengths of episodes: [62, 62, 62, 61, 61]
Memory usage at done (index 2, length 62, since_prev 62): 4310.234375 MiB (Increase: 0.0 MiB)
Memory usage before reset: 4310.234375 MiB (Increase: 0.0 MiB)
Memory usage after reset: 4310.234375 MiB (Increase: 0.0 MiB)
Current lengths of episodes: [67, 67, 4, 66, 66]
Memory usage at done (index 1, length 67, since_prev 5): 4310.234375 MiB (Increase: 0.0 MiB)
Memory usage before reset: 4310.234375 MiB (Increase: 0.0 MiB)
Memory usage after reset: 4310.234375 MiB (Increase: 0.0 MiB)
Current lengths of episodes: [79, 12, 17, 79, 79]
Memory usage at done (index 4, length 79, since_prev 12): 4310.234375 MiB (Increase: 0.0 MiB)
Memory usage before reset: 4310.234375 MiB (Increase: 0.0 MiB)
Memory usage after reset: 4310.234375 MiB (Increase: 0.0 MiB)
Current lengths of episodes: [86, 19, 24, 86, 6]
Memory usage at done (index 3, length 86, since_prev 7): 4310.234375 MiB (Increase: 0.0 MiB)
Memory usage before reset: 4310.234375 MiB (Increase: 0.0 MiB)
Memory usage after reset: 4310.234375 MiB (Increase: 0.0 MiB)
Current lengths of episodes: [155, 88, 93, 69, 76]
Memory usage at done (index 4, length 76, since_prev 69): 4310.234375 MiB (Increase: 0.0 MiB)
Memory usage before reset: 4310.234375 MiB (Increase: 0.0 MiB)
Memory usage after reset: 4310.234375 MiB (Increase: 0.0 MiB)
Training episode 970
Memory usage at middle: 4310.234375 MiB (Increase: 0.0 MiB)
Memory usage before collect: 4310.234375 MiB (Increase: 0.0 MiB)
Memory usage after collect: 4310.234375 MiB (Increase: 0.0 MiB)
Memory usage before initialization: 4310.234375 MiB (Increase: 0.0 MiB)
Memory usage after initialization: 4310.234375 MiB (Increase: 0.0 MiB)
Current lengths of episodes: [52, 52, 52, 51, 51]
Memory usage at done (index 2, length 52, since_prev 52): 4310.234375 MiB (Increase: 0.0 MiB)
Memory usage before reset: 4310.234375 MiB (Increase: 0.0 MiB)
Memory usage after reset: 4310.234375 MiB (Increase: 0.0 MiB)
Current lengths of episodes: [119, 119, 67, 119, 118]
Memory usage at done (index 3, length 119, since_prev 67): 4310.234375 MiB (Increase: 0.0 MiB)
Memory usage before reset: 4310.234375 MiB (Increase: 0.0 MiB)
Memory usage after reset: 4310.234375 MiB (Increase: 0.0 MiB)
Current lengths of episodes: [1600, 1599, 1547, 1480, 1599]
Memory usage at done (index 0, length 1600, since_prev 1481): 4310.234375 MiB (Increase: 0.0 MiB)
Memory usage before reset: 4310.234375 MiB (Increase: 0.0 MiB)
Memory usage after reset: 4310.234375 MiB (Increase: 0.0 MiB)
Current lengths of episodes: [0, 1600, 1547, 1480, 1599]
Memory usage at done (index 1, length 1600, since_prev 0): 4310.234375 MiB (Increase: 0.0 MiB)
Memory usage before reset: 4310.234375 MiB (Increase: 0.0 MiB)
Memory usage after reset: 4310.234375 MiB (Increase: 0.0 MiB)
Current lengths of episodes: [0, 0, 1548, 1481, 1600]
Memory usage at done (index 4, length 1600, since_prev 0): 4310.234375 MiB (Increase: 0.0 MiB)
Memory usage before reset: 4310.234375 MiB (Increase: 0.0 MiB)
Memory usage after reset: 4310.234375 MiB (Increase: 0.0 MiB)
Training episode 975
Memory usage at middle: 4310.234375 MiB (Increase: 0.0 MiB)
Memory usage before collect: 4310.234375 MiB (Increase: 0.0 MiB)
Memory usage after collect: 4310.234375 MiB (Increase: 0.0 MiB)
Memory usage before initialization: 4310.234375 MiB (Increase: 0.0 MiB)
Memory usage after initialization: 4310.234375 MiB (Increase: 0.0 MiB)
Current lengths of episodes: [63, 63, 63, 62, 62]
Memory usage at done (index 2, length 63, since_prev 63): 4310.234375 MiB (Increase: 0.0 MiB)
Memory usage before reset: 4310.234375 MiB (Increase: 0.0 MiB)
Memory usage after reset: 4310.234375 MiB (Increase: 0.0 MiB)
Current lengths of episodes: [64, 63, 0, 63, 63]
Memory usage at done (index 0, length 64, since_prev 1): 4310.234375 MiB (Increase: 0.0 MiB)
Memory usage before reset: 4310.234375 MiB (Increase: 0.0 MiB)
Memory usage after reset: 4310.234375 MiB (Increase: 0.0 MiB)
Current lengths of episodes: [12, 76, 13, 76, 76]
Memory usage at done (index 4, length 76, since_prev 12): 4310.234375 MiB (Increase: 0.0 MiB)
Memory usage before reset: 4310.234375 MiB (Increase: 0.0 MiB)
Memory usage after reset: 4310.234375 MiB (Increase: 0.0 MiB)
Current lengths of episodes: [62, 126, 63, 125, 49]
Memory usage at done (index 2, length 63, since_prev 50): 4310.234375 MiB (Increase: 0.0 MiB)
Memory usage before reset: 4310.234375 MiB (Increase: 0.0 MiB)
Memory usage after reset: 4310.234375 MiB (Increase: 0.0 MiB)
Current lengths of episodes: [65, 128, 2, 128, 52]
Memory usage at done (index 0, length 65, since_prev 3): 4310.234375 MiB (Increase: 0.0 MiB)
Memory usage before reset: 4310.234375 MiB (Increase: 0.0 MiB)
Memory usage after reset: 4310.234375 MiB (Increase: 0.0 MiB)
Training episode 980
Memory usage at middle: 4310.234375 MiB (Increase: 0.0 MiB)
Memory usage before collect: 4310.234375 MiB (Increase: 0.0 MiB)
Memory usage after collect: 4310.234375 MiB (Increase: 0.0 MiB)
Memory usage before initialization: 4310.234375 MiB (Increase: 0.0 MiB)
Memory usage after initialization: 4310.234375 MiB (Increase: 0.0 MiB)
Current lengths of episodes: [72, 71, 71, 71, 71]
Memory usage at done (index 0, length 72, since_prev 72): 4310.234375 MiB (Increase: 0.0 MiB)
Memory usage before reset: 4310.234375 MiB (Increase: 0.0 MiB)
Memory usage after reset: 4310.234375 MiB (Increase: 0.0 MiB)
Current lengths of episodes: [0, 72, 71, 71, 71]
Memory usage at done (index 1, length 72, since_prev 0): 4310.234375 MiB (Increase: 0.0 MiB)
Memory usage before reset: 4310.234375 MiB (Increase: 0.0 MiB)
Memory usage after reset: 4310.234375 MiB (Increase: 0.0 MiB)
Current lengths of episodes: [42, 42, 114, 114, 113]
Memory usage at done (index 3, length 114, since_prev 42): 4310.234375 MiB (Increase: 0.0 MiB)
Memory usage before reset: 4310.234375 MiB (Increase: 0.0 MiB)
Memory usage after reset: 4310.234375 MiB (Increase: 0.0 MiB)
Current lengths of episodes: [1528, 1528, 1600, 1485, 1599]
Memory usage at done (index 2, length 1600, since_prev 1486): 4310.234375 MiB (Increase: 0.0 MiB)
Memory usage before reset: 4310.234375 MiB (Increase: 0.0 MiB)
Memory usage after reset: 4310.234375 MiB (Increase: 0.0 MiB)
Current lengths of episodes: [1528, 1528, 0, 1486, 1600]
Memory usage at done (index 4, length 1600, since_prev 0): 4310.234375 MiB (Increase: 0.0 MiB)
Memory usage before reset: 4310.234375 MiB (Increase: 0.0 MiB)
Memory usage after reset: 4310.234375 MiB (Increase: 0.0 MiB)
Training episode 985
Memory usage at middle: 4310.234375 MiB (Increase: 0.0 MiB)
Memory usage before collect: 4310.234375 MiB (Increase: 0.0 MiB)
Memory usage after collect: 4310.234375 MiB (Increase: 0.0 MiB)
Memory usage before initialization: 4310.234375 MiB (Increase: 0.0 MiB)
Memory usage after initialization: 4310.234375 MiB (Increase: 0.0 MiB)
Current lengths of episodes: [38, 38, 38, 37, 37]
Memory usage at done (index 2, length 38, since_prev 38): 4310.234375 MiB (Increase: 0.0 MiB)
Memory usage before reset: 4310.234375 MiB (Increase: 0.0 MiB)
Memory usage after reset: 4310.234375 MiB (Increase: 0.0 MiB)
Current lengths of episodes: [63, 62, 24, 62, 62]
Memory usage at done (index 0, length 63, since_prev 25): 4310.234375 MiB (Increase: 0.0 MiB)
Memory usage before reset: 4310.234375 MiB (Increase: 0.0 MiB)
Memory usage after reset: 4310.234375 MiB (Increase: 0.0 MiB)
Current lengths of episodes: [15, 78, 40, 78, 77]
Memory usage at done (index 3, length 78, since_prev 15): 4310.234375 MiB (Increase: 0.0 MiB)
Memory usage before reset: 4310.234375 MiB (Increase: 0.0 MiB)
Memory usage after reset: 4310.234375 MiB (Increase: 0.0 MiB)
Current lengths of episodes: [63, 126, 88, 47, 125]
Memory usage at done (index 2, length 88, since_prev 48): 4310.234375 MiB (Increase: 0.0 MiB)
Memory usage before reset: 4310.234375 MiB (Increase: 0.0 MiB)
Memory usage after reset: 4310.234375 MiB (Increase: 0.0 MiB)
Current lengths of episodes: [64, 126, 0, 48, 126]
Memory usage at done (index 0, length 64, since_prev 1): 4310.234375 MiB (Increase: 0.0 MiB)
Memory usage before reset: 4310.234375 MiB (Increase: 0.0 MiB)
Memory usage after reset: 4310.234375 MiB (Increase: 0.0 MiB)
Training episode 990
Memory usage at middle: 4310.234375 MiB (Increase: 0.0 MiB)
Memory usage before collect: 4310.234375 MiB (Increase: 0.0 MiB)
Memory usage after collect: 4310.234375 MiB (Increase: 0.0 MiB)
Memory usage before initialization: 4310.234375 MiB (Increase: 0.0 MiB)
Memory usage after initialization: 4310.234375 MiB (Increase: 0.0 MiB)
Current lengths of episodes: [71, 71, 71, 71, 71]
Memory usage at done (index 4, length 71, since_prev 71): 4310.234375 MiB (Increase: 0.0 MiB)
Memory usage before reset: 4310.234375 MiB (Increase: 0.0 MiB)
Memory usage after reset: 4310.234375 MiB (Increase: 0.0 MiB)
Current lengths of episodes: [1600, 1599, 1599, 1599, 1528]
Memory usage at done (index 0, length 1600, since_prev 1529): 4310.234375 MiB (Increase: 0.0 MiB)
Memory usage before reset: 4310.234375 MiB (Increase: 0.0 MiB)
Memory usage after reset: 4310.234375 MiB (Increase: 0.0 MiB)
Current lengths of episodes: [0, 1600, 1599, 1599, 1528]
Memory usage at done (index 1, length 1600, since_prev 0): 4310.234375 MiB (Increase: 0.0 MiB)
Memory usage before reset: 4310.234375 MiB (Increase: 0.0 MiB)
Memory usage after reset: 4310.234375 MiB (Increase: 0.0 MiB)
Current lengths of episodes: [0, 0, 1600, 1599, 1528]
Memory usage at done (index 2, length 1600, since_prev 0): 4310.234375 MiB (Increase: 0.0 MiB)
Memory usage before reset: 4310.234375 MiB (Increase: 0.0 MiB)
Memory usage after reset: 4310.234375 MiB (Increase: 0.0 MiB)
Current lengths of episodes: [0, 0, 0, 1600, 1528]
Memory usage at done (index 3, length 1600, since_prev 0): 4310.234375 MiB (Increase: 0.0 MiB)
Memory usage before reset: 4310.234375 MiB (Increase: 0.0 MiB)
Memory usage after reset: 4310.234375 MiB (Increase: 0.0 MiB)
Training episode 995
Memory usage at middle: 4310.234375 MiB (Increase: 0.0 MiB)
Memory usage before collect: 4310.234375 MiB (Increase: 0.0 MiB)
Memory usage after collect: 4310.234375 MiB (Increase: 0.0 MiB)
Memory usage before initialization: 4310.234375 MiB (Increase: 0.0 MiB)
Memory usage after initialization: 4310.234375 MiB (Increase: 0.0 MiB)
Current lengths of episodes: [75, 75, 75, 75, 75]
Memory usage at done (index 4, length 75, since_prev 75): 4310.234375 MiB (Increase: 0.0 MiB)
Memory usage before reset: 4310.234375 MiB (Increase: 0.0 MiB)
Memory usage after reset: 4310.234375 MiB (Increase: 0.0 MiB)
Current lengths of episodes: [912, 911, 911, 911, 836]
Memory usage at done (index 0, length 912, since_prev 837): 4310.234375 MiB (Increase: 0.0 MiB)
Memory usage before reset: 4310.234375 MiB (Increase: 0.0 MiB)
Memory usage after reset: 4310.234375 MiB (Increase: 0.0 MiB)
Current lengths of episodes: [74, 985, 985, 985, 910]
Memory usage at done (index 0, length 74, since_prev 74): 4310.234375 MiB (Increase: 0.0 MiB)
Memory usage before reset: 4310.234375 MiB (Increase: 0.0 MiB)
Memory usage after reset: 4310.234375 MiB (Increase: 0.0 MiB)
Current lengths of episodes: [65, 1050, 1050, 1050, 975]
Memory usage at done (index 0, length 65, since_prev 65): 4310.234375 MiB (Increase: 0.0 MiB)
Memory usage before reset: 4310.234375 MiB (Increase: 0.0 MiB)
Memory usage after reset: 4310.234375 MiB (Increase: 0.0 MiB)
Current lengths of episodes: [549, 1600, 1599, 1599, 1524]
Memory usage at done (index 1, length 1600, since_prev 549): 4310.234375 MiB (Increase: 0.0 MiB)
Memory usage before reset: 4310.234375 MiB (Increase: 0.0 MiB)
Memory usage after reset: 4310.234375 MiB (Increase: 0.0 MiB)
Training episode 1000
Memory usage at middle: 4310.234375 MiB (Increase: 0.0 MiB)
Memory usage before collect: 4310.234375 MiB (Increase: 0.0 MiB)
Memory usage after collect: 4310.234375 MiB (Increase: 0.0 MiB)
Episode 1000	Average evaluation: -19.726737072510133
Current best exp_BW_validation:  -19.56060144216529  reached at episode  800 .
Memory usage at end: 4310.234375 MiB (Increase: 0.0 MiB)
Memory used by function: 3925.078125 MiB
Best average after 800 episodes: -19.56060144216529
Training took 4141.220442533493 seconds

###############################################################################
Hábrók Cluster
Job 9076716 for user s3512290
Finished at: Mon May 20 00:53:05 CEST 2024

Job details:
============

Job ID              : 9076716
Name                : batchBWtest.sh
User                : s3512290
Partition           : regularmedium
Nodes               : node93
Number of Nodes     : 1
Cores               : 1
Number of Tasks     : 1
State               : COMPLETED
Submit              : 2024-05-19T23:41:19
Start               : 2024-05-19T23:43:42
End                 : 2024-05-20T00:53:03
Reserved walltime   : 12:00:00
Used walltime       : 01:09:21
Used CPU time       : 01:08:22 (efficiency: 98.58%)
% User (Computation): 82.20%
% System (I/O)      : 17.82%
Mem reserved        : 10000M
Max Mem (Node/step) : 4.11G (node93, per node)
Full Max Mem usage  : 4.11G
Total Disk Read     : 918.77M
Total Disk Write    : 886.14M

Acknowledgements:
=================

Please see this page for information about acknowledging Hábrók in your publications:

https://wiki.hpc.rug.nl/habrok/introduction/scientific_output

################################################################################
