The following modules were not unloaded:
  (Use "module --force purge" to unload all):

  1) 2023.01   2) StdEnv
Created Directory Master_Thesis_Code/BP_A2C/bipedal_walker/exploration/BP_RNN_a2c_result_9876562_2024520_entropycoef_0.0001_valuepredcoef_0.0001_learningrate_1e-05_numtrainepisodes_1000_selectionmethod_exp_BW_validation_trainingmethod_original_numneurons_96 to store the results in
Run # 0
WARNING: Batch size larger than 1 not implemented yet for all training algorithms.
Section 1 out of 1 sections
GPU is not available
Memory usage at start: 380.0390625 MiB
/home3/s3512290/venvs/LTC/lib/python3.8/site-packages/gym/logger.py:30: UserWarning: [33mWARN: Box bound precision lowered by casting to float32[0m
  warnings.warn(colorize('%s: %s'%('WARN', msg % args), 'yellow'))
Memory usage before initialization: 381.05859375 MiB (Increase: 1.01953125 MiB)
Memory usage after initialization: 384.39453125 MiB (Increase: 3.3359375 MiB)
Current lengths of episodes: [40, 40, 40, 40, 40, 40, 40, 40, 40, 40, 40, 40, 40, 40, 40, 40, 40, 40, 40, 40, 40, 40, 40, 40, 39, 39, 39, 39, 39, 39, 39, 39, 39, 39, 39, 39, 39, 39, 39, 39, 39, 39, 39, 39, 39, 39, 39, 39, 39, 39, 39, 39, 39, 39, 39, 39, 39, 39, 39, 39, 39, 39, 39, 39, 39, 39, 39, 39, 39, 39, 39, 39, 39, 39, 39, 39, 39, 39, 39, 39, 39, 39, 39, 39, 39, 39, 39, 39, 39, 39, 39, 39, 39, 39, 39, 39, 39, 39, 39, 39]
New longest episode length: 40, previous longest: 0
Memory usage at done (index 23, length 40, since_prev 39): 1247.3828125 MiB (Increase: 862.98828125 MiB)
Memory usage before reset: 1247.3828125 MiB (Increase: 0.0 MiB)
Memory usage after reset: 1250.5078125 MiB (Increase: 3.125 MiB)
Current lengths of episodes: [43, 43, 43, 43, 43, 43, 43, 43, 43, 43, 43, 43, 43, 43, 43, 43, 43, 43, 43, 43, 43, 43, 43, 3, 43, 43, 43, 43, 43, 43, 43, 43, 43, 43, 43, 43, 43, 43, 43, 43, 43, 43, 43, 43, 43, 43, 43, 43, 43, 43, 43, 43, 43, 43, 43, 42, 42, 42, 42, 42, 42, 42, 42, 42, 42, 42, 42, 42, 42, 42, 42, 42, 42, 42, 42, 42, 42, 42, 42, 42, 42, 42, 42, 42, 42, 42, 42, 42, 42, 42, 42, 42, 42, 42, 42, 42, 42, 42, 42, 42]
New longest episode length: 43, previous longest: 40
Memory usage at done (index 54, length 43, since_prev 3): 1315.73828125 MiB (Increase: 65.23046875 MiB)
Memory usage before reset: 1315.73828125 MiB (Increase: 0.0 MiB)
Memory usage after reset: 1319.0 MiB (Increase: 3.26171875 MiB)
Current lengths of episodes: [48, 48, 48, 48, 48, 48, 48, 48, 48, 48, 48, 48, 48, 48, 48, 48, 48, 48, 48, 48, 48, 48, 48, 8, 48, 48, 48, 48, 48, 48, 48, 48, 48, 48, 48, 48, 48, 48, 48, 48, 48, 48, 48, 48, 48, 48, 48, 48, 48, 48, 48, 48, 48, 48, 5, 48, 48, 48, 48, 48, 48, 48, 48, 48, 48, 48, 48, 48, 48, 48, 48, 48, 48, 48, 48, 48, 48, 48, 48, 48, 48, 48, 48, 48, 48, 48, 48, 48, 48, 48, 48, 48, 48, 48, 48, 48, 48, 47, 47, 47]
New longest episode length: 48, previous longest: 43
Memory usage at done (index 96, length 48, since_prev 5): 1427.1875 MiB (Increase: 108.1875 MiB)
Memory usage before reset: 1427.1875 MiB (Increase: 0.0 MiB)
Memory usage after reset: 1430.4609375 MiB (Increase: 3.2734375 MiB)
Current lengths of episodes: [51, 51, 51, 51, 51, 51, 50, 50, 50, 50, 50, 50, 50, 50, 50, 50, 50, 50, 50, 50, 50, 50, 50, 10, 50, 50, 50, 50, 50, 50, 50, 50, 50, 50, 50, 50, 50, 50, 50, 50, 50, 50, 50, 50, 50, 50, 50, 50, 50, 50, 50, 50, 50, 50, 7, 50, 50, 50, 50, 50, 50, 50, 50, 50, 50, 50, 50, 50, 50, 50, 50, 50, 50, 50, 50, 50, 50, 50, 50, 50, 50, 50, 50, 50, 50, 50, 50, 50, 50, 50, 50, 50, 50, 50, 50, 50, 2, 50, 50, 50]
New longest episode length: 51, previous longest: 48
Memory usage at done (index 5, length 51, since_prev 3): 1495.44921875 MiB (Increase: 64.98828125 MiB)
Memory usage before reset: 1495.44921875 MiB (Increase: 0.0 MiB)
Memory usage after reset: 1498.5546875 MiB (Increase: 3.10546875 MiB)
Current lengths of episodes: [53, 53, 53, 53, 53, 2, 53, 53, 53, 53, 53, 53, 53, 53, 53, 53, 53, 53, 53, 53, 53, 53, 53, 13, 53, 53, 53, 53, 53, 53, 53, 53, 53, 53, 53, 53, 53, 53, 53, 53, 53, 53, 53, 53, 53, 53, 53, 53, 53, 53, 53, 53, 53, 53, 10, 53, 53, 53, 53, 53, 53, 53, 53, 53, 53, 53, 53, 53, 53, 53, 53, 53, 53, 53, 53, 53, 53, 53, 53, 53, 53, 53, 53, 53, 53, 53, 53, 52, 52, 52, 52, 52, 52, 52, 52, 52, 4, 52, 52, 52]
New longest episode length: 53, previous longest: 51
Memory usage at done (index 86, length 53, since_prev 2): 1542.12890625 MiB (Increase: 43.57421875 MiB)
Memory usage before reset: 1542.12890625 MiB (Increase: 0.0 MiB)
Memory usage after reset: 1545.33203125 MiB (Increase: 3.203125 MiB)
Current lengths of episodes: [55, 55, 55, 55, 55, 3, 54, 54, 54, 54, 54, 54, 54, 54, 54, 54, 54, 54, 54, 54, 54, 54, 54, 14, 54, 54, 54, 54, 54, 54, 54, 54, 54, 54, 54, 54, 54, 54, 54, 54, 54, 54, 54, 54, 54, 54, 54, 54, 54, 54, 54, 54, 54, 54, 11, 54, 54, 54, 54, 54, 54, 54, 54, 54, 54, 54, 54, 54, 54, 54, 54, 54, 54, 54, 54, 54, 54, 54, 54, 54, 54, 54, 54, 54, 54, 54, 1, 54, 54, 54, 54, 54, 54, 54, 54, 54, 6, 54, 54, 54]
New longest episode length: 55, previous longest: 53
Memory usage at done (index 4, length 55, since_prev 2): 1588.80859375 MiB (Increase: 43.4765625 MiB)
Memory usage before reset: 1588.80859375 MiB (Increase: 0.0 MiB)
Memory usage after reset: 1591.91796875 MiB (Increase: 3.109375 MiB)
Current lengths of episodes: [55, 55, 55, 55, 0, 4, 55, 55, 55, 55, 55, 55, 55, 55, 55, 55, 55, 55, 55, 55, 55, 55, 54, 14, 54, 54, 54, 54, 54, 54, 54, 54, 54, 54, 54, 54, 54, 54, 54, 54, 54, 54, 54, 54, 54, 54, 54, 54, 54, 54, 54, 54, 54, 54, 11, 54, 54, 54, 54, 54, 54, 54, 54, 54, 54, 54, 54, 54, 54, 54, 54, 54, 54, 54, 54, 54, 54, 54, 54, 54, 54, 54, 54, 54, 54, 54, 1, 54, 54, 54, 54, 54, 54, 54, 54, 54, 6, 54, 54, 54]
Memory usage at done (index 21, length 55, since_prev 0): 1591.91796875 MiB (Increase: 0.0 MiB)
Memory usage before reset: 1591.91796875 MiB (Increase: 0.0 MiB)
Memory usage after reset: 1595.45703125 MiB (Increase: 3.5390625 MiB)
Current lengths of episodes: [56, 56, 56, 56, 1, 5, 56, 56, 56, 56, 56, 56, 56, 56, 56, 56, 56, 56, 56, 56, 56, 1, 56, 16, 56, 56, 56, 56, 56, 56, 56, 56, 56, 56, 56, 56, 56, 56, 56, 56, 56, 56, 56, 56, 56, 56, 56, 56, 56, 56, 56, 56, 56, 56, 13, 56, 56, 56, 56, 56, 56, 56, 56, 56, 56, 56, 56, 56, 56, 56, 55, 55, 55, 55, 55, 55, 55, 55, 55, 55, 55, 55, 55, 55, 55, 55, 2, 55, 55, 55, 55, 55, 55, 55, 55, 55, 7, 55, 55, 55]
New longest episode length: 56, previous longest: 55
Memory usage at done (index 69, length 56, since_prev 1): 1617.4453125 MiB (Increase: 21.98828125 MiB)
Memory usage before reset: 1617.4453125 MiB (Increase: 0.0 MiB)
Memory usage after reset: 1620.69140625 MiB (Increase: 3.24609375 MiB)
Current lengths of episodes: [56, 56, 56, 56, 1, 5, 56, 56, 56, 56, 56, 56, 56, 56, 56, 56, 56, 56, 56, 56, 56, 1, 56, 16, 56, 56, 56, 56, 56, 56, 56, 56, 56, 56, 56, 56, 56, 56, 56, 56, 56, 56, 56, 56, 56, 56, 56, 56, 56, 56, 56, 56, 56, 56, 13, 56, 56, 56, 56, 56, 56, 56, 56, 56, 56, 56, 56, 56, 56, 0, 56, 56, 56, 56, 56, 56, 56, 56, 56, 56, 56, 56, 56, 56, 56, 56, 3, 56, 56, 56, 55, 55, 55, 55, 55, 55, 7, 55, 55, 55]
Memory usage at done (index 89, length 56, since_prev 0): 1620.69140625 MiB (Increase: 0.0 MiB)
Memory usage before reset: 1620.69140625 MiB (Increase: 0.0 MiB)
Memory usage after reset: 1624.21484375 MiB (Increase: 3.5234375 MiB)
Current lengths of episodes: [61, 61, 61, 61, 6, 10, 61, 61, 61, 61, 61, 61, 61, 61, 61, 61, 61, 61, 61, 61, 61, 6, 61, 21, 61, 61, 61, 61, 61, 61, 61, 61, 61, 60, 60, 60, 60, 60, 60, 60, 60, 60, 60, 60, 60, 60, 60, 60, 60, 60, 60, 60, 60, 60, 17, 60, 60, 60, 60, 60, 60, 60, 60, 60, 60, 60, 60, 60, 60, 4, 60, 60, 60, 60, 60, 60, 60, 60, 60, 60, 60, 60, 60, 60, 60, 60, 7, 60, 60, 4, 60, 60, 60, 60, 60, 60, 12, 60, 60, 60]
New longest episode length: 61, previous longest: 56
Memory usage at done (index 32, length 61, since_prev 5): 1732.22265625 MiB (Increase: 108.0078125 MiB)
Memory usage before reset: 1732.22265625 MiB (Increase: 0.0 MiB)
Memory usage after reset: 1735.30078125 MiB (Increase: 3.078125 MiB)
Current lengths of episodes: [64, 64, 64, 64, 9, 13, 64, 64, 64, 64, 64, 64, 64, 64, 64, 64, 64, 64, 64, 64, 64, 9, 64, 24, 64, 64, 64, 64, 64, 64, 64, 64, 3, 64, 64, 64, 64, 64, 64, 64, 64, 64, 64, 64, 64, 64, 64, 64, 64, 64, 64, 64, 64, 64, 21, 64, 64, 64, 64, 64, 64, 64, 64, 64, 64, 64, 64, 64, 64, 8, 64, 64, 64, 64, 64, 64, 64, 64, 64, 64, 64, 64, 64, 64, 64, 64, 11, 64, 64, 8, 64, 64, 64, 64, 64, 64, 16, 64, 64, 63]
New longest episode length: 64, previous longest: 61
Memory usage at done (index 98, length 64, since_prev 3): 1800.4765625 MiB (Increase: 65.17578125 MiB)
Memory usage before reset: 1800.4765625 MiB (Increase: 0.0 MiB)
Memory usage after reset: 1803.90234375 MiB (Increase: 3.42578125 MiB)
Current lengths of episodes: [65, 65, 64, 64, 9, 13, 64, 64, 64, 64, 64, 64, 64, 64, 64, 64, 64, 64, 64, 64, 64, 9, 64, 24, 64, 64, 64, 64, 64, 64, 64, 64, 3, 64, 64, 64, 64, 64, 64, 64, 64, 64, 64, 64, 64, 64, 64, 64, 64, 64, 64, 64, 64, 64, 21, 64, 64, 64, 64, 64, 64, 64, 64, 64, 64, 64, 64, 64, 64, 8, 64, 64, 64, 64, 64, 64, 64, 64, 64, 64, 64, 64, 64, 64, 64, 64, 11, 64, 64, 8, 64, 64, 64, 64, 64, 64, 16, 64, 0, 64]
New longest episode length: 65, previous longest: 64
Memory usage at done (index 1, length 65, since_prev 1): 1825.546875 MiB (Increase: 21.64453125 MiB)
Memory usage before reset: 1825.546875 MiB (Increase: 0.0 MiB)
Memory usage after reset: 1828.6796875 MiB (Increase: 3.1328125 MiB)
Current lengths of episodes: [65, 0, 65, 65, 10, 14, 65, 65, 65, 65, 65, 65, 65, 65, 65, 65, 65, 65, 65, 65, 65, 10, 65, 24, 64, 64, 64, 64, 64, 64, 64, 64, 3, 64, 64, 64, 64, 64, 64, 64, 64, 64, 64, 64, 64, 64, 64, 64, 64, 64, 64, 64, 64, 64, 21, 64, 64, 64, 64, 64, 64, 64, 64, 64, 64, 64, 64, 64, 64, 8, 64, 64, 64, 64, 64, 64, 64, 64, 64, 64, 64, 64, 64, 64, 64, 64, 11, 64, 64, 8, 64, 64, 64, 64, 64, 64, 16, 64, 0, 64]
Memory usage at done (index 22, length 65, since_prev 0): 1828.6796875 MiB (Increase: 0.0 MiB)
Memory usage before reset: 1828.6796875 MiB (Increase: 0.0 MiB)
Memory usage after reset: 1832.21875 MiB (Increase: 3.5390625 MiB)
Current lengths of episodes: [65, 0, 65, 65, 10, 14, 65, 65, 65, 65, 65, 65, 65, 65, 65, 65, 65, 65, 65, 65, 65, 10, 0, 25, 65, 65, 65, 65, 65, 65, 65, 65, 4, 65, 65, 65, 65, 65, 65, 65, 65, 65, 65, 65, 65, 65, 65, 65, 65, 65, 65, 65, 65, 65, 22, 65, 65, 65, 65, 65, 65, 65, 65, 65, 65, 65, 65, 65, 64, 8, 64, 64, 64, 64, 64, 64, 64, 64, 64, 64, 64, 64, 64, 64, 64, 64, 11, 64, 64, 8, 64, 64, 64, 64, 64, 64, 16, 64, 0, 64]
Memory usage at done (index 67, length 65, since_prev 0): 1832.42578125 MiB (Increase: 0.20703125 MiB)
Memory usage before reset: 1832.42578125 MiB (Increase: 0.0 MiB)
Memory usage after reset: 1835.72265625 MiB (Increase: 3.296875 MiB)
Current lengths of episodes: [68, 3, 68, 68, 13, 17, 68, 68, 68, 68, 68, 68, 68, 68, 68, 68, 68, 68, 68, 68, 68, 13, 3, 28, 68, 68, 68, 68, 68, 68, 68, 68, 7, 68, 68, 68, 68, 68, 68, 68, 68, 68, 68, 68, 68, 68, 68, 68, 68, 68, 68, 68, 68, 68, 25, 68, 68, 68, 68, 68, 68, 68, 68, 68, 68, 68, 68, 3, 68, 12, 68, 68, 68, 68, 68, 68, 68, 67, 67, 67, 67, 67, 67, 67, 67, 67, 14, 67, 67, 11, 67, 67, 67, 67, 67, 67, 19, 67, 3, 67]
New longest episode length: 68, previous longest: 65
Memory usage at done (index 76, length 68, since_prev 3): 1900.85546875 MiB (Increase: 65.1328125 MiB)
Memory usage before reset: 1900.85546875 MiB (Increase: 0.0 MiB)
Memory usage after reset: 1904.08203125 MiB (Increase: 3.2265625 MiB)
Current lengths of episodes: [69, 4, 69, 69, 14, 18, 69, 69, 69, 69, 69, 69, 69, 69, 69, 69, 69, 69, 69, 69, 69, 14, 4, 29, 69, 69, 69, 69, 69, 69, 69, 69, 8, 69, 69, 69, 69, 68, 68, 68, 68, 68, 68, 68, 68, 68, 68, 68, 68, 68, 68, 68, 68, 68, 25, 68, 68, 68, 68, 68, 68, 68, 68, 68, 68, 68, 68, 3, 68, 12, 68, 68, 68, 68, 68, 68, 0, 68, 68, 68, 68, 68, 68, 68, 68, 68, 15, 68, 68, 12, 68, 68, 68, 68, 68, 68, 20, 68, 4, 68]
New longest episode length: 69, previous longest: 68
Memory usage at done (index 36, length 69, since_prev 1): 1925.94921875 MiB (Increase: 21.8671875 MiB)
Memory usage before reset: 1925.94921875 MiB (Increase: 0.0 MiB)
Memory usage after reset: 1928.9921875 MiB (Increase: 3.04296875 MiB)
Current lengths of episodes: [69, 4, 69, 69, 14, 18, 69, 69, 69, 69, 69, 69, 69, 69, 69, 69, 69, 69, 69, 69, 69, 14, 4, 29, 69, 69, 69, 69, 69, 69, 69, 69, 8, 69, 69, 69, 0, 69, 69, 69, 69, 69, 69, 69, 69, 69, 69, 69, 69, 69, 69, 69, 69, 69, 26, 69, 69, 69, 69, 69, 69, 69, 68, 68, 68, 68, 68, 3, 68, 12, 68, 68, 68, 68, 68, 68, 0, 68, 68, 68, 68, 68, 68, 68, 68, 68, 15, 68, 68, 12, 68, 68, 68, 68, 68, 68, 20, 68, 4, 68]
Memory usage at done (index 61, length 69, since_prev 0): 1929.21484375 MiB (Increase: 0.22265625 MiB)
Memory usage before reset: 1929.21484375 MiB (Increase: 0.0 MiB)
Memory usage after reset: 1932.765625 MiB (Increase: 3.55078125 MiB)
Current lengths of episodes: [71, 6, 71, 71, 16, 20, 71, 71, 71, 71, 71, 71, 71, 71, 71, 71, 71, 71, 71, 71, 71, 15, 5, 30, 70, 70, 70, 70, 70, 70, 70, 70, 9, 70, 70, 70, 1, 70, 70, 70, 70, 70, 70, 70, 70, 70, 70, 70, 70, 70, 70, 70, 70, 70, 27, 70, 70, 70, 70, 70, 70, 1, 70, 70, 70, 70, 70, 5, 70, 14, 70, 70, 70, 70, 70, 70, 2, 70, 70, 70, 70, 70, 70, 70, 70, 70, 17, 70, 70, 14, 70, 70, 70, 70, 70, 70, 22, 70, 6, 70]
New longest episode length: 71, previous longest: 69
Memory usage at done (index 20, length 71, since_prev 2): 1976.16796875 MiB (Increase: 43.40234375 MiB)
Memory usage before reset: 1976.16796875 MiB (Increase: 0.0 MiB)
Memory usage after reset: 1979.25 MiB (Increase: 3.08203125 MiB)
Current lengths of episodes: [72, 7, 72, 72, 17, 21, 72, 72, 72, 72, 72, 72, 71, 71, 71, 71, 71, 71, 71, 71, 0, 16, 6, 31, 71, 71, 71, 71, 71, 71, 71, 71, 10, 71, 71, 71, 2, 71, 71, 71, 71, 71, 71, 71, 71, 71, 71, 71, 71, 71, 71, 71, 71, 71, 28, 71, 71, 71, 71, 71, 71, 2, 71, 71, 71, 71, 71, 6, 71, 15, 71, 71, 71, 71, 71, 71, 3, 71, 71, 71, 71, 71, 71, 71, 71, 71, 18, 71, 71, 15, 71, 71, 71, 71, 71, 71, 23, 71, 7, 71]
New longest episode length: 72, previous longest: 71
Memory usage at done (index 11, length 72, since_prev 1): 2001.25 MiB (Increase: 22.0 MiB)
Memory usage before reset: 2001.25 MiB (Increase: 0.0 MiB)
Memory usage after reset: 2004.35546875 MiB (Increase: 3.10546875 MiB)
Current lengths of episodes: [72, 7, 72, 72, 17, 21, 72, 72, 72, 72, 72, 0, 72, 72, 72, 72, 72, 72, 72, 72, 1, 17, 7, 32, 72, 72, 72, 72, 72, 72, 72, 72, 11, 72, 72, 72, 3, 72, 72, 72, 72, 72, 72, 72, 72, 72, 72, 72, 72, 72, 72, 72, 72, 72, 29, 72, 72, 72, 72, 72, 72, 3, 72, 72, 71, 71, 71, 6, 71, 15, 71, 71, 71, 71, 71, 71, 3, 71, 71, 71, 71, 71, 71, 71, 71, 71, 18, 71, 71, 15, 71, 71, 71, 71, 71, 71, 23, 71, 7, 71]
Memory usage at done (index 63, length 72, since_prev 0): 2004.54296875 MiB (Increase: 0.1875 MiB)
Memory usage before reset: 2004.54296875 MiB (Increase: 0.0 MiB)
Memory usage after reset: 2008.0703125 MiB (Increase: 3.52734375 MiB)
Current lengths of episodes: [72, 7, 72, 72, 17, 21, 72, 72, 72, 72, 72, 0, 72, 72, 72, 72, 72, 72, 72, 72, 1, 17, 7, 32, 72, 72, 72, 72, 72, 72, 72, 72, 11, 72, 72, 72, 3, 72, 72, 72, 72, 72, 72, 72, 72, 72, 72, 72, 72, 72, 72, 72, 72, 72, 29, 72, 72, 72, 72, 72, 72, 3, 72, 0, 72, 72, 72, 7, 72, 16, 72, 72, 72, 72, 72, 72, 3, 71, 71, 71, 71, 71, 71, 71, 71, 71, 18, 71, 71, 15, 71, 71, 71, 71, 71, 71, 23, 71, 7, 71]
Memory usage at done (index 75, length 72, since_prev 0): 2008.0703125 MiB (Increase: 0.0 MiB)
Memory usage before reset: 2008.0703125 MiB (Increase: 0.0 MiB)
Memory usage after reset: 2011.640625 MiB (Increase: 3.5703125 MiB)
Current lengths of episodes: [73, 8, 73, 73, 18, 22, 73, 73, 73, 73, 73, 1, 73, 73, 73, 73, 73, 73, 73, 73, 2, 18, 8, 33, 73, 73, 73, 73, 73, 73, 73, 73, 12, 73, 73, 73, 4, 73, 73, 73, 73, 72, 72, 72, 72, 72, 72, 72, 72, 72, 72, 72, 72, 72, 29, 72, 72, 72, 72, 72, 72, 3, 72, 0, 72, 72, 72, 7, 72, 16, 72, 72, 72, 72, 72, 0, 4, 72, 72, 72, 72, 72, 72, 72, 72, 72, 19, 72, 72, 16, 72, 72, 72, 72, 72, 72, 24, 72, 8, 72]
New longest episode length: 73, previous longest: 72
Memory usage at done (index 40, length 73, since_prev 1): 2033.6328125 MiB (Increase: 21.9921875 MiB)
Memory usage before reset: 2033.6328125 MiB (Increase: 0.0 MiB)
Memory usage after reset: 2036.71875 MiB (Increase: 3.0859375 MiB)
Current lengths of episodes: [74, 9, 74, 74, 19, 23, 74, 74, 74, 74, 74, 2, 74, 74, 74, 74, 74, 74, 74, 74, 3, 19, 9, 34, 74, 74, 74, 74, 74, 74, 74, 74, 13, 74, 74, 74, 4, 73, 73, 73, 0, 73, 73, 73, 73, 73, 73, 73, 73, 73, 73, 73, 73, 73, 30, 73, 73, 73, 73, 73, 73, 4, 73, 1, 73, 73, 73, 8, 73, 17, 73, 73, 73, 73, 73, 1, 5, 73, 73, 73, 73, 73, 73, 73, 73, 73, 20, 73, 73, 17, 73, 73, 73, 73, 73, 73, 25, 73, 9, 73]
New longest episode length: 74, previous longest: 73
Memory usage at done (index 35, length 74, since_prev 1): 2058.73828125 MiB (Increase: 22.01953125 MiB)
Memory usage before reset: 2058.73828125 MiB (Increase: 0.0 MiB)
Memory usage after reset: 2061.78515625 MiB (Increase: 3.046875 MiB)
Current lengths of episodes: [75, 10, 75, 75, 20, 24, 75, 75, 75, 75, 75, 3, 75, 75, 75, 75, 75, 75, 75, 75, 4, 20, 10, 35, 75, 75, 75, 75, 75, 75, 75, 75, 14, 75, 75, 1, 6, 75, 75, 75, 2, 75, 75, 75, 75, 75, 75, 75, 75, 75, 75, 75, 75, 75, 32, 75, 75, 75, 75, 75, 75, 6, 75, 3, 75, 75, 75, 10, 75, 19, 75, 75, 75, 75, 75, 3, 7, 75, 75, 75, 75, 75, 75, 75, 75, 75, 22, 75, 75, 19, 75, 74, 74, 74, 74, 74, 26, 74, 10, 74]
New longest episode length: 75, previous longest: 74
Memory usage at done (index 90, length 75, since_prev 1): 2083.84765625 MiB (Increase: 22.0625 MiB)
Memory usage before reset: 2083.84765625 MiB (Increase: 0.0 MiB)
Memory usage after reset: 2087.28125 MiB (Increase: 3.43359375 MiB)
Current lengths of episodes: [78, 13, 78, 78, 23, 27, 78, 78, 78, 78, 78, 6, 78, 78, 78, 77, 77, 77, 77, 77, 6, 22, 12, 37, 77, 77, 77, 77, 77, 77, 77, 77, 16, 77, 77, 3, 8, 77, 77, 77, 4, 77, 77, 77, 77, 77, 77, 77, 77, 77, 77, 77, 77, 77, 34, 77, 77, 77, 77, 77, 77, 8, 77, 5, 77, 77, 77, 12, 77, 21, 77, 77, 77, 77, 77, 5, 9, 77, 77, 77, 77, 77, 77, 77, 77, 77, 24, 77, 77, 21, 2, 77, 77, 77, 77, 77, 29, 77, 13, 77]
New longest episode length: 78, previous longest: 75
Memory usage at done (index 14, length 78, since_prev 3): 2152.08984375 MiB (Increase: 64.80859375 MiB)
Memory usage before reset: 2152.08984375 MiB (Increase: 0.0 MiB)
Memory usage after reset: 2155.18359375 MiB (Increase: 3.09375 MiB)
Current lengths of episodes: [78, 13, 78, 78, 23, 27, 78, 78, 78, 78, 78, 6, 78, 78, 0, 78, 78, 78, 78, 78, 7, 23, 13, 38, 78, 78, 78, 78, 78, 78, 78, 78, 17, 78, 78, 4, 9, 78, 78, 78, 5, 78, 77, 77, 77, 77, 77, 77, 77, 77, 77, 77, 77, 77, 34, 77, 77, 77, 77, 77, 77, 8, 77, 5, 77, 77, 77, 12, 77, 21, 77, 77, 77, 77, 77, 5, 9, 77, 77, 77, 77, 77, 77, 77, 77, 77, 24, 77, 77, 21, 2, 77, 77, 77, 77, 77, 29, 77, 13, 77]
Memory usage at done (index 41, length 78, since_prev 0): 2155.18359375 MiB (Increase: 0.0 MiB)
Memory usage before reset: 2155.18359375 MiB (Increase: 0.0 MiB)
Memory usage after reset: 2158.6953125 MiB (Increase: 3.51171875 MiB)
Current lengths of episodes: [80, 15, 80, 79, 24, 28, 79, 79, 79, 79, 79, 7, 79, 79, 1, 79, 79, 79, 79, 79, 8, 24, 14, 39, 79, 79, 79, 79, 79, 79, 79, 79, 18, 79, 79, 5, 10, 79, 79, 79, 6, 1, 79, 79, 79, 79, 79, 79, 79, 79, 79, 79, 79, 79, 36, 79, 79, 79, 79, 79, 79, 10, 79, 7, 79, 79, 79, 14, 79, 23, 79, 79, 79, 79, 79, 7, 11, 79, 79, 79, 79, 79, 79, 79, 79, 79, 26, 79, 79, 23, 4, 79, 79, 79, 79, 79, 31, 79, 15, 79]
New longest episode length: 80, previous longest: 78
Memory usage at done (index 2, length 80, since_prev 2): 2202.296875 MiB (Increase: 43.6015625 MiB)
Memory usage before reset: 2202.296875 MiB (Increase: 0.0 MiB)
Memory usage after reset: 2205.3359375 MiB (Increase: 3.0390625 MiB)
Current lengths of episodes: [86, 21, 6, 86, 31, 35, 86, 86, 86, 86, 86, 14, 86, 86, 8, 86, 86, 86, 86, 86, 15, 31, 21, 46, 86, 86, 86, 86, 86, 86, 86, 86, 25, 86, 86, 12, 17, 86, 86, 86, 13, 8, 86, 86, 86, 86, 86, 86, 86, 85, 85, 85, 85, 85, 42, 85, 85, 85, 85, 85, 85, 16, 85, 13, 85, 85, 85, 20, 85, 29, 85, 85, 85, 85, 85, 13, 17, 85, 85, 85, 85, 85, 85, 85, 85, 85, 32, 85, 85, 29, 10, 85, 85, 85, 85, 85, 37, 85, 21, 85]
New longest episode length: 86, previous longest: 80
Memory usage at done (index 48, length 86, since_prev 6): 2335.33203125 MiB (Increase: 129.99609375 MiB)
Memory usage before reset: 2335.33203125 MiB (Increase: 0.0 MiB)
Memory usage after reset: 2338.61328125 MiB (Increase: 3.28125 MiB)
Current lengths of episodes: [87, 22, 7, 87, 31, 35, 86, 86, 86, 86, 86, 14, 86, 86, 8, 86, 86, 86, 86, 86, 15, 31, 21, 46, 86, 86, 86, 86, 86, 86, 86, 86, 25, 86, 86, 12, 17, 86, 86, 86, 13, 8, 86, 86, 86, 86, 86, 86, 0, 86, 86, 86, 86, 86, 43, 86, 86, 86, 86, 86, 86, 17, 86, 14, 86, 86, 86, 21, 86, 30, 86, 86, 86, 86, 86, 14, 18, 86, 86, 86, 86, 86, 86, 86, 86, 86, 33, 86, 86, 30, 11, 86, 86, 86, 86, 86, 38, 86, 22, 86]
New longest episode length: 87, previous longest: 86
Memory usage at done (index 3, length 87, since_prev 1): 2360.43359375 MiB (Increase: 21.8203125 MiB)
Memory usage before reset: 2360.43359375 MiB (Increase: 0.0 MiB)
Memory usage after reset: 2363.46875 MiB (Increase: 3.03515625 MiB)
Current lengths of episodes: [89, 24, 9, 2, 34, 38, 89, 89, 89, 89, 89, 17, 89, 89, 11, 89, 89, 89, 89, 89, 18, 34, 24, 49, 89, 89, 89, 89, 89, 89, 89, 89, 28, 89, 89, 15, 20, 89, 89, 89, 16, 11, 89, 89, 89, 89, 89, 89, 3, 89, 89, 89, 89, 89, 46, 89, 89, 89, 89, 89, 89, 20, 89, 16, 88, 88, 88, 23, 88, 32, 88, 88, 88, 88, 88, 16, 20, 88, 88, 88, 88, 88, 88, 88, 88, 88, 35, 88, 88, 32, 13, 88, 88, 88, 88, 88, 40, 88, 24, 88]
New longest episode length: 89, previous longest: 87
Memory usage at done (index 62, length 89, since_prev 2): 2407.1015625 MiB (Increase: 43.6328125 MiB)
Memory usage before reset: 2407.1015625 MiB (Increase: 0.0 MiB)
Memory usage after reset: 2410.42578125 MiB (Increase: 3.32421875 MiB)
Current lengths of episodes: [89, 24, 9, 2, 34, 38, 89, 89, 89, 89, 89, 17, 89, 89, 11, 89, 89, 89, 89, 89, 18, 34, 24, 49, 89, 89, 89, 89, 89, 89, 89, 89, 28, 89, 89, 15, 20, 89, 89, 89, 16, 11, 89, 89, 89, 89, 89, 89, 3, 89, 89, 89, 89, 89, 46, 89, 89, 89, 89, 89, 89, 20, 0, 17, 89, 89, 89, 24, 89, 33, 89, 89, 89, 89, 89, 17, 21, 89, 89, 89, 89, 89, 89, 89, 89, 89, 36, 89, 89, 33, 14, 89, 89, 89, 88, 88, 40, 88, 24, 88]
Memory usage at done (index 93, length 89, since_prev 0): 2410.42578125 MiB (Increase: 0.0 MiB)
Memory usage before reset: 2410.42578125 MiB (Increase: 0.0 MiB)
Memory usage after reset: 2413.90625 MiB (Increase: 3.48046875 MiB)
Current lengths of episodes: [90, 25, 10, 3, 35, 39, 90, 90, 90, 90, 90, 18, 90, 90, 12, 90, 90, 90, 90, 90, 19, 35, 25, 50, 90, 90, 90, 90, 90, 90, 90, 90, 29, 90, 90, 16, 21, 90, 90, 90, 17, 12, 90, 90, 90, 90, 90, 90, 4, 90, 90, 90, 90, 90, 47, 90, 90, 90, 90, 90, 90, 21, 1, 18, 90, 90, 89, 24, 89, 33, 89, 89, 89, 89, 89, 17, 21, 89, 89, 89, 89, 89, 89, 89, 89, 89, 36, 89, 89, 33, 14, 89, 89, 0, 89, 89, 41, 89, 25, 89]
New longest episode length: 90, previous longest: 89
Memory usage at done (index 65, length 90, since_prev 1): 2435.7265625 MiB (Increase: 21.8203125 MiB)
Memory usage before reset: 2435.7265625 MiB (Increase: 0.0 MiB)
Memory usage after reset: 2438.9921875 MiB (Increase: 3.265625 MiB)
Current lengths of episodes: [98, 33, 18, 11, 43, 47, 98, 98, 98, 98, 98, 26, 98, 98, 20, 98, 98, 98, 98, 98, 27, 43, 33, 58, 98, 98, 98, 98, 97, 97, 97, 97, 36, 97, 97, 23, 28, 97, 97, 97, 24, 19, 97, 97, 97, 97, 97, 97, 11, 97, 97, 97, 97, 97, 54, 97, 97, 97, 97, 97, 97, 28, 8, 25, 97, 7, 97, 32, 97, 41, 97, 97, 97, 97, 97, 25, 29, 97, 97, 97, 97, 97, 97, 97, 97, 97, 44, 97, 97, 41, 22, 97, 97, 8, 97, 97, 49, 97, 33, 97]
New longest episode length: 98, previous longest: 90
Memory usage at done (index 27, length 98, since_prev 8): 2611.859375 MiB (Increase: 172.8671875 MiB)
Memory usage before reset: 2611.859375 MiB (Increase: 0.0 MiB)
Memory usage after reset: 2614.92578125 MiB (Increase: 3.06640625 MiB)
Current lengths of episodes: [98, 33, 18, 11, 43, 47, 98, 98, 98, 98, 98, 26, 98, 98, 20, 98, 98, 98, 98, 98, 27, 43, 33, 58, 98, 98, 98, 0, 98, 98, 98, 98, 37, 98, 98, 24, 29, 98, 98, 98, 25, 20, 98, 98, 98, 98, 98, 98, 12, 98, 98, 98, 98, 98, 55, 98, 98, 98, 98, 98, 98, 29, 9, 26, 98, 8, 98, 33, 98, 42, 98, 98, 98, 98, 98, 26, 30, 98, 97, 97, 97, 97, 97, 97, 97, 97, 44, 97, 97, 41, 22, 97, 97, 8, 97, 97, 49, 97, 33, 97]
Memory usage at done (index 77, length 98, since_prev 0): 2615.14453125 MiB (Increase: 0.21875 MiB)
Memory usage before reset: 2615.14453125 MiB (Increase: 0.0 MiB)
Memory usage after reset: 2618.64453125 MiB (Increase: 3.5 MiB)
Current lengths of episodes: [99, 34, 19, 12, 44, 47, 98, 98, 98, 98, 98, 26, 98, 98, 20, 98, 98, 98, 98, 98, 27, 43, 33, 58, 98, 98, 98, 0, 98, 98, 98, 98, 37, 98, 98, 24, 29, 98, 98, 98, 25, 20, 98, 98, 98, 98, 98, 98, 12, 98, 98, 98, 98, 98, 55, 98, 98, 98, 98, 98, 98, 29, 9, 26, 98, 8, 98, 33, 98, 42, 98, 98, 98, 98, 98, 26, 30, 0, 98, 98, 98, 98, 98, 98, 98, 98, 45, 98, 98, 42, 23, 98, 98, 9, 98, 98, 50, 98, 34, 98]
Memory usage at done (index 4, length 44, since_prev 1): 2640.47265625 MiB (Increase: 21.828125 MiB)
Memory usage before reset: 2640.47265625 MiB (Increase: 0.0 MiB)
Memory usage after reset: 2643.58984375 MiB (Increase: 3.1171875 MiB)
Current lengths of episodes: [99, 34, 19, 12, 0, 48, 99, 99, 99, 99, 99, 27, 99, 99, 21, 99, 99, 99, 99, 99, 28, 44, 34, 59, 99, 99, 99, 1, 99, 99, 99, 99, 38, 99, 99, 25, 30, 99, 99, 99, 26, 21, 99, 99, 99, 99, 98, 98, 12, 98, 98, 98, 98, 98, 55, 98, 98, 98, 98, 98, 98, 29, 9, 26, 98, 8, 98, 33, 98, 42, 98, 98, 98, 98, 98, 26, 30, 0, 98, 98, 98, 98, 98, 98, 98, 98, 45, 98, 98, 42, 23, 98, 98, 9, 98, 98, 50, 98, 34, 98]
New longest episode length: 99, previous longest: 98
Memory usage at done (index 45, length 99, since_prev 0): 2643.58984375 MiB (Increase: 0.0 MiB)
Memory usage before reset: 2643.58984375 MiB (Increase: 0.0 MiB)
Memory usage after reset: 2647.07421875 MiB (Increase: 3.484375 MiB)
Current lengths of episodes: [99, 34, 19, 12, 0, 48, 99, 99, 99, 99, 99, 27, 99, 99, 21, 99, 99, 99, 99, 99, 28, 44, 34, 59, 99, 99, 99, 1, 99, 99, 99, 99, 38, 99, 99, 25, 30, 99, 99, 99, 26, 21, 99, 99, 99, 0, 99, 99, 13, 99, 99, 99, 99, 99, 56, 99, 99, 99, 99, 99, 99, 30, 10, 27, 99, 9, 99, 33, 98, 42, 98, 98, 98, 98, 98, 26, 30, 0, 98, 98, 98, 98, 98, 98, 98, 98, 45, 98, 98, 42, 23, 98, 98, 9, 98, 98, 50, 98, 34, 98]
Memory usage at done (index 66, length 99, since_prev 0): 2647.33203125 MiB (Increase: 0.2578125 MiB)
Memory usage before reset: 2647.33203125 MiB (Increase: 0.0 MiB)
Memory usage after reset: 2650.6328125 MiB (Increase: 3.30078125 MiB)
Current lengths of episodes: [102, 37, 22, 15, 3, 51, 102, 102, 102, 102, 102, 30, 102, 102, 24, 102, 102, 102, 102, 102, 31, 47, 37, 62, 102, 102, 102, 4, 102, 102, 102, 102, 41, 102, 102, 28, 33, 102, 102, 102, 29, 24, 102, 102, 102, 3, 102, 102, 16, 102, 102, 102, 102, 102, 58, 101, 101, 101, 101, 101, 101, 32, 12, 29, 101, 11, 2, 36, 101, 45, 101, 101, 101, 101, 101, 29, 33, 3, 101, 101, 101, 101, 101, 101, 101, 101, 48, 101, 101, 45, 26, 101, 101, 12, 101, 101, 53, 101, 37, 101]
New longest episode length: 102, previous longest: 99
Memory usage at done (index 53, length 102, since_prev 3): 2715.78515625 MiB (Increase: 65.15234375 MiB)
Memory usage before reset: 2715.78515625 MiB (Increase: 0.0 MiB)
Memory usage after reset: 2718.98046875 MiB (Increase: 3.1953125 MiB)
Current lengths of episodes: [108, 43, 28, 21, 9, 57, 108, 108, 108, 108, 108, 36, 108, 108, 30, 108, 108, 108, 108, 108, 37, 53, 43, 68, 108, 108, 108, 10, 108, 108, 108, 108, 47, 108, 108, 34, 39, 108, 108, 108, 35, 30, 108, 108, 108, 9, 108, 108, 22, 108, 108, 108, 108, 6, 65, 108, 108, 108, 108, 108, 108, 39, 19, 36, 108, 18, 9, 43, 108, 52, 108, 108, 108, 108, 108, 36, 40, 10, 108, 108, 108, 108, 108, 108, 108, 108, 55, 107, 107, 51, 32, 107, 107, 18, 107, 107, 59, 107, 43, 107]
Memory usage at done (index 86, length 55, since_prev 6): 2848.734375 MiB (Increase: 129.75390625 MiB)
Memory usage before reset: 2848.734375 MiB (Increase: 0.0 MiB)
Memory usage after reset: 2851.93359375 MiB (Increase: 3.19921875 MiB)
Current lengths of episodes: [109, 44, 29, 22, 10, 58, 109, 109, 109, 109, 109, 37, 109, 109, 31, 109, 109, 109, 109, 109, 38, 54, 44, 69, 109, 109, 109, 11, 109, 109, 109, 109, 48, 109, 109, 35, 40, 109, 109, 109, 36, 31, 109, 109, 109, 10, 109, 109, 23, 109, 109, 109, 109, 7, 66, 109, 109, 109, 109, 109, 109, 40, 20, 37, 109, 19, 10, 44, 109, 53, 109, 109, 109, 109, 109, 37, 41, 11, 109, 109, 108, 108, 108, 108, 108, 108, 0, 108, 108, 52, 33, 108, 108, 19, 108, 108, 60, 108, 44, 108]
New longest episode length: 109, previous longest: 102
Memory usage at done (index 79, length 109, since_prev 1): 2873.83203125 MiB (Increase: 21.8984375 MiB)
Memory usage before reset: 2873.83203125 MiB (Increase: 0.0 MiB)
Memory usage after reset: 2877.05078125 MiB (Increase: 3.21875 MiB)
Current lengths of episodes: [112, 47, 32, 25, 13, 61, 112, 112, 112, 112, 112, 40, 112, 112, 34, 112, 112, 112, 112, 112, 41, 57, 47, 72, 112, 112, 112, 14, 112, 112, 112, 112, 51, 112, 112, 38, 43, 112, 112, 112, 39, 34, 112, 112, 112, 13, 112, 112, 26, 112, 112, 112, 112, 10, 69, 112, 112, 112, 112, 112, 112, 43, 23, 40, 112, 22, 13, 47, 112, 56, 112, 111, 111, 111, 111, 39, 43, 13, 111, 2, 111, 111, 111, 111, 111, 111, 3, 111, 111, 55, 36, 111, 111, 22, 111, 111, 63, 111, 47, 111]
New longest episode length: 112, previous longest: 109
Memory usage at done (index 70, length 112, since_prev 3): 2942.26953125 MiB (Increase: 65.21875 MiB)
Memory usage before reset: 2942.26953125 MiB (Increase: 0.0 MiB)
Memory usage after reset: 2945.5 MiB (Increase: 3.23046875 MiB)
Current lengths of episodes: [118, 53, 38, 31, 19, 67, 118, 118, 118, 118, 118, 46, 118, 118, 40, 118, 118, 118, 118, 118, 47, 63, 52, 77, 117, 117, 117, 19, 117, 117, 117, 117, 56, 117, 117, 43, 48, 117, 117, 117, 44, 39, 117, 117, 117, 18, 117, 117, 31, 117, 117, 117, 117, 15, 74, 117, 117, 117, 117, 117, 117, 48, 28, 45, 117, 27, 18, 52, 117, 61, 5, 117, 117, 117, 117, 45, 49, 19, 117, 8, 117, 117, 117, 117, 117, 117, 9, 117, 117, 61, 42, 117, 117, 28, 117, 117, 69, 117, 53, 117]
Memory usage at done (index 21, length 63, since_prev 6): 3075.25 MiB (Increase: 129.75 MiB)
Memory usage before reset: 3075.25 MiB (Increase: 0.0 MiB)
Memory usage after reset: 3078.265625 MiB (Increase: 3.015625 MiB)
Current lengths of episodes: [118, 53, 38, 31, 19, 67, 118, 118, 118, 118, 118, 46, 118, 118, 40, 118, 118, 118, 118, 118, 47, 0, 53, 78, 118, 118, 118, 20, 118, 118, 118, 118, 57, 118, 118, 44, 49, 118, 118, 118, 45, 40, 118, 118, 118, 19, 118, 118, 32, 118, 118, 118, 118, 16, 75, 118, 118, 118, 118, 118, 118, 49, 29, 46, 118, 28, 19, 53, 118, 62, 6, 118, 117, 117, 117, 45, 49, 19, 117, 8, 117, 117, 117, 117, 117, 117, 9, 117, 117, 61, 42, 117, 117, 28, 117, 117, 69, 117, 53, 117]
New longest episode length: 118, previous longest: 112
Memory usage at done (index 71, length 118, since_prev 0): 3078.484375 MiB (Increase: 0.21875 MiB)
Memory usage before reset: 3078.484375 MiB (Increase: 0.0 MiB)
Memory usage after reset: 3081.984375 MiB (Increase: 3.5 MiB)
Current lengths of episodes: [118, 53, 38, 31, 19, 67, 118, 118, 118, 118, 118, 46, 118, 118, 40, 118, 118, 118, 118, 118, 47, 0, 53, 78, 118, 118, 118, 20, 118, 118, 118, 118, 57, 118, 118, 44, 49, 118, 118, 118, 45, 40, 118, 118, 118, 19, 118, 118, 32, 118, 118, 118, 118, 16, 75, 118, 118, 118, 118, 118, 118, 49, 29, 46, 118, 28, 19, 53, 118, 62, 6, 0, 118, 118, 118, 46, 50, 20, 118, 9, 118, 118, 118, 118, 118, 118, 10, 118, 118, 62, 43, 118, 117, 28, 117, 117, 69, 117, 53, 117]
Memory usage at done (index 91, length 118, since_prev 0): 3081.984375 MiB (Increase: 0.0 MiB)
Memory usage before reset: 3081.984375 MiB (Increase: 0.0 MiB)
Memory usage after reset: 3085.54296875 MiB (Increase: 3.55859375 MiB)
Current lengths of episodes: [120, 55, 40, 33, 21, 69, 120, 120, 120, 120, 120, 48, 120, 120, 42, 120, 120, 120, 120, 120, 49, 2, 55, 80, 120, 120, 120, 22, 120, 120, 120, 120, 59, 120, 120, 46, 51, 120, 120, 120, 47, 42, 120, 120, 120, 21, 120, 120, 34, 120, 120, 120, 120, 18, 77, 120, 120, 120, 120, 120, 120, 51, 31, 48, 120, 30, 21, 55, 120, 64, 7, 1, 119, 119, 119, 47, 51, 21, 119, 10, 119, 119, 119, 119, 119, 119, 11, 119, 119, 63, 44, 1, 119, 30, 119, 119, 71, 119, 55, 119]
Memory usage at done (index 69, length 64, since_prev 2): 3128.9921875 MiB (Increase: 43.44921875 MiB)
Memory usage before reset: 3128.9921875 MiB (Increase: 0.0 MiB)
Memory usage after reset: 3132.21875 MiB (Increase: 3.2265625 MiB)
Current lengths of episodes: [122, 57, 42, 35, 23, 71, 122, 122, 122, 122, 122, 50, 121, 121, 43, 121, 121, 121, 121, 121, 50, 3, 56, 81, 121, 121, 121, 23, 121, 121, 121, 121, 60, 121, 121, 47, 52, 121, 121, 121, 48, 43, 121, 121, 121, 22, 121, 121, 35, 121, 121, 121, 121, 19, 78, 121, 121, 121, 121, 121, 121, 52, 32, 49, 121, 31, 22, 56, 121, 1, 9, 3, 121, 121, 121, 49, 53, 23, 121, 12, 121, 121, 121, 121, 121, 121, 13, 121, 121, 65, 46, 3, 121, 32, 121, 121, 73, 121, 57, 121]
Memory usage at done (index 11, length 50, since_prev 2): 3175.65625 MiB (Increase: 43.4375 MiB)
Memory usage before reset: 3175.65625 MiB (Increase: 0.0 MiB)
Memory usage after reset: 3178.69140625 MiB (Increase: 3.03515625 MiB)
Current lengths of episodes: [123, 57, 42, 35, 23, 71, 122, 122, 122, 122, 122, 0, 122, 122, 44, 122, 122, 122, 122, 122, 51, 4, 57, 82, 122, 122, 122, 24, 122, 122, 122, 122, 61, 122, 122, 48, 53, 122, 122, 122, 49, 44, 122, 122, 122, 23, 122, 122, 36, 122, 122, 122, 122, 20, 79, 122, 122, 122, 122, 122, 122, 53, 33, 50, 122, 32, 23, 57, 122, 2, 10, 4, 122, 122, 122, 50, 54, 24, 122, 13, 122, 122, 122, 122, 122, 122, 14, 122, 122, 66, 47, 4, 122, 33, 122, 122, 74, 122, 58, 122]
New longest episode length: 123, previous longest: 118
Memory usage at done (index 0, length 123, since_prev 1): 3200.76171875 MiB (Increase: 22.0703125 MiB)
Memory usage before reset: 3200.76171875 MiB (Increase: 0.0 MiB)
Memory usage after reset: 3203.875 MiB (Increase: 3.11328125 MiB)
Current lengths of episodes: [0, 58, 43, 36, 24, 72, 123, 123, 123, 123, 123, 1, 123, 123, 45, 123, 123, 123, 123, 123, 52, 5, 58, 83, 123, 123, 123, 25, 123, 123, 123, 123, 62, 123, 123, 49, 54, 123, 122, 122, 49, 44, 122, 122, 122, 23, 122, 122, 36, 122, 122, 122, 122, 20, 79, 122, 122, 122, 122, 122, 122, 53, 33, 50, 122, 32, 23, 57, 122, 2, 10, 4, 122, 122, 122, 50, 54, 24, 122, 13, 122, 122, 122, 122, 122, 122, 14, 122, 122, 66, 47, 4, 122, 33, 122, 122, 74, 122, 58, 122]
Memory usage at done (index 37, length 123, since_prev 0): 3203.875 MiB (Increase: 0.0 MiB)
Memory usage before reset: 3203.875 MiB (Increase: 0.0 MiB)
Memory usage after reset: 3207.375 MiB (Increase: 3.5 MiB)
Current lengths of episodes: [2, 60, 45, 38, 26, 74, 125, 125, 125, 125, 125, 3, 125, 125, 47, 125, 125, 125, 125, 125, 54, 7, 60, 85, 125, 125, 125, 27, 125, 125, 125, 125, 64, 125, 125, 51, 56, 2, 125, 125, 52, 47, 125, 125, 125, 26, 125, 125, 39, 125, 125, 125, 125, 23, 82, 125, 125, 125, 125, 125, 125, 56, 36, 53, 125, 35, 26, 60, 125, 5, 13, 7, 125, 125, 125, 53, 57, 27, 125, 16, 125, 125, 125, 125, 125, 125, 17, 125, 125, 69, 50, 7, 125, 36, 125, 125, 77, 124, 60, 124]
Memory usage at done (index 96, length 77, since_prev 2): 3250.9609375 MiB (Increase: 43.5859375 MiB)
Memory usage before reset: 3250.9609375 MiB (Increase: 0.0 MiB)
Memory usage after reset: 3254.3203125 MiB (Increase: 3.359375 MiB)
Current lengths of episodes: [5, 63, 48, 41, 29, 77, 128, 128, 128, 128, 128, 6, 128, 128, 50, 128, 128, 128, 128, 128, 57, 10, 63, 88, 128, 128, 128, 30, 128, 128, 128, 128, 67, 128, 128, 54, 58, 4, 127, 127, 54, 49, 127, 127, 127, 28, 127, 127, 41, 127, 127, 127, 127, 25, 84, 127, 127, 127, 127, 127, 127, 58, 38, 55, 127, 37, 28, 62, 127, 7, 15, 9, 127, 127, 127, 55, 59, 29, 127, 18, 127, 127, 127, 127, 127, 127, 19, 127, 127, 71, 52, 9, 127, 38, 127, 127, 2, 127, 63, 127]
Memory usage at done (index 35, length 54, since_prev 3): 3319.2109375 MiB (Increase: 64.890625 MiB)
Memory usage before reset: 3319.2109375 MiB (Increase: 0.0 MiB)
Memory usage after reset: 3322.25 MiB (Increase: 3.0390625 MiB)
Current lengths of episodes: [7, 65, 50, 43, 31, 79, 130, 130, 130, 130, 130, 8, 130, 130, 52, 130, 130, 130, 130, 130, 59, 12, 65, 90, 130, 130, 130, 32, 130, 130, 130, 130, 69, 130, 130, 2, 61, 7, 130, 130, 57, 52, 130, 130, 130, 31, 130, 130, 43, 129, 129, 129, 129, 27, 86, 129, 129, 129, 129, 129, 129, 60, 40, 57, 129, 39, 30, 64, 129, 9, 17, 11, 129, 129, 129, 57, 61, 31, 129, 20, 129, 129, 129, 129, 129, 129, 21, 129, 129, 73, 54, 11, 129, 40, 129, 129, 4, 129, 65, 129]
New longest episode length: 130, previous longest: 123
Memory usage at done (index 47, length 130, since_prev 2): 3365.875 MiB (Increase: 43.625 MiB)
Memory usage before reset: 3365.875 MiB (Increase: 0.0 MiB)
Memory usage after reset: 3369.08984375 MiB (Increase: 3.21484375 MiB)
Current lengths of episodes: [9, 67, 52, 45, 33, 81, 132, 132, 132, 132, 132, 10, 132, 132, 54, 132, 132, 132, 132, 132, 61, 14, 67, 92, 132, 132, 132, 34, 132, 132, 132, 132, 71, 132, 132, 4, 63, 9, 132, 132, 59, 54, 132, 132, 132, 33, 132, 2, 46, 132, 132, 132, 132, 30, 89, 132, 132, 132, 132, 132, 132, 63, 43, 60, 132, 41, 32, 66, 131, 11, 19, 13, 131, 131, 131, 59, 63, 33, 131, 22, 131, 131, 131, 131, 131, 131, 23, 131, 131, 75, 56, 13, 131, 42, 131, 131, 6, 131, 67, 131]
New longest episode length: 132, previous longest: 130
Memory usage at done (index 64, length 132, since_prev 2): 3412.546875 MiB (Increase: 43.45703125 MiB)
Memory usage before reset: 3412.546875 MiB (Increase: 0.0 MiB)
Memory usage after reset: 3415.78125 MiB (Increase: 3.234375 MiB)
Current lengths of episodes: [14, 72, 57, 50, 38, 86, 136, 136, 136, 136, 136, 14, 136, 136, 58, 136, 136, 136, 136, 136, 65, 18, 71, 96, 136, 136, 136, 38, 136, 136, 136, 136, 75, 136, 136, 8, 67, 13, 136, 136, 63, 58, 136, 136, 136, 37, 136, 6, 50, 136, 136, 136, 136, 34, 93, 136, 136, 136, 136, 136, 136, 67, 47, 64, 4, 46, 37, 71, 136, 16, 24, 18, 136, 136, 136, 64, 68, 38, 136, 27, 136, 136, 136, 136, 136, 136, 28, 136, 136, 80, 61, 18, 136, 47, 136, 136, 11, 136, 72, 136]
Memory usage at done (index 5, length 86, since_prev 5): 3523.94140625 MiB (Increase: 108.16015625 MiB)
Memory usage before reset: 3523.94140625 MiB (Increase: 0.0 MiB)
Memory usage after reset: 3527.0546875 MiB (Increase: 3.11328125 MiB)
Current lengths of episodes: [14, 72, 57, 50, 38, 0, 137, 137, 137, 137, 137, 15, 137, 137, 59, 137, 137, 137, 137, 137, 66, 19, 72, 97, 137, 137, 137, 39, 137, 137, 137, 137, 76, 137, 137, 9, 68, 14, 137, 137, 64, 59, 137, 137, 137, 38, 137, 7, 51, 137, 137, 137, 137, 35, 94, 137, 137, 137, 137, 137, 137, 68, 48, 65, 5, 47, 38, 72, 137, 17, 25, 19, 137, 137, 136, 64, 68, 38, 136, 27, 136, 136, 136, 136, 136, 136, 28, 136, 136, 80, 61, 18, 136, 47, 136, 136, 11, 136, 72, 136]
New longest episode length: 137, previous longest: 132
Memory usage at done (index 73, length 137, since_prev 0): 3527.328125 MiB (Increase: 0.2734375 MiB)
Memory usage before reset: 3527.328125 MiB (Increase: 0.0 MiB)
Memory usage after reset: 3530.6328125 MiB (Increase: 3.3046875 MiB)
Current lengths of episodes: [16, 74, 59, 51, 39, 1, 138, 138, 138, 138, 138, 16, 138, 138, 60, 138, 138, 138, 138, 138, 67, 20, 73, 98, 138, 138, 138, 40, 138, 138, 138, 138, 77, 138, 138, 10, 69, 15, 138, 138, 65, 60, 138, 138, 138, 39, 138, 8, 52, 138, 138, 138, 138, 36, 95, 138, 138, 138, 138, 138, 138, 69, 49, 66, 6, 48, 39, 73, 138, 18, 26, 20, 138, 1, 138, 66, 70, 40, 138, 29, 138, 138, 138, 138, 138, 138, 30, 138, 138, 82, 63, 20, 138, 49, 138, 138, 13, 138, 74, 138]
Memory usage at done (index 2, length 59, since_prev 2): 3574.15625 MiB (Increase: 43.5234375 MiB)
Memory usage before reset: 3574.15625 MiB (Increase: 0.0 MiB)
Memory usage after reset: 3577.265625 MiB (Increase: 3.109375 MiB)
Current lengths of episodes: [17, 75, 1, 53, 41, 3, 140, 140, 140, 140, 140, 18, 140, 140, 62, 140, 140, 140, 140, 140, 69, 22, 75, 100, 140, 140, 140, 42, 140, 140, 140, 140, 79, 140, 140, 12, 71, 17, 140, 140, 67, 62, 140, 140, 140, 41, 140, 10, 54, 140, 140, 140, 140, 38, 97, 140, 140, 140, 140, 140, 140, 71, 51, 68, 8, 50, 41, 75, 140, 20, 28, 22, 140, 3, 140, 68, 72, 42, 140, 31, 140, 140, 140, 140, 140, 140, 32, 140, 140, 84, 65, 22, 140, 51, 139, 139, 14, 139, 75, 139]
Memory usage at done (index 93, length 51, since_prev 1): 3599.265625 MiB (Increase: 22.0 MiB)
Memory usage before reset: 3599.265625 MiB (Increase: 0.0 MiB)
Memory usage after reset: 3602.6640625 MiB (Increase: 3.3984375 MiB)
Current lengths of episodes: [18, 76, 2, 54, 42, 4, 141, 141, 141, 141, 141, 19, 141, 141, 63, 141, 141, 141, 141, 141, 70, 23, 76, 101, 141, 141, 141, 43, 141, 141, 141, 141, 80, 140, 140, 12, 71, 17, 140, 140, 67, 62, 140, 140, 140, 41, 140, 10, 54, 140, 140, 140, 140, 38, 97, 140, 140, 140, 140, 140, 140, 71, 51, 68, 8, 50, 41, 75, 140, 20, 28, 22, 140, 3, 140, 68, 72, 42, 140, 31, 140, 140, 140, 140, 140, 140, 32, 140, 140, 84, 65, 22, 140, 0, 140, 140, 15, 140, 76, 140]
Memory usage at done (index 32, length 80, since_prev 1): 3624.35546875 MiB (Increase: 21.69140625 MiB)
Memory usage before reset: 3624.35546875 MiB (Increase: 0.0 MiB)
Memory usage after reset: 3627.4296875 MiB (Increase: 3.07421875 MiB)
Current lengths of episodes: [20, 78, 4, 56, 44, 6, 143, 143, 143, 143, 143, 21, 143, 143, 65, 143, 143, 143, 143, 143, 72, 25, 78, 103, 143, 143, 143, 45, 143, 143, 143, 143, 2, 143, 143, 15, 74, 20, 143, 143, 70, 65, 143, 143, 143, 44, 143, 13, 57, 143, 143, 143, 143, 41, 100, 143, 143, 143, 143, 143, 143, 74, 53, 70, 10, 52, 43, 77, 142, 22, 30, 24, 142, 5, 142, 70, 74, 44, 142, 33, 142, 142, 142, 142, 142, 142, 34, 142, 142, 86, 67, 24, 142, 2, 142, 142, 17, 142, 78, 142]
Memory usage at done (index 61, length 74, since_prev 2): 3671.02734375 MiB (Increase: 43.59765625 MiB)
Memory usage before reset: 3671.02734375 MiB (Increase: 0.0 MiB)
Memory usage after reset: 3674.21875 MiB (Increase: 3.19140625 MiB)
Current lengths of episodes: [20, 78, 4, 56, 44, 6, 143, 143, 143, 143, 143, 21, 143, 143, 65, 143, 143, 143, 143, 143, 72, 25, 78, 103, 143, 143, 143, 45, 143, 143, 143, 143, 2, 143, 143, 15, 74, 20, 143, 143, 70, 65, 143, 143, 143, 44, 143, 13, 57, 143, 143, 143, 143, 41, 100, 143, 143, 143, 143, 143, 143, 0, 54, 71, 10, 52, 43, 77, 142, 22, 30, 24, 142, 5, 142, 70, 74, 44, 142, 33, 142, 142, 142, 142, 142, 142, 34, 142, 142, 86, 67, 24, 142, 2, 142, 142, 17, 142, 78, 142]
Memory usage at done (index 63, length 71, since_prev 0): 3674.21875 MiB (Increase: 0.0 MiB)
Memory usage before reset: 3674.21875 MiB (Increase: 0.0 MiB)
Memory usage after reset: 3677.75390625 MiB (Increase: 3.53515625 MiB)
Current lengths of episodes: [20, 78, 4, 56, 44, 6, 143, 143, 143, 143, 143, 21, 143, 143, 65, 143, 143, 143, 143, 143, 72, 25, 78, 103, 143, 143, 143, 45, 143, 143, 143, 143, 2, 143, 143, 15, 74, 20, 143, 143, 70, 65, 143, 143, 143, 44, 143, 13, 57, 143, 143, 143, 143, 41, 100, 143, 143, 143, 143, 143, 143, 0, 54, 0, 11, 53, 44, 78, 143, 23, 31, 25, 143, 6, 143, 71, 75, 45, 143, 34, 143, 143, 143, 143, 143, 143, 35, 143, 143, 87, 68, 24, 142, 2, 142, 142, 17, 142, 78, 142]
Memory usage at done (index 90, length 68, since_prev 0): 3677.75390625 MiB (Increase: 0.0 MiB)
Memory usage before reset: 3677.75390625 MiB (Increase: 0.0 MiB)
Memory usage after reset: 3681.32421875 MiB (Increase: 3.5703125 MiB)
Current lengths of episodes: [22, 80, 6, 58, 46, 8, 145, 145, 145, 145, 145, 23, 145, 145, 67, 145, 145, 145, 145, 145, 74, 27, 80, 105, 145, 145, 145, 47, 145, 145, 145, 145, 4, 145, 145, 17, 76, 22, 145, 145, 72, 67, 145, 145, 145, 46, 145, 15, 59, 144, 144, 144, 144, 42, 101, 144, 144, 144, 144, 144, 144, 1, 55, 1, 12, 54, 45, 79, 144, 24, 32, 26, 144, 7, 144, 72, 76, 46, 144, 35, 144, 144, 144, 144, 144, 144, 36, 144, 144, 88, 1, 26, 144, 4, 144, 144, 19, 144, 80, 144]
Memory usage at done (index 48, length 59, since_prev 2): 3724.76171875 MiB (Increase: 43.4375 MiB)
Memory usage before reset: 3724.76171875 MiB (Increase: 0.0 MiB)
Memory usage after reset: 3728.03515625 MiB (Increase: 3.2734375 MiB)
Current lengths of episodes: [23, 81, 7, 59, 46, 8, 145, 145, 145, 145, 145, 23, 145, 145, 67, 145, 145, 145, 145, 145, 74, 27, 80, 105, 145, 145, 145, 47, 145, 145, 145, 145, 4, 145, 145, 17, 76, 22, 145, 145, 72, 67, 145, 145, 145, 46, 145, 15, 0, 145, 145, 145, 145, 43, 102, 145, 145, 145, 145, 145, 145, 2, 56, 2, 13, 55, 46, 80, 145, 25, 33, 27, 145, 8, 145, 73, 77, 47, 145, 36, 145, 145, 145, 145, 145, 145, 37, 145, 145, 89, 2, 27, 145, 5, 145, 145, 20, 145, 81, 145]
Memory usage at done (index 3, length 59, since_prev 1): 3749.859375 MiB (Increase: 21.82421875 MiB)
Memory usage before reset: 3749.859375 MiB (Increase: 0.0 MiB)
Memory usage after reset: 3752.96875 MiB (Increase: 3.109375 MiB)
Current lengths of episodes: [25, 83, 9, 2, 49, 11, 148, 148, 148, 148, 148, 26, 148, 148, 70, 148, 148, 148, 148, 148, 77, 30, 83, 108, 148, 148, 148, 50, 148, 148, 148, 148, 7, 148, 148, 20, 79, 25, 148, 148, 75, 70, 148, 148, 148, 49, 148, 18, 3, 148, 148, 148, 148, 45, 104, 147, 147, 147, 147, 147, 147, 4, 58, 4, 15, 57, 48, 82, 147, 27, 35, 29, 147, 10, 147, 75, 79, 49, 147, 38, 147, 147, 147, 147, 147, 147, 39, 147, 147, 91, 4, 29, 147, 7, 147, 147, 22, 147, 83, 147]
New longest episode length: 148, previous longest: 137
Memory usage at done (index 52, length 148, since_prev 2): 3796.5546875 MiB (Increase: 43.5859375 MiB)
Memory usage before reset: 3796.5546875 MiB (Increase: 0.0 MiB)
Memory usage after reset: 3799.828125 MiB (Increase: 3.2734375 MiB)
Current lengths of episodes: [26, 84, 10, 3, 50, 12, 149, 149, 149, 149, 149, 27, 149, 149, 71, 149, 149, 149, 149, 149, 78, 31, 84, 109, 149, 149, 149, 51, 149, 149, 149, 149, 8, 149, 149, 21, 80, 26, 149, 149, 76, 71, 149, 149, 149, 50, 149, 19, 4, 149, 149, 149, 1, 47, 106, 149, 149, 149, 149, 149, 149, 6, 60, 6, 17, 59, 50, 84, 149, 29, 37, 31, 149, 12, 149, 77, 81, 51, 149, 40, 149, 149, 149, 148, 148, 148, 40, 148, 148, 92, 5, 30, 148, 8, 148, 148, 23, 148, 84, 148]
New longest episode length: 149, previous longest: 148
Memory usage at done (index 82, length 149, since_prev 1): 3821.64453125 MiB (Increase: 21.81640625 MiB)
Memory usage before reset: 3821.64453125 MiB (Increase: 0.0 MiB)
Memory usage after reset: 3824.9375 MiB (Increase: 3.29296875 MiB)
Current lengths of episodes: [28, 86, 12, 5, 52, 14, 151, 151, 151, 151, 151, 29, 151, 151, 73, 151, 151, 151, 151, 151, 80, 33, 86, 111, 150, 150, 150, 52, 150, 150, 150, 150, 9, 150, 150, 22, 81, 27, 150, 150, 77, 72, 150, 150, 150, 51, 150, 20, 5, 150, 150, 150, 2, 48, 107, 150, 150, 150, 150, 150, 150, 7, 61, 7, 18, 60, 51, 85, 150, 30, 38, 32, 150, 13, 150, 78, 82, 52, 150, 41, 150, 150, 1, 150, 150, 150, 42, 150, 150, 94, 7, 32, 150, 10, 150, 150, 25, 150, 86, 150]
Memory usage at done (index 23, length 111, since_prev 2): 3868.32421875 MiB (Increase: 43.38671875 MiB)
Memory usage before reset: 3868.32421875 MiB (Increase: 0.0 MiB)
Memory usage after reset: 3871.53125 MiB (Increase: 3.20703125 MiB)
Current lengths of episodes: [37, 95, 21, 14, 61, 23, 160, 160, 160, 160, 160, 38, 160, 160, 82, 160, 160, 160, 160, 160, 89, 42, 95, 9, 160, 160, 160, 62, 160, 160, 160, 160, 19, 160, 160, 32, 91, 37, 160, 160, 87, 82, 160, 160, 160, 61, 160, 30, 15, 160, 160, 160, 12, 58, 117, 160, 160, 160, 160, 160, 160, 17, 71, 16, 27, 69, 60, 94, 159, 39, 47, 41, 159, 22, 159, 87, 91, 61, 159, 50, 159, 159, 10, 159, 159, 159, 51, 159, 159, 103, 16, 41, 159, 19, 159, 159, 34, 159, 95, 159]
Memory usage at done (index 62, length 71, since_prev 9): 4066.03515625 MiB (Increase: 194.50390625 MiB)
Memory usage before reset: 4066.03515625 MiB (Increase: 0.0 MiB)
Memory usage after reset: 4069.27734375 MiB (Increase: 3.2421875 MiB)
Current lengths of episodes: [40, 98, 24, 17, 64, 26, 163, 163, 163, 163, 163, 41, 163, 163, 85, 163, 163, 163, 163, 163, 92, 45, 98, 12, 163, 163, 163, 65, 163, 163, 163, 163, 22, 163, 163, 35, 94, 40, 163, 163, 90, 85, 163, 163, 163, 64, 163, 33, 18, 163, 163, 163, 15, 61, 119, 162, 162, 162, 162, 162, 162, 19, 2, 19, 30, 72, 63, 97, 162, 42, 50, 44, 162, 25, 162, 90, 94, 64, 162, 53, 162, 162, 13, 162, 162, 162, 54, 162, 162, 106, 19, 44, 162, 22, 162, 162, 37, 162, 98, 162]
Memory usage at done (index 53, length 61, since_prev 3): 4134.296875 MiB (Increase: 65.01953125 MiB)
Memory usage before reset: 4134.296875 MiB (Increase: 0.0 MiB)
Memory usage after reset: 4137.5625 MiB (Increase: 3.265625 MiB)
Current lengths of episodes: [42, 100, 26, 19, 66, 28, 165, 165, 165, 165, 165, 43, 165, 165, 87, 165, 165, 165, 165, 165, 94, 47, 100, 14, 165, 165, 165, 67, 165, 165, 165, 165, 24, 165, 165, 37, 96, 42, 165, 165, 92, 87, 165, 165, 165, 66, 165, 35, 20, 165, 165, 165, 17, 2, 122, 165, 165, 165, 165, 165, 165, 22, 5, 22, 33, 75, 66, 100, 165, 44, 52, 46, 164, 27, 164, 92, 96, 66, 164, 55, 164, 164, 15, 164, 164, 164, 56, 164, 164, 108, 21, 46, 164, 24, 164, 164, 39, 164, 100, 164]
New longest episode length: 165, previous longest: 149
Memory usage at done (index 68, length 165, since_prev 2): 4180.9609375 MiB (Increase: 43.3984375 MiB)
Memory usage before reset: 4180.9609375 MiB (Increase: 0.0 MiB)
Memory usage after reset: 4184.19140625 MiB (Increase: 3.23046875 MiB)
Current lengths of episodes: [45, 103, 29, 22, 69, 30, 167, 167, 167, 167, 167, 45, 167, 167, 89, 167, 167, 167, 167, 167, 96, 49, 102, 16, 167, 167, 167, 69, 167, 167, 167, 167, 26, 167, 167, 39, 98, 44, 167, 167, 94, 89, 167, 167, 167, 68, 167, 37, 22, 167, 167, 167, 19, 4, 124, 167, 167, 167, 167, 167, 167, 24, 7, 24, 35, 77, 68, 102, 2, 47, 55, 49, 167, 30, 167, 95, 99, 69, 167, 58, 167, 167, 18, 167, 167, 167, 59, 167, 167, 111, 24, 49, 167, 27, 167, 167, 42, 167, 103, 167]
Memory usage at done (index 4, length 69, since_prev 3): 4249.21484375 MiB (Increase: 65.0234375 MiB)
Memory usage before reset: 4249.21484375 MiB (Increase: 0.0 MiB)
Memory usage after reset: 4252.32421875 MiB (Increase: 3.109375 MiB)
Current lengths of episodes: [45, 103, 29, 22, 0, 31, 168, 168, 168, 168, 168, 46, 168, 168, 90, 168, 168, 168, 168, 168, 97, 50, 103, 17, 168, 168, 168, 70, 168, 168, 168, 168, 27, 168, 168, 40, 99, 45, 168, 168, 95, 90, 168, 168, 168, 69, 168, 38, 23, 168, 168, 168, 20, 5, 125, 168, 168, 168, 168, 168, 168, 25, 8, 25, 36, 78, 69, 103, 3, 48, 56, 50, 168, 31, 168, 96, 100, 70, 168, 59, 168, 168, 19, 168, 168, 167, 59, 167, 167, 111, 24, 49, 167, 27, 167, 167, 42, 167, 103, 167]
New longest episode length: 168, previous longest: 165
Memory usage at done (index 84, length 168, since_prev 0): 4252.50390625 MiB (Increase: 0.1796875 MiB)
Memory usage before reset: 4252.50390625 MiB (Increase: 0.0 MiB)
Memory usage after reset: 4255.984375 MiB (Increase: 3.48046875 MiB)
Current lengths of episodes: [46, 104, 30, 23, 1, 32, 169, 169, 169, 169, 169, 47, 169, 169, 91, 169, 169, 169, 169, 169, 98, 51, 104, 18, 169, 169, 169, 71, 169, 169, 169, 169, 28, 169, 169, 41, 100, 46, 169, 169, 96, 91, 169, 169, 169, 70, 169, 39, 24, 169, 169, 169, 21, 6, 126, 169, 169, 169, 169, 169, 169, 26, 9, 26, 37, 79, 70, 104, 4, 49, 57, 51, 169, 32, 169, 97, 101, 71, 169, 60, 169, 169, 20, 169, 1, 169, 61, 168, 168, 112, 25, 50, 168, 28, 168, 168, 43, 168, 104, 168]
Memory usage at done (index 86, length 61, since_prev 1): 4277.86328125 MiB (Increase: 21.87890625 MiB)
Memory usage before reset: 4277.86328125 MiB (Increase: 0.0 MiB)
Memory usage after reset: 4281.1015625 MiB (Increase: 3.23828125 MiB)
Current lengths of episodes: [51, 109, 35, 28, 6, 37, 174, 174, 174, 174, 174, 52, 174, 174, 96, 174, 174, 174, 174, 174, 103, 56, 109, 23, 174, 174, 174, 76, 174, 174, 174, 174, 33, 174, 174, 46, 105, 51, 174, 174, 101, 96, 174, 174, 174, 75, 174, 44, 29, 174, 174, 174, 26, 11, 131, 174, 174, 174, 174, 174, 174, 31, 14, 31, 42, 84, 75, 109, 9, 54, 62, 56, 174, 37, 174, 102, 106, 76, 173, 64, 173, 173, 24, 173, 5, 173, 4, 173, 173, 117, 30, 55, 173, 33, 173, 173, 48, 173, 109, 173]
Memory usage at done (index 77, length 76, since_prev 5): 4389.5234375 MiB (Increase: 108.421875 MiB)
Memory usage before reset: 4389.5234375 MiB (Increase: 0.0 MiB)
Memory usage after reset: 4392.69140625 MiB (Increase: 3.16796875 MiB)
Current lengths of episodes: [52, 109, 35, 28, 6, 37, 174, 174, 174, 174, 174, 52, 174, 174, 96, 174, 174, 174, 174, 174, 103, 56, 109, 23, 174, 174, 174, 76, 174, 174, 174, 174, 33, 174, 174, 46, 105, 51, 174, 174, 101, 96, 174, 174, 174, 75, 174, 44, 29, 174, 174, 174, 26, 11, 131, 174, 174, 174, 174, 174, 174, 31, 14, 31, 42, 84, 75, 109, 9, 54, 62, 56, 174, 37, 174, 102, 106, 0, 174, 65, 174, 174, 25, 174, 6, 174, 5, 174, 174, 118, 31, 56, 174, 34, 174, 174, 49, 174, 110, 174]
Memory usage at done (index 0, length 52, since_prev 1): 4414.6328125 MiB (Increase: 21.94140625 MiB)
Memory usage before reset: 4414.6328125 MiB (Increase: 0.0 MiB)
Memory usage after reset: 4417.6875 MiB (Increase: 3.0546875 MiB)
Current lengths of episodes: [0, 110, 36, 29, 7, 38, 175, 175, 175, 175, 175, 53, 175, 175, 97, 175, 175, 175, 175, 175, 104, 57, 109, 23, 174, 174, 174, 76, 174, 174, 174, 174, 33, 174, 174, 46, 105, 51, 174, 174, 101, 96, 174, 174, 174, 75, 174, 44, 29, 174, 174, 174, 26, 11, 131, 174, 174, 174, 174, 174, 174, 31, 14, 31, 42, 84, 75, 109, 9, 54, 62, 56, 174, 37, 174, 102, 106, 0, 174, 65, 174, 174, 25, 174, 6, 174, 5, 174, 174, 118, 31, 56, 174, 34, 174, 174, 49, 174, 110, 174]
Memory usage at done (index 21, length 57, since_prev 0): 4417.6875 MiB (Increase: 0.0 MiB)
Memory usage before reset: 4417.6875 MiB (Increase: 0.0 MiB)
Memory usage after reset: 4421.3671875 MiB (Increase: 3.6796875 MiB)
Current lengths of episodes: [2, 112, 38, 30, 8, 39, 176, 176, 176, 176, 176, 54, 176, 176, 98, 176, 176, 176, 176, 176, 105, 1, 111, 25, 176, 176, 176, 78, 176, 176, 176, 176, 35, 176, 176, 48, 107, 53, 176, 176, 103, 98, 176, 176, 176, 77, 176, 46, 31, 176, 176, 176, 28, 13, 133, 176, 176, 176, 176, 176, 176, 33, 16, 33, 44, 86, 77, 111, 11, 56, 64, 58, 176, 39, 176, 104, 108, 2, 176, 67, 176, 176, 27, 176, 8, 176, 7, 176, 176, 120, 33, 58, 176, 36, 176, 176, 51, 176, 112, 176]
Memory usage at done (index 2, length 38, since_prev 2): 4464.828125 MiB (Increase: 43.4609375 MiB)
Memory usage before reset: 4464.828125 MiB (Increase: 0.0 MiB)
Memory usage after reset: 4467.93359375 MiB (Increase: 3.10546875 MiB)
Current lengths of episodes: [8, 118, 5, 36, 14, 45, 182, 182, 182, 182, 182, 60, 182, 182, 104, 182, 182, 182, 182, 182, 111, 7, 117, 31, 182, 182, 182, 84, 182, 182, 182, 182, 41, 182, 182, 54, 113, 59, 182, 182, 109, 104, 182, 182, 182, 83, 182, 52, 37, 182, 182, 182, 34, 19, 139, 182, 182, 182, 182, 182, 182, 39, 22, 39, 50, 92, 83, 117, 17, 62, 70, 64, 182, 45, 182, 110, 114, 8, 182, 73, 182, 182, 33, 182, 14, 182, 13, 182, 182, 126, 39, 64, 182, 42, 182, 182, 57, 182, 118, 182]
Memory usage at done (index 1, length 118, since_prev 6): 4597.76171875 MiB (Increase: 129.828125 MiB)
Memory usage before reset: 4597.76171875 MiB (Increase: 0.0 MiB)
Memory usage after reset: 4600.8671875 MiB (Increase: 3.10546875 MiB)
Current lengths of episodes: [10, 2, 8, 39, 17, 48, 185, 185, 185, 185, 185, 63, 185, 185, 107, 185, 185, 185, 185, 185, 114, 10, 120, 34, 185, 185, 185, 87, 185, 185, 185, 185, 44, 185, 185, 57, 116, 62, 184, 184, 111, 106, 184, 184, 184, 85, 184, 54, 39, 184, 184, 184, 36, 21, 141, 184, 184, 184, 184, 184, 184, 41, 24, 41, 52, 94, 85, 119, 19, 64, 72, 66, 184, 47, 184, 112, 116, 10, 184, 75, 184, 184, 35, 184, 16, 184, 15, 184, 184, 128, 41, 66, 184, 44, 184, 184, 59, 184, 120, 184]
Memory usage at done (index 37, length 62, since_prev 2): 4644.4453125 MiB (Increase: 43.578125 MiB)
Memory usage before reset: 4644.4453125 MiB (Increase: 0.0 MiB)
Memory usage after reset: 4647.48828125 MiB (Increase: 3.04296875 MiB)
Current lengths of episodes: [18, 10, 16, 47, 25, 56, 193, 193, 193, 193, 193, 71, 192, 192, 114, 192, 192, 192, 192, 192, 121, 17, 127, 41, 192, 192, 192, 94, 192, 192, 192, 192, 51, 192, 192, 64, 123, 7, 192, 192, 119, 114, 192, 192, 192, 93, 192, 62, 47, 192, 192, 192, 44, 29, 149, 192, 192, 192, 192, 192, 192, 49, 32, 49, 60, 102, 93, 127, 27, 72, 80, 74, 192, 55, 192, 120, 124, 18, 192, 83, 192, 192, 43, 192, 24, 192, 23, 192, 192, 136, 49, 74, 192, 52, 192, 192, 67, 192, 128, 192]
Memory usage at done (index 11, length 71, since_prev 8): 4820.66796875 MiB (Increase: 173.1796875 MiB)
Memory usage before reset: 4820.66796875 MiB (Increase: 0.0 MiB)
Memory usage after reset: 4823.69140625 MiB (Increase: 3.0234375 MiB)
Current lengths of episodes: [21, 13, 19, 50, 28, 59, 196, 196, 196, 196, 196, 3, 196, 196, 118, 196, 196, 196, 196, 196, 125, 21, 131, 45, 195, 195, 195, 97, 195, 195, 195, 195, 54, 195, 195, 67, 126, 10, 195, 195, 122, 117, 195, 195, 195, 96, 195, 65, 50, 195, 195, 195, 47, 32, 152, 195, 195, 195, 195, 195, 195, 52, 35, 52, 63, 105, 96, 130, 30, 75, 83, 77, 195, 58, 195, 123, 127, 21, 195, 86, 195, 195, 46, 195, 27, 195, 26, 195, 195, 139, 52, 77, 195, 55, 195, 195, 70, 195, 131, 195]
Memory usage at done (index 23, length 45, since_prev 3): 4888.92578125 MiB (Increase: 65.234375 MiB)
Memory usage before reset: 4888.92578125 MiB (Increase: 0.0 MiB)
Memory usage after reset: 4891.9921875 MiB (Increase: 3.06640625 MiB)
Current lengths of episodes: [23, 15, 21, 52, 30, 61, 198, 198, 198, 198, 198, 5, 198, 198, 120, 198, 198, 198, 198, 198, 127, 23, 133, 2, 198, 198, 198, 100, 198, 198, 198, 198, 57, 198, 198, 70, 129, 13, 198, 198, 125, 120, 198, 198, 198, 99, 198, 68, 53, 198, 198, 198, 50, 35, 155, 198, 198, 198, 198, 198, 198, 55, 38, 55, 66, 108, 99, 133, 33, 78, 86, 80, 198, 61, 198, 126, 130, 24, 198, 89, 198, 198, 49, 198, 30, 198, 29, 198, 198, 142, 55, 80, 198, 58, 198, 198, 73, 197, 133, 197]
Memory usage at done (index 96, length 73, since_prev 2): 4935.578125 MiB (Increase: 43.5859375 MiB)
Memory usage before reset: 4935.578125 MiB (Increase: 0.0 MiB)
Memory usage after reset: 4938.99609375 MiB (Increase: 3.41796875 MiB)
Current lengths of episodes: [32, 24, 30, 61, 39, 70, 207, 207, 207, 207, 207, 14, 207, 207, 129, 207, 207, 207, 207, 207, 136, 32, 142, 11, 207, 207, 207, 109, 207, 207, 207, 207, 66, 207, 207, 79, 138, 22, 207, 207, 134, 129, 207, 207, 207, 108, 207, 77, 62, 207, 207, 207, 59, 44, 164, 207, 207, 207, 207, 207, 207, 64, 46, 63, 74, 116, 107, 141, 41, 86, 94, 88, 206, 69, 206, 134, 138, 32, 206, 97, 206, 206, 57, 206, 38, 206, 37, 206, 206, 150, 63, 88, 206, 66, 206, 206, 8, 206, 142, 206]
Memory usage at done (index 61, length 64, since_prev 9): 5133.2578125 MiB (Increase: 194.26171875 MiB)
Memory usage before reset: 5133.2578125 MiB (Increase: 0.0 MiB)
Memory usage after reset: 5136.5078125 MiB (Increase: 3.25 MiB)
Current lengths of episodes: [33, 25, 31, 62, 40, 71, 208, 208, 208, 208, 208, 15, 208, 208, 130, 208, 208, 208, 208, 208, 137, 33, 143, 12, 208, 208, 208, 110, 208, 208, 208, 208, 67, 208, 208, 80, 139, 23, 208, 208, 135, 130, 208, 208, 208, 109, 208, 78, 63, 208, 208, 208, 60, 45, 165, 208, 208, 208, 208, 208, 208, 0, 47, 64, 75, 117, 108, 142, 42, 87, 95, 89, 207, 70, 207, 135, 139, 33, 207, 98, 207, 207, 58, 207, 39, 207, 38, 207, 207, 151, 64, 89, 207, 67, 207, 207, 9, 207, 143, 207]
New longest episode length: 208, previous longest: 168
Memory usage at done (index 60, length 208, since_prev 1): 5158.36328125 MiB (Increase: 21.85546875 MiB)
Memory usage before reset: 5158.36328125 MiB (Increase: 0.0 MiB)
Memory usage after reset: 5161.61328125 MiB (Increase: 3.25 MiB)
Current lengths of episodes: [34, 26, 32, 63, 41, 72, 209, 209, 209, 209, 209, 16, 209, 209, 131, 209, 209, 209, 209, 209, 138, 34, 144, 13, 209, 209, 209, 111, 209, 209, 209, 209, 68, 209, 209, 81, 140, 24, 209, 209, 136, 131, 209, 209, 209, 110, 209, 79, 63, 208, 208, 208, 60, 45, 165, 208, 208, 208, 208, 208, 0, 1, 48, 65, 76, 118, 109, 143, 43, 88, 96, 90, 208, 71, 208, 136, 140, 34, 208, 99, 208, 208, 59, 208, 40, 208, 39, 208, 208, 152, 65, 90, 208, 68, 208, 208, 10, 208, 144, 208]
Memory usage at done (index 47, length 79, since_prev 1): 5183.46484375 MiB (Increase: 21.8515625 MiB)
Memory usage before reset: 5183.46484375 MiB (Increase: 0.0 MiB)
Memory usage after reset: 5186.74609375 MiB (Increase: 3.28125 MiB)
Current lengths of episodes: [34, 26, 32, 63, 41, 72, 209, 209, 209, 209, 209, 16, 209, 209, 131, 209, 209, 209, 209, 209, 138, 34, 144, 13, 209, 209, 209, 111, 209, 209, 209, 209, 68, 209, 209, 81, 140, 24, 209, 209, 136, 131, 209, 209, 209, 110, 209, 0, 64, 209, 209, 209, 61, 46, 166, 209, 209, 209, 209, 209, 1, 2, 49, 66, 77, 119, 110, 144, 44, 89, 97, 91, 209, 72, 209, 137, 141, 35, 209, 100, 209, 209, 60, 209, 41, 209, 40, 209, 209, 153, 66, 91, 209, 69, 208, 208, 10, 208, 144, 208]
Memory usage at done (index 93, length 69, since_prev 0): 5186.74609375 MiB (Increase: 0.0 MiB)
Memory usage before reset: 5186.74609375 MiB (Increase: 0.0 MiB)
Memory usage after reset: 5190.21484375 MiB (Increase: 3.46875 MiB)
Current lengths of episodes: [35, 27, 33, 64, 42, 73, 210, 210, 210, 210, 210, 17, 210, 210, 132, 210, 210, 210, 210, 210, 139, 35, 145, 14, 210, 210, 210, 112, 210, 210, 210, 210, 69, 210, 210, 82, 141, 25, 210, 210, 137, 132, 210, 210, 210, 111, 210, 1, 65, 210, 210, 210, 62, 47, 167, 210, 210, 210, 210, 210, 2, 3, 50, 67, 78, 120, 111, 145, 45, 90, 98, 92, 210, 73, 210, 138, 142, 36, 210, 101, 210, 210, 61, 209, 41, 209, 40, 209, 209, 153, 66, 91, 209, 0, 209, 209, 11, 209, 145, 209]
Memory usage at done (index 82, length 61, since_prev 1): 5212.09375 MiB (Increase: 21.87890625 MiB)
Memory usage before reset: 5212.09375 MiB (Increase: 0.0 MiB)
Memory usage after reset: 5215.31640625 MiB (Increase: 3.22265625 MiB)
Current lengths of episodes: [37, 29, 35, 66, 44, 75, 212, 212, 212, 212, 212, 19, 212, 212, 134, 212, 212, 212, 212, 212, 141, 37, 147, 16, 212, 212, 212, 114, 212, 212, 212, 212, 71, 212, 212, 84, 143, 27, 212, 212, 139, 134, 212, 212, 212, 113, 212, 3, 67, 212, 212, 212, 64, 49, 168, 211, 211, 211, 211, 211, 3, 4, 51, 68, 79, 121, 112, 146, 46, 91, 99, 93, 211, 74, 211, 139, 143, 37, 211, 102, 211, 211, 1, 211, 43, 211, 42, 211, 211, 155, 68, 93, 211, 2, 211, 211, 13, 211, 147, 211]
Memory usage at done (index 53, length 49, since_prev 2): 5258.74609375 MiB (Increase: 43.4296875 MiB)
Memory usage before reset: 5258.74609375 MiB (Increase: 0.0 MiB)
Memory usage after reset: 5261.87109375 MiB (Increase: 3.125 MiB)
Current lengths of episodes: [38, 30, 36, 67, 44, 75, 212, 212, 212, 212, 212, 19, 212, 212, 134, 212, 212, 212, 212, 212, 141, 37, 147, 16, 212, 212, 212, 114, 212, 212, 212, 212, 71, 212, 212, 84, 143, 27, 212, 212, 139, 134, 212, 212, 212, 113, 212, 3, 67, 212, 212, 212, 64, 0, 169, 212, 212, 212, 212, 212, 4, 5, 52, 69, 80, 122, 113, 147, 47, 92, 100, 94, 212, 75, 212, 140, 144, 38, 212, 103, 212, 212, 2, 212, 44, 212, 43, 212, 212, 156, 69, 94, 212, 3, 212, 212, 14, 212, 148, 212]
Memory usage at done (index 3, length 67, since_prev 1): 5283.85546875 MiB (Increase: 21.984375 MiB)
Memory usage before reset: 5283.85546875 MiB (Increase: 0.0 MiB)
Memory usage after reset: 5286.98046875 MiB (Increase: 3.125 MiB)
Current lengths of episodes: [55, 47, 53, 17, 62, 93, 230, 230, 230, 230, 230, 37, 230, 230, 152, 230, 230, 230, 230, 230, 159, 55, 165, 34, 230, 230, 230, 132, 230, 230, 230, 230, 89, 230, 230, 102, 160, 44, 229, 229, 156, 151, 229, 229, 229, 130, 229, 20, 84, 229, 229, 229, 81, 17, 186, 229, 229, 229, 229, 229, 21, 22, 69, 86, 97, 139, 130, 164, 64, 109, 117, 111, 229, 92, 229, 157, 161, 55, 229, 120, 229, 229, 19, 229, 61, 229, 60, 229, 229, 173, 86, 111, 229, 20, 229, 229, 31, 229, 165, 229]
Memory usage at done (index 35, length 102, since_prev 17): 5654.3828125 MiB (Increase: 367.40234375 MiB)
Memory usage before reset: 5654.3828125 MiB (Increase: 0.0 MiB)
Memory usage after reset: 5657.609375 MiB (Increase: 3.2265625 MiB)
Current lengths of episodes: [63, 55, 61, 25, 70, 101, 238, 238, 238, 238, 238, 45, 238, 238, 160, 238, 238, 238, 238, 238, 167, 63, 173, 42, 238, 238, 238, 140, 238, 238, 238, 238, 97, 238, 238, 8, 169, 53, 238, 238, 165, 160, 238, 238, 238, 139, 238, 29, 93, 238, 238, 238, 90, 26, 195, 238, 238, 238, 238, 238, 30, 31, 78, 95, 106, 148, 139, 173, 73, 118, 126, 120, 238, 101, 238, 166, 170, 64, 238, 129, 238, 238, 28, 238, 70, 237, 68, 237, 237, 181, 94, 119, 237, 28, 237, 237, 39, 237, 173, 237]
Memory usage at done (index 84, length 70, since_prev 8): 5830.45703125 MiB (Increase: 172.84765625 MiB)
Memory usage before reset: 5830.45703125 MiB (Increase: 0.0 MiB)
Memory usage after reset: 5833.87109375 MiB (Increase: 3.4140625 MiB)
Current lengths of episodes: [64, 56, 62, 26, 71, 102, 238, 238, 238, 238, 238, 45, 238, 238, 160, 238, 238, 238, 238, 238, 167, 63, 173, 42, 238, 238, 238, 140, 238, 238, 238, 238, 97, 238, 238, 8, 169, 53, 238, 238, 165, 160, 238, 238, 238, 139, 238, 29, 93, 238, 238, 238, 90, 26, 195, 238, 238, 238, 238, 238, 30, 31, 78, 95, 106, 148, 139, 173, 73, 118, 126, 120, 238, 101, 238, 166, 170, 64, 238, 129, 238, 238, 28, 238, 0, 238, 69, 238, 238, 182, 95, 120, 238, 29, 238, 238, 40, 238, 174, 238]
Memory usage at done (index 5, length 102, since_prev 1): 5855.5546875 MiB (Increase: 21.68359375 MiB)
Memory usage before reset: 5855.5546875 MiB (Increase: 0.0 MiB)
Memory usage after reset: 5858.6015625 MiB (Increase: 3.046875 MiB)
Current lengths of episodes: [65, 57, 63, 27, 72, 1, 240, 240, 240, 240, 240, 47, 240, 240, 162, 240, 240, 240, 240, 240, 169, 65, 175, 44, 240, 240, 240, 142, 240, 240, 240, 240, 99, 240, 240, 10, 171, 55, 239, 239, 166, 161, 239, 239, 239, 140, 239, 30, 94, 239, 239, 239, 91, 27, 196, 239, 239, 239, 239, 239, 31, 32, 79, 96, 107, 149, 140, 174, 74, 119, 127, 121, 239, 102, 239, 167, 171, 65, 239, 130, 239, 239, 29, 239, 1, 239, 70, 239, 239, 183, 96, 121, 239, 30, 239, 239, 41, 239, 175, 239]
Memory usage at done (index 37, length 55, since_prev 1): 5880.6484375 MiB (Increase: 22.046875 MiB)
Memory usage before reset: 5880.6484375 MiB (Increase: 0.0 MiB)
Memory usage after reset: 5883.69921875 MiB (Increase: 3.05078125 MiB)
Current lengths of episodes: [71, 63, 69, 33, 78, 7, 246, 246, 246, 246, 246, 53, 246, 246, 168, 246, 246, 246, 246, 246, 175, 71, 180, 49, 245, 245, 245, 147, 245, 245, 245, 245, 104, 245, 245, 15, 176, 5, 245, 245, 172, 167, 245, 245, 245, 146, 245, 36, 100, 245, 245, 245, 97, 33, 202, 245, 245, 245, 245, 245, 37, 38, 85, 102, 113, 155, 146, 180, 80, 125, 133, 127, 245, 108, 245, 173, 177, 71, 245, 136, 245, 245, 35, 245, 7, 245, 76, 245, 245, 189, 102, 127, 245, 36, 245, 245, 47, 245, 181, 245]
Memory usage at done (index 21, length 71, since_prev 6): 6013.74609375 MiB (Increase: 130.046875 MiB)
Memory usage before reset: 6013.74609375 MiB (Increase: 0.0 MiB)
Memory usage after reset: 6016.82421875 MiB (Increase: 3.078125 MiB)
Current lengths of episodes: [75, 66, 72, 36, 81, 10, 249, 249, 249, 249, 249, 56, 249, 249, 171, 249, 249, 249, 249, 249, 178, 3, 184, 53, 249, 249, 249, 151, 249, 249, 249, 249, 108, 249, 249, 19, 180, 9, 249, 249, 176, 171, 249, 249, 249, 150, 249, 40, 104, 249, 249, 249, 101, 37, 206, 249, 249, 249, 249, 249, 41, 42, 89, 106, 117, 159, 150, 184, 84, 129, 137, 131, 249, 112, 249, 177, 181, 75, 249, 140, 249, 249, 39, 249, 11, 249, 80, 249, 249, 193, 106, 131, 249, 40, 249, 249, 51, 249, 185, 249]
Memory usage at done (index 0, length 75, since_prev 4): 6103.54296875 MiB (Increase: 86.71875 MiB)
Memory usage before reset: 6103.54296875 MiB (Increase: 0.0 MiB)
Memory usage after reset: 6106.6484375 MiB (Increase: 3.10546875 MiB)
Current lengths of episodes: [0, 67, 73, 37, 82, 11, 250, 250, 250, 250, 250, 57, 250, 250, 172, 250, 250, 250, 250, 250, 179, 4, 185, 54, 250, 250, 250, 152, 250, 250, 250, 250, 109, 250, 250, 20, 181, 10, 250, 250, 177, 172, 250, 250, 250, 151, 250, 41, 105, 250, 250, 250, 102, 38, 207, 250, 250, 250, 250, 250, 42, 43, 90, 106, 117, 159, 150, 184, 84, 129, 137, 131, 249, 112, 249, 177, 181, 75, 249, 140, 249, 249, 39, 249, 11, 249, 80, 249, 249, 193, 106, 131, 249, 40, 249, 249, 51, 249, 185, 249]
Memory usage at done (index 62, length 90, since_prev 0): 6106.73828125 MiB (Increase: 0.08984375 MiB)
Memory usage before reset: 6106.73828125 MiB (Increase: 0.0 MiB)
Memory usage after reset: 6110.21484375 MiB (Increase: 3.4765625 MiB)
Current lengths of episodes: [35, 102, 108, 72, 117, 46, 285, 285, 285, 285, 285, 92, 285, 285, 207, 285, 285, 285, 285, 285, 214, 39, 220, 89, 285, 285, 285, 187, 285, 285, 285, 285, 144, 285, 285, 55, 216, 45, 285, 285, 212, 207, 285, 285, 285, 186, 285, 76, 140, 285, 285, 285, 137, 73, 242, 285, 285, 285, 285, 285, 77, 78, 34, 141, 152, 194, 185, 219, 119, 164, 172, 166, 284, 147, 284, 212, 216, 110, 284, 175, 284, 284, 74, 284, 46, 284, 115, 284, 284, 228, 141, 166, 284, 75, 284, 284, 86, 284, 220, 284]
Memory usage at done (index 61, length 78, since_prev 35): 6865.8359375 MiB (Increase: 755.62109375 MiB)
Memory usage before reset: 6865.8359375 MiB (Increase: 0.0 MiB)
Memory usage after reset: 6869.05078125 MiB (Increase: 3.21484375 MiB)
Current lengths of episodes: [39, 106, 112, 76, 121, 50, 289, 289, 289, 289, 289, 96, 289, 289, 211, 289, 289, 289, 289, 289, 218, 43, 224, 93, 289, 289, 289, 191, 289, 289, 289, 289, 148, 289, 289, 59, 220, 49, 289, 289, 216, 211, 289, 289, 289, 190, 289, 80, 144, 289, 289, 289, 141, 77, 246, 289, 289, 289, 289, 289, 81, 4, 39, 146, 157, 199, 190, 224, 124, 169, 177, 171, 289, 152, 289, 217, 221, 115, 289, 180, 289, 289, 79, 289, 51, 289, 120, 289, 289, 233, 146, 170, 288, 79, 288, 288, 90, 288, 224, 288]
Memory usage at done (index 90, length 146, since_prev 4): 6955.671875 MiB (Increase: 86.62109375 MiB)
Memory usage before reset: 6955.671875 MiB (Increase: 0.0 MiB)
Memory usage after reset: 6958.90625 MiB (Increase: 3.234375 MiB)
Current lengths of episodes: [40, 107, 113, 77, 122, 51, 290, 290, 290, 290, 290, 97, 290, 290, 212, 290, 290, 290, 290, 290, 219, 44, 225, 94, 290, 290, 290, 192, 290, 290, 290, 290, 149, 290, 290, 60, 221, 50, 290, 290, 217, 212, 290, 290, 290, 191, 290, 81, 145, 290, 290, 290, 142, 78, 247, 290, 290, 290, 290, 290, 82, 5, 40, 147, 158, 200, 191, 225, 125, 170, 178, 172, 290, 153, 290, 218, 222, 116, 290, 181, 290, 290, 80, 290, 52, 290, 121, 289, 289, 233, 0, 171, 289, 80, 289, 289, 91, 289, 225, 289]
Memory usage at done (index 86, length 121, since_prev 1): 6980.77734375 MiB (Increase: 21.87109375 MiB)
Memory usage before reset: 6980.77734375 MiB (Increase: 0.0 MiB)
Memory usage after reset: 6984.03125 MiB (Increase: 3.25390625 MiB)
Current lengths of episodes: [43, 110, 116, 80, 125, 54, 293, 293, 293, 293, 293, 100, 293, 293, 215, 293, 293, 293, 293, 293, 222, 47, 228, 97, 292, 292, 292, 194, 292, 292, 292, 292, 151, 292, 292, 62, 223, 52, 292, 292, 219, 214, 292, 292, 292, 193, 292, 83, 147, 292, 292, 292, 144, 80, 249, 292, 292, 292, 292, 292, 84, 7, 42, 149, 160, 202, 193, 227, 127, 172, 180, 174, 292, 155, 292, 220, 224, 118, 292, 183, 292, 292, 82, 292, 54, 292, 2, 292, 292, 236, 3, 174, 292, 83, 292, 292, 94, 292, 228, 292]
Memory usage at done (index 23, length 97, since_prev 3): 7049.03515625 MiB (Increase: 65.00390625 MiB)
Memory usage before reset: 7049.03515625 MiB (Increase: 0.0 MiB)
Memory usage after reset: 7052.10546875 MiB (Increase: 3.0703125 MiB)
Current lengths of episodes: [56, 123, 129, 93, 138, 67, 306, 306, 306, 306, 306, 113, 306, 306, 228, 306, 306, 306, 306, 306, 235, 60, 241, 13, 306, 306, 306, 208, 306, 306, 306, 306, 165, 306, 306, 76, 236, 65, 305, 305, 232, 227, 305, 305, 305, 206, 305, 96, 160, 305, 305, 305, 157, 93, 262, 305, 305, 305, 305, 305, 97, 20, 55, 162, 173, 215, 206, 240, 140, 185, 193, 187, 305, 168, 305, 233, 237, 131, 305, 196, 305, 305, 95, 305, 67, 305, 15, 305, 305, 249, 16, 187, 305, 96, 305, 305, 107, 305, 241, 305]
Memory usage at done (index 35, length 76, since_prev 13): 7333.140625 MiB (Increase: 281.03515625 MiB)
Memory usage before reset: 7333.140625 MiB (Increase: 0.0 MiB)
Memory usage after reset: 7336.18359375 MiB (Increase: 3.04296875 MiB)
Current lengths of episodes: [60, 127, 133, 97, 142, 71, 310, 310, 310, 310, 310, 117, 310, 310, 232, 310, 310, 310, 310, 310, 239, 64, 245, 17, 310, 310, 310, 212, 310, 310, 310, 310, 169, 310, 310, 4, 241, 70, 310, 310, 237, 232, 310, 310, 310, 211, 310, 101, 164, 309, 309, 309, 161, 97, 266, 309, 309, 309, 309, 309, 101, 24, 59, 166, 177, 219, 210, 244, 144, 189, 197, 191, 309, 172, 309, 237, 241, 135, 309, 200, 309, 309, 99, 309, 71, 309, 19, 309, 309, 253, 20, 191, 309, 100, 309, 309, 111, 309, 245, 309]
Memory usage at done (index 47, length 101, since_prev 4): 7422.96484375 MiB (Increase: 86.78125 MiB)
Memory usage before reset: 7422.96484375 MiB (Increase: 0.0 MiB)
Memory usage after reset: 7426.1875 MiB (Increase: 3.22265625 MiB)
Training episode 100
Memory usage at middle: 7426.1875 MiB (Increase: 0.0 MiB)
Memory usage before collect: 7448.1796875 MiB (Increase: 21.9921875 MiB)
Memory usage after collect: 7448.1796875 MiB (Increase: 0.0 MiB)
Episode 100	Average evaluation: -98.2223647422891
Memory usage before initialization: 7448.1796875 MiB (Increase: 0.0 MiB)
Memory usage after initialization: 7448.1796875 MiB (Increase: 0.0 MiB)
Current lengths of episodes: [36, 36, 36, 36, 36, 36, 36, 36, 36, 36, 36, 36, 36, 36, 36, 36, 36, 36, 36, 36, 36, 36, 36, 36, 36, 36, 36, 36, 36, 36, 36, 36, 36, 36, 36, 35, 35, 35, 35, 35, 35, 35, 35, 35, 35, 35, 35, 35, 35, 35, 35, 35, 35, 35, 35, 35, 35, 35, 35, 35, 35, 35, 35, 35, 35, 35, 35, 35, 35, 35, 35, 35, 35, 35, 35, 35, 35, 35, 35, 35, 35, 35, 35, 35, 35, 35, 35, 35, 35, 35, 35, 35, 35, 35, 35, 35, 35, 35, 35, 35]
Memory usage at done (index 34, length 36, since_prev 36): 7836.74609375 MiB (Increase: 388.56640625 MiB)
Memory usage before reset: 7836.74609375 MiB (Increase: 0.0 MiB)
Memory usage after reset: 7839.69921875 MiB (Increase: 2.953125 MiB)
Current lengths of episodes: [44, 44, 44, 44, 44, 44, 44, 44, 44, 44, 44, 44, 44, 44, 44, 44, 44, 44, 44, 44, 44, 44, 44, 44, 44, 44, 44, 44, 44, 44, 44, 44, 44, 44, 8, 44, 44, 44, 44, 44, 44, 44, 44, 44, 44, 44, 44, 44, 44, 44, 44, 44, 44, 44, 44, 44, 44, 44, 44, 44, 44, 44, 44, 44, 44, 44, 44, 44, 44, 43, 43, 43, 43, 43, 43, 43, 43, 43, 43, 43, 43, 43, 43, 43, 43, 43, 43, 43, 43, 43, 43, 43, 43, 43, 43, 43, 43, 43, 43, 43]
Memory usage at done (index 68, length 44, since_prev 8): 8002.0703125 MiB (Increase: 162.37109375 MiB)
Memory usage before reset: 8002.0703125 MiB (Increase: 0.0 MiB)
Memory usage after reset: 8005.03125 MiB (Increase: 2.9609375 MiB)
Current lengths of episodes: [45, 45, 45, 45, 45, 45, 45, 45, 45, 45, 45, 45, 45, 45, 45, 45, 45, 45, 45, 45, 45, 45, 45, 45, 45, 45, 45, 45, 45, 45, 45, 45, 45, 45, 9, 45, 45, 45, 45, 45, 45, 45, 45, 45, 45, 45, 45, 45, 45, 45, 45, 45, 45, 45, 45, 45, 45, 45, 45, 45, 45, 45, 45, 45, 45, 45, 45, 45, 0, 44, 44, 44, 44, 44, 44, 44, 44, 44, 44, 44, 44, 44, 44, 44, 44, 44, 44, 44, 44, 44, 44, 44, 44, 44, 44, 44, 44, 44, 44, 44]
Memory usage at done (index 67, length 45, since_prev 1): 8026.6796875 MiB (Increase: 21.6484375 MiB)
Memory usage before reset: 8026.6796875 MiB (Increase: 0.0 MiB)
Memory usage after reset: 8029.64453125 MiB (Increase: 2.96484375 MiB)
Current lengths of episodes: [50, 50, 50, 50, 50, 50, 50, 50, 50, 50, 50, 50, 50, 50, 50, 50, 50, 50, 50, 50, 50, 50, 50, 50, 50, 50, 50, 50, 50, 50, 50, 50, 50, 50, 14, 50, 50, 50, 50, 50, 50, 50, 50, 50, 50, 50, 50, 50, 50, 50, 50, 50, 50, 50, 50, 50, 50, 50, 50, 50, 50, 50, 50, 50, 50, 50, 49, 4, 5, 49, 49, 49, 49, 49, 49, 49, 49, 49, 49, 49, 49, 49, 49, 49, 49, 49, 49, 49, 49, 49, 49, 49, 49, 49, 49, 49, 49, 49, 49, 49]
Memory usage at done (index 65, length 50, since_prev 5): 8135.66796875 MiB (Increase: 106.0234375 MiB)
Memory usage before reset: 8135.66796875 MiB (Increase: 0.0 MiB)
Memory usage after reset: 8138.6328125 MiB (Increase: 2.96484375 MiB)
Current lengths of episodes: [51, 51, 51, 51, 51, 51, 51, 51, 51, 51, 51, 51, 51, 50, 50, 50, 50, 50, 50, 50, 50, 50, 50, 50, 50, 50, 50, 50, 50, 50, 50, 50, 50, 50, 14, 50, 50, 50, 50, 50, 50, 50, 50, 50, 50, 50, 50, 50, 50, 50, 50, 50, 50, 50, 50, 50, 50, 50, 50, 50, 50, 50, 50, 50, 50, 0, 50, 5, 6, 50, 50, 50, 50, 50, 50, 50, 50, 50, 50, 50, 50, 50, 50, 50, 50, 50, 50, 50, 50, 50, 50, 50, 50, 50, 50, 50, 50, 50, 50, 50]
Memory usage at done (index 12, length 51, since_prev 1): 8160.2734375 MiB (Increase: 21.640625 MiB)
Memory usage before reset: 8160.2734375 MiB (Increase: 0.0 MiB)
Memory usage after reset: 8163.2109375 MiB (Increase: 2.9375 MiB)
Current lengths of episodes: [51, 51, 51, 51, 51, 51, 51, 51, 51, 51, 51, 51, 0, 51, 51, 51, 51, 51, 51, 51, 51, 51, 51, 51, 51, 51, 51, 51, 51, 51, 51, 51, 51, 51, 15, 51, 51, 51, 51, 51, 50, 50, 50, 50, 50, 50, 50, 50, 50, 50, 50, 50, 50, 50, 50, 50, 50, 50, 50, 50, 50, 50, 50, 50, 50, 0, 50, 5, 6, 50, 50, 50, 50, 50, 50, 50, 50, 50, 50, 50, 50, 50, 50, 50, 50, 50, 50, 50, 50, 50, 50, 50, 50, 50, 50, 50, 50, 50, 50, 50]
Memory usage at done (index 39, length 51, since_prev 0): 8163.2109375 MiB (Increase: 0.0 MiB)
Memory usage before reset: 8163.2109375 MiB (Increase: 0.0 MiB)
Memory usage after reset: 8166.7890625 MiB (Increase: 3.578125 MiB)
Current lengths of episodes: [52, 52, 52, 52, 52, 52, 52, 52, 52, 52, 52, 52, 1, 52, 52, 52, 52, 52, 52, 52, 52, 52, 52, 52, 52, 52, 52, 52, 52, 51, 51, 51, 51, 51, 15, 51, 51, 51, 51, 0, 51, 51, 51, 51, 51, 51, 51, 51, 51, 51, 51, 51, 51, 51, 51, 51, 51, 51, 51, 51, 51, 51, 51, 51, 51, 1, 51, 6, 7, 51, 51, 51, 51, 51, 51, 51, 51, 51, 51, 51, 51, 51, 51, 51, 51, 51, 51, 51, 51, 51, 51, 51, 51, 51, 51, 51, 51, 51, 51, 51]
Memory usage at done (index 28, length 52, since_prev 1): 8188.3984375 MiB (Increase: 21.609375 MiB)
Memory usage before reset: 8188.3984375 MiB (Increase: 0.0 MiB)
Memory usage after reset: 8191.3671875 MiB (Increase: 2.96875 MiB)
Current lengths of episodes: [52, 52, 52, 52, 52, 52, 52, 52, 52, 52, 52, 52, 1, 52, 52, 52, 52, 52, 52, 52, 52, 52, 52, 52, 52, 52, 52, 52, 0, 52, 52, 52, 52, 52, 16, 52, 52, 52, 52, 1, 52, 52, 52, 52, 52, 52, 52, 52, 52, 52, 52, 52, 52, 52, 52, 52, 52, 52, 52, 52, 52, 52, 52, 52, 52, 2, 52, 7, 8, 52, 52, 52, 52, 51, 51, 51, 51, 51, 51, 51, 51, 51, 51, 51, 51, 51, 51, 51, 51, 51, 51, 51, 51, 51, 51, 51, 51, 51, 51, 51]
Memory usage at done (index 72, length 52, since_prev 0): 8191.3671875 MiB (Increase: 0.0 MiB)
Memory usage before reset: 8191.3671875 MiB (Increase: 0.0 MiB)
Memory usage after reset: 8194.9765625 MiB (Increase: 3.609375 MiB)
Current lengths of episodes: [53, 53, 53, 53, 53, 53, 53, 53, 53, 53, 53, 53, 2, 53, 53, 53, 53, 53, 53, 53, 53, 53, 53, 53, 53, 53, 53, 53, 1, 53, 53, 53, 53, 53, 17, 53, 53, 53, 53, 2, 53, 53, 53, 53, 53, 53, 53, 53, 53, 53, 53, 53, 53, 53, 53, 53, 53, 53, 53, 53, 53, 53, 53, 53, 53, 3, 53, 8, 9, 53, 53, 53, 1, 53, 52, 52, 52, 52, 52, 52, 52, 52, 52, 52, 52, 52, 52, 52, 52, 52, 52, 52, 52, 52, 52, 52, 52, 52, 52, 52]
Memory usage at done (index 73, length 53, since_prev 1): 8216.52734375 MiB (Increase: 21.55078125 MiB)
Memory usage before reset: 8216.52734375 MiB (Increase: 0.0 MiB)
Memory usage after reset: 8219.45703125 MiB (Increase: 2.9296875 MiB)
Current lengths of episodes: [56, 56, 56, 56, 56, 56, 56, 56, 56, 56, 56, 56, 5, 56, 56, 56, 56, 56, 56, 56, 56, 56, 56, 56, 56, 56, 56, 56, 4, 56, 56, 56, 56, 56, 20, 56, 56, 56, 56, 5, 56, 56, 56, 56, 56, 56, 56, 56, 56, 56, 56, 56, 56, 56, 56, 56, 56, 56, 56, 56, 56, 56, 56, 56, 56, 6, 56, 11, 12, 56, 56, 56, 4, 3, 56, 56, 56, 56, 56, 56, 56, 56, 56, 56, 56, 56, 56, 56, 56, 56, 56, 56, 56, 56, 56, 56, 56, 56, 55, 55]
Memory usage at done (index 97, length 56, since_prev 3): 8283.328125 MiB (Increase: 63.87109375 MiB)
Memory usage before reset: 8283.328125 MiB (Increase: 0.0 MiB)
Memory usage after reset: 8286.25 MiB (Increase: 2.921875 MiB)
Current lengths of episodes: [57, 57, 57, 57, 57, 57, 57, 57, 57, 57, 57, 57, 6, 57, 57, 57, 57, 57, 57, 57, 57, 57, 57, 57, 57, 57, 57, 57, 5, 57, 57, 57, 57, 57, 21, 57, 57, 57, 57, 6, 57, 57, 57, 57, 57, 57, 57, 57, 57, 57, 57, 57, 57, 57, 57, 57, 57, 57, 57, 57, 57, 57, 57, 57, 57, 7, 57, 12, 13, 57, 57, 57, 4, 3, 56, 56, 56, 56, 56, 56, 56, 56, 56, 56, 56, 56, 56, 56, 56, 56, 56, 56, 56, 56, 56, 56, 56, 0, 56, 56]
Memory usage at done (index 71, length 57, since_prev 1): 8307.93359375 MiB (Increase: 21.68359375 MiB)
Memory usage before reset: 8307.93359375 MiB (Increase: 0.0 MiB)
Memory usage after reset: 8310.8671875 MiB (Increase: 2.93359375 MiB)
Current lengths of episodes: [57, 57, 57, 57, 57, 57, 57, 57, 57, 57, 57, 57, 6, 57, 57, 57, 57, 57, 57, 57, 57, 57, 57, 57, 57, 57, 57, 57, 5, 57, 57, 57, 57, 57, 21, 57, 57, 57, 57, 6, 57, 57, 57, 57, 57, 57, 57, 57, 57, 57, 57, 57, 57, 57, 57, 57, 57, 57, 57, 57, 57, 57, 57, 57, 57, 7, 57, 12, 13, 57, 57, 0, 5, 4, 57, 57, 57, 57, 57, 57, 57, 57, 57, 57, 57, 57, 57, 57, 57, 57, 57, 57, 57, 57, 57, 57, 56, 0, 56, 56]
Memory usage at done (index 95, length 57, since_prev 0): 8310.8671875 MiB (Increase: 0.0 MiB)
Memory usage before reset: 8310.8671875 MiB (Increase: 0.0 MiB)
Memory usage after reset: 8314.44140625 MiB (Increase: 3.57421875 MiB)
Current lengths of episodes: [58, 58, 58, 58, 58, 58, 58, 58, 58, 58, 58, 58, 7, 58, 58, 58, 58, 57, 57, 57, 57, 57, 57, 57, 57, 57, 57, 57, 5, 57, 57, 57, 57, 57, 21, 57, 57, 57, 57, 6, 57, 57, 57, 57, 57, 57, 57, 57, 57, 57, 57, 57, 57, 57, 57, 57, 57, 57, 57, 57, 57, 57, 57, 57, 57, 7, 57, 12, 13, 57, 57, 0, 5, 4, 57, 57, 57, 57, 57, 57, 57, 57, 57, 57, 57, 57, 57, 57, 57, 57, 57, 57, 57, 57, 57, 0, 57, 1, 57, 57]
Memory usage at done (index 16, length 58, since_prev 1): 8336.0625 MiB (Increase: 21.62109375 MiB)
Memory usage before reset: 8336.0625 MiB (Increase: 0.0 MiB)
Memory usage after reset: 8338.984375 MiB (Increase: 2.921875 MiB)
Current lengths of episodes: [62, 62, 62, 62, 61, 61, 61, 61, 61, 61, 61, 61, 10, 61, 61, 61, 3, 61, 61, 61, 61, 61, 61, 61, 61, 61, 61, 61, 9, 61, 61, 61, 61, 61, 25, 61, 61, 61, 61, 10, 61, 61, 61, 61, 61, 61, 61, 61, 61, 61, 61, 61, 61, 61, 61, 61, 61, 61, 61, 61, 61, 61, 61, 61, 61, 11, 61, 16, 17, 61, 61, 4, 9, 8, 61, 61, 61, 61, 61, 61, 61, 61, 61, 61, 61, 61, 61, 61, 61, 61, 61, 61, 61, 61, 61, 4, 61, 5, 61, 61]
Memory usage at done (index 3, length 62, since_prev 4): 8423.953125 MiB (Increase: 84.96875 MiB)
Memory usage before reset: 8423.953125 MiB (Increase: 0.0 MiB)
Memory usage after reset: 8426.890625 MiB (Increase: 2.9375 MiB)
Current lengths of episodes: [62, 62, 62, 0, 62, 62, 62, 62, 62, 62, 62, 62, 11, 62, 62, 62, 4, 62, 62, 62, 62, 62, 62, 62, 62, 62, 62, 62, 10, 62, 62, 62, 62, 62, 26, 62, 62, 62, 62, 11, 62, 62, 62, 62, 62, 62, 62, 62, 62, 62, 62, 62, 62, 62, 62, 62, 62, 62, 62, 61, 61, 61, 61, 61, 61, 11, 61, 16, 17, 61, 61, 4, 9, 8, 61, 61, 61, 61, 61, 61, 61, 61, 61, 61, 61, 61, 61, 61, 61, 61, 61, 61, 61, 61, 61, 4, 61, 5, 61, 61]
Memory usage at done (index 58, length 62, since_prev 0): 8426.890625 MiB (Increase: 0.0 MiB)
Memory usage before reset: 8426.890625 MiB (Increase: 0.0 MiB)
Memory usage after reset: 8430.46484375 MiB (Increase: 3.57421875 MiB)
Current lengths of episodes: [62, 62, 62, 0, 62, 62, 62, 62, 62, 62, 62, 62, 11, 62, 62, 62, 4, 62, 62, 62, 62, 62, 62, 62, 62, 62, 62, 62, 10, 62, 62, 62, 62, 62, 26, 62, 62, 62, 62, 11, 62, 62, 62, 62, 62, 62, 62, 62, 62, 62, 62, 62, 62, 62, 62, 62, 62, 62, 0, 62, 62, 62, 62, 62, 62, 12, 62, 17, 18, 62, 62, 5, 10, 9, 62, 62, 62, 62, 62, 62, 62, 62, 62, 62, 62, 62, 61, 61, 61, 61, 61, 61, 61, 61, 61, 4, 61, 5, 61, 61]
Memory usage at done (index 85, length 62, since_prev 0): 8430.46484375 MiB (Increase: 0.0 MiB)
Memory usage before reset: 8430.46484375 MiB (Increase: 0.0 MiB)
Memory usage after reset: 8434.03125 MiB (Increase: 3.56640625 MiB)
Current lengths of episodes: [62, 62, 62, 0, 62, 62, 62, 62, 62, 62, 62, 62, 11, 62, 62, 62, 4, 62, 62, 62, 62, 62, 62, 62, 62, 62, 62, 62, 10, 62, 62, 62, 62, 62, 26, 62, 62, 62, 62, 11, 62, 62, 62, 62, 62, 62, 62, 62, 62, 62, 62, 62, 62, 62, 62, 62, 62, 62, 0, 62, 62, 62, 62, 62, 62, 12, 62, 17, 18, 62, 62, 5, 10, 9, 62, 62, 62, 62, 62, 62, 62, 62, 62, 62, 62, 0, 62, 62, 62, 62, 62, 62, 61, 61, 61, 4, 61, 5, 61, 61]
Memory usage at done (index 91, length 62, since_prev 0): 8434.03125 MiB (Increase: 0.0 MiB)
Memory usage before reset: 8434.03125 MiB (Increase: 0.0 MiB)
Memory usage after reset: 8437.60546875 MiB (Increase: 3.57421875 MiB)
Current lengths of episodes: [63, 63, 63, 1, 63, 63, 63, 63, 62, 62, 62, 62, 11, 62, 62, 62, 4, 62, 62, 62, 62, 62, 62, 62, 62, 62, 62, 62, 10, 62, 62, 62, 62, 62, 26, 62, 62, 62, 62, 11, 62, 62, 62, 62, 62, 62, 62, 62, 62, 62, 62, 62, 62, 62, 62, 62, 62, 62, 0, 62, 62, 62, 62, 62, 62, 12, 62, 17, 18, 62, 62, 5, 10, 9, 62, 62, 62, 62, 62, 62, 62, 62, 62, 62, 62, 0, 62, 62, 62, 62, 62, 0, 62, 62, 62, 5, 62, 6, 62, 62]
Memory usage at done (index 7, length 63, since_prev 1): 8459.11328125 MiB (Increase: 21.5078125 MiB)
Memory usage before reset: 8459.11328125 MiB (Increase: 0.0 MiB)
Memory usage after reset: 8462.046875 MiB (Increase: 2.93359375 MiB)
Current lengths of episodes: [63, 63, 63, 1, 63, 63, 63, 0, 63, 63, 63, 63, 12, 63, 63, 63, 5, 63, 63, 63, 63, 63, 63, 63, 63, 63, 63, 63, 11, 63, 63, 63, 63, 63, 27, 63, 63, 63, 63, 12, 63, 63, 63, 63, 63, 63, 63, 63, 63, 63, 63, 63, 63, 63, 63, 63, 63, 63, 1, 63, 63, 63, 62, 62, 62, 12, 62, 17, 18, 62, 62, 5, 10, 9, 62, 62, 62, 62, 62, 62, 62, 62, 62, 62, 62, 0, 62, 62, 62, 62, 62, 0, 62, 62, 62, 5, 62, 6, 62, 62]
Memory usage at done (index 61, length 63, since_prev 0): 8462.046875 MiB (Increase: 0.0 MiB)
Memory usage before reset: 8462.046875 MiB (Increase: 0.0 MiB)
Memory usage after reset: 8465.62109375 MiB (Increase: 3.57421875 MiB)
Current lengths of episodes: [63, 63, 63, 1, 63, 63, 63, 0, 63, 63, 63, 63, 12, 63, 63, 63, 5, 63, 63, 63, 63, 63, 63, 63, 63, 63, 63, 63, 11, 63, 63, 63, 63, 63, 27, 63, 63, 63, 63, 12, 63, 63, 63, 63, 63, 63, 63, 63, 63, 63, 63, 63, 63, 63, 63, 63, 63, 63, 1, 63, 63, 0, 63, 63, 63, 13, 63, 18, 19, 63, 63, 6, 11, 10, 63, 63, 63, 63, 63, 63, 63, 63, 63, 63, 63, 1, 63, 63, 63, 63, 63, 1, 63, 63, 63, 6, 63, 7, 63, 62]
Memory usage at done (index 98, length 63, since_prev 0): 8465.62109375 MiB (Increase: 0.0 MiB)
Memory usage before reset: 8465.62109375 MiB (Increase: 0.0 MiB)
Memory usage after reset: 8469.1953125 MiB (Increase: 3.57421875 MiB)
Current lengths of episodes: [65, 65, 65, 3, 65, 65, 65, 2, 65, 65, 65, 65, 14, 65, 65, 65, 7, 65, 65, 65, 65, 65, 65, 65, 64, 64, 64, 64, 12, 64, 64, 64, 64, 64, 28, 64, 64, 64, 64, 13, 64, 64, 64, 64, 64, 64, 64, 64, 64, 64, 64, 64, 64, 64, 64, 64, 64, 64, 2, 64, 64, 1, 64, 64, 64, 14, 64, 19, 20, 64, 64, 7, 12, 11, 64, 64, 64, 64, 64, 64, 64, 64, 64, 64, 64, 2, 64, 64, 64, 64, 64, 2, 64, 64, 64, 7, 64, 8, 1, 64]
Memory usage at done (index 23, length 65, since_prev 2): 8511.8515625 MiB (Increase: 42.65625 MiB)
Memory usage before reset: 8511.8515625 MiB (Increase: 0.0 MiB)
Memory usage after reset: 8514.7890625 MiB (Increase: 2.9375 MiB)
Current lengths of episodes: [65, 65, 65, 3, 65, 65, 65, 2, 65, 65, 65, 65, 14, 65, 65, 65, 7, 65, 65, 65, 65, 65, 65, 0, 65, 65, 65, 65, 13, 65, 65, 65, 65, 65, 29, 65, 65, 65, 65, 14, 65, 65, 65, 65, 65, 65, 65, 65, 65, 65, 65, 64, 64, 64, 64, 64, 64, 64, 2, 64, 64, 1, 64, 64, 64, 14, 64, 19, 20, 64, 64, 7, 12, 11, 64, 64, 64, 64, 64, 64, 64, 64, 64, 64, 64, 2, 64, 64, 64, 64, 64, 2, 64, 64, 64, 7, 64, 8, 1, 64]
Memory usage at done (index 50, length 65, since_prev 0): 8514.7890625 MiB (Increase: 0.0 MiB)
Memory usage before reset: 8514.7890625 MiB (Increase: 0.0 MiB)
Memory usage after reset: 8518.359375 MiB (Increase: 3.5703125 MiB)
Current lengths of episodes: [65, 65, 65, 3, 65, 65, 65, 2, 65, 65, 65, 65, 14, 65, 65, 65, 7, 65, 65, 65, 65, 65, 65, 0, 65, 65, 65, 65, 13, 65, 65, 65, 65, 65, 29, 65, 65, 65, 65, 14, 65, 65, 65, 65, 65, 65, 65, 65, 65, 65, 0, 65, 65, 65, 65, 65, 65, 65, 3, 65, 65, 2, 65, 65, 65, 15, 65, 20, 21, 65, 65, 8, 13, 12, 65, 64, 64, 64, 64, 64, 64, 64, 64, 64, 64, 2, 64, 64, 64, 64, 64, 2, 64, 64, 64, 7, 64, 8, 1, 64]
Memory usage at done (index 74, length 65, since_prev 0): 8518.359375 MiB (Increase: 0.0 MiB)
Memory usage before reset: 8518.359375 MiB (Increase: 0.0 MiB)
Memory usage after reset: 8521.93359375 MiB (Increase: 3.57421875 MiB)
Current lengths of episodes: [66, 66, 66, 4, 66, 66, 66, 3, 66, 66, 66, 66, 15, 66, 66, 66, 8, 66, 66, 66, 66, 66, 66, 1, 66, 66, 66, 66, 14, 66, 66, 66, 66, 66, 30, 66, 66, 66, 66, 15, 66, 66, 65, 65, 65, 65, 65, 65, 65, 65, 0, 65, 65, 65, 65, 65, 65, 65, 3, 65, 65, 2, 65, 65, 65, 15, 65, 20, 21, 65, 65, 8, 13, 12, 0, 65, 65, 65, 65, 65, 65, 65, 65, 65, 65, 3, 65, 65, 65, 65, 65, 3, 65, 65, 65, 8, 65, 9, 2, 65]
Memory usage at done (index 41, length 66, since_prev 1): 8543.5 MiB (Increase: 21.56640625 MiB)
Memory usage before reset: 8543.5 MiB (Increase: 0.0 MiB)
Memory usage after reset: 8546.4296875 MiB (Increase: 2.9296875 MiB)
Current lengths of episodes: [69, 69, 69, 7, 69, 69, 69, 6, 69, 69, 69, 69, 18, 69, 69, 69, 11, 69, 69, 69, 69, 69, 69, 4, 69, 69, 69, 69, 17, 69, 69, 68, 68, 68, 32, 68, 68, 68, 68, 17, 68, 2, 68, 68, 68, 68, 68, 68, 68, 68, 3, 68, 68, 68, 68, 68, 68, 68, 6, 68, 68, 5, 68, 68, 68, 18, 68, 23, 24, 68, 68, 11, 16, 15, 3, 68, 68, 68, 68, 68, 68, 68, 68, 68, 68, 6, 68, 68, 68, 68, 68, 6, 68, 68, 68, 11, 68, 12, 5, 68]
Memory usage at done (index 30, length 69, since_prev 3): 8610.30078125 MiB (Increase: 63.87109375 MiB)
Memory usage before reset: 8610.30078125 MiB (Increase: 0.0 MiB)
Memory usage after reset: 8613.22265625 MiB (Increase: 2.921875 MiB)
Current lengths of episodes: [70, 70, 70, 8, 70, 70, 69, 6, 69, 69, 69, 69, 18, 69, 69, 69, 11, 69, 69, 69, 69, 69, 69, 4, 69, 69, 69, 69, 17, 69, 0, 69, 69, 69, 33, 69, 69, 69, 69, 18, 69, 3, 69, 69, 69, 69, 69, 69, 69, 69, 4, 69, 69, 69, 69, 69, 69, 69, 7, 69, 69, 6, 69, 69, 69, 19, 69, 24, 25, 69, 69, 12, 17, 16, 4, 69, 69, 69, 69, 69, 69, 69, 69, 69, 69, 7, 69, 69, 69, 69, 69, 7, 69, 69, 69, 12, 69, 13, 6, 69]
Memory usage at done (index 5, length 70, since_prev 1): 8634.91015625 MiB (Increase: 21.6875 MiB)
Memory usage before reset: 8634.91015625 MiB (Increase: 0.0 MiB)
Memory usage after reset: 8637.8828125 MiB (Increase: 2.97265625 MiB)
Current lengths of episodes: [70, 70, 70, 8, 70, 0, 70, 7, 70, 70, 70, 70, 19, 70, 70, 70, 12, 70, 70, 70, 70, 70, 70, 5, 70, 70, 70, 70, 18, 70, 1, 70, 70, 70, 34, 70, 70, 70, 70, 19, 70, 4, 70, 70, 70, 69, 69, 69, 69, 69, 4, 69, 69, 69, 69, 69, 69, 69, 7, 69, 69, 6, 69, 69, 69, 19, 69, 24, 25, 69, 69, 12, 17, 16, 4, 69, 69, 69, 69, 69, 69, 69, 69, 69, 69, 7, 69, 69, 69, 69, 69, 7, 69, 69, 69, 12, 69, 13, 6, 69]
Memory usage at done (index 44, length 70, since_prev 0): 8637.8828125 MiB (Increase: 0.0 MiB)
Memory usage before reset: 8637.8828125 MiB (Increase: 0.0 MiB)
Memory usage after reset: 8641.4921875 MiB (Increase: 3.609375 MiB)
Current lengths of episodes: [70, 70, 70, 8, 70, 0, 70, 7, 70, 70, 70, 70, 19, 70, 70, 70, 12, 70, 70, 70, 70, 70, 70, 5, 70, 70, 70, 70, 18, 70, 1, 70, 70, 70, 34, 70, 70, 70, 70, 19, 70, 4, 70, 70, 0, 70, 70, 70, 70, 70, 5, 70, 70, 70, 70, 70, 70, 70, 8, 70, 70, 7, 70, 70, 70, 20, 70, 25, 26, 70, 70, 13, 18, 17, 5, 70, 70, 70, 70, 70, 70, 70, 70, 70, 70, 8, 70, 70, 70, 70, 69, 7, 69, 69, 69, 12, 69, 13, 6, 69]
Memory usage at done (index 89, length 70, since_prev 0): 8641.4921875 MiB (Increase: 0.0 MiB)
Memory usage before reset: 8641.4921875 MiB (Increase: 0.0 MiB)
Memory usage after reset: 8644.84375 MiB (Increase: 3.3515625 MiB)
Current lengths of episodes: [71, 71, 71, 8, 70, 0, 70, 7, 70, 70, 70, 70, 19, 70, 70, 70, 12, 70, 70, 70, 70, 70, 70, 5, 70, 70, 70, 70, 18, 70, 1, 70, 70, 70, 34, 70, 70, 70, 70, 19, 70, 4, 70, 70, 0, 70, 70, 70, 70, 70, 5, 70, 70, 70, 70, 70, 70, 70, 8, 70, 70, 7, 70, 70, 70, 20, 70, 25, 26, 70, 70, 13, 18, 17, 5, 70, 70, 70, 70, 70, 70, 70, 70, 70, 70, 8, 70, 70, 70, 0, 70, 8, 70, 70, 70, 13, 70, 14, 7, 70]
Memory usage at done (index 2, length 71, since_prev 1): 8666.5546875 MiB (Increase: 21.7109375 MiB)
Memory usage before reset: 8666.5546875 MiB (Increase: 0.0 MiB)
Memory usage after reset: 8669.5234375 MiB (Increase: 2.96875 MiB)
Current lengths of episodes: [71, 71, 0, 9, 71, 1, 71, 8, 71, 71, 71, 71, 20, 71, 71, 71, 13, 71, 71, 71, 71, 71, 71, 6, 71, 71, 71, 71, 19, 71, 2, 71, 71, 71, 35, 71, 71, 71, 70, 19, 70, 4, 70, 70, 0, 70, 70, 70, 70, 70, 5, 70, 70, 70, 70, 70, 70, 70, 8, 70, 70, 7, 70, 70, 70, 20, 70, 25, 26, 70, 70, 13, 18, 17, 5, 70, 70, 70, 70, 70, 70, 70, 70, 70, 70, 8, 70, 70, 70, 0, 70, 8, 70, 70, 70, 13, 70, 14, 7, 70]
Memory usage at done (index 37, length 71, since_prev 0): 8669.5234375 MiB (Increase: 0.0 MiB)
Memory usage before reset: 8669.5234375 MiB (Increase: 0.0 MiB)
Memory usage after reset: 8673.1328125 MiB (Increase: 3.609375 MiB)
Current lengths of episodes: [72, 72, 1, 10, 72, 2, 72, 9, 72, 72, 72, 72, 21, 72, 72, 72, 14, 72, 72, 72, 72, 72, 72, 7, 72, 72, 72, 72, 20, 72, 3, 72, 72, 72, 36, 72, 72, 1, 72, 21, 72, 6, 72, 72, 2, 72, 72, 72, 72, 72, 7, 72, 72, 72, 72, 72, 72, 72, 10, 72, 72, 8, 71, 71, 71, 21, 71, 26, 27, 71, 71, 14, 19, 18, 6, 71, 71, 71, 71, 71, 71, 71, 71, 71, 71, 9, 71, 71, 71, 1, 71, 9, 71, 71, 71, 14, 71, 15, 8, 71]
Memory usage at done (index 60, length 72, since_prev 1): 8694.68359375 MiB (Increase: 21.55078125 MiB)
Memory usage before reset: 8694.68359375 MiB (Increase: 0.0 MiB)
Memory usage after reset: 8697.6484375 MiB (Increase: 2.96484375 MiB)
Current lengths of episodes: [74, 74, 3, 12, 74, 4, 74, 11, 74, 74, 74, 74, 23, 74, 74, 74, 16, 74, 74, 74, 74, 74, 74, 9, 74, 74, 74, 74, 22, 74, 5, 74, 74, 74, 38, 74, 74, 3, 74, 23, 74, 8, 74, 74, 4, 74, 74, 74, 74, 74, 9, 74, 74, 74, 74, 74, 74, 74, 12, 74, 2, 11, 74, 74, 74, 24, 74, 29, 30, 74, 74, 17, 22, 21, 9, 74, 74, 74, 74, 74, 74, 74, 74, 74, 74, 11, 73, 73, 73, 3, 73, 11, 73, 73, 73, 16, 73, 17, 10, 73]
Memory usage at done (index 84, length 74, since_prev 2): 8740.390625 MiB (Increase: 42.7421875 MiB)
Memory usage before reset: 8740.390625 MiB (Increase: 0.0 MiB)
Memory usage after reset: 8743.35546875 MiB (Increase: 2.96484375 MiB)
Current lengths of episodes: [75, 75, 4, 13, 75, 5, 75, 12, 75, 75, 75, 75, 24, 75, 75, 75, 17, 75, 75, 75, 75, 75, 75, 10, 75, 75, 75, 75, 23, 75, 6, 75, 75, 75, 39, 75, 75, 4, 75, 24, 75, 9, 75, 75, 5, 75, 75, 75, 75, 75, 10, 75, 75, 75, 75, 75, 75, 75, 13, 75, 3, 12, 75, 75, 75, 25, 75, 30, 31, 75, 75, 18, 23, 22, 10, 75, 75, 75, 75, 75, 75, 75, 75, 75, 1, 13, 75, 75, 75, 4, 74, 12, 74, 74, 74, 17, 74, 18, 11, 74]
Memory usage at done (index 88, length 75, since_prev 1): 8765.0 MiB (Increase: 21.64453125 MiB)
Memory usage before reset: 8765.0 MiB (Increase: 0.0 MiB)
Memory usage after reset: 8767.96484375 MiB (Increase: 2.96484375 MiB)
Current lengths of episodes: [76, 76, 5, 14, 76, 6, 76, 13, 76, 76, 76, 76, 25, 76, 76, 76, 18, 76, 76, 76, 76, 76, 76, 11, 76, 76, 75, 75, 23, 75, 6, 75, 75, 75, 39, 75, 75, 4, 75, 24, 75, 9, 75, 75, 5, 75, 75, 75, 75, 75, 10, 75, 75, 75, 75, 75, 75, 75, 13, 75, 3, 12, 75, 75, 75, 25, 75, 30, 31, 75, 75, 18, 23, 22, 10, 75, 75, 75, 75, 75, 75, 75, 75, 75, 1, 13, 75, 75, 0, 5, 75, 13, 75, 75, 75, 18, 75, 19, 12, 75]
Memory usage at done (index 25, length 76, since_prev 1): 8789.60546875 MiB (Increase: 21.640625 MiB)
Memory usage before reset: 8789.60546875 MiB (Increase: 0.0 MiB)
Memory usage after reset: 8792.57421875 MiB (Increase: 2.96875 MiB)
Current lengths of episodes: [76, 76, 5, 14, 76, 6, 76, 13, 76, 76, 76, 76, 25, 76, 76, 76, 18, 76, 76, 76, 76, 76, 76, 11, 76, 0, 76, 76, 24, 76, 7, 76, 76, 76, 40, 76, 76, 5, 76, 25, 76, 10, 76, 76, 6, 76, 76, 76, 76, 76, 11, 76, 75, 75, 75, 75, 75, 75, 13, 75, 3, 12, 75, 75, 75, 25, 75, 30, 31, 75, 75, 18, 23, 22, 10, 75, 75, 75, 75, 75, 75, 75, 75, 75, 1, 13, 75, 75, 0, 5, 75, 13, 75, 75, 75, 18, 75, 19, 12, 75]
Memory usage at done (index 51, length 76, since_prev 0): 8792.57421875 MiB (Increase: 0.0 MiB)
Memory usage before reset: 8792.57421875 MiB (Increase: 0.0 MiB)
Memory usage after reset: 8796.18359375 MiB (Increase: 3.609375 MiB)
Current lengths of episodes: [78, 78, 7, 16, 78, 8, 78, 15, 78, 78, 78, 78, 27, 78, 78, 78, 20, 78, 78, 78, 78, 78, 78, 13, 78, 2, 78, 78, 26, 78, 9, 78, 78, 78, 42, 78, 78, 7, 78, 27, 78, 12, 78, 78, 8, 78, 78, 78, 78, 78, 13, 2, 78, 78, 78, 78, 78, 78, 16, 78, 6, 15, 78, 78, 78, 28, 78, 33, 34, 78, 78, 21, 26, 25, 13, 78, 78, 78, 78, 78, 78, 78, 77, 77, 3, 15, 77, 77, 2, 7, 77, 15, 77, 77, 77, 20, 77, 21, 14, 77]
Memory usage at done (index 81, length 78, since_prev 2): 8838.83203125 MiB (Increase: 42.6484375 MiB)
Memory usage before reset: 8838.83203125 MiB (Increase: 0.0 MiB)
Memory usage after reset: 8841.796875 MiB (Increase: 2.96484375 MiB)
Current lengths of episodes: [80, 80, 9, 18, 80, 10, 80, 17, 80, 80, 80, 80, 29, 80, 80, 80, 22, 80, 80, 80, 80, 80, 79, 14, 79, 3, 79, 79, 27, 79, 10, 79, 79, 79, 43, 79, 79, 8, 79, 28, 79, 13, 79, 79, 9, 79, 79, 79, 79, 79, 14, 3, 79, 79, 79, 79, 79, 79, 17, 79, 7, 16, 79, 79, 79, 29, 79, 34, 35, 79, 79, 22, 27, 26, 14, 79, 79, 79, 79, 79, 79, 1, 79, 79, 5, 17, 79, 79, 4, 9, 79, 17, 79, 79, 79, 22, 79, 23, 16, 79]
Memory usage at done (index 21, length 80, since_prev 2): 8884.53125 MiB (Increase: 42.734375 MiB)
Memory usage before reset: 8884.53125 MiB (Increase: 0.0 MiB)
Memory usage after reset: 8887.5 MiB (Increase: 2.96875 MiB)
Current lengths of episodes: [80, 80, 9, 18, 80, 10, 80, 17, 80, 80, 80, 80, 29, 80, 80, 80, 22, 80, 80, 80, 80, 0, 80, 15, 80, 4, 80, 79, 27, 79, 10, 79, 79, 79, 43, 79, 79, 8, 79, 28, 79, 13, 79, 79, 9, 79, 79, 79, 79, 79, 14, 3, 79, 79, 79, 79, 79, 79, 17, 79, 7, 16, 79, 79, 79, 29, 79, 34, 35, 79, 79, 22, 27, 26, 14, 79, 79, 79, 79, 79, 79, 1, 79, 79, 5, 17, 79, 79, 4, 9, 79, 17, 79, 79, 79, 22, 79, 23, 16, 79]
Memory usage at done (index 26, length 80, since_prev 0): 8887.5 MiB (Increase: 0.0 MiB)
Memory usage before reset: 8887.5 MiB (Increase: 0.0 MiB)
Memory usage after reset: 8891.109375 MiB (Increase: 3.609375 MiB)
Current lengths of episodes: [81, 81, 10, 19, 81, 11, 81, 18, 81, 81, 81, 81, 30, 81, 81, 81, 23, 81, 81, 81, 81, 1, 81, 16, 81, 5, 1, 81, 29, 81, 12, 81, 81, 81, 45, 81, 81, 10, 81, 30, 81, 15, 81, 81, 11, 81, 81, 81, 81, 81, 16, 5, 81, 81, 81, 81, 81, 81, 18, 80, 8, 17, 80, 80, 80, 30, 80, 35, 36, 80, 80, 23, 28, 27, 15, 80, 80, 80, 80, 80, 80, 2, 80, 80, 6, 18, 80, 80, 5, 10, 80, 18, 80, 80, 80, 23, 80, 24, 17, 80]
Memory usage at done (index 57, length 81, since_prev 1): 8912.6640625 MiB (Increase: 21.5546875 MiB)
Memory usage before reset: 8912.6640625 MiB (Increase: 0.0 MiB)
Memory usage after reset: 8915.6328125 MiB (Increase: 2.96875 MiB)
Current lengths of episodes: [81, 81, 10, 19, 81, 11, 81, 18, 81, 81, 81, 81, 30, 81, 81, 81, 23, 81, 81, 81, 81, 1, 81, 16, 81, 5, 1, 81, 29, 81, 12, 81, 81, 81, 45, 81, 81, 10, 81, 30, 81, 15, 81, 81, 11, 81, 81, 81, 81, 81, 16, 5, 81, 81, 81, 81, 81, 0, 19, 81, 8, 17, 80, 80, 80, 30, 80, 35, 36, 80, 80, 23, 28, 27, 15, 80, 80, 80, 80, 80, 80, 2, 80, 80, 6, 18, 80, 80, 5, 10, 80, 18, 80, 80, 80, 23, 80, 24, 17, 80]
Memory usage at done (index 59, length 81, since_prev 0): 8915.6328125 MiB (Increase: 0.0 MiB)
Memory usage before reset: 8915.6328125 MiB (Increase: 0.0 MiB)
Memory usage after reset: 8919.2421875 MiB (Increase: 3.609375 MiB)
Current lengths of episodes: [84, 84, 13, 22, 84, 14, 84, 21, 84, 84, 84, 84, 33, 84, 84, 84, 26, 84, 84, 84, 84, 4, 84, 19, 84, 8, 4, 84, 32, 84, 15, 84, 84, 84, 48, 84, 84, 13, 84, 33, 84, 18, 84, 84, 14, 84, 84, 84, 84, 84, 19, 8, 84, 84, 84, 84, 84, 3, 22, 3, 12, 21, 84, 84, 84, 34, 84, 39, 40, 84, 84, 27, 32, 31, 19, 84, 84, 84, 84, 84, 83, 5, 83, 83, 9, 21, 83, 83, 8, 13, 83, 21, 83, 83, 83, 26, 83, 27, 20, 83]
Memory usage at done (index 79, length 84, since_prev 3): 8982.984375 MiB (Increase: 63.7421875 MiB)
Memory usage before reset: 8982.984375 MiB (Increase: 0.0 MiB)
Memory usage after reset: 8985.94921875 MiB (Increase: 2.96484375 MiB)
Current lengths of episodes: [85, 85, 14, 23, 85, 15, 85, 22, 85, 85, 84, 84, 33, 84, 84, 84, 26, 84, 84, 84, 84, 4, 84, 19, 84, 8, 4, 84, 32, 84, 15, 84, 84, 84, 48, 84, 84, 13, 84, 33, 84, 18, 84, 84, 14, 84, 84, 84, 84, 84, 19, 8, 84, 84, 84, 84, 84, 3, 22, 3, 12, 21, 84, 84, 84, 34, 84, 39, 40, 84, 84, 27, 32, 31, 19, 84, 84, 84, 84, 0, 84, 6, 84, 84, 10, 22, 84, 84, 9, 14, 84, 22, 84, 84, 84, 27, 84, 28, 21, 84]
Memory usage at done (index 9, length 85, since_prev 1): 9007.59375 MiB (Increase: 21.64453125 MiB)
Memory usage before reset: 9007.59375 MiB (Increase: 0.0 MiB)
Memory usage after reset: 9010.55859375 MiB (Increase: 2.96484375 MiB)
Current lengths of episodes: [86, 86, 15, 24, 86, 16, 86, 23, 86, 1, 86, 86, 35, 86, 86, 86, 28, 86, 86, 86, 86, 6, 86, 21, 86, 10, 6, 86, 34, 86, 17, 86, 86, 86, 50, 86, 86, 15, 86, 35, 86, 19, 85, 85, 15, 85, 85, 85, 85, 85, 20, 9, 85, 85, 85, 85, 85, 4, 23, 4, 13, 22, 85, 85, 85, 35, 85, 40, 41, 85, 85, 28, 33, 32, 20, 85, 85, 85, 85, 1, 85, 7, 85, 85, 11, 23, 85, 85, 10, 15, 85, 23, 85, 85, 85, 28, 85, 29, 22, 85]
Memory usage at done (index 40, length 86, since_prev 1): 9032.203125 MiB (Increase: 21.64453125 MiB)
Memory usage before reset: 9032.203125 MiB (Increase: 0.0 MiB)
Memory usage after reset: 9032.203125 MiB (Increase: 0.0 MiB)
Current lengths of episodes: [89, 89, 18, 27, 89, 19, 89, 26, 89, 4, 89, 89, 37, 88, 88, 88, 30, 88, 88, 88, 88, 8, 88, 23, 88, 12, 8, 88, 36, 88, 19, 88, 88, 88, 52, 88, 88, 17, 88, 37, 2, 22, 88, 88, 18, 88, 88, 88, 88, 88, 23, 12, 88, 88, 88, 88, 88, 7, 26, 7, 16, 25, 88, 88, 88, 38, 88, 43, 44, 88, 88, 31, 36, 35, 23, 88, 88, 88, 88, 4, 88, 10, 88, 88, 14, 26, 88, 88, 13, 18, 88, 26, 88, 88, 88, 31, 88, 32, 25, 88]
Memory usage at done (index 11, length 89, since_prev 3): 9095.48828125 MiB (Increase: 63.28515625 MiB)
Memory usage before reset: 9095.48828125 MiB (Increase: 0.0 MiB)
Memory usage after reset: 9098.453125 MiB (Increase: 2.96484375 MiB)
Current lengths of episodes: [90, 90, 19, 28, 90, 20, 90, 27, 90, 5, 90, 1, 39, 90, 90, 90, 32, 90, 90, 90, 90, 10, 90, 25, 90, 14, 10, 90, 38, 90, 21, 90, 90, 90, 54, 90, 90, 19, 90, 38, 3, 23, 89, 89, 19, 89, 89, 89, 89, 89, 24, 13, 89, 89, 89, 89, 89, 8, 27, 8, 17, 26, 89, 89, 89, 39, 89, 44, 45, 89, 89, 32, 37, 36, 24, 89, 89, 89, 89, 5, 89, 11, 89, 89, 15, 27, 89, 89, 14, 19, 89, 27, 89, 89, 89, 32, 89, 33, 26, 89]
Memory usage at done (index 38, length 90, since_prev 1): 9120.08984375 MiB (Increase: 21.63671875 MiB)
Memory usage before reset: 9120.08984375 MiB (Increase: 0.0 MiB)
Memory usage after reset: 9123.03125 MiB (Increase: 2.94140625 MiB)
Current lengths of episodes: [90, 90, 19, 28, 90, 20, 90, 27, 90, 5, 90, 1, 39, 90, 90, 90, 32, 90, 90, 90, 90, 10, 90, 25, 90, 14, 10, 90, 38, 90, 21, 90, 90, 90, 54, 90, 90, 19, 0, 39, 4, 24, 90, 89, 19, 89, 89, 89, 89, 89, 24, 13, 89, 89, 89, 89, 89, 8, 27, 8, 17, 26, 89, 89, 89, 39, 89, 44, 45, 89, 89, 32, 37, 36, 24, 89, 89, 89, 89, 5, 89, 11, 89, 89, 15, 27, 89, 89, 14, 19, 89, 27, 89, 89, 89, 32, 89, 33, 26, 89]
Memory usage at done (index 42, length 90, since_prev 0): 9123.03125 MiB (Increase: 0.0 MiB)
Memory usage before reset: 9123.03125 MiB (Increase: 0.0 MiB)
Memory usage after reset: 9126.640625 MiB (Increase: 3.609375 MiB)
Current lengths of episodes: [90, 90, 19, 28, 90, 20, 90, 27, 90, 5, 90, 1, 39, 90, 90, 90, 32, 90, 90, 90, 90, 10, 90, 25, 90, 14, 10, 90, 38, 90, 21, 90, 90, 90, 54, 90, 90, 19, 0, 39, 4, 24, 0, 90, 20, 90, 90, 90, 90, 90, 25, 14, 90, 90, 90, 90, 90, 9, 28, 9, 18, 27, 90, 90, 90, 40, 90, 45, 46, 90, 90, 33, 38, 36, 24, 89, 89, 89, 89, 5, 89, 11, 89, 89, 15, 27, 89, 89, 14, 19, 89, 27, 89, 89, 89, 32, 89, 33, 26, 89]
Memory usage at done (index 72, length 38, since_prev 0): 9126.640625 MiB (Increase: 0.0 MiB)
Memory usage before reset: 9126.640625 MiB (Increase: 0.0 MiB)
Memory usage after reset: 9130.25 MiB (Increase: 3.609375 MiB)
Current lengths of episodes: [92, 92, 21, 30, 92, 22, 92, 29, 92, 7, 92, 3, 41, 92, 92, 92, 34, 92, 92, 92, 92, 12, 92, 27, 92, 16, 12, 92, 40, 92, 23, 92, 91, 91, 55, 91, 91, 20, 1, 40, 5, 25, 1, 91, 21, 91, 91, 91, 91, 91, 26, 15, 91, 91, 91, 91, 91, 10, 29, 10, 19, 28, 91, 91, 91, 41, 91, 46, 47, 91, 91, 34, 1, 38, 26, 91, 91, 91, 91, 7, 91, 13, 91, 91, 17, 29, 91, 91, 16, 21, 91, 29, 91, 91, 91, 34, 91, 35, 28, 91]
Memory usage at done (index 31, length 92, since_prev 2): 9172.83203125 MiB (Increase: 42.58203125 MiB)
Memory usage before reset: 9172.83203125 MiB (Increase: 0.0 MiB)
Memory usage after reset: 9175.796875 MiB (Increase: 2.96484375 MiB)
Current lengths of episodes: [93, 93, 22, 31, 93, 23, 93, 30, 93, 8, 93, 4, 42, 93, 93, 93, 35, 93, 93, 93, 93, 13, 93, 28, 93, 17, 13, 93, 41, 93, 23, 0, 92, 92, 56, 92, 92, 21, 2, 41, 6, 26, 2, 92, 22, 92, 92, 92, 92, 92, 27, 16, 92, 92, 92, 92, 92, 11, 30, 11, 20, 29, 92, 92, 92, 42, 92, 47, 48, 92, 92, 35, 2, 39, 27, 92, 92, 92, 92, 8, 92, 14, 92, 92, 18, 30, 92, 92, 17, 22, 92, 30, 92, 92, 92, 35, 92, 36, 29, 92]
Memory usage at done (index 29, length 93, since_prev 1): 9197.4453125 MiB (Increase: 21.6484375 MiB)
Memory usage before reset: 9197.4453125 MiB (Increase: 0.0 MiB)
Memory usage after reset: 9200.3984375 MiB (Increase: 2.953125 MiB)
Current lengths of episodes: [94, 94, 23, 32, 94, 24, 94, 31, 94, 9, 94, 5, 43, 94, 94, 94, 36, 94, 94, 94, 94, 13, 93, 28, 93, 17, 13, 93, 41, 0, 24, 1, 93, 93, 57, 93, 93, 22, 3, 42, 7, 27, 3, 93, 23, 93, 93, 93, 93, 93, 28, 17, 93, 93, 93, 93, 93, 12, 31, 12, 21, 30, 93, 93, 93, 43, 93, 48, 49, 93, 93, 36, 3, 40, 28, 93, 93, 93, 93, 9, 93, 15, 93, 93, 19, 31, 93, 93, 18, 23, 93, 31, 93, 93, 93, 36, 93, 37, 30, 93]
Memory usage at done (index 20, length 94, since_prev 1): 9222.0625 MiB (Increase: 21.6640625 MiB)
Memory usage before reset: 9222.0625 MiB (Increase: 0.0 MiB)
Memory usage after reset: 9225.02734375 MiB (Increase: 2.96484375 MiB)
Current lengths of episodes: [101, 101, 30, 39, 101, 31, 101, 38, 101, 16, 101, 12, 50, 101, 101, 101, 43, 101, 101, 101, 7, 21, 101, 36, 101, 25, 21, 101, 49, 8, 32, 9, 101, 101, 65, 101, 101, 30, 11, 50, 15, 35, 11, 101, 31, 101, 101, 100, 100, 100, 35, 24, 100, 100, 100, 100, 100, 19, 38, 19, 28, 37, 100, 100, 100, 50, 100, 55, 56, 100, 100, 43, 10, 47, 35, 100, 100, 100, 100, 16, 100, 22, 100, 100, 26, 38, 100, 100, 25, 30, 100, 38, 100, 100, 100, 43, 100, 44, 37, 100]
Memory usage at done (index 46, length 101, since_prev 7): 9373.23828125 MiB (Increase: 148.2109375 MiB)
Memory usage before reset: 9373.23828125 MiB (Increase: 0.0 MiB)
Memory usage after reset: 9376.203125 MiB (Increase: 2.96484375 MiB)
Current lengths of episodes: [109, 109, 38, 47, 109, 39, 109, 46, 109, 24, 109, 20, 58, 109, 109, 109, 51, 109, 109, 109, 15, 29, 109, 44, 109, 33, 29, 109, 57, 16, 40, 17, 109, 109, 73, 109, 109, 38, 19, 58, 23, 43, 19, 109, 39, 109, 8, 109, 109, 109, 44, 33, 109, 109, 109, 109, 109, 28, 47, 28, 37, 46, 109, 109, 109, 59, 109, 64, 65, 108, 108, 51, 18, 55, 43, 108, 108, 108, 108, 24, 108, 30, 108, 108, 34, 46, 108, 108, 33, 38, 108, 46, 108, 108, 108, 51, 108, 52, 45, 108]
Memory usage at done (index 68, length 65, since_prev 8): 9545.5078125 MiB (Increase: 169.3046875 MiB)
Memory usage before reset: 9545.5078125 MiB (Increase: 0.0 MiB)
Memory usage after reset: 9548.47265625 MiB (Increase: 2.96484375 MiB)
Current lengths of episodes: [112, 112, 41, 50, 112, 42, 112, 49, 112, 27, 112, 23, 61, 112, 112, 112, 54, 112, 112, 112, 18, 32, 112, 47, 112, 36, 32, 112, 60, 18, 42, 19, 111, 111, 75, 111, 111, 40, 21, 60, 25, 45, 21, 111, 41, 111, 10, 111, 111, 111, 46, 35, 111, 111, 111, 111, 111, 30, 49, 30, 39, 48, 111, 111, 111, 61, 111, 66, 2, 111, 111, 54, 21, 58, 46, 111, 111, 111, 111, 27, 111, 33, 111, 111, 37, 49, 111, 111, 36, 41, 111, 49, 111, 111, 111, 54, 111, 55, 48, 111]
Memory usage at done (index 28, length 60, since_prev 3): 9612.30859375 MiB (Increase: 63.8359375 MiB)
Memory usage before reset: 9612.30859375 MiB (Increase: 0.0 MiB)
Memory usage after reset: 9615.2734375 MiB (Increase: 2.96484375 MiB)
Current lengths of episodes: [113, 113, 42, 51, 113, 43, 113, 50, 113, 28, 113, 24, 62, 113, 113, 113, 55, 113, 113, 113, 19, 33, 113, 48, 113, 37, 33, 113, 1, 20, 44, 21, 113, 113, 77, 113, 113, 42, 23, 62, 27, 47, 23, 113, 43, 113, 12, 113, 113, 113, 48, 37, 113, 113, 113, 113, 113, 32, 51, 32, 41, 50, 113, 113, 113, 63, 113, 68, 4, 113, 113, 56, 23, 60, 48, 112, 112, 112, 112, 28, 112, 34, 112, 112, 38, 50, 112, 112, 37, 42, 112, 50, 112, 112, 112, 55, 112, 56, 49, 112]
Memory usage at done (index 74, length 48, since_prev 1): 9636.91796875 MiB (Increase: 21.64453125 MiB)
Memory usage before reset: 9636.91796875 MiB (Increase: 0.0 MiB)
Memory usage after reset: 9639.87890625 MiB (Increase: 2.9609375 MiB)
Current lengths of episodes: [114, 114, 43, 52, 114, 44, 114, 51, 114, 29, 114, 25, 63, 114, 114, 114, 56, 114, 114, 114, 20, 34, 114, 49, 114, 38, 34, 114, 2, 21, 45, 22, 114, 114, 78, 113, 113, 42, 23, 62, 27, 47, 23, 113, 43, 113, 12, 113, 113, 113, 48, 37, 113, 113, 113, 113, 113, 32, 51, 32, 41, 50, 113, 113, 113, 63, 113, 68, 4, 113, 113, 56, 23, 60, 0, 113, 113, 113, 113, 29, 113, 35, 113, 113, 39, 51, 113, 113, 38, 43, 113, 51, 113, 113, 113, 56, 113, 57, 50, 113]
Memory usage at done (index 34, length 78, since_prev 1): 9661.52734375 MiB (Increase: 21.6484375 MiB)
Memory usage before reset: 9661.52734375 MiB (Increase: 0.0 MiB)
Memory usage after reset: 9664.4921875 MiB (Increase: 2.96484375 MiB)
Current lengths of episodes: [118, 118, 47, 56, 118, 48, 118, 55, 118, 33, 118, 29, 67, 118, 118, 118, 60, 118, 118, 118, 24, 38, 118, 53, 118, 42, 38, 118, 6, 25, 49, 26, 118, 118, 4, 118, 118, 47, 28, 67, 32, 52, 28, 118, 48, 118, 17, 118, 118, 118, 53, 42, 118, 118, 118, 118, 118, 37, 56, 37, 46, 55, 118, 118, 118, 68, 118, 73, 9, 118, 118, 60, 27, 64, 4, 117, 117, 117, 117, 33, 117, 39, 117, 117, 43, 55, 117, 117, 42, 47, 117, 55, 117, 117, 117, 60, 117, 61, 54, 117]
Memory usage at done (index 70, length 118, since_prev 4): 9749.421875 MiB (Increase: 84.9296875 MiB)
Memory usage before reset: 9749.421875 MiB (Increase: 0.0 MiB)
Memory usage after reset: 9752.38671875 MiB (Increase: 2.96484375 MiB)
Current lengths of episodes: [122, 122, 51, 60, 122, 52, 122, 59, 122, 37, 122, 33, 71, 122, 122, 122, 64, 122, 122, 122, 28, 42, 122, 57, 122, 46, 42, 122, 10, 29, 53, 30, 122, 122, 8, 122, 122, 51, 32, 71, 36, 56, 32, 122, 52, 121, 20, 121, 121, 121, 56, 45, 121, 121, 121, 121, 121, 40, 59, 40, 49, 58, 121, 121, 121, 71, 121, 76, 12, 121, 3, 64, 31, 68, 8, 121, 121, 121, 121, 37, 121, 43, 121, 121, 47, 59, 121, 121, 46, 51, 121, 59, 121, 121, 121, 64, 121, 65, 58, 121]
Memory usage at done (index 44, length 52, since_prev 4): 9837.31640625 MiB (Increase: 84.9296875 MiB)
Memory usage before reset: 9837.31640625 MiB (Increase: 0.0 MiB)
Memory usage after reset: 9840.390625 MiB (Increase: 3.07421875 MiB)
Current lengths of episodes: [123, 123, 52, 61, 123, 53, 123, 60, 122, 37, 122, 33, 71, 122, 122, 122, 64, 122, 122, 122, 28, 42, 122, 57, 122, 46, 42, 122, 10, 29, 53, 30, 122, 122, 8, 122, 122, 51, 32, 71, 36, 56, 32, 122, 0, 122, 21, 122, 122, 122, 57, 46, 122, 122, 122, 122, 122, 41, 60, 41, 50, 59, 122, 122, 122, 72, 122, 77, 13, 122, 4, 65, 32, 69, 9, 122, 122, 122, 122, 38, 122, 44, 122, 122, 48, 60, 122, 122, 47, 52, 122, 60, 122, 122, 122, 65, 122, 66, 59, 122]
Memory usage at done (index 7, length 60, since_prev 1): 9861.921875 MiB (Increase: 21.53125 MiB)
Memory usage before reset: 9861.921875 MiB (Increase: 0.0 MiB)
Memory usage after reset: 9864.87890625 MiB (Increase: 2.95703125 MiB)
Current lengths of episodes: [123, 123, 52, 61, 123, 53, 123, 0, 123, 38, 123, 34, 72, 123, 123, 123, 65, 123, 123, 123, 29, 43, 123, 58, 123, 47, 43, 123, 11, 30, 54, 31, 123, 123, 9, 123, 123, 52, 33, 72, 37, 57, 33, 123, 1, 123, 22, 123, 123, 123, 58, 47, 123, 123, 123, 123, 123, 42, 61, 42, 51, 60, 123, 123, 123, 73, 122, 77, 13, 122, 4, 65, 32, 69, 9, 122, 122, 122, 122, 38, 122, 44, 122, 122, 48, 60, 122, 122, 47, 52, 122, 60, 122, 122, 122, 65, 122, 66, 59, 122]
Memory usage at done (index 65, length 73, since_prev 0): 9864.87890625 MiB (Increase: 0.0 MiB)
Memory usage before reset: 9864.87890625 MiB (Increase: 0.0 MiB)
Memory usage after reset: 9868.45703125 MiB (Increase: 3.578125 MiB)
Current lengths of episodes: [127, 127, 56, 65, 127, 57, 127, 4, 127, 42, 127, 37, 75, 126, 126, 126, 68, 126, 126, 126, 32, 46, 126, 61, 126, 50, 46, 126, 14, 33, 57, 34, 126, 126, 12, 126, 126, 55, 36, 75, 40, 60, 36, 126, 4, 126, 25, 126, 126, 126, 61, 50, 126, 126, 126, 126, 126, 45, 64, 45, 54, 63, 126, 126, 126, 3, 126, 81, 17, 126, 8, 69, 36, 73, 13, 126, 126, 126, 126, 42, 126, 48, 126, 126, 52, 64, 126, 126, 51, 56, 126, 64, 126, 126, 126, 69, 126, 70, 63, 126]
Memory usage at done (index 10, length 127, since_prev 4): 9953.3359375 MiB (Increase: 84.87890625 MiB)
Memory usage before reset: 9953.3359375 MiB (Increase: 0.0 MiB)
Memory usage after reset: 9956.30078125 MiB (Increase: 2.96484375 MiB)
Current lengths of episodes: [130, 130, 59, 68, 130, 60, 130, 7, 130, 45, 3, 41, 79, 130, 130, 130, 72, 130, 130, 130, 36, 50, 129, 64, 129, 53, 49, 129, 17, 36, 60, 37, 129, 129, 15, 129, 129, 58, 39, 78, 43, 63, 39, 129, 7, 129, 28, 129, 129, 129, 64, 53, 129, 129, 129, 129, 129, 48, 67, 48, 57, 66, 129, 129, 129, 6, 129, 84, 20, 129, 11, 72, 39, 76, 16, 129, 129, 129, 129, 45, 129, 51, 129, 129, 55, 67, 129, 129, 54, 59, 129, 67, 129, 129, 129, 72, 129, 73, 66, 129]
Memory usage at done (index 21, length 50, since_prev 3): 10020.140625 MiB (Increase: 63.83984375 MiB)
Memory usage before reset: 10020.140625 MiB (Increase: 0.0 MiB)
Memory usage after reset: 10023.07421875 MiB (Increase: 2.93359375 MiB)
Current lengths of episodes: [132, 132, 61, 70, 132, 62, 132, 9, 132, 47, 5, 43, 81, 132, 132, 132, 74, 132, 132, 132, 38, 2, 132, 67, 132, 56, 52, 132, 20, 39, 63, 39, 131, 131, 17, 131, 131, 60, 41, 80, 45, 65, 41, 131, 9, 131, 30, 131, 131, 131, 66, 55, 131, 131, 131, 131, 131, 50, 69, 50, 59, 68, 131, 131, 131, 8, 131, 86, 22, 131, 13, 74, 41, 78, 18, 131, 131, 131, 131, 47, 131, 53, 131, 131, 57, 69, 131, 131, 56, 61, 131, 69, 131, 131, 131, 74, 131, 75, 68, 131]
Memory usage at done (index 30, length 63, since_prev 2): 10065.84375 MiB (Increase: 42.76953125 MiB)
Memory usage before reset: 10065.84375 MiB (Increase: 0.0 MiB)
Memory usage after reset: 10068.76953125 MiB (Increase: 2.92578125 MiB)
Current lengths of episodes: [132, 132, 61, 70, 132, 62, 132, 9, 132, 47, 5, 43, 81, 132, 132, 132, 74, 132, 132, 132, 38, 2, 132, 67, 132, 56, 52, 132, 20, 39, 0, 40, 132, 132, 18, 132, 132, 61, 42, 81, 46, 66, 42, 132, 10, 132, 31, 132, 132, 132, 67, 56, 132, 132, 132, 132, 132, 51, 70, 51, 60, 69, 132, 132, 132, 9, 132, 87, 23, 132, 14, 75, 42, 79, 19, 132, 132, 132, 132, 48, 132, 54, 131, 131, 57, 69, 131, 131, 56, 61, 131, 69, 131, 131, 131, 74, 131, 75, 68, 131]
Memory usage at done (index 81, length 54, since_prev 0): 10068.76953125 MiB (Increase: 0.0 MiB)
Memory usage before reset: 10068.76953125 MiB (Increase: 0.0 MiB)
Memory usage after reset: 10072.33984375 MiB (Increase: 3.5703125 MiB)
Current lengths of episodes: [135, 135, 64, 73, 135, 65, 135, 12, 135, 50, 8, 46, 84, 135, 135, 135, 77, 135, 135, 135, 41, 5, 135, 70, 134, 58, 54, 134, 22, 41, 2, 42, 134, 134, 20, 134, 134, 63, 44, 83, 48, 68, 44, 134, 12, 134, 33, 134, 134, 134, 69, 58, 134, 134, 134, 134, 134, 53, 72, 53, 62, 71, 134, 134, 134, 11, 134, 89, 25, 134, 16, 77, 44, 81, 21, 134, 134, 134, 134, 50, 134, 2, 134, 134, 60, 72, 134, 134, 59, 64, 134, 72, 134, 134, 134, 77, 134, 78, 71, 134]
Memory usage at done (index 23, length 70, since_prev 3): 10136.16015625 MiB (Increase: 63.8203125 MiB)
Memory usage before reset: 10136.16015625 MiB (Increase: 0.0 MiB)
Memory usage after reset: 10139.125 MiB (Increase: 2.96484375 MiB)
Current lengths of episodes: [136, 136, 65, 74, 136, 66, 136, 13, 136, 51, 9, 47, 85, 136, 136, 136, 78, 136, 136, 136, 42, 6, 136, 1, 136, 60, 56, 136, 24, 43, 4, 44, 136, 136, 22, 136, 136, 65, 46, 85, 50, 70, 46, 136, 14, 136, 35, 136, 136, 136, 71, 60, 136, 136, 136, 136, 136, 55, 74, 55, 64, 73, 136, 136, 136, 13, 136, 91, 27, 136, 18, 79, 46, 83, 23, 136, 136, 136, 136, 52, 136, 4, 136, 136, 62, 74, 136, 136, 61, 66, 136, 74, 136, 136, 136, 79, 135, 79, 72, 135]
Memory usage at done (index 95, length 79, since_prev 1): 10160.76953125 MiB (Increase: 21.64453125 MiB)
Memory usage before reset: 10160.76953125 MiB (Increase: 0.0 MiB)
Memory usage after reset: 10163.69140625 MiB (Increase: 2.921875 MiB)
Current lengths of episodes: [138, 138, 67, 76, 138, 68, 138, 15, 138, 53, 11, 49, 87, 138, 138, 138, 80, 138, 138, 138, 44, 8, 138, 3, 138, 62, 58, 138, 26, 45, 6, 46, 138, 138, 24, 138, 138, 67, 48, 87, 52, 72, 48, 138, 16, 138, 37, 138, 138, 138, 73, 62, 138, 138, 138, 138, 138, 57, 76, 57, 66, 75, 138, 138, 138, 15, 138, 93, 29, 138, 20, 81, 48, 84, 24, 137, 137, 137, 137, 53, 137, 5, 137, 137, 63, 75, 137, 137, 62, 67, 137, 75, 137, 137, 137, 1, 137, 81, 74, 137]
Memory usage at done (index 72, length 48, since_prev 2): 10206.4765625 MiB (Increase: 42.78515625 MiB)
Memory usage before reset: 10206.4765625 MiB (Increase: 0.0 MiB)
Memory usage after reset: 10209.42578125 MiB (Increase: 2.94921875 MiB)
Current lengths of episodes: [141, 141, 70, 78, 140, 70, 140, 17, 140, 55, 13, 51, 89, 140, 140, 140, 82, 140, 140, 140, 46, 10, 140, 5, 140, 64, 60, 140, 28, 47, 8, 48, 140, 140, 26, 140, 140, 69, 50, 89, 54, 74, 50, 140, 18, 140, 39, 140, 140, 140, 75, 64, 140, 140, 140, 140, 140, 59, 78, 59, 68, 77, 140, 140, 140, 17, 140, 95, 31, 140, 22, 83, 2, 87, 27, 140, 140, 140, 140, 56, 140, 8, 140, 140, 66, 78, 140, 140, 65, 70, 140, 78, 140, 140, 140, 4, 140, 84, 77, 140]
Memory usage at done (index 2, length 70, since_prev 3): 10273.37890625 MiB (Increase: 63.953125 MiB)
Memory usage before reset: 10273.37890625 MiB (Increase: 0.0 MiB)
Memory usage after reset: 10276.3203125 MiB (Increase: 2.94140625 MiB)
Current lengths of episodes: [143, 143, 2, 81, 143, 73, 143, 20, 143, 58, 16, 54, 92, 143, 143, 143, 85, 143, 143, 143, 49, 13, 143, 8, 143, 67, 63, 143, 31, 50, 11, 51, 143, 143, 29, 143, 143, 72, 53, 92, 57, 77, 53, 143, 21, 143, 42, 143, 143, 143, 78, 67, 143, 143, 143, 143, 143, 62, 81, 62, 71, 80, 143, 143, 143, 20, 143, 98, 34, 143, 25, 86, 5, 90, 30, 143, 143, 143, 143, 59, 143, 11, 143, 143, 69, 81, 143, 143, 68, 73, 143, 81, 143, 143, 143, 7, 143, 87, 80, 142]
Memory usage at done (index 98, length 80, since_prev 2): 10319.0859375 MiB (Increase: 42.765625 MiB)
Memory usage before reset: 10319.0859375 MiB (Increase: 0.0 MiB)
Memory usage after reset: 10322.05078125 MiB (Increase: 2.96484375 MiB)
Current lengths of episodes: [144, 144, 3, 82, 144, 74, 144, 21, 144, 59, 17, 55, 93, 144, 144, 144, 86, 144, 144, 144, 50, 14, 144, 9, 144, 68, 64, 144, 32, 51, 12, 52, 144, 144, 30, 144, 144, 73, 53, 92, 57, 77, 53, 143, 21, 143, 42, 143, 143, 143, 78, 67, 143, 143, 143, 143, 143, 62, 81, 62, 71, 80, 143, 143, 143, 20, 143, 98, 34, 143, 25, 86, 5, 90, 30, 143, 143, 143, 143, 59, 143, 11, 143, 143, 69, 81, 143, 143, 68, 73, 143, 81, 143, 143, 143, 7, 143, 87, 0, 143]
Memory usage at done (index 37, length 73, since_prev 1): 10343.69140625 MiB (Increase: 21.640625 MiB)
Memory usage before reset: 10343.69140625 MiB (Increase: 0.0 MiB)
Memory usage after reset: 10346.6484375 MiB (Increase: 2.95703125 MiB)
Current lengths of episodes: [144, 144, 3, 82, 144, 74, 144, 21, 144, 59, 17, 55, 93, 144, 144, 144, 86, 144, 144, 144, 50, 14, 144, 9, 144, 68, 64, 144, 32, 51, 12, 52, 144, 144, 30, 144, 144, 0, 54, 93, 58, 78, 54, 144, 22, 144, 43, 144, 144, 144, 79, 68, 143, 143, 143, 143, 143, 62, 81, 62, 71, 80, 143, 143, 143, 20, 143, 98, 34, 143, 25, 86, 5, 90, 30, 143, 143, 143, 143, 59, 143, 11, 143, 143, 69, 81, 143, 143, 68, 73, 143, 81, 143, 143, 143, 7, 143, 87, 0, 143]
Memory usage at done (index 51, length 68, since_prev 0): 10346.6484375 MiB (Increase: 0.0 MiB)
Memory usage before reset: 10346.6484375 MiB (Increase: 0.0 MiB)
Memory usage after reset: 10350.25 MiB (Increase: 3.6015625 MiB)
Current lengths of episodes: [148, 148, 7, 86, 148, 78, 148, 25, 148, 63, 21, 59, 97, 148, 148, 148, 90, 148, 148, 148, 54, 18, 148, 13, 148, 72, 68, 148, 36, 54, 15, 55, 147, 147, 33, 147, 147, 3, 57, 96, 61, 81, 57, 147, 25, 147, 46, 147, 147, 147, 82, 3, 147, 147, 147, 147, 147, 66, 85, 66, 75, 84, 147, 147, 147, 24, 147, 102, 38, 147, 29, 90, 9, 94, 34, 147, 147, 147, 147, 63, 147, 15, 147, 147, 73, 85, 147, 147, 72, 77, 147, 85, 147, 147, 147, 11, 147, 91, 4, 147]
Memory usage at done (index 28, length 36, since_prev 4): 10435.10546875 MiB (Increase: 84.85546875 MiB)
Memory usage before reset: 10435.10546875 MiB (Increase: 0.0 MiB)
Memory usage after reset: 10438.03515625 MiB (Increase: 2.9296875 MiB)
Current lengths of episodes: [150, 150, 9, 88, 150, 80, 150, 27, 150, 65, 23, 61, 99, 150, 150, 150, 92, 150, 150, 150, 56, 19, 149, 14, 149, 73, 69, 149, 1, 56, 17, 57, 149, 149, 35, 149, 149, 5, 59, 98, 63, 83, 59, 149, 27, 149, 48, 149, 149, 149, 84, 5, 149, 149, 149, 149, 149, 68, 87, 68, 77, 86, 149, 149, 149, 26, 149, 104, 40, 149, 31, 92, 11, 96, 36, 149, 149, 149, 149, 65, 149, 17, 149, 149, 75, 87, 149, 149, 74, 79, 149, 87, 149, 149, 149, 13, 149, 93, 6, 149]
Memory usage at done (index 20, length 56, since_prev 2): 10480.81640625 MiB (Increase: 42.78125 MiB)
Memory usage before reset: 10480.81640625 MiB (Increase: 0.0 MiB)
Memory usage after reset: 10483.78125 MiB (Increase: 2.96484375 MiB)
Current lengths of episodes: [157, 157, 16, 95, 157, 87, 157, 34, 157, 72, 30, 68, 106, 157, 157, 157, 99, 157, 157, 157, 7, 27, 157, 22, 157, 81, 77, 157, 9, 64, 25, 65, 157, 157, 43, 157, 157, 13, 67, 106, 71, 91, 67, 157, 35, 157, 56, 157, 157, 157, 92, 13, 157, 157, 157, 157, 157, 76, 95, 76, 85, 94, 157, 157, 157, 34, 157, 112, 48, 157, 39, 100, 19, 104, 44, 157, 157, 157, 157, 73, 157, 25, 157, 157, 83, 95, 157, 157, 82, 87, 156, 94, 156, 156, 156, 20, 156, 100, 13, 156]
Memory usage at done (index 89, length 87, since_prev 7): 10631.9921875 MiB (Increase: 148.2109375 MiB)
Memory usage before reset: 10631.9921875 MiB (Increase: 0.0 MiB)
Memory usage after reset: 10635.1484375 MiB (Increase: 3.15625 MiB)
Current lengths of episodes: [161, 161, 20, 99, 161, 91, 161, 38, 161, 76, 34, 72, 110, 161, 161, 161, 103, 161, 161, 161, 11, 31, 161, 26, 161, 85, 81, 161, 13, 68, 29, 69, 161, 161, 47, 161, 161, 17, 71, 110, 75, 95, 71, 161, 39, 161, 60, 161, 161, 161, 96, 17, 161, 161, 161, 161, 161, 80, 99, 80, 89, 98, 161, 161, 161, 38, 161, 116, 52, 161, 43, 104, 23, 108, 48, 161, 161, 161, 161, 77, 161, 29, 161, 161, 87, 99, 161, 161, 86, 3, 160, 98, 160, 160, 160, 24, 160, 104, 17, 160]
Memory usage at done (index 88, length 86, since_prev 4): 10719.88671875 MiB (Increase: 84.73828125 MiB)
Memory usage before reset: 10719.88671875 MiB (Increase: 0.0 MiB)
Memory usage after reset: 10722.84375 MiB (Increase: 2.95703125 MiB)
Current lengths of episodes: [164, 164, 23, 102, 164, 94, 164, 41, 164, 79, 37, 75, 113, 163, 163, 163, 105, 163, 163, 163, 13, 33, 163, 28, 163, 87, 83, 163, 15, 70, 31, 71, 163, 163, 49, 163, 163, 19, 73, 112, 77, 97, 73, 163, 41, 163, 62, 163, 163, 163, 98, 19, 163, 163, 163, 163, 163, 82, 101, 82, 91, 100, 163, 163, 163, 40, 163, 118, 54, 163, 45, 106, 25, 110, 50, 163, 163, 163, 163, 79, 163, 31, 163, 163, 89, 101, 163, 163, 2, 6, 163, 101, 163, 163, 163, 27, 163, 107, 20, 163]
Memory usage at done (index 12, length 113, since_prev 3): 10786.68359375 MiB (Increase: 63.83984375 MiB)
Memory usage before reset: 10786.68359375 MiB (Increase: 0.0 MiB)
Memory usage after reset: 10789.640625 MiB (Increase: 2.95703125 MiB)
Current lengths of episodes: [164, 164, 23, 102, 164, 94, 164, 41, 164, 79, 37, 75, 0, 164, 164, 164, 106, 164, 164, 164, 14, 34, 164, 29, 164, 88, 84, 164, 16, 71, 31, 71, 163, 163, 49, 163, 163, 19, 73, 112, 77, 97, 73, 163, 41, 163, 62, 163, 163, 163, 98, 19, 163, 163, 163, 163, 163, 82, 101, 82, 91, 100, 163, 163, 163, 40, 163, 118, 54, 163, 45, 106, 25, 110, 50, 163, 163, 163, 163, 79, 163, 31, 163, 163, 89, 101, 163, 163, 2, 6, 163, 101, 163, 163, 163, 27, 163, 107, 20, 163]
Memory usage at done (index 29, length 71, since_prev 0): 10789.640625 MiB (Increase: 0.0 MiB)
Memory usage before reset: 10789.640625 MiB (Increase: 0.0 MiB)
Memory usage after reset: 10793.23828125 MiB (Increase: 3.59765625 MiB)
Current lengths of episodes: [171, 171, 30, 109, 171, 101, 171, 48, 171, 86, 44, 82, 7, 171, 171, 171, 113, 171, 171, 171, 21, 41, 171, 36, 171, 95, 91, 171, 23, 7, 39, 79, 170, 170, 56, 170, 170, 26, 80, 119, 84, 104, 80, 170, 48, 170, 69, 170, 170, 170, 105, 26, 170, 170, 170, 170, 170, 89, 108, 89, 98, 107, 170, 170, 170, 47, 170, 125, 61, 170, 52, 113, 32, 117, 57, 170, 170, 170, 170, 86, 170, 38, 170, 170, 96, 108, 170, 170, 9, 13, 170, 108, 170, 170, 170, 34, 170, 114, 27, 170]
Memory usage at done (index 31, length 79, since_prev 7): 10943.87890625 MiB (Increase: 150.640625 MiB)
Memory usage before reset: 10943.87890625 MiB (Increase: 0.0 MiB)
Memory usage after reset: 10947.09765625 MiB (Increase: 3.21875 MiB)
Current lengths of episodes: [172, 172, 31, 110, 172, 102, 172, 49, 172, 87, 45, 83, 8, 172, 172, 172, 114, 172, 172, 172, 22, 42, 172, 37, 172, 96, 92, 172, 24, 8, 40, 1, 172, 172, 58, 172, 172, 28, 82, 120, 85, 105, 81, 171, 49, 171, 70, 171, 171, 171, 106, 27, 171, 171, 171, 171, 171, 90, 109, 90, 99, 108, 171, 171, 171, 48, 171, 126, 62, 171, 53, 114, 33, 118, 58, 171, 171, 171, 171, 87, 171, 39, 171, 171, 97, 109, 171, 171, 10, 14, 171, 109, 171, 171, 171, 35, 171, 115, 28, 171]
Memory usage at done (index 38, length 82, since_prev 1): 10968.96875 MiB (Increase: 21.87109375 MiB)
Memory usage before reset: 10968.96875 MiB (Increase: 0.0 MiB)
Memory usage after reset: 10972.109375 MiB (Increase: 3.140625 MiB)
Current lengths of episodes: [173, 173, 32, 111, 173, 103, 173, 50, 173, 88, 46, 84, 9, 173, 173, 173, 115, 173, 173, 172, 22, 42, 172, 37, 172, 96, 92, 172, 24, 8, 40, 1, 172, 172, 58, 172, 172, 28, 0, 121, 86, 106, 82, 172, 50, 172, 71, 172, 172, 172, 107, 28, 172, 172, 172, 172, 172, 91, 110, 91, 100, 109, 172, 172, 172, 49, 172, 127, 63, 172, 54, 115, 34, 119, 59, 172, 172, 172, 172, 88, 172, 40, 172, 172, 98, 110, 172, 172, 11, 15, 172, 110, 172, 172, 172, 36, 172, 116, 29, 172]
Memory usage at done (index 18, length 173, since_prev 1): 10994.046875 MiB (Increase: 21.9375 MiB)
Memory usage before reset: 10994.046875 MiB (Increase: 0.0 MiB)
Memory usage after reset: 10997.19140625 MiB (Increase: 3.14453125 MiB)
Current lengths of episodes: [173, 173, 32, 111, 173, 103, 173, 50, 173, 88, 46, 84, 9, 173, 173, 173, 115, 173, 0, 173, 23, 43, 173, 38, 173, 97, 93, 173, 25, 9, 41, 2, 173, 173, 59, 173, 173, 29, 1, 122, 87, 107, 83, 173, 51, 173, 72, 173, 173, 173, 108, 29, 173, 173, 173, 173, 173, 92, 111, 92, 101, 110, 173, 173, 173, 50, 173, 128, 64, 173, 55, 115, 34, 119, 59, 172, 172, 172, 172, 88, 172, 40, 172, 172, 98, 110, 172, 172, 11, 15, 172, 110, 172, 172, 172, 36, 172, 116, 29, 172]
Memory usage at done (index 70, length 55, since_prev 0): 10997.19140625 MiB (Increase: 0.0 MiB)
Memory usage before reset: 10997.19140625 MiB (Increase: 0.0 MiB)
Memory usage after reset: 11000.7890625 MiB (Increase: 3.59765625 MiB)
Current lengths of episodes: [174, 174, 33, 112, 174, 104, 174, 51, 174, 89, 47, 85, 10, 174, 174, 174, 116, 174, 1, 174, 24, 44, 174, 39, 174, 98, 94, 174, 26, 10, 42, 3, 174, 174, 60, 174, 174, 30, 2, 123, 88, 108, 84, 174, 52, 173, 72, 173, 173, 173, 108, 29, 173, 173, 173, 173, 173, 92, 111, 92, 101, 110, 173, 173, 173, 50, 173, 128, 64, 173, 0, 116, 35, 120, 60, 173, 173, 173, 173, 89, 173, 41, 173, 173, 99, 111, 173, 173, 12, 16, 173, 111, 173, 173, 173, 37, 173, 117, 30, 173]
Memory usage at done (index 44, length 52, since_prev 1): 11022.66796875 MiB (Increase: 21.87890625 MiB)
Memory usage before reset: 11022.66796875 MiB (Increase: 0.0 MiB)
Memory usage after reset: 11025.88671875 MiB (Increase: 3.21875 MiB)
Current lengths of episodes: [175, 175, 34, 113, 175, 105, 175, 52, 175, 90, 48, 86, 11, 175, 175, 175, 117, 175, 2, 175, 25, 45, 175, 40, 175, 99, 95, 175, 27, 11, 43, 4, 175, 175, 61, 175, 175, 31, 3, 124, 89, 109, 85, 175, 1, 175, 74, 175, 175, 175, 110, 31, 175, 175, 175, 175, 175, 94, 113, 94, 103, 112, 175, 175, 175, 52, 175, 130, 66, 175, 2, 118, 37, 122, 61, 174, 174, 174, 174, 90, 174, 42, 174, 174, 100, 112, 174, 174, 13, 17, 174, 112, 174, 174, 174, 38, 174, 118, 31, 174]
Memory usage at done (index 73, length 122, since_prev 1): 11047.75 MiB (Increase: 21.86328125 MiB)
Memory usage before reset: 11047.75 MiB (Increase: 0.0 MiB)
Memory usage after reset: 11050.92578125 MiB (Increase: 3.17578125 MiB)
Current lengths of episodes: [183, 183, 42, 121, 183, 113, 183, 60, 183, 98, 56, 94, 19, 183, 183, 183, 125, 183, 10, 183, 33, 53, 183, 48, 183, 107, 103, 183, 35, 19, 51, 12, 183, 183, 69, 183, 183, 39, 11, 132, 97, 117, 93, 183, 9, 183, 82, 183, 183, 183, 118, 39, 183, 183, 183, 183, 183, 102, 121, 102, 111, 120, 183, 183, 183, 60, 183, 138, 74, 183, 10, 126, 44, 7, 69, 182, 182, 182, 182, 98, 182, 50, 182, 182, 108, 120, 182, 182, 21, 25, 182, 120, 182, 182, 182, 46, 182, 126, 39, 182]
Memory usage at done (index 71, length 126, since_prev 8): 11223.7734375 MiB (Increase: 172.84765625 MiB)
Memory usage before reset: 11223.7734375 MiB (Increase: 0.0 MiB)
Memory usage after reset: 11226.99609375 MiB (Increase: 3.22265625 MiB)
Current lengths of episodes: [184, 184, 43, 122, 184, 114, 184, 61, 184, 99, 57, 94, 19, 183, 183, 183, 125, 183, 10, 183, 33, 53, 183, 48, 183, 107, 103, 183, 35, 19, 51, 12, 183, 183, 69, 183, 183, 39, 11, 132, 97, 117, 93, 183, 9, 183, 82, 183, 183, 183, 118, 39, 183, 183, 183, 183, 183, 102, 121, 102, 111, 120, 183, 183, 183, 60, 183, 138, 74, 183, 10, 0, 45, 8, 70, 183, 183, 183, 183, 99, 183, 51, 183, 183, 109, 121, 183, 183, 22, 26, 183, 121, 183, 183, 183, 47, 183, 127, 40, 183]
Memory usage at done (index 10, length 57, since_prev 1): 11248.87109375 MiB (Increase: 21.875 MiB)
Memory usage before reset: 11248.87109375 MiB (Increase: 0.0 MiB)
Memory usage after reset: 11251.8359375 MiB (Increase: 2.96484375 MiB)
Current lengths of episodes: [185, 185, 44, 123, 185, 115, 185, 62, 185, 100, 1, 96, 21, 185, 185, 185, 127, 185, 12, 185, 35, 55, 184, 49, 184, 108, 104, 184, 36, 20, 52, 13, 184, 184, 70, 184, 184, 40, 12, 133, 98, 118, 94, 184, 10, 184, 83, 184, 184, 184, 119, 40, 184, 184, 184, 184, 184, 103, 122, 103, 112, 121, 184, 184, 184, 61, 184, 139, 75, 184, 11, 1, 46, 9, 71, 184, 184, 184, 184, 100, 184, 52, 184, 184, 110, 122, 184, 184, 23, 27, 184, 122, 184, 184, 184, 48, 184, 128, 41, 184]
Memory usage at done (index 21, length 55, since_prev 1): 11273.9609375 MiB (Increase: 22.125 MiB)
Memory usage before reset: 11273.9609375 MiB (Increase: 0.0 MiB)
Memory usage after reset: 11276.92578125 MiB (Increase: 2.96484375 MiB)
Current lengths of episodes: [188, 188, 47, 126, 188, 118, 188, 65, 188, 103, 4, 99, 24, 188, 188, 188, 130, 188, 15, 188, 38, 3, 188, 53, 188, 112, 108, 188, 40, 24, 56, 17, 188, 188, 74, 188, 188, 44, 16, 137, 102, 122, 98, 188, 14, 188, 87, 188, 188, 188, 123, 44, 188, 188, 188, 188, 188, 107, 126, 107, 116, 125, 188, 188, 188, 65, 188, 143, 79, 188, 15, 5, 50, 13, 75, 188, 188, 188, 188, 104, 188, 56, 188, 188, 113, 125, 187, 187, 26, 30, 187, 125, 187, 187, 187, 51, 187, 131, 44, 187]
Memory usage at done (index 83, length 188, since_prev 3): 11342.375 MiB (Increase: 65.44921875 MiB)
Memory usage before reset: 11342.375 MiB (Increase: 0.0 MiB)
Memory usage after reset: 11345.5625 MiB (Increase: 3.1875 MiB)
Current lengths of episodes: [193, 193, 52, 131, 193, 123, 193, 70, 192, 107, 8, 103, 28, 192, 192, 192, 134, 192, 19, 192, 42, 7, 192, 57, 192, 116, 112, 192, 44, 28, 60, 21, 192, 192, 78, 192, 192, 48, 20, 141, 106, 126, 102, 192, 18, 192, 91, 192, 192, 192, 127, 48, 192, 192, 192, 192, 192, 111, 130, 111, 120, 129, 192, 192, 192, 69, 192, 147, 83, 192, 19, 9, 54, 17, 79, 192, 192, 192, 192, 108, 192, 60, 192, 4, 118, 130, 192, 192, 31, 35, 192, 130, 192, 192, 192, 56, 192, 136, 49, 192]
Memory usage at done (index 7, length 70, since_prev 5): 11453.73046875 MiB (Increase: 108.16796875 MiB)
Memory usage before reset: 11453.73046875 MiB (Increase: 0.0 MiB)
Memory usage after reset: 11456.671875 MiB (Increase: 2.94140625 MiB)
Current lengths of episodes: [197, 197, 56, 135, 197, 127, 197, 4, 197, 112, 13, 108, 33, 197, 197, 197, 139, 197, 24, 197, 47, 12, 197, 62, 197, 121, 117, 197, 49, 33, 65, 26, 197, 197, 83, 197, 197, 53, 25, 146, 111, 131, 107, 197, 23, 197, 96, 196, 196, 196, 131, 52, 196, 196, 196, 196, 196, 115, 134, 115, 124, 133, 196, 196, 196, 73, 196, 151, 87, 196, 23, 13, 58, 21, 83, 196, 196, 196, 196, 112, 196, 64, 196, 8, 122, 134, 196, 196, 35, 39, 196, 134, 196, 196, 196, 60, 196, 140, 53, 196]
Memory usage at done (index 46, length 96, since_prev 4): 11543.46484375 MiB (Increase: 86.79296875 MiB)
Memory usage before reset: 11543.46484375 MiB (Increase: 0.0 MiB)
Memory usage after reset: 11546.6796875 MiB (Increase: 3.21484375 MiB)
Current lengths of episodes: [200, 200, 59, 138, 200, 130, 200, 7, 200, 115, 16, 111, 36, 200, 200, 200, 142, 200, 27, 200, 50, 15, 200, 65, 200, 124, 120, 200, 52, 36, 68, 29, 200, 200, 86, 200, 200, 56, 28, 149, 114, 134, 110, 200, 26, 200, 3, 200, 200, 200, 135, 56, 200, 200, 200, 200, 200, 119, 138, 119, 128, 137, 200, 200, 200, 77, 200, 155, 91, 200, 27, 17, 62, 24, 86, 199, 199, 199, 199, 115, 199, 67, 199, 11, 125, 137, 199, 199, 38, 42, 199, 137, 199, 199, 199, 63, 199, 143, 56, 199]
Memory usage at done (index 72, length 62, since_prev 3): 11611.69921875 MiB (Increase: 65.01953125 MiB)
Memory usage before reset: 11611.69921875 MiB (Increase: 0.0 MiB)
Memory usage after reset: 11614.90234375 MiB (Increase: 3.203125 MiB)
Current lengths of episodes: [204, 204, 63, 142, 204, 134, 204, 11, 204, 119, 20, 115, 40, 204, 204, 204, 146, 204, 31, 204, 54, 19, 204, 69, 203, 127, 123, 203, 55, 39, 71, 32, 203, 203, 89, 203, 203, 59, 31, 152, 117, 137, 113, 203, 29, 203, 6, 203, 203, 203, 138, 59, 203, 203, 203, 203, 203, 122, 141, 122, 131, 140, 203, 203, 203, 80, 203, 158, 94, 203, 30, 20, 3, 28, 90, 203, 203, 203, 203, 119, 203, 71, 203, 15, 129, 141, 203, 203, 42, 46, 203, 141, 203, 203, 203, 67, 203, 147, 60, 203]
Memory usage at done (index 23, length 69, since_prev 4): 11701.4609375 MiB (Increase: 86.55859375 MiB)
Memory usage before reset: 11701.4609375 MiB (Increase: 0.0 MiB)
Memory usage after reset: 11704.42578125 MiB (Increase: 2.96484375 MiB)
Current lengths of episodes: [206, 206, 65, 144, 206, 136, 206, 13, 206, 121, 22, 117, 42, 206, 206, 206, 148, 206, 33, 206, 56, 21, 206, 2, 206, 130, 126, 206, 58, 42, 74, 35, 206, 206, 92, 205, 205, 61, 33, 154, 119, 139, 115, 205, 31, 205, 8, 205, 205, 205, 140, 61, 205, 205, 205, 205, 205, 124, 143, 124, 133, 142, 205, 205, 205, 82, 205, 160, 96, 205, 32, 22, 5, 30, 92, 205, 205, 205, 205, 121, 205, 73, 205, 17, 131, 143, 205, 205, 44, 48, 205, 143, 205, 205, 205, 69, 205, 149, 62, 205]
Memory usage at done (index 34, length 92, since_prev 2): 11748.11328125 MiB (Increase: 43.6875 MiB)
Memory usage before reset: 11748.11328125 MiB (Increase: 0.0 MiB)
Memory usage after reset: 11751.296875 MiB (Increase: 3.18359375 MiB)
Current lengths of episodes: [208, 208, 67, 146, 208, 138, 208, 15, 208, 123, 24, 119, 44, 208, 208, 208, 150, 208, 35, 208, 58, 23, 208, 4, 208, 132, 128, 208, 60, 44, 76, 37, 208, 208, 2, 208, 208, 64, 35, 156, 121, 141, 117, 207, 33, 207, 10, 207, 207, 207, 142, 63, 207, 207, 207, 207, 207, 126, 145, 126, 135, 144, 207, 207, 207, 84, 207, 162, 98, 207, 34, 24, 7, 32, 94, 207, 207, 207, 207, 123, 207, 75, 207, 19, 133, 145, 207, 207, 46, 50, 207, 145, 207, 207, 207, 71, 207, 151, 64, 207]
Memory usage at done (index 37, length 64, since_prev 2): 11794.7734375 MiB (Increase: 43.4765625 MiB)
Memory usage before reset: 11794.7734375 MiB (Increase: 0.0 MiB)
Memory usage after reset: 11797.9609375 MiB (Increase: 3.1875 MiB)
Current lengths of episodes: [211, 211, 70, 149, 211, 141, 211, 18, 211, 126, 27, 122, 47, 211, 211, 211, 153, 211, 38, 211, 61, 26, 211, 7, 211, 135, 131, 211, 63, 47, 79, 40, 211, 211, 5, 211, 211, 3, 39, 160, 125, 145, 121, 211, 37, 211, 14, 211, 211, 211, 146, 67, 211, 211, 211, 211, 211, 130, 149, 130, 139, 148, 211, 211, 211, 88, 211, 166, 102, 211, 38, 28, 11, 36, 98, 211, 211, 211, 211, 127, 211, 79, 210, 22, 136, 148, 210, 210, 49, 53, 210, 148, 210, 210, 210, 74, 210, 154, 67, 210]
Memory usage at done (index 81, length 79, since_prev 3): 11862.98046875 MiB (Increase: 65.01953125 MiB)
Memory usage before reset: 11862.98046875 MiB (Increase: 0.0 MiB)
Memory usage after reset: 11866.16796875 MiB (Increase: 3.1875 MiB)
Current lengths of episodes: [212, 212, 71, 150, 212, 142, 212, 19, 212, 127, 28, 123, 48, 212, 212, 212, 154, 212, 39, 212, 62, 27, 212, 8, 212, 136, 132, 212, 64, 48, 80, 41, 212, 212, 6, 212, 212, 4, 40, 161, 126, 146, 122, 212, 38, 212, 15, 212, 212, 212, 147, 68, 212, 212, 212, 212, 212, 131, 150, 131, 140, 149, 212, 212, 212, 89, 212, 167, 103, 212, 39, 29, 12, 37, 99, 212, 212, 212, 212, 128, 212, 1, 212, 24, 138, 150, 212, 212, 51, 55, 211, 149, 211, 211, 211, 75, 211, 155, 68, 211]
Memory usage at done (index 89, length 55, since_prev 1): 11888.078125 MiB (Increase: 21.91015625 MiB)
Memory usage before reset: 11888.078125 MiB (Increase: 0.0 MiB)
Memory usage after reset: 11891.32421875 MiB (Increase: 3.24609375 MiB)
Current lengths of episodes: [225, 225, 84, 163, 225, 155, 225, 32, 225, 140, 41, 136, 61, 225, 225, 225, 167, 225, 52, 225, 75, 40, 225, 21, 225, 149, 145, 225, 77, 61, 93, 54, 225, 225, 19, 225, 225, 17, 53, 174, 139, 159, 135, 225, 51, 225, 28, 225, 225, 225, 160, 81, 225, 225, 225, 225, 225, 144, 162, 143, 152, 161, 224, 224, 224, 101, 224, 179, 115, 224, 51, 41, 24, 49, 111, 224, 224, 224, 224, 140, 224, 13, 224, 36, 150, 162, 224, 224, 63, 12, 224, 162, 224, 224, 224, 88, 224, 168, 81, 224]
Memory usage at done (index 57, length 144, since_prev 13): 12172.1875 MiB (Increase: 280.86328125 MiB)
Memory usage before reset: 12172.1875 MiB (Increase: 0.0 MiB)
Memory usage after reset: 12175.265625 MiB (Increase: 3.078125 MiB)
Current lengths of episodes: [229, 229, 88, 167, 229, 159, 229, 36, 229, 144, 45, 140, 65, 229, 229, 229, 171, 229, 56, 229, 79, 44, 229, 25, 229, 153, 149, 229, 81, 64, 96, 57, 228, 228, 22, 228, 228, 20, 56, 177, 142, 162, 138, 228, 54, 228, 31, 228, 228, 228, 163, 84, 228, 228, 228, 228, 228, 3, 166, 147, 156, 165, 228, 228, 228, 105, 228, 183, 119, 228, 55, 45, 28, 53, 115, 228, 228, 228, 228, 144, 228, 17, 228, 40, 154, 166, 228, 228, 67, 16, 228, 166, 228, 228, 228, 92, 228, 172, 85, 228]
Memory usage at done (index 28, length 81, since_prev 4): 12261.953125 MiB (Increase: 86.6875 MiB)
Memory usage before reset: 12261.953125 MiB (Increase: 0.0 MiB)
Memory usage after reset: 12265.17578125 MiB (Increase: 3.22265625 MiB)
Current lengths of episodes: [231, 231, 90, 169, 231, 161, 231, 38, 231, 146, 47, 142, 67, 231, 231, 231, 173, 231, 58, 231, 81, 45, 230, 26, 230, 154, 150, 230, 1, 66, 98, 59, 230, 230, 24, 230, 230, 22, 58, 179, 144, 164, 140, 230, 56, 230, 33, 230, 230, 230, 165, 86, 230, 230, 230, 230, 230, 5, 168, 149, 158, 167, 230, 230, 230, 107, 230, 185, 121, 230, 57, 47, 30, 55, 117, 230, 230, 230, 230, 146, 230, 19, 230, 42, 156, 168, 230, 230, 69, 18, 230, 168, 230, 230, 230, 94, 230, 174, 87, 230]
Memory usage at done (index 20, length 81, since_prev 2): 12308.65625 MiB (Increase: 43.48046875 MiB)
Memory usage before reset: 12308.65625 MiB (Increase: 0.0 MiB)
Memory usage after reset: 12311.62109375 MiB (Increase: 2.96484375 MiB)
Current lengths of episodes: [235, 235, 94, 173, 235, 165, 235, 42, 235, 150, 51, 146, 71, 235, 235, 235, 177, 235, 62, 235, 4, 50, 235, 31, 235, 159, 155, 235, 6, 71, 103, 64, 235, 235, 29, 235, 234, 26, 62, 183, 148, 168, 144, 234, 60, 234, 37, 234, 234, 234, 169, 90, 234, 234, 234, 234, 234, 9, 172, 153, 162, 171, 234, 234, 234, 111, 234, 189, 125, 234, 61, 51, 34, 59, 121, 234, 234, 234, 234, 150, 234, 23, 234, 46, 160, 172, 234, 234, 73, 22, 234, 172, 234, 234, 234, 98, 234, 178, 91, 234]
New longest episode length: 235, previous longest: 208
Memory usage at done (index 35, length 235, since_prev 4): 12398.421875 MiB (Increase: 86.80078125 MiB)
Memory usage before reset: 12398.421875 MiB (Increase: 0.0 MiB)
Memory usage after reset: 12401.609375 MiB (Increase: 3.1875 MiB)
Current lengths of episodes: [242, 242, 101, 180, 242, 172, 242, 49, 242, 157, 58, 153, 78, 242, 242, 242, 184, 242, 69, 242, 11, 57, 242, 38, 242, 166, 162, 242, 13, 78, 109, 70, 241, 241, 35, 6, 241, 33, 69, 190, 155, 175, 151, 241, 67, 241, 44, 241, 241, 241, 176, 97, 241, 241, 241, 241, 241, 16, 179, 160, 169, 178, 241, 241, 241, 118, 241, 196, 132, 241, 68, 58, 41, 66, 128, 241, 241, 241, 241, 157, 241, 30, 241, 53, 167, 179, 241, 241, 80, 29, 241, 179, 241, 241, 241, 105, 241, 185, 98, 241]
Memory usage at done (index 29, length 78, since_prev 7): 12552.97265625 MiB (Increase: 151.36328125 MiB)
Memory usage before reset: 12552.97265625 MiB (Increase: 0.0 MiB)
Memory usage after reset: 12556.15625 MiB (Increase: 3.18359375 MiB)
Current lengths of episodes: [256, 256, 115, 194, 256, 186, 256, 63, 256, 171, 72, 167, 92, 256, 256, 256, 198, 256, 83, 256, 25, 71, 256, 52, 256, 180, 176, 256, 27, 14, 124, 85, 256, 256, 50, 21, 256, 48, 84, 205, 170, 190, 166, 256, 82, 255, 58, 255, 255, 255, 190, 111, 255, 255, 255, 255, 255, 30, 193, 174, 183, 192, 255, 255, 255, 132, 255, 210, 146, 255, 82, 72, 55, 80, 142, 255, 255, 255, 255, 171, 255, 44, 255, 67, 181, 193, 255, 255, 94, 43, 255, 193, 255, 255, 255, 119, 255, 199, 112, 255]
Memory usage at done (index 44, length 82, since_prev 14): 12858.40625 MiB (Increase: 302.25 MiB)
Memory usage before reset: 12858.40625 MiB (Increase: 0.0 MiB)
Memory usage after reset: 12861.453125 MiB (Increase: 3.046875 MiB)
Training episode 200
Memory usage at middle: 12861.453125 MiB (Increase: 0.0 MiB)
Memory usage before collect: 12864.23828125 MiB (Increase: 2.78515625 MiB)
Memory usage after collect: 12864.23828125 MiB (Increase: 0.0 MiB)
Episode 200	Average evaluation: -98.33337558338084
Memory usage before initialization: 12864.23828125 MiB (Increase: 0.0 MiB)
Memory usage after initialization: 12864.23828125 MiB (Increase: 0.0 MiB)
Current lengths of episodes: [37, 37, 37, 37, 37, 37, 37, 37, 37, 37, 37, 37, 37, 37, 37, 37, 37, 37, 37, 37, 37, 37, 37, 37, 37, 37, 37, 37, 37, 37, 37, 37, 37, 37, 37, 37, 37, 37, 37, 37, 37, 37, 37, 37, 37, 37, 37, 37, 37, 37, 37, 37, 37, 37, 37, 37, 37, 37, 37, 37, 37, 37, 37, 37, 37, 37, 37, 37, 37, 37, 37, 37, 37, 37, 37, 37, 37, 37, 37, 37, 37, 37, 37, 37, 37, 37, 37, 37, 37, 37, 37, 37, 37, 37, 37, 36, 36, 36, 36, 36]
Memory usage at done (index 94, length 37, since_prev 37): 12864.23828125 MiB (Increase: 0.0 MiB)
Memory usage before reset: 12864.23828125 MiB (Increase: 0.0 MiB)
Memory usage after reset: 12864.23828125 MiB (Increase: 0.0 MiB)
Current lengths of episodes: [48, 48, 48, 48, 48, 48, 48, 48, 48, 48, 48, 48, 48, 48, 48, 48, 48, 48, 48, 48, 48, 48, 48, 48, 48, 48, 48, 48, 48, 48, 48, 48, 48, 48, 48, 48, 48, 48, 48, 48, 48, 48, 48, 48, 48, 48, 48, 48, 48, 48, 48, 48, 48, 48, 48, 48, 48, 48, 48, 48, 48, 48, 48, 48, 48, 48, 48, 48, 48, 48, 48, 48, 48, 48, 48, 48, 48, 48, 48, 48, 48, 48, 48, 48, 48, 48, 48, 48, 48, 48, 48, 48, 47, 47, 10, 47, 47, 47, 47, 47]
Memory usage at done (index 91, length 48, since_prev 11): 12864.23828125 MiB (Increase: 0.0 MiB)
Memory usage before reset: 12864.23828125 MiB (Increase: 0.0 MiB)
Memory usage after reset: 12864.23828125 MiB (Increase: 0.0 MiB)
Current lengths of episodes: [49, 49, 49, 49, 49, 49, 49, 49, 49, 49, 49, 49, 49, 49, 49, 49, 49, 49, 49, 49, 49, 49, 49, 49, 49, 49, 49, 49, 49, 49, 49, 49, 49, 49, 49, 49, 49, 49, 49, 49, 49, 49, 49, 49, 49, 49, 49, 49, 49, 49, 49, 49, 49, 49, 49, 49, 49, 48, 48, 48, 48, 48, 48, 48, 48, 48, 48, 48, 48, 48, 48, 48, 48, 48, 48, 48, 48, 48, 48, 48, 48, 48, 48, 48, 48, 48, 48, 48, 48, 48, 48, 0, 48, 48, 11, 48, 48, 48, 48, 48]
Memory usage at done (index 56, length 49, since_prev 1): 12864.23828125 MiB (Increase: 0.0 MiB)
Memory usage before reset: 12864.23828125 MiB (Increase: 0.0 MiB)
Memory usage after reset: 12864.23828125 MiB (Increase: 0.0 MiB)
Current lengths of episodes: [52, 52, 52, 51, 51, 51, 51, 51, 51, 51, 51, 51, 51, 51, 51, 51, 51, 51, 51, 51, 51, 51, 51, 51, 51, 51, 51, 51, 51, 51, 51, 51, 51, 51, 51, 51, 51, 51, 51, 51, 51, 51, 51, 51, 51, 51, 51, 51, 51, 51, 51, 51, 51, 51, 51, 51, 2, 51, 51, 51, 51, 51, 51, 51, 51, 51, 51, 51, 51, 51, 51, 51, 51, 51, 51, 51, 51, 51, 51, 51, 51, 51, 51, 51, 51, 51, 51, 51, 51, 51, 51, 3, 51, 51, 14, 51, 51, 51, 51, 51]
Memory usage at done (index 2, length 52, since_prev 3): 12864.23828125 MiB (Increase: 0.0 MiB)
Memory usage before reset: 12864.23828125 MiB (Increase: 0.0 MiB)
Memory usage after reset: 12864.23828125 MiB (Increase: 0.0 MiB)
Current lengths of episodes: [53, 53, 1, 53, 53, 53, 53, 53, 53, 53, 53, 53, 53, 53, 53, 52, 52, 52, 52, 52, 52, 52, 52, 52, 52, 52, 52, 52, 52, 52, 52, 52, 52, 52, 52, 52, 52, 52, 52, 52, 52, 52, 52, 52, 52, 52, 52, 52, 52, 52, 52, 52, 52, 52, 52, 52, 3, 52, 52, 52, 52, 52, 52, 52, 52, 52, 52, 52, 52, 52, 52, 52, 52, 52, 52, 52, 52, 52, 52, 52, 52, 52, 52, 52, 52, 52, 52, 52, 52, 52, 52, 4, 52, 52, 15, 52, 52, 52, 52, 52]
Memory usage at done (index 14, length 53, since_prev 1): 12864.23828125 MiB (Increase: 0.0 MiB)
Memory usage before reset: 12864.23828125 MiB (Increase: 0.0 MiB)
Memory usage after reset: 12864.23828125 MiB (Increase: 0.0 MiB)
Current lengths of episodes: [62, 62, 10, 62, 62, 62, 62, 62, 62, 62, 62, 62, 62, 62, 9, 62, 62, 62, 62, 62, 62, 62, 62, 62, 62, 62, 62, 62, 62, 62, 62, 62, 62, 62, 62, 62, 61, 61, 61, 61, 61, 61, 61, 61, 61, 61, 61, 61, 61, 61, 61, 61, 61, 61, 61, 61, 12, 61, 61, 61, 61, 61, 61, 61, 61, 61, 61, 61, 61, 61, 61, 61, 61, 61, 61, 61, 61, 61, 61, 61, 61, 61, 61, 61, 61, 61, 61, 61, 61, 61, 61, 13, 61, 61, 24, 61, 61, 61, 61, 61]
Memory usage at done (index 35, length 62, since_prev 9): 12864.23828125 MiB (Increase: 0.0 MiB)
Memory usage before reset: 12864.23828125 MiB (Increase: 0.0 MiB)
Memory usage after reset: 12864.23828125 MiB (Increase: 0.0 MiB)
Current lengths of episodes: [62, 62, 10, 62, 62, 62, 62, 62, 62, 62, 62, 62, 62, 62, 9, 62, 62, 62, 62, 62, 62, 62, 62, 62, 62, 62, 62, 62, 62, 62, 62, 62, 62, 62, 62, 0, 62, 62, 62, 62, 62, 62, 62, 62, 62, 62, 62, 62, 62, 62, 62, 62, 62, 61, 61, 61, 12, 61, 61, 61, 61, 61, 61, 61, 61, 61, 61, 61, 61, 61, 61, 61, 61, 61, 61, 61, 61, 61, 61, 61, 61, 61, 61, 61, 61, 61, 61, 61, 61, 61, 61, 13, 61, 61, 24, 61, 61, 61, 61, 61]
Memory usage at done (index 52, length 62, since_prev 0): 12864.23828125 MiB (Increase: 0.0 MiB)
Memory usage before reset: 12864.23828125 MiB (Increase: 0.0 MiB)
Memory usage after reset: 12864.23828125 MiB (Increase: 0.0 MiB)
Current lengths of episodes: [64, 64, 12, 64, 64, 64, 64, 64, 64, 64, 64, 64, 64, 64, 11, 64, 64, 64, 64, 64, 64, 64, 64, 64, 64, 64, 64, 64, 64, 64, 64, 64, 64, 64, 64, 2, 64, 63, 63, 63, 63, 63, 63, 63, 63, 63, 63, 63, 63, 63, 63, 63, 1, 63, 63, 63, 14, 63, 63, 63, 63, 63, 63, 63, 63, 63, 63, 63, 63, 63, 63, 63, 63, 63, 63, 63, 63, 63, 63, 63, 63, 63, 63, 63, 63, 63, 63, 63, 63, 63, 63, 15, 63, 63, 26, 63, 63, 63, 63, 63]
Memory usage at done (index 36, length 64, since_prev 2): 12864.23828125 MiB (Increase: 0.0 MiB)
Memory usage before reset: 12864.23828125 MiB (Increase: 0.0 MiB)
Memory usage after reset: 12864.23828125 MiB (Increase: 0.0 MiB)
Current lengths of episodes: [64, 64, 12, 64, 64, 64, 64, 64, 64, 64, 64, 64, 64, 64, 11, 64, 64, 64, 64, 64, 64, 64, 64, 64, 64, 64, 64, 64, 64, 64, 64, 64, 64, 64, 64, 2, 0, 64, 64, 64, 64, 64, 64, 64, 64, 64, 64, 64, 64, 64, 64, 64, 2, 64, 64, 64, 15, 64, 64, 64, 64, 64, 64, 64, 64, 64, 64, 64, 64, 64, 64, 64, 64, 64, 64, 64, 63, 63, 63, 63, 63, 63, 63, 63, 63, 63, 63, 63, 63, 63, 63, 15, 63, 63, 26, 63, 63, 63, 63, 63]
Memory usage at done (index 75, length 64, since_prev 0): 12864.23828125 MiB (Increase: 0.0 MiB)
Memory usage before reset: 12864.23828125 MiB (Increase: 0.0 MiB)
Memory usage after reset: 12864.23828125 MiB (Increase: 0.0 MiB)
Current lengths of episodes: [65, 65, 13, 65, 65, 65, 65, 65, 65, 65, 65, 65, 65, 65, 12, 65, 65, 65, 64, 64, 64, 64, 64, 64, 64, 64, 64, 64, 64, 64, 64, 64, 64, 64, 64, 2, 0, 64, 64, 64, 64, 64, 64, 64, 64, 64, 64, 64, 64, 64, 64, 64, 2, 64, 64, 64, 15, 64, 64, 64, 64, 64, 64, 64, 64, 64, 64, 64, 64, 64, 64, 64, 64, 64, 64, 0, 64, 64, 64, 64, 64, 64, 64, 64, 64, 64, 64, 64, 64, 64, 64, 16, 64, 64, 27, 64, 64, 64, 64, 64]
Memory usage at done (index 17, length 65, since_prev 1): 12864.23828125 MiB (Increase: 0.0 MiB)
Memory usage before reset: 12864.23828125 MiB (Increase: 0.0 MiB)
Memory usage after reset: 12864.23828125 MiB (Increase: 0.0 MiB)
Current lengths of episodes: [68, 68, 16, 68, 68, 68, 68, 68, 68, 68, 68, 68, 68, 68, 15, 68, 68, 3, 68, 68, 68, 68, 68, 68, 68, 68, 68, 68, 68, 68, 68, 68, 68, 68, 68, 6, 4, 68, 67, 67, 67, 67, 67, 67, 67, 67, 67, 67, 67, 67, 67, 67, 5, 67, 67, 67, 18, 67, 67, 67, 67, 67, 67, 67, 67, 67, 67, 67, 67, 67, 67, 67, 67, 67, 67, 3, 67, 67, 67, 67, 67, 67, 67, 67, 67, 67, 67, 67, 67, 67, 67, 19, 67, 67, 30, 67, 67, 67, 67, 67]
Memory usage at done (index 37, length 68, since_prev 3): 12864.23828125 MiB (Increase: 0.0 MiB)
Memory usage before reset: 12864.23828125 MiB (Increase: 0.0 MiB)
Memory usage after reset: 12864.23828125 MiB (Increase: 0.0 MiB)
Current lengths of episodes: [68, 68, 16, 68, 68, 68, 68, 68, 68, 68, 68, 68, 68, 68, 15, 68, 68, 3, 68, 68, 68, 68, 68, 68, 68, 68, 68, 68, 68, 68, 68, 68, 68, 68, 68, 6, 4, 0, 68, 68, 68, 68, 68, 68, 68, 68, 68, 68, 68, 68, 68, 68, 6, 68, 68, 68, 19, 68, 67, 67, 67, 67, 67, 67, 67, 67, 67, 67, 67, 67, 67, 67, 67, 67, 67, 3, 67, 67, 67, 67, 67, 67, 67, 67, 67, 67, 67, 67, 67, 67, 67, 19, 67, 67, 30, 67, 67, 67, 67, 67]
Memory usage at done (index 57, length 68, since_prev 0): 12864.23828125 MiB (Increase: 0.0 MiB)
Memory usage before reset: 12864.23828125 MiB (Increase: 0.0 MiB)
Memory usage after reset: 12864.23828125 MiB (Increase: 0.0 MiB)
Current lengths of episodes: [69, 69, 17, 69, 69, 69, 69, 69, 69, 69, 69, 69, 69, 69, 16, 69, 69, 4, 69, 69, 69, 69, 69, 69, 69, 69, 69, 69, 69, 69, 69, 69, 69, 69, 69, 7, 5, 1, 69, 69, 69, 69, 69, 69, 69, 69, 69, 69, 69, 69, 69, 69, 7, 69, 69, 69, 20, 1, 69, 69, 69, 69, 69, 69, 68, 68, 68, 68, 68, 68, 68, 68, 68, 68, 68, 4, 68, 68, 68, 68, 68, 68, 68, 68, 68, 68, 68, 68, 68, 68, 68, 20, 68, 68, 31, 68, 68, 68, 68, 68]
Memory usage at done (index 63, length 69, since_prev 1): 12864.23828125 MiB (Increase: 0.0 MiB)
Memory usage before reset: 12864.23828125 MiB (Increase: 0.0 MiB)
Memory usage after reset: 12864.23828125 MiB (Increase: 0.0 MiB)
Current lengths of episodes: [69, 69, 17, 69, 69, 69, 69, 69, 69, 69, 69, 69, 69, 69, 16, 69, 69, 4, 69, 69, 69, 69, 69, 69, 69, 69, 69, 69, 69, 69, 69, 69, 69, 69, 69, 7, 5, 1, 69, 69, 69, 69, 69, 69, 69, 69, 69, 69, 69, 69, 69, 69, 7, 69, 69, 69, 20, 1, 69, 69, 69, 69, 69, 0, 69, 69, 69, 68, 68, 68, 68, 68, 68, 68, 68, 4, 68, 68, 68, 68, 68, 68, 68, 68, 68, 68, 68, 68, 68, 68, 68, 20, 68, 68, 31, 68, 68, 68, 68, 68]
Memory usage at done (index 66, length 69, since_prev 0): 12864.23828125 MiB (Increase: 0.0 MiB)
Memory usage before reset: 12864.23828125 MiB (Increase: 0.0 MiB)
Memory usage after reset: 12864.23828125 MiB (Increase: 0.0 MiB)
Current lengths of episodes: [70, 70, 18, 70, 70, 70, 70, 70, 70, 70, 70, 70, 70, 70, 17, 70, 70, 5, 70, 70, 70, 70, 70, 70, 70, 70, 70, 70, 70, 70, 70, 70, 70, 70, 70, 8, 6, 2, 70, 70, 70, 70, 70, 70, 70, 70, 70, 70, 70, 70, 70, 70, 8, 70, 70, 70, 21, 2, 70, 70, 70, 70, 70, 1, 70, 70, 1, 70, 70, 70, 69, 69, 69, 69, 69, 5, 69, 69, 69, 69, 69, 69, 69, 69, 69, 69, 69, 69, 69, 69, 69, 21, 69, 69, 32, 69, 69, 69, 69, 69]
Memory usage at done (index 69, length 70, since_prev 1): 12864.23828125 MiB (Increase: 0.0 MiB)
Memory usage before reset: 12864.23828125 MiB (Increase: 0.0 MiB)
Memory usage after reset: 12864.23828125 MiB (Increase: 0.0 MiB)
Current lengths of episodes: [71, 71, 19, 71, 71, 71, 71, 71, 71, 71, 71, 71, 71, 71, 18, 71, 71, 6, 71, 71, 71, 71, 71, 70, 70, 70, 70, 70, 70, 70, 70, 70, 70, 70, 70, 8, 6, 2, 70, 70, 70, 70, 70, 70, 70, 70, 70, 70, 70, 70, 70, 70, 8, 70, 70, 70, 21, 2, 70, 70, 70, 70, 70, 1, 70, 70, 1, 70, 70, 0, 70, 70, 70, 70, 70, 6, 70, 70, 70, 70, 70, 70, 70, 70, 70, 70, 70, 70, 70, 70, 70, 22, 70, 70, 33, 70, 70, 70, 70, 70]
Memory usage at done (index 22, length 71, since_prev 1): 12864.23828125 MiB (Increase: 0.0 MiB)
Memory usage before reset: 12864.23828125 MiB (Increase: 0.0 MiB)
Memory usage after reset: 12864.23828125 MiB (Increase: 0.0 MiB)
Current lengths of episodes: [73, 73, 21, 73, 73, 73, 73, 73, 73, 73, 73, 73, 73, 73, 20, 73, 73, 7, 72, 72, 72, 72, 1, 72, 72, 72, 72, 72, 72, 72, 72, 72, 72, 72, 72, 10, 8, 4, 72, 72, 72, 72, 72, 72, 72, 72, 72, 72, 72, 72, 72, 72, 10, 72, 72, 72, 23, 4, 72, 72, 72, 72, 72, 3, 72, 72, 3, 72, 72, 2, 72, 72, 72, 72, 72, 8, 72, 72, 72, 72, 72, 72, 72, 72, 72, 72, 72, 72, 72, 72, 72, 24, 72, 72, 35, 72, 72, 72, 72, 72]
Memory usage at done (index 16, length 73, since_prev 2): 12864.23828125 MiB (Increase: 0.0 MiB)
Memory usage before reset: 12864.23828125 MiB (Increase: 0.0 MiB)
Memory usage after reset: 12864.23828125 MiB (Increase: 0.0 MiB)
Current lengths of episodes: [73, 73, 21, 73, 73, 73, 73, 73, 73, 73, 73, 73, 73, 73, 20, 73, 0, 8, 73, 73, 73, 73, 2, 73, 73, 73, 73, 73, 73, 73, 73, 73, 73, 73, 73, 11, 9, 5, 73, 73, 73, 73, 73, 73, 73, 73, 73, 73, 73, 73, 73, 73, 11, 73, 73, 73, 24, 5, 73, 73, 73, 73, 73, 4, 73, 72, 3, 72, 72, 2, 72, 72, 72, 72, 72, 8, 72, 72, 72, 72, 72, 72, 72, 72, 72, 72, 72, 72, 72, 72, 72, 24, 72, 72, 35, 72, 72, 72, 72, 72]
Memory usage at done (index 64, length 73, since_prev 0): 12864.23828125 MiB (Increase: 0.0 MiB)
Memory usage before reset: 12864.23828125 MiB (Increase: 0.0 MiB)
Memory usage after reset: 12864.23828125 MiB (Increase: 0.0 MiB)
Current lengths of episodes: [75, 75, 23, 75, 75, 75, 75, 75, 75, 75, 75, 74, 74, 74, 21, 74, 1, 9, 74, 74, 74, 74, 3, 74, 74, 74, 74, 74, 74, 74, 74, 74, 74, 74, 74, 12, 10, 6, 74, 74, 74, 74, 74, 74, 74, 74, 74, 74, 74, 74, 74, 74, 12, 74, 74, 74, 25, 6, 74, 74, 74, 74, 74, 5, 1, 74, 5, 74, 74, 4, 74, 74, 74, 74, 74, 10, 74, 74, 74, 74, 74, 74, 74, 74, 74, 74, 74, 74, 74, 74, 74, 26, 74, 74, 37, 74, 74, 74, 74, 74]
Memory usage at done (index 10, length 75, since_prev 2): 12864.23828125 MiB (Increase: 0.0 MiB)
Memory usage before reset: 12864.23828125 MiB (Increase: 0.0 MiB)
Memory usage after reset: 12864.23828125 MiB (Increase: 0.0 MiB)
Current lengths of episodes: [76, 76, 24, 76, 76, 76, 76, 76, 76, 76, 1, 76, 76, 76, 23, 76, 3, 11, 76, 75, 75, 75, 4, 75, 75, 75, 75, 75, 75, 75, 75, 75, 75, 75, 75, 13, 11, 7, 75, 75, 75, 75, 75, 75, 75, 75, 75, 75, 75, 75, 75, 75, 13, 75, 75, 75, 26, 7, 75, 75, 75, 75, 75, 6, 2, 75, 6, 75, 75, 5, 75, 75, 75, 75, 75, 11, 75, 75, 75, 75, 75, 75, 75, 75, 75, 75, 75, 75, 75, 75, 75, 27, 75, 75, 38, 75, 75, 75, 75, 75]
Memory usage at done (index 18, length 76, since_prev 1): 12864.23828125 MiB (Increase: 0.0 MiB)
Memory usage before reset: 12864.23828125 MiB (Increase: 0.0 MiB)
Memory usage after reset: 12864.23828125 MiB (Increase: 0.0 MiB)
Current lengths of episodes: [76, 76, 24, 76, 76, 76, 76, 76, 76, 76, 1, 76, 76, 76, 23, 76, 3, 11, 0, 76, 76, 76, 5, 76, 76, 76, 76, 76, 76, 76, 76, 76, 76, 76, 76, 14, 12, 8, 76, 76, 76, 76, 76, 76, 76, 76, 76, 75, 75, 75, 75, 75, 13, 75, 75, 75, 26, 7, 75, 75, 75, 75, 75, 6, 2, 75, 6, 75, 75, 5, 75, 75, 75, 75, 75, 11, 75, 75, 75, 75, 75, 75, 75, 75, 75, 75, 75, 75, 75, 75, 75, 27, 75, 75, 38, 75, 75, 75, 75, 75]
Memory usage at done (index 46, length 76, since_prev 0): 12864.23828125 MiB (Increase: 0.0 MiB)
Memory usage before reset: 12864.23828125 MiB (Increase: 0.0 MiB)
Memory usage after reset: 12864.23828125 MiB (Increase: 0.0 MiB)
Current lengths of episodes: [78, 78, 26, 78, 78, 78, 78, 78, 78, 78, 3, 78, 78, 78, 25, 78, 5, 13, 2, 78, 78, 78, 7, 78, 78, 78, 78, 78, 78, 78, 77, 77, 77, 77, 77, 15, 13, 9, 77, 77, 77, 77, 77, 77, 77, 77, 1, 77, 77, 77, 77, 77, 15, 77, 77, 77, 28, 9, 77, 77, 77, 77, 77, 8, 4, 77, 8, 77, 77, 7, 77, 77, 77, 77, 77, 13, 77, 77, 77, 77, 77, 77, 77, 77, 77, 77, 77, 77, 77, 77, 77, 29, 77, 77, 40, 77, 77, 77, 77, 77]
Memory usage at done (index 29, length 78, since_prev 2): 12864.23828125 MiB (Increase: 0.0 MiB)
Memory usage before reset: 12864.23828125 MiB (Increase: 0.0 MiB)
Memory usage after reset: 12864.23828125 MiB (Increase: 0.0 MiB)
Current lengths of episodes: [78, 78, 26, 78, 78, 78, 78, 78, 78, 78, 3, 78, 78, 78, 25, 78, 5, 13, 2, 78, 78, 78, 7, 78, 78, 78, 78, 78, 78, 0, 78, 78, 78, 78, 78, 16, 14, 10, 78, 78, 78, 78, 78, 78, 78, 78, 2, 78, 78, 78, 78, 78, 16, 78, 78, 78, 29, 10, 78, 78, 78, 78, 78, 9, 5, 78, 9, 78, 78, 8, 78, 78, 78, 78, 78, 14, 78, 78, 78, 78, 77, 77, 77, 77, 77, 77, 77, 77, 77, 77, 77, 29, 77, 77, 40, 77, 77, 77, 77, 77]
Memory usage at done (index 79, length 78, since_prev 0): 12864.23828125 MiB (Increase: 0.0 MiB)
Memory usage before reset: 12864.23828125 MiB (Increase: 0.0 MiB)
Memory usage after reset: 12864.23828125 MiB (Increase: 0.0 MiB)
Current lengths of episodes: [79, 79, 27, 79, 79, 79, 79, 79, 79, 79, 4, 79, 79, 79, 26, 79, 6, 14, 3, 79, 79, 79, 8, 79, 79, 79, 79, 79, 79, 1, 79, 79, 79, 79, 79, 17, 15, 11, 79, 79, 79, 79, 79, 79, 79, 79, 3, 79, 79, 79, 79, 79, 17, 79, 79, 79, 30, 11, 79, 79, 79, 79, 79, 10, 6, 79, 10, 79, 79, 9, 79, 79, 79, 79, 79, 15, 79, 79, 79, 1, 79, 79, 79, 79, 79, 79, 79, 79, 79, 78, 78, 30, 78, 78, 41, 78, 78, 78, 78, 78]
Memory usage at done (index 88, length 79, since_prev 1): 12864.23828125 MiB (Increase: 0.0 MiB)
Memory usage before reset: 12864.23828125 MiB (Increase: 0.0 MiB)
Memory usage after reset: 12864.23828125 MiB (Increase: 0.0 MiB)
Current lengths of episodes: [80, 80, 28, 80, 80, 80, 80, 80, 79, 79, 4, 79, 79, 79, 26, 79, 6, 14, 3, 79, 79, 79, 8, 79, 79, 79, 79, 79, 79, 1, 79, 79, 79, 79, 79, 17, 15, 11, 79, 79, 79, 79, 79, 79, 79, 79, 3, 79, 79, 79, 79, 79, 17, 79, 79, 79, 30, 11, 79, 79, 79, 79, 79, 10, 6, 79, 10, 79, 79, 9, 79, 79, 79, 79, 79, 15, 79, 79, 79, 1, 79, 79, 79, 79, 79, 79, 79, 79, 0, 79, 79, 31, 79, 79, 42, 79, 79, 79, 79, 79]
Memory usage at done (index 7, length 80, since_prev 1): 12864.23828125 MiB (Increase: 0.0 MiB)
Memory usage before reset: 12864.23828125 MiB (Increase: 0.0 MiB)
Memory usage after reset: 12864.23828125 MiB (Increase: 0.0 MiB)
Current lengths of episodes: [80, 80, 28, 80, 80, 80, 80, 0, 80, 80, 5, 80, 80, 80, 27, 80, 6, 14, 3, 79, 79, 79, 8, 79, 79, 79, 79, 79, 79, 1, 79, 79, 79, 79, 79, 17, 15, 11, 79, 79, 79, 79, 79, 79, 79, 79, 3, 79, 79, 79, 79, 79, 17, 79, 79, 79, 30, 11, 79, 79, 79, 79, 79, 10, 6, 79, 10, 79, 79, 9, 79, 79, 79, 79, 79, 15, 79, 79, 79, 1, 79, 79, 79, 79, 79, 79, 79, 79, 0, 79, 79, 31, 79, 79, 42, 79, 79, 79, 79, 79]
Memory usage at done (index 15, length 80, since_prev 0): 12864.23828125 MiB (Increase: 0.0 MiB)
Memory usage before reset: 12864.23828125 MiB (Increase: 0.0 MiB)
Memory usage after reset: 12864.23828125 MiB (Increase: 0.0 MiB)
Current lengths of episodes: [80, 80, 28, 80, 80, 80, 80, 0, 80, 80, 5, 80, 80, 80, 27, 0, 7, 15, 4, 80, 80, 80, 9, 80, 80, 80, 80, 80, 80, 2, 80, 80, 80, 80, 80, 18, 16, 12, 80, 80, 80, 80, 80, 80, 80, 80, 4, 80, 80, 80, 80, 80, 18, 80, 80, 80, 31, 12, 80, 80, 80, 80, 80, 10, 6, 79, 10, 79, 79, 9, 79, 79, 79, 79, 79, 15, 79, 79, 79, 1, 79, 79, 79, 79, 79, 79, 79, 79, 0, 79, 79, 31, 79, 79, 42, 79, 79, 79, 79, 79]
Memory usage at done (index 62, length 80, since_prev 0): 12864.23828125 MiB (Increase: 0.0 MiB)
Memory usage before reset: 12864.23828125 MiB (Increase: 0.0 MiB)
Memory usage after reset: 12864.23828125 MiB (Increase: 0.0 MiB)
Current lengths of episodes: [80, 80, 28, 80, 80, 80, 80, 0, 80, 80, 5, 80, 80, 80, 27, 0, 7, 15, 4, 80, 80, 80, 9, 80, 80, 80, 80, 80, 80, 2, 80, 80, 80, 80, 80, 18, 16, 12, 80, 80, 80, 80, 80, 80, 80, 80, 4, 80, 80, 80, 80, 80, 18, 80, 80, 80, 31, 12, 80, 80, 80, 80, 0, 11, 7, 80, 10, 79, 79, 9, 79, 79, 79, 79, 79, 15, 79, 79, 79, 1, 79, 79, 79, 79, 79, 79, 79, 79, 0, 79, 79, 31, 79, 79, 42, 79, 79, 79, 79, 79]
Memory usage at done (index 65, length 80, since_prev 0): 12864.23828125 MiB (Increase: 0.0 MiB)
Memory usage before reset: 12864.23828125 MiB (Increase: 0.0 MiB)
Memory usage after reset: 12864.23828125 MiB (Increase: 0.0 MiB)
Current lengths of episodes: [82, 82, 30, 82, 82, 82, 82, 2, 82, 82, 7, 82, 82, 81, 28, 1, 8, 16, 5, 81, 81, 81, 10, 81, 81, 81, 81, 81, 81, 3, 81, 81, 81, 81, 81, 19, 17, 13, 81, 81, 81, 81, 81, 81, 81, 81, 5, 81, 81, 81, 81, 81, 19, 81, 81, 81, 32, 13, 81, 81, 81, 81, 1, 12, 8, 1, 12, 81, 81, 11, 81, 81, 81, 81, 81, 17, 81, 81, 81, 3, 81, 81, 81, 81, 81, 81, 81, 81, 2, 81, 81, 33, 81, 81, 44, 81, 81, 81, 81, 81]
Memory usage at done (index 12, length 82, since_prev 2): 12864.23828125 MiB (Increase: 0.0 MiB)
Memory usage before reset: 12864.23828125 MiB (Increase: 0.0 MiB)
Memory usage after reset: 12864.23828125 MiB (Increase: 0.0 MiB)
Current lengths of episodes: [83, 83, 31, 83, 83, 83, 83, 3, 83, 83, 8, 83, 1, 83, 30, 3, 10, 18, 7, 83, 82, 82, 11, 82, 82, 82, 82, 82, 82, 4, 82, 82, 82, 82, 82, 20, 18, 14, 82, 82, 82, 82, 82, 82, 82, 82, 6, 82, 82, 82, 82, 82, 20, 82, 82, 82, 33, 14, 82, 82, 82, 82, 2, 13, 9, 2, 13, 82, 82, 12, 82, 82, 82, 82, 82, 18, 82, 82, 82, 4, 82, 82, 82, 82, 82, 82, 82, 82, 3, 82, 82, 34, 82, 82, 45, 82, 82, 82, 82, 82]
Memory usage at done (index 19, length 83, since_prev 1): 12864.23828125 MiB (Increase: 0.0 MiB)
Memory usage before reset: 12864.23828125 MiB (Increase: 0.0 MiB)
Memory usage after reset: 12864.23828125 MiB (Increase: 0.0 MiB)
Current lengths of episodes: [84, 84, 32, 84, 84, 84, 84, 4, 84, 84, 9, 84, 2, 84, 31, 4, 11, 19, 8, 1, 84, 84, 13, 84, 84, 84, 84, 84, 84, 6, 84, 84, 84, 84, 84, 22, 20, 16, 84, 84, 84, 84, 84, 84, 84, 84, 8, 84, 83, 83, 83, 83, 21, 83, 83, 83, 34, 15, 83, 83, 83, 83, 3, 14, 10, 3, 14, 83, 83, 13, 83, 83, 83, 83, 83, 19, 83, 83, 83, 5, 83, 83, 83, 83, 83, 83, 83, 83, 4, 83, 83, 35, 83, 83, 46, 83, 83, 83, 83, 83]
Memory usage at done (index 47, length 84, since_prev 1): 12864.23828125 MiB (Increase: 0.0 MiB)
Memory usage before reset: 12864.23828125 MiB (Increase: 0.0 MiB)
Memory usage after reset: 12864.23828125 MiB (Increase: 0.0 MiB)
Current lengths of episodes: [86, 86, 34, 86, 86, 86, 86, 6, 86, 86, 11, 86, 4, 86, 33, 6, 13, 21, 10, 3, 86, 86, 15, 86, 86, 86, 86, 86, 86, 8, 86, 86, 86, 86, 86, 24, 22, 18, 86, 86, 86, 86, 86, 86, 86, 86, 10, 2, 86, 86, 86, 86, 24, 86, 86, 86, 37, 18, 86, 86, 86, 86, 6, 17, 13, 6, 17, 86, 86, 16, 86, 86, 86, 86, 86, 22, 86, 86, 86, 8, 86, 86, 86, 86, 86, 86, 86, 86, 7, 86, 86, 38, 86, 86, 49, 86, 86, 85, 85, 85]
Memory usage at done (index 96, length 86, since_prev 2): 12864.23828125 MiB (Increase: 0.0 MiB)
Memory usage before reset: 12864.23828125 MiB (Increase: 0.0 MiB)
Memory usage after reset: 12864.23828125 MiB (Increase: 0.0 MiB)
Current lengths of episodes: [87, 87, 35, 87, 87, 87, 87, 7, 87, 87, 12, 87, 5, 87, 34, 7, 14, 22, 11, 4, 87, 87, 15, 86, 86, 86, 86, 86, 86, 8, 86, 86, 86, 86, 86, 24, 22, 18, 86, 86, 86, 86, 86, 86, 86, 86, 10, 2, 86, 86, 86, 86, 24, 86, 86, 86, 37, 18, 86, 86, 86, 86, 6, 17, 13, 6, 17, 86, 86, 16, 86, 86, 86, 86, 86, 22, 86, 86, 86, 8, 86, 86, 86, 86, 86, 86, 86, 86, 7, 86, 86, 38, 86, 86, 49, 86, 0, 86, 86, 86]
Memory usage at done (index 21, length 87, since_prev 1): 12864.23828125 MiB (Increase: 0.0 MiB)
Memory usage before reset: 12864.23828125 MiB (Increase: 0.0 MiB)
Memory usage after reset: 12864.23828125 MiB (Increase: 0.0 MiB)
Current lengths of episodes: [87, 87, 35, 87, 87, 87, 87, 7, 87, 87, 12, 87, 5, 87, 34, 7, 14, 22, 11, 4, 87, 0, 16, 87, 87, 87, 87, 87, 87, 9, 87, 87, 87, 87, 87, 25, 23, 19, 87, 87, 87, 87, 87, 87, 87, 87, 11, 3, 87, 87, 87, 87, 25, 87, 87, 87, 38, 19, 87, 87, 87, 87, 7, 18, 14, 7, 18, 87, 87, 17, 87, 87, 87, 87, 87, 23, 87, 87, 87, 9, 87, 87, 87, 87, 87, 87, 87, 87, 8, 87, 87, 39, 87, 87, 49, 86, 0, 86, 86, 86]
Memory usage at done (index 93, length 87, since_prev 0): 12864.23828125 MiB (Increase: 0.0 MiB)
Memory usage before reset: 12864.23828125 MiB (Increase: 0.0 MiB)
Memory usage after reset: 12864.23828125 MiB (Increase: 0.0 MiB)
Current lengths of episodes: [88, 88, 36, 88, 88, 88, 88, 8, 88, 88, 13, 88, 6, 88, 35, 8, 15, 23, 12, 5, 88, 1, 17, 88, 88, 88, 88, 88, 88, 10, 88, 88, 88, 88, 88, 26, 24, 20, 88, 88, 88, 88, 88, 88, 88, 88, 12, 4, 88, 88, 88, 88, 26, 88, 88, 88, 39, 20, 88, 88, 88, 88, 8, 19, 15, 8, 19, 88, 88, 18, 88, 88, 88, 88, 88, 23, 87, 87, 87, 9, 87, 87, 87, 87, 87, 87, 87, 87, 8, 87, 87, 39, 87, 0, 50, 87, 1, 87, 87, 87]
Memory usage at done (index 74, length 88, since_prev 1): 12864.23828125 MiB (Increase: 0.0 MiB)
Memory usage before reset: 12864.23828125 MiB (Increase: 0.0 MiB)
Memory usage after reset: 12864.23828125 MiB (Increase: 0.0 MiB)
Current lengths of episodes: [90, 90, 38, 90, 90, 90, 90, 10, 90, 90, 15, 90, 8, 90, 37, 10, 17, 25, 14, 7, 90, 3, 19, 90, 90, 90, 90, 90, 90, 12, 90, 90, 90, 90, 90, 28, 26, 22, 90, 90, 90, 90, 90, 90, 90, 90, 14, 6, 90, 90, 90, 90, 28, 90, 90, 90, 41, 22, 90, 90, 90, 90, 10, 21, 17, 10, 21, 90, 90, 20, 90, 90, 90, 90, 2, 26, 90, 90, 90, 12, 90, 90, 90, 90, 90, 90, 90, 90, 11, 90, 89, 41, 89, 2, 52, 89, 3, 89, 89, 89]
Memory usage at done (index 89, length 90, since_prev 2): 12864.23828125 MiB (Increase: 0.0 MiB)
Memory usage before reset: 12864.23828125 MiB (Increase: 0.0 MiB)
Memory usage after reset: 12864.23828125 MiB (Increase: 0.0 MiB)
Current lengths of episodes: [91, 91, 39, 91, 91, 91, 91, 11, 91, 91, 16, 91, 9, 91, 38, 11, 18, 26, 15, 8, 91, 4, 20, 91, 91, 91, 91, 90, 90, 12, 90, 90, 90, 90, 90, 28, 26, 22, 90, 90, 90, 90, 90, 90, 90, 90, 14, 6, 90, 90, 90, 90, 28, 90, 90, 90, 41, 22, 90, 90, 90, 90, 10, 21, 17, 10, 21, 90, 90, 20, 90, 90, 90, 90, 2, 26, 90, 90, 90, 12, 90, 90, 90, 90, 90, 90, 90, 90, 11, 0, 90, 42, 90, 3, 53, 90, 4, 90, 90, 90]
Memory usage at done (index 26, length 91, since_prev 1): 12864.23828125 MiB (Increase: 0.0 MiB)
Memory usage before reset: 12864.23828125 MiB (Increase: 0.0 MiB)
Memory usage after reset: 12864.23828125 MiB (Increase: 0.0 MiB)
Current lengths of episodes: [92, 92, 40, 92, 92, 92, 92, 12, 92, 92, 17, 92, 10, 92, 39, 12, 19, 27, 16, 9, 92, 5, 21, 92, 91, 91, 0, 91, 91, 13, 91, 91, 91, 91, 91, 29, 27, 23, 91, 91, 91, 91, 91, 91, 91, 91, 15, 7, 91, 91, 91, 91, 29, 91, 91, 91, 42, 23, 91, 91, 91, 91, 11, 22, 18, 11, 22, 91, 91, 21, 91, 91, 91, 91, 3, 27, 91, 91, 91, 13, 91, 91, 91, 91, 91, 91, 91, 91, 12, 1, 91, 43, 91, 4, 54, 91, 5, 91, 91, 91]
Memory usage at done (index 23, length 92, since_prev 1): 12864.23828125 MiB (Increase: 0.0 MiB)
Memory usage before reset: 12864.23828125 MiB (Increase: 0.0 MiB)
Memory usage after reset: 12864.23828125 MiB (Increase: 0.0 MiB)
Current lengths of episodes: [93, 93, 41, 93, 93, 93, 93, 13, 93, 93, 18, 93, 11, 93, 40, 13, 20, 28, 17, 10, 93, 6, 22, 1, 93, 93, 2, 93, 93, 15, 93, 93, 93, 93, 93, 31, 29, 25, 93, 93, 93, 93, 93, 93, 93, 93, 17, 9, 93, 93, 93, 93, 31, 93, 93, 93, 44, 25, 93, 93, 93, 93, 13, 24, 20, 13, 24, 93, 93, 23, 93, 93, 93, 93, 5, 29, 93, 93, 93, 15, 93, 93, 93, 93, 93, 93, 93, 93, 14, 3, 93, 45, 93, 5, 55, 92, 6, 92, 92, 92]
Memory usage at done (index 92, length 93, since_prev 1): 12864.23828125 MiB (Increase: 0.0 MiB)
Memory usage before reset: 12864.23828125 MiB (Increase: 0.0 MiB)
Memory usage after reset: 12864.23828125 MiB (Increase: 0.0 MiB)
Current lengths of episodes: [95, 95, 43, 95, 95, 95, 95, 15, 95, 95, 20, 95, 13, 95, 42, 15, 22, 30, 19, 12, 95, 8, 24, 3, 95, 95, 4, 95, 95, 17, 95, 95, 95, 95, 95, 33, 31, 27, 95, 95, 95, 95, 95, 95, 95, 95, 19, 11, 95, 95, 95, 95, 33, 95, 95, 95, 46, 27, 95, 95, 95, 95, 15, 26, 22, 15, 26, 95, 95, 25, 95, 94, 94, 94, 6, 30, 94, 94, 94, 16, 94, 94, 94, 94, 94, 94, 94, 94, 15, 4, 94, 46, 1, 7, 57, 94, 8, 94, 94, 94]
Memory usage at done (index 70, length 95, since_prev 2): 12864.23828125 MiB (Increase: 0.0 MiB)
Memory usage before reset: 12864.23828125 MiB (Increase: 0.0 MiB)
Memory usage after reset: 12864.23828125 MiB (Increase: 0.0 MiB)
Current lengths of episodes: [96, 96, 44, 96, 96, 96, 96, 16, 96, 96, 21, 96, 14, 96, 43, 16, 23, 31, 20, 13, 96, 9, 25, 4, 96, 96, 5, 96, 96, 18, 96, 96, 96, 96, 96, 34, 32, 28, 96, 96, 95, 95, 95, 95, 95, 95, 19, 11, 95, 95, 95, 95, 33, 95, 95, 95, 46, 27, 95, 95, 95, 95, 15, 26, 22, 15, 26, 95, 95, 25, 0, 95, 95, 95, 7, 31, 95, 95, 95, 17, 95, 95, 95, 95, 95, 95, 95, 95, 16, 5, 95, 47, 2, 8, 58, 95, 9, 95, 95, 95]
Memory usage at done (index 39, length 96, since_prev 1): 12864.23828125 MiB (Increase: 0.0 MiB)
Memory usage before reset: 12864.23828125 MiB (Increase: 0.0 MiB)
Memory usage after reset: 12864.23828125 MiB (Increase: 0.0 MiB)
Current lengths of episodes: [96, 96, 44, 96, 96, 96, 96, 16, 96, 96, 21, 96, 14, 96, 43, 16, 23, 31, 20, 13, 96, 9, 25, 4, 96, 96, 5, 96, 96, 18, 96, 96, 96, 96, 96, 34, 32, 28, 96, 0, 96, 96, 96, 96, 96, 96, 20, 12, 96, 96, 96, 95, 33, 95, 95, 95, 46, 27, 95, 95, 95, 95, 15, 26, 22, 15, 26, 95, 95, 25, 0, 95, 95, 95, 7, 31, 95, 95, 95, 17, 95, 95, 95, 95, 95, 95, 95, 95, 16, 5, 95, 47, 2, 8, 58, 95, 9, 95, 95, 95]
Memory usage at done (index 50, length 96, since_prev 0): 12864.23828125 MiB (Increase: 0.0 MiB)
Memory usage before reset: 12864.23828125 MiB (Increase: 0.0 MiB)
Memory usage after reset: 12864.23828125 MiB (Increase: 0.0 MiB)
Current lengths of episodes: [96, 96, 44, 96, 96, 96, 96, 16, 96, 96, 21, 96, 14, 96, 43, 16, 23, 31, 20, 13, 96, 9, 25, 4, 96, 96, 5, 96, 96, 18, 96, 96, 96, 96, 96, 34, 32, 28, 96, 0, 96, 96, 96, 96, 96, 96, 20, 12, 96, 96, 0, 96, 34, 96, 96, 96, 47, 28, 96, 96, 96, 96, 16, 27, 23, 16, 27, 96, 96, 26, 1, 96, 96, 96, 8, 32, 96, 96, 96, 18, 96, 96, 96, 96, 96, 96, 95, 95, 16, 5, 95, 47, 2, 8, 58, 95, 9, 95, 95, 95]
Memory usage at done (index 85, length 96, since_prev 0): 12864.23828125 MiB (Increase: 0.0 MiB)
Memory usage before reset: 12864.23828125 MiB (Increase: 0.0 MiB)
Memory usage after reset: 12864.23828125 MiB (Increase: 0.0 MiB)
Current lengths of episodes: [100, 100, 48, 100, 100, 100, 100, 20, 100, 100, 25, 100, 18, 100, 47, 20, 27, 35, 24, 17, 100, 13, 29, 8, 100, 100, 9, 100, 100, 22, 100, 100, 100, 100, 100, 38, 36, 32, 100, 4, 100, 100, 100, 100, 100, 100, 24, 16, 100, 100, 4, 100, 37, 99, 99, 99, 50, 31, 99, 99, 99, 99, 19, 30, 26, 19, 30, 99, 99, 29, 4, 99, 99, 99, 11, 35, 99, 99, 99, 21, 99, 99, 99, 99, 99, 3, 99, 99, 20, 9, 99, 51, 6, 12, 62, 99, 13, 99, 99, 99]
Memory usage at done (index 51, length 100, since_prev 4): 12864.23828125 MiB (Increase: 0.0 MiB)
Memory usage before reset: 12864.23828125 MiB (Increase: 0.0 MiB)
Memory usage after reset: 12864.23828125 MiB (Increase: 0.0 MiB)
Current lengths of episodes: [100, 100, 48, 100, 100, 100, 100, 20, 100, 100, 25, 100, 18, 100, 47, 20, 27, 35, 24, 17, 100, 13, 29, 8, 100, 100, 9, 100, 100, 22, 100, 100, 100, 100, 100, 38, 36, 32, 100, 4, 100, 100, 100, 100, 100, 100, 24, 16, 100, 100, 4, 0, 38, 100, 100, 100, 51, 32, 100, 99, 99, 99, 19, 30, 26, 19, 30, 99, 99, 29, 4, 99, 99, 99, 11, 35, 99, 99, 99, 21, 99, 99, 99, 99, 99, 3, 99, 99, 20, 9, 99, 51, 6, 12, 62, 99, 13, 99, 99, 99]
Memory usage at done (index 58, length 100, since_prev 0): 12864.23828125 MiB (Increase: 0.0 MiB)
Memory usage before reset: 12864.23828125 MiB (Increase: 0.0 MiB)
Memory usage after reset: 12864.23828125 MiB (Increase: 0.0 MiB)
Current lengths of episodes: [103, 103, 51, 103, 103, 103, 103, 23, 103, 103, 28, 103, 21, 103, 50, 23, 30, 38, 27, 20, 103, 16, 32, 11, 103, 103, 12, 103, 103, 25, 103, 103, 103, 103, 103, 41, 39, 35, 103, 7, 103, 103, 103, 103, 103, 103, 27, 19, 103, 103, 7, 3, 41, 103, 103, 102, 53, 34, 2, 102, 102, 102, 22, 33, 29, 22, 33, 102, 102, 32, 7, 102, 102, 102, 14, 38, 102, 102, 102, 24, 102, 102, 102, 102, 102, 6, 102, 102, 23, 12, 102, 54, 9, 15, 65, 102, 16, 102, 102, 102]
Memory usage at done (index 54, length 103, since_prev 3): 12864.23828125 MiB (Increase: 0.0 MiB)
Memory usage before reset: 12864.23828125 MiB (Increase: 0.0 MiB)
Memory usage after reset: 12864.23828125 MiB (Increase: 0.0 MiB)
Current lengths of episodes: [110, 110, 58, 110, 110, 110, 110, 30, 110, 110, 35, 110, 28, 110, 57, 30, 37, 45, 34, 27, 110, 23, 39, 18, 110, 110, 19, 110, 110, 32, 110, 110, 110, 110, 110, 48, 46, 42, 110, 14, 110, 110, 109, 109, 109, 109, 33, 25, 109, 109, 13, 9, 47, 109, 6, 109, 60, 41, 9, 109, 109, 109, 29, 40, 36, 29, 40, 109, 109, 39, 14, 109, 109, 109, 21, 45, 109, 109, 109, 31, 109, 109, 109, 109, 109, 13, 109, 109, 30, 19, 109, 61, 16, 22, 72, 109, 23, 109, 109, 109]
Memory usage at done (index 41, length 110, since_prev 7): 12864.23828125 MiB (Increase: 0.0 MiB)
Memory usage before reset: 12864.23828125 MiB (Increase: 0.0 MiB)
Memory usage after reset: 12864.23828125 MiB (Increase: 0.0 MiB)
Current lengths of episodes: [114, 114, 62, 114, 114, 114, 114, 34, 114, 114, 39, 114, 32, 114, 61, 33, 40, 48, 37, 30, 113, 26, 42, 21, 113, 113, 22, 113, 113, 35, 113, 113, 113, 113, 113, 51, 49, 45, 113, 17, 113, 3, 113, 113, 113, 113, 37, 29, 113, 113, 17, 13, 51, 113, 10, 113, 64, 45, 13, 113, 113, 113, 33, 44, 40, 33, 44, 113, 113, 43, 18, 113, 113, 113, 25, 49, 113, 113, 113, 35, 113, 113, 113, 113, 113, 17, 113, 113, 34, 23, 113, 65, 20, 26, 76, 113, 27, 113, 113, 113]
Memory usage at done (index 14, length 61, since_prev 4): 12864.23828125 MiB (Increase: 0.0 MiB)
Memory usage before reset: 12864.23828125 MiB (Increase: 0.0 MiB)
Memory usage after reset: 12864.23828125 MiB (Increase: 0.0 MiB)
Current lengths of episodes: [116, 116, 64, 116, 116, 116, 116, 36, 116, 116, 41, 116, 34, 116, 2, 36, 43, 51, 40, 33, 116, 29, 45, 24, 116, 116, 25, 116, 116, 38, 116, 116, 116, 116, 116, 54, 52, 48, 116, 20, 116, 6, 116, 116, 116, 116, 40, 32, 116, 115, 19, 15, 53, 115, 12, 115, 66, 47, 15, 115, 115, 115, 35, 46, 42, 35, 46, 115, 115, 45, 20, 115, 115, 115, 27, 51, 115, 115, 115, 37, 115, 115, 115, 115, 115, 19, 115, 115, 36, 25, 115, 67, 22, 28, 78, 115, 29, 115, 115, 115]
Memory usage at done (index 48, length 116, since_prev 2): 12864.23828125 MiB (Increase: 0.0 MiB)
Memory usage before reset: 12864.23828125 MiB (Increase: 0.0 MiB)
Memory usage after reset: 12864.23828125 MiB (Increase: 0.0 MiB)
Current lengths of episodes: [132, 132, 80, 132, 132, 132, 132, 52, 132, 132, 57, 132, 50, 132, 18, 52, 59, 67, 56, 49, 132, 45, 61, 40, 132, 132, 41, 132, 132, 54, 132, 132, 132, 132, 132, 70, 68, 64, 132, 36, 132, 22, 132, 132, 132, 132, 56, 48, 16, 132, 36, 32, 70, 132, 29, 132, 83, 64, 32, 132, 132, 132, 52, 63, 59, 52, 63, 132, 132, 62, 37, 132, 132, 132, 44, 68, 132, 132, 132, 54, 132, 132, 132, 132, 132, 36, 132, 132, 53, 42, 132, 84, 39, 45, 94, 131, 45, 131, 131, 131]
Memory usage at done (index 93, length 45, since_prev 16): 12864.23828125 MiB (Increase: 0.0 MiB)
Memory usage before reset: 12864.23828125 MiB (Increase: 0.0 MiB)
Memory usage after reset: 12864.23828125 MiB (Increase: 0.0 MiB)
Current lengths of episodes: [136, 136, 84, 136, 136, 136, 136, 56, 136, 136, 61, 136, 54, 136, 22, 56, 63, 71, 60, 53, 136, 49, 64, 43, 135, 135, 44, 135, 135, 57, 135, 135, 135, 135, 135, 73, 71, 67, 135, 39, 135, 25, 135, 135, 135, 135, 59, 51, 19, 135, 39, 35, 73, 135, 32, 135, 86, 67, 35, 135, 135, 135, 55, 66, 62, 55, 66, 135, 135, 65, 40, 135, 135, 135, 47, 71, 135, 135, 135, 57, 135, 135, 135, 135, 135, 39, 135, 135, 56, 45, 135, 87, 42, 3, 98, 135, 49, 135, 135, 135]
Memory usage at done (index 21, length 49, since_prev 4): 12864.23828125 MiB (Increase: 0.0 MiB)
Memory usage before reset: 12864.23828125 MiB (Increase: 0.0 MiB)
Memory usage after reset: 12864.23828125 MiB (Increase: 0.0 MiB)
Current lengths of episodes: [136, 136, 84, 136, 136, 136, 136, 56, 136, 136, 61, 136, 54, 136, 22, 56, 63, 71, 60, 53, 136, 0, 65, 44, 136, 136, 45, 136, 136, 58, 136, 136, 136, 136, 136, 74, 72, 68, 136, 40, 136, 26, 136, 136, 136, 136, 60, 52, 20, 136, 40, 36, 74, 136, 33, 136, 87, 68, 36, 136, 136, 136, 56, 66, 62, 55, 66, 135, 135, 65, 40, 135, 135, 135, 47, 71, 135, 135, 135, 57, 135, 135, 135, 135, 135, 39, 135, 135, 56, 45, 135, 87, 42, 3, 98, 135, 49, 135, 135, 135]
Memory usage at done (index 62, length 56, since_prev 0): 12864.23828125 MiB (Increase: 0.0 MiB)
Memory usage before reset: 12864.23828125 MiB (Increase: 0.0 MiB)
Memory usage after reset: 12864.23828125 MiB (Increase: 0.0 MiB)
Current lengths of episodes: [137, 137, 85, 137, 137, 137, 137, 57, 137, 137, 62, 137, 55, 137, 23, 57, 64, 72, 61, 53, 136, 0, 65, 44, 136, 136, 45, 136, 136, 58, 136, 136, 136, 136, 136, 74, 72, 68, 136, 40, 136, 26, 136, 136, 136, 136, 60, 52, 20, 136, 40, 36, 74, 136, 33, 136, 87, 68, 36, 136, 136, 136, 0, 67, 63, 56, 67, 136, 136, 66, 41, 136, 136, 136, 48, 72, 136, 136, 136, 58, 136, 136, 136, 136, 136, 40, 136, 136, 57, 46, 136, 88, 43, 4, 99, 136, 50, 136, 136, 136]
Memory usage at done (index 18, length 61, since_prev 1): 12864.23828125 MiB (Increase: 0.0 MiB)
Memory usage before reset: 12864.23828125 MiB (Increase: 0.0 MiB)
Memory usage after reset: 12864.23828125 MiB (Increase: 0.0 MiB)
Current lengths of episodes: [138, 138, 86, 138, 138, 138, 138, 58, 138, 138, 63, 137, 55, 137, 23, 57, 64, 72, 0, 54, 137, 1, 66, 45, 137, 137, 46, 137, 137, 59, 137, 137, 137, 137, 137, 75, 73, 69, 137, 41, 137, 27, 137, 137, 137, 137, 61, 53, 21, 137, 41, 37, 75, 137, 34, 137, 88, 69, 37, 137, 137, 137, 1, 68, 64, 57, 68, 137, 137, 67, 42, 137, 137, 137, 49, 73, 137, 137, 137, 59, 137, 137, 137, 137, 137, 41, 137, 137, 58, 47, 137, 89, 44, 5, 100, 137, 51, 137, 137, 137]
Memory usage at done (index 10, length 63, since_prev 1): 12864.23828125 MiB (Increase: 0.0 MiB)
Memory usage before reset: 12864.23828125 MiB (Increase: 0.0 MiB)
Memory usage after reset: 12864.23828125 MiB (Increase: 0.0 MiB)
Current lengths of episodes: [141, 141, 89, 141, 141, 141, 141, 61, 141, 141, 3, 141, 59, 141, 27, 61, 68, 76, 3, 57, 140, 4, 69, 48, 140, 140, 49, 140, 140, 62, 140, 140, 140, 140, 140, 78, 76, 72, 140, 44, 140, 30, 140, 140, 140, 140, 64, 56, 24, 140, 44, 40, 78, 140, 37, 140, 91, 72, 40, 140, 140, 140, 4, 71, 67, 60, 71, 140, 140, 70, 45, 140, 140, 140, 52, 76, 140, 140, 140, 62, 140, 140, 140, 140, 140, 44, 140, 140, 61, 50, 140, 92, 47, 8, 103, 140, 54, 140, 140, 140]
Memory usage at done (index 17, length 76, since_prev 3): 12864.23828125 MiB (Increase: 0.0 MiB)
Memory usage before reset: 12864.23828125 MiB (Increase: 0.0 MiB)
Memory usage after reset: 12864.23828125 MiB (Increase: 0.0 MiB)
Current lengths of episodes: [143, 143, 91, 143, 143, 143, 143, 63, 143, 143, 5, 143, 61, 143, 29, 63, 70, 1, 5, 59, 142, 6, 71, 50, 142, 142, 51, 142, 142, 64, 142, 142, 142, 142, 142, 80, 78, 74, 142, 46, 142, 32, 142, 142, 142, 142, 66, 58, 26, 142, 46, 42, 80, 142, 39, 142, 93, 74, 42, 142, 142, 142, 6, 73, 69, 62, 73, 142, 142, 72, 47, 142, 142, 142, 54, 78, 142, 142, 142, 64, 142, 142, 142, 142, 142, 46, 142, 142, 63, 52, 142, 94, 49, 10, 105, 142, 56, 142, 142, 142]
Memory usage at done (index 16, length 70, since_prev 2): 12864.23828125 MiB (Increase: 0.0 MiB)
Memory usage before reset: 12864.23828125 MiB (Increase: 0.0 MiB)
Memory usage after reset: 12864.23828125 MiB (Increase: 0.0 MiB)
Current lengths of episodes: [144, 144, 92, 144, 144, 144, 144, 64, 144, 144, 6, 144, 62, 144, 30, 64, 1, 3, 7, 61, 144, 8, 73, 52, 144, 144, 53, 144, 144, 66, 144, 144, 144, 144, 144, 82, 80, 76, 144, 48, 144, 33, 143, 143, 143, 143, 67, 59, 27, 143, 47, 43, 81, 143, 40, 143, 94, 75, 43, 143, 143, 143, 7, 74, 70, 63, 74, 143, 143, 73, 48, 143, 143, 143, 55, 79, 143, 143, 143, 65, 143, 143, 143, 143, 143, 47, 143, 143, 64, 53, 143, 95, 50, 11, 106, 143, 57, 143, 143, 143]
Memory usage at done (index 40, length 144, since_prev 1): 12864.23828125 MiB (Increase: 0.0 MiB)
Memory usage before reset: 12864.23828125 MiB (Increase: 0.0 MiB)
Memory usage after reset: 12864.23828125 MiB (Increase: 0.0 MiB)
Current lengths of episodes: [144, 144, 92, 144, 144, 144, 144, 64, 144, 144, 6, 144, 62, 144, 30, 64, 1, 3, 7, 61, 144, 8, 73, 52, 144, 144, 53, 144, 144, 66, 144, 144, 144, 144, 144, 82, 80, 76, 144, 48, 0, 34, 144, 144, 144, 144, 68, 60, 28, 144, 48, 44, 82, 144, 41, 144, 95, 76, 44, 144, 144, 144, 8, 75, 71, 64, 75, 144, 144, 74, 49, 144, 144, 144, 56, 80, 144, 144, 144, 66, 144, 144, 144, 144, 144, 48, 144, 144, 65, 53, 143, 95, 50, 11, 106, 143, 57, 143, 143, 143]
Memory usage at done (index 88, length 65, since_prev 0): 12864.23828125 MiB (Increase: 0.0 MiB)
Memory usage before reset: 12864.23828125 MiB (Increase: 0.0 MiB)
Memory usage after reset: 12864.23828125 MiB (Increase: 0.0 MiB)
Current lengths of episodes: [146, 146, 94, 146, 146, 146, 146, 66, 146, 146, 8, 146, 64, 146, 32, 66, 3, 5, 9, 63, 146, 10, 75, 54, 146, 146, 55, 146, 146, 68, 146, 146, 146, 146, 146, 84, 82, 78, 146, 50, 2, 36, 146, 146, 146, 146, 70, 62, 30, 146, 50, 46, 84, 146, 43, 146, 97, 78, 46, 146, 146, 146, 10, 77, 73, 66, 77, 146, 146, 76, 51, 146, 146, 146, 58, 82, 146, 146, 146, 68, 146, 146, 146, 146, 146, 50, 146, 146, 2, 56, 146, 98, 53, 14, 109, 146, 60, 145, 145, 145]
Memory usage at done (index 96, length 60, since_prev 2): 12864.23828125 MiB (Increase: 0.0 MiB)
Memory usage before reset: 12864.23828125 MiB (Increase: 0.0 MiB)
Memory usage after reset: 12864.23828125 MiB (Increase: 0.0 MiB)
Current lengths of episodes: [147, 147, 95, 147, 147, 147, 147, 67, 147, 147, 9, 147, 65, 147, 33, 67, 4, 6, 10, 64, 147, 11, 76, 55, 146, 146, 55, 146, 146, 68, 146, 146, 146, 146, 146, 84, 82, 78, 146, 50, 2, 36, 146, 146, 146, 146, 70, 62, 30, 146, 50, 46, 84, 146, 43, 146, 97, 78, 46, 146, 146, 146, 10, 77, 73, 66, 77, 146, 146, 76, 51, 146, 146, 146, 58, 82, 146, 146, 146, 68, 146, 146, 146, 146, 146, 50, 146, 146, 2, 56, 146, 98, 53, 14, 109, 146, 0, 146, 146, 146]
Memory usage at done (index 23, length 55, since_prev 1): 12864.23828125 MiB (Increase: 0.0 MiB)
Memory usage before reset: 12864.23828125 MiB (Increase: 0.0 MiB)
Memory usage after reset: 12864.23828125 MiB (Increase: 0.0 MiB)
Current lengths of episodes: [147, 147, 95, 147, 147, 147, 147, 67, 147, 147, 9, 147, 65, 147, 33, 67, 4, 6, 10, 64, 147, 11, 76, 0, 147, 147, 56, 147, 147, 69, 147, 147, 147, 147, 147, 85, 83, 78, 146, 50, 2, 36, 146, 146, 146, 146, 70, 62, 30, 146, 50, 46, 84, 146, 43, 146, 97, 78, 46, 146, 146, 146, 10, 77, 73, 66, 77, 146, 146, 76, 51, 146, 146, 146, 58, 82, 146, 146, 146, 68, 146, 146, 146, 146, 146, 50, 146, 146, 2, 56, 146, 98, 53, 14, 109, 146, 0, 146, 146, 146]
Memory usage at done (index 36, length 83, since_prev 0): 12864.23828125 MiB (Increase: 0.0 MiB)
Memory usage before reset: 12864.23828125 MiB (Increase: 0.0 MiB)
Memory usage after reset: 12864.23828125 MiB (Increase: 0.0 MiB)
Current lengths of episodes: [148, 148, 96, 148, 148, 148, 148, 68, 148, 148, 10, 148, 66, 148, 34, 68, 5, 7, 11, 65, 148, 12, 77, 1, 148, 148, 57, 148, 148, 70, 148, 148, 148, 148, 148, 86, 1, 80, 148, 52, 4, 38, 148, 148, 148, 148, 72, 64, 32, 148, 52, 47, 85, 147, 44, 147, 98, 79, 47, 147, 147, 147, 11, 78, 74, 67, 78, 147, 147, 77, 52, 147, 147, 147, 59, 83, 147, 147, 147, 69, 147, 147, 147, 147, 147, 51, 147, 147, 3, 57, 147, 99, 54, 15, 110, 147, 1, 147, 147, 147]
Memory usage at done (index 50, length 52, since_prev 1): 12864.23828125 MiB (Increase: 0.0 MiB)
Memory usage before reset: 12864.23828125 MiB (Increase: 0.0 MiB)
Memory usage after reset: 12864.23828125 MiB (Increase: 0.0 MiB)
Current lengths of episodes: [148, 148, 96, 148, 148, 148, 148, 68, 148, 148, 10, 148, 66, 148, 34, 68, 5, 7, 11, 65, 148, 12, 77, 1, 148, 148, 57, 148, 148, 70, 148, 148, 148, 148, 148, 86, 1, 80, 148, 52, 4, 38, 148, 148, 148, 148, 72, 64, 32, 148, 0, 48, 86, 148, 45, 148, 99, 80, 48, 148, 148, 148, 12, 79, 75, 67, 78, 147, 147, 77, 52, 147, 147, 147, 59, 83, 147, 147, 147, 69, 147, 147, 147, 147, 147, 51, 147, 147, 3, 57, 147, 99, 54, 15, 110, 147, 1, 147, 147, 147]
Memory usage at done (index 64, length 75, since_prev 0): 12864.23828125 MiB (Increase: 0.0 MiB)
Memory usage before reset: 12864.23828125 MiB (Increase: 0.0 MiB)
Memory usage after reset: 12864.23828125 MiB (Increase: 0.0 MiB)
Current lengths of episodes: [149, 149, 97, 149, 149, 149, 149, 69, 149, 149, 11, 149, 67, 149, 35, 69, 6, 8, 12, 66, 149, 13, 78, 1, 148, 148, 57, 148, 148, 70, 148, 148, 148, 148, 148, 86, 1, 80, 148, 52, 4, 38, 148, 148, 148, 148, 72, 64, 32, 148, 0, 48, 86, 148, 45, 148, 99, 80, 48, 148, 148, 148, 12, 79, 0, 68, 79, 148, 148, 78, 53, 148, 148, 148, 60, 84, 148, 148, 148, 70, 148, 148, 148, 148, 148, 52, 148, 148, 4, 58, 148, 100, 55, 16, 111, 148, 2, 148, 148, 148]
Memory usage at done (index 22, length 78, since_prev 1): 12864.23828125 MiB (Increase: 0.0 MiB)
Memory usage before reset: 12864.23828125 MiB (Increase: 0.0 MiB)
Memory usage after reset: 12864.23828125 MiB (Increase: 0.0 MiB)
Current lengths of episodes: [149, 149, 97, 149, 149, 149, 149, 69, 149, 149, 11, 149, 67, 149, 35, 69, 6, 8, 12, 66, 149, 13, 0, 2, 149, 149, 58, 149, 149, 71, 149, 149, 149, 149, 149, 87, 2, 81, 149, 53, 5, 39, 149, 149, 149, 149, 73, 65, 33, 149, 1, 49, 87, 149, 46, 149, 100, 81, 49, 149, 149, 149, 13, 80, 1, 69, 79, 148, 148, 78, 53, 148, 148, 148, 60, 84, 148, 148, 148, 70, 148, 148, 148, 148, 148, 52, 148, 148, 4, 58, 148, 100, 55, 16, 111, 148, 2, 148, 148, 148]
Memory usage at done (index 65, length 69, since_prev 0): 12864.23828125 MiB (Increase: 0.0 MiB)
Memory usage before reset: 12864.23828125 MiB (Increase: 0.0 MiB)
Memory usage after reset: 12864.23828125 MiB (Increase: 0.0 MiB)
Current lengths of episodes: [151, 151, 99, 151, 151, 151, 151, 71, 151, 151, 13, 151, 69, 151, 37, 71, 8, 10, 14, 68, 151, 15, 2, 4, 151, 151, 60, 151, 151, 73, 151, 151, 151, 151, 151, 89, 4, 83, 151, 55, 7, 41, 151, 151, 151, 151, 75, 67, 35, 151, 3, 51, 89, 151, 48, 151, 102, 83, 51, 151, 151, 151, 15, 82, 3, 2, 82, 151, 151, 81, 56, 151, 151, 151, 63, 86, 150, 150, 150, 72, 150, 150, 150, 150, 150, 54, 150, 150, 6, 60, 150, 102, 57, 18, 113, 150, 4, 150, 150, 150]
Memory usage at done (index 74, length 63, since_prev 2): 12864.23828125 MiB (Increase: 0.0 MiB)
Memory usage before reset: 12864.23828125 MiB (Increase: 0.0 MiB)
Memory usage after reset: 12864.23828125 MiB (Increase: 0.0 MiB)
Current lengths of episodes: [154, 154, 102, 154, 154, 154, 154, 74, 154, 154, 16, 154, 72, 154, 40, 74, 11, 13, 17, 71, 154, 18, 5, 7, 154, 154, 63, 154, 154, 76, 154, 154, 154, 154, 154, 92, 7, 86, 154, 58, 10, 44, 154, 154, 154, 154, 78, 69, 37, 153, 5, 53, 91, 153, 50, 153, 104, 85, 53, 153, 153, 153, 17, 84, 5, 4, 84, 153, 153, 83, 58, 153, 153, 153, 2, 89, 153, 153, 153, 75, 153, 153, 153, 153, 153, 57, 153, 153, 9, 63, 153, 105, 60, 21, 116, 153, 7, 153, 153, 153]
Memory usage at done (index 46, length 78, since_prev 3): 12864.23828125 MiB (Increase: 0.0 MiB)
Memory usage before reset: 12864.23828125 MiB (Increase: 0.0 MiB)
Memory usage after reset: 12864.23828125 MiB (Increase: 0.0 MiB)
Current lengths of episodes: [158, 158, 106, 158, 158, 158, 158, 78, 158, 158, 20, 158, 76, 158, 44, 78, 15, 17, 21, 75, 158, 22, 9, 11, 158, 158, 67, 158, 158, 80, 158, 158, 158, 158, 158, 96, 11, 90, 158, 62, 14, 48, 158, 158, 158, 158, 4, 74, 42, 158, 10, 58, 96, 158, 55, 158, 109, 89, 57, 157, 157, 157, 21, 88, 9, 8, 88, 157, 157, 87, 62, 157, 157, 157, 6, 93, 157, 157, 157, 79, 157, 157, 157, 157, 157, 61, 157, 157, 13, 67, 157, 109, 64, 25, 120, 157, 11, 157, 157, 157]
Memory usage at done (index 56, length 109, since_prev 4): 12864.23828125 MiB (Increase: 0.0 MiB)
Memory usage before reset: 12864.23828125 MiB (Increase: 0.0 MiB)
Memory usage after reset: 12864.23828125 MiB (Increase: 0.0 MiB)
Current lengths of episodes: [158, 158, 106, 158, 158, 158, 158, 78, 158, 158, 20, 158, 76, 158, 44, 78, 15, 17, 21, 75, 158, 22, 9, 11, 158, 158, 67, 158, 158, 80, 158, 158, 158, 158, 158, 96, 11, 90, 158, 62, 14, 48, 158, 158, 158, 158, 4, 74, 42, 158, 10, 58, 96, 158, 55, 158, 0, 90, 58, 158, 158, 158, 22, 89, 10, 9, 89, 158, 158, 88, 63, 158, 158, 158, 7, 94, 158, 158, 158, 80, 158, 158, 158, 158, 158, 62, 158, 158, 14, 68, 157, 109, 64, 25, 120, 157, 11, 157, 157, 157]
Memory usage at done (index 89, length 68, since_prev 0): 12864.23828125 MiB (Increase: 0.0 MiB)
Memory usage before reset: 12864.23828125 MiB (Increase: 0.0 MiB)
Memory usage after reset: 12864.23828125 MiB (Increase: 0.0 MiB)
Current lengths of episodes: [159, 159, 107, 159, 159, 159, 159, 79, 159, 159, 21, 159, 77, 159, 45, 79, 16, 18, 22, 76, 159, 23, 10, 12, 159, 159, 68, 159, 159, 81, 159, 159, 159, 159, 159, 97, 12, 91, 159, 63, 15, 49, 159, 159, 159, 159, 5, 75, 43, 159, 11, 59, 97, 159, 56, 159, 1, 91, 59, 159, 159, 159, 23, 90, 11, 10, 90, 159, 159, 89, 64, 159, 159, 159, 8, 95, 159, 159, 159, 81, 159, 159, 159, 159, 159, 63, 158, 158, 14, 0, 158, 110, 65, 26, 121, 158, 12, 158, 158, 158]
Memory usage at done (index 85, length 63, since_prev 1): 12864.23828125 MiB (Increase: 0.0 MiB)
Memory usage before reset: 12864.23828125 MiB (Increase: 0.0 MiB)
Memory usage after reset: 12864.23828125 MiB (Increase: 0.0 MiB)
Current lengths of episodes: [166, 166, 114, 166, 166, 166, 166, 86, 166, 166, 28, 166, 84, 166, 52, 86, 23, 25, 29, 83, 166, 30, 17, 19, 166, 165, 74, 165, 165, 87, 165, 165, 165, 165, 165, 103, 18, 97, 165, 69, 21, 55, 165, 165, 165, 165, 11, 81, 49, 165, 17, 65, 103, 165, 62, 165, 7, 97, 65, 165, 165, 165, 29, 96, 17, 16, 96, 165, 165, 95, 70, 165, 165, 165, 14, 101, 165, 165, 165, 87, 165, 165, 165, 165, 165, 6, 165, 165, 21, 7, 165, 117, 72, 33, 128, 165, 19, 165, 165, 165]
Memory usage at done (index 24, length 166, since_prev 7): 12864.23828125 MiB (Increase: 0.0 MiB)
Memory usage before reset: 12864.23828125 MiB (Increase: 0.0 MiB)
Memory usage after reset: 12864.23828125 MiB (Increase: 0.0 MiB)
Current lengths of episodes: [166, 166, 114, 166, 166, 166, 166, 86, 166, 166, 28, 166, 84, 166, 52, 86, 23, 25, 29, 83, 166, 30, 17, 19, 0, 166, 75, 166, 166, 88, 166, 166, 166, 166, 166, 104, 19, 98, 166, 70, 22, 56, 166, 166, 166, 165, 11, 81, 49, 165, 17, 65, 103, 165, 62, 165, 7, 97, 65, 165, 165, 165, 29, 96, 17, 16, 96, 165, 165, 95, 70, 165, 165, 165, 14, 101, 165, 165, 165, 87, 165, 165, 165, 165, 165, 6, 165, 165, 21, 7, 165, 117, 72, 33, 128, 165, 19, 165, 165, 165]
Memory usage at done (index 44, length 166, since_prev 0): 12864.23828125 MiB (Increase: 0.0 MiB)
Memory usage before reset: 12864.23828125 MiB (Increase: 0.0 MiB)
Memory usage after reset: 12864.23828125 MiB (Increase: 0.0 MiB)
Current lengths of episodes: [166, 166, 114, 166, 166, 166, 166, 86, 166, 166, 28, 166, 84, 166, 52, 86, 23, 25, 29, 83, 166, 30, 17, 19, 0, 166, 75, 166, 166, 88, 166, 166, 166, 166, 166, 104, 19, 98, 166, 70, 22, 56, 166, 166, 0, 166, 12, 82, 50, 166, 18, 66, 104, 165, 62, 165, 7, 97, 65, 165, 165, 165, 29, 96, 17, 16, 96, 165, 165, 95, 70, 165, 165, 165, 14, 101, 165, 165, 165, 87, 165, 165, 165, 165, 165, 6, 165, 165, 21, 7, 165, 117, 72, 33, 128, 165, 19, 165, 165, 165]
Memory usage at done (index 52, length 104, since_prev 0): 12864.23828125 MiB (Increase: 0.0 MiB)
Memory usage before reset: 12864.23828125 MiB (Increase: 0.0 MiB)
Memory usage after reset: 12864.23828125 MiB (Increase: 0.0 MiB)
Current lengths of episodes: [167, 167, 115, 167, 167, 167, 167, 87, 167, 167, 29, 167, 85, 167, 53, 87, 24, 26, 30, 84, 167, 31, 18, 20, 1, 167, 76, 167, 167, 89, 167, 167, 167, 167, 167, 105, 19, 98, 166, 70, 22, 56, 166, 166, 0, 166, 12, 82, 50, 166, 18, 66, 0, 166, 63, 166, 8, 98, 66, 166, 166, 166, 30, 97, 18, 17, 97, 166, 166, 96, 71, 166, 166, 166, 15, 102, 166, 166, 166, 88, 166, 166, 166, 166, 166, 7, 166, 166, 22, 8, 166, 118, 73, 34, 129, 166, 20, 166, 166, 166]
Memory usage at done (index 35, length 105, since_prev 1): 12864.23828125 MiB (Increase: 0.0 MiB)
Memory usage before reset: 12864.23828125 MiB (Increase: 0.0 MiB)
Memory usage after reset: 12864.23828125 MiB (Increase: 0.0 MiB)
Current lengths of episodes: [169, 169, 117, 169, 169, 169, 169, 89, 169, 169, 31, 169, 87, 169, 55, 89, 26, 28, 32, 86, 169, 33, 20, 22, 3, 169, 78, 169, 169, 91, 169, 169, 169, 169, 169, 2, 22, 101, 169, 73, 25, 59, 169, 169, 3, 169, 15, 85, 52, 168, 20, 68, 2, 168, 65, 168, 10, 100, 68, 168, 168, 168, 32, 99, 20, 19, 99, 168, 168, 98, 73, 168, 168, 168, 17, 104, 168, 168, 168, 90, 168, 168, 168, 168, 168, 9, 168, 168, 24, 10, 168, 120, 75, 36, 131, 168, 22, 168, 168, 168]
Memory usage at done (index 47, length 85, since_prev 2): 12864.23828125 MiB (Increase: 0.0 MiB)
Memory usage before reset: 12864.23828125 MiB (Increase: 0.0 MiB)
Memory usage after reset: 12864.23828125 MiB (Increase: 0.0 MiB)
Current lengths of episodes: [180, 180, 128, 180, 180, 180, 180, 100, 179, 179, 41, 179, 97, 179, 65, 99, 36, 38, 42, 96, 179, 43, 30, 32, 13, 179, 88, 179, 179, 101, 179, 179, 179, 179, 179, 12, 32, 111, 179, 83, 35, 69, 179, 179, 13, 179, 25, 10, 63, 179, 31, 79, 13, 179, 76, 179, 21, 111, 79, 179, 179, 179, 43, 110, 31, 30, 110, 179, 179, 109, 84, 179, 179, 179, 28, 115, 179, 179, 179, 101, 179, 179, 179, 179, 179, 20, 179, 179, 35, 21, 179, 131, 86, 47, 142, 179, 33, 179, 179, 179]
Memory usage at done (index 7, length 100, since_prev 11): 12864.23828125 MiB (Increase: 0.0 MiB)
Memory usage before reset: 12864.23828125 MiB (Increase: 0.0 MiB)
Memory usage after reset: 12864.23828125 MiB (Increase: 0.0 MiB)
Current lengths of episodes: [180, 180, 128, 180, 180, 180, 180, 0, 180, 180, 42, 180, 98, 180, 66, 100, 37, 39, 43, 97, 180, 44, 31, 33, 14, 180, 89, 180, 180, 102, 180, 180, 180, 180, 180, 13, 33, 112, 180, 84, 36, 70, 180, 180, 14, 180, 26, 11, 64, 179, 31, 79, 13, 179, 76, 179, 21, 111, 79, 179, 179, 179, 43, 110, 31, 30, 110, 179, 179, 109, 84, 179, 179, 179, 28, 115, 179, 179, 179, 101, 179, 179, 179, 179, 179, 20, 179, 179, 35, 21, 179, 131, 86, 47, 142, 179, 33, 179, 179, 179]
Memory usage at done (index 48, length 64, since_prev 0): 12864.23828125 MiB (Increase: 0.0 MiB)
Memory usage before reset: 12864.23828125 MiB (Increase: 0.0 MiB)
Memory usage after reset: 12864.23828125 MiB (Increase: 0.0 MiB)
Current lengths of episodes: [181, 181, 129, 181, 181, 181, 181, 1, 181, 181, 43, 181, 99, 181, 67, 100, 37, 39, 43, 97, 180, 44, 31, 33, 14, 180, 89, 180, 180, 102, 180, 180, 180, 180, 180, 13, 33, 112, 180, 84, 36, 70, 180, 180, 14, 180, 26, 11, 0, 180, 32, 80, 14, 180, 77, 180, 22, 112, 80, 180, 180, 180, 44, 111, 32, 31, 111, 180, 180, 110, 85, 180, 180, 180, 29, 116, 180, 180, 180, 102, 180, 180, 180, 180, 180, 21, 180, 180, 36, 22, 180, 132, 87, 48, 143, 180, 34, 180, 180, 180]
Memory usage at done (index 14, length 67, since_prev 1): 12864.23828125 MiB (Increase: 0.0 MiB)
Memory usage before reset: 12864.23828125 MiB (Increase: 0.0 MiB)
Memory usage after reset: 12864.23828125 MiB (Increase: 0.0 MiB)
Current lengths of episodes: [187, 187, 135, 187, 187, 187, 187, 7, 187, 187, 49, 187, 105, 187, 6, 107, 44, 45, 49, 103, 186, 50, 37, 39, 20, 186, 95, 186, 186, 108, 186, 186, 186, 186, 186, 19, 39, 118, 186, 90, 42, 76, 186, 186, 20, 186, 32, 17, 6, 186, 38, 86, 20, 186, 83, 186, 28, 118, 86, 186, 186, 186, 50, 117, 38, 37, 117, 186, 186, 116, 91, 186, 186, 186, 35, 122, 186, 186, 186, 108, 186, 186, 186, 186, 186, 27, 186, 186, 42, 28, 186, 138, 93, 54, 149, 186, 40, 186, 186, 186]
Memory usage at done (index 16, length 44, since_prev 6): 12864.23828125 MiB (Increase: 0.0 MiB)
Memory usage before reset: 12864.23828125 MiB (Increase: 0.0 MiB)
Memory usage after reset: 12864.23828125 MiB (Increase: 0.0 MiB)
Current lengths of episodes: [190, 190, 138, 190, 190, 190, 190, 10, 190, 190, 52, 190, 108, 190, 9, 110, 3, 49, 53, 107, 190, 54, 41, 43, 24, 190, 99, 190, 190, 112, 190, 190, 190, 190, 190, 23, 43, 122, 190, 94, 46, 80, 190, 190, 24, 190, 36, 21, 10, 190, 42, 90, 24, 190, 87, 190, 32, 122, 90, 190, 190, 190, 54, 121, 42, 41, 121, 190, 190, 120, 95, 190, 190, 190, 39, 126, 190, 190, 190, 112, 190, 190, 190, 190, 190, 31, 190, 190, 46, 32, 190, 142, 97, 58, 153, 190, 44, 189, 189, 189]
Memory usage at done (index 96, length 44, since_prev 3): 12864.23828125 MiB (Increase: 0.0 MiB)
Memory usage before reset: 12864.23828125 MiB (Increase: 0.0 MiB)
Memory usage after reset: 12864.23828125 MiB (Increase: 0.0 MiB)
Current lengths of episodes: [192, 192, 140, 192, 192, 192, 192, 12, 192, 192, 54, 192, 110, 192, 11, 112, 5, 51, 55, 108, 191, 55, 42, 44, 25, 191, 100, 191, 191, 113, 191, 191, 191, 191, 191, 24, 44, 123, 191, 95, 47, 81, 191, 191, 25, 191, 37, 22, 11, 191, 43, 91, 25, 191, 88, 191, 33, 123, 91, 191, 191, 191, 55, 122, 43, 42, 122, 191, 191, 121, 96, 191, 191, 191, 40, 127, 191, 191, 191, 113, 191, 191, 191, 191, 191, 32, 191, 191, 47, 33, 191, 143, 98, 59, 154, 191, 1, 191, 191, 191]
Memory usage at done (index 18, length 55, since_prev 2): 12864.23828125 MiB (Increase: 0.0 MiB)
Memory usage before reset: 12864.23828125 MiB (Increase: 0.0 MiB)
Memory usage after reset: 12864.23828125 MiB (Increase: 0.0 MiB)
Current lengths of episodes: [206, 206, 154, 206, 206, 206, 206, 26, 206, 206, 68, 206, 124, 206, 25, 126, 19, 65, 14, 123, 206, 70, 57, 59, 40, 206, 115, 206, 206, 128, 206, 206, 206, 206, 206, 39, 59, 138, 206, 110, 62, 96, 206, 206, 40, 206, 52, 37, 26, 206, 58, 106, 40, 206, 103, 205, 47, 137, 105, 205, 205, 205, 69, 136, 57, 56, 136, 205, 205, 135, 110, 205, 205, 205, 54, 141, 205, 205, 205, 127, 205, 205, 205, 205, 205, 46, 205, 205, 61, 47, 205, 157, 112, 73, 168, 205, 15, 205, 205, 205]
Memory usage at done (index 54, length 103, since_prev 14): 12864.23828125 MiB (Increase: 0.0 MiB)
Memory usage before reset: 12864.23828125 MiB (Increase: 0.0 MiB)
Memory usage after reset: 12864.23828125 MiB (Increase: 0.0 MiB)
Current lengths of episodes: [206, 206, 154, 206, 206, 206, 206, 26, 206, 206, 68, 206, 124, 206, 25, 126, 19, 65, 14, 123, 206, 70, 57, 59, 40, 206, 115, 206, 206, 128, 206, 206, 206, 206, 206, 39, 59, 138, 206, 110, 62, 96, 206, 206, 40, 206, 52, 37, 26, 206, 58, 106, 40, 206, 0, 206, 48, 138, 106, 206, 206, 206, 70, 137, 58, 57, 137, 206, 206, 136, 111, 206, 206, 206, 55, 142, 206, 206, 206, 128, 205, 205, 205, 205, 205, 46, 205, 205, 61, 47, 205, 157, 112, 73, 168, 205, 15, 205, 205, 205]
Memory usage at done (index 79, length 128, since_prev 0): 12864.23828125 MiB (Increase: 0.0 MiB)
Memory usage before reset: 12864.23828125 MiB (Increase: 0.0 MiB)
Memory usage after reset: 12864.23828125 MiB (Increase: 0.0 MiB)
Current lengths of episodes: [208, 208, 156, 208, 208, 208, 208, 28, 208, 208, 70, 207, 125, 207, 26, 127, 20, 66, 15, 124, 207, 71, 58, 60, 41, 207, 116, 207, 207, 129, 207, 207, 207, 207, 207, 40, 60, 139, 207, 111, 63, 97, 207, 207, 41, 207, 53, 38, 27, 207, 59, 107, 41, 207, 1, 207, 49, 139, 107, 207, 207, 207, 71, 138, 59, 58, 138, 207, 207, 137, 112, 207, 207, 207, 56, 143, 207, 207, 207, 1, 207, 207, 207, 207, 207, 48, 207, 207, 63, 49, 207, 159, 114, 75, 170, 207, 17, 207, 207, 207]
Memory usage at done (index 10, length 70, since_prev 2): 12864.23828125 MiB (Increase: 0.0 MiB)
Memory usage before reset: 12864.23828125 MiB (Increase: 0.0 MiB)
Memory usage after reset: 12864.23828125 MiB (Increase: 0.0 MiB)
Current lengths of episodes: [210, 210, 158, 210, 210, 210, 210, 30, 210, 210, 2, 210, 128, 210, 29, 130, 23, 69, 18, 127, 210, 74, 61, 63, 44, 210, 119, 210, 210, 132, 210, 210, 210, 210, 210, 43, 63, 142, 210, 114, 66, 100, 210, 210, 44, 210, 56, 41, 30, 210, 62, 110, 44, 210, 4, 210, 52, 142, 110, 210, 210, 210, 74, 141, 62, 61, 141, 210, 210, 140, 115, 210, 210, 210, 59, 146, 210, 210, 210, 4, 210, 210, 210, 210, 210, 51, 210, 210, 66, 51, 209, 161, 116, 77, 172, 209, 19, 209, 209, 209]
Memory usage at done (index 88, length 66, since_prev 2): 12864.23828125 MiB (Increase: 0.0 MiB)
Memory usage before reset: 12864.23828125 MiB (Increase: 0.0 MiB)
Memory usage after reset: 12864.23828125 MiB (Increase: 0.0 MiB)
Current lengths of episodes: [212, 212, 160, 212, 212, 212, 212, 32, 212, 212, 4, 212, 130, 212, 31, 132, 25, 71, 20, 129, 212, 76, 63, 65, 46, 212, 121, 212, 212, 134, 212, 212, 212, 212, 212, 45, 65, 144, 212, 116, 68, 102, 212, 212, 46, 212, 58, 42, 31, 211, 63, 111, 45, 211, 5, 211, 53, 143, 111, 211, 211, 211, 75, 142, 63, 62, 142, 211, 211, 141, 116, 211, 211, 211, 60, 147, 211, 211, 211, 5, 211, 211, 211, 211, 211, 52, 211, 211, 1, 53, 211, 163, 118, 79, 174, 211, 21, 211, 211, 211]
Memory usage at done (index 46, length 58, since_prev 2): 12864.23828125 MiB (Increase: 0.0 MiB)
Memory usage before reset: 12864.23828125 MiB (Increase: 0.0 MiB)
Memory usage after reset: 12864.23828125 MiB (Increase: 0.0 MiB)
Current lengths of episodes: [218, 218, 166, 218, 218, 218, 218, 38, 218, 218, 10, 218, 136, 218, 37, 138, 31, 77, 26, 135, 217, 81, 68, 70, 51, 217, 126, 217, 217, 139, 217, 217, 217, 217, 217, 50, 70, 149, 217, 121, 73, 107, 217, 217, 51, 217, 5, 48, 37, 217, 69, 117, 51, 217, 11, 217, 59, 149, 117, 217, 217, 217, 81, 148, 69, 68, 148, 217, 217, 147, 122, 217, 217, 217, 66, 153, 217, 217, 217, 11, 217, 217, 217, 217, 217, 58, 217, 217, 7, 59, 217, 169, 124, 85, 180, 217, 27, 217, 217, 217]
Memory usage at done (index 19, length 135, since_prev 6): 12864.23828125 MiB (Increase: 0.0 MiB)
Memory usage before reset: 12864.23828125 MiB (Increase: 0.0 MiB)
Memory usage after reset: 12864.23828125 MiB (Increase: 0.0 MiB)
Current lengths of episodes: [220, 220, 168, 220, 220, 220, 220, 40, 220, 220, 12, 220, 138, 220, 39, 140, 33, 79, 28, 2, 220, 84, 71, 72, 53, 219, 128, 219, 219, 141, 219, 219, 219, 219, 219, 52, 72, 151, 219, 123, 75, 109, 219, 219, 53, 219, 7, 50, 39, 219, 71, 119, 53, 219, 13, 219, 61, 151, 119, 219, 219, 219, 83, 150, 71, 70, 150, 219, 219, 149, 124, 219, 219, 219, 68, 155, 219, 219, 219, 13, 219, 219, 219, 219, 219, 60, 219, 219, 9, 61, 219, 171, 126, 87, 182, 219, 29, 219, 219, 219]
Memory usage at done (index 22, length 71, since_prev 2): 12864.23828125 MiB (Increase: 0.0 MiB)
Memory usage before reset: 12864.23828125 MiB (Increase: 0.0 MiB)
Memory usage after reset: 12864.23828125 MiB (Increase: 0.0 MiB)
Current lengths of episodes: [222, 222, 170, 222, 222, 222, 222, 42, 222, 222, 14, 222, 140, 222, 41, 142, 35, 81, 30, 4, 222, 86, 2, 75, 56, 222, 131, 222, 222, 144, 222, 222, 222, 222, 222, 55, 75, 154, 222, 126, 78, 112, 222, 222, 56, 222, 10, 53, 42, 222, 74, 122, 56, 222, 16, 222, 64, 154, 122, 222, 222, 222, 86, 153, 74, 73, 153, 222, 222, 152, 127, 222, 222, 222, 71, 158, 222, 222, 222, 16, 222, 222, 222, 222, 222, 63, 222, 222, 12, 64, 221, 173, 128, 89, 184, 221, 31, 221, 221, 221]
Memory usage at done (index 89, length 64, since_prev 2): 12864.23828125 MiB (Increase: 0.0 MiB)
Memory usage before reset: 12864.23828125 MiB (Increase: 0.0 MiB)
Memory usage after reset: 12864.23828125 MiB (Increase: 0.0 MiB)
Current lengths of episodes: [223, 223, 171, 223, 223, 223, 223, 43, 223, 223, 15, 223, 141, 223, 42, 143, 36, 82, 31, 5, 223, 87, 3, 76, 57, 223, 132, 223, 223, 145, 223, 223, 223, 223, 223, 56, 76, 155, 223, 127, 79, 113, 223, 223, 57, 223, 11, 54, 43, 223, 75, 123, 57, 223, 17, 223, 65, 155, 123, 223, 223, 223, 87, 154, 75, 74, 154, 223, 223, 153, 128, 223, 223, 223, 72, 159, 223, 223, 223, 17, 223, 223, 223, 223, 223, 64, 223, 223, 13, 1, 223, 175, 130, 91, 185, 222, 32, 222, 222, 222]
Memory usage at done (index 93, length 91, since_prev 1): 12864.23828125 MiB (Increase: 0.0 MiB)
Memory usage before reset: 12864.23828125 MiB (Increase: 0.0 MiB)
Memory usage after reset: 12864.23828125 MiB (Increase: 0.0 MiB)
Current lengths of episodes: [232, 232, 180, 232, 232, 232, 232, 52, 232, 232, 24, 232, 150, 232, 51, 152, 45, 91, 40, 14, 232, 96, 12, 85, 66, 232, 141, 232, 232, 154, 232, 232, 232, 232, 232, 65, 85, 164, 232, 136, 88, 122, 232, 232, 66, 232, 20, 63, 52, 232, 84, 132, 66, 232, 26, 232, 74, 163, 131, 231, 231, 231, 95, 162, 83, 82, 162, 231, 231, 161, 136, 231, 231, 231, 80, 167, 231, 231, 231, 25, 231, 231, 231, 231, 231, 72, 231, 231, 21, 9, 231, 183, 138, 8, 194, 231, 41, 231, 231, 231]
Memory usage at done (index 56, length 74, since_prev 9): 12864.23828125 MiB (Increase: 0.0 MiB)
Memory usage before reset: 12864.23828125 MiB (Increase: 0.0 MiB)
Memory usage after reset: 12864.23828125 MiB (Increase: 0.0 MiB)
Current lengths of episodes: [233, 233, 181, 233, 233, 233, 233, 53, 233, 233, 25, 233, 151, 233, 52, 153, 46, 92, 41, 15, 233, 97, 13, 86, 67, 233, 142, 233, 233, 155, 233, 233, 233, 233, 233, 66, 86, 165, 233, 137, 89, 123, 233, 233, 67, 233, 21, 64, 53, 233, 85, 133, 67, 232, 26, 232, 0, 164, 132, 232, 232, 232, 96, 163, 84, 83, 163, 232, 232, 162, 137, 232, 232, 232, 81, 168, 232, 232, 232, 26, 232, 232, 232, 232, 232, 73, 232, 232, 22, 10, 232, 184, 139, 9, 195, 232, 42, 232, 232, 232]
Memory usage at done (index 52, length 67, since_prev 1): 12864.23828125 MiB (Increase: 0.0 MiB)
Memory usage before reset: 12864.23828125 MiB (Increase: 0.0 MiB)
Memory usage after reset: 12864.23828125 MiB (Increase: 0.0 MiB)
Current lengths of episodes: [235, 235, 183, 235, 235, 235, 235, 55, 235, 235, 27, 235, 153, 235, 54, 155, 48, 94, 43, 17, 235, 99, 15, 88, 69, 235, 144, 235, 235, 157, 235, 235, 235, 235, 235, 68, 88, 167, 235, 139, 91, 125, 235, 235, 69, 235, 23, 66, 55, 235, 87, 135, 2, 235, 29, 235, 3, 167, 135, 235, 235, 235, 99, 166, 87, 85, 165, 234, 234, 164, 139, 234, 234, 234, 83, 170, 234, 234, 234, 28, 234, 234, 234, 234, 234, 75, 234, 234, 24, 12, 234, 186, 141, 11, 197, 234, 44, 234, 234, 234]
Memory usage at done (index 64, length 87, since_prev 2): 12864.23828125 MiB (Increase: 0.0 MiB)
Memory usage before reset: 12864.23828125 MiB (Increase: 0.0 MiB)
Memory usage after reset: 12864.23828125 MiB (Increase: 0.0 MiB)
Current lengths of episodes: [239, 239, 187, 239, 239, 239, 239, 59, 239, 239, 31, 239, 157, 239, 58, 159, 52, 98, 46, 20, 238, 102, 18, 91, 72, 238, 147, 238, 238, 160, 238, 238, 238, 238, 238, 71, 91, 170, 238, 142, 94, 128, 238, 238, 72, 238, 26, 69, 58, 238, 90, 138, 5, 238, 32, 238, 6, 170, 138, 238, 238, 238, 102, 169, 3, 89, 169, 238, 238, 168, 143, 238, 238, 238, 87, 174, 238, 238, 238, 32, 238, 238, 238, 238, 238, 79, 238, 238, 28, 16, 238, 190, 145, 15, 201, 238, 48, 238, 238, 238]
Memory usage at done (index 17, length 98, since_prev 4): 12864.23828125 MiB (Increase: 0.0 MiB)
Memory usage before reset: 12864.23828125 MiB (Increase: 0.0 MiB)
Memory usage after reset: 12864.23828125 MiB (Increase: 0.0 MiB)
Current lengths of episodes: [241, 241, 189, 241, 241, 241, 241, 61, 241, 241, 33, 241, 159, 241, 60, 161, 54, 2, 49, 23, 241, 105, 21, 94, 75, 241, 150, 241, 241, 163, 241, 241, 241, 241, 241, 74, 94, 173, 241, 145, 97, 131, 241, 241, 75, 241, 29, 72, 61, 241, 93, 141, 8, 241, 35, 241, 9, 173, 141, 241, 241, 241, 105, 172, 6, 92, 172, 241, 241, 171, 146, 241, 241, 241, 89, 176, 240, 240, 240, 34, 240, 240, 240, 240, 240, 81, 240, 240, 30, 18, 240, 192, 147, 17, 203, 240, 50, 240, 240, 240]
New longest episode length: 241, previous longest: 235
Memory usage at done (index 73, length 241, since_prev 2): 12864.23828125 MiB (Increase: 0.0 MiB)
Memory usage before reset: 12864.23828125 MiB (Increase: 0.0 MiB)
Memory usage after reset: 12864.23828125 MiB (Increase: 0.0 MiB)
Current lengths of episodes: [243, 243, 191, 243, 243, 243, 243, 63, 243, 243, 35, 243, 161, 243, 62, 163, 56, 3, 50, 24, 242, 106, 22, 95, 76, 242, 151, 242, 242, 164, 242, 242, 242, 242, 242, 75, 95, 174, 242, 146, 98, 132, 242, 242, 76, 242, 30, 73, 62, 242, 94, 142, 9, 242, 36, 242, 10, 174, 142, 242, 242, 242, 106, 173, 7, 93, 173, 242, 242, 172, 147, 242, 242, 1, 91, 178, 242, 242, 242, 36, 242, 242, 242, 242, 242, 83, 242, 242, 32, 20, 242, 194, 149, 19, 205, 242, 52, 242, 242, 242]
Memory usage at done (index 16, length 56, since_prev 2): 12864.23828125 MiB (Increase: 0.0 MiB)
Memory usage before reset: 12864.23828125 MiB (Increase: 0.0 MiB)
Memory usage after reset: 12864.23828125 MiB (Increase: 0.0 MiB)
Current lengths of episodes: [247, 247, 195, 247, 247, 247, 247, 67, 247, 247, 39, 247, 165, 247, 66, 167, 4, 8, 55, 28, 246, 110, 26, 99, 80, 246, 155, 246, 246, 168, 246, 246, 246, 246, 246, 79, 99, 178, 246, 150, 102, 136, 246, 246, 80, 246, 34, 77, 66, 246, 98, 146, 13, 246, 40, 246, 14, 178, 146, 246, 246, 246, 110, 177, 11, 97, 177, 246, 246, 176, 151, 246, 246, 5, 95, 182, 246, 246, 246, 40, 246, 246, 246, 246, 246, 87, 246, 246, 36, 24, 246, 198, 153, 23, 209, 246, 56, 246, 246, 246]
Memory usage at done (index 18, length 55, since_prev 4): 12864.23828125 MiB (Increase: 0.0 MiB)
Memory usage before reset: 12864.23828125 MiB (Increase: 0.0 MiB)
Memory usage after reset: 12864.23828125 MiB (Increase: 0.0 MiB)
Current lengths of episodes: [251, 251, 199, 251, 251, 251, 251, 71, 250, 250, 42, 250, 168, 250, 69, 170, 7, 11, 3, 32, 250, 114, 30, 103, 84, 250, 159, 250, 250, 172, 250, 250, 250, 250, 250, 83, 103, 182, 250, 154, 106, 140, 250, 250, 84, 250, 38, 81, 70, 250, 102, 150, 17, 250, 44, 250, 18, 182, 150, 250, 250, 250, 114, 181, 15, 101, 181, 250, 250, 180, 155, 250, 250, 9, 99, 186, 250, 250, 250, 44, 250, 250, 250, 250, 250, 91, 250, 250, 40, 28, 250, 202, 157, 27, 213, 250, 60, 250, 250, 250]
Memory usage at done (index 7, length 71, since_prev 4): 12864.23828125 MiB (Increase: 0.0 MiB)
Memory usage before reset: 12864.23828125 MiB (Increase: 0.0 MiB)
Memory usage after reset: 12864.23828125 MiB (Increase: 0.0 MiB)
Current lengths of episodes: [257, 257, 205, 257, 257, 257, 257, 6, 257, 257, 49, 257, 175, 257, 76, 176, 13, 17, 9, 38, 256, 120, 36, 109, 90, 256, 165, 256, 256, 178, 256, 256, 256, 256, 256, 89, 109, 188, 256, 160, 112, 146, 256, 256, 90, 256, 44, 87, 76, 256, 108, 156, 23, 256, 50, 256, 24, 188, 156, 256, 256, 256, 120, 187, 21, 107, 187, 256, 256, 186, 161, 256, 256, 15, 105, 192, 256, 256, 256, 50, 256, 256, 256, 256, 256, 97, 256, 256, 46, 34, 256, 208, 163, 33, 219, 256, 66, 256, 256, 256]
Memory usage at done (index 14, length 76, since_prev 6): 12864.23828125 MiB (Increase: 0.0 MiB)
Memory usage before reset: 12864.23828125 MiB (Increase: 0.0 MiB)
Memory usage after reset: 12864.23828125 MiB (Increase: 0.0 MiB)
Current lengths of episodes: [265, 265, 213, 265, 265, 265, 265, 14, 265, 265, 57, 265, 183, 265, 8, 185, 22, 26, 18, 47, 265, 129, 45, 118, 99, 265, 174, 265, 265, 187, 265, 265, 265, 265, 265, 98, 118, 197, 265, 169, 121, 155, 265, 265, 99, 265, 53, 96, 85, 265, 117, 165, 32, 265, 59, 265, 33, 197, 165, 265, 265, 265, 129, 196, 30, 116, 196, 265, 265, 195, 170, 265, 265, 24, 114, 201, 265, 265, 265, 59, 265, 265, 265, 265, 265, 106, 265, 265, 55, 43, 265, 217, 172, 42, 228, 265, 75, 264, 264, 264]
Memory usage at done (index 96, length 75, since_prev 8): 12864.23828125 MiB (Increase: 0.0 MiB)
Memory usage before reset: 12864.23828125 MiB (Increase: 0.0 MiB)
Memory usage after reset: 12864.23828125 MiB (Increase: 0.0 MiB)
Training episode 300
Memory usage at middle: 12864.23828125 MiB (Increase: 0.0 MiB)
Memory usage before collect: 12864.23828125 MiB (Increase: 0.0 MiB)
Memory usage after collect: 12864.23828125 MiB (Increase: 0.0 MiB)
Episode 300	Average evaluation: -98.16065501669286
Memory usage before initialization: 12864.23828125 MiB (Increase: 0.0 MiB)
Memory usage after initialization: 12864.23828125 MiB (Increase: 0.0 MiB)
Current lengths of episodes: [41, 41, 41, 41, 41, 41, 41, 41, 41, 41, 41, 41, 41, 41, 41, 41, 41, 41, 41, 41, 41, 41, 40, 40, 40, 40, 40, 40, 40, 40, 40, 40, 40, 40, 40, 40, 40, 40, 40, 40, 40, 40, 40, 40, 40, 40, 40, 40, 40, 40, 40, 40, 40, 40, 40, 40, 40, 40, 40, 40, 40, 40, 40, 40, 40, 40, 40, 40, 40, 40, 40, 40, 40, 40, 40, 40, 40, 40, 40, 40, 40, 40, 40, 40, 40, 40, 40, 40, 40, 40, 40, 40, 40, 40, 40, 40, 40, 40, 40, 40]
Memory usage at done (index 21, length 41, since_prev 41): 12864.23828125 MiB (Increase: 0.0 MiB)
Memory usage before reset: 12864.23828125 MiB (Increase: 0.0 MiB)
Memory usage after reset: 12864.23828125 MiB (Increase: 0.0 MiB)
Current lengths of episodes: [41, 41, 41, 41, 41, 41, 41, 41, 41, 41, 41, 41, 41, 41, 41, 41, 41, 41, 41, 41, 41, 0, 41, 41, 41, 41, 41, 41, 41, 41, 41, 41, 41, 41, 41, 41, 41, 41, 41, 41, 41, 41, 41, 41, 41, 41, 41, 41, 41, 41, 41, 41, 41, 41, 41, 41, 41, 41, 41, 41, 41, 41, 41, 41, 41, 41, 41, 41, 41, 40, 40, 40, 40, 40, 40, 40, 40, 40, 40, 40, 40, 40, 40, 40, 40, 40, 40, 40, 40, 40, 40, 40, 40, 40, 40, 40, 40, 40, 40, 40]
Memory usage at done (index 68, length 41, since_prev 0): 12864.23828125 MiB (Increase: 0.0 MiB)
Memory usage before reset: 12864.23828125 MiB (Increase: 0.0 MiB)
Memory usage after reset: 12864.23828125 MiB (Increase: 0.0 MiB)
Current lengths of episodes: [45, 45, 45, 45, 45, 45, 45, 45, 45, 45, 45, 45, 45, 45, 45, 45, 45, 45, 45, 45, 45, 4, 45, 45, 45, 45, 45, 45, 45, 45, 45, 45, 45, 45, 45, 45, 45, 45, 45, 45, 45, 45, 45, 45, 45, 45, 45, 45, 45, 45, 44, 44, 44, 44, 44, 44, 44, 44, 44, 44, 44, 44, 44, 44, 44, 44, 44, 44, 3, 44, 44, 44, 44, 44, 44, 44, 44, 44, 44, 44, 44, 44, 44, 44, 44, 44, 44, 44, 44, 44, 44, 44, 44, 44, 44, 44, 44, 44, 44, 44]
Memory usage at done (index 49, length 45, since_prev 4): 12864.23828125 MiB (Increase: 0.0 MiB)
Memory usage before reset: 12864.23828125 MiB (Increase: 0.0 MiB)
Memory usage after reset: 12864.23828125 MiB (Increase: 0.0 MiB)
Current lengths of episodes: [46, 46, 46, 46, 46, 46, 46, 46, 46, 46, 46, 46, 46, 46, 46, 46, 46, 46, 46, 46, 46, 5, 46, 46, 46, 46, 46, 46, 46, 46, 46, 46, 46, 46, 46, 46, 46, 46, 46, 46, 46, 46, 46, 46, 46, 46, 46, 46, 46, 1, 46, 46, 46, 46, 46, 46, 46, 46, 46, 46, 46, 46, 46, 46, 46, 46, 46, 46, 5, 46, 46, 46, 46, 46, 46, 46, 46, 46, 46, 46, 46, 46, 46, 46, 46, 46, 46, 46, 46, 46, 46, 46, 46, 46, 46, 46, 46, 46, 45, 45]
Memory usage at done (index 97, length 46, since_prev 1): 12864.23828125 MiB (Increase: 0.0 MiB)
Memory usage before reset: 12864.23828125 MiB (Increase: 0.0 MiB)
Memory usage after reset: 12864.23828125 MiB (Increase: 0.0 MiB)
Current lengths of episodes: [48, 48, 47, 47, 47, 47, 47, 47, 47, 47, 47, 47, 47, 47, 47, 47, 47, 47, 47, 47, 47, 6, 47, 47, 47, 47, 47, 47, 47, 47, 47, 47, 47, 47, 47, 47, 47, 47, 47, 47, 47, 47, 47, 47, 47, 47, 47, 47, 47, 2, 47, 47, 47, 47, 47, 47, 47, 47, 47, 47, 47, 47, 47, 47, 47, 47, 47, 47, 6, 47, 47, 47, 47, 47, 47, 47, 47, 47, 47, 47, 47, 47, 47, 47, 47, 47, 47, 47, 47, 47, 47, 47, 47, 47, 47, 47, 47, 1, 47, 47]
Memory usage at done (index 1, length 48, since_prev 2): 12864.23828125 MiB (Increase: 0.0 MiB)
Memory usage before reset: 12864.23828125 MiB (Increase: 0.0 MiB)
Memory usage after reset: 12864.23828125 MiB (Increase: 0.0 MiB)
Current lengths of episodes: [49, 1, 49, 49, 49, 49, 49, 49, 49, 49, 49, 49, 49, 49, 49, 49, 48, 48, 48, 48, 48, 7, 48, 48, 48, 48, 48, 48, 48, 48, 48, 48, 48, 48, 48, 48, 48, 48, 48, 48, 48, 48, 48, 48, 48, 48, 48, 48, 48, 3, 48, 48, 48, 48, 48, 48, 48, 48, 48, 48, 48, 48, 48, 48, 48, 48, 48, 48, 7, 48, 48, 48, 48, 48, 48, 48, 48, 48, 48, 48, 48, 48, 48, 48, 48, 48, 48, 48, 48, 48, 48, 48, 48, 48, 48, 48, 48, 2, 48, 48]
Memory usage at done (index 15, length 49, since_prev 1): 12864.23828125 MiB (Increase: 0.0 MiB)
Memory usage before reset: 12864.23828125 MiB (Increase: 0.0 MiB)
Memory usage after reset: 12864.23828125 MiB (Increase: 0.0 MiB)
Current lengths of episodes: [49, 1, 49, 49, 49, 49, 49, 49, 49, 49, 49, 49, 49, 49, 49, 0, 49, 48, 48, 48, 48, 7, 48, 48, 48, 48, 48, 48, 48, 48, 48, 48, 48, 48, 48, 48, 48, 48, 48, 48, 48, 48, 48, 48, 48, 48, 48, 48, 48, 3, 48, 48, 48, 48, 48, 48, 48, 48, 48, 48, 48, 48, 48, 48, 48, 48, 48, 48, 7, 48, 48, 48, 48, 48, 48, 48, 48, 48, 48, 48, 48, 48, 48, 48, 48, 48, 48, 48, 48, 48, 48, 48, 48, 48, 48, 48, 48, 2, 48, 48]
Memory usage at done (index 16, length 49, since_prev 0): 12864.23828125 MiB (Increase: 0.0 MiB)
Memory usage before reset: 12864.23828125 MiB (Increase: 0.0 MiB)
Memory usage after reset: 12864.23828125 MiB (Increase: 0.0 MiB)
Current lengths of episodes: [49, 1, 49, 49, 49, 49, 49, 49, 49, 49, 49, 49, 49, 49, 49, 0, 0, 49, 49, 49, 49, 8, 49, 49, 49, 49, 49, 49, 49, 49, 49, 49, 49, 49, 49, 49, 49, 49, 49, 49, 49, 49, 49, 49, 49, 49, 49, 49, 49, 4, 49, 49, 49, 49, 49, 49, 49, 49, 49, 49, 49, 49, 48, 48, 48, 48, 48, 48, 7, 48, 48, 48, 48, 48, 48, 48, 48, 48, 48, 48, 48, 48, 48, 48, 48, 48, 48, 48, 48, 48, 48, 48, 48, 48, 48, 48, 48, 2, 48, 48]
Memory usage at done (index 61, length 49, since_prev 0): 12864.23828125 MiB (Increase: 0.0 MiB)
Memory usage before reset: 12864.23828125 MiB (Increase: 0.0 MiB)
Memory usage after reset: 12864.23828125 MiB (Increase: 0.0 MiB)
Current lengths of episodes: [51, 3, 51, 51, 51, 51, 51, 51, 51, 51, 51, 51, 51, 51, 51, 2, 2, 51, 51, 51, 51, 10, 51, 51, 51, 51, 51, 51, 51, 51, 51, 51, 51, 51, 51, 51, 51, 51, 51, 51, 51, 50, 50, 50, 50, 50, 50, 50, 50, 5, 50, 50, 50, 50, 50, 50, 50, 50, 50, 50, 50, 1, 50, 50, 50, 50, 50, 50, 9, 50, 50, 50, 50, 50, 50, 50, 50, 50, 50, 50, 50, 50, 50, 50, 50, 50, 50, 50, 50, 50, 50, 50, 50, 50, 50, 50, 50, 4, 50, 50]
Memory usage at done (index 40, length 51, since_prev 2): 12864.23828125 MiB (Increase: 0.0 MiB)
Memory usage before reset: 12864.23828125 MiB (Increase: 0.0 MiB)
Memory usage after reset: 12864.23828125 MiB (Increase: 0.0 MiB)
Current lengths of episodes: [52, 4, 52, 52, 52, 52, 52, 52, 52, 52, 52, 52, 52, 52, 52, 3, 3, 52, 52, 52, 52, 11, 52, 52, 52, 52, 52, 52, 52, 52, 52, 52, 52, 52, 52, 52, 52, 52, 52, 52, 1, 52, 52, 52, 52, 52, 52, 52, 52, 7, 52, 52, 52, 52, 52, 52, 52, 52, 52, 52, 52, 3, 52, 52, 52, 52, 52, 52, 11, 52, 52, 52, 52, 52, 52, 52, 52, 52, 52, 52, 52, 52, 52, 52, 52, 52, 51, 51, 51, 51, 51, 51, 51, 51, 51, 51, 51, 5, 51, 51]
Memory usage at done (index 85, length 52, since_prev 1): 12864.23828125 MiB (Increase: 0.0 MiB)
Memory usage before reset: 12864.23828125 MiB (Increase: 0.0 MiB)
Memory usage after reset: 12864.23828125 MiB (Increase: 0.0 MiB)
Current lengths of episodes: [53, 5, 53, 53, 53, 53, 53, 53, 53, 53, 53, 53, 53, 53, 53, 4, 4, 53, 53, 53, 53, 12, 53, 53, 53, 53, 53, 53, 53, 53, 53, 53, 53, 53, 53, 53, 53, 53, 53, 53, 2, 53, 53, 53, 53, 53, 53, 53, 53, 8, 53, 53, 53, 53, 53, 53, 53, 53, 53, 52, 52, 3, 52, 52, 52, 52, 52, 52, 11, 52, 52, 52, 52, 52, 52, 52, 52, 52, 52, 52, 52, 52, 52, 52, 52, 0, 52, 52, 52, 52, 52, 52, 52, 52, 52, 52, 52, 6, 52, 52]
Memory usage at done (index 58, length 53, since_prev 1): 12864.23828125 MiB (Increase: 0.0 MiB)
Memory usage before reset: 12864.23828125 MiB (Increase: 0.0 MiB)
Memory usage after reset: 12864.23828125 MiB (Increase: 0.0 MiB)
Current lengths of episodes: [54, 6, 54, 54, 54, 54, 54, 54, 53, 53, 53, 53, 53, 53, 53, 4, 4, 53, 53, 53, 53, 12, 53, 53, 53, 53, 53, 53, 53, 53, 53, 53, 53, 53, 53, 53, 53, 53, 53, 53, 2, 53, 53, 53, 53, 53, 53, 53, 53, 8, 53, 53, 53, 53, 53, 53, 53, 53, 0, 53, 53, 4, 53, 53, 53, 53, 53, 53, 12, 53, 53, 53, 53, 53, 53, 53, 53, 53, 53, 53, 53, 53, 53, 53, 53, 1, 53, 53, 53, 53, 53, 53, 53, 53, 53, 53, 53, 7, 53, 53]
Memory usage at done (index 7, length 54, since_prev 1): 12864.23828125 MiB (Increase: 0.0 MiB)
Memory usage before reset: 12864.23828125 MiB (Increase: 0.0 MiB)
Memory usage after reset: 12864.23828125 MiB (Increase: 0.0 MiB)
Current lengths of episodes: [54, 6, 54, 54, 54, 54, 54, 0, 54, 54, 54, 54, 54, 54, 54, 5, 5, 54, 54, 54, 54, 13, 54, 54, 54, 54, 54, 54, 54, 54, 54, 54, 54, 54, 54, 54, 54, 53, 53, 53, 2, 53, 53, 53, 53, 53, 53, 53, 53, 8, 53, 53, 53, 53, 53, 53, 53, 53, 0, 53, 53, 4, 53, 53, 53, 53, 53, 53, 12, 53, 53, 53, 53, 53, 53, 53, 53, 53, 53, 53, 53, 53, 53, 53, 53, 1, 53, 53, 53, 53, 53, 53, 53, 53, 53, 53, 53, 7, 53, 53]
Memory usage at done (index 36, length 54, since_prev 0): 12864.23828125 MiB (Increase: 0.0 MiB)
Memory usage before reset: 12864.23828125 MiB (Increase: 0.0 MiB)
Memory usage after reset: 12864.23828125 MiB (Increase: 0.0 MiB)
Current lengths of episodes: [56, 8, 56, 56, 56, 56, 56, 2, 56, 56, 56, 56, 56, 56, 56, 7, 7, 56, 56, 56, 56, 15, 56, 56, 56, 56, 56, 56, 56, 56, 56, 56, 56, 56, 56, 56, 2, 56, 56, 56, 5, 56, 56, 56, 56, 56, 56, 56, 56, 11, 56, 56, 56, 56, 56, 56, 56, 56, 3, 56, 56, 7, 56, 56, 56, 56, 56, 56, 15, 56, 56, 56, 56, 56, 56, 56, 56, 55, 55, 55, 55, 55, 55, 55, 55, 3, 55, 55, 55, 55, 55, 55, 55, 55, 55, 55, 55, 9, 55, 55]
Memory usage at done (index 76, length 56, since_prev 2): 12864.23828125 MiB (Increase: 0.0 MiB)
Memory usage before reset: 12864.23828125 MiB (Increase: 0.0 MiB)
Memory usage after reset: 12864.23828125 MiB (Increase: 0.0 MiB)
Current lengths of episodes: [56, 8, 56, 56, 56, 56, 56, 2, 56, 56, 56, 56, 56, 56, 56, 7, 7, 56, 56, 56, 56, 15, 56, 56, 56, 56, 56, 56, 56, 56, 56, 56, 56, 56, 56, 56, 2, 56, 56, 56, 5, 56, 56, 56, 56, 56, 56, 56, 56, 11, 56, 56, 56, 56, 56, 56, 56, 56, 3, 56, 56, 7, 56, 56, 56, 56, 56, 56, 15, 56, 56, 56, 56, 56, 56, 56, 0, 56, 56, 56, 56, 56, 56, 56, 56, 4, 56, 56, 56, 56, 55, 55, 55, 55, 55, 55, 55, 9, 55, 55]
Memory usage at done (index 89, length 56, since_prev 0): 12864.23828125 MiB (Increase: 0.0 MiB)
Memory usage before reset: 12864.23828125 MiB (Increase: 0.0 MiB)
Memory usage after reset: 12864.23828125 MiB (Increase: 0.0 MiB)
Current lengths of episodes: [57, 9, 57, 57, 57, 56, 56, 2, 56, 56, 56, 56, 56, 56, 56, 7, 7, 56, 56, 56, 56, 15, 56, 56, 56, 56, 56, 56, 56, 56, 56, 56, 56, 56, 56, 56, 2, 56, 56, 56, 5, 56, 56, 56, 56, 56, 56, 56, 56, 11, 56, 56, 56, 56, 56, 56, 56, 56, 3, 56, 56, 7, 56, 56, 56, 56, 56, 56, 15, 56, 56, 56, 56, 56, 56, 56, 0, 56, 56, 56, 56, 56, 56, 56, 56, 4, 56, 56, 56, 0, 56, 56, 56, 56, 56, 56, 56, 10, 56, 56]
Memory usage at done (index 4, length 57, since_prev 1): 12864.23828125 MiB (Increase: 0.0 MiB)
Memory usage before reset: 12864.23828125 MiB (Increase: 0.0 MiB)
Memory usage after reset: 12864.23828125 MiB (Increase: 0.0 MiB)
Current lengths of episodes: [57, 9, 57, 57, 0, 57, 57, 3, 57, 57, 57, 57, 57, 57, 57, 8, 8, 57, 57, 57, 57, 16, 57, 57, 57, 57, 57, 57, 57, 57, 57, 57, 57, 57, 57, 57, 3, 57, 57, 57, 6, 57, 57, 57, 57, 57, 57, 57, 57, 12, 57, 57, 57, 57, 57, 57, 57, 57, 4, 57, 57, 8, 57, 57, 57, 57, 57, 57, 16, 57, 57, 57, 57, 57, 57, 57, 1, 57, 57, 57, 57, 57, 57, 57, 57, 5, 57, 57, 56, 0, 56, 56, 56, 56, 56, 56, 56, 10, 56, 56]
Memory usage at done (index 87, length 57, since_prev 0): 12864.23828125 MiB (Increase: 0.0 MiB)
Memory usage before reset: 12864.23828125 MiB (Increase: 0.0 MiB)
Memory usage after reset: 12864.23828125 MiB (Increase: 0.0 MiB)
Current lengths of episodes: [57, 9, 57, 57, 0, 57, 57, 3, 57, 57, 57, 57, 57, 57, 57, 8, 8, 57, 57, 57, 57, 16, 57, 57, 57, 57, 57, 57, 57, 57, 57, 57, 57, 57, 57, 57, 3, 57, 57, 57, 6, 57, 57, 57, 57, 57, 57, 57, 57, 12, 57, 57, 57, 57, 57, 57, 57, 57, 4, 57, 57, 8, 57, 57, 57, 57, 57, 57, 16, 57, 57, 57, 57, 57, 57, 57, 1, 57, 57, 57, 57, 57, 57, 57, 57, 5, 57, 0, 57, 1, 57, 57, 57, 56, 56, 56, 56, 10, 56, 56]
Memory usage at done (index 92, length 57, since_prev 0): 12864.23828125 MiB (Increase: 0.0 MiB)
Memory usage before reset: 12864.23828125 MiB (Increase: 0.0 MiB)
Memory usage after reset: 12864.23828125 MiB (Increase: 0.0 MiB)
Current lengths of episodes: [62, 14, 62, 62, 5, 62, 62, 8, 62, 62, 62, 62, 62, 62, 62, 13, 13, 62, 62, 62, 62, 21, 62, 62, 62, 62, 62, 62, 62, 62, 62, 62, 61, 61, 61, 61, 7, 61, 61, 61, 10, 61, 61, 61, 61, 61, 61, 61, 61, 16, 61, 61, 61, 61, 61, 61, 61, 61, 8, 61, 61, 12, 61, 61, 61, 61, 61, 61, 20, 61, 61, 61, 61, 61, 61, 61, 5, 61, 61, 61, 61, 61, 61, 61, 61, 9, 61, 4, 61, 5, 61, 61, 4, 61, 61, 61, 61, 15, 61, 61]
Memory usage at done (index 31, length 62, since_prev 5): 12864.23828125 MiB (Increase: 0.0 MiB)
Memory usage before reset: 12864.23828125 MiB (Increase: 0.0 MiB)
Memory usage after reset: 12864.23828125 MiB (Increase: 0.0 MiB)
Current lengths of episodes: [63, 15, 63, 62, 5, 62, 62, 8, 62, 62, 62, 62, 62, 62, 62, 13, 13, 62, 62, 62, 62, 21, 62, 62, 62, 62, 62, 62, 62, 62, 62, 0, 62, 62, 62, 62, 8, 62, 62, 62, 11, 62, 62, 62, 62, 62, 62, 62, 62, 17, 62, 62, 62, 62, 62, 62, 62, 62, 9, 62, 62, 13, 62, 62, 62, 62, 62, 62, 21, 62, 62, 62, 62, 62, 62, 62, 6, 62, 62, 62, 62, 62, 62, 62, 62, 10, 62, 5, 62, 6, 62, 62, 5, 62, 62, 62, 62, 16, 62, 62]
Memory usage at done (index 2, length 63, since_prev 1): 12864.23828125 MiB (Increase: 0.0 MiB)
Memory usage before reset: 12864.23828125 MiB (Increase: 0.0 MiB)
Memory usage after reset: 12864.23828125 MiB (Increase: 0.0 MiB)
Current lengths of episodes: [64, 16, 1, 64, 7, 64, 64, 10, 64, 64, 64, 64, 64, 64, 64, 15, 15, 64, 64, 64, 64, 23, 64, 64, 64, 64, 63, 63, 63, 63, 63, 1, 63, 63, 63, 63, 9, 63, 63, 63, 12, 63, 63, 63, 63, 63, 63, 63, 63, 18, 63, 63, 63, 63, 63, 63, 63, 63, 10, 63, 63, 14, 63, 63, 63, 63, 63, 63, 22, 63, 63, 63, 63, 63, 63, 63, 7, 63, 63, 63, 63, 63, 63, 63, 63, 11, 63, 6, 63, 7, 63, 63, 6, 63, 63, 63, 63, 17, 63, 63]
Memory usage at done (index 25, length 64, since_prev 1): 12864.23828125 MiB (Increase: 0.0 MiB)
Memory usage before reset: 12864.23828125 MiB (Increase: 0.0 MiB)
Memory usage after reset: 12864.23828125 MiB (Increase: 0.0 MiB)
Current lengths of episodes: [67, 19, 4, 67, 10, 67, 67, 13, 67, 67, 67, 67, 67, 67, 67, 18, 18, 67, 67, 67, 67, 26, 67, 67, 67, 3, 67, 67, 67, 67, 67, 5, 67, 67, 67, 67, 13, 67, 67, 67, 16, 67, 67, 67, 67, 67, 67, 67, 67, 22, 67, 67, 67, 67, 67, 67, 67, 67, 14, 67, 67, 17, 66, 66, 66, 66, 66, 66, 25, 66, 66, 66, 66, 66, 66, 66, 10, 66, 66, 66, 66, 66, 66, 66, 66, 14, 66, 9, 66, 10, 66, 66, 9, 66, 66, 66, 66, 20, 66, 66]
Memory usage at done (index 60, length 67, since_prev 3): 12864.23828125 MiB (Increase: 0.0 MiB)
Memory usage before reset: 12864.23828125 MiB (Increase: 0.0 MiB)
Memory usage after reset: 12864.23828125 MiB (Increase: 0.0 MiB)
Current lengths of episodes: [69, 21, 6, 69, 12, 69, 69, 15, 69, 69, 69, 69, 69, 69, 69, 20, 20, 69, 69, 69, 69, 28, 69, 69, 69, 5, 69, 69, 69, 69, 69, 7, 69, 69, 69, 69, 15, 69, 69, 69, 18, 69, 69, 69, 69, 69, 69, 69, 69, 24, 69, 69, 69, 69, 69, 69, 69, 69, 16, 69, 2, 20, 69, 69, 69, 69, 69, 69, 28, 69, 68, 68, 68, 68, 68, 68, 12, 68, 68, 68, 68, 68, 68, 68, 68, 16, 68, 11, 68, 12, 68, 68, 11, 68, 68, 68, 68, 22, 68, 68]
Memory usage at done (index 69, length 69, since_prev 2): 12864.23828125 MiB (Increase: 0.0 MiB)
Memory usage before reset: 12864.23828125 MiB (Increase: 0.0 MiB)
Memory usage after reset: 12864.23828125 MiB (Increase: 0.0 MiB)
Current lengths of episodes: [71, 23, 8, 71, 14, 71, 71, 17, 71, 71, 71, 71, 71, 71, 71, 22, 22, 71, 71, 71, 71, 30, 71, 71, 71, 7, 71, 71, 71, 71, 71, 9, 71, 71, 71, 71, 17, 71, 71, 71, 20, 71, 71, 71, 71, 71, 71, 71, 71, 26, 71, 71, 71, 70, 70, 70, 70, 70, 17, 70, 3, 21, 70, 70, 70, 70, 70, 70, 29, 1, 70, 70, 70, 70, 70, 70, 14, 70, 70, 70, 70, 70, 70, 70, 70, 18, 70, 13, 70, 14, 70, 70, 13, 70, 70, 70, 70, 24, 70, 70]
Memory usage at done (index 52, length 71, since_prev 2): 12864.23828125 MiB (Increase: 0.0 MiB)
Memory usage before reset: 12864.23828125 MiB (Increase: 0.0 MiB)
Memory usage after reset: 12864.23828125 MiB (Increase: 0.0 MiB)
Current lengths of episodes: [77, 29, 14, 77, 20, 77, 77, 23, 77, 77, 77, 77, 77, 77, 77, 28, 28, 77, 77, 77, 76, 35, 76, 76, 76, 12, 76, 76, 76, 76, 76, 14, 76, 76, 76, 76, 22, 76, 76, 76, 25, 76, 76, 76, 76, 76, 76, 76, 76, 31, 76, 76, 5, 76, 76, 76, 76, 76, 23, 76, 9, 27, 76, 76, 76, 76, 76, 76, 35, 7, 76, 76, 76, 76, 76, 76, 20, 76, 76, 76, 76, 76, 76, 76, 76, 24, 76, 19, 76, 20, 76, 76, 19, 76, 76, 76, 76, 30, 76, 76]
Memory usage at done (index 19, length 77, since_prev 6): 12864.23828125 MiB (Increase: 0.0 MiB)
Memory usage before reset: 12864.23828125 MiB (Increase: 0.0 MiB)
Memory usage after reset: 12864.23828125 MiB (Increase: 0.0 MiB)
Current lengths of episodes: [77, 29, 14, 77, 20, 77, 77, 23, 77, 77, 77, 77, 77, 77, 77, 28, 28, 77, 77, 0, 77, 36, 77, 76, 76, 12, 76, 76, 76, 76, 76, 14, 76, 76, 76, 76, 22, 76, 76, 76, 25, 76, 76, 76, 76, 76, 76, 76, 76, 31, 76, 76, 5, 76, 76, 76, 76, 76, 23, 76, 9, 27, 76, 76, 76, 76, 76, 76, 35, 7, 76, 76, 76, 76, 76, 76, 20, 76, 76, 76, 76, 76, 76, 76, 76, 24, 76, 19, 76, 20, 76, 76, 19, 76, 76, 76, 76, 30, 76, 76]
Memory usage at done (index 22, length 77, since_prev 0): 12864.23828125 MiB (Increase: 0.0 MiB)
Memory usage before reset: 12864.23828125 MiB (Increase: 0.0 MiB)
Memory usage after reset: 12864.23828125 MiB (Increase: 0.0 MiB)
Current lengths of episodes: [77, 29, 14, 77, 20, 77, 77, 23, 77, 77, 77, 77, 77, 77, 77, 28, 28, 77, 77, 0, 77, 36, 0, 77, 77, 13, 77, 77, 77, 77, 77, 15, 77, 77, 77, 77, 23, 77, 77, 77, 26, 77, 77, 77, 76, 76, 76, 76, 76, 31, 76, 76, 5, 76, 76, 76, 76, 76, 23, 76, 9, 27, 76, 76, 76, 76, 76, 76, 35, 7, 76, 76, 76, 76, 76, 76, 20, 76, 76, 76, 76, 76, 76, 76, 76, 24, 76, 19, 76, 20, 76, 76, 19, 76, 76, 76, 76, 30, 76, 76]
Memory usage at done (index 43, length 77, since_prev 0): 12864.23828125 MiB (Increase: 0.0 MiB)
Memory usage before reset: 12864.23828125 MiB (Increase: 0.0 MiB)
Memory usage after reset: 12864.23828125 MiB (Increase: 0.0 MiB)
Current lengths of episodes: [80, 32, 17, 80, 23, 80, 80, 26, 80, 80, 80, 80, 80, 80, 80, 31, 31, 80, 80, 3, 80, 39, 3, 80, 80, 16, 80, 80, 80, 80, 80, 18, 80, 80, 80, 80, 26, 80, 80, 80, 29, 80, 80, 3, 80, 80, 80, 80, 80, 35, 80, 80, 9, 80, 80, 80, 80, 80, 27, 80, 13, 31, 80, 79, 79, 79, 79, 79, 38, 10, 79, 79, 79, 79, 79, 79, 23, 79, 79, 79, 79, 79, 79, 79, 79, 27, 79, 22, 79, 23, 79, 79, 22, 79, 79, 79, 79, 33, 79, 79]
Memory usage at done (index 62, length 80, since_prev 3): 12864.23828125 MiB (Increase: 0.0 MiB)
Memory usage before reset: 12864.23828125 MiB (Increase: 0.0 MiB)
Memory usage after reset: 12864.23828125 MiB (Increase: 0.0 MiB)
Current lengths of episodes: [80, 32, 17, 80, 23, 80, 80, 26, 80, 80, 80, 80, 80, 80, 80, 31, 31, 80, 80, 3, 80, 39, 3, 80, 80, 16, 80, 80, 80, 80, 80, 18, 80, 80, 80, 80, 26, 80, 80, 80, 29, 80, 80, 3, 80, 80, 80, 80, 80, 35, 80, 80, 9, 80, 80, 80, 80, 80, 27, 80, 13, 31, 0, 80, 80, 80, 80, 80, 39, 11, 80, 80, 80, 80, 80, 80, 24, 80, 80, 79, 79, 79, 79, 79, 79, 27, 79, 22, 79, 23, 79, 79, 22, 79, 79, 79, 79, 33, 79, 79]
Memory usage at done (index 78, length 80, since_prev 0): 12864.23828125 MiB (Increase: 0.0 MiB)
Memory usage before reset: 12864.23828125 MiB (Increase: 0.0 MiB)
Memory usage after reset: 12864.23828125 MiB (Increase: 0.0 MiB)
Current lengths of episodes: [81, 33, 18, 81, 24, 81, 81, 27, 81, 81, 81, 81, 81, 81, 81, 32, 32, 81, 81, 4, 81, 40, 4, 81, 81, 17, 81, 80, 80, 80, 80, 18, 80, 80, 80, 80, 26, 80, 80, 80, 29, 80, 80, 3, 80, 80, 80, 80, 80, 35, 80, 80, 9, 80, 80, 80, 80, 80, 27, 80, 13, 31, 0, 80, 80, 80, 80, 80, 39, 11, 80, 80, 80, 80, 80, 80, 24, 80, 0, 80, 80, 80, 80, 80, 80, 28, 80, 23, 80, 24, 80, 80, 23, 80, 80, 80, 80, 34, 80, 80]
Memory usage at done (index 26, length 81, since_prev 1): 12864.23828125 MiB (Increase: 0.0 MiB)
Memory usage before reset: 12864.23828125 MiB (Increase: 0.0 MiB)
Memory usage after reset: 12864.23828125 MiB (Increase: 0.0 MiB)
Current lengths of episodes: [82, 34, 19, 82, 25, 82, 82, 28, 82, 82, 82, 82, 82, 82, 82, 33, 33, 82, 82, 5, 82, 41, 5, 82, 82, 18, 1, 82, 82, 82, 82, 20, 82, 82, 82, 82, 28, 82, 82, 81, 30, 81, 81, 4, 81, 81, 81, 81, 81, 36, 81, 81, 10, 81, 81, 81, 81, 81, 28, 81, 14, 32, 1, 81, 81, 81, 81, 81, 40, 12, 81, 81, 81, 81, 81, 81, 25, 81, 1, 81, 81, 81, 81, 81, 81, 29, 81, 24, 81, 25, 81, 81, 24, 81, 81, 81, 81, 35, 81, 81]
Memory usage at done (index 38, length 82, since_prev 1): 12864.23828125 MiB (Increase: 0.0 MiB)
Memory usage before reset: 12864.23828125 MiB (Increase: 0.0 MiB)
Memory usage after reset: 12864.23828125 MiB (Increase: 0.0 MiB)
Current lengths of episodes: [85, 37, 22, 85, 28, 85, 85, 31, 85, 85, 85, 85, 85, 85, 85, 36, 36, 85, 85, 8, 85, 44, 8, 85, 85, 21, 4, 85, 85, 85, 85, 23, 85, 84, 84, 84, 30, 84, 2, 84, 33, 84, 84, 7, 84, 84, 84, 84, 84, 39, 84, 84, 13, 84, 84, 84, 84, 84, 31, 84, 17, 35, 4, 84, 84, 84, 84, 84, 43, 15, 84, 84, 84, 84, 84, 84, 28, 84, 4, 84, 84, 84, 84, 84, 84, 32, 84, 27, 84, 28, 84, 84, 27, 84, 84, 84, 84, 38, 84, 84]
Memory usage at done (index 32, length 85, since_prev 3): 12864.23828125 MiB (Increase: 0.0 MiB)
Memory usage before reset: 12864.23828125 MiB (Increase: 0.0 MiB)
Memory usage after reset: 12864.23828125 MiB (Increase: 0.0 MiB)
Current lengths of episodes: [87, 39, 24, 87, 30, 87, 87, 33, 87, 87, 87, 87, 87, 87, 87, 38, 38, 87, 87, 10, 87, 46, 10, 87, 87, 23, 6, 87, 87, 87, 87, 25, 2, 87, 87, 87, 33, 87, 5, 87, 36, 87, 87, 10, 87, 87, 87, 87, 87, 42, 87, 87, 16, 87, 87, 87, 87, 87, 34, 87, 20, 38, 7, 87, 87, 87, 87, 87, 46, 18, 87, 87, 87, 87, 87, 87, 31, 87, 7, 87, 87, 87, 87, 86, 86, 34, 86, 29, 86, 30, 86, 86, 29, 86, 86, 86, 86, 40, 86, 86]
Memory usage at done (index 82, length 87, since_prev 2): 12864.23828125 MiB (Increase: 0.0 MiB)
Memory usage before reset: 12864.23828125 MiB (Increase: 0.0 MiB)
Memory usage after reset: 12864.23828125 MiB (Increase: 0.0 MiB)
Current lengths of episodes: [88, 40, 25, 88, 31, 88, 88, 34, 88, 88, 88, 88, 88, 88, 88, 39, 39, 88, 88, 11, 88, 47, 11, 88, 88, 24, 7, 88, 88, 88, 88, 26, 3, 88, 88, 88, 34, 88, 6, 88, 37, 88, 88, 11, 88, 87, 87, 87, 87, 42, 87, 87, 16, 87, 87, 87, 87, 87, 34, 87, 20, 38, 7, 87, 87, 87, 87, 87, 46, 18, 87, 87, 87, 87, 87, 87, 31, 87, 7, 87, 87, 87, 0, 87, 87, 35, 87, 30, 87, 31, 87, 87, 30, 87, 87, 87, 87, 41, 87, 87]
Memory usage at done (index 44, length 88, since_prev 1): 12864.23828125 MiB (Increase: 0.0 MiB)
Memory usage before reset: 12864.23828125 MiB (Increase: 0.0 MiB)
Memory usage after reset: 12864.23828125 MiB (Increase: 0.0 MiB)
Current lengths of episodes: [88, 40, 25, 88, 31, 88, 88, 34, 88, 88, 88, 88, 88, 88, 88, 39, 39, 88, 88, 11, 88, 47, 11, 88, 88, 24, 7, 88, 88, 88, 88, 26, 3, 88, 88, 88, 34, 88, 6, 88, 37, 88, 88, 11, 0, 88, 88, 88, 88, 43, 88, 88, 17, 88, 88, 88, 88, 88, 35, 88, 21, 39, 8, 88, 88, 88, 88, 88, 47, 19, 88, 88, 88, 88, 88, 88, 31, 87, 7, 87, 87, 87, 0, 87, 87, 35, 87, 30, 87, 31, 87, 87, 30, 87, 87, 87, 87, 41, 87, 87]
Memory usage at done (index 75, length 88, since_prev 0): 12864.23828125 MiB (Increase: 0.0 MiB)
Memory usage before reset: 12864.23828125 MiB (Increase: 0.0 MiB)
Memory usage after reset: 12864.23828125 MiB (Increase: 0.0 MiB)
Current lengths of episodes: [90, 42, 27, 90, 33, 90, 90, 36, 90, 90, 90, 90, 90, 90, 90, 41, 41, 90, 90, 13, 90, 49, 13, 90, 90, 26, 9, 90, 90, 90, 90, 28, 5, 90, 90, 90, 36, 90, 8, 90, 39, 90, 90, 13, 2, 90, 90, 90, 90, 45, 90, 90, 19, 90, 90, 90, 90, 90, 37, 90, 23, 41, 10, 90, 90, 90, 90, 90, 49, 21, 90, 90, 90, 90, 90, 2, 34, 90, 10, 90, 90, 90, 3, 90, 90, 38, 90, 33, 90, 34, 90, 90, 33, 90, 90, 90, 90, 44, 90, 90]
Memory usage at done (index 99, length 90, since_prev 2): 12864.23828125 MiB (Increase: 0.0 MiB)
Memory usage before reset: 12864.23828125 MiB (Increase: 0.0 MiB)
Memory usage after reset: 12864.23828125 MiB (Increase: 0.0 MiB)
Current lengths of episodes: [94, 46, 31, 94, 37, 94, 94, 40, 94, 94, 94, 94, 94, 94, 94, 45, 45, 94, 94, 17, 94, 53, 17, 94, 94, 30, 13, 94, 94, 94, 94, 32, 9, 94, 94, 94, 40, 94, 12, 94, 43, 94, 94, 17, 6, 94, 94, 94, 94, 49, 94, 94, 23, 94, 94, 94, 94, 94, 40, 93, 26, 44, 13, 93, 93, 93, 93, 93, 52, 24, 93, 93, 93, 93, 93, 5, 37, 93, 13, 93, 93, 93, 6, 93, 93, 41, 93, 36, 93, 37, 93, 93, 36, 93, 93, 93, 93, 47, 93, 3]
Memory usage at done (index 57, length 94, since_prev 4): 12864.23828125 MiB (Increase: 0.0 MiB)
Memory usage before reset: 12864.23828125 MiB (Increase: 0.0 MiB)
Memory usage after reset: 12864.23828125 MiB (Increase: 0.0 MiB)
Current lengths of episodes: [97, 49, 34, 97, 40, 97, 97, 43, 97, 97, 97, 97, 97, 97, 97, 48, 48, 97, 97, 20, 97, 56, 19, 96, 96, 32, 15, 96, 96, 96, 96, 34, 11, 96, 96, 96, 42, 96, 14, 96, 45, 96, 96, 19, 8, 96, 96, 96, 96, 51, 96, 96, 25, 96, 96, 96, 96, 2, 43, 96, 29, 47, 16, 96, 96, 96, 96, 96, 55, 27, 96, 96, 96, 96, 96, 8, 40, 96, 16, 96, 96, 96, 9, 96, 96, 44, 96, 39, 96, 40, 96, 96, 39, 96, 96, 96, 96, 50, 96, 6]
Memory usage at done (index 21, length 56, since_prev 3): 12864.23828125 MiB (Increase: 0.0 MiB)
Memory usage before reset: 12864.23828125 MiB (Increase: 0.0 MiB)
Memory usage after reset: 12864.23828125 MiB (Increase: 0.0 MiB)
Current lengths of episodes: [103, 55, 40, 103, 46, 103, 103, 49, 103, 103, 103, 103, 103, 103, 103, 54, 54, 103, 103, 26, 103, 5, 25, 102, 102, 38, 21, 102, 102, 102, 102, 40, 17, 102, 102, 102, 48, 102, 20, 102, 51, 102, 102, 25, 14, 102, 102, 102, 102, 57, 102, 102, 31, 102, 102, 102, 102, 8, 49, 102, 35, 53, 22, 102, 102, 102, 102, 102, 61, 33, 102, 102, 102, 102, 102, 14, 46, 102, 22, 102, 102, 102, 15, 102, 102, 50, 102, 45, 102, 46, 102, 102, 45, 102, 102, 102, 102, 56, 102, 12]
Memory usage at done (index 20, length 103, since_prev 6): 12864.23828125 MiB (Increase: 0.0 MiB)
Memory usage before reset: 12864.23828125 MiB (Increase: 0.0 MiB)
Memory usage after reset: 12864.23828125 MiB (Increase: 0.0 MiB)
Current lengths of episodes: [107, 59, 44, 107, 50, 107, 107, 53, 107, 107, 107, 107, 107, 107, 107, 58, 58, 107, 107, 30, 4, 10, 30, 107, 107, 43, 26, 107, 107, 107, 107, 44, 21, 106, 106, 106, 52, 106, 24, 106, 55, 106, 106, 29, 18, 106, 106, 106, 106, 61, 106, 106, 35, 106, 106, 106, 106, 12, 53, 106, 39, 57, 26, 106, 106, 106, 106, 106, 65, 37, 106, 106, 106, 106, 106, 18, 50, 106, 26, 106, 106, 106, 19, 106, 106, 54, 106, 49, 106, 50, 106, 106, 49, 106, 106, 106, 106, 60, 106, 16]
Memory usage at done (index 30, length 107, since_prev 4): 12864.23828125 MiB (Increase: 0.0 MiB)
Memory usage before reset: 12864.23828125 MiB (Increase: 0.0 MiB)
Memory usage after reset: 12864.23828125 MiB (Increase: 0.0 MiB)
Current lengths of episodes: [110, 62, 47, 110, 53, 110, 110, 56, 110, 110, 110, 110, 110, 110, 110, 61, 60, 109, 109, 32, 6, 12, 32, 109, 109, 45, 28, 109, 109, 109, 2, 47, 24, 109, 109, 109, 55, 109, 27, 109, 58, 109, 109, 32, 21, 109, 109, 109, 109, 64, 109, 109, 38, 109, 109, 109, 109, 15, 56, 109, 42, 60, 29, 109, 109, 109, 109, 109, 68, 40, 109, 109, 109, 109, 109, 21, 53, 109, 29, 109, 109, 109, 22, 109, 109, 57, 109, 52, 109, 53, 109, 109, 52, 109, 109, 109, 109, 63, 109, 19]
Memory usage at done (index 15, length 61, since_prev 3): 12864.23828125 MiB (Increase: 0.0 MiB)
Memory usage before reset: 12864.23828125 MiB (Increase: 0.0 MiB)
Memory usage after reset: 12864.23828125 MiB (Increase: 0.0 MiB)
Current lengths of episodes: [116, 68, 53, 116, 59, 116, 116, 62, 115, 115, 115, 115, 115, 115, 115, 5, 66, 115, 115, 38, 12, 18, 38, 115, 115, 51, 34, 115, 115, 115, 8, 53, 30, 115, 115, 115, 61, 115, 33, 115, 64, 115, 115, 38, 27, 115, 115, 115, 115, 70, 115, 115, 44, 115, 115, 115, 115, 21, 62, 115, 48, 66, 35, 115, 115, 115, 115, 115, 74, 46, 115, 115, 115, 115, 115, 27, 59, 115, 35, 115, 115, 115, 28, 115, 115, 63, 115, 58, 115, 59, 115, 115, 58, 115, 115, 115, 115, 69, 115, 25]
Memory usage at done (index 7, length 62, since_prev 6): 12864.23828125 MiB (Increase: 0.0 MiB)
Memory usage before reset: 12864.23828125 MiB (Increase: 0.0 MiB)
Memory usage after reset: 12864.23828125 MiB (Increase: 0.0 MiB)
Current lengths of episodes: [116, 68, 53, 116, 59, 116, 116, 0, 116, 116, 116, 116, 116, 116, 116, 6, 67, 116, 116, 39, 13, 19, 39, 116, 116, 52, 35, 116, 116, 116, 9, 54, 31, 116, 116, 116, 62, 116, 33, 115, 64, 115, 115, 38, 27, 115, 115, 115, 115, 70, 115, 115, 44, 115, 115, 115, 115, 21, 62, 115, 48, 66, 35, 115, 115, 115, 115, 115, 74, 46, 115, 115, 115, 115, 115, 27, 59, 115, 35, 115, 115, 115, 28, 115, 115, 63, 115, 58, 115, 59, 115, 115, 58, 115, 115, 115, 115, 69, 115, 25]
Memory usage at done (index 37, length 116, since_prev 0): 12864.23828125 MiB (Increase: 0.0 MiB)
Memory usage before reset: 12864.23828125 MiB (Increase: 0.0 MiB)
Memory usage after reset: 12864.23828125 MiB (Increase: 0.0 MiB)
Current lengths of episodes: [120, 72, 57, 120, 63, 120, 120, 4, 120, 120, 120, 120, 120, 120, 120, 10, 71, 120, 120, 43, 17, 23, 43, 120, 120, 56, 39, 120, 120, 120, 13, 58, 35, 120, 119, 119, 65, 3, 37, 119, 68, 119, 119, 42, 31, 119, 119, 119, 119, 74, 119, 119, 48, 119, 119, 119, 119, 25, 66, 119, 52, 70, 39, 119, 119, 119, 119, 119, 78, 50, 119, 119, 119, 119, 119, 31, 63, 119, 39, 119, 119, 119, 32, 119, 119, 67, 119, 62, 119, 63, 119, 119, 62, 119, 119, 119, 119, 73, 119, 29]
Memory usage at done (index 33, length 120, since_prev 4): 12864.23828125 MiB (Increase: 0.0 MiB)
Memory usage before reset: 12864.23828125 MiB (Increase: 0.0 MiB)
Memory usage after reset: 12864.23828125 MiB (Increase: 0.0 MiB)
Current lengths of episodes: [125, 77, 62, 125, 68, 125, 125, 9, 125, 125, 125, 125, 125, 125, 125, 15, 76, 125, 125, 48, 22, 28, 48, 125, 125, 61, 44, 125, 125, 125, 18, 63, 40, 5, 125, 125, 71, 9, 43, 125, 74, 125, 125, 48, 37, 125, 125, 125, 125, 80, 125, 125, 54, 125, 125, 125, 125, 31, 72, 125, 58, 76, 45, 125, 125, 125, 125, 124, 83, 55, 124, 124, 124, 124, 124, 36, 68, 124, 44, 124, 124, 124, 37, 124, 124, 72, 124, 67, 124, 68, 124, 124, 67, 124, 124, 124, 124, 78, 124, 34]
Memory usage at done (index 66, length 125, since_prev 5): 12864.23828125 MiB (Increase: 0.0 MiB)
Memory usage before reset: 12864.23828125 MiB (Increase: 0.0 MiB)
Memory usage after reset: 12864.23828125 MiB (Increase: 0.0 MiB)
Current lengths of episodes: [128, 80, 65, 128, 71, 128, 128, 12, 128, 128, 128, 128, 128, 128, 128, 18, 79, 127, 127, 50, 24, 30, 50, 127, 127, 63, 46, 127, 127, 127, 20, 65, 42, 7, 127, 127, 73, 11, 45, 127, 76, 127, 127, 50, 39, 127, 127, 127, 127, 82, 127, 127, 56, 127, 127, 127, 127, 33, 74, 127, 60, 78, 47, 127, 127, 127, 2, 127, 86, 58, 127, 127, 127, 127, 127, 39, 71, 127, 47, 127, 127, 127, 40, 127, 127, 75, 127, 70, 127, 71, 127, 127, 70, 127, 127, 127, 127, 81, 127, 37]
Memory usage at done (index 16, length 79, since_prev 3): 12864.23828125 MiB (Increase: 0.0 MiB)
Memory usage before reset: 12864.23828125 MiB (Increase: 0.0 MiB)
Memory usage after reset: 12864.23828125 MiB (Increase: 0.0 MiB)
Current lengths of episodes: [128, 80, 65, 128, 71, 128, 128, 12, 128, 128, 128, 128, 128, 128, 128, 18, 0, 128, 128, 51, 25, 31, 51, 128, 128, 64, 47, 128, 128, 128, 21, 66, 43, 8, 128, 128, 74, 12, 46, 128, 77, 128, 128, 51, 40, 128, 128, 128, 128, 83, 128, 128, 57, 128, 128, 128, 128, 34, 75, 128, 61, 79, 48, 128, 128, 128, 2, 127, 86, 58, 127, 127, 127, 127, 127, 39, 71, 127, 47, 127, 127, 127, 40, 127, 127, 75, 127, 70, 127, 71, 127, 127, 70, 127, 127, 127, 127, 81, 127, 37]
Memory usage at done (index 65, length 128, since_prev 0): 12864.23828125 MiB (Increase: 0.0 MiB)
Memory usage before reset: 12864.23828125 MiB (Increase: 0.0 MiB)
Memory usage after reset: 12864.23828125 MiB (Increase: 0.0 MiB)
Current lengths of episodes: [136, 88, 73, 136, 79, 136, 136, 20, 136, 136, 136, 136, 136, 136, 136, 26, 8, 136, 136, 59, 33, 39, 59, 136, 136, 72, 55, 136, 136, 136, 29, 74, 51, 16, 136, 136, 82, 20, 54, 136, 85, 136, 136, 59, 48, 136, 136, 136, 136, 91, 136, 136, 65, 136, 136, 136, 136, 42, 83, 136, 69, 87, 56, 136, 136, 8, 11, 136, 95, 67, 136, 136, 136, 136, 136, 48, 80, 136, 56, 136, 136, 136, 49, 136, 136, 84, 136, 79, 135, 79, 135, 135, 78, 135, 135, 135, 135, 89, 135, 45]
Memory usage at done (index 87, length 79, since_prev 8): 12864.23828125 MiB (Increase: 0.0 MiB)
Memory usage before reset: 12864.23828125 MiB (Increase: 0.0 MiB)
Memory usage after reset: 12864.23828125 MiB (Increase: 0.0 MiB)
Current lengths of episodes: [140, 92, 77, 140, 83, 140, 140, 24, 140, 140, 140, 140, 140, 140, 140, 30, 12, 140, 140, 63, 37, 43, 63, 140, 140, 76, 59, 140, 140, 140, 33, 78, 55, 20, 140, 140, 86, 24, 58, 140, 89, 140, 140, 63, 52, 140, 140, 140, 140, 95, 140, 140, 69, 140, 140, 140, 140, 46, 87, 140, 73, 91, 60, 139, 139, 11, 14, 139, 98, 70, 139, 139, 139, 139, 139, 51, 83, 139, 59, 139, 139, 139, 52, 139, 139, 87, 139, 3, 139, 83, 139, 139, 82, 139, 139, 139, 139, 93, 139, 49]
Memory usage at done (index 62, length 60, since_prev 4): 12864.23828125 MiB (Increase: 0.0 MiB)
Memory usage before reset: 12864.23828125 MiB (Increase: 0.0 MiB)
Memory usage after reset: 12864.23828125 MiB (Increase: 0.0 MiB)
Current lengths of episodes: [148, 100, 85, 148, 91, 148, 148, 32, 148, 148, 148, 148, 148, 148, 148, 38, 20, 148, 148, 71, 45, 51, 71, 148, 148, 84, 67, 148, 148, 148, 41, 86, 63, 28, 148, 148, 94, 32, 66, 148, 97, 148, 148, 71, 60, 148, 148, 148, 148, 103, 148, 148, 77, 148, 148, 148, 148, 54, 94, 147, 80, 98, 7, 147, 147, 19, 22, 147, 106, 78, 147, 147, 147, 147, 147, 59, 91, 147, 67, 147, 147, 147, 60, 147, 147, 95, 147, 11, 147, 91, 147, 147, 90, 147, 147, 147, 147, 101, 147, 57]
Memory usage at done (index 57, length 54, since_prev 8): 12864.23828125 MiB (Increase: 0.0 MiB)
Memory usage before reset: 12864.23828125 MiB (Increase: 0.0 MiB)
Memory usage after reset: 12864.23828125 MiB (Increase: 0.0 MiB)
Current lengths of episodes: [151, 103, 88, 151, 94, 151, 151, 35, 151, 151, 151, 151, 151, 151, 151, 41, 23, 151, 151, 74, 48, 54, 74, 151, 151, 87, 70, 151, 151, 151, 44, 89, 65, 30, 150, 150, 96, 34, 68, 150, 99, 150, 150, 73, 62, 150, 150, 150, 150, 105, 150, 150, 79, 150, 150, 150, 150, 2, 97, 150, 83, 101, 10, 150, 150, 22, 25, 150, 109, 81, 150, 150, 150, 150, 150, 62, 94, 150, 70, 150, 150, 150, 63, 150, 150, 98, 150, 14, 150, 94, 150, 150, 93, 150, 150, 150, 150, 104, 150, 60]
Memory usage at done (index 31, length 89, since_prev 3): 12864.23828125 MiB (Increase: 0.0 MiB)
Memory usage before reset: 12864.23828125 MiB (Increase: 0.0 MiB)
Memory usage after reset: 12864.23828125 MiB (Increase: 0.0 MiB)
Current lengths of episodes: [153, 105, 90, 153, 96, 153, 153, 37, 153, 153, 153, 153, 153, 153, 153, 43, 25, 153, 153, 76, 50, 56, 76, 153, 153, 89, 72, 153, 153, 153, 46, 2, 68, 33, 153, 153, 99, 37, 71, 153, 102, 153, 153, 76, 64, 152, 152, 152, 152, 107, 152, 152, 81, 152, 152, 152, 152, 4, 99, 152, 85, 103, 12, 152, 152, 24, 27, 152, 111, 83, 152, 152, 152, 152, 152, 64, 96, 152, 72, 152, 152, 152, 65, 152, 152, 100, 152, 16, 152, 96, 152, 152, 95, 152, 152, 152, 152, 106, 152, 62]
Memory usage at done (index 43, length 76, since_prev 2): 12864.23828125 MiB (Increase: 0.0 MiB)
Memory usage before reset: 12864.23828125 MiB (Increase: 0.0 MiB)
Memory usage after reset: 12864.23828125 MiB (Increase: 0.0 MiB)
Current lengths of episodes: [157, 109, 94, 157, 100, 157, 157, 41, 157, 157, 157, 157, 157, 157, 157, 47, 29, 157, 157, 80, 54, 60, 80, 157, 157, 93, 75, 156, 156, 156, 49, 5, 71, 36, 156, 156, 102, 40, 74, 156, 105, 156, 156, 3, 68, 156, 156, 156, 156, 111, 156, 156, 85, 156, 156, 156, 156, 8, 103, 156, 89, 107, 16, 156, 156, 28, 31, 156, 115, 87, 156, 156, 156, 156, 156, 68, 100, 156, 76, 156, 156, 156, 69, 156, 156, 104, 156, 20, 156, 100, 156, 156, 99, 156, 156, 156, 156, 110, 156, 66]
Memory usage at done (index 25, length 93, since_prev 4): 12864.23828125 MiB (Increase: 0.0 MiB)
Memory usage before reset: 12864.23828125 MiB (Increase: 0.0 MiB)
Memory usage after reset: 12864.23828125 MiB (Increase: 0.0 MiB)
Current lengths of episodes: [159, 111, 96, 159, 102, 159, 159, 43, 159, 159, 159, 159, 159, 159, 159, 49, 31, 159, 159, 82, 56, 62, 82, 159, 159, 2, 78, 159, 159, 159, 52, 8, 74, 39, 159, 159, 105, 43, 77, 159, 108, 159, 159, 6, 71, 159, 159, 159, 159, 114, 159, 159, 88, 159, 159, 159, 159, 11, 106, 159, 92, 110, 19, 159, 159, 31, 34, 159, 118, 90, 159, 159, 159, 159, 159, 71, 103, 159, 79, 159, 158, 158, 71, 158, 158, 106, 158, 22, 158, 102, 158, 158, 101, 158, 158, 158, 158, 112, 158, 68]
Memory usage at done (index 79, length 159, since_prev 2): 12864.23828125 MiB (Increase: 0.0 MiB)
Memory usage before reset: 12864.23828125 MiB (Increase: 0.0 MiB)
Memory usage after reset: 12864.23828125 MiB (Increase: 0.0 MiB)
Current lengths of episodes: [160, 112, 97, 159, 102, 159, 159, 43, 159, 159, 159, 159, 159, 159, 159, 49, 31, 159, 159, 82, 56, 62, 82, 159, 159, 2, 78, 159, 159, 159, 52, 8, 74, 39, 159, 159, 105, 43, 77, 159, 108, 159, 159, 6, 71, 159, 159, 159, 159, 114, 159, 159, 88, 159, 159, 159, 159, 11, 106, 159, 92, 110, 19, 159, 159, 31, 34, 159, 118, 90, 159, 159, 159, 159, 159, 71, 103, 159, 79, 0, 159, 159, 72, 159, 159, 107, 159, 23, 159, 103, 159, 159, 102, 159, 159, 159, 159, 113, 159, 69]
Memory usage at done (index 2, length 97, since_prev 1): 12864.23828125 MiB (Increase: 0.0 MiB)
Memory usage before reset: 12864.23828125 MiB (Increase: 0.0 MiB)
Memory usage after reset: 12864.23828125 MiB (Increase: 0.0 MiB)
Current lengths of episodes: [163, 115, 3, 163, 106, 163, 163, 47, 163, 163, 163, 163, 163, 163, 163, 53, 35, 163, 163, 86, 60, 66, 86, 163, 163, 6, 82, 163, 163, 163, 56, 12, 78, 43, 163, 163, 109, 47, 81, 163, 112, 163, 163, 10, 75, 162, 162, 162, 162, 117, 162, 162, 91, 162, 162, 162, 162, 14, 109, 162, 95, 113, 22, 162, 162, 34, 37, 162, 121, 93, 162, 162, 162, 162, 162, 74, 106, 162, 82, 3, 162, 162, 75, 162, 162, 110, 162, 26, 162, 106, 162, 162, 105, 162, 162, 162, 162, 116, 162, 72]
Memory usage at done (index 44, length 75, since_prev 3): 12864.23828125 MiB (Increase: 0.0 MiB)
Memory usage before reset: 12864.23828125 MiB (Increase: 0.0 MiB)
Memory usage after reset: 12864.23828125 MiB (Increase: 0.0 MiB)
Current lengths of episodes: [165, 117, 5, 165, 108, 165, 165, 49, 165, 165, 165, 165, 165, 165, 165, 55, 37, 165, 165, 87, 61, 67, 87, 164, 164, 7, 83, 164, 164, 164, 57, 13, 79, 44, 164, 164, 110, 48, 82, 164, 113, 164, 164, 11, 1, 164, 164, 164, 164, 119, 164, 164, 93, 164, 164, 164, 164, 16, 111, 164, 97, 115, 24, 164, 164, 36, 39, 164, 123, 95, 164, 164, 164, 164, 164, 76, 108, 164, 84, 5, 164, 164, 77, 164, 164, 112, 164, 28, 164, 108, 164, 164, 107, 164, 164, 164, 164, 118, 164, 74]
Memory usage at done (index 18, length 165, since_prev 2): 12864.23828125 MiB (Increase: 0.0 MiB)
Memory usage before reset: 12864.23828125 MiB (Increase: 0.0 MiB)
Memory usage after reset: 12864.23828125 MiB (Increase: 0.0 MiB)
Current lengths of episodes: [168, 120, 8, 168, 111, 168, 168, 52, 168, 168, 168, 168, 168, 168, 168, 58, 40, 168, 3, 91, 65, 71, 91, 168, 168, 11, 87, 168, 168, 168, 61, 16, 82, 47, 167, 167, 113, 51, 85, 167, 116, 167, 167, 14, 4, 167, 167, 167, 167, 122, 167, 167, 96, 167, 167, 167, 167, 19, 114, 167, 100, 118, 27, 167, 167, 39, 42, 167, 126, 98, 167, 167, 167, 167, 167, 79, 111, 167, 87, 8, 167, 167, 80, 167, 167, 115, 167, 31, 167, 111, 167, 167, 110, 167, 167, 167, 167, 121, 167, 77]
Memory usage at done (index 30, length 61, since_prev 3): 12864.23828125 MiB (Increase: 0.0 MiB)
Memory usage before reset: 12864.23828125 MiB (Increase: 0.0 MiB)
Memory usage after reset: 12864.23828125 MiB (Increase: 0.0 MiB)
Current lengths of episodes: [174, 126, 14, 174, 117, 174, 174, 58, 174, 174, 174, 174, 174, 174, 174, 64, 46, 174, 9, 97, 71, 77, 97, 174, 174, 17, 93, 174, 174, 174, 6, 23, 89, 54, 174, 174, 120, 58, 92, 174, 123, 174, 174, 21, 11, 174, 174, 174, 174, 129, 174, 174, 103, 173, 173, 173, 173, 25, 120, 173, 106, 124, 33, 173, 173, 45, 48, 173, 132, 104, 173, 173, 173, 173, 173, 85, 117, 173, 93, 14, 173, 173, 86, 173, 173, 121, 173, 37, 173, 117, 173, 173, 116, 173, 173, 173, 173, 127, 173, 83]
Memory usage at done (index 52, length 103, since_prev 6): 12864.23828125 MiB (Increase: 0.0 MiB)
Memory usage before reset: 12864.23828125 MiB (Increase: 0.0 MiB)
Memory usage after reset: 12864.23828125 MiB (Increase: 0.0 MiB)
Current lengths of episodes: [177, 129, 17, 177, 120, 177, 177, 61, 177, 177, 177, 177, 177, 177, 177, 67, 48, 176, 11, 99, 73, 79, 99, 176, 176, 19, 95, 176, 176, 176, 8, 25, 91, 56, 176, 176, 122, 60, 94, 176, 125, 176, 176, 23, 13, 176, 176, 176, 176, 131, 176, 176, 2, 176, 176, 176, 176, 28, 123, 176, 109, 127, 36, 176, 176, 48, 51, 176, 135, 107, 176, 176, 176, 176, 176, 88, 120, 176, 96, 17, 176, 176, 89, 176, 176, 124, 176, 40, 176, 120, 176, 176, 119, 176, 176, 176, 176, 130, 176, 86]
Memory usage at done (index 15, length 67, since_prev 3): 12864.23828125 MiB (Increase: 0.0 MiB)
Memory usage before reset: 12864.23828125 MiB (Increase: 0.0 MiB)
Memory usage after reset: 12864.23828125 MiB (Increase: 0.0 MiB)
Current lengths of episodes: [179, 131, 19, 179, 122, 179, 179, 63, 179, 179, 179, 179, 179, 179, 179, 2, 51, 179, 14, 102, 75, 81, 101, 178, 178, 21, 97, 178, 178, 178, 10, 27, 93, 58, 178, 178, 124, 62, 96, 178, 127, 178, 178, 25, 15, 178, 178, 178, 178, 133, 178, 178, 4, 178, 178, 178, 178, 30, 125, 178, 111, 129, 38, 178, 178, 50, 53, 178, 137, 109, 178, 178, 178, 178, 178, 90, 122, 178, 98, 19, 178, 178, 91, 178, 178, 126, 178, 42, 178, 122, 178, 178, 121, 178, 178, 178, 178, 132, 178, 88]
Memory usage at done (index 19, length 102, since_prev 2): 12864.23828125 MiB (Increase: 0.0 MiB)
Memory usage before reset: 12864.23828125 MiB (Increase: 0.0 MiB)
Memory usage after reset: 12864.23828125 MiB (Increase: 0.0 MiB)
Current lengths of episodes: [179, 131, 19, 179, 122, 179, 179, 63, 179, 179, 179, 179, 179, 179, 179, 2, 51, 179, 14, 0, 76, 82, 102, 179, 179, 22, 98, 179, 179, 179, 11, 28, 94, 59, 179, 179, 125, 63, 97, 179, 128, 179, 179, 26, 16, 179, 179, 179, 179, 134, 179, 179, 5, 179, 179, 179, 179, 31, 126, 179, 112, 130, 39, 179, 179, 51, 54, 179, 138, 110, 179, 179, 179, 179, 179, 91, 122, 178, 98, 19, 178, 178, 91, 178, 178, 126, 178, 42, 178, 122, 178, 178, 121, 178, 178, 178, 178, 132, 178, 88]
Memory usage at done (index 75, length 91, since_prev 0): 12864.23828125 MiB (Increase: 0.0 MiB)
Memory usage before reset: 12864.23828125 MiB (Increase: 0.0 MiB)
Memory usage after reset: 12864.23828125 MiB (Increase: 0.0 MiB)
Current lengths of episodes: [181, 133, 21, 181, 124, 181, 181, 65, 181, 181, 181, 181, 181, 181, 181, 4, 53, 180, 15, 1, 77, 83, 103, 180, 180, 23, 99, 180, 180, 180, 12, 29, 95, 60, 180, 180, 126, 64, 98, 180, 129, 180, 180, 27, 17, 180, 180, 180, 180, 135, 180, 180, 6, 180, 180, 180, 180, 32, 127, 180, 113, 131, 40, 180, 180, 52, 55, 180, 139, 111, 180, 180, 180, 180, 180, 1, 124, 180, 100, 21, 180, 180, 93, 180, 180, 128, 180, 44, 180, 124, 180, 180, 123, 180, 180, 180, 180, 134, 180, 90]
Memory usage at done (index 16, length 53, since_prev 2): 12864.23828125 MiB (Increase: 0.0 MiB)
Memory usage before reset: 12864.23828125 MiB (Increase: 0.0 MiB)
Memory usage after reset: 12864.23828125 MiB (Increase: 0.0 MiB)
Current lengths of episodes: [183, 135, 22, 182, 125, 182, 182, 66, 182, 182, 182, 182, 182, 182, 182, 5, 1, 182, 17, 3, 79, 85, 105, 182, 182, 25, 101, 182, 182, 182, 14, 31, 97, 62, 182, 182, 128, 66, 100, 182, 131, 182, 182, 29, 19, 182, 182, 182, 182, 137, 182, 182, 8, 182, 182, 182, 182, 34, 129, 182, 115, 133, 42, 182, 182, 54, 57, 182, 141, 113, 182, 182, 182, 182, 182, 3, 126, 182, 102, 23, 182, 182, 95, 182, 182, 130, 182, 46, 182, 126, 182, 182, 125, 182, 182, 182, 182, 136, 182, 92]
Memory usage at done (index 1, length 135, since_prev 2): 12864.23828125 MiB (Increase: 0.0 MiB)
Memory usage before reset: 12864.23828125 MiB (Increase: 0.0 MiB)
Memory usage after reset: 12864.23828125 MiB (Increase: 0.0 MiB)
Current lengths of episodes: [183, 0, 23, 183, 126, 183, 183, 67, 183, 183, 183, 183, 183, 183, 183, 6, 2, 183, 18, 4, 80, 86, 106, 183, 183, 26, 102, 183, 183, 183, 15, 32, 98, 63, 183, 183, 129, 67, 101, 183, 132, 183, 183, 30, 20, 183, 183, 183, 183, 138, 183, 183, 9, 183, 183, 183, 183, 35, 130, 183, 116, 134, 43, 182, 182, 54, 57, 182, 141, 113, 182, 182, 182, 182, 182, 3, 126, 182, 102, 23, 182, 182, 95, 182, 182, 130, 182, 46, 182, 126, 182, 182, 125, 182, 182, 182, 182, 136, 182, 92]
Memory usage at done (index 62, length 43, since_prev 0): 12864.23828125 MiB (Increase: 0.0 MiB)
Memory usage before reset: 12864.23828125 MiB (Increase: 0.0 MiB)
Memory usage after reset: 12864.23828125 MiB (Increase: 0.0 MiB)
Current lengths of episodes: [216, 33, 56, 216, 159, 216, 216, 100, 216, 216, 216, 216, 216, 216, 216, 39, 35, 216, 51, 37, 113, 119, 139, 216, 216, 59, 135, 216, 216, 216, 48, 65, 130, 95, 215, 215, 161, 99, 133, 215, 164, 215, 215, 62, 52, 215, 215, 215, 215, 170, 215, 215, 41, 215, 215, 215, 215, 67, 162, 215, 148, 166, 32, 215, 215, 87, 90, 215, 174, 146, 215, 215, 215, 215, 215, 36, 159, 215, 135, 56, 215, 215, 128, 215, 215, 163, 215, 79, 215, 159, 215, 215, 158, 215, 215, 215, 215, 169, 215, 125]
Memory usage at done (index 31, length 65, since_prev 33): 12864.23828125 MiB (Increase: 0.0 MiB)
Memory usage before reset: 12864.23828125 MiB (Increase: 0.0 MiB)
Memory usage after reset: 12864.23828125 MiB (Increase: 0.0 MiB)
Current lengths of episodes: [217, 34, 57, 217, 160, 217, 217, 101, 217, 217, 217, 217, 217, 217, 217, 40, 36, 217, 52, 38, 114, 120, 140, 217, 217, 60, 136, 217, 217, 217, 49, 0, 131, 96, 216, 216, 162, 100, 134, 216, 165, 216, 216, 63, 53, 216, 216, 216, 216, 171, 216, 216, 42, 216, 216, 216, 216, 68, 163, 216, 149, 167, 33, 216, 216, 88, 91, 216, 175, 147, 216, 216, 216, 216, 216, 37, 160, 216, 136, 57, 216, 216, 129, 216, 216, 164, 216, 80, 216, 160, 216, 216, 159, 216, 216, 216, 216, 170, 216, 126]
Memory usage at done (index 30, length 49, since_prev 1): 12864.23828125 MiB (Increase: 0.0 MiB)
Memory usage before reset: 12864.23828125 MiB (Increase: 0.0 MiB)
Memory usage after reset: 12864.23828125 MiB (Increase: 0.0 MiB)
Current lengths of episodes: [222, 39, 62, 222, 165, 222, 222, 106, 222, 222, 222, 222, 222, 222, 222, 45, 41, 222, 57, 43, 119, 125, 145, 222, 222, 65, 141, 222, 221, 221, 4, 5, 136, 101, 221, 221, 167, 105, 139, 221, 170, 221, 221, 68, 58, 221, 221, 221, 221, 176, 221, 221, 47, 221, 221, 221, 221, 73, 168, 221, 154, 172, 38, 221, 221, 93, 96, 221, 180, 152, 221, 221, 221, 221, 221, 42, 165, 221, 141, 62, 221, 221, 134, 221, 221, 169, 221, 85, 221, 165, 221, 221, 164, 221, 221, 221, 221, 175, 221, 131]
Memory usage at done (index 27, length 222, since_prev 5): 12864.23828125 MiB (Increase: 0.0 MiB)
Memory usage before reset: 12864.23828125 MiB (Increase: 0.0 MiB)
Memory usage after reset: 12864.23828125 MiB (Increase: 0.0 MiB)
Current lengths of episodes: [224, 41, 64, 224, 167, 224, 224, 108, 224, 224, 224, 224, 224, 224, 224, 47, 43, 224, 59, 45, 121, 127, 147, 224, 224, 67, 143, 2, 224, 224, 7, 8, 139, 104, 224, 224, 170, 108, 142, 224, 173, 224, 224, 71, 61, 224, 224, 224, 224, 179, 224, 224, 50, 224, 224, 224, 224, 76, 171, 224, 157, 175, 41, 224, 224, 96, 99, 224, 183, 154, 223, 223, 223, 223, 223, 44, 167, 223, 143, 64, 223, 223, 136, 223, 223, 171, 223, 87, 223, 167, 223, 223, 166, 223, 223, 223, 223, 177, 223, 133]
Memory usage at done (index 68, length 183, since_prev 2): 12864.23828125 MiB (Increase: 0.0 MiB)
Memory usage before reset: 12864.23828125 MiB (Increase: 0.0 MiB)
Memory usage after reset: 12864.23828125 MiB (Increase: 0.0 MiB)
Current lengths of episodes: [224, 41, 64, 224, 167, 224, 224, 108, 224, 224, 224, 224, 224, 224, 224, 47, 43, 224, 59, 45, 121, 127, 147, 224, 224, 67, 143, 2, 224, 224, 7, 8, 139, 104, 224, 224, 170, 108, 142, 224, 173, 224, 224, 71, 61, 224, 224, 224, 224, 179, 224, 224, 50, 224, 224, 224, 224, 76, 171, 224, 157, 175, 41, 224, 224, 96, 99, 224, 0, 155, 224, 224, 224, 224, 224, 45, 168, 224, 144, 65, 224, 224, 137, 224, 224, 172, 224, 88, 224, 168, 224, 224, 167, 224, 224, 224, 224, 178, 224, 134]
Memory usage at done (index 99, length 134, since_prev 0): 12864.23828125 MiB (Increase: 0.0 MiB)
Memory usage before reset: 12864.23828125 MiB (Increase: 0.0 MiB)
Memory usage after reset: 12864.23828125 MiB (Increase: 0.0 MiB)
Current lengths of episodes: [240, 57, 80, 240, 183, 240, 240, 124, 240, 240, 240, 240, 240, 240, 240, 63, 58, 239, 74, 60, 136, 142, 162, 239, 239, 82, 158, 17, 239, 239, 22, 23, 154, 119, 239, 239, 185, 123, 157, 239, 188, 239, 239, 86, 76, 239, 239, 239, 239, 194, 239, 239, 65, 239, 239, 239, 239, 91, 186, 239, 172, 190, 56, 239, 239, 111, 114, 239, 15, 170, 239, 239, 239, 239, 239, 60, 183, 239, 159, 80, 239, 239, 152, 239, 239, 187, 239, 103, 239, 183, 239, 239, 182, 239, 239, 239, 239, 193, 239, 15]
Memory usage at done (index 15, length 63, since_prev 16): 12864.23828125 MiB (Increase: 0.0 MiB)
Memory usage before reset: 12864.23828125 MiB (Increase: 0.0 MiB)
Memory usage after reset: 12864.23828125 MiB (Increase: 0.0 MiB)
Current lengths of episodes: [240, 57, 80, 240, 183, 240, 240, 124, 240, 240, 240, 240, 240, 240, 240, 0, 59, 240, 75, 61, 137, 143, 163, 240, 240, 83, 159, 18, 240, 240, 23, 24, 155, 120, 240, 240, 186, 124, 157, 239, 188, 239, 239, 86, 76, 239, 239, 239, 239, 194, 239, 239, 65, 239, 239, 239, 239, 91, 186, 239, 172, 190, 56, 239, 239, 111, 114, 239, 15, 170, 239, 239, 239, 239, 239, 60, 183, 239, 159, 80, 239, 239, 152, 239, 239, 187, 239, 103, 239, 183, 239, 239, 182, 239, 239, 239, 239, 193, 239, 15]
Memory usage at done (index 37, length 124, since_prev 0): 12864.23828125 MiB (Increase: 0.0 MiB)
Memory usage before reset: 12864.23828125 MiB (Increase: 0.0 MiB)
Memory usage after reset: 12864.23828125 MiB (Increase: 0.0 MiB)
Current lengths of episodes: [240, 57, 80, 240, 183, 240, 240, 124, 240, 240, 240, 240, 240, 240, 240, 0, 59, 240, 75, 61, 137, 143, 163, 240, 240, 83, 159, 18, 240, 240, 23, 24, 155, 120, 240, 240, 186, 0, 158, 240, 189, 240, 240, 87, 77, 240, 240, 240, 240, 195, 240, 240, 66, 240, 240, 240, 240, 92, 187, 240, 173, 191, 57, 240, 240, 112, 115, 239, 15, 170, 239, 239, 239, 239, 239, 60, 183, 239, 159, 80, 239, 239, 152, 239, 239, 187, 239, 103, 239, 183, 239, 239, 182, 239, 239, 239, 239, 193, 239, 15]
Memory usage at done (index 66, length 115, since_prev 0): 12864.23828125 MiB (Increase: 0.0 MiB)
Memory usage before reset: 12864.23828125 MiB (Increase: 0.0 MiB)
Memory usage after reset: 12864.23828125 MiB (Increase: 0.0 MiB)
Current lengths of episodes: [256, 73, 96, 256, 199, 256, 256, 140, 256, 256, 256, 256, 256, 256, 256, 16, 75, 256, 91, 77, 153, 159, 179, 256, 256, 99, 175, 34, 256, 256, 39, 40, 171, 136, 256, 256, 202, 16, 174, 256, 205, 256, 256, 103, 93, 256, 256, 256, 256, 211, 256, 256, 82, 256, 256, 256, 256, 108, 203, 256, 189, 207, 73, 256, 256, 128, 16, 256, 32, 187, 256, 256, 256, 256, 256, 77, 200, 256, 176, 97, 256, 256, 169, 256, 256, 204, 256, 120, 256, 199, 255, 255, 198, 255, 255, 255, 255, 209, 255, 31]
New longest episode length: 256, previous longest: 241
Memory usage at done (index 88, length 256, since_prev 16): 12864.23828125 MiB (Increase: 0.0 MiB)
Memory usage before reset: 12864.23828125 MiB (Increase: 0.0 MiB)
Memory usage after reset: 12864.23828125 MiB (Increase: 0.0 MiB)
Current lengths of episodes: [259, 76, 99, 259, 202, 259, 259, 143, 259, 259, 259, 259, 259, 259, 259, 19, 78, 259, 94, 80, 156, 162, 182, 259, 259, 102, 178, 37, 259, 259, 42, 43, 174, 139, 259, 259, 205, 19, 177, 259, 208, 259, 259, 106, 96, 259, 259, 259, 259, 214, 259, 259, 85, 259, 259, 259, 259, 111, 206, 259, 192, 210, 76, 259, 259, 131, 19, 259, 35, 190, 259, 259, 259, 259, 259, 80, 203, 259, 179, 100, 259, 259, 172, 258, 258, 206, 258, 122, 2, 202, 258, 258, 201, 258, 258, 258, 258, 212, 258, 34]
Memory usage at done (index 82, length 172, since_prev 3): 12864.23828125 MiB (Increase: 0.0 MiB)
Memory usage before reset: 12864.23828125 MiB (Increase: 0.0 MiB)
Memory usage after reset: 12864.23828125 MiB (Increase: 0.0 MiB)
Current lengths of episodes: [273, 90, 113, 273, 216, 273, 273, 157, 273, 273, 273, 273, 273, 273, 273, 33, 92, 273, 108, 94, 170, 176, 196, 273, 273, 116, 192, 51, 273, 273, 56, 57, 188, 153, 273, 273, 219, 33, 191, 273, 222, 273, 273, 120, 110, 273, 273, 273, 272, 227, 272, 272, 98, 272, 272, 272, 272, 124, 219, 272, 205, 223, 89, 272, 272, 144, 32, 272, 48, 203, 272, 272, 272, 272, 272, 93, 216, 272, 192, 113, 272, 272, 13, 272, 272, 220, 272, 136, 16, 216, 272, 272, 215, 272, 272, 272, 272, 226, 272, 48]
New longest episode length: 273, previous longest: 256
Memory usage at done (index 47, length 273, since_prev 14): 12864.23828125 MiB (Increase: 0.0 MiB)
Memory usage before reset: 12864.23828125 MiB (Increase: 0.0 MiB)
Memory usage after reset: 12864.23828125 MiB (Increase: 0.0 MiB)
Current lengths of episodes: [279, 96, 119, 279, 222, 279, 279, 163, 279, 279, 279, 279, 279, 279, 279, 39, 98, 279, 114, 100, 176, 182, 202, 279, 279, 122, 198, 57, 278, 278, 61, 62, 193, 158, 278, 278, 224, 38, 196, 278, 227, 278, 278, 125, 115, 278, 278, 5, 278, 233, 278, 278, 104, 278, 278, 278, 278, 130, 225, 278, 211, 229, 95, 278, 278, 150, 38, 278, 54, 209, 278, 278, 278, 278, 278, 99, 222, 278, 198, 119, 278, 278, 19, 278, 278, 226, 278, 142, 22, 222, 278, 278, 221, 278, 278, 278, 278, 232, 278, 54]
Memory usage at done (index 27, length 57, since_prev 6): 12864.23828125 MiB (Increase: 0.0 MiB)
Memory usage before reset: 12864.23828125 MiB (Increase: 0.0 MiB)
Memory usage after reset: 12864.23828125 MiB (Increase: 0.0 MiB)
Current lengths of episodes: [283, 100, 123, 283, 226, 283, 283, 167, 283, 283, 283, 283, 283, 283, 283, 43, 102, 283, 118, 104, 180, 186, 206, 283, 283, 126, 202, 4, 283, 283, 66, 67, 198, 163, 283, 283, 229, 43, 201, 283, 232, 283, 283, 130, 120, 283, 283, 10, 283, 238, 283, 283, 109, 283, 283, 283, 283, 135, 230, 283, 216, 234, 100, 283, 283, 155, 43, 282, 58, 213, 282, 282, 282, 282, 282, 103, 226, 282, 202, 123, 282, 282, 23, 282, 282, 230, 282, 146, 26, 226, 282, 282, 225, 282, 282, 282, 282, 236, 282, 58]
Memory usage at done (index 66, length 43, since_prev 4): 12864.23828125 MiB (Increase: 0.0 MiB)
Memory usage before reset: 12864.23828125 MiB (Increase: 0.0 MiB)
Memory usage after reset: 12864.23828125 MiB (Increase: 0.0 MiB)
Current lengths of episodes: [288, 105, 128, 288, 231, 288, 288, 172, 288, 288, 288, 288, 288, 288, 288, 48, 107, 288, 123, 109, 184, 190, 210, 287, 287, 130, 206, 8, 287, 287, 70, 71, 202, 167, 287, 287, 233, 47, 205, 287, 236, 287, 287, 134, 124, 287, 287, 14, 287, 242, 287, 287, 113, 287, 287, 287, 287, 139, 234, 287, 220, 238, 104, 287, 287, 159, 4, 287, 63, 218, 287, 287, 287, 287, 287, 108, 231, 287, 207, 128, 287, 287, 28, 287, 287, 235, 287, 151, 31, 231, 287, 287, 230, 287, 287, 287, 287, 241, 287, 63]
Memory usage at done (index 19, length 109, since_prev 5): 12864.23828125 MiB (Increase: 0.0 MiB)
Memory usage before reset: 12864.23828125 MiB (Increase: 0.0 MiB)
Memory usage after reset: 12864.23828125 MiB (Increase: 0.0 MiB)
Current lengths of episodes: [299, 116, 139, 299, 242, 299, 299, 183, 299, 299, 299, 299, 299, 299, 299, 59, 117, 298, 133, 10, 195, 201, 221, 298, 298, 141, 217, 19, 298, 298, 81, 82, 213, 178, 298, 298, 244, 58, 216, 298, 247, 298, 298, 145, 135, 298, 298, 25, 298, 253, 298, 298, 124, 298, 298, 298, 298, 150, 245, 298, 231, 249, 115, 298, 298, 170, 15, 298, 74, 229, 298, 298, 298, 298, 298, 119, 242, 298, 218, 139, 298, 298, 39, 298, 298, 246, 298, 162, 42, 242, 298, 298, 241, 298, 298, 298, 298, 252, 298, 74]
Memory usage at done (index 15, length 59, since_prev 11): 12868.98828125 MiB (Increase: 4.75 MiB)
Memory usage before reset: 12868.98828125 MiB (Increase: 0.0 MiB)
Memory usage after reset: 12868.98828125 MiB (Increase: 0.0 MiB)
Current lengths of episodes: [302, 119, 142, 302, 245, 302, 302, 186, 302, 302, 302, 302, 302, 302, 302, 3, 121, 302, 137, 14, 199, 205, 225, 302, 302, 145, 221, 23, 302, 302, 85, 86, 217, 182, 302, 302, 248, 62, 220, 302, 251, 302, 302, 149, 139, 302, 302, 29, 302, 257, 302, 302, 128, 302, 302, 302, 302, 154, 249, 302, 235, 253, 119, 302, 302, 174, 19, 302, 78, 233, 302, 302, 302, 302, 302, 123, 246, 302, 222, 143, 302, 302, 43, 302, 302, 250, 302, 166, 46, 246, 302, 302, 245, 302, 302, 302, 302, 256, 302, 78]
Memory usage at done (index 99, length 78, since_prev 3): 12870.4296875 MiB (Increase: 1.44140625 MiB)
Memory usage before reset: 12870.4296875 MiB (Increase: 0.0 MiB)
Memory usage after reset: 12870.4296875 MiB (Increase: 0.0 MiB)
Current lengths of episodes: [304, 121, 144, 304, 247, 304, 304, 188, 304, 304, 304, 304, 304, 304, 304, 5, 123, 304, 139, 16, 201, 207, 227, 304, 304, 147, 223, 25, 304, 304, 87, 87, 218, 183, 303, 303, 249, 63, 221, 303, 252, 303, 303, 150, 140, 303, 303, 30, 303, 258, 303, 303, 129, 303, 303, 303, 303, 155, 250, 303, 236, 254, 120, 303, 303, 175, 20, 303, 79, 234, 303, 303, 303, 303, 303, 124, 247, 303, 223, 144, 303, 303, 44, 303, 303, 251, 303, 167, 47, 247, 303, 303, 246, 303, 303, 303, 303, 257, 303, 1]
Memory usage at done (index 30, length 87, since_prev 2): 12871.41796875 MiB (Increase: 0.98828125 MiB)
Memory usage before reset: 12871.41796875 MiB (Increase: 0.0 MiB)
Memory usage after reset: 12871.41796875 MiB (Increase: 0.0 MiB)
Current lengths of episodes: [310, 127, 150, 309, 252, 309, 309, 193, 309, 309, 309, 309, 309, 309, 309, 10, 128, 309, 144, 21, 206, 212, 232, 309, 309, 152, 228, 30, 309, 309, 5, 93, 224, 189, 309, 309, 255, 69, 227, 309, 258, 309, 309, 156, 146, 309, 309, 36, 309, 264, 309, 309, 135, 309, 309, 309, 309, 161, 256, 309, 242, 260, 126, 309, 309, 181, 26, 309, 85, 240, 309, 309, 309, 309, 309, 130, 253, 309, 229, 150, 309, 309, 50, 309, 309, 257, 309, 173, 53, 253, 309, 309, 252, 309, 309, 309, 309, 263, 309, 7]
Memory usage at done (index 2, length 150, since_prev 6): 12874.3046875 MiB (Increase: 2.88671875 MiB)
Memory usage before reset: 12874.3046875 MiB (Increase: 0.0 MiB)
Memory usage after reset: 12874.3046875 MiB (Increase: 0.0 MiB)
Current lengths of episodes: [332, 149, 22, 332, 275, 332, 332, 216, 332, 332, 332, 332, 332, 332, 332, 33, 151, 332, 167, 44, 229, 235, 255, 332, 332, 175, 251, 53, 332, 332, 28, 116, 246, 211, 331, 331, 277, 91, 249, 331, 280, 331, 331, 178, 168, 331, 331, 58, 331, 286, 331, 331, 157, 331, 331, 331, 331, 183, 278, 331, 264, 282, 148, 331, 331, 203, 48, 331, 107, 262, 331, 331, 331, 331, 331, 152, 275, 331, 251, 172, 331, 331, 72, 331, 331, 279, 331, 195, 75, 275, 331, 331, 274, 331, 331, 331, 331, 285, 331, 29]
Memory usage at done (index 31, length 116, since_prev 22): 13127.44921875 MiB (Increase: 253.14453125 MiB)
Memory usage before reset: 13127.44921875 MiB (Increase: 0.0 MiB)
Memory usage after reset: 13130.6328125 MiB (Increase: 3.18359375 MiB)
Current lengths of episodes: [333, 150, 23, 333, 276, 333, 333, 217, 333, 333, 333, 333, 333, 333, 333, 34, 152, 333, 168, 45, 230, 236, 256, 333, 333, 176, 252, 54, 333, 333, 29, 1, 248, 213, 333, 333, 279, 93, 251, 333, 282, 333, 333, 180, 170, 333, 333, 60, 333, 288, 333, 333, 159, 333, 333, 333, 333, 185, 280, 333, 266, 284, 150, 333, 333, 204, 49, 332, 108, 263, 332, 332, 332, 332, 332, 153, 276, 332, 252, 173, 332, 332, 73, 332, 332, 280, 332, 196, 76, 276, 332, 332, 275, 332, 332, 332, 332, 286, 332, 30]
New longest episode length: 333, previous longest: 273
Memory usage at done (index 64, length 333, since_prev 1): 13152.54296875 MiB (Increase: 21.91015625 MiB)
Memory usage before reset: 13152.54296875 MiB (Increase: 0.0 MiB)
Memory usage after reset: 13155.73046875 MiB (Increase: 3.1875 MiB)
Current lengths of episodes: [342, 159, 32, 342, 285, 342, 342, 226, 342, 342, 342, 342, 342, 342, 342, 43, 161, 342, 177, 54, 239, 245, 265, 342, 342, 185, 261, 63, 342, 342, 38, 10, 257, 222, 342, 342, 288, 102, 260, 342, 291, 342, 342, 189, 179, 342, 342, 69, 342, 297, 342, 342, 168, 342, 342, 342, 342, 194, 289, 342, 275, 293, 159, 342, 9, 214, 59, 341, 117, 272, 341, 341, 341, 341, 341, 162, 285, 341, 261, 182, 341, 341, 82, 341, 341, 289, 341, 205, 85, 285, 341, 341, 284, 341, 341, 341, 341, 295, 341, 39]
Memory usage at done (index 66, length 59, since_prev 9): 13350.24609375 MiB (Increase: 194.515625 MiB)
Memory usage before reset: 13350.24609375 MiB (Increase: 0.0 MiB)
Memory usage after reset: 13353.43359375 MiB (Increase: 3.1875 MiB)
Current lengths of episodes: [353, 170, 43, 353, 296, 353, 353, 237, 353, 353, 353, 353, 353, 353, 353, 54, 172, 353, 188, 65, 250, 256, 276, 353, 353, 196, 272, 74, 353, 353, 49, 21, 268, 233, 353, 353, 299, 113, 271, 353, 302, 353, 353, 200, 190, 353, 353, 80, 353, 308, 353, 353, 179, 353, 353, 353, 353, 205, 300, 353, 286, 304, 170, 353, 20, 225, 11, 353, 129, 284, 353, 353, 353, 353, 353, 174, 297, 353, 273, 194, 353, 353, 94, 353, 353, 301, 353, 217, 97, 297, 353, 353, 296, 353, 353, 353, 353, 307, 353, 51]
Memory usage at done (index 99, length 51, since_prev 11): 13591.1796875 MiB (Increase: 237.74609375 MiB)
Memory usage before reset: 13591.1796875 MiB (Increase: 0.0 MiB)
Memory usage after reset: 13594.64453125 MiB (Increase: 3.46484375 MiB)
Current lengths of episodes: [367, 184, 57, 367, 310, 367, 367, 251, 367, 367, 367, 367, 367, 367, 367, 68, 186, 367, 202, 79, 264, 270, 290, 367, 367, 210, 286, 88, 366, 366, 62, 34, 281, 246, 366, 366, 312, 126, 284, 366, 315, 366, 366, 213, 203, 366, 366, 93, 366, 321, 366, 366, 192, 366, 366, 366, 366, 218, 313, 366, 299, 317, 183, 366, 33, 238, 24, 366, 142, 297, 366, 366, 366, 366, 366, 187, 310, 366, 286, 207, 366, 366, 107, 366, 366, 314, 366, 230, 110, 310, 366, 366, 309, 366, 366, 366, 366, 320, 366, 13]
Memory usage at done (index 27, length 88, since_prev 14): 13896.73828125 MiB (Increase: 302.09375 MiB)
Memory usage before reset: 13896.73828125 MiB (Increase: 0.0 MiB)
Memory usage after reset: 13899.921875 MiB (Increase: 3.18359375 MiB)
Current lengths of episodes: [377, 194, 67, 377, 320, 377, 377, 261, 377, 377, 377, 377, 377, 377, 377, 78, 196, 377, 212, 89, 274, 280, 300, 377, 377, 220, 296, 10, 377, 377, 73, 44, 291, 256, 376, 376, 322, 136, 294, 376, 325, 376, 376, 223, 213, 376, 376, 103, 376, 331, 376, 376, 202, 376, 376, 376, 376, 228, 323, 376, 309, 327, 193, 376, 43, 248, 34, 376, 152, 307, 376, 376, 376, 376, 376, 197, 320, 376, 296, 217, 376, 376, 117, 376, 376, 324, 376, 240, 120, 320, 376, 376, 319, 376, 376, 376, 376, 330, 376, 23]
Memory usage at done (index 30, length 73, since_prev 10): 14115.97265625 MiB (Increase: 216.05078125 MiB)
Memory usage before reset: 14115.97265625 MiB (Increase: 0.0 MiB)
Memory usage after reset: 14119.02734375 MiB (Increase: 3.0546875 MiB)
Current lengths of episodes: [415, 232, 105, 415, 358, 415, 415, 299, 415, 415, 415, 415, 415, 415, 415, 116, 234, 415, 250, 127, 312, 318, 338, 415, 415, 258, 334, 48, 415, 415, 38, 83, 330, 295, 415, 415, 361, 175, 333, 415, 364, 415, 415, 262, 252, 415, 415, 142, 415, 370, 415, 415, 241, 415, 415, 415, 415, 267, 362, 415, 348, 366, 232, 415, 82, 287, 73, 414, 190, 345, 414, 414, 414, 414, 414, 235, 358, 414, 334, 255, 414, 414, 155, 414, 414, 362, 414, 278, 158, 358, 414, 414, 357, 414, 414, 414, 414, 368, 414, 61]
Memory usage at done (index 66, length 73, since_prev 38): 14939.62890625 MiB (Increase: 820.6015625 MiB)
Memory usage before reset: 14939.62890625 MiB (Increase: 0.0 MiB)
Memory usage after reset: 14942.8125 MiB (Increase: 3.18359375 MiB)
Current lengths of episodes: [418, 235, 108, 418, 361, 418, 418, 302, 418, 418, 418, 418, 418, 418, 418, 119, 237, 418, 253, 130, 315, 321, 341, 418, 418, 261, 337, 51, 418, 418, 41, 86, 333, 298, 418, 418, 364, 178, 336, 418, 367, 418, 418, 265, 255, 418, 418, 145, 418, 373, 418, 418, 244, 418, 418, 418, 418, 270, 365, 418, 351, 369, 234, 417, 84, 289, 2, 417, 193, 348, 417, 417, 417, 417, 417, 238, 361, 417, 337, 258, 417, 417, 158, 417, 417, 365, 417, 281, 161, 361, 417, 417, 360, 417, 417, 417, 417, 371, 417, 64]
New longest episode length: 369, previous longest: 333
Memory usage at done (index 61, length 369, since_prev 3): 15007.87109375 MiB (Increase: 65.05859375 MiB)
Memory usage before reset: 15007.87109375 MiB (Increase: 0.0 MiB)
Memory usage after reset: 15011.05859375 MiB (Increase: 3.1875 MiB)
Current lengths of episodes: [456, 273, 146, 456, 399, 456, 456, 340, 456, 456, 456, 456, 456, 456, 456, 157, 275, 456, 291, 168, 353, 359, 379, 456, 456, 299, 375, 89, 456, 456, 79, 124, 371, 336, 456, 456, 402, 216, 374, 456, 405, 456, 456, 303, 293, 456, 456, 183, 456, 411, 456, 456, 282, 456, 456, 455, 455, 307, 402, 455, 388, 37, 272, 455, 122, 327, 40, 455, 231, 386, 455, 455, 455, 455, 455, 276, 399, 455, 375, 296, 455, 455, 196, 455, 455, 403, 455, 319, 199, 399, 455, 455, 398, 455, 455, 455, 455, 409, 455, 102]
New longest episode length: 456, previous longest: 369
Memory usage at done (index 54, length 456, since_prev 38): 15831.29296875 MiB (Increase: 820.234375 MiB)
Memory usage before reset: 15831.29296875 MiB (Increase: 0.0 MiB)
Memory usage after reset: 15834.55078125 MiB (Increase: 3.2578125 MiB)
Current lengths of episodes: [486, 303, 176, 486, 429, 486, 486, 370, 486, 486, 486, 486, 486, 486, 486, 187, 305, 486, 321, 198, 383, 389, 409, 486, 486, 329, 405, 119, 486, 486, 109, 154, 401, 366, 486, 486, 432, 246, 404, 486, 435, 486, 486, 333, 323, 486, 486, 213, 486, 441, 486, 486, 312, 486, 30, 486, 486, 338, 433, 486, 419, 68, 302, 485, 152, 357, 70, 485, 261, 416, 485, 485, 485, 485, 485, 306, 429, 485, 405, 326, 485, 485, 226, 485, 485, 433, 485, 349, 229, 429, 485, 485, 428, 485, 485, 485, 485, 439, 485, 132]
Memory usage at done (index 61, length 68, since_prev 30): 16482.234375 MiB (Increase: 647.68359375 MiB)
Memory usage before reset: 16482.234375 MiB (Increase: 0.0 MiB)
Memory usage after reset: 16485.484375 MiB (Increase: 3.25 MiB)
Current lengths of episodes: [516, 333, 206, 516, 459, 516, 516, 400, 516, 516, 516, 516, 516, 516, 516, 217, 335, 516, 351, 228, 413, 419, 439, 516, 516, 359, 435, 149, 516, 516, 139, 184, 431, 396, 516, 516, 462, 276, 434, 516, 465, 516, 516, 363, 353, 516, 516, 242, 515, 470, 515, 515, 341, 515, 59, 515, 515, 367, 462, 515, 448, 29, 332, 515, 182, 387, 100, 515, 291, 446, 515, 515, 515, 515, 515, 336, 459, 515, 435, 356, 515, 515, 256, 515, 515, 463, 515, 379, 259, 459, 515, 515, 458, 515, 515, 515, 515, 469, 515, 162]
New longest episode length: 516, previous longest: 456
Memory usage at done (index 46, length 516, since_prev 30): 17133.0 MiB (Increase: 647.515625 MiB)
Memory usage before reset: 17133.0 MiB (Increase: 0.0 MiB)
Memory usage after reset: 17136.26953125 MiB (Increase: 3.26953125 MiB)
Current lengths of episodes: [523, 340, 213, 523, 466, 523, 523, 407, 523, 523, 523, 523, 523, 523, 523, 224, 342, 523, 358, 235, 420, 426, 446, 523, 523, 366, 442, 155, 522, 522, 145, 190, 437, 402, 522, 522, 468, 282, 440, 522, 471, 522, 522, 369, 359, 522, 6, 249, 522, 477, 522, 522, 348, 522, 66, 522, 522, 374, 469, 522, 455, 36, 339, 522, 189, 394, 107, 522, 298, 453, 522, 522, 522, 522, 522, 343, 466, 522, 442, 363, 522, 522, 263, 522, 522, 470, 522, 386, 266, 466, 522, 522, 465, 522, 522, 522, 522, 476, 522, 169]
Memory usage at done (index 26, length 442, since_prev 7): 17287.52734375 MiB (Increase: 151.2578125 MiB)
Memory usage before reset: 17287.52734375 MiB (Increase: 0.0 MiB)
Memory usage after reset: 17290.59375 MiB (Increase: 3.06640625 MiB)
Current lengths of episodes: [546, 363, 236, 546, 489, 546, 546, 430, 546, 546, 546, 546, 546, 546, 546, 247, 365, 546, 381, 258, 443, 449, 469, 546, 546, 389, 23, 179, 546, 546, 169, 214, 461, 426, 546, 546, 492, 306, 464, 546, 495, 546, 546, 393, 383, 546, 30, 273, 546, 501, 546, 546, 372, 546, 90, 546, 546, 398, 493, 546, 479, 60, 362, 545, 212, 417, 130, 545, 321, 476, 545, 545, 545, 545, 545, 366, 489, 545, 465, 386, 545, 545, 286, 545, 545, 493, 545, 409, 289, 489, 545, 545, 488, 545, 545, 545, 545, 499, 545, 192]
Memory usage at done (index 61, length 60, since_prev 23): 17787.4765625 MiB (Increase: 496.8828125 MiB)
Memory usage before reset: 17787.4765625 MiB (Increase: 0.0 MiB)
Memory usage after reset: 17790.73046875 MiB (Increase: 3.25390625 MiB)
Current lengths of episodes: [562, 379, 252, 562, 505, 562, 562, 446, 562, 562, 562, 562, 562, 562, 562, 263, 381, 562, 397, 274, 459, 465, 485, 562, 562, 405, 39, 195, 562, 562, 185, 230, 477, 442, 562, 562, 508, 322, 480, 562, 511, 562, 562, 409, 399, 562, 46, 289, 562, 517, 562, 562, 388, 562, 106, 562, 562, 414, 509, 562, 495, 16, 379, 562, 229, 434, 147, 561, 337, 492, 561, 561, 561, 561, 561, 382, 505, 561, 481, 402, 561, 561, 302, 561, 561, 509, 561, 425, 305, 505, 561, 561, 504, 561, 561, 561, 561, 515, 561, 208]
Memory usage at done (index 66, length 147, since_prev 16): 18136.1484375 MiB (Increase: 345.41796875 MiB)
Memory usage before reset: 18136.1484375 MiB (Increase: 0.0 MiB)
Memory usage after reset: 18139.3203125 MiB (Increase: 3.171875 MiB)
Current lengths of episodes: [563, 380, 253, 563, 506, 563, 563, 447, 563, 563, 563, 563, 563, 563, 563, 264, 382, 563, 398, 275, 460, 466, 486, 563, 563, 406, 40, 196, 563, 563, 186, 231, 478, 443, 563, 563, 509, 323, 481, 563, 512, 563, 563, 410, 400, 563, 47, 289, 562, 517, 562, 562, 388, 562, 106, 562, 562, 414, 509, 562, 495, 16, 379, 562, 229, 434, 0, 562, 338, 493, 562, 562, 562, 562, 562, 383, 506, 562, 482, 403, 562, 562, 303, 562, 562, 510, 562, 426, 306, 506, 562, 562, 505, 562, 562, 562, 562, 516, 562, 209]
Memory usage at done (index 46, length 47, since_prev 1): 18161.26171875 MiB (Increase: 21.94140625 MiB)
Memory usage before reset: 18161.26171875 MiB (Increase: 0.0 MiB)
Memory usage after reset: 18164.4765625 MiB (Increase: 3.21484375 MiB)
Current lengths of episodes: [624, 441, 314, 624, 567, 624, 624, 508, 624, 624, 624, 624, 624, 624, 624, 325, 443, 624, 459, 336, 521, 527, 547, 624, 624, 467, 101, 257, 624, 624, 247, 292, 539, 504, 624, 624, 570, 384, 542, 624, 573, 624, 624, 471, 461, 624, 61, 351, 624, 579, 624, 624, 450, 624, 168, 624, 624, 476, 571, 624, 557, 78, 441, 624, 291, 496, 62, 623, 399, 554, 623, 623, 623, 623, 623, 444, 567, 623, 543, 464, 623, 623, 364, 623, 623, 571, 623, 487, 367, 567, 623, 623, 566, 623, 623, 623, 623, 577, 623, 270]
Memory usage at done (index 66, length 62, since_prev 61): 19481.0703125 MiB (Increase: 1316.59375 MiB)
Memory usage before reset: 19481.0703125 MiB (Increase: 0.0 MiB)
Memory usage after reset: 19484.30859375 MiB (Increase: 3.23828125 MiB)
Current lengths of episodes: [648, 465, 338, 648, 591, 648, 648, 532, 648, 648, 648, 648, 648, 648, 648, 349, 467, 648, 483, 360, 545, 551, 571, 648, 648, 491, 125, 281, 648, 648, 271, 316, 563, 528, 648, 648, 594, 408, 566, 648, 597, 648, 648, 495, 485, 648, 85, 374, 647, 602, 647, 647, 473, 647, 191, 647, 647, 499, 594, 647, 580, 101, 464, 647, 314, 519, 23, 647, 423, 578, 647, 647, 647, 647, 647, 468, 591, 647, 567, 488, 647, 647, 388, 647, 647, 595, 647, 511, 391, 591, 647, 647, 590, 647, 647, 647, 647, 601, 647, 294]
Memory usage at done (index 46, length 85, since_prev 24): 20002.59765625 MiB (Increase: 518.2890625 MiB)
Memory usage before reset: 20002.59765625 MiB (Increase: 0.0 MiB)
Memory usage after reset: 20005.80859375 MiB (Increase: 3.2109375 MiB)
Training episode 400
Memory usage at middle: 20005.80859375 MiB (Increase: 0.0 MiB)
Memory usage before collect: 20008.44921875 MiB (Increase: 2.640625 MiB)
Memory usage after collect: 20008.44921875 MiB (Increase: 0.0 MiB)
Episode 400	Average evaluation: -98.34370405959949
Memory usage before initialization: 20008.44921875 MiB (Increase: 0.0 MiB)
Memory usage after initialization: 20008.44921875 MiB (Increase: 0.0 MiB)
Current lengths of episodes: [42, 42, 42, 42, 42, 42, 42, 42, 42, 42, 42, 42, 42, 42, 42, 42, 42, 42, 42, 42, 42, 42, 42, 42, 42, 42, 42, 42, 42, 42, 42, 42, 42, 42, 42, 42, 42, 42, 42, 42, 42, 42, 42, 42, 42, 42, 42, 42, 42, 42, 41, 41, 41, 41, 41, 41, 41, 41, 41, 41, 41, 41, 41, 41, 41, 41, 41, 41, 41, 41, 41, 41, 41, 41, 41, 41, 41, 41, 41, 41, 41, 41, 41, 41, 41, 41, 41, 41, 41, 41, 41, 41, 41, 41, 41, 41, 41, 41, 41, 41]
Memory usage at done (index 49, length 42, since_prev 42): 20008.8359375 MiB (Increase: 0.38671875 MiB)
Memory usage before reset: 20008.8359375 MiB (Increase: 0.0 MiB)
Memory usage after reset: 20008.8359375 MiB (Increase: 0.0 MiB)
Current lengths of episodes: [53, 53, 53, 53, 53, 53, 53, 53, 53, 53, 53, 53, 53, 53, 53, 53, 53, 53, 53, 53, 53, 53, 53, 53, 53, 53, 53, 53, 53, 53, 53, 53, 53, 53, 53, 53, 53, 53, 53, 53, 53, 53, 53, 53, 53, 53, 53, 53, 53, 11, 53, 53, 53, 53, 53, 53, 53, 53, 53, 53, 53, 53, 53, 53, 53, 53, 53, 53, 53, 53, 53, 53, 53, 53, 53, 53, 53, 53, 53, 53, 53, 53, 53, 53, 53, 53, 53, 53, 53, 53, 53, 53, 53, 52, 52, 52, 52, 52, 52, 52]
Memory usage at done (index 92, length 53, since_prev 11): 20008.8359375 MiB (Increase: 0.0 MiB)
Memory usage before reset: 20008.8359375 MiB (Increase: 0.0 MiB)
Memory usage after reset: 20008.8359375 MiB (Increase: 0.0 MiB)
Current lengths of episodes: [55, 55, 55, 55, 55, 55, 55, 55, 55, 55, 55, 55, 55, 55, 55, 55, 55, 55, 54, 54, 54, 54, 54, 54, 54, 54, 54, 54, 54, 54, 54, 54, 54, 54, 54, 54, 54, 54, 54, 54, 54, 54, 54, 54, 54, 54, 54, 54, 54, 12, 54, 54, 54, 54, 54, 54, 54, 54, 54, 54, 54, 54, 54, 54, 54, 54, 54, 54, 54, 54, 54, 54, 54, 54, 54, 54, 54, 54, 54, 54, 54, 54, 54, 54, 54, 54, 54, 54, 54, 54, 54, 54, 1, 54, 54, 54, 54, 54, 54, 54]
Memory usage at done (index 17, length 55, since_prev 2): 20008.8359375 MiB (Increase: 0.0 MiB)
Memory usage before reset: 20008.8359375 MiB (Increase: 0.0 MiB)
Memory usage after reset: 20008.8359375 MiB (Increase: 0.0 MiB)
Current lengths of episodes: [55, 55, 55, 55, 55, 55, 55, 55, 55, 55, 55, 55, 55, 55, 55, 55, 55, 0, 55, 55, 55, 55, 55, 55, 55, 55, 55, 55, 55, 55, 55, 55, 55, 55, 55, 55, 55, 55, 55, 55, 55, 55, 55, 55, 55, 55, 55, 55, 55, 13, 55, 55, 55, 55, 55, 55, 55, 55, 55, 55, 55, 55, 55, 55, 55, 55, 55, 55, 55, 55, 55, 55, 55, 55, 55, 55, 55, 55, 55, 55, 55, 55, 55, 55, 55, 55, 55, 55, 55, 55, 55, 55, 2, 55, 55, 55, 54, 54, 54, 54]
Memory usage at done (index 95, length 55, since_prev 0): 20008.8359375 MiB (Increase: 0.0 MiB)
Memory usage before reset: 20008.8359375 MiB (Increase: 0.0 MiB)
Memory usage after reset: 20008.8359375 MiB (Increase: 0.0 MiB)
Current lengths of episodes: [58, 58, 58, 58, 58, 58, 58, 58, 58, 58, 58, 58, 58, 58, 58, 58, 58, 3, 58, 58, 58, 58, 58, 58, 58, 58, 58, 58, 58, 58, 58, 58, 58, 58, 58, 58, 58, 58, 58, 58, 58, 58, 58, 58, 58, 58, 58, 58, 58, 15, 57, 57, 57, 57, 57, 57, 57, 57, 57, 57, 57, 57, 57, 57, 57, 57, 57, 57, 57, 57, 57, 57, 57, 57, 57, 57, 57, 57, 57, 57, 57, 57, 57, 57, 57, 57, 57, 57, 57, 57, 57, 57, 4, 57, 57, 2, 57, 57, 57, 57]
Memory usage at done (index 48, length 58, since_prev 3): 20008.8359375 MiB (Increase: 0.0 MiB)
Memory usage before reset: 20008.8359375 MiB (Increase: 0.0 MiB)
Memory usage after reset: 20008.8359375 MiB (Increase: 0.0 MiB)
Current lengths of episodes: [58, 58, 58, 58, 58, 58, 58, 58, 58, 58, 58, 58, 58, 58, 58, 58, 58, 3, 58, 58, 58, 58, 58, 58, 58, 58, 58, 58, 58, 58, 58, 58, 58, 58, 58, 58, 58, 58, 58, 58, 58, 58, 58, 58, 58, 58, 58, 58, 0, 16, 58, 58, 58, 58, 58, 58, 58, 58, 58, 58, 58, 58, 58, 58, 58, 58, 58, 58, 58, 58, 58, 58, 58, 58, 58, 58, 58, 58, 58, 58, 58, 58, 58, 58, 58, 58, 58, 58, 58, 58, 58, 57, 4, 57, 57, 2, 57, 57, 57, 57]
Memory usage at done (index 90, length 58, since_prev 0): 20008.8359375 MiB (Increase: 0.0 MiB)
Memory usage before reset: 20008.8359375 MiB (Increase: 0.0 MiB)
Memory usage after reset: 20008.8359375 MiB (Increase: 0.0 MiB)
Current lengths of episodes: [59, 59, 59, 59, 59, 59, 59, 59, 59, 59, 59, 59, 59, 59, 59, 59, 59, 4, 59, 59, 59, 59, 58, 58, 58, 58, 58, 58, 58, 58, 58, 58, 58, 58, 58, 58, 58, 58, 58, 58, 58, 58, 58, 58, 58, 58, 58, 58, 0, 16, 58, 58, 58, 58, 58, 58, 58, 58, 58, 58, 58, 58, 58, 58, 58, 58, 58, 58, 58, 58, 58, 58, 58, 58, 58, 58, 58, 58, 58, 58, 58, 58, 58, 58, 58, 58, 58, 58, 58, 58, 0, 58, 5, 58, 58, 3, 58, 58, 58, 58]
Memory usage at done (index 21, length 59, since_prev 1): 20008.8359375 MiB (Increase: 0.0 MiB)
Memory usage before reset: 20008.8359375 MiB (Increase: 0.0 MiB)
Memory usage after reset: 20008.8359375 MiB (Increase: 0.0 MiB)
Current lengths of episodes: [59, 59, 59, 59, 59, 59, 59, 59, 59, 59, 59, 59, 59, 59, 59, 59, 59, 4, 59, 59, 59, 0, 59, 59, 59, 59, 59, 59, 59, 59, 59, 59, 59, 59, 59, 59, 59, 59, 59, 59, 58, 58, 58, 58, 58, 58, 58, 58, 0, 16, 58, 58, 58, 58, 58, 58, 58, 58, 58, 58, 58, 58, 58, 58, 58, 58, 58, 58, 58, 58, 58, 58, 58, 58, 58, 58, 58, 58, 58, 58, 58, 58, 58, 58, 58, 58, 58, 58, 58, 58, 0, 58, 5, 58, 58, 3, 58, 58, 58, 58]
Memory usage at done (index 39, length 59, since_prev 0): 20008.8359375 MiB (Increase: 0.0 MiB)
Memory usage before reset: 20008.8359375 MiB (Increase: 0.0 MiB)
Memory usage after reset: 20008.8359375 MiB (Increase: 0.0 MiB)
Current lengths of episodes: [60, 60, 60, 60, 60, 60, 60, 60, 60, 60, 60, 60, 60, 60, 60, 60, 59, 4, 59, 59, 59, 0, 59, 59, 59, 59, 59, 59, 59, 59, 59, 59, 59, 59, 59, 59, 59, 59, 59, 0, 59, 59, 59, 59, 59, 59, 59, 59, 1, 17, 59, 59, 59, 59, 59, 59, 59, 59, 59, 59, 59, 59, 59, 59, 59, 59, 59, 59, 59, 59, 59, 59, 59, 59, 59, 59, 59, 59, 59, 59, 59, 59, 59, 59, 59, 59, 59, 59, 59, 59, 1, 59, 6, 59, 59, 4, 59, 59, 59, 59]
Memory usage at done (index 15, length 60, since_prev 1): 20008.8359375 MiB (Increase: 0.0 MiB)
Memory usage before reset: 20008.8359375 MiB (Increase: 0.0 MiB)
Memory usage after reset: 20008.8359375 MiB (Increase: 0.0 MiB)
Current lengths of episodes: [60, 60, 60, 60, 60, 60, 60, 60, 60, 60, 60, 60, 60, 60, 60, 0, 60, 5, 60, 60, 60, 1, 60, 60, 60, 60, 60, 60, 60, 60, 60, 60, 60, 60, 60, 60, 59, 59, 59, 0, 59, 59, 59, 59, 59, 59, 59, 59, 1, 17, 59, 59, 59, 59, 59, 59, 59, 59, 59, 59, 59, 59, 59, 59, 59, 59, 59, 59, 59, 59, 59, 59, 59, 59, 59, 59, 59, 59, 59, 59, 59, 59, 59, 59, 59, 59, 59, 59, 59, 59, 1, 59, 6, 59, 59, 4, 59, 59, 59, 59]
Memory usage at done (index 35, length 60, since_prev 0): 20008.8359375 MiB (Increase: 0.0 MiB)
Memory usage before reset: 20008.8359375 MiB (Increase: 0.0 MiB)
Memory usage after reset: 20008.8359375 MiB (Increase: 0.0 MiB)
Current lengths of episodes: [60, 60, 60, 60, 60, 60, 60, 60, 60, 60, 60, 60, 60, 60, 60, 0, 60, 5, 60, 60, 60, 1, 60, 60, 60, 60, 60, 60, 60, 60, 60, 60, 60, 60, 60, 0, 60, 60, 59, 0, 59, 59, 59, 59, 59, 59, 59, 59, 1, 17, 59, 59, 59, 59, 59, 59, 59, 59, 59, 59, 59, 59, 59, 59, 59, 59, 59, 59, 59, 59, 59, 59, 59, 59, 59, 59, 59, 59, 59, 59, 59, 59, 59, 59, 59, 59, 59, 59, 59, 59, 1, 59, 6, 59, 59, 4, 59, 59, 59, 59]
Memory usage at done (index 37, length 60, since_prev 0): 20008.8359375 MiB (Increase: 0.0 MiB)
Memory usage before reset: 20008.8359375 MiB (Increase: 0.0 MiB)
Memory usage after reset: 20008.8359375 MiB (Increase: 0.0 MiB)
Current lengths of episodes: [60, 60, 60, 60, 60, 60, 60, 60, 60, 60, 60, 60, 60, 60, 60, 0, 60, 5, 60, 60, 60, 1, 60, 60, 60, 60, 60, 60, 60, 60, 60, 60, 60, 60, 60, 0, 60, 0, 60, 1, 60, 60, 60, 60, 60, 60, 60, 60, 2, 18, 60, 60, 59, 59, 59, 59, 59, 59, 59, 59, 59, 59, 59, 59, 59, 59, 59, 59, 59, 59, 59, 59, 59, 59, 59, 59, 59, 59, 59, 59, 59, 59, 59, 59, 59, 59, 59, 59, 59, 59, 1, 59, 6, 59, 59, 4, 59, 59, 59, 59]
Memory usage at done (index 51, length 60, since_prev 0): 20008.8359375 MiB (Increase: 0.0 MiB)
Memory usage before reset: 20008.8359375 MiB (Increase: 0.0 MiB)
Memory usage after reset: 20008.8359375 MiB (Increase: 0.0 MiB)
Current lengths of episodes: [61, 61, 61, 61, 61, 61, 61, 61, 61, 61, 61, 61, 61, 61, 61, 0, 60, 5, 60, 60, 60, 1, 60, 60, 60, 60, 60, 60, 60, 60, 60, 60, 60, 60, 60, 0, 60, 0, 60, 1, 60, 60, 60, 60, 60, 60, 60, 60, 2, 18, 60, 0, 60, 60, 60, 60, 60, 60, 60, 60, 60, 60, 60, 60, 60, 60, 60, 60, 60, 60, 60, 60, 60, 60, 60, 60, 60, 60, 60, 60, 60, 60, 60, 60, 60, 60, 60, 60, 60, 60, 2, 60, 7, 60, 60, 5, 60, 60, 60, 60]
Memory usage at done (index 14, length 61, since_prev 1): 20008.8359375 MiB (Increase: 0.0 MiB)
Memory usage before reset: 20008.8359375 MiB (Increase: 0.0 MiB)
Memory usage after reset: 20008.8359375 MiB (Increase: 0.0 MiB)
Current lengths of episodes: [61, 61, 61, 61, 61, 61, 61, 61, 61, 61, 61, 61, 61, 61, 0, 1, 61, 6, 61, 61, 61, 2, 61, 61, 61, 61, 61, 61, 61, 61, 61, 61, 61, 61, 61, 1, 61, 1, 61, 2, 61, 61, 61, 61, 61, 61, 61, 61, 3, 19, 61, 1, 61, 61, 61, 61, 61, 61, 61, 61, 61, 61, 61, 61, 61, 61, 61, 61, 61, 61, 61, 61, 61, 61, 61, 61, 61, 61, 61, 61, 61, 61, 61, 61, 61, 61, 60, 60, 60, 60, 2, 60, 7, 60, 60, 5, 60, 60, 60, 60]
Memory usage at done (index 85, length 61, since_prev 0): 20008.8359375 MiB (Increase: 0.0 MiB)
Memory usage before reset: 20008.8359375 MiB (Increase: 0.0 MiB)
Memory usage after reset: 20008.8359375 MiB (Increase: 0.0 MiB)
Current lengths of episodes: [62, 62, 62, 62, 62, 62, 62, 62, 62, 62, 62, 62, 62, 62, 1, 2, 62, 7, 62, 62, 62, 3, 62, 62, 62, 62, 62, 62, 62, 62, 62, 62, 62, 62, 62, 2, 62, 2, 62, 3, 62, 62, 62, 62, 62, 62, 62, 62, 4, 20, 62, 2, 62, 62, 62, 62, 61, 61, 61, 61, 61, 61, 61, 61, 61, 61, 61, 61, 61, 61, 61, 61, 61, 61, 61, 61, 61, 61, 61, 61, 61, 61, 61, 61, 61, 0, 61, 61, 61, 61, 3, 61, 8, 61, 61, 6, 61, 61, 61, 61]
Memory usage at done (index 55, length 62, since_prev 1): 20008.8359375 MiB (Increase: 0.0 MiB)
Memory usage before reset: 20008.8359375 MiB (Increase: 0.0 MiB)
Memory usage after reset: 20008.8359375 MiB (Increase: 0.0 MiB)
Current lengths of episodes: [62, 62, 62, 62, 62, 62, 62, 62, 62, 62, 62, 62, 62, 62, 1, 2, 62, 7, 62, 62, 62, 3, 62, 62, 62, 62, 62, 62, 62, 62, 62, 62, 62, 62, 62, 2, 62, 2, 62, 3, 62, 62, 62, 62, 62, 62, 62, 62, 4, 20, 62, 2, 62, 62, 62, 0, 62, 62, 62, 62, 62, 62, 62, 62, 62, 62, 62, 62, 61, 61, 61, 61, 61, 61, 61, 61, 61, 61, 61, 61, 61, 61, 61, 61, 61, 0, 61, 61, 61, 61, 3, 61, 8, 61, 61, 6, 61, 61, 61, 61]
Memory usage at done (index 67, length 62, since_prev 0): 20008.8359375 MiB (Increase: 0.0 MiB)
Memory usage before reset: 20008.8359375 MiB (Increase: 0.0 MiB)
Memory usage after reset: 20008.8359375 MiB (Increase: 0.0 MiB)
Current lengths of episodes: [62, 62, 62, 62, 62, 62, 62, 62, 62, 62, 62, 62, 62, 62, 1, 2, 62, 7, 62, 62, 62, 3, 62, 62, 62, 62, 62, 62, 62, 62, 62, 62, 62, 62, 62, 2, 62, 2, 62, 3, 62, 62, 62, 62, 62, 62, 62, 62, 4, 20, 62, 2, 62, 62, 62, 0, 62, 62, 62, 62, 62, 62, 62, 62, 62, 62, 62, 0, 62, 62, 62, 62, 62, 62, 62, 62, 62, 62, 62, 62, 62, 62, 62, 62, 62, 1, 62, 62, 62, 62, 4, 62, 9, 62, 62, 7, 62, 62, 61, 61]
Memory usage at done (index 97, length 62, since_prev 0): 20008.8359375 MiB (Increase: 0.0 MiB)
Memory usage before reset: 20008.8359375 MiB (Increase: 0.0 MiB)
Memory usage after reset: 20008.8359375 MiB (Increase: 0.0 MiB)
Current lengths of episodes: [63, 63, 63, 63, 63, 63, 63, 63, 63, 63, 63, 63, 63, 63, 2, 3, 63, 8, 63, 63, 63, 4, 63, 63, 63, 63, 63, 63, 63, 63, 63, 63, 63, 63, 63, 3, 63, 3, 63, 4, 63, 63, 63, 63, 63, 63, 63, 63, 5, 21, 63, 3, 63, 63, 63, 1, 63, 63, 63, 62, 62, 62, 62, 62, 62, 62, 62, 0, 62, 62, 62, 62, 62, 62, 62, 62, 62, 62, 62, 62, 62, 62, 62, 62, 62, 1, 62, 62, 62, 62, 4, 62, 9, 62, 62, 7, 62, 0, 62, 62]
Memory usage at done (index 58, length 63, since_prev 1): 20008.83984375 MiB (Increase: 0.00390625 MiB)
Memory usage before reset: 20008.83984375 MiB (Increase: 0.0 MiB)
Memory usage after reset: 20008.83984375 MiB (Increase: 0.0 MiB)
Current lengths of episodes: [64, 64, 64, 64, 64, 64, 64, 64, 64, 64, 64, 64, 64, 64, 3, 4, 64, 9, 64, 64, 64, 5, 64, 64, 64, 64, 64, 64, 64, 64, 63, 63, 63, 63, 63, 3, 63, 3, 63, 4, 63, 63, 63, 63, 63, 63, 63, 63, 5, 21, 63, 3, 63, 63, 63, 1, 63, 63, 0, 63, 63, 63, 63, 63, 63, 63, 63, 1, 63, 63, 63, 63, 63, 63, 63, 63, 63, 63, 63, 63, 63, 63, 63, 63, 63, 2, 63, 63, 63, 63, 5, 63, 10, 63, 63, 8, 63, 1, 63, 63]
Memory usage at done (index 29, length 64, since_prev 1): 20008.83984375 MiB (Increase: 0.0 MiB)
Memory usage before reset: 20008.83984375 MiB (Increase: 0.0 MiB)
Memory usage after reset: 20008.83984375 MiB (Increase: 0.0 MiB)
Current lengths of episodes: [65, 65, 65, 65, 65, 65, 65, 65, 65, 65, 65, 65, 65, 65, 4, 5, 65, 10, 65, 65, 65, 6, 65, 65, 65, 65, 65, 65, 65, 1, 65, 65, 65, 65, 65, 5, 65, 5, 65, 6, 65, 64, 64, 64, 64, 64, 64, 64, 6, 22, 64, 4, 64, 64, 64, 2, 64, 64, 1, 64, 64, 64, 64, 64, 64, 64, 64, 2, 64, 64, 64, 64, 64, 64, 64, 64, 64, 64, 64, 64, 64, 64, 64, 64, 64, 3, 64, 64, 64, 64, 6, 64, 11, 64, 64, 9, 64, 2, 64, 64]
Memory usage at done (index 40, length 65, since_prev 1): 20008.83984375 MiB (Increase: 0.0 MiB)
Memory usage before reset: 20008.83984375 MiB (Increase: 0.0 MiB)
Memory usage after reset: 20008.83984375 MiB (Increase: 0.0 MiB)
Current lengths of episodes: [65, 65, 65, 65, 65, 65, 65, 65, 65, 65, 65, 65, 65, 65, 4, 5, 65, 10, 65, 65, 65, 6, 65, 65, 65, 65, 65, 65, 65, 1, 65, 65, 65, 65, 65, 5, 65, 5, 65, 6, 0, 65, 65, 65, 65, 65, 65, 65, 7, 23, 65, 5, 65, 65, 65, 3, 65, 65, 2, 65, 65, 65, 65, 65, 65, 65, 65, 3, 65, 65, 65, 65, 65, 65, 65, 65, 65, 65, 65, 65, 65, 65, 65, 65, 65, 4, 65, 65, 64, 64, 6, 64, 11, 64, 64, 9, 64, 2, 64, 64]
Memory usage at done (index 87, length 65, since_prev 0): 20008.83984375 MiB (Increase: 0.0 MiB)
Memory usage before reset: 20008.83984375 MiB (Increase: 0.0 MiB)
Memory usage after reset: 20008.83984375 MiB (Increase: 0.0 MiB)
Current lengths of episodes: [66, 66, 66, 66, 66, 66, 66, 66, 66, 66, 66, 66, 66, 66, 5, 6, 66, 11, 66, 66, 66, 7, 66, 66, 66, 66, 66, 66, 66, 2, 66, 66, 66, 66, 66, 6, 66, 6, 66, 7, 1, 66, 66, 66, 66, 66, 66, 66, 8, 24, 66, 6, 66, 66, 66, 4, 66, 66, 3, 66, 66, 66, 66, 66, 66, 66, 66, 4, 66, 66, 66, 66, 66, 66, 66, 66, 66, 66, 66, 66, 66, 66, 66, 66, 65, 4, 65, 0, 65, 65, 7, 65, 12, 65, 65, 10, 65, 3, 65, 65]
Memory usage at done (index 83, length 66, since_prev 1): 20008.84765625 MiB (Increase: 0.0078125 MiB)
Memory usage before reset: 20008.84765625 MiB (Increase: 0.0 MiB)
Memory usage after reset: 20008.84765625 MiB (Increase: 0.0 MiB)
Current lengths of episodes: [67, 67, 67, 67, 67, 66, 66, 66, 66, 66, 66, 66, 66, 66, 5, 6, 66, 11, 66, 66, 66, 7, 66, 66, 66, 66, 66, 66, 66, 2, 66, 66, 66, 66, 66, 6, 66, 6, 66, 7, 1, 66, 66, 66, 66, 66, 66, 66, 8, 24, 66, 6, 66, 66, 66, 4, 66, 66, 3, 66, 66, 66, 66, 66, 66, 66, 66, 4, 66, 66, 66, 66, 66, 66, 66, 66, 66, 66, 66, 66, 66, 66, 66, 0, 66, 5, 66, 1, 66, 66, 8, 66, 13, 66, 66, 11, 66, 4, 66, 66]
Memory usage at done (index 4, length 67, since_prev 1): 20008.84765625 MiB (Increase: 0.0 MiB)
Memory usage before reset: 20008.84765625 MiB (Increase: 0.0 MiB)
Memory usage after reset: 20008.84765625 MiB (Increase: 0.0 MiB)
Current lengths of episodes: [67, 67, 67, 67, 0, 67, 67, 67, 67, 67, 67, 67, 67, 67, 6, 7, 67, 12, 67, 67, 67, 8, 67, 67, 67, 67, 67, 67, 67, 3, 67, 67, 67, 67, 67, 7, 67, 7, 67, 8, 2, 67, 67, 67, 67, 67, 67, 67, 9, 25, 67, 7, 67, 67, 67, 5, 67, 67, 4, 67, 67, 67, 67, 67, 67, 67, 67, 5, 67, 67, 67, 67, 67, 67, 67, 67, 67, 67, 67, 67, 67, 67, 67, 1, 67, 6, 67, 2, 67, 67, 9, 67, 14, 67, 67, 12, 67, 4, 66, 66]
Memory usage at done (index 96, length 67, since_prev 0): 20008.84765625 MiB (Increase: 0.0 MiB)
Memory usage before reset: 20008.84765625 MiB (Increase: 0.0 MiB)
Memory usage after reset: 20008.84765625 MiB (Increase: 0.0 MiB)
Current lengths of episodes: [68, 68, 68, 68, 1, 68, 68, 68, 68, 68, 68, 68, 68, 68, 7, 8, 68, 13, 68, 68, 68, 9, 68, 68, 68, 68, 68, 68, 68, 4, 68, 68, 68, 68, 68, 8, 68, 8, 68, 9, 3, 68, 68, 68, 68, 68, 68, 68, 10, 26, 68, 8, 68, 68, 68, 6, 68, 68, 5, 68, 68, 68, 68, 68, 68, 68, 68, 6, 68, 68, 68, 68, 68, 67, 67, 67, 67, 67, 67, 67, 67, 67, 67, 1, 67, 6, 67, 2, 67, 67, 9, 67, 14, 67, 67, 12, 0, 5, 67, 67]
Memory usage at done (index 72, length 68, since_prev 1): 20008.84765625 MiB (Increase: 0.0 MiB)
Memory usage before reset: 20008.84765625 MiB (Increase: 0.0 MiB)
Memory usage after reset: 20008.84765625 MiB (Increase: 0.0 MiB)
Current lengths of episodes: [68, 68, 68, 68, 1, 68, 68, 68, 68, 68, 68, 68, 68, 68, 7, 8, 68, 13, 68, 68, 68, 9, 68, 68, 68, 68, 68, 68, 68, 4, 68, 68, 68, 68, 68, 8, 68, 8, 68, 9, 3, 68, 68, 68, 68, 68, 68, 68, 10, 26, 68, 8, 68, 68, 68, 6, 68, 68, 5, 68, 68, 68, 68, 68, 68, 68, 68, 6, 68, 68, 68, 68, 0, 68, 68, 68, 68, 68, 68, 68, 68, 68, 68, 2, 68, 7, 68, 3, 68, 68, 10, 68, 14, 67, 67, 12, 0, 5, 67, 67]
Memory usage at done (index 91, length 68, since_prev 0): 20008.84765625 MiB (Increase: 0.0 MiB)
Memory usage before reset: 20008.84765625 MiB (Increase: 0.0 MiB)
Memory usage after reset: 20008.84765625 MiB (Increase: 0.0 MiB)
Current lengths of episodes: [69, 69, 69, 69, 2, 69, 69, 69, 69, 68, 68, 68, 68, 68, 7, 8, 68, 13, 68, 68, 68, 9, 68, 68, 68, 68, 68, 68, 68, 4, 68, 68, 68, 68, 68, 8, 68, 8, 68, 9, 3, 68, 68, 68, 68, 68, 68, 68, 10, 26, 68, 8, 68, 68, 68, 6, 68, 68, 5, 68, 68, 68, 68, 68, 68, 68, 68, 6, 68, 68, 68, 68, 0, 68, 68, 68, 68, 68, 68, 68, 68, 68, 68, 2, 68, 7, 68, 3, 68, 68, 10, 0, 15, 68, 68, 13, 1, 6, 68, 68]
Memory usage at done (index 8, length 69, since_prev 1): 20008.84765625 MiB (Increase: 0.0 MiB)
Memory usage before reset: 20008.84765625 MiB (Increase: 0.0 MiB)
Memory usage after reset: 20008.84765625 MiB (Increase: 0.0 MiB)
Current lengths of episodes: [69, 69, 69, 69, 2, 69, 69, 69, 0, 69, 69, 69, 69, 69, 8, 9, 69, 14, 69, 69, 69, 10, 69, 69, 69, 69, 69, 69, 69, 5, 69, 69, 69, 69, 69, 9, 69, 9, 69, 10, 4, 69, 69, 69, 69, 69, 69, 69, 11, 27, 69, 8, 68, 68, 68, 6, 68, 68, 5, 68, 68, 68, 68, 68, 68, 68, 68, 6, 68, 68, 68, 68, 0, 68, 68, 68, 68, 68, 68, 68, 68, 68, 68, 2, 68, 7, 68, 3, 68, 68, 10, 0, 15, 68, 68, 13, 1, 6, 68, 68]
Memory usage at done (index 50, length 69, since_prev 0): 20008.84765625 MiB (Increase: 0.0 MiB)
Memory usage before reset: 20008.84765625 MiB (Increase: 0.0 MiB)
Memory usage after reset: 20008.84765625 MiB (Increase: 0.0 MiB)
Current lengths of episodes: [69, 69, 69, 69, 2, 69, 69, 69, 0, 69, 69, 69, 69, 69, 8, 9, 69, 14, 69, 69, 69, 10, 69, 69, 69, 69, 69, 69, 69, 5, 69, 69, 69, 69, 69, 9, 69, 9, 69, 10, 4, 69, 69, 69, 69, 69, 69, 69, 11, 27, 0, 9, 69, 69, 69, 7, 69, 69, 6, 69, 69, 68, 68, 68, 68, 68, 68, 6, 68, 68, 68, 68, 0, 68, 68, 68, 68, 68, 68, 68, 68, 68, 68, 2, 68, 7, 68, 3, 68, 68, 10, 0, 15, 68, 68, 13, 1, 6, 68, 68]
Memory usage at done (index 60, length 69, since_prev 0): 20008.84765625 MiB (Increase: 0.0 MiB)
Memory usage before reset: 20008.84765625 MiB (Increase: 0.0 MiB)
Memory usage after reset: 20008.84765625 MiB (Increase: 0.0 MiB)
Current lengths of episodes: [69, 69, 69, 69, 2, 69, 69, 69, 0, 69, 69, 69, 69, 69, 8, 9, 69, 14, 69, 69, 69, 10, 69, 69, 69, 69, 69, 69, 69, 5, 69, 69, 69, 69, 69, 9, 69, 9, 69, 10, 4, 69, 69, 69, 69, 69, 69, 69, 11, 27, 0, 9, 69, 69, 69, 7, 69, 69, 6, 69, 0, 69, 69, 69, 69, 69, 69, 7, 69, 69, 69, 69, 1, 69, 69, 69, 69, 69, 69, 69, 69, 69, 69, 3, 69, 8, 69, 4, 69, 69, 11, 1, 16, 69, 68, 13, 1, 6, 68, 68]
Memory usage at done (index 93, length 69, since_prev 0): 20008.84765625 MiB (Increase: 0.0 MiB)
Memory usage before reset: 20008.84765625 MiB (Increase: 0.0 MiB)
Memory usage after reset: 20008.84765625 MiB (Increase: 0.0 MiB)
Current lengths of episodes: [70, 70, 70, 70, 3, 70, 70, 70, 1, 70, 70, 70, 70, 70, 9, 10, 70, 15, 70, 70, 70, 11, 70, 70, 70, 70, 70, 70, 70, 6, 70, 70, 70, 70, 70, 10, 70, 10, 70, 11, 5, 70, 70, 70, 70, 70, 70, 70, 12, 28, 1, 10, 70, 70, 70, 8, 70, 70, 7, 70, 1, 70, 70, 70, 70, 70, 70, 8, 70, 70, 70, 70, 1, 69, 69, 69, 69, 69, 69, 69, 69, 69, 69, 3, 69, 8, 69, 4, 69, 69, 11, 1, 16, 0, 69, 14, 2, 7, 69, 69]
Memory usage at done (index 71, length 70, since_prev 1): 20008.84765625 MiB (Increase: 0.0 MiB)
Memory usage before reset: 20008.84765625 MiB (Increase: 0.0 MiB)
Memory usage after reset: 20008.84765625 MiB (Increase: 0.0 MiB)
Current lengths of episodes: [71, 71, 71, 71, 4, 71, 71, 71, 2, 71, 71, 71, 71, 71, 10, 11, 71, 16, 71, 71, 71, 12, 71, 71, 71, 71, 71, 71, 71, 7, 71, 71, 71, 71, 71, 11, 71, 11, 71, 12, 6, 71, 71, 71, 71, 71, 71, 71, 13, 29, 2, 11, 71, 71, 71, 9, 71, 71, 8, 71, 1, 70, 70, 70, 70, 70, 70, 8, 70, 70, 70, 0, 2, 70, 70, 70, 70, 70, 70, 70, 70, 70, 70, 4, 70, 9, 70, 5, 70, 70, 12, 2, 17, 1, 70, 15, 3, 8, 70, 70]
Memory usage at done (index 59, length 71, since_prev 1): 20008.84765625 MiB (Increase: 0.0 MiB)
Memory usage before reset: 20008.84765625 MiB (Increase: 0.0 MiB)
Memory usage after reset: 20008.84765625 MiB (Increase: 0.0 MiB)
Current lengths of episodes: [72, 72, 72, 72, 5, 72, 72, 72, 3, 72, 72, 72, 72, 72, 11, 12, 72, 17, 72, 72, 72, 13, 72, 72, 72, 72, 72, 72, 72, 8, 72, 72, 72, 72, 72, 12, 72, 12, 72, 13, 7, 72, 72, 72, 72, 72, 72, 72, 14, 30, 3, 12, 72, 72, 72, 10, 72, 72, 9, 1, 3, 72, 72, 71, 71, 71, 71, 9, 71, 71, 71, 1, 3, 71, 71, 71, 71, 71, 71, 71, 71, 71, 71, 5, 71, 10, 71, 6, 71, 71, 13, 3, 18, 2, 71, 16, 4, 9, 71, 71]
Memory usage at done (index 62, length 72, since_prev 1): 20008.84765625 MiB (Increase: 0.0 MiB)
Memory usage before reset: 20008.84765625 MiB (Increase: 0.0 MiB)
Memory usage after reset: 20008.84765625 MiB (Increase: 0.0 MiB)
Current lengths of episodes: [75, 74, 74, 74, 7, 74, 74, 74, 5, 74, 74, 74, 74, 74, 13, 14, 74, 19, 74, 74, 74, 15, 74, 74, 74, 74, 74, 74, 74, 10, 74, 74, 74, 74, 74, 14, 74, 14, 74, 15, 9, 74, 74, 74, 74, 74, 74, 74, 16, 32, 5, 14, 74, 74, 74, 12, 74, 74, 11, 3, 5, 74, 2, 74, 74, 74, 74, 12, 74, 74, 74, 4, 6, 74, 74, 74, 74, 74, 74, 74, 74, 74, 74, 8, 74, 13, 74, 9, 74, 74, 16, 6, 21, 5, 74, 19, 7, 12, 74, 74]
Memory usage at done (index 0, length 75, since_prev 3): 20008.8515625 MiB (Increase: 0.00390625 MiB)
Memory usage before reset: 20008.8515625 MiB (Increase: 0.0 MiB)
Memory usage after reset: 20008.8515625 MiB (Increase: 0.0 MiB)
Current lengths of episodes: [0, 75, 74, 74, 7, 74, 74, 74, 5, 74, 74, 74, 74, 74, 13, 14, 74, 19, 74, 74, 74, 15, 74, 74, 74, 74, 74, 74, 74, 10, 74, 74, 74, 74, 74, 14, 74, 14, 74, 15, 9, 74, 74, 74, 74, 74, 74, 74, 16, 32, 5, 14, 74, 74, 74, 12, 74, 74, 11, 3, 5, 74, 2, 74, 74, 74, 74, 12, 74, 74, 74, 4, 6, 74, 74, 74, 74, 74, 74, 74, 74, 74, 74, 8, 74, 13, 74, 9, 74, 74, 16, 6, 21, 5, 74, 19, 7, 12, 74, 74]
Memory usage at done (index 1, length 75, since_prev 0): 20008.8515625 MiB (Increase: 0.0 MiB)
Memory usage before reset: 20008.8515625 MiB (Increase: 0.0 MiB)
Memory usage after reset: 20008.8515625 MiB (Increase: 0.0 MiB)
Current lengths of episodes: [0, 0, 75, 75, 8, 75, 75, 75, 6, 75, 75, 75, 75, 75, 14, 15, 75, 19, 74, 74, 74, 15, 74, 74, 74, 74, 74, 74, 74, 10, 74, 74, 74, 74, 74, 14, 74, 14, 74, 15, 9, 74, 74, 74, 74, 74, 74, 74, 16, 32, 5, 14, 74, 74, 74, 12, 74, 74, 11, 3, 5, 74, 2, 74, 74, 74, 74, 12, 74, 74, 74, 4, 6, 74, 74, 74, 74, 74, 74, 74, 74, 74, 74, 8, 74, 13, 74, 9, 74, 74, 16, 6, 21, 5, 74, 19, 7, 12, 74, 74]
Memory usage at done (index 16, length 75, since_prev 0): 20008.8515625 MiB (Increase: 0.0 MiB)
Memory usage before reset: 20008.8515625 MiB (Increase: 0.0 MiB)
Memory usage after reset: 20008.8515625 MiB (Increase: 0.0 MiB)
Current lengths of episodes: [2, 2, 77, 77, 10, 77, 77, 77, 8, 77, 77, 77, 77, 77, 16, 17, 2, 22, 77, 77, 77, 18, 77, 77, 77, 77, 77, 77, 77, 13, 77, 77, 77, 77, 77, 17, 77, 17, 77, 18, 12, 77, 77, 77, 77, 76, 76, 76, 18, 34, 7, 16, 76, 76, 76, 14, 76, 76, 13, 5, 7, 76, 4, 76, 76, 76, 76, 14, 76, 76, 76, 6, 8, 76, 76, 76, 76, 76, 76, 76, 76, 76, 76, 10, 76, 15, 76, 11, 76, 76, 18, 8, 23, 7, 76, 21, 9, 14, 76, 76]
Memory usage at done (index 44, length 77, since_prev 2): 20008.859375 MiB (Increase: 0.0078125 MiB)
Memory usage before reset: 20008.859375 MiB (Increase: 0.0 MiB)
Memory usage after reset: 20008.859375 MiB (Increase: 0.0 MiB)
Current lengths of episodes: [3, 3, 78, 78, 11, 78, 78, 78, 9, 78, 78, 78, 78, 78, 17, 18, 3, 23, 78, 78, 78, 19, 78, 78, 78, 78, 78, 78, 78, 14, 78, 78, 78, 78, 78, 18, 78, 18, 78, 19, 13, 78, 78, 78, 1, 78, 78, 78, 20, 36, 9, 18, 78, 78, 78, 16, 78, 78, 15, 7, 9, 78, 6, 78, 78, 78, 78, 16, 78, 78, 78, 8, 10, 78, 78, 78, 77, 77, 77, 77, 77, 77, 77, 11, 77, 16, 77, 12, 77, 77, 19, 9, 24, 8, 77, 22, 10, 15, 77, 77]
Memory usage at done (index 75, length 78, since_prev 1): 20008.859375 MiB (Increase: 0.0 MiB)
Memory usage before reset: 20008.859375 MiB (Increase: 0.0 MiB)
Memory usage after reset: 20008.859375 MiB (Increase: 0.0 MiB)
Current lengths of episodes: [12, 12, 87, 87, 20, 87, 87, 87, 18, 87, 87, 87, 87, 87, 26, 27, 12, 32, 87, 87, 87, 28, 87, 87, 87, 87, 87, 87, 87, 23, 87, 87, 87, 87, 87, 27, 87, 27, 87, 28, 22, 87, 87, 87, 10, 87, 87, 87, 29, 45, 18, 27, 87, 87, 87, 24, 86, 86, 23, 15, 17, 86, 14, 86, 86, 86, 86, 24, 86, 86, 86, 16, 18, 86, 86, 8, 86, 86, 86, 86, 86, 86, 86, 20, 86, 25, 86, 21, 86, 86, 28, 18, 33, 17, 86, 31, 19, 24, 86, 86]
Memory usage at done (index 54, length 87, since_prev 9): 20008.859375 MiB (Increase: 0.0 MiB)
Memory usage before reset: 20008.859375 MiB (Increase: 0.0 MiB)
Memory usage after reset: 20008.859375 MiB (Increase: 0.0 MiB)
Current lengths of episodes: [13, 13, 88, 87, 20, 87, 87, 87, 18, 87, 87, 87, 87, 87, 26, 27, 12, 32, 87, 87, 87, 28, 87, 87, 87, 87, 87, 87, 87, 23, 87, 87, 87, 87, 87, 27, 87, 27, 87, 28, 22, 87, 87, 87, 10, 87, 87, 87, 29, 45, 18, 27, 87, 87, 0, 25, 87, 87, 24, 16, 18, 87, 15, 87, 87, 87, 87, 25, 87, 87, 87, 17, 19, 87, 87, 9, 87, 87, 87, 87, 87, 87, 87, 21, 87, 26, 87, 22, 87, 87, 29, 19, 34, 18, 87, 32, 20, 25, 87, 87]
Memory usage at done (index 2, length 88, since_prev 1): 20008.859375 MiB (Increase: 0.0 MiB)
Memory usage before reset: 20008.859375 MiB (Increase: 0.0 MiB)
Memory usage after reset: 20008.859375 MiB (Increase: 0.0 MiB)
Current lengths of episodes: [19, 19, 6, 94, 27, 94, 94, 94, 25, 94, 94, 94, 94, 94, 33, 34, 19, 39, 94, 94, 94, 35, 94, 94, 94, 94, 94, 94, 94, 30, 94, 94, 94, 94, 94, 34, 94, 34, 94, 35, 29, 94, 94, 94, 17, 94, 94, 94, 36, 52, 25, 34, 94, 94, 7, 32, 94, 94, 31, 23, 25, 94, 22, 94, 94, 94, 94, 32, 94, 94, 94, 24, 26, 94, 94, 16, 94, 94, 94, 93, 93, 93, 93, 27, 93, 32, 93, 28, 93, 93, 35, 25, 40, 24, 93, 38, 26, 31, 93, 93]
Memory usage at done (index 78, length 94, since_prev 6): 20008.859375 MiB (Increase: 0.0 MiB)
Memory usage before reset: 20008.859375 MiB (Increase: 0.0 MiB)
Memory usage after reset: 20008.859375 MiB (Increase: 0.0 MiB)
Current lengths of episodes: [29, 29, 16, 104, 37, 104, 104, 104, 35, 104, 104, 104, 104, 104, 43, 44, 29, 49, 104, 104, 104, 45, 104, 104, 104, 104, 104, 104, 104, 40, 104, 104, 104, 104, 104, 44, 104, 44, 104, 45, 39, 104, 104, 104, 27, 104, 104, 104, 46, 62, 35, 44, 104, 104, 17, 42, 104, 104, 41, 33, 35, 104, 32, 104, 104, 104, 104, 41, 103, 103, 103, 33, 35, 103, 103, 25, 103, 103, 9, 103, 103, 103, 103, 37, 103, 42, 103, 38, 103, 103, 45, 35, 50, 34, 103, 48, 36, 41, 103, 103]
Memory usage at done (index 66, length 104, since_prev 10): 20008.859375 MiB (Increase: 0.0 MiB)
Memory usage before reset: 20008.859375 MiB (Increase: 0.0 MiB)
Memory usage after reset: 20008.859375 MiB (Increase: 0.0 MiB)
Current lengths of episodes: [35, 35, 22, 110, 43, 110, 110, 110, 41, 110, 110, 110, 110, 110, 49, 50, 35, 55, 109, 109, 109, 50, 109, 109, 109, 109, 109, 109, 109, 45, 109, 109, 109, 109, 109, 49, 109, 49, 109, 50, 44, 109, 109, 109, 32, 109, 109, 109, 51, 67, 40, 49, 109, 109, 22, 47, 109, 109, 46, 38, 40, 109, 37, 109, 109, 109, 5, 47, 109, 109, 109, 39, 41, 109, 109, 31, 109, 109, 15, 109, 109, 109, 109, 43, 109, 48, 109, 44, 109, 109, 51, 41, 56, 40, 109, 54, 42, 47, 109, 109]
Memory usage at done (index 17, length 55, since_prev 6): 20008.859375 MiB (Increase: 0.0 MiB)
Memory usage before reset: 20008.859375 MiB (Increase: 0.0 MiB)
Memory usage after reset: 20008.859375 MiB (Increase: 0.0 MiB)
Current lengths of episodes: [35, 35, 22, 110, 43, 110, 110, 110, 41, 110, 110, 110, 110, 110, 49, 50, 35, 0, 110, 110, 110, 51, 110, 110, 110, 110, 110, 109, 109, 45, 109, 109, 109, 109, 109, 49, 109, 49, 109, 50, 44, 109, 109, 109, 32, 109, 109, 109, 51, 67, 40, 49, 109, 109, 22, 47, 109, 109, 46, 38, 40, 109, 37, 109, 109, 109, 5, 47, 109, 109, 109, 39, 41, 109, 109, 31, 109, 109, 15, 109, 109, 109, 109, 43, 109, 48, 109, 44, 109, 109, 51, 41, 56, 40, 109, 54, 42, 47, 109, 109]
Memory usage at done (index 26, length 110, since_prev 0): 20008.859375 MiB (Increase: 0.0 MiB)
Memory usage before reset: 20008.859375 MiB (Increase: 0.0 MiB)
Memory usage after reset: 20008.859375 MiB (Increase: 0.0 MiB)
Current lengths of episodes: [36, 36, 23, 111, 44, 111, 111, 111, 42, 111, 111, 111, 111, 111, 50, 51, 36, 1, 111, 111, 111, 52, 111, 111, 111, 111, 1, 111, 111, 47, 111, 111, 111, 111, 111, 51, 111, 51, 111, 52, 45, 110, 110, 110, 33, 110, 110, 110, 52, 68, 41, 50, 110, 110, 23, 48, 110, 110, 47, 39, 41, 110, 38, 110, 110, 110, 6, 48, 110, 110, 110, 40, 42, 110, 110, 32, 110, 110, 16, 110, 110, 110, 110, 44, 110, 49, 110, 45, 110, 110, 52, 42, 57, 41, 110, 55, 43, 48, 110, 110]
Memory usage at done (index 39, length 52, since_prev 1): 20008.859375 MiB (Increase: 0.0 MiB)
Memory usage before reset: 20008.859375 MiB (Increase: 0.0 MiB)
Memory usage after reset: 20008.859375 MiB (Increase: 0.0 MiB)
Current lengths of episodes: [36, 36, 23, 111, 44, 111, 111, 111, 42, 111, 111, 111, 111, 111, 50, 51, 36, 1, 111, 111, 111, 52, 111, 111, 111, 111, 1, 111, 111, 47, 111, 111, 111, 111, 111, 51, 111, 51, 111, 0, 46, 111, 111, 111, 34, 111, 111, 111, 53, 69, 42, 51, 111, 111, 24, 49, 111, 110, 47, 39, 41, 110, 38, 110, 110, 110, 6, 48, 110, 110, 110, 40, 42, 110, 110, 32, 110, 110, 16, 110, 110, 110, 110, 44, 110, 49, 110, 45, 110, 110, 52, 42, 57, 41, 110, 55, 43, 48, 110, 110]
Memory usage at done (index 56, length 111, since_prev 0): 20008.859375 MiB (Increase: 0.0 MiB)
Memory usage before reset: 20008.859375 MiB (Increase: 0.0 MiB)
Memory usage after reset: 20008.859375 MiB (Increase: 0.0 MiB)
Current lengths of episodes: [38, 38, 25, 113, 46, 113, 113, 113, 44, 113, 113, 113, 113, 113, 52, 53, 38, 3, 113, 113, 113, 54, 113, 113, 113, 113, 3, 113, 113, 49, 113, 112, 112, 112, 112, 52, 112, 52, 112, 1, 47, 112, 112, 112, 35, 112, 112, 112, 54, 70, 43, 52, 112, 112, 25, 50, 1, 112, 49, 41, 43, 112, 40, 112, 112, 112, 8, 50, 112, 112, 112, 42, 44, 112, 112, 34, 112, 112, 18, 112, 112, 112, 112, 46, 112, 51, 112, 47, 112, 112, 54, 44, 59, 43, 112, 57, 45, 50, 112, 112]
Memory usage at done (index 30, length 113, since_prev 2): 20008.8671875 MiB (Increase: 0.0078125 MiB)
Memory usage before reset: 20008.8671875 MiB (Increase: 0.0 MiB)
Memory usage after reset: 20008.8671875 MiB (Increase: 0.0 MiB)
Current lengths of episodes: [40, 40, 27, 115, 48, 115, 115, 115, 46, 115, 115, 115, 115, 115, 54, 55, 40, 5, 115, 115, 115, 56, 115, 115, 115, 115, 5, 115, 115, 51, 2, 115, 115, 115, 115, 55, 115, 55, 115, 4, 50, 115, 115, 115, 38, 115, 115, 115, 57, 72, 45, 54, 114, 114, 27, 52, 3, 114, 51, 43, 45, 114, 42, 114, 114, 114, 10, 52, 114, 114, 114, 44, 46, 114, 114, 36, 114, 114, 20, 114, 114, 114, 114, 48, 114, 53, 114, 49, 114, 114, 56, 46, 61, 45, 114, 59, 47, 52, 114, 114]
Memory usage at done (index 48, length 57, since_prev 2): 20008.8671875 MiB (Increase: 0.0 MiB)
Memory usage before reset: 20008.8671875 MiB (Increase: 0.0 MiB)
Memory usage after reset: 20008.8671875 MiB (Increase: 0.0 MiB)
Current lengths of episodes: [48, 48, 35, 123, 56, 123, 123, 123, 54, 123, 123, 123, 123, 123, 62, 63, 48, 13, 123, 123, 123, 64, 123, 123, 123, 123, 13, 123, 123, 59, 10, 123, 123, 123, 123, 63, 123, 63, 122, 11, 57, 122, 122, 122, 45, 122, 122, 122, 7, 80, 53, 62, 122, 122, 35, 60, 11, 122, 59, 51, 53, 122, 50, 122, 122, 122, 18, 60, 122, 122, 122, 52, 54, 122, 122, 44, 122, 122, 28, 122, 122, 122, 122, 56, 122, 61, 122, 57, 122, 122, 64, 54, 69, 53, 122, 67, 55, 60, 122, 122]
Memory usage at done (index 37, length 63, since_prev 8): 20008.8671875 MiB (Increase: 0.0 MiB)
Memory usage before reset: 20008.8671875 MiB (Increase: 0.0 MiB)
Memory usage after reset: 20008.8671875 MiB (Increase: 0.0 MiB)
Current lengths of episodes: [53, 53, 40, 128, 61, 128, 128, 128, 59, 128, 128, 128, 128, 128, 67, 68, 53, 18, 128, 128, 128, 69, 128, 128, 128, 128, 18, 128, 128, 64, 15, 128, 128, 128, 128, 68, 128, 5, 128, 17, 63, 128, 128, 128, 51, 128, 128, 128, 13, 86, 59, 68, 128, 128, 41, 66, 17, 128, 65, 57, 59, 128, 56, 128, 128, 128, 24, 66, 128, 128, 128, 58, 60, 128, 128, 50, 128, 128, 34, 128, 128, 128, 128, 62, 128, 67, 128, 63, 128, 128, 70, 60, 75, 59, 128, 73, 60, 65, 127, 127]
Memory usage at done (index 95, length 73, since_prev 5): 20008.8671875 MiB (Increase: 0.0 MiB)
Memory usage before reset: 20008.8671875 MiB (Increase: 0.0 MiB)
Memory usage after reset: 20008.8671875 MiB (Increase: 0.0 MiB)
Current lengths of episodes: [55, 55, 42, 130, 63, 130, 130, 130, 61, 130, 130, 130, 130, 130, 69, 70, 55, 20, 130, 130, 130, 71, 130, 130, 130, 130, 20, 130, 130, 66, 17, 130, 130, 130, 130, 70, 130, 7, 130, 19, 65, 130, 130, 130, 53, 130, 130, 130, 15, 88, 61, 70, 129, 129, 42, 67, 18, 129, 66, 58, 60, 129, 57, 129, 129, 129, 25, 67, 129, 129, 129, 59, 61, 129, 129, 51, 129, 129, 35, 129, 129, 129, 129, 63, 129, 68, 129, 64, 129, 129, 71, 61, 76, 60, 129, 1, 62, 67, 129, 129]
Memory usage at done (index 51, length 70, since_prev 2): 20008.8671875 MiB (Increase: 0.0 MiB)
Memory usage before reset: 20008.8671875 MiB (Increase: 0.0 MiB)
Memory usage after reset: 20008.8671875 MiB (Increase: 0.0 MiB)
Current lengths of episodes: [59, 59, 46, 134, 67, 134, 134, 134, 65, 134, 134, 134, 134, 134, 73, 74, 59, 24, 134, 134, 134, 75, 134, 134, 134, 134, 24, 134, 134, 70, 21, 134, 134, 134, 134, 74, 134, 11, 134, 23, 69, 134, 134, 134, 57, 134, 134, 134, 19, 92, 65, 4, 134, 134, 47, 72, 23, 134, 71, 63, 64, 133, 61, 133, 133, 133, 29, 71, 133, 133, 133, 63, 65, 133, 133, 55, 133, 133, 39, 133, 133, 133, 133, 67, 133, 72, 133, 68, 133, 133, 75, 65, 80, 64, 133, 5, 66, 71, 133, 133]
Memory usage at done (index 59, length 63, since_prev 4): 20008.8671875 MiB (Increase: 0.0 MiB)
Memory usage before reset: 20008.8671875 MiB (Increase: 0.0 MiB)
Memory usage after reset: 20008.8671875 MiB (Increase: 0.0 MiB)
Current lengths of episodes: [61, 61, 48, 136, 69, 136, 136, 136, 67, 136, 136, 136, 136, 136, 75, 76, 61, 26, 136, 136, 136, 77, 136, 136, 136, 136, 26, 136, 136, 72, 23, 136, 136, 136, 136, 76, 136, 13, 136, 25, 71, 136, 136, 136, 59, 136, 136, 136, 21, 94, 67, 6, 136, 136, 49, 74, 25, 136, 73, 2, 67, 136, 64, 136, 136, 136, 32, 74, 136, 136, 136, 66, 68, 136, 136, 58, 136, 135, 41, 135, 135, 135, 135, 69, 135, 74, 135, 70, 135, 135, 77, 67, 82, 66, 135, 7, 68, 73, 135, 135]
Memory usage at done (index 76, length 136, since_prev 2): 20008.8671875 MiB (Increase: 0.0 MiB)
Memory usage before reset: 20008.8671875 MiB (Increase: 0.0 MiB)
Memory usage after reset: 20008.8671875 MiB (Increase: 0.0 MiB)
Current lengths of episodes: [62, 62, 49, 137, 70, 137, 137, 137, 68, 137, 137, 137, 137, 137, 76, 77, 62, 27, 137, 137, 137, 78, 137, 137, 137, 137, 27, 137, 137, 73, 24, 137, 137, 137, 137, 77, 137, 14, 137, 26, 72, 137, 137, 137, 60, 137, 137, 137, 22, 95, 68, 7, 137, 137, 50, 75, 26, 137, 74, 3, 68, 137, 65, 137, 137, 137, 33, 75, 137, 137, 137, 67, 69, 137, 137, 59, 1, 137, 43, 137, 137, 137, 137, 71, 137, 76, 137, 72, 137, 137, 79, 69, 84, 68, 136, 8, 69, 74, 136, 136]
Memory usage at done (index 93, length 68, since_prev 1): 20008.8671875 MiB (Increase: 0.0 MiB)
Memory usage before reset: 20008.8671875 MiB (Increase: 0.0 MiB)
Memory usage after reset: 20008.8671875 MiB (Increase: 0.0 MiB)
Current lengths of episodes: [63, 63, 50, 138, 71, 138, 138, 138, 69, 138, 138, 138, 138, 138, 77, 78, 63, 28, 138, 138, 138, 79, 138, 138, 138, 138, 28, 138, 138, 74, 25, 138, 138, 138, 138, 78, 138, 15, 138, 27, 73, 138, 138, 138, 61, 138, 138, 138, 23, 96, 69, 8, 138, 138, 51, 76, 27, 138, 75, 4, 69, 138, 66, 137, 137, 137, 33, 75, 137, 137, 137, 67, 69, 137, 137, 59, 1, 137, 43, 137, 137, 137, 137, 71, 137, 76, 137, 72, 137, 137, 79, 69, 84, 0, 137, 9, 70, 75, 137, 137]
Memory usage at done (index 62, length 66, since_prev 1): 20008.8671875 MiB (Increase: 0.0 MiB)
Memory usage before reset: 20008.8671875 MiB (Increase: 0.0 MiB)
Memory usage after reset: 20008.8671875 MiB (Increase: 0.0 MiB)
Current lengths of episodes: [64, 64, 51, 139, 72, 139, 139, 139, 70, 139, 139, 139, 139, 139, 78, 79, 64, 29, 139, 139, 139, 80, 139, 139, 139, 139, 29, 139, 139, 75, 26, 139, 139, 139, 139, 79, 139, 16, 139, 28, 74, 139, 139, 139, 62, 139, 139, 139, 24, 97, 70, 9, 139, 139, 52, 77, 28, 139, 76, 5, 70, 139, 1, 139, 139, 139, 35, 77, 139, 139, 139, 69, 71, 139, 139, 61, 3, 139, 45, 139, 139, 139, 139, 73, 139, 78, 139, 74, 139, 139, 81, 70, 85, 1, 138, 10, 71, 76, 138, 138]
Memory usage at done (index 90, length 81, since_prev 1): 20008.8671875 MiB (Increase: 0.0 MiB)
Memory usage before reset: 20008.8671875 MiB (Increase: 0.0 MiB)
Memory usage after reset: 20008.8671875 MiB (Increase: 0.0 MiB)
Current lengths of episodes: [66, 66, 53, 141, 74, 141, 141, 141, 72, 141, 141, 141, 141, 141, 80, 80, 65, 30, 140, 140, 140, 81, 140, 140, 140, 140, 30, 140, 140, 76, 27, 140, 140, 140, 140, 80, 140, 17, 140, 29, 75, 140, 140, 140, 63, 140, 140, 140, 25, 98, 71, 10, 140, 140, 53, 78, 29, 140, 77, 6, 71, 140, 2, 140, 140, 140, 36, 78, 140, 140, 140, 70, 72, 140, 140, 62, 4, 140, 46, 140, 140, 140, 140, 74, 140, 79, 140, 75, 140, 140, 1, 72, 87, 3, 140, 12, 73, 78, 140, 140]
Memory usage at done (index 14, length 80, since_prev 2): 20008.8671875 MiB (Increase: 0.0 MiB)
Memory usage before reset: 20008.8671875 MiB (Increase: 0.0 MiB)
Memory usage after reset: 20008.8671875 MiB (Increase: 0.0 MiB)
Current lengths of episodes: [66, 66, 53, 141, 74, 141, 141, 141, 72, 141, 141, 141, 141, 141, 0, 81, 66, 31, 141, 141, 141, 82, 141, 141, 141, 141, 31, 141, 141, 77, 28, 141, 141, 141, 141, 81, 141, 18, 141, 30, 76, 141, 141, 141, 64, 141, 141, 141, 26, 99, 72, 11, 141, 141, 54, 79, 30, 141, 78, 7, 72, 141, 3, 141, 141, 141, 37, 79, 141, 141, 141, 71, 73, 141, 141, 63, 5, 141, 47, 141, 141, 141, 141, 75, 141, 80, 141, 76, 141, 141, 2, 73, 88, 4, 141, 13, 74, 78, 140, 140]
Memory usage at done (index 96, length 74, since_prev 0): 20008.8671875 MiB (Increase: 0.0 MiB)
Memory usage before reset: 20008.8671875 MiB (Increase: 0.0 MiB)
Memory usage after reset: 20008.8671875 MiB (Increase: 0.0 MiB)
Current lengths of episodes: [67, 67, 54, 142, 75, 142, 142, 142, 73, 142, 142, 142, 142, 142, 1, 82, 67, 32, 142, 142, 142, 83, 142, 142, 142, 142, 32, 142, 142, 78, 29, 142, 142, 142, 142, 82, 142, 19, 142, 31, 77, 142, 142, 142, 65, 142, 142, 142, 27, 100, 73, 12, 142, 142, 55, 80, 31, 142, 79, 8, 73, 142, 4, 142, 142, 142, 38, 80, 141, 141, 141, 71, 73, 141, 141, 63, 5, 141, 47, 141, 141, 141, 141, 75, 141, 80, 141, 76, 141, 141, 2, 73, 88, 4, 141, 13, 0, 79, 141, 141]
Memory usage at done (index 67, length 80, since_prev 1): 20008.8671875 MiB (Increase: 0.0 MiB)
Memory usage before reset: 20008.8671875 MiB (Increase: 0.0 MiB)
Memory usage after reset: 20008.8671875 MiB (Increase: 0.0 MiB)
Current lengths of episodes: [70, 70, 56, 144, 77, 144, 144, 144, 75, 144, 144, 144, 144, 144, 3, 84, 69, 34, 144, 144, 144, 85, 144, 144, 144, 144, 34, 144, 144, 80, 31, 144, 144, 144, 144, 84, 144, 21, 144, 33, 79, 144, 144, 144, 67, 144, 144, 144, 29, 102, 75, 14, 144, 144, 57, 82, 33, 144, 81, 10, 75, 144, 6, 144, 144, 144, 40, 2, 144, 144, 144, 74, 76, 144, 144, 66, 8, 144, 50, 144, 144, 144, 144, 78, 144, 83, 144, 79, 144, 144, 5, 76, 91, 7, 144, 16, 3, 82, 144, 144]
Memory usage at done (index 1, length 70, since_prev 3): 20008.87109375 MiB (Increase: 0.00390625 MiB)
Memory usage before reset: 20008.87109375 MiB (Increase: 0.0 MiB)
Memory usage after reset: 20008.87109375 MiB (Increase: 0.0 MiB)
Current lengths of episodes: [72, 2, 59, 147, 80, 147, 147, 147, 78, 147, 147, 147, 147, 147, 6, 87, 71, 36, 146, 146, 146, 87, 146, 146, 146, 146, 36, 146, 146, 82, 33, 146, 146, 146, 146, 86, 146, 23, 146, 35, 81, 146, 146, 146, 69, 146, 146, 146, 31, 104, 77, 16, 146, 146, 59, 84, 35, 146, 83, 12, 77, 146, 8, 146, 146, 146, 42, 4, 146, 146, 146, 76, 78, 146, 146, 68, 10, 146, 52, 146, 146, 146, 146, 80, 146, 85, 146, 81, 146, 146, 7, 78, 93, 9, 146, 18, 5, 84, 146, 146]
Memory usage at done (index 15, length 87, since_prev 2): 20008.87109375 MiB (Increase: 0.0 MiB)
Memory usage before reset: 20008.87109375 MiB (Increase: 0.0 MiB)
Memory usage after reset: 20008.87109375 MiB (Increase: 0.0 MiB)
Current lengths of episodes: [73, 3, 60, 148, 81, 148, 148, 148, 79, 148, 148, 148, 148, 148, 7, 1, 73, 38, 148, 148, 148, 89, 148, 148, 148, 148, 38, 148, 148, 84, 35, 148, 148, 148, 148, 88, 148, 25, 148, 37, 83, 148, 148, 148, 71, 148, 148, 148, 33, 106, 79, 18, 148, 148, 61, 86, 37, 148, 85, 14, 79, 148, 10, 148, 148, 148, 44, 6, 148, 148, 148, 78, 80, 148, 148, 70, 12, 148, 54, 148, 148, 148, 148, 82, 148, 87, 148, 83, 148, 148, 9, 80, 95, 10, 147, 19, 6, 85, 147, 147]
Memory usage at done (index 92, length 95, since_prev 1): 20008.87109375 MiB (Increase: 0.0 MiB)
Memory usage before reset: 20008.87109375 MiB (Increase: 0.0 MiB)
Memory usage after reset: 20008.87109375 MiB (Increase: 0.0 MiB)
Current lengths of episodes: [74, 4, 61, 149, 82, 149, 149, 149, 80, 149, 149, 149, 149, 149, 8, 2, 74, 38, 148, 148, 148, 89, 148, 148, 148, 148, 38, 148, 148, 84, 35, 148, 148, 148, 148, 88, 148, 25, 148, 37, 83, 148, 148, 148, 71, 148, 148, 148, 33, 106, 79, 18, 148, 148, 61, 86, 37, 148, 85, 14, 79, 148, 10, 148, 148, 148, 44, 6, 148, 148, 148, 78, 80, 148, 148, 70, 12, 148, 54, 148, 148, 148, 148, 82, 148, 87, 148, 83, 148, 148, 9, 80, 0, 11, 148, 20, 7, 86, 148, 148]
Memory usage at done (index 16, length 74, since_prev 1): 20008.87109375 MiB (Increase: 0.0 MiB)
Memory usage before reset: 20008.87109375 MiB (Increase: 0.0 MiB)
Memory usage after reset: 20008.87109375 MiB (Increase: 0.0 MiB)
Current lengths of episodes: [75, 5, 62, 150, 83, 150, 150, 150, 81, 150, 150, 150, 150, 150, 9, 3, 1, 40, 150, 150, 150, 91, 150, 150, 150, 150, 40, 150, 150, 86, 37, 150, 150, 150, 150, 90, 150, 26, 149, 38, 84, 149, 149, 149, 72, 149, 149, 149, 34, 107, 80, 19, 149, 149, 62, 87, 38, 149, 86, 15, 80, 149, 11, 149, 149, 149, 45, 7, 149, 149, 149, 79, 81, 149, 149, 71, 13, 149, 55, 149, 149, 149, 149, 83, 149, 88, 149, 84, 149, 149, 10, 81, 1, 12, 149, 21, 8, 87, 149, 149]
Memory usage at done (index 36, length 150, since_prev 1): 20008.87109375 MiB (Increase: 0.0 MiB)
Memory usage before reset: 20008.87109375 MiB (Increase: 0.0 MiB)
Memory usage after reset: 20008.87109375 MiB (Increase: 0.0 MiB)
Current lengths of episodes: [77, 7, 64, 152, 85, 152, 152, 152, 83, 152, 152, 152, 152, 152, 11, 5, 3, 42, 152, 152, 152, 93, 152, 152, 152, 152, 42, 152, 152, 88, 39, 152, 152, 152, 152, 92, 2, 29, 152, 41, 87, 152, 152, 152, 75, 152, 152, 152, 37, 110, 83, 22, 152, 152, 65, 90, 41, 152, 89, 18, 83, 152, 14, 152, 152, 152, 48, 10, 152, 151, 151, 81, 83, 151, 151, 73, 15, 151, 57, 151, 151, 151, 151, 85, 151, 90, 151, 86, 151, 151, 12, 83, 3, 14, 151, 23, 10, 89, 151, 151]
Memory usage at done (index 68, length 152, since_prev 2): 20008.87109375 MiB (Increase: 0.0 MiB)
Memory usage before reset: 20008.87109375 MiB (Increase: 0.0 MiB)
Memory usage after reset: 20008.87109375 MiB (Increase: 0.0 MiB)
Current lengths of episodes: [82, 12, 69, 157, 90, 157, 157, 157, 88, 157, 157, 157, 157, 157, 16, 10, 8, 47, 157, 157, 157, 98, 157, 157, 157, 157, 47, 157, 157, 93, 44, 157, 157, 157, 157, 97, 7, 34, 157, 46, 92, 157, 157, 157, 80, 157, 157, 157, 42, 115, 88, 27, 157, 157, 70, 95, 46, 157, 94, 23, 88, 157, 19, 157, 157, 157, 53, 15, 5, 157, 157, 87, 89, 157, 157, 79, 21, 157, 63, 157, 157, 157, 157, 91, 157, 96, 157, 92, 157, 157, 18, 89, 8, 19, 156, 28, 15, 94, 156, 156]
Memory usage at done (index 91, length 89, since_prev 5): 20008.87109375 MiB (Increase: 0.0 MiB)
Memory usage before reset: 20008.87109375 MiB (Increase: 0.0 MiB)
Memory usage after reset: 20008.87109375 MiB (Increase: 0.0 MiB)
Current lengths of episodes: [87, 17, 74, 162, 95, 162, 162, 162, 93, 161, 161, 161, 161, 161, 20, 14, 12, 51, 161, 161, 161, 102, 161, 161, 161, 161, 51, 161, 161, 97, 48, 161, 161, 161, 161, 101, 11, 38, 161, 50, 96, 161, 161, 161, 84, 161, 161, 161, 46, 119, 92, 31, 161, 161, 74, 99, 50, 161, 98, 27, 92, 161, 23, 161, 161, 161, 57, 19, 9, 161, 161, 91, 93, 161, 161, 83, 25, 161, 67, 161, 161, 161, 161, 95, 161, 100, 161, 96, 161, 161, 22, 4, 13, 24, 161, 33, 20, 99, 161, 161]
Memory usage at done (index 8, length 93, since_prev 5): 20008.87109375 MiB (Increase: 0.0 MiB)
Memory usage before reset: 20008.87109375 MiB (Increase: 0.0 MiB)
Memory usage after reset: 20008.87109375 MiB (Increase: 0.0 MiB)
Current lengths of episodes: [90, 19, 76, 164, 97, 164, 164, 164, 2, 164, 164, 164, 164, 164, 23, 17, 15, 54, 164, 164, 164, 105, 164, 164, 164, 164, 54, 164, 164, 100, 51, 164, 164, 164, 164, 104, 14, 41, 164, 53, 99, 164, 164, 164, 87, 164, 164, 164, 49, 122, 95, 34, 164, 164, 77, 102, 53, 164, 101, 30, 95, 164, 26, 164, 164, 164, 60, 22, 12, 164, 164, 94, 96, 164, 164, 86, 28, 164, 70, 164, 164, 164, 164, 98, 164, 103, 164, 99, 164, 164, 25, 7, 16, 27, 164, 36, 23, 102, 164, 164]
Memory usage at done (index 0, length 90, since_prev 3): 20008.87109375 MiB (Increase: 0.0 MiB)
Memory usage before reset: 20008.87109375 MiB (Increase: 0.0 MiB)
Memory usage after reset: 20008.87109375 MiB (Increase: 0.0 MiB)
Current lengths of episodes: [4, 24, 81, 169, 102, 169, 169, 169, 7, 169, 169, 169, 169, 169, 28, 22, 20, 59, 169, 169, 169, 110, 169, 169, 169, 169, 59, 169, 169, 105, 56, 169, 169, 169, 169, 109, 19, 46, 169, 58, 104, 169, 169, 169, 92, 169, 169, 169, 54, 127, 100, 39, 169, 169, 82, 107, 58, 168, 105, 34, 99, 168, 30, 168, 168, 168, 64, 26, 16, 168, 168, 98, 100, 168, 168, 90, 32, 168, 74, 168, 168, 168, 168, 102, 168, 107, 168, 103, 168, 168, 29, 11, 20, 31, 168, 40, 27, 106, 168, 168]
Memory usage at done (index 56, length 58, since_prev 4): 20008.87890625 MiB (Increase: 0.0078125 MiB)
Memory usage before reset: 20008.87890625 MiB (Increase: 0.0 MiB)
Memory usage after reset: 20008.87890625 MiB (Increase: 0.0 MiB)
Current lengths of episodes: [4, 24, 81, 169, 102, 169, 169, 169, 7, 169, 169, 169, 169, 169, 28, 22, 20, 59, 169, 169, 169, 110, 169, 169, 169, 169, 59, 169, 169, 105, 56, 169, 169, 169, 169, 109, 19, 46, 169, 58, 104, 169, 169, 169, 92, 169, 169, 169, 54, 127, 100, 39, 169, 169, 82, 107, 0, 169, 106, 35, 100, 169, 31, 169, 169, 169, 65, 27, 17, 169, 169, 99, 101, 169, 169, 91, 32, 168, 74, 168, 168, 168, 168, 102, 168, 107, 168, 103, 168, 168, 29, 11, 20, 31, 168, 40, 27, 106, 168, 168]
Memory usage at done (index 75, length 91, since_prev 0): 20008.87890625 MiB (Increase: 0.0 MiB)
Memory usage before reset: 20008.87890625 MiB (Increase: 0.0 MiB)
Memory usage after reset: 20008.87890625 MiB (Increase: 0.0 MiB)
Current lengths of episodes: [9, 29, 86, 174, 107, 174, 174, 174, 12, 174, 174, 174, 174, 174, 33, 27, 25, 64, 174, 174, 174, 115, 174, 174, 174, 174, 64, 174, 174, 110, 61, 174, 174, 174, 174, 114, 24, 51, 174, 63, 108, 173, 173, 173, 96, 173, 173, 173, 58, 131, 104, 43, 173, 173, 86, 111, 4, 173, 110, 39, 104, 173, 35, 173, 173, 173, 69, 31, 21, 173, 173, 103, 105, 173, 173, 4, 37, 173, 79, 173, 173, 173, 173, 107, 173, 112, 173, 108, 173, 173, 34, 16, 25, 36, 173, 45, 32, 111, 173, 173]
Memory usage at done (index 39, length 63, since_prev 5): 20008.87890625 MiB (Increase: 0.0 MiB)
Memory usage before reset: 20008.87890625 MiB (Increase: 0.0 MiB)
Memory usage after reset: 20008.87890625 MiB (Increase: 0.0 MiB)
Current lengths of episodes: [10, 30, 87, 174, 107, 174, 174, 174, 12, 174, 174, 174, 174, 174, 33, 27, 25, 64, 174, 174, 174, 115, 174, 174, 174, 174, 64, 174, 174, 110, 61, 174, 174, 174, 174, 114, 24, 51, 174, 0, 109, 174, 174, 174, 97, 174, 174, 174, 59, 132, 105, 44, 174, 174, 87, 112, 5, 174, 111, 40, 105, 174, 36, 174, 174, 174, 70, 32, 22, 174, 174, 104, 106, 174, 174, 5, 38, 174, 80, 174, 174, 174, 174, 108, 174, 113, 174, 109, 174, 174, 35, 17, 26, 37, 174, 46, 33, 112, 174, 174]
Memory usage at done (index 2, length 87, since_prev 1): 20008.87890625 MiB (Increase: 0.0 MiB)
Memory usage before reset: 20008.87890625 MiB (Increase: 0.0 MiB)
Memory usage after reset: 20008.87890625 MiB (Increase: 0.0 MiB)
Current lengths of episodes: [13, 33, 3, 178, 111, 178, 178, 178, 16, 178, 178, 178, 178, 178, 37, 31, 29, 68, 178, 178, 178, 119, 178, 178, 178, 178, 68, 178, 178, 114, 65, 178, 178, 178, 178, 118, 28, 55, 178, 4, 113, 178, 178, 178, 101, 178, 178, 178, 63, 136, 109, 48, 178, 178, 91, 116, 9, 178, 115, 44, 108, 177, 39, 177, 177, 177, 73, 35, 25, 177, 177, 107, 109, 177, 177, 8, 41, 177, 83, 177, 177, 177, 177, 111, 177, 116, 177, 112, 177, 177, 38, 20, 29, 40, 177, 49, 36, 115, 177, 177]
Memory usage at done (index 59, length 44, since_prev 3): 20008.87890625 MiB (Increase: 0.0 MiB)
Memory usage before reset: 20008.87890625 MiB (Increase: 0.0 MiB)
Memory usage after reset: 20008.87890625 MiB (Increase: 0.0 MiB)
Current lengths of episodes: [13, 33, 3, 178, 111, 178, 178, 178, 16, 178, 178, 178, 178, 178, 37, 31, 29, 68, 178, 178, 178, 119, 178, 178, 178, 178, 68, 178, 178, 114, 65, 178, 178, 178, 178, 118, 28, 55, 178, 4, 113, 178, 178, 178, 101, 178, 178, 178, 63, 136, 109, 48, 178, 178, 91, 116, 9, 178, 115, 0, 109, 178, 40, 178, 178, 178, 74, 35, 25, 177, 177, 107, 109, 177, 177, 8, 41, 177, 83, 177, 177, 177, 177, 111, 177, 116, 177, 112, 177, 177, 38, 20, 29, 40, 177, 49, 36, 115, 177, 177]
Memory usage at done (index 66, length 74, since_prev 0): 20008.87890625 MiB (Increase: 0.0 MiB)
Memory usage before reset: 20008.87890625 MiB (Increase: 0.0 MiB)
Memory usage after reset: 20008.87890625 MiB (Increase: 0.0 MiB)
Current lengths of episodes: [15, 35, 5, 180, 113, 180, 180, 180, 18, 180, 180, 180, 180, 180, 39, 33, 31, 70, 180, 180, 180, 121, 180, 180, 180, 180, 70, 180, 180, 116, 67, 180, 180, 180, 180, 120, 30, 57, 180, 6, 115, 180, 180, 180, 103, 180, 180, 180, 65, 138, 111, 50, 180, 180, 93, 118, 11, 180, 117, 2, 111, 179, 41, 179, 179, 179, 1, 37, 27, 179, 179, 109, 111, 179, 179, 10, 43, 179, 85, 179, 179, 179, 179, 113, 179, 118, 179, 114, 179, 179, 40, 22, 31, 42, 179, 51, 38, 117, 179, 179]
Memory usage at done (index 60, length 111, since_prev 2): 20008.87890625 MiB (Increase: 0.0 MiB)
Memory usage before reset: 20008.87890625 MiB (Increase: 0.0 MiB)
Memory usage after reset: 20008.87890625 MiB (Increase: 0.0 MiB)
Current lengths of episodes: [15, 35, 5, 180, 113, 180, 180, 180, 18, 180, 180, 180, 180, 180, 39, 33, 31, 70, 180, 180, 180, 121, 180, 180, 180, 180, 70, 180, 180, 116, 67, 180, 180, 180, 180, 120, 30, 57, 180, 6, 115, 180, 180, 180, 103, 180, 180, 180, 65, 138, 111, 50, 180, 180, 93, 118, 11, 180, 117, 2, 0, 180, 42, 180, 180, 180, 2, 38, 28, 180, 180, 110, 112, 179, 179, 10, 43, 179, 85, 179, 179, 179, 179, 113, 179, 118, 179, 114, 179, 179, 40, 22, 31, 42, 179, 51, 38, 117, 179, 179]
Memory usage at done (index 72, length 112, since_prev 0): 20008.87890625 MiB (Increase: 0.0 MiB)
Memory usage before reset: 20008.87890625 MiB (Increase: 0.0 MiB)
Memory usage after reset: 20008.87890625 MiB (Increase: 0.0 MiB)
Current lengths of episodes: [18, 38, 8, 183, 116, 183, 183, 183, 21, 183, 183, 183, 183, 183, 42, 36, 34, 73, 183, 183, 183, 124, 183, 183, 183, 183, 73, 183, 183, 119, 70, 183, 183, 183, 183, 123, 33, 60, 183, 9, 118, 183, 183, 183, 106, 183, 183, 183, 68, 141, 114, 53, 183, 183, 96, 121, 14, 183, 120, 5, 3, 183, 45, 183, 183, 183, 5, 41, 31, 183, 183, 113, 2, 182, 182, 13, 46, 182, 88, 182, 182, 182, 182, 116, 182, 121, 182, 117, 182, 182, 43, 25, 34, 45, 182, 54, 41, 120, 182, 182]
Memory usage at done (index 71, length 113, since_prev 3): 20008.87890625 MiB (Increase: 0.0 MiB)
Memory usage before reset: 20008.87890625 MiB (Increase: 0.0 MiB)
Memory usage after reset: 20008.87890625 MiB (Increase: 0.0 MiB)
Current lengths of episodes: [20, 40, 10, 185, 118, 185, 185, 185, 23, 185, 185, 185, 185, 185, 44, 38, 36, 75, 185, 185, 185, 126, 185, 185, 185, 185, 75, 185, 185, 121, 72, 185, 185, 185, 185, 125, 35, 62, 185, 11, 120, 185, 185, 185, 108, 185, 185, 185, 70, 143, 116, 55, 185, 185, 98, 123, 16, 185, 122, 7, 5, 185, 47, 185, 185, 185, 7, 43, 33, 185, 185, 2, 5, 185, 185, 16, 49, 185, 91, 185, 185, 185, 185, 119, 185, 124, 185, 120, 185, 185, 46, 28, 37, 48, 185, 57, 43, 122, 184, 184]
Memory usage at done (index 95, length 57, since_prev 2): 20008.87890625 MiB (Increase: 0.0 MiB)
Memory usage before reset: 20008.87890625 MiB (Increase: 0.0 MiB)
Memory usage after reset: 20008.87890625 MiB (Increase: 0.0 MiB)
Current lengths of episodes: [21, 41, 11, 186, 119, 186, 186, 186, 24, 186, 186, 186, 186, 186, 45, 39, 37, 76, 186, 186, 186, 127, 186, 186, 186, 186, 76, 186, 186, 122, 73, 186, 186, 186, 186, 126, 36, 63, 186, 12, 121, 186, 186, 186, 109, 186, 186, 186, 71, 144, 117, 56, 186, 186, 99, 124, 17, 186, 123, 8, 6, 186, 48, 186, 186, 186, 8, 44, 34, 186, 186, 3, 6, 186, 186, 17, 50, 186, 92, 185, 185, 185, 185, 119, 185, 124, 185, 120, 185, 185, 46, 28, 37, 48, 185, 0, 44, 123, 185, 185]
Memory usage at done (index 78, length 92, since_prev 1): 20008.87890625 MiB (Increase: 0.0 MiB)
Memory usage before reset: 20008.87890625 MiB (Increase: 0.0 MiB)
Memory usage after reset: 20008.87890625 MiB (Increase: 0.0 MiB)
Current lengths of episodes: [22, 42, 12, 187, 120, 187, 187, 187, 25, 187, 187, 187, 187, 187, 46, 40, 38, 77, 187, 187, 187, 128, 187, 187, 187, 187, 77, 187, 187, 123, 74, 187, 187, 187, 187, 126, 36, 63, 186, 12, 121, 186, 186, 186, 109, 186, 186, 186, 71, 144, 117, 56, 186, 186, 99, 124, 17, 186, 123, 8, 6, 186, 48, 186, 186, 186, 8, 44, 34, 186, 186, 3, 6, 186, 186, 17, 50, 186, 0, 186, 186, 186, 186, 120, 186, 125, 186, 121, 186, 186, 47, 29, 38, 49, 186, 1, 45, 124, 186, 186]
Memory usage at done (index 34, length 187, since_prev 1): 20008.8828125 MiB (Increase: 0.00390625 MiB)
Memory usage before reset: 20008.8828125 MiB (Increase: 0.0 MiB)
Memory usage after reset: 20008.8828125 MiB (Increase: 0.0 MiB)
Current lengths of episodes: [26, 46, 16, 191, 124, 191, 191, 191, 29, 191, 191, 191, 191, 191, 50, 44, 42, 81, 191, 191, 191, 132, 191, 191, 191, 191, 81, 191, 191, 127, 78, 191, 191, 191, 4, 131, 41, 68, 191, 17, 126, 191, 191, 191, 114, 191, 191, 191, 76, 149, 122, 61, 191, 191, 104, 129, 22, 191, 128, 13, 11, 191, 53, 191, 191, 191, 13, 49, 39, 191, 191, 8, 11, 191, 191, 22, 55, 190, 4, 190, 190, 190, 190, 124, 190, 129, 190, 125, 190, 190, 51, 33, 42, 53, 190, 5, 49, 128, 190, 190]
Memory usage at done (index 76, length 55, since_prev 4): 20008.88671875 MiB (Increase: 0.00390625 MiB)
Memory usage before reset: 20008.88671875 MiB (Increase: 0.0 MiB)
Memory usage after reset: 20008.88671875 MiB (Increase: 0.0 MiB)
Current lengths of episodes: [31, 51, 21, 196, 129, 196, 196, 196, 34, 196, 196, 196, 196, 196, 55, 49, 47, 86, 196, 196, 196, 137, 196, 196, 196, 196, 86, 196, 196, 132, 83, 196, 196, 196, 9, 136, 46, 73, 196, 22, 131, 196, 196, 196, 119, 196, 196, 196, 81, 154, 127, 66, 196, 196, 109, 134, 27, 196, 133, 18, 16, 196, 58, 196, 196, 196, 18, 54, 44, 196, 196, 13, 16, 196, 196, 27, 5, 196, 10, 196, 196, 196, 196, 130, 196, 135, 196, 131, 196, 196, 57, 39, 48, 59, 196, 11, 55, 133, 195, 195]
Memory usage at done (index 96, length 55, since_prev 5): 20008.88671875 MiB (Increase: 0.0 MiB)
Memory usage before reset: 20008.88671875 MiB (Increase: 0.0 MiB)
Memory usage after reset: 20008.88671875 MiB (Increase: 0.0 MiB)
Current lengths of episodes: [34, 54, 24, 199, 132, 199, 199, 199, 37, 199, 199, 199, 199, 199, 58, 51, 49, 88, 198, 198, 198, 139, 198, 198, 198, 198, 88, 198, 198, 134, 85, 198, 198, 198, 11, 138, 48, 75, 198, 24, 133, 198, 198, 198, 121, 198, 198, 198, 83, 156, 129, 68, 198, 198, 111, 136, 29, 198, 135, 20, 18, 198, 60, 198, 198, 198, 20, 56, 46, 198, 198, 15, 18, 198, 198, 29, 7, 198, 12, 198, 198, 198, 198, 132, 198, 137, 198, 133, 198, 198, 59, 41, 50, 61, 198, 13, 2, 136, 198, 198]
Memory usage at done (index 14, length 58, since_prev 3): 20008.88671875 MiB (Increase: 0.0 MiB)
Memory usage before reset: 20008.88671875 MiB (Increase: 0.0 MiB)
Memory usage after reset: 20008.88671875 MiB (Increase: 0.0 MiB)
Current lengths of episodes: [36, 56, 26, 201, 134, 201, 201, 201, 39, 201, 201, 201, 201, 201, 2, 54, 52, 91, 201, 201, 201, 142, 201, 201, 201, 201, 91, 201, 201, 137, 88, 201, 201, 201, 14, 141, 51, 78, 201, 27, 136, 201, 201, 201, 124, 201, 201, 201, 86, 159, 132, 71, 200, 200, 113, 138, 31, 200, 137, 22, 20, 200, 62, 200, 200, 200, 22, 58, 48, 200, 200, 17, 20, 200, 200, 31, 9, 200, 14, 200, 200, 200, 200, 134, 200, 139, 200, 135, 200, 200, 61, 43, 52, 63, 200, 15, 4, 138, 200, 200]
Memory usage at done (index 51, length 71, since_prev 2): 20008.88671875 MiB (Increase: 0.0 MiB)
Memory usage before reset: 20008.88671875 MiB (Increase: 0.0 MiB)
Memory usage after reset: 20008.88671875 MiB (Increase: 0.0 MiB)
Current lengths of episodes: [44, 64, 34, 209, 142, 209, 209, 209, 47, 209, 209, 209, 209, 209, 10, 62, 60, 99, 208, 208, 208, 149, 208, 208, 208, 208, 98, 208, 208, 144, 95, 208, 208, 208, 21, 148, 58, 85, 208, 34, 143, 208, 208, 208, 131, 208, 208, 208, 93, 166, 139, 7, 208, 208, 121, 146, 39, 208, 145, 30, 28, 208, 70, 208, 208, 208, 30, 66, 56, 208, 208, 25, 28, 208, 208, 39, 17, 208, 22, 208, 208, 208, 208, 142, 208, 147, 208, 143, 208, 208, 69, 51, 60, 71, 208, 23, 12, 146, 208, 208]
Memory usage at done (index 17, length 99, since_prev 8): 20008.88671875 MiB (Increase: 0.0 MiB)
Memory usage before reset: 20008.88671875 MiB (Increase: 0.0 MiB)
Memory usage after reset: 20008.88671875 MiB (Increase: 0.0 MiB)
Current lengths of episodes: [53, 73, 43, 218, 151, 218, 218, 218, 56, 218, 218, 218, 218, 218, 19, 71, 69, 9, 218, 218, 218, 159, 218, 218, 218, 218, 108, 218, 218, 154, 105, 218, 218, 218, 31, 158, 68, 95, 218, 44, 153, 218, 218, 218, 141, 218, 218, 218, 103, 176, 149, 17, 218, 218, 131, 156, 49, 218, 155, 40, 38, 218, 80, 218, 218, 218, 40, 76, 66, 218, 218, 35, 38, 218, 218, 49, 27, 218, 32, 218, 218, 218, 218, 152, 218, 157, 218, 153, 218, 218, 79, 61, 70, 81, 217, 32, 21, 155, 217, 217]
Memory usage at done (index 93, length 81, since_prev 9): 20008.88671875 MiB (Increase: 0.0 MiB)
Memory usage before reset: 20008.88671875 MiB (Increase: 0.0 MiB)
Memory usage after reset: 20008.88671875 MiB (Increase: 0.0 MiB)
Current lengths of episodes: [58, 78, 48, 223, 156, 223, 223, 223, 61, 223, 223, 223, 223, 223, 24, 76, 74, 14, 223, 223, 223, 164, 223, 223, 223, 223, 113, 223, 223, 159, 110, 223, 223, 223, 36, 163, 73, 100, 223, 49, 158, 223, 223, 223, 146, 223, 223, 223, 108, 181, 154, 22, 223, 223, 136, 161, 54, 223, 160, 45, 43, 223, 85, 223, 223, 223, 45, 81, 71, 223, 223, 40, 43, 223, 223, 54, 32, 223, 37, 223, 223, 223, 223, 157, 223, 162, 223, 158, 223, 223, 84, 66, 75, 4, 222, 37, 26, 160, 222, 222]
Memory usage at done (index 92, length 75, since_prev 5): 20008.88671875 MiB (Increase: 0.0 MiB)
Memory usage before reset: 20008.88671875 MiB (Increase: 0.0 MiB)
Memory usage after reset: 20008.88671875 MiB (Increase: 0.0 MiB)
Current lengths of episodes: [70, 90, 60, 235, 168, 235, 235, 235, 73, 235, 235, 235, 235, 235, 36, 88, 86, 26, 235, 235, 235, 176, 235, 235, 235, 235, 125, 235, 235, 171, 122, 235, 235, 235, 48, 175, 85, 112, 235, 61, 170, 235, 235, 235, 158, 235, 235, 235, 120, 193, 166, 34, 235, 235, 148, 173, 66, 235, 172, 57, 55, 235, 97, 235, 235, 235, 57, 93, 83, 235, 235, 52, 55, 235, 235, 66, 43, 234, 48, 234, 234, 234, 234, 168, 234, 173, 234, 169, 234, 234, 95, 77, 11, 16, 234, 49, 38, 172, 234, 234]
Memory usage at done (index 75, length 66, since_prev 12): 20008.88671875 MiB (Increase: 0.0 MiB)
Memory usage before reset: 20008.88671875 MiB (Increase: 0.0 MiB)
Memory usage after reset: 20008.88671875 MiB (Increase: 0.0 MiB)
Current lengths of episodes: [70, 90, 60, 235, 168, 235, 235, 235, 73, 235, 235, 235, 235, 235, 36, 88, 86, 26, 235, 235, 235, 176, 235, 235, 235, 235, 125, 235, 235, 171, 122, 235, 235, 235, 48, 175, 85, 112, 235, 61, 170, 235, 235, 235, 158, 235, 235, 235, 120, 193, 166, 34, 235, 235, 148, 173, 66, 235, 172, 57, 55, 235, 97, 235, 235, 235, 57, 93, 83, 235, 235, 52, 55, 235, 235, 0, 44, 235, 49, 234, 234, 234, 234, 168, 234, 173, 234, 169, 234, 234, 95, 77, 11, 16, 234, 49, 38, 172, 234, 234]
Memory usage at done (index 78, length 49, since_prev 0): 20008.88671875 MiB (Increase: 0.0 MiB)
Memory usage before reset: 20008.88671875 MiB (Increase: 0.0 MiB)
Memory usage after reset: 20008.88671875 MiB (Increase: 0.0 MiB)
Current lengths of episodes: [73, 93, 63, 237, 170, 237, 237, 237, 75, 237, 237, 237, 237, 237, 38, 90, 88, 28, 237, 237, 237, 178, 237, 237, 237, 237, 127, 237, 237, 173, 124, 237, 237, 237, 50, 177, 87, 114, 237, 63, 172, 237, 237, 237, 160, 237, 237, 237, 122, 195, 168, 36, 237, 237, 150, 175, 68, 237, 174, 59, 57, 237, 99, 237, 237, 237, 59, 95, 85, 237, 237, 54, 57, 237, 237, 2, 46, 237, 2, 237, 237, 237, 237, 171, 237, 176, 237, 172, 237, 237, 98, 80, 14, 19, 237, 52, 41, 175, 237, 237]
Memory usage at done (index 2, length 63, since_prev 3): 20008.88671875 MiB (Increase: 0.0 MiB)
Memory usage before reset: 20008.88671875 MiB (Increase: 0.0 MiB)
Memory usage after reset: 20008.88671875 MiB (Increase: 0.0 MiB)
Current lengths of episodes: [76, 96, 3, 241, 174, 241, 241, 241, 79, 241, 241, 241, 241, 241, 42, 94, 92, 32, 241, 241, 241, 182, 241, 241, 241, 241, 131, 241, 241, 177, 128, 241, 241, 241, 54, 181, 91, 117, 240, 66, 175, 240, 240, 240, 163, 240, 240, 240, 125, 198, 171, 39, 240, 240, 153, 178, 71, 240, 177, 62, 60, 240, 102, 240, 240, 240, 62, 98, 88, 240, 240, 57, 60, 240, 240, 5, 49, 240, 5, 240, 240, 240, 240, 174, 240, 179, 240, 175, 240, 240, 101, 83, 17, 22, 240, 55, 44, 178, 240, 240]
Memory usage at done (index 36, length 91, since_prev 3): 20008.89453125 MiB (Increase: 0.0078125 MiB)
Memory usage before reset: 20008.89453125 MiB (Increase: 0.0 MiB)
Memory usage after reset: 20008.89453125 MiB (Increase: 0.0 MiB)
Current lengths of episodes: [76, 96, 3, 241, 174, 241, 241, 241, 79, 241, 241, 241, 241, 241, 42, 94, 92, 32, 241, 241, 241, 182, 241, 241, 241, 241, 131, 241, 241, 177, 128, 241, 241, 241, 54, 181, 0, 118, 241, 67, 176, 241, 241, 241, 164, 241, 241, 241, 126, 199, 172, 40, 241, 241, 154, 179, 72, 241, 178, 63, 61, 241, 103, 241, 241, 241, 63, 98, 88, 240, 240, 57, 60, 240, 240, 5, 49, 240, 5, 240, 240, 240, 240, 174, 240, 179, 240, 175, 240, 240, 101, 83, 17, 22, 240, 55, 44, 178, 240, 240]
Memory usage at done (index 66, length 63, since_prev 0): 20008.89453125 MiB (Increase: 0.0 MiB)
Memory usage before reset: 20008.89453125 MiB (Increase: 0.0 MiB)
Memory usage after reset: 20008.89453125 MiB (Increase: 0.0 MiB)
Current lengths of episodes: [80, 100, 7, 245, 178, 245, 245, 245, 83, 245, 245, 245, 245, 245, 46, 98, 96, 36, 245, 245, 245, 186, 245, 245, 245, 245, 135, 245, 245, 181, 132, 245, 245, 245, 58, 185, 4, 122, 245, 71, 180, 245, 245, 245, 168, 245, 245, 245, 130, 203, 176, 44, 245, 245, 158, 183, 76, 245, 182, 67, 64, 244, 106, 244, 244, 244, 3, 102, 92, 244, 244, 61, 64, 244, 244, 9, 53, 244, 9, 244, 244, 244, 244, 178, 244, 183, 244, 179, 244, 244, 105, 87, 21, 26, 244, 59, 48, 182, 244, 244]
Memory usage at done (index 59, length 67, since_prev 4): 20008.89453125 MiB (Increase: 0.0 MiB)
Memory usage before reset: 20008.89453125 MiB (Increase: 0.0 MiB)
Memory usage after reset: 20008.89453125 MiB (Increase: 0.0 MiB)
Current lengths of episodes: [80, 100, 7, 245, 178, 245, 245, 245, 83, 245, 245, 245, 245, 245, 46, 98, 96, 36, 245, 245, 245, 186, 245, 245, 245, 245, 135, 245, 245, 181, 132, 245, 245, 245, 58, 185, 4, 122, 245, 71, 180, 245, 245, 245, 168, 245, 245, 245, 130, 203, 176, 44, 245, 245, 158, 183, 76, 245, 182, 0, 65, 245, 107, 245, 245, 245, 4, 103, 93, 244, 244, 61, 64, 244, 244, 9, 53, 244, 9, 244, 244, 244, 244, 178, 244, 183, 244, 179, 244, 244, 105, 87, 21, 26, 244, 59, 48, 182, 244, 244]
Memory usage at done (index 68, length 93, since_prev 0): 20008.89453125 MiB (Increase: 0.0 MiB)
Memory usage before reset: 20008.89453125 MiB (Increase: 0.0 MiB)
Memory usage after reset: 20008.89453125 MiB (Increase: 0.0 MiB)
Current lengths of episodes: [87, 107, 14, 252, 185, 252, 252, 252, 90, 252, 252, 252, 252, 252, 53, 105, 103, 43, 252, 252, 252, 193, 252, 252, 252, 252, 142, 252, 252, 188, 139, 252, 252, 252, 65, 191, 10, 128, 251, 77, 186, 251, 251, 251, 174, 251, 251, 251, 136, 209, 182, 50, 251, 251, 164, 189, 82, 251, 188, 6, 71, 251, 113, 251, 251, 251, 10, 109, 6, 251, 251, 68, 71, 251, 251, 16, 60, 251, 16, 251, 251, 251, 251, 185, 251, 190, 251, 186, 251, 251, 112, 94, 28, 33, 251, 66, 55, 189, 251, 251]
Memory usage at done (index 34, length 65, since_prev 7): 20008.89453125 MiB (Increase: 0.0 MiB)
Memory usage before reset: 20008.89453125 MiB (Increase: 0.0 MiB)
Memory usage after reset: 20008.89453125 MiB (Increase: 0.0 MiB)
Current lengths of episodes: [90, 110, 17, 255, 188, 255, 255, 255, 93, 255, 255, 255, 255, 255, 56, 108, 106, 46, 255, 255, 255, 196, 255, 255, 255, 255, 145, 255, 255, 191, 142, 255, 255, 255, 3, 195, 14, 132, 255, 81, 190, 255, 255, 255, 178, 255, 255, 255, 140, 213, 186, 54, 255, 255, 168, 193, 86, 255, 192, 10, 75, 255, 117, 255, 255, 255, 14, 113, 10, 255, 255, 72, 74, 254, 254, 19, 63, 254, 19, 254, 254, 254, 254, 188, 254, 193, 254, 189, 254, 254, 115, 97, 31, 36, 254, 69, 58, 192, 254, 254]
Memory usage at done (index 71, length 72, since_prev 3): 20008.89453125 MiB (Increase: 0.0 MiB)
Memory usage before reset: 20008.89453125 MiB (Increase: 0.0 MiB)
Memory usage after reset: 20008.89453125 MiB (Increase: 0.0 MiB)
Current lengths of episodes: [96, 116, 23, 261, 194, 261, 261, 261, 99, 261, 261, 261, 261, 261, 62, 114, 112, 52, 261, 261, 261, 202, 261, 261, 261, 261, 151, 261, 261, 197, 148, 261, 261, 261, 9, 201, 20, 138, 261, 87, 196, 261, 261, 261, 184, 261, 261, 261, 146, 219, 192, 60, 261, 261, 174, 199, 92, 261, 198, 16, 81, 261, 123, 261, 261, 261, 20, 119, 16, 261, 261, 6, 81, 261, 261, 26, 70, 261, 26, 261, 261, 261, 261, 195, 261, 200, 261, 196, 261, 261, 122, 104, 38, 43, 261, 76, 64, 198, 260, 260]
Memory usage at done (index 95, length 76, since_prev 6): 20008.89453125 MiB (Increase: 0.0 MiB)
Memory usage before reset: 20008.89453125 MiB (Increase: 0.0 MiB)
Memory usage after reset: 20008.89453125 MiB (Increase: 0.0 MiB)
Current lengths of episodes: [98, 118, 25, 263, 196, 263, 263, 263, 101, 263, 263, 263, 263, 263, 64, 116, 114, 54, 263, 263, 263, 204, 263, 263, 263, 263, 153, 263, 263, 199, 150, 263, 263, 263, 11, 203, 22, 140, 263, 89, 198, 263, 263, 263, 186, 263, 263, 263, 148, 221, 194, 62, 262, 262, 175, 200, 93, 262, 199, 17, 82, 262, 124, 262, 262, 262, 21, 120, 17, 262, 262, 7, 82, 262, 262, 27, 71, 262, 27, 262, 262, 262, 262, 196, 262, 201, 262, 197, 262, 262, 123, 105, 39, 44, 262, 1, 66, 200, 262, 262]
Memory usage at done (index 51, length 62, since_prev 2): 20008.89453125 MiB (Increase: 0.0 MiB)
Memory usage before reset: 20008.89453125 MiB (Increase: 0.0 MiB)
Memory usage after reset: 20008.89453125 MiB (Increase: 0.0 MiB)
Current lengths of episodes: [100, 120, 27, 265, 198, 265, 265, 265, 103, 265, 265, 265, 265, 265, 66, 118, 116, 56, 265, 265, 265, 206, 265, 265, 265, 265, 155, 265, 265, 201, 152, 265, 265, 265, 13, 205, 24, 142, 265, 91, 200, 265, 265, 265, 188, 265, 265, 265, 150, 223, 196, 2, 265, 265, 178, 203, 96, 265, 202, 20, 85, 265, 127, 265, 265, 265, 24, 123, 20, 265, 265, 10, 85, 265, 265, 30, 74, 265, 30, 265, 265, 265, 265, 199, 265, 204, 265, 200, 265, 265, 126, 108, 41, 46, 264, 3, 68, 202, 264, 264]
Memory usage at done (index 91, length 108, since_prev 2): 20008.89453125 MiB (Increase: 0.0 MiB)
Memory usage before reset: 20008.89453125 MiB (Increase: 0.0 MiB)
Memory usage after reset: 20008.89453125 MiB (Increase: 0.0 MiB)
Current lengths of episodes: [112, 132, 39, 277, 210, 277, 277, 277, 115, 277, 277, 277, 277, 277, 78, 129, 127, 67, 276, 276, 276, 217, 276, 276, 276, 276, 166, 276, 276, 212, 163, 276, 276, 276, 24, 216, 35, 153, 276, 102, 211, 276, 276, 276, 199, 276, 276, 276, 161, 234, 207, 13, 276, 276, 189, 214, 107, 276, 213, 31, 96, 276, 138, 276, 276, 276, 35, 134, 31, 276, 276, 21, 96, 276, 276, 41, 85, 276, 41, 276, 276, 276, 276, 210, 276, 215, 276, 211, 276, 276, 137, 11, 53, 58, 276, 15, 80, 214, 276, 276]
Memory usage at done (index 14, length 78, since_prev 12): 20188.1953125 MiB (Increase: 179.30078125 MiB)
Memory usage before reset: 20188.1953125 MiB (Increase: 0.0 MiB)
Memory usage after reset: 20191.16015625 MiB (Increase: 2.96484375 MiB)
Training episode 500
Memory usage at middle: 20191.16015625 MiB (Increase: 0.0 MiB)
Memory usage before collect: 20191.328125 MiB (Increase: 0.16796875 MiB)
Memory usage after collect: 20191.328125 MiB (Increase: 0.0 MiB)
Episode 500	Average evaluation: -98.29802578244917
Memory usage before initialization: 20191.328125 MiB (Increase: 0.0 MiB)
Memory usage after initialization: 20191.328125 MiB (Increase: 0.0 MiB)
Current lengths of episodes: [42, 42, 42, 42, 42, 42, 42, 42, 42, 42, 42, 42, 42, 42, 42, 42, 42, 42, 42, 42, 42, 42, 42, 42, 42, 42, 42, 42, 42, 42, 42, 42, 42, 42, 42, 42, 42, 42, 42, 42, 42, 42, 42, 42, 42, 42, 42, 42, 41, 41, 41, 41, 41, 41, 41, 41, 41, 41, 41, 41, 41, 41, 41, 41, 41, 41, 41, 41, 41, 41, 41, 41, 41, 41, 41, 41, 41, 41, 41, 41, 41, 41, 41, 41, 41, 41, 41, 41, 41, 41, 41, 41, 41, 41, 41, 41, 41, 41, 41, 41]
Memory usage at done (index 47, length 42, since_prev 42): 20191.328125 MiB (Increase: 0.0 MiB)
Memory usage before reset: 20191.328125 MiB (Increase: 0.0 MiB)
Memory usage after reset: 20191.328125 MiB (Increase: 0.0 MiB)
Current lengths of episodes: [45, 45, 45, 45, 45, 45, 45, 45, 45, 45, 45, 45, 45, 45, 45, 45, 45, 45, 45, 45, 45, 45, 45, 45, 45, 45, 45, 45, 45, 45, 45, 45, 45, 45, 45, 45, 45, 45, 45, 45, 45, 44, 44, 44, 44, 44, 44, 2, 44, 44, 44, 44, 44, 44, 44, 44, 44, 44, 44, 44, 44, 44, 44, 44, 44, 44, 44, 44, 44, 44, 44, 44, 44, 44, 44, 44, 44, 44, 44, 44, 44, 44, 44, 44, 44, 44, 44, 44, 44, 44, 44, 44, 44, 44, 44, 44, 44, 44, 44, 44]
Memory usage at done (index 40, length 45, since_prev 3): 20191.328125 MiB (Increase: 0.0 MiB)
Memory usage before reset: 20191.328125 MiB (Increase: 0.0 MiB)
Memory usage after reset: 20191.328125 MiB (Increase: 0.0 MiB)
Current lengths of episodes: [47, 47, 47, 47, 47, 47, 47, 47, 47, 47, 47, 47, 47, 47, 47, 47, 47, 47, 47, 47, 47, 47, 47, 47, 47, 47, 47, 47, 47, 47, 47, 47, 47, 47, 47, 47, 47, 47, 47, 47, 2, 47, 47, 47, 47, 47, 47, 5, 47, 47, 47, 47, 46, 46, 46, 46, 46, 46, 46, 46, 46, 46, 46, 46, 46, 46, 46, 46, 46, 46, 46, 46, 46, 46, 46, 46, 46, 46, 46, 46, 46, 46, 46, 46, 46, 46, 46, 46, 46, 46, 46, 46, 46, 46, 46, 46, 46, 46, 46, 46]
Memory usage at done (index 51, length 47, since_prev 2): 20191.328125 MiB (Increase: 0.0 MiB)
Memory usage before reset: 20191.328125 MiB (Increase: 0.0 MiB)
Memory usage after reset: 20191.328125 MiB (Increase: 0.0 MiB)
Current lengths of episodes: [54, 54, 54, 54, 54, 54, 54, 54, 54, 54, 54, 54, 54, 54, 54, 54, 54, 54, 54, 54, 54, 54, 54, 54, 54, 53, 53, 53, 53, 53, 53, 53, 53, 53, 53, 53, 53, 53, 53, 53, 8, 53, 53, 53, 53, 53, 53, 11, 53, 53, 53, 6, 53, 53, 53, 53, 53, 53, 53, 53, 53, 53, 53, 53, 53, 53, 53, 53, 53, 53, 53, 53, 53, 53, 53, 53, 53, 53, 53, 53, 53, 53, 53, 53, 53, 53, 53, 53, 53, 53, 53, 53, 53, 53, 53, 53, 53, 53, 53, 53]
Memory usage at done (index 24, length 54, since_prev 7): 20191.328125 MiB (Increase: 0.0 MiB)
Memory usage before reset: 20191.328125 MiB (Increase: 0.0 MiB)
Memory usage after reset: 20191.328125 MiB (Increase: 0.0 MiB)
Current lengths of episodes: [55, 55, 55, 55, 54, 54, 54, 54, 54, 54, 54, 54, 54, 54, 54, 54, 54, 54, 54, 54, 54, 54, 54, 54, 0, 54, 54, 54, 54, 54, 54, 54, 54, 54, 54, 54, 54, 54, 54, 54, 9, 54, 54, 54, 54, 54, 54, 12, 54, 54, 54, 7, 54, 54, 54, 54, 54, 54, 54, 54, 54, 54, 54, 54, 54, 54, 54, 54, 54, 54, 54, 54, 54, 54, 54, 54, 54, 54, 54, 54, 54, 54, 54, 54, 54, 54, 54, 54, 54, 54, 54, 54, 54, 54, 54, 54, 54, 54, 54, 54]
Memory usage at done (index 3, length 55, since_prev 1): 20191.328125 MiB (Increase: 0.0 MiB)
Memory usage before reset: 20191.328125 MiB (Increase: 0.0 MiB)
Memory usage after reset: 20191.328125 MiB (Increase: 0.0 MiB)
Current lengths of episodes: [55, 55, 55, 0, 55, 55, 55, 55, 55, 55, 55, 55, 55, 55, 55, 55, 55, 55, 55, 55, 55, 55, 55, 55, 1, 55, 55, 55, 55, 55, 55, 55, 55, 55, 55, 55, 55, 55, 55, 55, 10, 55, 55, 55, 55, 55, 55, 13, 55, 55, 55, 8, 55, 55, 55, 55, 55, 55, 55, 55, 55, 55, 55, 55, 55, 55, 55, 55, 55, 55, 55, 55, 55, 55, 55, 55, 55, 55, 55, 55, 55, 54, 54, 54, 54, 54, 54, 54, 54, 54, 54, 54, 54, 54, 54, 54, 54, 54, 54, 54]
Memory usage at done (index 80, length 55, since_prev 0): 20191.328125 MiB (Increase: 0.0 MiB)
Memory usage before reset: 20191.328125 MiB (Increase: 0.0 MiB)
Memory usage after reset: 20191.328125 MiB (Increase: 0.0 MiB)
Current lengths of episodes: [56, 56, 56, 1, 56, 56, 56, 56, 56, 56, 56, 56, 56, 56, 56, 56, 56, 56, 56, 56, 56, 56, 56, 56, 2, 56, 56, 56, 56, 56, 56, 56, 56, 56, 56, 56, 56, 56, 56, 56, 11, 56, 56, 56, 56, 56, 55, 13, 55, 55, 55, 8, 55, 55, 55, 55, 55, 55, 55, 55, 55, 55, 55, 55, 55, 55, 55, 55, 55, 55, 55, 55, 55, 55, 55, 55, 55, 55, 55, 55, 0, 55, 55, 55, 55, 55, 55, 55, 55, 55, 55, 55, 55, 55, 55, 55, 55, 55, 55, 55]
Memory usage at done (index 45, length 56, since_prev 1): 20191.328125 MiB (Increase: 0.0 MiB)
Memory usage before reset: 20191.328125 MiB (Increase: 0.0 MiB)
Memory usage after reset: 20191.328125 MiB (Increase: 0.0 MiB)
Current lengths of episodes: [59, 59, 59, 4, 59, 59, 59, 59, 59, 59, 59, 59, 59, 59, 59, 59, 59, 59, 59, 59, 59, 59, 59, 59, 5, 59, 59, 59, 59, 59, 59, 59, 59, 59, 59, 59, 59, 59, 59, 59, 14, 59, 59, 59, 59, 3, 59, 17, 59, 59, 59, 12, 59, 59, 59, 59, 59, 59, 59, 59, 59, 59, 59, 59, 59, 58, 58, 58, 58, 58, 58, 58, 58, 58, 58, 58, 58, 58, 58, 58, 3, 58, 58, 58, 58, 58, 58, 58, 58, 58, 58, 58, 58, 58, 58, 58, 58, 58, 58, 58]
Memory usage at done (index 64, length 59, since_prev 3): 20191.328125 MiB (Increase: 0.0 MiB)
Memory usage before reset: 20191.328125 MiB (Increase: 0.0 MiB)
Memory usage after reset: 20191.328125 MiB (Increase: 0.0 MiB)
Current lengths of episodes: [60, 60, 60, 5, 60, 60, 60, 60, 60, 60, 60, 60, 60, 60, 60, 60, 60, 60, 60, 60, 60, 60, 60, 60, 6, 60, 60, 60, 60, 60, 60, 60, 60, 60, 60, 60, 60, 60, 60, 60, 15, 60, 60, 60, 60, 4, 60, 18, 60, 60, 60, 13, 60, 60, 60, 60, 60, 60, 60, 60, 60, 60, 59, 59, 0, 59, 59, 59, 59, 59, 59, 59, 59, 59, 59, 59, 59, 59, 59, 59, 4, 59, 59, 59, 59, 59, 59, 59, 59, 59, 59, 59, 59, 59, 59, 59, 59, 59, 59, 59]
Memory usage at done (index 61, length 60, since_prev 1): 20191.328125 MiB (Increase: 0.0 MiB)
Memory usage before reset: 20191.328125 MiB (Increase: 0.0 MiB)
Memory usage after reset: 20191.328125 MiB (Increase: 0.0 MiB)
Current lengths of episodes: [60, 60, 60, 5, 60, 60, 60, 60, 60, 60, 60, 60, 60, 60, 60, 60, 60, 60, 60, 60, 60, 60, 60, 60, 6, 60, 60, 60, 60, 60, 60, 60, 60, 60, 60, 60, 60, 60, 60, 60, 15, 60, 60, 60, 60, 4, 60, 18, 60, 60, 60, 13, 60, 60, 60, 60, 60, 60, 60, 60, 60, 0, 60, 60, 1, 60, 60, 60, 60, 60, 60, 60, 60, 60, 59, 59, 59, 59, 59, 59, 4, 59, 59, 59, 59, 59, 59, 59, 59, 59, 59, 59, 59, 59, 59, 59, 59, 59, 59, 59]
Memory usage at done (index 73, length 60, since_prev 0): 20191.328125 MiB (Increase: 0.0 MiB)
Memory usage before reset: 20191.328125 MiB (Increase: 0.0 MiB)
Memory usage after reset: 20191.328125 MiB (Increase: 0.0 MiB)
Current lengths of episodes: [60, 60, 60, 5, 60, 60, 60, 60, 60, 60, 60, 60, 60, 60, 60, 60, 60, 60, 60, 60, 60, 60, 60, 60, 6, 60, 60, 60, 60, 60, 60, 60, 60, 60, 60, 60, 60, 60, 60, 60, 15, 60, 60, 60, 60, 4, 60, 18, 60, 60, 60, 13, 60, 60, 60, 60, 60, 60, 60, 60, 60, 0, 60, 60, 1, 60, 60, 60, 60, 60, 60, 60, 60, 0, 60, 60, 60, 60, 60, 60, 5, 60, 60, 60, 60, 60, 60, 60, 60, 59, 59, 59, 59, 59, 59, 59, 59, 59, 59, 59]
Memory usage at done (index 88, length 60, since_prev 0): 20191.328125 MiB (Increase: 0.0 MiB)
Memory usage before reset: 20191.328125 MiB (Increase: 0.0 MiB)
Memory usage after reset: 20191.328125 MiB (Increase: 0.0 MiB)
Current lengths of episodes: [61, 61, 61, 5, 60, 60, 60, 60, 60, 60, 60, 60, 60, 60, 60, 60, 60, 60, 60, 60, 60, 60, 60, 60, 6, 60, 60, 60, 60, 60, 60, 60, 60, 60, 60, 60, 60, 60, 60, 60, 15, 60, 60, 60, 60, 4, 60, 18, 60, 60, 60, 13, 60, 60, 60, 60, 60, 60, 60, 60, 60, 0, 60, 60, 1, 60, 60, 60, 60, 60, 60, 60, 60, 0, 60, 60, 60, 60, 60, 60, 5, 60, 60, 60, 60, 60, 60, 60, 0, 60, 60, 60, 60, 60, 60, 60, 60, 60, 60, 60]
Memory usage at done (index 2, length 61, since_prev 1): 20191.328125 MiB (Increase: 0.0 MiB)
Memory usage before reset: 20191.328125 MiB (Increase: 0.0 MiB)
Memory usage after reset: 20191.328125 MiB (Increase: 0.0 MiB)
Current lengths of episodes: [62, 62, 1, 7, 62, 62, 62, 62, 62, 62, 62, 62, 62, 62, 62, 62, 62, 62, 62, 62, 61, 61, 61, 61, 7, 61, 61, 61, 61, 61, 61, 61, 61, 61, 61, 61, 61, 61, 61, 61, 16, 61, 61, 61, 61, 5, 61, 19, 61, 61, 61, 14, 61, 61, 61, 61, 61, 61, 61, 61, 61, 1, 61, 61, 2, 61, 61, 61, 61, 61, 61, 61, 61, 1, 61, 61, 61, 61, 61, 61, 6, 61, 61, 61, 61, 61, 61, 61, 1, 61, 61, 61, 61, 61, 61, 61, 61, 61, 61, 61]
Memory usage at done (index 19, length 62, since_prev 1): 20191.328125 MiB (Increase: 0.0 MiB)
Memory usage before reset: 20191.328125 MiB (Increase: 0.0 MiB)
Memory usage after reset: 20191.328125 MiB (Increase: 0.0 MiB)
Current lengths of episodes: [62, 62, 1, 7, 62, 62, 62, 62, 62, 62, 62, 62, 62, 62, 62, 62, 62, 62, 62, 0, 62, 62, 62, 62, 8, 62, 62, 62, 62, 62, 62, 62, 62, 62, 62, 62, 62, 62, 62, 62, 17, 62, 62, 62, 61, 5, 61, 19, 61, 61, 61, 14, 61, 61, 61, 61, 61, 61, 61, 61, 61, 1, 61, 61, 2, 61, 61, 61, 61, 61, 61, 61, 61, 1, 61, 61, 61, 61, 61, 61, 6, 61, 61, 61, 61, 61, 61, 61, 1, 61, 61, 61, 61, 61, 61, 61, 61, 61, 61, 61]
Memory usage at done (index 43, length 62, since_prev 0): 20191.328125 MiB (Increase: 0.0 MiB)
Memory usage before reset: 20191.328125 MiB (Increase: 0.0 MiB)
Memory usage after reset: 20191.328125 MiB (Increase: 0.0 MiB)
Current lengths of episodes: [64, 64, 3, 9, 64, 64, 64, 64, 64, 64, 64, 63, 63, 63, 63, 63, 63, 63, 63, 1, 63, 63, 63, 63, 9, 63, 63, 63, 63, 63, 63, 63, 63, 63, 63, 63, 63, 63, 63, 63, 18, 63, 63, 1, 63, 7, 63, 21, 63, 63, 63, 16, 63, 63, 63, 63, 63, 63, 63, 63, 63, 3, 63, 63, 4, 63, 63, 63, 63, 63, 63, 63, 63, 3, 63, 63, 63, 63, 63, 63, 8, 63, 63, 63, 63, 63, 63, 63, 3, 63, 63, 63, 63, 63, 63, 63, 63, 63, 63, 63]
Memory usage at done (index 10, length 64, since_prev 2): 20191.328125 MiB (Increase: 0.0 MiB)
Memory usage before reset: 20191.328125 MiB (Increase: 0.0 MiB)
Memory usage after reset: 20191.328125 MiB (Increase: 0.0 MiB)
Current lengths of episodes: [65, 65, 4, 10, 65, 65, 65, 65, 65, 65, 1, 65, 65, 65, 65, 65, 65, 65, 65, 3, 65, 65, 65, 65, 11, 65, 65, 65, 65, 65, 65, 65, 65, 65, 65, 65, 65, 65, 65, 65, 20, 65, 65, 3, 65, 9, 65, 23, 65, 65, 65, 18, 65, 65, 65, 65, 65, 65, 65, 65, 65, 5, 65, 65, 6, 65, 65, 65, 65, 65, 64, 64, 64, 4, 64, 64, 64, 64, 64, 64, 9, 64, 64, 64, 64, 64, 64, 64, 4, 64, 64, 64, 64, 64, 64, 64, 64, 64, 64, 64]
Memory usage at done (index 69, length 65, since_prev 1): 20191.328125 MiB (Increase: 0.0 MiB)
Memory usage before reset: 20191.328125 MiB (Increase: 0.0 MiB)
Memory usage after reset: 20191.328125 MiB (Increase: 0.0 MiB)
Current lengths of episodes: [69, 69, 8, 14, 69, 68, 68, 68, 68, 68, 4, 68, 68, 68, 68, 68, 68, 68, 68, 6, 68, 68, 68, 68, 14, 68, 68, 68, 68, 68, 68, 68, 68, 68, 68, 68, 68, 68, 68, 68, 23, 68, 68, 6, 68, 12, 68, 26, 68, 68, 68, 21, 68, 68, 68, 68, 68, 68, 68, 68, 68, 8, 68, 68, 9, 68, 68, 68, 68, 3, 68, 68, 68, 8, 68, 68, 68, 68, 68, 68, 13, 68, 68, 68, 68, 68, 68, 68, 8, 68, 68, 68, 68, 68, 68, 68, 68, 68, 68, 68]
Memory usage at done (index 4, length 69, since_prev 4): 20191.328125 MiB (Increase: 0.0 MiB)
Memory usage before reset: 20191.328125 MiB (Increase: 0.0 MiB)
Memory usage after reset: 20191.328125 MiB (Increase: 0.0 MiB)
Current lengths of episodes: [69, 69, 8, 14, 0, 69, 69, 69, 69, 69, 5, 69, 69, 69, 69, 69, 69, 69, 69, 7, 69, 69, 69, 69, 15, 69, 69, 69, 69, 69, 69, 69, 69, 69, 69, 69, 69, 69, 69, 69, 24, 69, 69, 7, 69, 13, 69, 27, 69, 69, 69, 22, 69, 69, 69, 68, 68, 68, 68, 68, 68, 8, 68, 68, 9, 68, 68, 68, 68, 3, 68, 68, 68, 8, 68, 68, 68, 68, 68, 68, 13, 68, 68, 68, 68, 68, 68, 68, 8, 68, 68, 68, 68, 68, 68, 68, 68, 68, 68, 68]
Memory usage at done (index 54, length 69, since_prev 0): 20191.328125 MiB (Increase: 0.0 MiB)
Memory usage before reset: 20191.328125 MiB (Increase: 0.0 MiB)
Memory usage after reset: 20191.328125 MiB (Increase: 0.0 MiB)
Current lengths of episodes: [69, 69, 8, 14, 0, 69, 69, 69, 69, 69, 5, 69, 69, 69, 69, 69, 69, 69, 69, 7, 69, 69, 69, 69, 15, 69, 69, 69, 69, 69, 69, 69, 69, 69, 69, 69, 69, 69, 69, 69, 24, 69, 69, 7, 69, 13, 69, 27, 69, 69, 69, 22, 69, 69, 0, 69, 69, 69, 69, 69, 69, 9, 69, 69, 10, 69, 69, 69, 69, 4, 69, 69, 68, 8, 68, 68, 68, 68, 68, 68, 13, 68, 68, 68, 68, 68, 68, 68, 8, 68, 68, 68, 68, 68, 68, 68, 68, 68, 68, 68]
Memory usage at done (index 71, length 69, since_prev 0): 20191.328125 MiB (Increase: 0.0 MiB)
Memory usage before reset: 20191.328125 MiB (Increase: 0.0 MiB)
Memory usage after reset: 20191.328125 MiB (Increase: 0.0 MiB)
Current lengths of episodes: [70, 70, 9, 15, 1, 70, 70, 70, 70, 70, 6, 70, 70, 70, 69, 69, 69, 69, 69, 7, 69, 69, 69, 69, 15, 69, 69, 69, 69, 69, 69, 69, 69, 69, 69, 69, 69, 69, 69, 69, 24, 69, 69, 7, 69, 13, 69, 27, 69, 69, 69, 22, 69, 69, 0, 69, 69, 69, 69, 69, 69, 9, 69, 69, 10, 69, 69, 69, 69, 4, 69, 0, 69, 9, 69, 69, 69, 69, 69, 69, 14, 69, 69, 69, 69, 69, 69, 69, 9, 69, 69, 69, 69, 69, 69, 69, 69, 69, 69, 69]
Memory usage at done (index 13, length 70, since_prev 1): 20191.328125 MiB (Increase: 0.0 MiB)
Memory usage before reset: 20191.328125 MiB (Increase: 0.0 MiB)
Memory usage after reset: 20191.328125 MiB (Increase: 0.0 MiB)
Current lengths of episodes: [71, 71, 10, 16, 2, 71, 71, 71, 71, 71, 7, 71, 71, 1, 71, 71, 71, 71, 71, 9, 71, 70, 70, 70, 16, 70, 70, 70, 70, 70, 70, 70, 70, 70, 70, 70, 70, 70, 70, 70, 25, 70, 70, 8, 70, 14, 70, 28, 70, 70, 70, 23, 70, 70, 1, 70, 70, 70, 70, 70, 70, 10, 70, 70, 11, 70, 70, 70, 70, 5, 70, 1, 70, 10, 70, 70, 70, 70, 70, 70, 15, 70, 70, 70, 70, 70, 70, 70, 10, 70, 70, 70, 70, 70, 70, 70, 70, 70, 70, 70]
Memory usage at done (index 20, length 71, since_prev 1): 20191.328125 MiB (Increase: 0.0 MiB)
Memory usage before reset: 20191.328125 MiB (Increase: 0.0 MiB)
Memory usage after reset: 20191.328125 MiB (Increase: 0.0 MiB)
Current lengths of episodes: [71, 71, 10, 16, 2, 71, 71, 71, 71, 71, 7, 71, 71, 1, 71, 71, 71, 71, 71, 9, 0, 71, 71, 71, 17, 71, 71, 71, 71, 71, 70, 70, 70, 70, 70, 70, 70, 70, 70, 70, 25, 70, 70, 8, 70, 14, 70, 28, 70, 70, 70, 23, 70, 70, 1, 70, 70, 70, 70, 70, 70, 10, 70, 70, 11, 70, 70, 70, 70, 5, 70, 1, 70, 10, 70, 70, 70, 70, 70, 70, 15, 70, 70, 70, 70, 70, 70, 70, 10, 70, 70, 70, 70, 70, 70, 70, 70, 70, 70, 70]
Memory usage at done (index 29, length 71, since_prev 0): 20191.328125 MiB (Increase: 0.0 MiB)
Memory usage before reset: 20191.328125 MiB (Increase: 0.0 MiB)
Memory usage after reset: 20191.328125 MiB (Increase: 0.0 MiB)
Current lengths of episodes: [71, 71, 10, 16, 2, 71, 71, 71, 71, 71, 7, 71, 71, 1, 71, 71, 71, 71, 71, 9, 0, 71, 71, 71, 17, 71, 71, 71, 71, 0, 71, 71, 71, 71, 71, 71, 71, 71, 71, 71, 26, 71, 71, 9, 71, 15, 71, 29, 71, 71, 71, 24, 71, 71, 2, 71, 71, 71, 71, 71, 71, 11, 71, 71, 12, 71, 71, 71, 71, 6, 71, 2, 71, 11, 71, 71, 71, 71, 71, 71, 16, 71, 71, 71, 71, 71, 71, 71, 11, 71, 71, 71, 71, 71, 71, 70, 70, 70, 70, 70]
Memory usage at done (index 94, length 71, since_prev 0): 20191.328125 MiB (Increase: 0.0 MiB)
Memory usage before reset: 20191.328125 MiB (Increase: 0.0 MiB)
Memory usage after reset: 20191.328125 MiB (Increase: 0.0 MiB)
Current lengths of episodes: [73, 73, 12, 18, 4, 73, 73, 73, 73, 73, 9, 73, 73, 3, 73, 73, 73, 73, 73, 11, 2, 73, 73, 73, 19, 73, 73, 73, 73, 2, 73, 73, 73, 73, 73, 73, 73, 73, 73, 73, 28, 73, 73, 11, 73, 17, 73, 31, 73, 73, 73, 26, 73, 72, 3, 72, 72, 72, 72, 72, 72, 12, 72, 72, 13, 72, 72, 72, 72, 7, 72, 3, 72, 12, 72, 72, 72, 72, 72, 72, 17, 72, 72, 72, 72, 72, 72, 72, 12, 72, 72, 72, 72, 72, 1, 72, 72, 72, 72, 72]
Memory usage at done (index 52, length 73, since_prev 2): 20191.328125 MiB (Increase: 0.0 MiB)
Memory usage before reset: 20191.328125 MiB (Increase: 0.0 MiB)
Memory usage after reset: 20191.328125 MiB (Increase: 0.0 MiB)
Current lengths of episodes: [73, 73, 12, 18, 4, 73, 73, 73, 73, 73, 9, 73, 73, 3, 73, 73, 73, 73, 73, 11, 2, 73, 73, 73, 19, 73, 73, 73, 73, 2, 73, 73, 73, 73, 73, 73, 73, 73, 73, 73, 28, 73, 73, 11, 73, 17, 73, 31, 73, 73, 73, 26, 0, 73, 4, 73, 73, 73, 73, 73, 73, 13, 73, 72, 13, 72, 72, 72, 72, 7, 72, 3, 72, 12, 72, 72, 72, 72, 72, 72, 17, 72, 72, 72, 72, 72, 72, 72, 12, 72, 72, 72, 72, 72, 1, 72, 72, 72, 72, 72]
Memory usage at done (index 62, length 73, since_prev 0): 20191.328125 MiB (Increase: 0.0 MiB)
Memory usage before reset: 20191.328125 MiB (Increase: 0.0 MiB)
Memory usage after reset: 20191.328125 MiB (Increase: 0.0 MiB)
Current lengths of episodes: [75, 75, 14, 20, 6, 75, 75, 75, 75, 75, 11, 75, 75, 5, 75, 75, 75, 75, 75, 13, 4, 75, 75, 75, 21, 75, 74, 74, 74, 3, 74, 74, 74, 74, 74, 74, 74, 74, 74, 74, 29, 74, 74, 12, 74, 18, 74, 32, 74, 74, 74, 27, 1, 74, 5, 74, 74, 74, 74, 74, 74, 14, 1, 74, 15, 74, 74, 74, 74, 9, 74, 5, 74, 14, 74, 74, 74, 74, 74, 74, 19, 74, 74, 74, 74, 74, 74, 74, 14, 74, 74, 74, 74, 74, 3, 74, 74, 74, 74, 74]
Memory usage at done (index 25, length 75, since_prev 2): 20191.328125 MiB (Increase: 0.0 MiB)
Memory usage before reset: 20191.328125 MiB (Increase: 0.0 MiB)
Memory usage after reset: 20191.328125 MiB (Increase: 0.0 MiB)
Current lengths of episodes: [77, 77, 16, 22, 8, 77, 77, 76, 76, 76, 12, 76, 76, 6, 76, 76, 76, 76, 76, 14, 5, 76, 76, 76, 22, 1, 76, 76, 76, 5, 76, 76, 76, 76, 76, 76, 76, 76, 76, 76, 31, 76, 76, 14, 76, 20, 76, 34, 76, 76, 76, 29, 3, 76, 7, 76, 76, 76, 76, 76, 76, 16, 3, 76, 17, 76, 76, 76, 76, 11, 76, 7, 76, 16, 76, 76, 76, 76, 76, 76, 21, 76, 76, 76, 76, 76, 76, 76, 16, 76, 76, 76, 76, 76, 5, 76, 76, 76, 76, 76]
Memory usage at done (index 6, length 77, since_prev 2): 20191.328125 MiB (Increase: 0.0 MiB)
Memory usage before reset: 20191.328125 MiB (Increase: 0.0 MiB)
Memory usage after reset: 20191.328125 MiB (Increase: 0.0 MiB)
Current lengths of episodes: [77, 77, 16, 22, 8, 77, 0, 77, 77, 77, 13, 77, 77, 7, 77, 77, 77, 77, 77, 15, 6, 77, 77, 77, 23, 2, 77, 77, 77, 6, 77, 77, 77, 77, 77, 77, 77, 77, 77, 77, 32, 77, 77, 15, 77, 21, 77, 35, 77, 77, 77, 30, 4, 77, 8, 77, 77, 77, 77, 77, 77, 17, 4, 77, 18, 77, 77, 77, 77, 12, 77, 8, 77, 17, 77, 77, 77, 77, 77, 77, 22, 77, 77, 77, 77, 77, 77, 77, 17, 77, 77, 77, 77, 77, 6, 77, 77, 77, 76, 76]
Memory usage at done (index 97, length 77, since_prev 0): 20191.328125 MiB (Increase: 0.0 MiB)
Memory usage before reset: 20191.328125 MiB (Increase: 0.0 MiB)
Memory usage after reset: 20191.328125 MiB (Increase: 0.0 MiB)
Current lengths of episodes: [79, 79, 18, 24, 10, 79, 2, 79, 79, 79, 15, 79, 79, 9, 79, 79, 79, 79, 78, 16, 7, 78, 78, 78, 24, 3, 78, 78, 78, 7, 78, 78, 78, 78, 78, 78, 78, 78, 78, 78, 33, 78, 78, 16, 78, 22, 78, 36, 78, 78, 78, 31, 5, 78, 9, 78, 78, 78, 78, 78, 78, 18, 5, 78, 19, 78, 78, 78, 78, 13, 78, 9, 78, 18, 78, 78, 78, 78, 78, 78, 23, 78, 78, 78, 78, 78, 78, 78, 18, 78, 78, 78, 78, 78, 7, 78, 78, 1, 78, 78]
Memory usage at done (index 17, length 79, since_prev 2): 20191.328125 MiB (Increase: 0.0 MiB)
Memory usage before reset: 20191.328125 MiB (Increase: 0.0 MiB)
Memory usage after reset: 20191.328125 MiB (Increase: 0.0 MiB)
Current lengths of episodes: [80, 80, 19, 25, 11, 80, 3, 80, 80, 80, 16, 80, 80, 10, 80, 80, 80, 1, 80, 18, 9, 80, 80, 80, 26, 5, 80, 80, 80, 9, 80, 80, 80, 80, 80, 80, 80, 80, 80, 80, 35, 80, 80, 18, 80, 24, 80, 38, 80, 80, 80, 33, 7, 80, 11, 80, 80, 80, 80, 80, 80, 20, 7, 80, 21, 80, 80, 80, 80, 15, 80, 11, 80, 20, 80, 80, 80, 80, 80, 80, 25, 80, 80, 80, 80, 80, 80, 80, 19, 79, 79, 79, 79, 79, 8, 79, 79, 2, 79, 79]
Memory usage at done (index 87, length 80, since_prev 1): 20191.328125 MiB (Increase: 0.0 MiB)
Memory usage before reset: 20191.328125 MiB (Increase: 0.0 MiB)
Memory usage after reset: 20191.328125 MiB (Increase: 0.0 MiB)
Current lengths of episodes: [81, 81, 20, 26, 12, 81, 4, 81, 81, 81, 17, 81, 81, 11, 81, 81, 81, 2, 81, 19, 10, 81, 81, 81, 26, 5, 80, 80, 80, 9, 80, 80, 80, 80, 80, 80, 80, 80, 80, 80, 35, 80, 80, 18, 80, 24, 80, 38, 80, 80, 80, 33, 7, 80, 11, 80, 80, 80, 80, 80, 80, 20, 7, 80, 21, 80, 80, 80, 80, 15, 80, 11, 80, 20, 80, 80, 80, 80, 80, 80, 25, 80, 80, 80, 80, 80, 80, 0, 20, 80, 80, 80, 80, 80, 9, 80, 80, 3, 80, 80]
Memory usage at done (index 23, length 81, since_prev 1): 20191.328125 MiB (Increase: 0.0 MiB)
Memory usage before reset: 20191.328125 MiB (Increase: 0.0 MiB)
Memory usage after reset: 20191.328125 MiB (Increase: 0.0 MiB)
Current lengths of episodes: [82, 82, 21, 27, 13, 82, 5, 82, 82, 82, 18, 82, 82, 12, 82, 82, 82, 3, 82, 20, 11, 82, 82, 1, 28, 7, 82, 82, 82, 11, 82, 82, 82, 82, 82, 82, 82, 82, 82, 82, 37, 82, 82, 20, 82, 26, 82, 40, 82, 82, 82, 35, 9, 82, 13, 82, 82, 82, 82, 82, 82, 22, 9, 82, 23, 82, 82, 81, 81, 16, 81, 12, 81, 21, 81, 81, 81, 81, 81, 81, 26, 81, 81, 81, 81, 81, 81, 1, 21, 81, 81, 81, 81, 81, 10, 81, 81, 4, 81, 81]
Memory usage at done (index 66, length 82, since_prev 1): 20191.328125 MiB (Increase: 0.0 MiB)
Memory usage before reset: 20191.328125 MiB (Increase: 0.0 MiB)
Memory usage after reset: 20191.328125 MiB (Increase: 0.0 MiB)
Current lengths of episodes: [84, 84, 23, 29, 15, 84, 7, 84, 84, 84, 20, 84, 84, 14, 84, 84, 84, 5, 84, 22, 13, 84, 84, 3, 30, 9, 84, 84, 84, 13, 84, 84, 84, 84, 84, 84, 84, 84, 84, 84, 39, 84, 84, 22, 84, 28, 84, 41, 83, 83, 83, 36, 10, 83, 14, 83, 83, 83, 83, 83, 83, 23, 10, 83, 24, 83, 1, 83, 83, 18, 83, 14, 83, 23, 83, 83, 83, 83, 83, 83, 28, 83, 83, 83, 83, 83, 83, 3, 23, 83, 83, 83, 83, 83, 12, 83, 83, 6, 83, 83]
Memory usage at done (index 46, length 84, since_prev 2): 20191.328125 MiB (Increase: 0.0 MiB)
Memory usage before reset: 20191.328125 MiB (Increase: 0.0 MiB)
Memory usage after reset: 20191.328125 MiB (Increase: 0.0 MiB)
Current lengths of episodes: [86, 86, 25, 31, 17, 86, 9, 86, 86, 86, 22, 86, 86, 16, 86, 86, 86, 7, 86, 24, 15, 86, 86, 5, 32, 11, 86, 86, 86, 15, 86, 86, 86, 86, 86, 86, 86, 86, 86, 86, 41, 85, 85, 23, 85, 29, 1, 43, 85, 85, 85, 38, 12, 85, 16, 85, 85, 85, 85, 85, 85, 25, 12, 85, 26, 85, 3, 85, 85, 20, 85, 16, 85, 25, 85, 85, 85, 85, 85, 85, 30, 85, 85, 85, 85, 85, 85, 5, 25, 85, 85, 85, 85, 85, 14, 85, 85, 8, 85, 85]
Memory usage at done (index 40, length 41, since_prev 2): 20191.328125 MiB (Increase: 0.0 MiB)
Memory usage before reset: 20191.328125 MiB (Increase: 0.0 MiB)
Memory usage after reset: 20191.328125 MiB (Increase: 0.0 MiB)
Current lengths of episodes: [87, 87, 26, 32, 18, 87, 10, 87, 87, 87, 23, 87, 87, 17, 87, 87, 87, 8, 87, 25, 16, 87, 87, 6, 33, 12, 87, 87, 87, 16, 87, 87, 86, 86, 86, 86, 86, 86, 86, 86, 0, 86, 86, 24, 86, 30, 2, 44, 86, 86, 86, 39, 13, 86, 17, 86, 86, 86, 86, 86, 86, 26, 13, 86, 27, 86, 4, 86, 86, 21, 86, 17, 86, 26, 86, 86, 86, 86, 86, 86, 31, 86, 86, 86, 86, 86, 86, 6, 26, 86, 86, 86, 86, 86, 15, 86, 86, 9, 86, 86]
Memory usage at done (index 31, length 87, since_prev 1): 20191.328125 MiB (Increase: 0.0 MiB)
Memory usage before reset: 20191.328125 MiB (Increase: 0.0 MiB)
Memory usage after reset: 20191.328125 MiB (Increase: 0.0 MiB)
Current lengths of episodes: [87, 87, 26, 32, 18, 87, 10, 87, 87, 87, 23, 87, 87, 17, 87, 87, 87, 8, 87, 25, 16, 87, 87, 6, 33, 12, 87, 87, 87, 16, 87, 0, 87, 87, 87, 87, 87, 87, 87, 87, 1, 87, 87, 25, 87, 31, 3, 45, 87, 87, 87, 40, 14, 87, 18, 87, 87, 87, 87, 87, 87, 27, 14, 87, 28, 87, 5, 87, 87, 22, 87, 18, 87, 27, 87, 87, 87, 87, 87, 87, 32, 87, 87, 87, 87, 87, 87, 7, 27, 87, 87, 87, 86, 86, 15, 86, 86, 9, 86, 86]
Memory usage at done (index 91, length 87, since_prev 0): 20191.328125 MiB (Increase: 0.0 MiB)
Memory usage before reset: 20191.328125 MiB (Increase: 0.0 MiB)
Memory usage after reset: 20191.328125 MiB (Increase: 0.0 MiB)
Current lengths of episodes: [90, 90, 29, 35, 21, 90, 13, 90, 90, 90, 26, 90, 90, 20, 90, 90, 90, 11, 90, 28, 19, 90, 90, 9, 36, 15, 90, 90, 90, 19, 90, 3, 90, 90, 90, 90, 90, 90, 90, 90, 4, 90, 90, 28, 90, 34, 6, 48, 89, 89, 89, 42, 16, 89, 20, 89, 89, 89, 89, 89, 89, 29, 16, 89, 30, 89, 7, 89, 89, 24, 89, 20, 89, 29, 89, 89, 89, 89, 89, 89, 34, 89, 89, 89, 89, 89, 89, 9, 29, 89, 89, 2, 89, 89, 18, 89, 89, 12, 89, 89]
Memory usage at done (index 47, length 48, since_prev 3): 20191.328125 MiB (Increase: 0.0 MiB)
Memory usage before reset: 20191.328125 MiB (Increase: 0.0 MiB)
Memory usage after reset: 20191.328125 MiB (Increase: 0.0 MiB)
Current lengths of episodes: [90, 90, 29, 35, 21, 90, 13, 90, 90, 90, 26, 90, 90, 20, 90, 90, 90, 11, 90, 28, 19, 90, 90, 9, 36, 15, 90, 90, 90, 19, 90, 3, 90, 90, 90, 90, 90, 90, 90, 90, 4, 90, 90, 28, 90, 34, 6, 0, 90, 90, 90, 43, 17, 90, 21, 90, 90, 90, 90, 90, 90, 29, 16, 89, 30, 89, 7, 89, 89, 24, 89, 20, 89, 29, 89, 89, 89, 89, 89, 89, 34, 89, 89, 89, 89, 89, 89, 9, 29, 89, 89, 2, 89, 89, 18, 89, 89, 12, 89, 89]
Memory usage at done (index 60, length 90, since_prev 0): 20191.328125 MiB (Increase: 0.0 MiB)
Memory usage before reset: 20191.328125 MiB (Increase: 0.0 MiB)
Memory usage after reset: 20191.328125 MiB (Increase: 0.0 MiB)
Current lengths of episodes: [91, 91, 30, 36, 22, 91, 14, 91, 91, 91, 27, 91, 91, 21, 91, 91, 91, 12, 91, 29, 20, 91, 91, 10, 37, 16, 91, 91, 91, 20, 91, 4, 91, 91, 91, 91, 91, 91, 91, 91, 5, 91, 91, 29, 91, 35, 7, 1, 91, 91, 91, 44, 18, 91, 21, 90, 90, 90, 90, 90, 0, 30, 17, 90, 31, 90, 8, 90, 90, 25, 90, 21, 90, 30, 90, 90, 90, 90, 90, 90, 35, 90, 90, 90, 90, 90, 90, 10, 30, 90, 90, 3, 90, 90, 19, 90, 90, 13, 90, 90]
Memory usage at done (index 53, length 91, since_prev 1): 20191.328125 MiB (Increase: 0.0 MiB)
Memory usage before reset: 20191.328125 MiB (Increase: 0.0 MiB)
Memory usage after reset: 20191.328125 MiB (Increase: 0.0 MiB)
Current lengths of episodes: [92, 92, 31, 37, 23, 92, 15, 92, 92, 91, 27, 91, 91, 21, 91, 91, 91, 12, 91, 29, 20, 91, 91, 10, 37, 16, 91, 91, 91, 20, 91, 4, 91, 91, 91, 91, 91, 91, 91, 91, 5, 91, 91, 29, 91, 35, 7, 1, 91, 91, 91, 44, 18, 0, 22, 91, 91, 91, 91, 91, 1, 31, 18, 91, 32, 91, 9, 91, 91, 26, 91, 22, 91, 31, 91, 91, 91, 91, 91, 91, 36, 91, 91, 91, 91, 91, 91, 11, 31, 91, 91, 4, 91, 91, 20, 91, 91, 14, 91, 91]
Memory usage at done (index 8, length 92, since_prev 1): 20191.328125 MiB (Increase: 0.0 MiB)
Memory usage before reset: 20191.328125 MiB (Increase: 0.0 MiB)
Memory usage after reset: 20191.328125 MiB (Increase: 0.0 MiB)
Current lengths of episodes: [92, 92, 31, 37, 23, 92, 15, 92, 0, 92, 28, 92, 92, 22, 92, 92, 92, 13, 92, 30, 21, 92, 92, 11, 38, 17, 92, 92, 92, 21, 92, 5, 92, 92, 92, 92, 92, 92, 92, 92, 6, 92, 92, 30, 92, 36, 8, 2, 92, 92, 92, 45, 19, 1, 23, 92, 91, 91, 91, 91, 1, 31, 18, 91, 32, 91, 9, 91, 91, 26, 91, 22, 91, 31, 91, 91, 91, 91, 91, 91, 36, 91, 91, 91, 91, 91, 91, 11, 31, 91, 91, 4, 91, 91, 20, 91, 91, 14, 91, 91]
Memory usage at done (index 55, length 92, since_prev 0): 20191.328125 MiB (Increase: 0.0 MiB)
Memory usage before reset: 20191.328125 MiB (Increase: 0.0 MiB)
Memory usage after reset: 20191.328125 MiB (Increase: 0.0 MiB)
Current lengths of episodes: [93, 93, 32, 38, 24, 93, 16, 93, 1, 93, 29, 93, 93, 23, 93, 93, 93, 14, 93, 31, 22, 93, 93, 12, 39, 18, 93, 93, 93, 22, 93, 6, 93, 93, 93, 93, 93, 93, 93, 93, 7, 93, 93, 31, 93, 37, 9, 3, 93, 93, 93, 46, 20, 2, 24, 1, 93, 92, 92, 92, 2, 32, 19, 92, 33, 92, 10, 92, 92, 27, 92, 23, 92, 32, 92, 92, 92, 92, 92, 92, 37, 92, 92, 92, 92, 92, 92, 12, 32, 92, 92, 5, 92, 92, 21, 92, 92, 15, 92, 92]
Memory usage at done (index 56, length 93, since_prev 1): 20191.328125 MiB (Increase: 0.0 MiB)
Memory usage before reset: 20191.328125 MiB (Increase: 0.0 MiB)
Memory usage after reset: 20191.328125 MiB (Increase: 0.0 MiB)
Current lengths of episodes: [95, 95, 33, 39, 25, 94, 17, 94, 2, 94, 30, 94, 94, 24, 94, 94, 94, 15, 94, 32, 23, 94, 94, 13, 40, 19, 94, 94, 94, 23, 94, 7, 94, 94, 94, 94, 94, 94, 94, 94, 8, 94, 94, 32, 94, 38, 10, 4, 94, 94, 94, 47, 21, 3, 25, 2, 1, 94, 94, 94, 4, 34, 21, 94, 35, 94, 12, 94, 94, 29, 94, 25, 94, 34, 94, 94, 94, 94, 94, 94, 39, 94, 94, 94, 94, 94, 94, 14, 34, 94, 94, 7, 94, 94, 23, 94, 94, 17, 94, 94]
Memory usage at done (index 1, length 95, since_prev 2): 20191.328125 MiB (Increase: 0.0 MiB)
Memory usage before reset: 20191.328125 MiB (Increase: 0.0 MiB)
Memory usage after reset: 20191.328125 MiB (Increase: 0.0 MiB)
Current lengths of episodes: [95, 0, 34, 40, 26, 95, 18, 95, 3, 95, 31, 95, 95, 25, 95, 95, 95, 16, 95, 33, 24, 95, 95, 14, 41, 20, 95, 95, 95, 24, 95, 8, 95, 95, 95, 95, 95, 95, 95, 95, 9, 95, 95, 33, 95, 39, 11, 5, 95, 95, 95, 48, 22, 4, 26, 3, 2, 95, 95, 95, 5, 35, 22, 95, 36, 95, 13, 95, 95, 30, 95, 26, 95, 35, 95, 95, 95, 95, 95, 95, 40, 95, 95, 95, 95, 95, 95, 14, 34, 94, 94, 7, 94, 94, 23, 94, 94, 17, 94, 94]
Memory usage at done (index 86, length 95, since_prev 0): 20191.328125 MiB (Increase: 0.0 MiB)
Memory usage before reset: 20191.328125 MiB (Increase: 0.0 MiB)
Memory usage after reset: 20191.328125 MiB (Increase: 0.0 MiB)
Current lengths of episodes: [97, 2, 36, 42, 28, 97, 20, 97, 5, 97, 33, 97, 97, 27, 97, 97, 97, 18, 97, 35, 26, 97, 97, 16, 43, 22, 97, 96, 96, 25, 96, 9, 96, 96, 96, 96, 96, 96, 96, 96, 10, 96, 96, 34, 96, 40, 12, 6, 96, 96, 96, 49, 23, 5, 27, 4, 3, 96, 96, 96, 6, 36, 23, 96, 37, 96, 14, 96, 96, 31, 96, 27, 96, 36, 96, 96, 96, 96, 96, 96, 41, 96, 96, 96, 96, 96, 1, 16, 36, 96, 96, 9, 96, 96, 25, 96, 96, 19, 96, 96]
Memory usage at done (index 26, length 97, since_prev 2): 20191.328125 MiB (Increase: 0.0 MiB)
Memory usage before reset: 20191.328125 MiB (Increase: 0.0 MiB)
Memory usage after reset: 20191.328125 MiB (Increase: 0.0 MiB)
Current lengths of episodes: [97, 2, 36, 42, 28, 97, 20, 97, 5, 97, 33, 97, 97, 27, 97, 97, 97, 18, 97, 35, 26, 97, 97, 16, 43, 22, 0, 97, 96, 25, 96, 9, 96, 96, 96, 96, 96, 96, 96, 96, 10, 96, 96, 34, 96, 40, 12, 6, 96, 96, 96, 49, 23, 5, 27, 4, 3, 96, 96, 96, 6, 36, 23, 96, 37, 96, 14, 96, 96, 31, 96, 27, 96, 36, 96, 96, 96, 96, 96, 96, 41, 96, 96, 96, 96, 96, 1, 16, 36, 96, 96, 9, 96, 96, 25, 96, 96, 19, 96, 96]
Memory usage at done (index 27, length 97, since_prev 0): 20191.328125 MiB (Increase: 0.0 MiB)
Memory usage before reset: 20191.328125 MiB (Increase: 0.0 MiB)
Memory usage after reset: 20191.328125 MiB (Increase: 0.0 MiB)
Current lengths of episodes: [99, 4, 38, 44, 30, 99, 22, 99, 7, 99, 35, 99, 99, 29, 99, 99, 99, 20, 99, 37, 28, 99, 99, 18, 45, 24, 2, 2, 99, 28, 99, 12, 99, 99, 99, 99, 99, 99, 99, 99, 13, 99, 99, 37, 99, 43, 15, 9, 99, 99, 99, 52, 26, 8, 30, 7, 6, 99, 99, 99, 9, 39, 26, 99, 40, 99, 17, 99, 99, 34, 99, 30, 99, 39, 99, 99, 99, 99, 98, 98, 43, 98, 98, 98, 98, 98, 3, 18, 38, 98, 98, 11, 98, 98, 27, 98, 98, 21, 98, 98]
Memory usage at done (index 77, length 99, since_prev 2): 20191.328125 MiB (Increase: 0.0 MiB)
Memory usage before reset: 20191.328125 MiB (Increase: 0.0 MiB)
Memory usage after reset: 20191.328125 MiB (Increase: 0.0 MiB)
Current lengths of episodes: [99, 4, 38, 44, 30, 99, 22, 99, 7, 99, 35, 99, 99, 29, 99, 99, 99, 20, 99, 37, 28, 99, 99, 18, 45, 24, 2, 2, 99, 28, 99, 12, 99, 99, 99, 99, 99, 99, 99, 99, 13, 99, 99, 37, 99, 43, 15, 9, 99, 99, 99, 52, 26, 8, 30, 7, 6, 99, 99, 99, 9, 39, 26, 99, 40, 99, 17, 99, 99, 34, 99, 30, 99, 39, 99, 99, 99, 0, 99, 99, 44, 99, 99, 99, 99, 99, 4, 19, 39, 99, 99, 12, 99, 99, 28, 99, 99, 21, 98, 98]
Memory usage at done (index 96, length 99, since_prev 0): 20191.328125 MiB (Increase: 0.0 MiB)
Memory usage before reset: 20191.328125 MiB (Increase: 0.0 MiB)
Memory usage after reset: 20191.328125 MiB (Increase: 0.0 MiB)
Current lengths of episodes: [100, 5, 39, 45, 31, 100, 23, 100, 8, 100, 36, 100, 100, 30, 100, 100, 100, 21, 100, 38, 29, 100, 100, 19, 46, 25, 3, 3, 100, 29, 100, 13, 100, 100, 100, 100, 100, 100, 100, 100, 14, 100, 100, 38, 100, 44, 16, 10, 100, 100, 100, 53, 27, 9, 31, 8, 7, 100, 100, 100, 10, 40, 27, 100, 41, 100, 18, 100, 100, 34, 99, 30, 99, 39, 99, 99, 99, 0, 99, 99, 44, 99, 99, 99, 99, 99, 4, 19, 39, 99, 99, 12, 99, 99, 28, 99, 0, 22, 99, 99]
Memory usage at done (index 68, length 100, since_prev 1): 20191.328125 MiB (Increase: 0.0 MiB)
Memory usage before reset: 20191.328125 MiB (Increase: 0.0 MiB)
Memory usage after reset: 20191.328125 MiB (Increase: 0.0 MiB)
Current lengths of episodes: [103, 8, 42, 48, 34, 103, 26, 103, 11, 103, 39, 103, 103, 33, 103, 103, 103, 24, 103, 41, 32, 103, 103, 22, 49, 28, 6, 6, 103, 32, 103, 16, 103, 103, 103, 103, 103, 103, 103, 103, 17, 103, 103, 41, 103, 47, 19, 13, 103, 103, 103, 56, 30, 12, 34, 11, 10, 103, 103, 103, 13, 43, 30, 103, 44, 103, 21, 103, 3, 38, 103, 34, 103, 43, 103, 103, 103, 4, 103, 103, 48, 103, 103, 103, 103, 103, 8, 23, 43, 103, 102, 15, 102, 102, 31, 102, 3, 25, 102, 102]
Memory usage at done (index 89, length 103, since_prev 3): 20191.328125 MiB (Increase: 0.0 MiB)
Memory usage before reset: 20191.328125 MiB (Increase: 0.0 MiB)
Memory usage after reset: 20191.328125 MiB (Increase: 0.0 MiB)
Current lengths of episodes: [110, 15, 49, 55, 41, 110, 33, 110, 18, 110, 46, 110, 110, 40, 110, 110, 110, 31, 110, 48, 39, 110, 110, 29, 56, 35, 13, 13, 110, 39, 110, 23, 110, 110, 110, 110, 110, 110, 110, 110, 24, 110, 110, 47, 109, 53, 25, 19, 109, 109, 109, 62, 36, 18, 40, 17, 16, 109, 109, 109, 19, 49, 36, 109, 50, 109, 27, 109, 9, 44, 109, 40, 109, 49, 109, 109, 109, 10, 109, 109, 54, 109, 109, 109, 109, 109, 14, 29, 49, 6, 109, 22, 109, 109, 38, 109, 10, 32, 109, 109]
Memory usage at done (index 42, length 110, since_prev 7): 20191.328125 MiB (Increase: 0.0 MiB)
Memory usage before reset: 20191.328125 MiB (Increase: 0.0 MiB)
Memory usage after reset: 20191.328125 MiB (Increase: 0.0 MiB)
Current lengths of episodes: [113, 18, 52, 58, 44, 113, 36, 113, 21, 113, 49, 113, 113, 43, 113, 113, 113, 34, 113, 51, 42, 113, 113, 32, 59, 37, 15, 15, 112, 41, 112, 25, 112, 112, 112, 112, 112, 112, 112, 112, 26, 112, 2, 50, 112, 56, 28, 22, 112, 112, 112, 65, 39, 21, 43, 20, 19, 112, 112, 112, 22, 52, 39, 112, 53, 112, 30, 112, 12, 47, 112, 43, 112, 52, 112, 112, 112, 13, 112, 112, 57, 112, 112, 112, 112, 112, 17, 32, 52, 9, 112, 25, 112, 112, 41, 112, 13, 35, 112, 112]
Memory usage at done (index 24, length 59, since_prev 3): 20191.328125 MiB (Increase: 0.0 MiB)
Memory usage before reset: 20191.328125 MiB (Increase: 0.0 MiB)
Memory usage after reset: 20191.328125 MiB (Increase: 0.0 MiB)
Current lengths of episodes: [118, 23, 57, 63, 49, 118, 41, 118, 26, 118, 53, 117, 117, 47, 117, 117, 117, 38, 117, 55, 46, 117, 117, 36, 4, 42, 20, 20, 117, 46, 117, 30, 117, 117, 117, 117, 117, 117, 117, 117, 31, 117, 7, 55, 117, 61, 33, 27, 117, 117, 117, 70, 44, 26, 48, 25, 24, 117, 117, 117, 27, 57, 44, 117, 58, 117, 35, 117, 17, 52, 117, 48, 117, 57, 117, 117, 117, 18, 117, 117, 62, 117, 117, 117, 117, 117, 22, 37, 57, 14, 117, 30, 117, 117, 46, 117, 18, 40, 117, 117]
Memory usage at done (index 9, length 118, since_prev 5): 20191.328125 MiB (Increase: 0.0 MiB)
Memory usage before reset: 20191.328125 MiB (Increase: 0.0 MiB)
Memory usage after reset: 20191.328125 MiB (Increase: 0.0 MiB)
Current lengths of episodes: [119, 24, 58, 64, 50, 119, 42, 119, 27, 1, 55, 119, 119, 49, 119, 119, 119, 40, 119, 57, 48, 119, 119, 38, 6, 44, 22, 22, 119, 48, 119, 32, 119, 119, 119, 119, 119, 119, 119, 119, 33, 119, 9, 57, 119, 63, 35, 29, 119, 119, 119, 72, 46, 28, 50, 26, 25, 118, 118, 118, 28, 58, 45, 118, 59, 118, 36, 118, 18, 53, 118, 49, 118, 58, 118, 118, 118, 19, 118, 118, 63, 118, 118, 118, 118, 118, 23, 38, 58, 15, 118, 31, 118, 118, 47, 118, 19, 41, 118, 118]
Memory usage at done (index 54, length 50, since_prev 1): 20191.328125 MiB (Increase: 0.0 MiB)
Memory usage before reset: 20191.328125 MiB (Increase: 0.0 MiB)
Memory usage after reset: 20191.328125 MiB (Increase: 0.0 MiB)
Current lengths of episodes: [120, 25, 59, 65, 51, 120, 43, 120, 28, 2, 56, 120, 120, 50, 120, 120, 120, 41, 120, 58, 49, 120, 120, 39, 7, 45, 23, 23, 120, 49, 120, 33, 120, 120, 120, 120, 120, 120, 120, 120, 34, 120, 10, 58, 120, 64, 36, 30, 120, 120, 120, 73, 47, 29, 1, 28, 27, 120, 120, 120, 30, 60, 47, 120, 61, 120, 38, 120, 20, 55, 120, 51, 120, 60, 120, 120, 120, 21, 120, 120, 65, 120, 120, 120, 120, 119, 24, 39, 59, 16, 119, 32, 119, 119, 48, 119, 20, 42, 119, 119]
Memory usage at done (index 84, length 120, since_prev 1): 20191.328125 MiB (Increase: 0.0 MiB)
Memory usage before reset: 20191.328125 MiB (Increase: 0.0 MiB)
Memory usage after reset: 20191.328125 MiB (Increase: 0.0 MiB)
Current lengths of episodes: [121, 26, 60, 66, 52, 121, 44, 121, 29, 3, 57, 121, 121, 51, 121, 121, 121, 42, 121, 59, 50, 121, 121, 40, 8, 46, 24, 24, 121, 50, 121, 34, 121, 121, 121, 121, 121, 121, 121, 121, 35, 121, 11, 59, 121, 65, 37, 31, 121, 121, 121, 74, 48, 30, 2, 29, 28, 121, 121, 121, 31, 61, 48, 121, 62, 121, 39, 121, 21, 56, 120, 51, 120, 60, 120, 120, 120, 21, 120, 120, 65, 120, 120, 120, 0, 120, 25, 40, 60, 17, 120, 33, 120, 120, 49, 120, 21, 43, 120, 120]
Memory usage at done (index 69, length 56, since_prev 1): 20191.328125 MiB (Increase: 0.0 MiB)
Memory usage before reset: 20191.328125 MiB (Increase: 0.0 MiB)
Memory usage after reset: 20191.328125 MiB (Increase: 0.0 MiB)
Current lengths of episodes: [121, 26, 60, 66, 52, 121, 44, 121, 29, 3, 57, 121, 121, 51, 121, 121, 121, 42, 121, 59, 50, 121, 121, 40, 8, 46, 24, 24, 121, 50, 121, 34, 121, 121, 121, 121, 121, 121, 121, 121, 35, 121, 11, 59, 121, 65, 37, 31, 121, 121, 121, 74, 48, 30, 2, 29, 28, 121, 121, 121, 31, 61, 48, 121, 62, 121, 39, 121, 21, 0, 121, 52, 121, 61, 121, 120, 120, 21, 120, 120, 65, 120, 120, 120, 0, 120, 25, 40, 60, 17, 120, 33, 120, 120, 49, 120, 21, 43, 120, 120]
Memory usage at done (index 74, length 121, since_prev 0): 20191.328125 MiB (Increase: 0.0 MiB)
Memory usage before reset: 20191.328125 MiB (Increase: 0.0 MiB)
Memory usage after reset: 20191.328125 MiB (Increase: 0.0 MiB)
Current lengths of episodes: [122, 27, 61, 67, 53, 122, 45, 122, 30, 4, 58, 122, 122, 52, 122, 122, 122, 43, 122, 60, 51, 122, 122, 41, 9, 47, 25, 25, 122, 51, 122, 35, 122, 122, 122, 122, 122, 122, 122, 122, 36, 122, 12, 60, 122, 66, 38, 32, 122, 122, 122, 75, 49, 31, 3, 30, 29, 122, 122, 121, 31, 61, 48, 121, 62, 121, 39, 121, 21, 0, 121, 52, 121, 61, 0, 121, 121, 22, 121, 121, 66, 121, 121, 121, 1, 121, 26, 41, 61, 18, 121, 34, 121, 121, 50, 121, 22, 44, 121, 121]
Memory usage at done (index 58, length 122, since_prev 1): 20191.328125 MiB (Increase: 0.0 MiB)
Memory usage before reset: 20191.328125 MiB (Increase: 0.0 MiB)
Memory usage after reset: 20191.328125 MiB (Increase: 0.0 MiB)
Current lengths of episodes: [135, 40, 74, 80, 66, 135, 58, 135, 43, 17, 71, 135, 135, 65, 134, 134, 134, 55, 134, 72, 63, 134, 134, 53, 21, 59, 37, 37, 134, 63, 134, 47, 134, 134, 134, 134, 134, 134, 134, 134, 48, 134, 24, 72, 134, 78, 50, 44, 134, 134, 134, 87, 61, 43, 15, 42, 41, 134, 12, 134, 44, 74, 61, 134, 75, 134, 52, 134, 34, 13, 134, 65, 134, 74, 13, 134, 134, 35, 134, 134, 79, 134, 134, 134, 14, 134, 39, 54, 74, 31, 134, 47, 134, 134, 63, 134, 35, 57, 134, 134]
Memory usage at done (index 13, length 65, since_prev 13): 20191.328125 MiB (Increase: 0.0 MiB)
Memory usage before reset: 20191.328125 MiB (Increase: 0.0 MiB)
Memory usage after reset: 20191.328125 MiB (Increase: 0.0 MiB)
Current lengths of episodes: [139, 44, 78, 84, 70, 139, 62, 139, 47, 21, 75, 139, 139, 4, 139, 139, 139, 60, 139, 77, 67, 138, 138, 57, 25, 63, 41, 41, 138, 67, 138, 51, 138, 138, 138, 138, 138, 138, 138, 138, 52, 138, 28, 76, 138, 82, 54, 48, 138, 138, 138, 91, 65, 47, 19, 46, 45, 138, 16, 138, 48, 78, 65, 138, 79, 138, 56, 138, 38, 17, 138, 69, 138, 78, 17, 138, 138, 39, 138, 138, 83, 138, 138, 138, 18, 138, 43, 58, 78, 35, 138, 51, 138, 138, 67, 138, 39, 61, 138, 138]
Memory usage at done (index 19, length 77, since_prev 4): 20191.328125 MiB (Increase: 0.0 MiB)
Memory usage before reset: 20191.328125 MiB (Increase: 0.0 MiB)
Memory usage after reset: 20191.328125 MiB (Increase: 0.0 MiB)
Current lengths of episodes: [143, 48, 82, 88, 74, 143, 66, 143, 51, 25, 79, 143, 143, 8, 143, 143, 143, 64, 143, 4, 72, 143, 143, 62, 30, 68, 46, 46, 143, 72, 143, 56, 143, 143, 143, 143, 143, 143, 143, 143, 57, 143, 33, 81, 143, 87, 59, 53, 142, 142, 142, 95, 69, 51, 23, 50, 49, 142, 20, 142, 52, 82, 69, 142, 83, 142, 60, 142, 42, 21, 142, 73, 142, 82, 21, 142, 142, 43, 142, 142, 87, 142, 142, 142, 22, 142, 47, 62, 82, 39, 142, 55, 142, 142, 71, 142, 43, 65, 142, 142]
Memory usage at done (index 47, length 53, since_prev 4): 20191.328125 MiB (Increase: 0.0 MiB)
Memory usage before reset: 20191.328125 MiB (Increase: 0.0 MiB)
Memory usage after reset: 20191.328125 MiB (Increase: 0.0 MiB)
Current lengths of episodes: [146, 51, 85, 91, 77, 146, 69, 146, 54, 28, 82, 146, 146, 11, 146, 146, 146, 67, 146, 7, 75, 146, 146, 65, 33, 71, 49, 49, 146, 75, 146, 59, 146, 146, 146, 146, 146, 146, 146, 146, 60, 146, 36, 84, 146, 90, 62, 3, 146, 146, 146, 99, 73, 55, 26, 53, 52, 145, 23, 145, 55, 85, 72, 145, 86, 145, 63, 145, 45, 24, 145, 76, 145, 85, 24, 145, 145, 46, 145, 145, 90, 145, 145, 145, 25, 145, 50, 65, 85, 42, 145, 58, 145, 145, 74, 145, 46, 68, 145, 145]
Memory usage at done (index 53, length 55, since_prev 3): 20191.328125 MiB (Increase: 0.0 MiB)
Memory usage before reset: 20191.328125 MiB (Increase: 0.0 MiB)
Memory usage after reset: 20191.328125 MiB (Increase: 0.0 MiB)
Current lengths of episodes: [147, 52, 86, 92, 78, 147, 70, 147, 55, 29, 83, 147, 147, 12, 147, 147, 147, 68, 147, 8, 76, 147, 147, 66, 34, 72, 50, 50, 147, 76, 147, 60, 147, 147, 147, 147, 147, 147, 147, 147, 61, 147, 37, 85, 147, 91, 63, 4, 147, 147, 147, 100, 74, 1, 28, 55, 54, 147, 25, 147, 57, 87, 73, 146, 87, 146, 64, 146, 46, 25, 146, 77, 146, 86, 25, 146, 146, 47, 146, 146, 91, 146, 146, 146, 26, 146, 51, 66, 86, 43, 146, 59, 146, 146, 75, 146, 47, 69, 146, 146]
Memory usage at done (index 61, length 87, since_prev 1): 20191.328125 MiB (Increase: 0.0 MiB)
Memory usage before reset: 20191.328125 MiB (Increase: 0.0 MiB)
Memory usage after reset: 20191.328125 MiB (Increase: 0.0 MiB)
Current lengths of episodes: [148, 53, 87, 93, 79, 148, 71, 148, 56, 29, 83, 147, 147, 12, 147, 147, 147, 68, 147, 8, 76, 147, 147, 66, 34, 72, 50, 50, 147, 76, 147, 60, 147, 147, 147, 147, 147, 147, 147, 147, 61, 147, 37, 85, 147, 91, 63, 4, 147, 147, 147, 100, 74, 1, 28, 55, 54, 147, 25, 147, 57, 0, 74, 147, 88, 147, 65, 147, 47, 26, 147, 78, 147, 87, 26, 147, 147, 48, 147, 147, 92, 147, 147, 147, 27, 147, 52, 67, 87, 44, 147, 60, 147, 147, 76, 147, 48, 70, 147, 147]
Memory usage at done (index 8, length 56, since_prev 1): 20191.328125 MiB (Increase: 0.0 MiB)
Memory usage before reset: 20191.328125 MiB (Increase: 0.0 MiB)
Memory usage after reset: 20191.328125 MiB (Increase: 0.0 MiB)
Current lengths of episodes: [152, 57, 91, 97, 83, 152, 75, 152, 4, 34, 88, 152, 152, 17, 152, 152, 152, 73, 152, 13, 81, 152, 152, 71, 39, 77, 55, 55, 151, 80, 151, 64, 151, 151, 151, 151, 151, 151, 151, 151, 65, 151, 41, 89, 151, 95, 67, 8, 151, 151, 151, 104, 78, 5, 32, 59, 58, 151, 29, 151, 61, 4, 78, 151, 92, 151, 69, 151, 51, 30, 151, 82, 151, 91, 30, 151, 151, 52, 151, 151, 96, 151, 151, 151, 31, 151, 56, 71, 91, 48, 151, 64, 151, 151, 80, 151, 52, 74, 151, 151]
Memory usage at done (index 27, length 55, since_prev 4): 20191.328125 MiB (Increase: 0.0 MiB)
Memory usage before reset: 20191.328125 MiB (Increase: 0.0 MiB)
Memory usage after reset: 20191.328125 MiB (Increase: 0.0 MiB)
Current lengths of episodes: [152, 57, 91, 97, 83, 152, 75, 152, 4, 34, 88, 152, 152, 17, 152, 152, 152, 73, 152, 13, 81, 152, 152, 71, 39, 77, 55, 0, 152, 81, 152, 65, 152, 152, 152, 152, 152, 152, 152, 152, 66, 152, 42, 90, 152, 96, 68, 9, 152, 152, 152, 105, 79, 6, 33, 60, 59, 151, 29, 151, 61, 4, 78, 151, 92, 151, 69, 151, 51, 30, 151, 82, 151, 91, 30, 151, 151, 52, 151, 151, 96, 151, 151, 151, 31, 151, 56, 71, 91, 48, 151, 64, 151, 151, 80, 151, 52, 74, 151, 151]
Memory usage at done (index 56, length 59, since_prev 0): 20191.328125 MiB (Increase: 0.0 MiB)
Memory usage before reset: 20191.328125 MiB (Increase: 0.0 MiB)
Memory usage after reset: 20191.328125 MiB (Increase: 0.0 MiB)
Current lengths of episodes: [155, 60, 94, 100, 86, 155, 78, 154, 6, 36, 90, 154, 154, 19, 154, 154, 154, 75, 154, 15, 83, 154, 154, 73, 41, 79, 57, 2, 154, 83, 154, 67, 154, 154, 154, 154, 154, 154, 154, 154, 68, 154, 44, 92, 154, 98, 70, 11, 154, 154, 154, 107, 81, 8, 35, 62, 2, 154, 32, 154, 64, 7, 81, 154, 95, 154, 72, 154, 54, 33, 154, 85, 154, 94, 33, 154, 154, 55, 154, 154, 99, 154, 154, 154, 34, 154, 59, 74, 94, 51, 154, 67, 154, 154, 83, 154, 55, 77, 154, 154]
Memory usage at done (index 6, length 78, since_prev 3): 20191.328125 MiB (Increase: 0.0 MiB)
Memory usage before reset: 20191.328125 MiB (Increase: 0.0 MiB)
Memory usage after reset: 20191.328125 MiB (Increase: 0.0 MiB)
Current lengths of episodes: [158, 63, 97, 103, 89, 158, 3, 158, 10, 40, 94, 158, 158, 23, 158, 158, 158, 79, 158, 19, 87, 158, 158, 77, 45, 83, 61, 6, 158, 87, 158, 71, 158, 158, 158, 158, 158, 158, 158, 158, 72, 158, 48, 96, 158, 102, 74, 15, 158, 158, 158, 111, 84, 11, 38, 65, 5, 157, 35, 157, 67, 10, 84, 157, 98, 157, 75, 157, 57, 36, 157, 88, 157, 97, 36, 157, 157, 58, 157, 157, 102, 157, 157, 157, 37, 157, 62, 77, 97, 54, 157, 70, 157, 157, 86, 157, 58, 80, 157, 157]
Memory usage at done (index 51, length 111, since_prev 3): 20191.328125 MiB (Increase: 0.0 MiB)
Memory usage before reset: 20191.328125 MiB (Increase: 0.0 MiB)
Memory usage after reset: 20191.328125 MiB (Increase: 0.0 MiB)
Current lengths of episodes: [160, 65, 99, 105, 91, 160, 5, 160, 12, 42, 96, 160, 160, 25, 160, 160, 160, 81, 160, 21, 89, 160, 160, 79, 47, 85, 63, 8, 160, 89, 160, 73, 160, 160, 160, 160, 160, 160, 160, 160, 74, 160, 50, 98, 160, 104, 76, 17, 160, 160, 160, 2, 87, 14, 41, 68, 7, 159, 37, 159, 69, 12, 86, 159, 100, 159, 77, 159, 59, 38, 159, 90, 159, 99, 38, 159, 159, 60, 159, 159, 104, 159, 159, 159, 39, 159, 64, 79, 99, 56, 159, 72, 159, 159, 88, 159, 60, 82, 159, 159]
Memory usage at done (index 55, length 68, since_prev 2): 20191.328125 MiB (Increase: 0.0 MiB)
Memory usage before reset: 20191.328125 MiB (Increase: 0.0 MiB)
Memory usage after reset: 20191.328125 MiB (Increase: 0.0 MiB)
Current lengths of episodes: [169, 74, 108, 114, 100, 169, 14, 169, 21, 51, 105, 169, 169, 34, 169, 169, 169, 90, 169, 30, 98, 169, 169, 88, 56, 94, 72, 17, 169, 98, 169, 82, 169, 169, 169, 169, 169, 169, 169, 169, 83, 169, 59, 107, 169, 113, 85, 26, 169, 169, 169, 11, 96, 23, 50, 9, 17, 169, 47, 169, 79, 22, 96, 168, 109, 168, 86, 168, 68, 47, 168, 99, 168, 108, 47, 168, 168, 69, 168, 168, 113, 168, 168, 168, 48, 168, 73, 88, 108, 65, 168, 81, 168, 168, 97, 168, 69, 91, 168, 168]
Memory usage at done (index 62, length 96, since_prev 9): 20191.328125 MiB (Increase: 0.0 MiB)
Memory usage before reset: 20191.328125 MiB (Increase: 0.0 MiB)
Memory usage after reset: 20191.328125 MiB (Increase: 0.0 MiB)
Current lengths of episodes: [170, 75, 109, 115, 101, 170, 15, 170, 22, 52, 106, 170, 170, 35, 170, 170, 170, 91, 170, 31, 99, 170, 170, 89, 57, 95, 73, 18, 170, 99, 170, 83, 170, 170, 170, 170, 170, 170, 170, 170, 84, 169, 59, 107, 169, 113, 85, 26, 169, 169, 169, 11, 96, 23, 50, 9, 17, 169, 47, 169, 79, 22, 0, 169, 110, 169, 87, 169, 69, 48, 169, 100, 169, 109, 48, 169, 169, 70, 169, 169, 114, 169, 169, 169, 49, 169, 74, 89, 109, 66, 169, 82, 169, 169, 98, 169, 70, 92, 169, 169]
Memory usage at done (index 40, length 84, since_prev 1): 20191.328125 MiB (Increase: 0.0 MiB)
Memory usage before reset: 20191.328125 MiB (Increase: 0.0 MiB)
Memory usage after reset: 20191.328125 MiB (Increase: 0.0 MiB)
Current lengths of episodes: [182, 87, 121, 127, 113, 182, 27, 182, 34, 64, 118, 182, 182, 47, 182, 182, 182, 103, 182, 43, 111, 182, 182, 101, 69, 107, 85, 29, 181, 110, 181, 94, 181, 181, 181, 181, 181, 181, 181, 181, 11, 181, 71, 119, 181, 125, 97, 38, 181, 181, 181, 23, 108, 35, 62, 21, 29, 181, 59, 181, 91, 34, 12, 181, 122, 181, 99, 181, 81, 60, 181, 112, 181, 121, 60, 181, 181, 82, 181, 181, 126, 181, 181, 181, 61, 181, 86, 101, 121, 78, 181, 94, 181, 181, 110, 181, 82, 104, 181, 181]
Memory usage at done (index 26, length 85, since_prev 12): 20191.328125 MiB (Increase: 0.0 MiB)
Memory usage before reset: 20191.328125 MiB (Increase: 0.0 MiB)
Memory usage after reset: 20191.328125 MiB (Increase: 0.0 MiB)
Current lengths of episodes: [182, 87, 121, 127, 113, 182, 27, 182, 34, 64, 118, 182, 182, 47, 182, 182, 182, 103, 182, 43, 111, 182, 182, 101, 69, 107, 0, 30, 182, 111, 182, 95, 182, 182, 182, 182, 182, 182, 182, 182, 12, 182, 72, 120, 182, 126, 98, 39, 182, 182, 182, 24, 109, 36, 63, 22, 30, 182, 60, 182, 92, 35, 13, 182, 123, 182, 100, 182, 82, 61, 182, 113, 182, 122, 61, 182, 182, 83, 182, 182, 127, 182, 182, 182, 62, 182, 87, 102, 122, 79, 182, 95, 182, 182, 111, 182, 83, 104, 181, 181]
Memory usage at done (index 96, length 83, since_prev 0): 20191.328125 MiB (Increase: 0.0 MiB)
Memory usage before reset: 20191.328125 MiB (Increase: 0.0 MiB)
Memory usage after reset: 20191.328125 MiB (Increase: 0.0 MiB)
Current lengths of episodes: [186, 91, 125, 131, 117, 186, 31, 186, 38, 68, 122, 186, 186, 51, 186, 186, 186, 107, 186, 47, 115, 186, 186, 105, 73, 111, 4, 34, 186, 115, 186, 99, 186, 186, 186, 186, 186, 186, 186, 186, 16, 186, 76, 124, 186, 130, 102, 43, 186, 186, 186, 28, 113, 40, 67, 26, 34, 186, 64, 186, 96, 39, 17, 186, 127, 186, 104, 186, 86, 65, 186, 117, 186, 126, 65, 186, 186, 87, 186, 186, 131, 186, 186, 186, 66, 186, 91, 106, 126, 83, 186, 99, 185, 185, 114, 185, 3, 108, 185, 185]
Memory usage at done (index 91, length 99, since_prev 4): 20191.328125 MiB (Increase: 0.0 MiB)
Memory usage before reset: 20191.328125 MiB (Increase: 0.0 MiB)
Memory usage after reset: 20191.328125 MiB (Increase: 0.0 MiB)
Current lengths of episodes: [190, 95, 129, 135, 121, 190, 35, 190, 42, 72, 126, 190, 190, 55, 190, 190, 190, 111, 190, 51, 119, 190, 190, 109, 77, 115, 8, 38, 190, 119, 190, 103, 190, 190, 190, 190, 190, 190, 190, 190, 20, 190, 80, 128, 190, 134, 106, 47, 190, 190, 190, 32, 117, 43, 70, 29, 37, 189, 67, 189, 99, 42, 20, 189, 130, 189, 107, 189, 89, 68, 189, 120, 189, 129, 68, 189, 189, 90, 189, 189, 134, 189, 189, 189, 69, 189, 94, 109, 129, 86, 189, 3, 189, 189, 118, 189, 7, 112, 189, 189]
Memory usage at done (index 52, length 117, since_prev 4): 20191.328125 MiB (Increase: 0.0 MiB)
Memory usage before reset: 20191.328125 MiB (Increase: 0.0 MiB)
Memory usage after reset: 20191.328125 MiB (Increase: 0.0 MiB)
Current lengths of episodes: [191, 96, 130, 136, 122, 191, 36, 191, 43, 73, 127, 190, 190, 55, 190, 190, 190, 111, 190, 51, 119, 190, 190, 109, 77, 115, 8, 38, 190, 119, 190, 103, 190, 190, 190, 190, 190, 190, 190, 190, 20, 190, 80, 128, 190, 134, 106, 47, 190, 190, 190, 32, 0, 44, 71, 30, 38, 190, 68, 190, 100, 43, 21, 190, 131, 190, 108, 190, 90, 69, 190, 121, 190, 130, 69, 190, 190, 91, 190, 190, 135, 190, 190, 190, 70, 190, 95, 110, 130, 87, 190, 4, 190, 190, 119, 190, 8, 113, 190, 190]
Memory usage at done (index 10, length 127, since_prev 1): 20191.328125 MiB (Increase: 0.0 MiB)
Memory usage before reset: 20191.328125 MiB (Increase: 0.0 MiB)
Memory usage after reset: 20191.328125 MiB (Increase: 0.0 MiB)
Current lengths of episodes: [192, 97, 131, 137, 123, 192, 37, 192, 44, 74, 1, 192, 192, 57, 192, 192, 192, 113, 192, 53, 121, 192, 192, 111, 79, 117, 10, 40, 192, 121, 192, 105, 192, 192, 192, 192, 192, 192, 192, 192, 22, 192, 82, 129, 191, 135, 107, 48, 191, 191, 191, 33, 1, 45, 72, 31, 39, 191, 69, 191, 101, 44, 22, 191, 132, 191, 109, 191, 91, 70, 191, 122, 191, 131, 70, 191, 191, 92, 191, 191, 136, 191, 191, 191, 71, 191, 96, 111, 131, 88, 191, 5, 191, 191, 120, 191, 9, 114, 191, 191]
Memory usage at done (index 42, length 82, since_prev 1): 20191.328125 MiB (Increase: 0.0 MiB)
Memory usage before reset: 20191.328125 MiB (Increase: 0.0 MiB)
Memory usage after reset: 20191.328125 MiB (Increase: 0.0 MiB)
Current lengths of episodes: [198, 103, 137, 143, 129, 198, 43, 198, 50, 80, 7, 198, 198, 63, 198, 198, 198, 119, 198, 59, 127, 198, 198, 117, 85, 123, 16, 46, 198, 127, 198, 111, 198, 198, 198, 198, 198, 198, 198, 198, 28, 198, 6, 136, 198, 142, 114, 55, 197, 197, 197, 39, 7, 51, 78, 37, 45, 197, 75, 197, 107, 50, 28, 197, 138, 197, 115, 197, 97, 76, 197, 128, 197, 137, 76, 197, 197, 98, 197, 197, 142, 197, 197, 197, 77, 197, 102, 117, 137, 94, 197, 11, 197, 197, 126, 197, 15, 120, 197, 197]
Memory usage at done (index 47, length 55, since_prev 6): 20191.328125 MiB (Increase: 0.0 MiB)
Memory usage before reset: 20191.328125 MiB (Increase: 0.0 MiB)
Memory usage after reset: 20191.328125 MiB (Increase: 0.0 MiB)
Current lengths of episodes: [199, 104, 138, 144, 130, 199, 44, 199, 51, 81, 7, 198, 198, 63, 198, 198, 198, 119, 198, 59, 127, 198, 198, 117, 85, 123, 16, 46, 198, 127, 198, 111, 198, 198, 198, 198, 198, 198, 198, 198, 28, 198, 6, 136, 198, 142, 114, 0, 198, 198, 198, 40, 8, 52, 79, 38, 46, 198, 76, 198, 108, 51, 29, 198, 139, 198, 116, 198, 98, 77, 198, 129, 198, 138, 77, 198, 198, 99, 198, 198, 143, 198, 198, 198, 78, 198, 103, 118, 138, 95, 198, 12, 198, 198, 127, 198, 16, 121, 198, 198]
Memory usage at done (index 9, length 81, since_prev 1): 20191.328125 MiB (Increase: 0.0 MiB)
Memory usage before reset: 20191.328125 MiB (Increase: 0.0 MiB)
Memory usage after reset: 20191.328125 MiB (Increase: 0.0 MiB)
Current lengths of episodes: [200, 105, 139, 145, 131, 200, 45, 200, 52, 1, 9, 200, 200, 65, 200, 200, 200, 121, 200, 61, 129, 200, 200, 119, 87, 125, 18, 48, 200, 129, 200, 113, 200, 200, 200, 200, 200, 200, 200, 200, 30, 200, 8, 138, 200, 144, 116, 2, 200, 200, 200, 42, 10, 54, 81, 40, 48, 200, 78, 200, 110, 53, 30, 199, 140, 199, 117, 199, 99, 78, 199, 130, 199, 139, 78, 199, 199, 100, 199, 199, 144, 199, 199, 199, 79, 199, 104, 119, 139, 96, 199, 13, 199, 199, 128, 199, 17, 122, 199, 199]
Memory usage at done (index 61, length 53, since_prev 1): 20191.328125 MiB (Increase: 0.0 MiB)
Memory usage before reset: 20191.328125 MiB (Increase: 0.0 MiB)
Memory usage after reset: 20191.328125 MiB (Increase: 0.0 MiB)
Current lengths of episodes: [207, 112, 146, 152, 138, 207, 52, 207, 59, 8, 16, 207, 207, 72, 207, 207, 207, 128, 207, 68, 136, 207, 207, 126, 94, 132, 25, 55, 207, 136, 207, 120, 207, 207, 207, 207, 207, 207, 207, 207, 37, 207, 15, 145, 207, 151, 123, 9, 207, 207, 207, 49, 17, 61, 88, 47, 55, 207, 85, 207, 117, 7, 38, 207, 148, 207, 125, 207, 107, 86, 206, 137, 206, 146, 85, 206, 206, 107, 206, 206, 151, 206, 206, 206, 86, 206, 111, 126, 146, 103, 206, 20, 206, 206, 135, 206, 24, 129, 206, 206]
Memory usage at done (index 69, length 86, since_prev 7): 20191.328125 MiB (Increase: 0.0 MiB)
Memory usage before reset: 20191.328125 MiB (Increase: 0.0 MiB)
Memory usage after reset: 20191.328125 MiB (Increase: 0.0 MiB)
Current lengths of episodes: [211, 116, 150, 155, 141, 210, 55, 210, 62, 11, 19, 210, 210, 75, 210, 210, 210, 131, 210, 71, 139, 210, 210, 129, 97, 135, 28, 58, 210, 139, 210, 123, 210, 210, 210, 210, 210, 210, 210, 210, 40, 210, 18, 148, 210, 154, 126, 12, 210, 210, 210, 52, 20, 64, 91, 50, 58, 210, 88, 210, 120, 10, 41, 210, 151, 210, 128, 210, 110, 3, 210, 141, 210, 150, 89, 210, 210, 111, 210, 210, 155, 210, 210, 210, 90, 210, 115, 130, 150, 107, 210, 24, 210, 210, 139, 210, 28, 133, 210, 210]
Memory usage at done (index 2, length 150, since_prev 4): 20191.328125 MiB (Increase: 0.0 MiB)
Memory usage before reset: 20191.328125 MiB (Increase: 0.0 MiB)
Memory usage after reset: 20191.328125 MiB (Increase: 0.0 MiB)
Current lengths of episodes: [221, 126, 10, 166, 152, 221, 66, 221, 73, 22, 30, 221, 221, 86, 221, 221, 221, 142, 221, 82, 150, 221, 221, 140, 108, 145, 38, 68, 220, 149, 220, 133, 220, 220, 220, 220, 220, 220, 220, 220, 50, 220, 28, 158, 220, 164, 136, 22, 220, 220, 220, 62, 30, 74, 101, 60, 68, 220, 98, 220, 130, 20, 51, 220, 161, 220, 138, 220, 120, 13, 220, 151, 220, 160, 99, 220, 220, 121, 220, 220, 165, 220, 220, 220, 100, 220, 125, 140, 160, 117, 220, 34, 220, 220, 149, 220, 38, 143, 220, 220]
Memory usage at done (index 24, length 108, since_prev 10): 20191.328125 MiB (Increase: 0.0 MiB)
Memory usage before reset: 20191.328125 MiB (Increase: 0.0 MiB)
Memory usage after reset: 20191.328125 MiB (Increase: 0.0 MiB)
Current lengths of episodes: [221, 126, 10, 166, 152, 221, 66, 221, 73, 22, 30, 221, 221, 86, 221, 221, 221, 142, 221, 82, 150, 221, 221, 140, 0, 146, 39, 69, 221, 150, 221, 134, 221, 221, 221, 221, 221, 221, 221, 221, 51, 221, 29, 159, 221, 165, 137, 23, 221, 221, 221, 63, 31, 75, 102, 61, 69, 221, 99, 221, 131, 21, 52, 221, 162, 221, 139, 221, 121, 14, 221, 152, 221, 161, 100, 220, 220, 121, 220, 220, 165, 220, 220, 220, 100, 220, 125, 140, 160, 117, 220, 34, 220, 220, 149, 220, 38, 143, 220, 220]
Memory usage at done (index 74, length 100, since_prev 0): 20191.328125 MiB (Increase: 0.0 MiB)
Memory usage before reset: 20191.328125 MiB (Increase: 0.0 MiB)
Memory usage after reset: 20191.328125 MiB (Increase: 0.0 MiB)
Current lengths of episodes: [226, 131, 15, 171, 157, 226, 71, 226, 78, 27, 35, 226, 226, 91, 226, 226, 226, 147, 226, 87, 155, 226, 226, 145, 5, 151, 44, 74, 225, 154, 225, 138, 225, 225, 225, 225, 225, 225, 225, 225, 55, 225, 33, 163, 225, 169, 141, 27, 225, 225, 225, 67, 35, 79, 106, 65, 73, 225, 103, 225, 135, 25, 56, 225, 166, 225, 143, 225, 125, 18, 225, 156, 225, 165, 4, 225, 225, 126, 225, 225, 170, 225, 225, 225, 105, 225, 130, 145, 165, 122, 225, 39, 225, 225, 154, 225, 43, 148, 225, 225]
Memory usage at done (index 27, length 74, since_prev 5): 20191.328125 MiB (Increase: 0.0 MiB)
Memory usage before reset: 20191.328125 MiB (Increase: 0.0 MiB)
Memory usage after reset: 20191.328125 MiB (Increase: 0.0 MiB)
Current lengths of episodes: [228, 133, 17, 173, 159, 228, 73, 228, 80, 29, 37, 228, 228, 93, 228, 228, 228, 149, 228, 89, 157, 228, 228, 147, 7, 153, 46, 2, 228, 157, 228, 141, 228, 228, 228, 228, 228, 228, 228, 228, 58, 228, 36, 166, 228, 172, 144, 30, 228, 228, 228, 70, 38, 82, 109, 68, 76, 228, 106, 228, 138, 28, 59, 228, 169, 228, 146, 228, 128, 21, 228, 159, 228, 168, 7, 228, 228, 129, 228, 228, 173, 228, 228, 228, 108, 228, 133, 148, 168, 125, 228, 42, 227, 227, 156, 227, 45, 150, 227, 227]
Memory usage at done (index 91, length 42, since_prev 2): 20191.328125 MiB (Increase: 0.0 MiB)
Memory usage before reset: 20191.328125 MiB (Increase: 0.0 MiB)
Memory usage after reset: 20191.328125 MiB (Increase: 0.0 MiB)
Current lengths of episodes: [229, 134, 18, 174, 160, 229, 74, 229, 81, 30, 38, 229, 229, 94, 229, 229, 229, 150, 229, 90, 158, 229, 229, 148, 8, 154, 47, 3, 229, 158, 229, 142, 229, 229, 229, 229, 229, 229, 229, 229, 59, 229, 37, 167, 229, 173, 145, 31, 229, 229, 229, 71, 38, 82, 109, 68, 76, 228, 106, 228, 138, 28, 59, 228, 169, 228, 146, 228, 128, 21, 228, 159, 228, 168, 7, 228, 228, 129, 228, 228, 173, 228, 228, 228, 108, 228, 133, 148, 168, 125, 228, 0, 228, 228, 157, 228, 46, 151, 228, 228]
Memory usage at done (index 51, length 71, since_prev 1): 20191.328125 MiB (Increase: 0.0 MiB)
Memory usage before reset: 20191.328125 MiB (Increase: 0.0 MiB)
Memory usage after reset: 20191.328125 MiB (Increase: 0.0 MiB)
Current lengths of episodes: [242, 147, 31, 187, 173, 242, 87, 242, 94, 43, 51, 242, 242, 107, 242, 242, 242, 163, 242, 103, 170, 241, 241, 160, 20, 166, 59, 15, 241, 170, 241, 154, 241, 241, 241, 241, 241, 241, 241, 241, 71, 241, 49, 179, 241, 185, 157, 43, 241, 241, 241, 12, 51, 95, 122, 81, 89, 241, 119, 241, 151, 41, 72, 241, 182, 241, 159, 241, 141, 34, 241, 172, 241, 181, 20, 241, 241, 142, 241, 241, 186, 241, 241, 241, 121, 241, 146, 161, 181, 138, 241, 13, 241, 241, 170, 241, 59, 164, 241, 241]
Memory usage at done (index 19, length 103, since_prev 13): 20191.328125 MiB (Increase: 0.0 MiB)
Memory usage before reset: 20191.328125 MiB (Increase: 0.0 MiB)
Memory usage after reset: 20191.328125 MiB (Increase: 0.0 MiB)
Current lengths of episodes: [245, 150, 34, 190, 176, 245, 90, 245, 97, 46, 54, 245, 245, 110, 245, 245, 245, 166, 245, 3, 174, 245, 245, 164, 24, 170, 63, 19, 245, 174, 245, 158, 245, 245, 245, 245, 245, 245, 245, 245, 75, 245, 53, 183, 245, 189, 161, 47, 245, 245, 245, 16, 55, 99, 126, 85, 93, 245, 123, 245, 155, 45, 76, 245, 186, 245, 163, 245, 145, 38, 245, 176, 245, 185, 24, 245, 245, 146, 245, 245, 190, 245, 245, 245, 125, 245, 150, 165, 185, 142, 245, 17, 245, 245, 174, 245, 63, 167, 244, 244]
Memory usage at done (index 96, length 63, since_prev 3): 20191.328125 MiB (Increase: 0.0 MiB)
Memory usage before reset: 20191.328125 MiB (Increase: 0.0 MiB)
Memory usage after reset: 20191.328125 MiB (Increase: 0.0 MiB)
Current lengths of episodes: [259, 164, 48, 204, 190, 259, 104, 259, 111, 60, 68, 258, 258, 123, 258, 258, 258, 179, 258, 16, 187, 258, 258, 177, 37, 183, 76, 32, 258, 187, 258, 171, 258, 258, 258, 258, 258, 258, 258, 258, 88, 258, 66, 196, 258, 202, 174, 60, 258, 258, 258, 29, 68, 112, 139, 98, 106, 258, 136, 258, 168, 58, 89, 258, 199, 258, 176, 258, 158, 51, 258, 189, 258, 198, 37, 258, 258, 159, 258, 258, 203, 258, 258, 258, 138, 258, 163, 178, 198, 155, 258, 30, 258, 258, 187, 258, 13, 181, 258, 258]
Memory usage at done (index 10, length 68, since_prev 14): 20191.328125 MiB (Increase: 0.0 MiB)
Memory usage before reset: 20191.328125 MiB (Increase: 0.0 MiB)
Memory usage after reset: 20191.328125 MiB (Increase: 0.0 MiB)
Current lengths of episodes: [260, 165, 49, 205, 191, 260, 105, 260, 112, 61, 1, 260, 260, 125, 260, 260, 260, 181, 260, 18, 189, 260, 260, 179, 39, 185, 78, 34, 260, 189, 260, 173, 260, 260, 260, 260, 260, 260, 260, 260, 90, 260, 68, 197, 259, 203, 175, 61, 259, 259, 259, 30, 69, 113, 140, 99, 107, 259, 137, 259, 169, 59, 90, 259, 200, 259, 177, 259, 159, 52, 259, 190, 259, 199, 38, 259, 259, 160, 259, 259, 204, 259, 259, 259, 139, 259, 164, 179, 199, 156, 259, 31, 259, 259, 188, 259, 14, 182, 259, 259]
Memory usage at done (index 42, length 68, since_prev 1): 20191.328125 MiB (Increase: 0.0 MiB)
Memory usage before reset: 20191.328125 MiB (Increase: 0.0 MiB)
Memory usage after reset: 20191.328125 MiB (Increase: 0.0 MiB)
Current lengths of episodes: [264, 169, 53, 209, 195, 264, 109, 264, 116, 65, 4, 263, 263, 128, 263, 263, 263, 184, 263, 21, 192, 263, 263, 182, 42, 188, 81, 37, 263, 192, 263, 176, 263, 263, 263, 263, 263, 263, 263, 263, 93, 263, 3, 201, 263, 207, 179, 65, 263, 263, 263, 34, 73, 117, 144, 103, 111, 263, 141, 263, 173, 63, 94, 263, 204, 263, 181, 263, 163, 56, 263, 194, 263, 203, 42, 263, 263, 164, 263, 263, 208, 263, 263, 263, 143, 263, 168, 183, 203, 160, 263, 35, 263, 263, 192, 263, 18, 186, 263, 263]
Memory usage at done (index 9, length 65, since_prev 4): 20191.328125 MiB (Increase: 0.0 MiB)
Memory usage before reset: 20191.328125 MiB (Increase: 0.0 MiB)
Memory usage after reset: 20191.328125 MiB (Increase: 0.0 MiB)
Current lengths of episodes: [293, 198, 82, 238, 224, 293, 138, 293, 145, 29, 34, 293, 293, 158, 293, 293, 293, 214, 293, 51, 222, 293, 293, 212, 72, 218, 111, 67, 293, 222, 293, 206, 293, 293, 293, 293, 293, 293, 293, 293, 123, 293, 33, 231, 293, 237, 209, 95, 293, 293, 293, 64, 103, 147, 174, 133, 141, 292, 170, 292, 202, 92, 123, 292, 233, 292, 210, 292, 192, 85, 292, 223, 292, 232, 71, 292, 292, 193, 292, 292, 237, 292, 292, 292, 172, 292, 197, 212, 232, 189, 292, 64, 292, 292, 221, 292, 47, 215, 292, 292]
Memory usage at done (index 56, length 141, since_prev 29): 20191.328125 MiB (Increase: 0.0 MiB)
Memory usage before reset: 20191.328125 MiB (Increase: 0.0 MiB)
Memory usage after reset: 20191.328125 MiB (Increase: 0.0 MiB)
Current lengths of episodes: [294, 199, 83, 239, 225, 294, 139, 294, 146, 30, 35, 294, 294, 159, 294, 294, 294, 215, 294, 52, 223, 294, 294, 213, 73, 219, 112, 68, 294, 223, 294, 207, 294, 294, 294, 294, 294, 294, 294, 294, 124, 294, 34, 232, 294, 238, 210, 96, 294, 294, 294, 65, 104, 148, 175, 134, 1, 294, 172, 294, 204, 94, 125, 294, 235, 294, 212, 294, 194, 87, 293, 224, 293, 233, 72, 293, 293, 194, 293, 293, 238, 293, 293, 293, 173, 293, 198, 213, 233, 190, 293, 65, 293, 293, 222, 293, 48, 216, 293, 293]
Memory usage at done (index 69, length 87, since_prev 1): 20191.328125 MiB (Increase: 0.0 MiB)
Memory usage before reset: 20191.328125 MiB (Increase: 0.0 MiB)
Memory usage after reset: 20191.328125 MiB (Increase: 0.0 MiB)
Current lengths of episodes: [296, 201, 85, 240, 226, 295, 140, 295, 147, 31, 36, 295, 295, 160, 295, 295, 295, 216, 295, 53, 224, 295, 295, 214, 74, 220, 113, 69, 295, 224, 295, 208, 295, 295, 295, 295, 295, 295, 295, 295, 125, 295, 35, 233, 295, 239, 211, 97, 295, 295, 295, 66, 105, 149, 176, 135, 2, 295, 173, 295, 205, 95, 126, 295, 236, 295, 213, 295, 195, 1, 295, 226, 295, 235, 74, 295, 295, 196, 295, 295, 240, 295, 295, 295, 175, 295, 200, 215, 235, 192, 295, 67, 295, 295, 224, 295, 50, 218, 295, 295]
Memory usage at done (index 2, length 85, since_prev 2): 20191.328125 MiB (Increase: 0.0 MiB)
Memory usage before reset: 20191.328125 MiB (Increase: 0.0 MiB)
Memory usage after reset: 20191.328125 MiB (Increase: 0.0 MiB)
Current lengths of episodes: [304, 209, 8, 249, 235, 304, 149, 304, 156, 40, 45, 304, 304, 169, 304, 304, 304, 225, 304, 62, 233, 304, 304, 223, 83, 229, 122, 78, 303, 232, 303, 216, 303, 303, 303, 303, 303, 303, 303, 303, 133, 303, 43, 241, 303, 247, 219, 105, 303, 303, 303, 74, 113, 157, 184, 143, 10, 303, 181, 303, 213, 103, 134, 303, 244, 303, 221, 303, 203, 9, 303, 234, 303, 243, 82, 303, 303, 204, 303, 303, 248, 303, 303, 303, 183, 303, 208, 223, 243, 200, 303, 75, 303, 303, 232, 303, 58, 226, 303, 303]
Memory usage at done (index 27, length 78, since_prev 8): 20191.328125 MiB (Increase: 0.0 MiB)
Memory usage before reset: 20191.328125 MiB (Increase: 0.0 MiB)
Memory usage after reset: 20191.328125 MiB (Increase: 0.0 MiB)
Current lengths of episodes: [316, 221, 20, 261, 247, 316, 161, 316, 168, 52, 57, 316, 316, 181, 316, 316, 316, 237, 316, 74, 244, 315, 315, 234, 94, 240, 133, 11, 315, 244, 315, 228, 315, 315, 315, 315, 315, 315, 315, 315, 145, 315, 55, 253, 315, 259, 231, 117, 315, 315, 315, 86, 125, 169, 196, 155, 22, 315, 193, 315, 225, 115, 146, 315, 256, 315, 233, 315, 215, 21, 315, 246, 315, 255, 94, 315, 315, 216, 315, 315, 260, 315, 315, 315, 195, 315, 220, 235, 255, 212, 315, 87, 315, 315, 244, 315, 70, 238, 315, 315]
Memory usage at done (index 19, length 74, since_prev 12): 20191.328125 MiB (Increase: 0.0 MiB)
Memory usage before reset: 20191.328125 MiB (Increase: 0.0 MiB)
Memory usage after reset: 20191.328125 MiB (Increase: 0.0 MiB)
Current lengths of episodes: [361, 266, 65, 306, 292, 361, 206, 361, 213, 97, 102, 361, 361, 226, 361, 361, 361, 282, 361, 45, 290, 361, 361, 280, 140, 286, 179, 57, 361, 290, 361, 274, 361, 361, 361, 361, 361, 361, 361, 361, 191, 361, 101, 299, 361, 305, 277, 163, 360, 360, 360, 131, 170, 214, 241, 200, 67, 360, 238, 360, 270, 160, 191, 360, 301, 360, 278, 360, 260, 66, 360, 291, 360, 300, 139, 360, 360, 261, 360, 360, 305, 360, 360, 360, 240, 360, 265, 280, 300, 257, 360, 132, 360, 360, 289, 360, 115, 283, 360, 360]
Memory usage at done (index 47, length 163, since_prev 45): 20191.328125 MiB (Increase: 0.0 MiB)
Memory usage before reset: 20191.328125 MiB (Increase: 0.0 MiB)
Memory usage after reset: 20191.328125 MiB (Increase: 0.0 MiB)
Current lengths of episodes: [362, 267, 66, 306, 292, 361, 206, 361, 213, 97, 102, 361, 361, 226, 361, 361, 361, 282, 361, 45, 290, 361, 361, 280, 140, 286, 179, 57, 361, 290, 361, 274, 361, 361, 361, 361, 361, 361, 361, 361, 191, 361, 101, 299, 361, 305, 277, 0, 361, 361, 361, 132, 171, 215, 242, 201, 68, 361, 239, 361, 271, 161, 192, 361, 302, 361, 279, 361, 261, 67, 361, 292, 361, 301, 140, 361, 361, 262, 361, 361, 306, 361, 361, 361, 241, 361, 266, 281, 301, 258, 361, 133, 361, 361, 290, 361, 116, 284, 361, 361]
Memory usage at done (index 2, length 66, since_prev 1): 20191.328125 MiB (Increase: 0.0 MiB)
Memory usage before reset: 20191.328125 MiB (Increase: 0.0 MiB)
Memory usage after reset: 20191.328125 MiB (Increase: 0.0 MiB)
Current lengths of episodes: [365, 270, 3, 310, 296, 365, 210, 365, 217, 101, 106, 364, 364, 229, 364, 364, 364, 285, 364, 48, 293, 364, 364, 283, 143, 289, 182, 60, 364, 293, 364, 277, 364, 364, 364, 364, 364, 364, 364, 364, 194, 364, 104, 302, 364, 308, 280, 3, 364, 364, 364, 135, 174, 218, 245, 204, 71, 364, 242, 364, 274, 164, 195, 364, 305, 364, 282, 364, 264, 70, 364, 295, 364, 304, 143, 364, 364, 265, 364, 364, 309, 364, 364, 364, 244, 364, 269, 284, 304, 261, 364, 136, 364, 364, 293, 364, 119, 287, 364, 364]
Memory usage at done (index 10, length 106, since_prev 3): 20191.328125 MiB (Increase: 0.0 MiB)
Memory usage before reset: 20191.328125 MiB (Increase: 0.0 MiB)
Memory usage after reset: 20191.328125 MiB (Increase: 0.0 MiB)
Training episode 600
Memory usage at middle: 20191.328125 MiB (Increase: 0.0 MiB)
Memory usage before collect: 20191.328125 MiB (Increase: 0.0 MiB)
Memory usage after collect: 20191.328125 MiB (Increase: 0.0 MiB)
Episode 600	Average evaluation: -98.29130593887233
Memory usage before initialization: 20191.328125 MiB (Increase: 0.0 MiB)
Memory usage after initialization: 20191.328125 MiB (Increase: 0.0 MiB)
Current lengths of episodes: [39, 39, 39, 39, 39, 39, 39, 39, 39, 39, 39, 39, 39, 39, 39, 39, 39, 39, 39, 39, 39, 39, 39, 39, 39, 39, 39, 39, 39, 39, 39, 39, 39, 39, 39, 39, 39, 38, 38, 38, 38, 38, 38, 38, 38, 38, 38, 38, 38, 38, 38, 38, 38, 38, 38, 38, 38, 38, 38, 38, 38, 38, 38, 38, 38, 38, 38, 38, 38, 38, 38, 38, 38, 38, 38, 38, 38, 38, 38, 38, 38, 38, 38, 38, 38, 38, 38, 38, 38, 38, 38, 38, 38, 38, 38, 38, 38, 38, 38, 38]
Memory usage at done (index 36, length 39, since_prev 39): 20191.328125 MiB (Increase: 0.0 MiB)
Memory usage before reset: 20191.328125 MiB (Increase: 0.0 MiB)
Memory usage after reset: 20191.328125 MiB (Increase: 0.0 MiB)
Current lengths of episodes: [41, 41, 41, 41, 41, 41, 41, 41, 41, 41, 41, 41, 41, 41, 41, 41, 41, 41, 41, 41, 41, 41, 41, 41, 41, 41, 41, 41, 41, 41, 41, 41, 41, 41, 41, 41, 2, 41, 41, 41, 41, 41, 41, 41, 41, 41, 41, 41, 41, 41, 41, 41, 41, 41, 41, 41, 41, 41, 41, 41, 41, 41, 41, 41, 41, 41, 40, 40, 40, 40, 40, 40, 40, 40, 40, 40, 40, 40, 40, 40, 40, 40, 40, 40, 40, 40, 40, 40, 40, 40, 40, 40, 40, 40, 40, 40, 40, 40, 40, 40]
Memory usage at done (index 65, length 41, since_prev 2): 20191.328125 MiB (Increase: 0.0 MiB)
Memory usage before reset: 20191.328125 MiB (Increase: 0.0 MiB)
Memory usage after reset: 20191.328125 MiB (Increase: 0.0 MiB)
Current lengths of episodes: [43, 43, 43, 43, 43, 43, 42, 42, 42, 42, 42, 42, 42, 42, 42, 42, 42, 42, 42, 42, 42, 42, 42, 42, 42, 42, 42, 42, 42, 42, 42, 42, 42, 42, 42, 42, 3, 42, 42, 42, 42, 42, 42, 42, 42, 42, 42, 42, 42, 42, 42, 42, 42, 42, 42, 42, 42, 42, 42, 42, 42, 42, 42, 42, 42, 1, 42, 42, 42, 42, 42, 42, 42, 42, 42, 42, 42, 42, 42, 42, 42, 42, 42, 42, 42, 42, 42, 42, 42, 42, 42, 42, 42, 42, 42, 42, 42, 42, 42, 42]
Memory usage at done (index 5, length 43, since_prev 2): 20191.328125 MiB (Increase: 0.0 MiB)
Memory usage before reset: 20191.328125 MiB (Increase: 0.0 MiB)
Memory usage after reset: 20191.328125 MiB (Increase: 0.0 MiB)
Current lengths of episodes: [47, 47, 47, 47, 47, 4, 47, 47, 47, 47, 47, 47, 47, 47, 47, 47, 47, 47, 47, 47, 47, 47, 47, 47, 47, 47, 47, 47, 47, 47, 47, 47, 47, 47, 47, 47, 8, 47, 47, 47, 47, 47, 47, 47, 47, 47, 47, 47, 47, 47, 47, 47, 47, 47, 47, 47, 47, 47, 47, 47, 47, 47, 47, 47, 47, 6, 47, 47, 47, 47, 47, 47, 47, 47, 47, 47, 47, 47, 47, 47, 47, 47, 47, 47, 47, 47, 47, 47, 47, 47, 47, 47, 47, 47, 47, 47, 47, 46, 46, 46]
Memory usage at done (index 96, length 47, since_prev 4): 20191.328125 MiB (Increase: 0.0 MiB)
Memory usage before reset: 20191.328125 MiB (Increase: 0.0 MiB)
Memory usage after reset: 20191.328125 MiB (Increase: 0.0 MiB)
Current lengths of episodes: [49, 49, 49, 49, 49, 6, 49, 49, 49, 49, 49, 49, 49, 49, 49, 49, 49, 49, 49, 49, 49, 49, 49, 49, 48, 48, 48, 48, 48, 48, 48, 48, 48, 48, 48, 48, 9, 48, 48, 48, 48, 48, 48, 48, 48, 48, 48, 48, 48, 48, 48, 48, 48, 48, 48, 48, 48, 48, 48, 48, 48, 48, 48, 48, 48, 7, 48, 48, 48, 48, 48, 48, 48, 48, 48, 48, 48, 48, 48, 48, 48, 48, 48, 48, 48, 48, 48, 48, 48, 48, 48, 48, 48, 48, 48, 48, 1, 48, 48, 48]
Memory usage at done (index 23, length 49, since_prev 2): 20191.328125 MiB (Increase: 0.0 MiB)
Memory usage before reset: 20191.328125 MiB (Increase: 0.0 MiB)
Memory usage after reset: 20191.328125 MiB (Increase: 0.0 MiB)
Current lengths of episodes: [50, 50, 50, 50, 50, 7, 50, 50, 50, 50, 50, 50, 50, 50, 50, 50, 50, 50, 50, 50, 50, 50, 50, 1, 50, 50, 49, 49, 49, 49, 49, 49, 49, 49, 49, 49, 10, 49, 49, 49, 49, 49, 49, 49, 49, 49, 49, 49, 49, 49, 49, 49, 49, 49, 49, 49, 49, 49, 49, 49, 49, 49, 49, 49, 49, 8, 49, 49, 49, 49, 49, 49, 49, 49, 49, 49, 49, 49, 49, 49, 49, 49, 49, 49, 49, 49, 49, 49, 49, 49, 49, 49, 49, 49, 49, 49, 2, 49, 49, 49]
Memory usage at done (index 25, length 50, since_prev 1): 20191.328125 MiB (Increase: 0.0 MiB)
Memory usage before reset: 20191.328125 MiB (Increase: 0.0 MiB)
Memory usage after reset: 20191.328125 MiB (Increase: 0.0 MiB)
Current lengths of episodes: [53, 53, 53, 53, 53, 10, 53, 53, 53, 53, 53, 53, 53, 53, 53, 53, 53, 53, 53, 53, 53, 53, 53, 4, 53, 3, 53, 53, 53, 53, 53, 53, 53, 53, 53, 53, 14, 53, 53, 53, 53, 53, 53, 53, 53, 53, 53, 53, 53, 53, 53, 53, 53, 53, 53, 53, 53, 53, 53, 53, 53, 53, 53, 53, 53, 12, 53, 53, 53, 53, 52, 52, 52, 52, 52, 52, 52, 52, 52, 52, 52, 52, 52, 52, 52, 52, 52, 52, 52, 52, 52, 52, 52, 52, 52, 52, 5, 52, 52, 52]
Memory usage at done (index 69, length 53, since_prev 3): 20191.328125 MiB (Increase: 0.0 MiB)
Memory usage before reset: 20191.328125 MiB (Increase: 0.0 MiB)
Memory usage after reset: 20191.328125 MiB (Increase: 0.0 MiB)
Current lengths of episodes: [54, 54, 54, 54, 54, 11, 54, 54, 54, 54, 54, 54, 54, 54, 54, 54, 54, 54, 54, 54, 54, 54, 54, 5, 54, 4, 54, 54, 54, 54, 54, 54, 54, 54, 54, 54, 15, 54, 54, 54, 54, 54, 54, 54, 54, 54, 54, 54, 54, 54, 54, 54, 54, 54, 54, 54, 54, 54, 54, 54, 54, 54, 54, 54, 54, 13, 54, 54, 54, 1, 54, 54, 54, 54, 54, 54, 54, 54, 54, 54, 54, 54, 54, 53, 53, 53, 53, 53, 53, 53, 53, 53, 53, 53, 53, 53, 6, 53, 53, 53]
Memory usage at done (index 82, length 54, since_prev 1): 20191.328125 MiB (Increase: 0.0 MiB)
Memory usage before reset: 20191.328125 MiB (Increase: 0.0 MiB)
Memory usage after reset: 20191.328125 MiB (Increase: 0.0 MiB)
Current lengths of episodes: [55, 55, 55, 55, 55, 12, 55, 55, 55, 55, 55, 55, 55, 55, 55, 55, 55, 55, 55, 55, 55, 55, 55, 6, 55, 5, 55, 55, 55, 55, 55, 55, 55, 55, 55, 55, 16, 55, 55, 55, 55, 55, 55, 55, 55, 55, 55, 55, 55, 55, 55, 55, 55, 55, 55, 55, 55, 55, 55, 55, 55, 55, 55, 54, 54, 13, 54, 54, 54, 1, 54, 54, 54, 54, 54, 54, 54, 54, 54, 54, 54, 54, 0, 54, 54, 54, 54, 54, 54, 54, 54, 54, 54, 54, 54, 54, 7, 54, 54, 54]
Memory usage at done (index 62, length 55, since_prev 1): 20191.328125 MiB (Increase: 0.0 MiB)
Memory usage before reset: 20191.328125 MiB (Increase: 0.0 MiB)
Memory usage after reset: 20191.328125 MiB (Increase: 0.0 MiB)
Current lengths of episodes: [56, 56, 56, 56, 56, 13, 56, 56, 56, 56, 56, 56, 56, 56, 56, 56, 56, 56, 56, 56, 56, 56, 56, 7, 56, 6, 56, 56, 56, 56, 56, 56, 56, 56, 56, 56, 17, 56, 56, 56, 56, 56, 56, 56, 56, 56, 56, 56, 56, 56, 56, 55, 55, 55, 55, 55, 55, 55, 55, 55, 55, 55, 0, 55, 55, 14, 55, 55, 55, 2, 55, 55, 55, 55, 55, 55, 55, 55, 55, 55, 55, 55, 1, 55, 55, 55, 55, 55, 55, 55, 55, 55, 55, 55, 55, 55, 8, 55, 55, 55]
Memory usage at done (index 50, length 56, since_prev 1): 20191.328125 MiB (Increase: 0.0 MiB)
Memory usage before reset: 20191.328125 MiB (Increase: 0.0 MiB)
Memory usage after reset: 20191.328125 MiB (Increase: 0.0 MiB)
Current lengths of episodes: [57, 57, 57, 57, 57, 14, 57, 57, 57, 57, 57, 57, 57, 57, 57, 57, 57, 57, 57, 57, 57, 57, 57, 8, 57, 6, 56, 56, 56, 56, 56, 56, 56, 56, 56, 56, 17, 56, 56, 56, 56, 56, 56, 56, 56, 56, 56, 56, 56, 56, 0, 56, 56, 56, 56, 56, 56, 56, 56, 56, 56, 56, 1, 56, 56, 15, 56, 56, 56, 3, 56, 56, 56, 56, 56, 56, 56, 56, 56, 56, 56, 56, 2, 56, 56, 56, 56, 56, 56, 56, 56, 56, 56, 56, 56, 56, 9, 56, 56, 56]
Memory usage at done (index 24, length 57, since_prev 1): 20191.328125 MiB (Increase: 0.0 MiB)
Memory usage before reset: 20191.328125 MiB (Increase: 0.0 MiB)
Memory usage after reset: 20191.328125 MiB (Increase: 0.0 MiB)
Current lengths of episodes: [58, 58, 58, 58, 58, 15, 58, 58, 58, 58, 58, 58, 58, 58, 58, 58, 58, 58, 58, 58, 58, 58, 58, 9, 1, 8, 58, 58, 58, 58, 58, 58, 58, 58, 58, 58, 19, 58, 58, 58, 58, 58, 58, 58, 57, 57, 57, 57, 57, 57, 1, 57, 57, 57, 57, 57, 57, 57, 57, 57, 57, 57, 2, 57, 57, 16, 57, 57, 57, 4, 57, 57, 57, 57, 57, 57, 57, 57, 57, 57, 57, 57, 3, 57, 57, 57, 57, 57, 57, 57, 57, 57, 57, 57, 57, 57, 10, 57, 57, 57]
Memory usage at done (index 43, length 58, since_prev 1): 20191.328125 MiB (Increase: 0.0 MiB)
Memory usage before reset: 20191.328125 MiB (Increase: 0.0 MiB)
Memory usage after reset: 20191.328125 MiB (Increase: 0.0 MiB)
Current lengths of episodes: [60, 60, 60, 60, 60, 17, 60, 60, 60, 60, 60, 60, 60, 60, 60, 60, 60, 60, 60, 60, 60, 60, 60, 11, 3, 10, 60, 60, 60, 60, 60, 60, 60, 60, 59, 59, 20, 59, 59, 59, 59, 59, 59, 1, 59, 59, 59, 59, 59, 59, 3, 59, 59, 59, 59, 59, 59, 59, 59, 59, 59, 59, 4, 59, 59, 18, 59, 59, 59, 6, 59, 59, 59, 59, 59, 59, 59, 59, 59, 59, 59, 59, 5, 59, 59, 59, 59, 59, 59, 59, 59, 59, 59, 59, 59, 59, 12, 59, 59, 59]
Memory usage at done (index 33, length 60, since_prev 2): 20191.328125 MiB (Increase: 0.0 MiB)
Memory usage before reset: 20191.328125 MiB (Increase: 0.0 MiB)
Memory usage after reset: 20191.328125 MiB (Increase: 0.0 MiB)
Current lengths of episodes: [61, 61, 61, 61, 61, 18, 61, 61, 61, 61, 61, 61, 61, 61, 61, 61, 61, 61, 61, 61, 61, 61, 61, 11, 3, 10, 60, 60, 60, 60, 60, 60, 60, 0, 60, 60, 21, 60, 60, 60, 60, 60, 60, 2, 60, 60, 60, 60, 60, 60, 4, 60, 60, 60, 60, 60, 60, 60, 60, 60, 60, 60, 5, 60, 60, 19, 60, 60, 60, 7, 60, 60, 60, 60, 60, 60, 60, 60, 60, 60, 60, 60, 6, 60, 60, 60, 60, 60, 60, 60, 60, 60, 60, 60, 60, 60, 13, 60, 60, 60]
Memory usage at done (index 22, length 61, since_prev 1): 20191.328125 MiB (Increase: 0.0 MiB)
Memory usage before reset: 20191.328125 MiB (Increase: 0.0 MiB)
Memory usage after reset: 20191.328125 MiB (Increase: 0.0 MiB)
Current lengths of episodes: [61, 61, 61, 61, 61, 18, 61, 61, 61, 61, 61, 61, 61, 61, 61, 61, 61, 61, 61, 61, 61, 61, 0, 12, 4, 11, 61, 61, 61, 61, 61, 61, 61, 1, 61, 61, 21, 60, 60, 60, 60, 60, 60, 2, 60, 60, 60, 60, 60, 60, 4, 60, 60, 60, 60, 60, 60, 60, 60, 60, 60, 60, 5, 60, 60, 19, 60, 60, 60, 7, 60, 60, 60, 60, 60, 60, 60, 60, 60, 60, 60, 60, 6, 60, 60, 60, 60, 60, 60, 60, 60, 60, 60, 60, 60, 60, 13, 60, 60, 60]
Memory usage at done (index 35, length 61, since_prev 0): 20191.328125 MiB (Increase: 0.0 MiB)
Memory usage before reset: 20191.328125 MiB (Increase: 0.0 MiB)
Memory usage after reset: 20191.328125 MiB (Increase: 0.0 MiB)
Current lengths of episodes: [61, 61, 61, 61, 61, 18, 61, 61, 61, 61, 61, 61, 61, 61, 61, 61, 61, 61, 61, 61, 61, 61, 0, 12, 4, 11, 61, 61, 61, 61, 61, 61, 61, 1, 61, 0, 22, 61, 61, 61, 61, 61, 61, 3, 61, 61, 61, 61, 61, 61, 5, 61, 61, 61, 61, 61, 61, 61, 61, 61, 61, 61, 6, 61, 61, 20, 61, 61, 61, 8, 61, 61, 61, 61, 61, 61, 61, 60, 60, 60, 60, 60, 6, 60, 60, 60, 60, 60, 60, 60, 60, 60, 60, 60, 60, 60, 13, 60, 60, 60]
Memory usage at done (index 76, length 61, since_prev 0): 20191.328125 MiB (Increase: 0.0 MiB)
Memory usage before reset: 20191.328125 MiB (Increase: 0.0 MiB)
Memory usage after reset: 20191.328125 MiB (Increase: 0.0 MiB)
Current lengths of episodes: [61, 61, 61, 61, 61, 18, 61, 61, 61, 61, 61, 61, 61, 61, 61, 61, 61, 61, 61, 61, 61, 61, 0, 12, 4, 11, 61, 61, 61, 61, 61, 61, 61, 1, 61, 0, 22, 61, 61, 61, 61, 61, 61, 3, 61, 61, 61, 61, 61, 61, 5, 61, 61, 61, 61, 61, 61, 61, 61, 61, 61, 61, 6, 61, 61, 20, 61, 61, 61, 8, 61, 61, 61, 61, 61, 61, 0, 61, 61, 61, 61, 61, 7, 61, 61, 61, 61, 61, 61, 61, 61, 61, 60, 60, 60, 60, 13, 60, 60, 60]
Memory usage at done (index 91, length 61, since_prev 0): 20191.328125 MiB (Increase: 0.0 MiB)
Memory usage before reset: 20191.328125 MiB (Increase: 0.0 MiB)
Memory usage after reset: 20191.328125 MiB (Increase: 0.0 MiB)
Current lengths of episodes: [61, 61, 61, 61, 61, 18, 61, 61, 61, 61, 61, 61, 61, 61, 61, 61, 61, 61, 61, 61, 61, 61, 0, 12, 4, 11, 61, 61, 61, 61, 61, 61, 61, 1, 61, 0, 22, 61, 61, 61, 61, 61, 61, 3, 61, 61, 61, 61, 61, 61, 5, 61, 61, 61, 61, 61, 61, 61, 61, 61, 61, 61, 6, 61, 61, 20, 61, 61, 61, 8, 61, 61, 61, 61, 61, 61, 0, 61, 61, 61, 61, 61, 7, 61, 61, 61, 61, 61, 61, 61, 61, 0, 61, 61, 61, 61, 14, 61, 61, 61]
Memory usage at done (index 99, length 61, since_prev 0): 20191.328125 MiB (Increase: 0.0 MiB)
Memory usage before reset: 20191.328125 MiB (Increase: 0.0 MiB)
Memory usage after reset: 20191.328125 MiB (Increase: 0.0 MiB)
Current lengths of episodes: [62, 62, 62, 62, 62, 19, 62, 62, 62, 62, 62, 62, 62, 62, 62, 62, 62, 62, 62, 62, 62, 62, 1, 13, 5, 12, 62, 62, 62, 62, 62, 62, 62, 2, 62, 1, 23, 62, 62, 62, 62, 62, 62, 4, 62, 62, 62, 62, 62, 62, 6, 62, 62, 62, 62, 62, 62, 62, 62, 62, 62, 62, 7, 62, 62, 21, 62, 62, 62, 9, 62, 62, 62, 62, 62, 62, 1, 62, 62, 62, 62, 62, 8, 62, 62, 62, 61, 61, 61, 61, 61, 0, 61, 61, 61, 61, 14, 61, 61, 0]
Memory usage at done (index 85, length 62, since_prev 1): 20191.328125 MiB (Increase: 0.0 MiB)
Memory usage before reset: 20191.328125 MiB (Increase: 0.0 MiB)
Memory usage after reset: 20191.328125 MiB (Increase: 0.0 MiB)
Current lengths of episodes: [63, 63, 63, 63, 63, 20, 63, 63, 63, 63, 63, 63, 63, 63, 63, 63, 63, 63, 63, 63, 63, 63, 2, 14, 6, 13, 63, 63, 63, 63, 63, 63, 63, 3, 63, 1, 23, 62, 62, 62, 62, 62, 62, 4, 62, 62, 62, 62, 62, 62, 6, 62, 62, 62, 62, 62, 62, 62, 62, 62, 62, 62, 7, 62, 62, 21, 62, 62, 62, 9, 62, 62, 62, 62, 62, 62, 1, 62, 62, 62, 62, 62, 8, 62, 62, 0, 62, 62, 62, 62, 62, 1, 62, 62, 62, 62, 15, 62, 62, 1]
Memory usage at done (index 34, length 63, since_prev 1): 20191.328125 MiB (Increase: 0.0 MiB)
Memory usage before reset: 20191.328125 MiB (Increase: 0.0 MiB)
Memory usage after reset: 20191.328125 MiB (Increase: 0.0 MiB)
Current lengths of episodes: [65, 65, 65, 65, 65, 22, 65, 65, 65, 65, 65, 65, 65, 65, 65, 65, 65, 65, 65, 65, 64, 64, 3, 15, 7, 14, 64, 64, 64, 64, 64, 64, 64, 4, 1, 3, 25, 64, 64, 64, 64, 64, 64, 6, 64, 64, 64, 64, 64, 64, 8, 64, 64, 64, 64, 64, 64, 64, 64, 64, 64, 64, 9, 64, 64, 23, 64, 64, 64, 11, 64, 64, 64, 64, 64, 64, 3, 64, 64, 64, 64, 64, 10, 64, 64, 2, 64, 64, 64, 64, 64, 3, 64, 64, 64, 64, 17, 64, 64, 3]
Memory usage at done (index 19, length 65, since_prev 2): 20191.328125 MiB (Increase: 0.0 MiB)
Memory usage before reset: 20191.328125 MiB (Increase: 0.0 MiB)
Memory usage after reset: 20191.328125 MiB (Increase: 0.0 MiB)
Current lengths of episodes: [65, 65, 65, 65, 65, 22, 65, 65, 65, 65, 65, 65, 65, 65, 65, 65, 65, 65, 65, 0, 65, 65, 4, 16, 8, 15, 65, 65, 65, 65, 65, 65, 65, 5, 2, 4, 26, 65, 65, 65, 65, 65, 65, 7, 65, 65, 65, 65, 65, 65, 9, 65, 65, 65, 65, 65, 65, 65, 65, 65, 65, 65, 10, 65, 65, 24, 65, 65, 65, 12, 65, 65, 65, 64, 64, 64, 3, 64, 64, 64, 64, 64, 10, 64, 64, 2, 64, 64, 64, 64, 64, 3, 64, 64, 64, 64, 17, 64, 64, 3]
Memory usage at done (index 72, length 65, since_prev 0): 20191.328125 MiB (Increase: 0.0 MiB)
Memory usage before reset: 20191.328125 MiB (Increase: 0.0 MiB)
Memory usage after reset: 20191.328125 MiB (Increase: 0.0 MiB)
Current lengths of episodes: [67, 67, 67, 67, 67, 24, 67, 67, 67, 67, 67, 67, 67, 67, 67, 67, 67, 67, 67, 2, 67, 67, 6, 18, 10, 17, 67, 67, 67, 67, 67, 67, 67, 7, 4, 6, 28, 67, 67, 67, 67, 67, 67, 9, 67, 67, 67, 67, 67, 67, 11, 67, 67, 67, 67, 67, 67, 67, 67, 67, 67, 67, 12, 67, 67, 26, 67, 67, 67, 14, 67, 67, 2, 67, 67, 67, 6, 67, 67, 67, 67, 67, 13, 67, 67, 5, 67, 67, 67, 67, 67, 6, 67, 67, 66, 66, 19, 66, 66, 5]
Memory usage at done (index 93, length 67, since_prev 2): 20191.328125 MiB (Increase: 0.0 MiB)
Memory usage before reset: 20191.328125 MiB (Increase: 0.0 MiB)
Memory usage after reset: 20191.328125 MiB (Increase: 0.0 MiB)
Current lengths of episodes: [69, 69, 69, 69, 69, 26, 69, 69, 69, 69, 69, 69, 69, 69, 69, 69, 69, 69, 69, 4, 69, 69, 8, 20, 12, 19, 69, 69, 69, 69, 69, 69, 69, 9, 6, 8, 30, 69, 69, 69, 69, 69, 69, 11, 69, 69, 69, 69, 69, 69, 12, 68, 68, 68, 68, 68, 68, 68, 68, 68, 68, 68, 13, 68, 68, 27, 68, 68, 68, 15, 68, 68, 3, 68, 68, 68, 7, 68, 68, 68, 68, 68, 14, 68, 68, 6, 68, 68, 68, 68, 68, 7, 68, 1, 68, 68, 21, 68, 68, 7]
Memory usage at done (index 49, length 69, since_prev 2): 20191.328125 MiB (Increase: 0.0 MiB)
Memory usage before reset: 20191.328125 MiB (Increase: 0.0 MiB)
Memory usage after reset: 20191.328125 MiB (Increase: 0.0 MiB)
Current lengths of episodes: [70, 70, 70, 70, 70, 27, 70, 70, 70, 70, 70, 70, 70, 70, 70, 70, 70, 70, 70, 5, 70, 70, 9, 21, 13, 20, 70, 70, 70, 70, 70, 70, 70, 10, 7, 9, 31, 70, 70, 70, 70, 70, 70, 12, 70, 70, 70, 70, 70, 1, 14, 70, 70, 70, 70, 70, 70, 70, 70, 69, 69, 69, 14, 69, 69, 28, 69, 69, 69, 16, 69, 69, 4, 69, 69, 69, 8, 69, 69, 69, 69, 69, 15, 69, 69, 7, 69, 69, 69, 69, 69, 8, 69, 2, 69, 69, 22, 69, 69, 8]
Memory usage at done (index 58, length 70, since_prev 1): 20191.328125 MiB (Increase: 0.0 MiB)
Memory usage before reset: 20191.328125 MiB (Increase: 0.0 MiB)
Memory usage after reset: 20191.328125 MiB (Increase: 0.0 MiB)
Current lengths of episodes: [70, 70, 70, 70, 70, 27, 70, 70, 70, 70, 70, 70, 70, 70, 70, 70, 70, 70, 70, 5, 70, 70, 9, 21, 13, 20, 70, 70, 70, 70, 70, 70, 70, 10, 7, 9, 31, 70, 70, 70, 70, 70, 70, 12, 70, 70, 70, 70, 70, 1, 14, 70, 70, 70, 70, 70, 70, 70, 0, 70, 70, 70, 15, 70, 70, 29, 70, 70, 70, 17, 70, 69, 4, 69, 69, 69, 8, 69, 69, 69, 69, 69, 15, 69, 69, 7, 69, 69, 69, 69, 69, 8, 69, 2, 69, 69, 22, 69, 69, 8]
Memory usage at done (index 70, length 70, since_prev 0): 20191.328125 MiB (Increase: 0.0 MiB)
Memory usage before reset: 20191.328125 MiB (Increase: 0.0 MiB)
Memory usage after reset: 20191.328125 MiB (Increase: 0.0 MiB)
Current lengths of episodes: [71, 71, 71, 71, 71, 28, 71, 71, 71, 71, 71, 71, 71, 71, 71, 71, 71, 71, 71, 6, 71, 71, 10, 22, 14, 21, 71, 71, 71, 71, 71, 71, 71, 11, 8, 10, 32, 71, 71, 71, 71, 71, 71, 13, 71, 71, 71, 71, 71, 2, 15, 71, 71, 71, 71, 71, 71, 71, 1, 71, 71, 71, 16, 71, 71, 30, 71, 71, 71, 18, 1, 71, 6, 71, 71, 71, 10, 71, 71, 71, 71, 71, 17, 71, 71, 9, 71, 71, 71, 71, 71, 10, 71, 4, 71, 71, 23, 70, 70, 9]
Memory usage at done (index 95, length 71, since_prev 1): 20191.328125 MiB (Increase: 0.0 MiB)
Memory usage before reset: 20191.328125 MiB (Increase: 0.0 MiB)
Memory usage after reset: 20191.328125 MiB (Increase: 0.0 MiB)
Current lengths of episodes: [72, 72, 72, 72, 72, 29, 72, 72, 71, 71, 71, 71, 71, 71, 71, 71, 71, 71, 71, 6, 71, 71, 10, 22, 14, 21, 71, 71, 71, 71, 71, 71, 71, 11, 8, 10, 32, 71, 71, 71, 71, 71, 71, 13, 71, 71, 71, 71, 71, 2, 15, 71, 71, 71, 71, 71, 71, 71, 1, 71, 71, 71, 16, 71, 71, 30, 71, 71, 71, 18, 1, 71, 6, 71, 71, 71, 10, 71, 71, 71, 71, 71, 17, 71, 71, 9, 71, 71, 71, 71, 71, 10, 71, 4, 71, 0, 24, 71, 71, 10]
Memory usage at done (index 7, length 72, since_prev 1): 20191.328125 MiB (Increase: 0.0 MiB)
Memory usage before reset: 20191.328125 MiB (Increase: 0.0 MiB)
Memory usage after reset: 20191.328125 MiB (Increase: 0.0 MiB)
Current lengths of episodes: [72, 72, 72, 72, 72, 29, 72, 0, 72, 72, 72, 72, 72, 72, 72, 72, 72, 72, 72, 7, 72, 72, 11, 23, 15, 22, 72, 72, 72, 72, 72, 72, 72, 12, 9, 11, 33, 72, 72, 72, 72, 72, 72, 14, 72, 72, 72, 72, 72, 3, 16, 72, 72, 72, 72, 72, 72, 72, 2, 72, 72, 72, 16, 71, 71, 30, 71, 71, 71, 18, 1, 71, 6, 71, 71, 71, 10, 71, 71, 71, 71, 71, 17, 71, 71, 9, 71, 71, 71, 71, 71, 10, 71, 4, 71, 0, 24, 71, 71, 10]
Memory usage at done (index 61, length 72, since_prev 0): 20191.328125 MiB (Increase: 0.0 MiB)
Memory usage before reset: 20191.328125 MiB (Increase: 0.0 MiB)
Memory usage after reset: 20191.328125 MiB (Increase: 0.0 MiB)
Current lengths of episodes: [73, 73, 73, 73, 73, 30, 73, 0, 72, 72, 72, 72, 72, 72, 72, 72, 72, 72, 72, 7, 72, 72, 11, 23, 15, 22, 72, 72, 72, 72, 72, 72, 72, 12, 9, 11, 33, 72, 72, 72, 72, 72, 72, 14, 72, 72, 72, 72, 72, 3, 16, 72, 72, 72, 72, 72, 72, 72, 2, 72, 72, 0, 17, 72, 72, 31, 72, 72, 72, 19, 2, 72, 7, 72, 72, 72, 11, 72, 72, 72, 72, 72, 18, 72, 72, 10, 72, 72, 72, 72, 72, 11, 72, 5, 72, 1, 25, 72, 72, 11]
Memory usage at done (index 6, length 73, since_prev 1): 20191.328125 MiB (Increase: 0.0 MiB)
Memory usage before reset: 20191.328125 MiB (Increase: 0.0 MiB)
Memory usage after reset: 20191.328125 MiB (Increase: 0.0 MiB)
Current lengths of episodes: [73, 73, 73, 73, 73, 30, 0, 1, 73, 73, 72, 72, 72, 72, 72, 72, 72, 72, 72, 7, 72, 72, 11, 23, 15, 22, 72, 72, 72, 72, 72, 72, 72, 12, 9, 11, 33, 72, 72, 72, 72, 72, 72, 14, 72, 72, 72, 72, 72, 3, 16, 72, 72, 72, 72, 72, 72, 72, 2, 72, 72, 0, 17, 72, 72, 31, 72, 72, 72, 19, 2, 72, 7, 72, 72, 72, 11, 72, 72, 72, 72, 72, 18, 72, 72, 10, 72, 72, 72, 72, 72, 11, 72, 5, 72, 1, 25, 72, 72, 11]
Memory usage at done (index 9, length 73, since_prev 0): 20191.328125 MiB (Increase: 0.0 MiB)
Memory usage before reset: 20191.328125 MiB (Increase: 0.0 MiB)
Memory usage after reset: 20191.328125 MiB (Increase: 0.0 MiB)
Current lengths of episodes: [76, 76, 76, 76, 76, 33, 3, 4, 76, 3, 76, 76, 76, 76, 76, 76, 76, 76, 76, 11, 76, 76, 15, 27, 19, 26, 76, 76, 76, 76, 75, 75, 75, 15, 12, 14, 36, 75, 75, 75, 75, 75, 75, 17, 75, 75, 75, 75, 75, 6, 19, 75, 75, 75, 75, 75, 75, 75, 5, 75, 75, 3, 20, 75, 75, 34, 75, 75, 75, 22, 5, 75, 10, 75, 75, 75, 14, 75, 75, 75, 75, 75, 21, 75, 75, 13, 75, 75, 75, 75, 75, 14, 75, 8, 75, 4, 28, 75, 75, 14]
Memory usage at done (index 29, length 76, since_prev 3): 20191.328125 MiB (Increase: 0.0 MiB)
Memory usage before reset: 20191.328125 MiB (Increase: 0.0 MiB)
Memory usage after reset: 20191.328125 MiB (Increase: 0.0 MiB)
Current lengths of episodes: [78, 78, 78, 78, 78, 35, 5, 6, 78, 5, 78, 78, 78, 78, 78, 78, 78, 78, 78, 13, 78, 78, 17, 29, 21, 28, 78, 78, 78, 2, 78, 77, 77, 17, 14, 16, 38, 77, 77, 77, 77, 77, 77, 19, 77, 77, 77, 77, 77, 8, 21, 77, 77, 77, 77, 77, 77, 77, 7, 77, 77, 5, 22, 77, 77, 36, 77, 77, 77, 24, 7, 77, 12, 77, 77, 77, 16, 77, 77, 77, 77, 77, 23, 77, 77, 15, 77, 77, 77, 77, 77, 16, 77, 10, 77, 6, 30, 77, 77, 16]
Memory usage at done (index 30, length 78, since_prev 2): 20191.328125 MiB (Increase: 0.0 MiB)
Memory usage before reset: 20191.328125 MiB (Increase: 0.0 MiB)
Memory usage after reset: 20191.328125 MiB (Increase: 0.0 MiB)
Current lengths of episodes: [79, 79, 79, 79, 79, 35, 5, 6, 78, 5, 78, 78, 78, 78, 78, 78, 78, 78, 78, 13, 78, 78, 17, 29, 21, 28, 78, 78, 78, 2, 0, 78, 78, 18, 15, 17, 39, 78, 78, 78, 78, 78, 78, 20, 78, 78, 78, 78, 78, 9, 22, 78, 78, 78, 78, 78, 78, 78, 8, 78, 78, 6, 23, 78, 78, 37, 78, 78, 78, 25, 8, 78, 13, 78, 78, 78, 17, 78, 78, 78, 78, 78, 24, 78, 78, 16, 78, 78, 78, 78, 78, 17, 78, 11, 78, 7, 31, 78, 78, 17]
Memory usage at done (index 4, length 79, since_prev 1): 20191.328125 MiB (Increase: 0.0 MiB)
Memory usage before reset: 20191.328125 MiB (Increase: 0.0 MiB)
Memory usage after reset: 20191.328125 MiB (Increase: 0.0 MiB)
Current lengths of episodes: [81, 81, 81, 80, 1, 37, 7, 8, 80, 7, 80, 80, 80, 80, 80, 80, 80, 80, 80, 15, 80, 80, 19, 31, 23, 30, 80, 80, 80, 4, 2, 80, 80, 20, 17, 19, 41, 80, 80, 80, 80, 80, 80, 22, 80, 80, 80, 80, 80, 11, 24, 80, 80, 80, 80, 80, 80, 80, 10, 80, 80, 8, 25, 80, 80, 39, 80, 80, 80, 27, 10, 80, 15, 80, 80, 80, 19, 80, 80, 80, 80, 80, 26, 80, 80, 18, 80, 80, 80, 80, 80, 19, 80, 13, 80, 9, 33, 80, 80, 19]
Memory usage at done (index 2, length 81, since_prev 2): 20191.328125 MiB (Increase: 0.0 MiB)
Memory usage before reset: 20191.328125 MiB (Increase: 0.0 MiB)
Memory usage after reset: 20191.328125 MiB (Increase: 0.0 MiB)
Current lengths of episodes: [81, 81, 0, 81, 2, 38, 8, 9, 81, 8, 81, 81, 81, 81, 81, 81, 81, 81, 81, 16, 81, 81, 20, 32, 24, 31, 81, 81, 81, 5, 3, 81, 80, 20, 17, 19, 41, 80, 80, 80, 80, 80, 80, 22, 80, 80, 80, 80, 80, 11, 24, 80, 80, 80, 80, 80, 80, 80, 10, 80, 80, 8, 25, 80, 80, 39, 80, 80, 80, 27, 10, 80, 15, 80, 80, 80, 19, 80, 80, 80, 80, 80, 26, 80, 80, 18, 80, 80, 80, 80, 80, 19, 80, 13, 80, 9, 33, 80, 80, 19]
Memory usage at done (index 31, length 81, since_prev 0): 20191.328125 MiB (Increase: 0.0 MiB)
Memory usage before reset: 20191.328125 MiB (Increase: 0.0 MiB)
Memory usage after reset: 20191.328125 MiB (Increase: 0.0 MiB)
Current lengths of episodes: [82, 82, 1, 82, 3, 39, 9, 10, 82, 9, 82, 82, 82, 82, 82, 82, 82, 82, 82, 17, 82, 82, 21, 33, 25, 32, 82, 82, 82, 6, 4, 1, 82, 22, 19, 21, 43, 82, 82, 82, 82, 82, 82, 24, 82, 82, 82, 82, 82, 13, 26, 82, 82, 82, 82, 82, 82, 82, 12, 82, 82, 10, 27, 82, 82, 40, 81, 81, 81, 28, 11, 81, 16, 81, 81, 81, 20, 81, 81, 81, 81, 81, 27, 81, 81, 19, 81, 81, 81, 81, 81, 20, 81, 14, 81, 10, 34, 81, 81, 20]
Memory usage at done (index 64, length 82, since_prev 1): 20191.328125 MiB (Increase: 0.0 MiB)
Memory usage before reset: 20191.328125 MiB (Increase: 0.0 MiB)
Memory usage after reset: 20191.328125 MiB (Increase: 0.0 MiB)
Current lengths of episodes: [82, 82, 1, 82, 3, 39, 9, 10, 82, 9, 82, 82, 82, 82, 82, 82, 82, 82, 82, 17, 82, 82, 21, 33, 25, 32, 82, 82, 82, 6, 4, 1, 82, 22, 19, 21, 43, 82, 82, 82, 82, 82, 82, 24, 82, 82, 82, 82, 82, 13, 26, 82, 82, 82, 82, 82, 82, 82, 12, 82, 82, 10, 27, 82, 0, 41, 82, 82, 82, 29, 12, 82, 17, 82, 82, 82, 21, 82, 82, 82, 82, 82, 28, 82, 82, 20, 82, 82, 82, 82, 82, 20, 81, 14, 81, 10, 34, 81, 81, 20]
Memory usage at done (index 90, length 82, since_prev 0): 20191.328125 MiB (Increase: 0.0 MiB)
Memory usage before reset: 20191.328125 MiB (Increase: 0.0 MiB)
Memory usage after reset: 20191.328125 MiB (Increase: 0.0 MiB)
Current lengths of episodes: [84, 84, 3, 84, 5, 41, 11, 12, 84, 11, 84, 84, 84, 84, 84, 84, 84, 84, 84, 19, 84, 84, 23, 35, 27, 34, 84, 84, 84, 8, 6, 3, 84, 24, 21, 23, 45, 84, 84, 84, 84, 84, 84, 26, 84, 84, 84, 84, 84, 15, 28, 84, 84, 84, 84, 84, 84, 84, 13, 83, 83, 11, 28, 83, 1, 42, 83, 83, 83, 30, 13, 83, 18, 83, 83, 83, 22, 83, 83, 83, 83, 83, 29, 83, 83, 21, 83, 83, 83, 83, 1, 22, 83, 16, 83, 12, 36, 83, 83, 22]
Memory usage at done (index 57, length 84, since_prev 2): 20191.328125 MiB (Increase: 0.0 MiB)
Memory usage before reset: 20191.328125 MiB (Increase: 0.0 MiB)
Memory usage after reset: 20191.328125 MiB (Increase: 0.0 MiB)
Current lengths of episodes: [84, 84, 3, 84, 5, 41, 11, 12, 84, 11, 84, 84, 84, 84, 84, 84, 84, 84, 84, 19, 84, 84, 23, 35, 27, 34, 84, 84, 84, 8, 6, 3, 84, 24, 21, 23, 45, 84, 84, 84, 84, 84, 84, 26, 84, 84, 84, 84, 84, 15, 28, 84, 84, 84, 84, 84, 84, 0, 14, 84, 84, 12, 29, 84, 2, 43, 84, 84, 84, 31, 14, 84, 19, 84, 84, 84, 23, 84, 84, 84, 84, 84, 29, 83, 83, 21, 83, 83, 83, 83, 1, 22, 83, 16, 83, 12, 36, 83, 83, 22]
Memory usage at done (index 81, length 84, since_prev 0): 20191.328125 MiB (Increase: 0.0 MiB)
Memory usage before reset: 20191.328125 MiB (Increase: 0.0 MiB)
Memory usage after reset: 20191.328125 MiB (Increase: 0.0 MiB)
Current lengths of episodes: [88, 88, 7, 88, 9, 45, 15, 16, 88, 15, 88, 88, 88, 88, 88, 88, 88, 88, 88, 23, 88, 88, 27, 39, 31, 38, 88, 88, 88, 12, 10, 7, 88, 28, 25, 27, 49, 88, 88, 88, 88, 88, 88, 30, 88, 88, 88, 88, 88, 19, 32, 88, 88, 88, 88, 88, 88, 4, 18, 88, 88, 16, 33, 88, 6, 47, 88, 88, 88, 35, 18, 88, 23, 88, 88, 88, 27, 88, 88, 88, 88, 4, 34, 88, 88, 26, 88, 88, 88, 88, 6, 27, 88, 21, 88, 17, 41, 88, 87, 26]
Memory usage at done (index 97, length 88, since_prev 4): 20191.328125 MiB (Increase: 0.0 MiB)
Memory usage before reset: 20191.328125 MiB (Increase: 0.0 MiB)
Memory usage after reset: 20191.328125 MiB (Increase: 0.0 MiB)
Current lengths of episodes: [89, 89, 8, 89, 10, 46, 16, 17, 89, 16, 89, 89, 89, 89, 89, 89, 89, 89, 89, 24, 89, 89, 28, 40, 32, 39, 89, 89, 89, 13, 11, 8, 89, 29, 26, 28, 50, 89, 89, 89, 89, 89, 89, 31, 89, 89, 89, 89, 89, 20, 33, 89, 89, 89, 89, 89, 89, 5, 19, 89, 89, 17, 34, 89, 7, 48, 89, 89, 89, 36, 19, 89, 24, 89, 89, 89, 28, 89, 89, 89, 89, 5, 35, 89, 89, 26, 88, 88, 88, 88, 6, 27, 88, 21, 88, 17, 41, 0, 88, 27]
Memory usage at done (index 84, length 89, since_prev 1): 20191.328125 MiB (Increase: 0.0 MiB)
Memory usage before reset: 20191.328125 MiB (Increase: 0.0 MiB)
Memory usage after reset: 20191.328125 MiB (Increase: 0.0 MiB)
Current lengths of episodes: [89, 89, 8, 89, 10, 46, 16, 17, 89, 16, 89, 89, 89, 89, 89, 89, 89, 89, 89, 24, 89, 89, 28, 40, 32, 39, 89, 89, 89, 13, 11, 8, 89, 29, 26, 28, 50, 89, 89, 89, 89, 89, 89, 31, 89, 89, 89, 89, 89, 20, 33, 89, 89, 89, 89, 89, 89, 5, 19, 89, 89, 17, 34, 89, 7, 48, 89, 89, 89, 36, 19, 89, 24, 89, 89, 89, 28, 89, 89, 89, 89, 5, 35, 89, 0, 27, 89, 89, 89, 89, 7, 28, 89, 22, 89, 18, 42, 1, 89, 27]
Memory usage at done (index 98, length 89, since_prev 0): 20191.328125 MiB (Increase: 0.0 MiB)
Memory usage before reset: 20191.328125 MiB (Increase: 0.0 MiB)
Memory usage after reset: 20191.328125 MiB (Increase: 0.0 MiB)
Current lengths of episodes: [90, 89, 8, 89, 10, 46, 16, 17, 89, 16, 89, 89, 89, 89, 89, 89, 89, 89, 89, 24, 89, 89, 28, 40, 32, 39, 89, 89, 89, 13, 11, 8, 89, 29, 26, 28, 50, 89, 89, 89, 89, 89, 89, 31, 89, 89, 89, 89, 89, 20, 33, 89, 89, 89, 89, 89, 89, 5, 19, 89, 89, 17, 34, 89, 7, 48, 89, 89, 89, 36, 19, 89, 24, 89, 89, 89, 28, 89, 89, 89, 89, 5, 35, 89, 0, 27, 89, 89, 89, 89, 7, 28, 89, 22, 89, 18, 42, 1, 0, 28]
Memory usage at done (index 0, length 90, since_prev 1): 20191.328125 MiB (Increase: 0.0 MiB)
Memory usage before reset: 20191.328125 MiB (Increase: 0.0 MiB)
Memory usage after reset: 20191.328125 MiB (Increase: 0.0 MiB)
Current lengths of episodes: [0, 90, 9, 90, 11, 47, 17, 18, 90, 17, 90, 90, 90, 90, 90, 90, 90, 90, 90, 25, 90, 90, 29, 41, 33, 40, 90, 90, 90, 14, 12, 9, 90, 30, 27, 29, 51, 90, 90, 90, 90, 90, 90, 32, 90, 90, 90, 90, 90, 21, 34, 90, 90, 90, 90, 90, 90, 6, 20, 90, 90, 18, 35, 90, 8, 49, 90, 90, 90, 37, 20, 90, 25, 90, 90, 90, 29, 90, 90, 90, 90, 5, 35, 89, 0, 27, 89, 89, 89, 89, 7, 28, 89, 22, 89, 18, 42, 1, 0, 28]
Memory usage at done (index 80, length 90, since_prev 0): 20191.328125 MiB (Increase: 0.0 MiB)
Memory usage before reset: 20191.328125 MiB (Increase: 0.0 MiB)
Memory usage after reset: 20191.328125 MiB (Increase: 0.0 MiB)
Current lengths of episodes: [1, 91, 10, 91, 12, 48, 18, 19, 91, 18, 91, 91, 91, 91, 91, 91, 91, 91, 91, 26, 91, 91, 29, 41, 33, 40, 90, 90, 90, 14, 12, 9, 90, 30, 27, 29, 51, 90, 90, 90, 90, 90, 90, 32, 90, 90, 90, 90, 90, 21, 34, 90, 90, 90, 90, 90, 90, 6, 20, 90, 90, 18, 35, 90, 8, 49, 90, 90, 90, 37, 20, 90, 25, 90, 90, 90, 29, 90, 90, 90, 0, 6, 36, 90, 1, 28, 90, 90, 90, 90, 8, 29, 90, 23, 90, 19, 43, 2, 1, 29]
Memory usage at done (index 21, length 91, since_prev 1): 20191.328125 MiB (Increase: 0.0 MiB)
Memory usage before reset: 20191.328125 MiB (Increase: 0.0 MiB)
Memory usage after reset: 20191.328125 MiB (Increase: 0.0 MiB)
Current lengths of episodes: [2, 92, 11, 92, 13, 49, 19, 20, 92, 19, 92, 92, 92, 92, 92, 92, 92, 92, 92, 27, 92, 1, 31, 43, 35, 42, 92, 92, 92, 16, 14, 11, 92, 32, 29, 31, 53, 92, 92, 92, 92, 92, 92, 34, 92, 92, 92, 92, 92, 23, 36, 92, 92, 92, 91, 91, 91, 7, 21, 91, 91, 19, 36, 91, 9, 50, 91, 91, 91, 38, 21, 91, 26, 91, 91, 91, 30, 91, 91, 91, 1, 7, 37, 91, 2, 29, 91, 91, 91, 91, 9, 30, 91, 24, 91, 20, 44, 3, 2, 30]
Memory usage at done (index 53, length 92, since_prev 1): 20191.328125 MiB (Increase: 0.0 MiB)
Memory usage before reset: 20191.328125 MiB (Increase: 0.0 MiB)
Memory usage after reset: 20191.328125 MiB (Increase: 0.0 MiB)
Current lengths of episodes: [4, 94, 13, 94, 15, 51, 21, 22, 94, 21, 94, 94, 94, 94, 94, 94, 94, 94, 94, 29, 94, 3, 33, 45, 37, 44, 94, 94, 94, 18, 16, 13, 94, 34, 31, 33, 55, 94, 94, 94, 94, 94, 94, 36, 94, 94, 93, 93, 93, 24, 37, 93, 93, 1, 93, 93, 93, 9, 23, 93, 93, 21, 38, 93, 11, 52, 93, 93, 93, 40, 23, 93, 28, 93, 93, 93, 32, 93, 93, 93, 3, 9, 39, 93, 4, 31, 93, 93, 93, 93, 11, 32, 93, 26, 93, 22, 46, 5, 4, 32]
Memory usage at done (index 45, length 94, since_prev 2): 20191.328125 MiB (Increase: 0.0 MiB)
Memory usage before reset: 20191.328125 MiB (Increase: 0.0 MiB)
Memory usage after reset: 20191.328125 MiB (Increase: 0.0 MiB)
Current lengths of episodes: [6, 96, 15, 96, 17, 53, 23, 24, 96, 23, 96, 96, 96, 96, 96, 96, 96, 96, 96, 31, 96, 5, 35, 47, 39, 46, 96, 96, 96, 20, 18, 15, 96, 36, 33, 35, 57, 96, 96, 96, 96, 96, 96, 38, 96, 2, 96, 96, 96, 27, 40, 96, 96, 3, 95, 95, 95, 11, 25, 95, 95, 23, 40, 95, 13, 54, 95, 95, 95, 42, 25, 95, 30, 95, 95, 95, 34, 95, 95, 95, 5, 11, 41, 95, 6, 33, 95, 95, 95, 95, 13, 34, 95, 28, 95, 24, 48, 7, 6, 34]
Memory usage at done (index 52, length 96, since_prev 2): 20191.328125 MiB (Increase: 0.0 MiB)
Memory usage before reset: 20191.328125 MiB (Increase: 0.0 MiB)
Memory usage after reset: 20191.328125 MiB (Increase: 0.0 MiB)
Current lengths of episodes: [7, 97, 16, 97, 18, 54, 24, 25, 97, 24, 97, 97, 97, 97, 97, 97, 97, 97, 97, 32, 97, 6, 36, 48, 40, 47, 97, 97, 97, 21, 19, 16, 97, 37, 34, 36, 58, 97, 97, 97, 97, 97, 97, 39, 97, 3, 97, 97, 97, 28, 41, 97, 1, 5, 97, 97, 97, 13, 27, 97, 97, 25, 42, 97, 15, 56, 97, 97, 97, 44, 27, 97, 32, 97, 97, 97, 36, 97, 97, 97, 7, 13, 43, 97, 8, 35, 97, 97, 97, 97, 15, 36, 97, 29, 96, 25, 49, 8, 7, 35]
Memory usage at done (index 92, length 97, since_prev 1): 20191.328125 MiB (Increase: 0.0 MiB)
Memory usage before reset: 20191.328125 MiB (Increase: 0.0 MiB)
Memory usage after reset: 20191.328125 MiB (Increase: 0.0 MiB)
Current lengths of episodes: [11, 101, 20, 101, 22, 58, 28, 29, 101, 28, 101, 101, 101, 101, 101, 101, 101, 101, 101, 36, 101, 10, 40, 52, 44, 51, 101, 101, 101, 25, 23, 20, 101, 41, 38, 40, 62, 101, 101, 101, 101, 101, 101, 43, 101, 7, 101, 101, 101, 32, 45, 101, 5, 9, 101, 101, 101, 17, 31, 101, 101, 29, 46, 101, 19, 60, 101, 101, 101, 48, 31, 101, 36, 101, 101, 101, 40, 101, 101, 101, 10, 16, 46, 100, 11, 38, 100, 100, 100, 100, 18, 39, 3, 33, 100, 29, 53, 12, 11, 39]
Memory usage at done (index 79, length 101, since_prev 4): 20191.328125 MiB (Increase: 0.0 MiB)
Memory usage before reset: 20191.328125 MiB (Increase: 0.0 MiB)
Memory usage after reset: 20191.328125 MiB (Increase: 0.0 MiB)
Current lengths of episodes: [15, 105, 24, 105, 26, 62, 32, 33, 105, 32, 105, 105, 105, 105, 105, 105, 105, 105, 105, 40, 105, 14, 44, 56, 48, 55, 105, 105, 105, 29, 27, 24, 105, 45, 42, 44, 66, 105, 105, 105, 105, 105, 105, 47, 105, 11, 105, 105, 105, 36, 49, 105, 9, 13, 105, 105, 105, 21, 35, 105, 105, 33, 50, 105, 23, 64, 104, 104, 104, 51, 34, 104, 39, 104, 104, 104, 43, 104, 104, 3, 14, 20, 50, 104, 15, 42, 104, 104, 104, 104, 22, 43, 7, 37, 104, 33, 57, 16, 15, 43]
Memory usage at done (index 65, length 64, since_prev 4): 20191.328125 MiB (Increase: 0.0 MiB)
Memory usage before reset: 20191.328125 MiB (Increase: 0.0 MiB)
Memory usage after reset: 20191.328125 MiB (Increase: 0.0 MiB)
Current lengths of episodes: [18, 108, 27, 108, 29, 65, 35, 36, 108, 35, 108, 108, 108, 108, 108, 108, 108, 108, 108, 43, 108, 17, 47, 58, 50, 57, 107, 107, 107, 31, 29, 26, 107, 47, 44, 46, 68, 107, 107, 107, 107, 107, 107, 49, 107, 13, 107, 107, 107, 38, 51, 107, 11, 15, 107, 107, 107, 23, 37, 107, 107, 35, 52, 107, 25, 2, 107, 107, 107, 54, 37, 107, 42, 107, 107, 107, 46, 107, 107, 6, 17, 23, 53, 107, 18, 45, 107, 107, 107, 107, 25, 46, 10, 40, 107, 36, 60, 19, 18, 46]
Memory usage at done (index 22, length 47, since_prev 3): 20191.328125 MiB (Increase: 0.0 MiB)
Memory usage before reset: 20191.328125 MiB (Increase: 0.0 MiB)
Memory usage after reset: 20191.328125 MiB (Increase: 0.0 MiB)
Current lengths of episodes: [19, 109, 28, 109, 30, 66, 36, 37, 109, 36, 109, 109, 109, 109, 109, 109, 109, 109, 109, 44, 109, 18, 1, 60, 52, 59, 109, 109, 109, 33, 31, 28, 109, 49, 46, 48, 70, 109, 109, 109, 109, 109, 109, 51, 109, 15, 109, 109, 109, 40, 53, 109, 13, 17, 109, 109, 109, 25, 39, 109, 109, 37, 54, 109, 27, 4, 109, 109, 109, 56, 39, 109, 44, 109, 109, 109, 48, 109, 109, 8, 19, 25, 55, 108, 19, 46, 108, 108, 108, 108, 26, 47, 11, 41, 108, 37, 61, 20, 19, 47]
Memory usage at done (index 82, length 55, since_prev 1): 20191.328125 MiB (Increase: 0.0 MiB)
Memory usage before reset: 20191.328125 MiB (Increase: 0.0 MiB)
Memory usage after reset: 20191.328125 MiB (Increase: 0.0 MiB)
Current lengths of episodes: [28, 118, 37, 118, 39, 75, 45, 46, 118, 45, 118, 118, 118, 118, 118, 118, 118, 118, 118, 53, 118, 27, 10, 69, 61, 68, 118, 118, 118, 42, 40, 37, 118, 58, 55, 57, 79, 118, 118, 117, 117, 117, 117, 59, 117, 23, 117, 117, 117, 48, 61, 117, 21, 25, 117, 117, 117, 33, 47, 117, 117, 45, 62, 117, 35, 12, 117, 117, 117, 64, 47, 117, 52, 117, 117, 117, 56, 117, 117, 16, 27, 33, 8, 117, 28, 55, 117, 117, 117, 117, 35, 56, 20, 50, 117, 46, 70, 29, 28, 56]
Memory usage at done (index 38, length 118, since_prev 9): 20191.328125 MiB (Increase: 0.0 MiB)
Memory usage before reset: 20191.328125 MiB (Increase: 0.0 MiB)
Memory usage after reset: 20191.328125 MiB (Increase: 0.0 MiB)
Current lengths of episodes: [31, 121, 40, 121, 42, 78, 48, 49, 121, 48, 121, 121, 121, 121, 121, 121, 120, 120, 120, 55, 120, 29, 12, 71, 63, 70, 120, 120, 120, 44, 42, 39, 120, 60, 57, 59, 81, 120, 2, 120, 120, 120, 120, 62, 120, 26, 120, 120, 120, 51, 64, 120, 24, 28, 120, 120, 120, 36, 50, 120, 120, 48, 65, 120, 38, 15, 120, 120, 120, 67, 50, 120, 55, 120, 120, 120, 59, 120, 120, 19, 30, 36, 11, 120, 31, 58, 120, 120, 120, 120, 38, 59, 23, 53, 120, 49, 73, 32, 31, 59]
Memory usage at done (index 15, length 121, since_prev 3): 20191.328125 MiB (Increase: 0.0 MiB)
Memory usage before reset: 20191.328125 MiB (Increase: 0.0 MiB)
Memory usage after reset: 20191.328125 MiB (Increase: 0.0 MiB)
Current lengths of episodes: [32, 122, 41, 122, 43, 79, 49, 50, 122, 49, 122, 122, 122, 122, 122, 1, 122, 122, 122, 57, 122, 31, 14, 73, 65, 72, 122, 122, 122, 46, 44, 41, 122, 62, 59, 61, 83, 122, 4, 122, 122, 122, 122, 64, 122, 28, 122, 122, 122, 53, 66, 122, 26, 30, 122, 122, 122, 38, 52, 122, 122, 50, 67, 122, 40, 17, 122, 121, 121, 68, 51, 121, 56, 121, 121, 121, 60, 121, 121, 20, 31, 37, 12, 121, 32, 59, 121, 121, 121, 121, 39, 60, 24, 54, 121, 50, 74, 33, 32, 60]
Memory usage at done (index 66, length 122, since_prev 1): 20191.328125 MiB (Increase: 0.0 MiB)
Memory usage before reset: 20191.328125 MiB (Increase: 0.0 MiB)
Memory usage after reset: 20191.328125 MiB (Increase: 0.0 MiB)
Current lengths of episodes: [34, 124, 43, 124, 45, 81, 50, 51, 123, 50, 123, 123, 123, 123, 123, 2, 123, 123, 123, 58, 123, 32, 15, 74, 66, 73, 123, 123, 123, 47, 45, 42, 123, 63, 60, 62, 84, 123, 5, 123, 123, 123, 123, 65, 123, 29, 123, 123, 123, 54, 67, 123, 27, 31, 123, 123, 123, 39, 53, 123, 123, 51, 68, 123, 41, 18, 1, 123, 123, 70, 53, 123, 58, 123, 123, 123, 62, 123, 123, 22, 33, 39, 14, 123, 34, 61, 123, 123, 123, 123, 41, 62, 26, 56, 123, 52, 76, 35, 34, 62]
Memory usage at done (index 5, length 81, since_prev 2): 20191.328125 MiB (Increase: 0.0 MiB)
Memory usage before reset: 20191.328125 MiB (Increase: 0.0 MiB)
Memory usage after reset: 20191.328125 MiB (Increase: 0.0 MiB)
Current lengths of episodes: [35, 125, 44, 125, 46, 1, 52, 53, 125, 52, 125, 125, 125, 125, 125, 4, 125, 125, 125, 60, 125, 34, 17, 76, 68, 75, 125, 125, 125, 49, 47, 44, 125, 65, 62, 64, 86, 125, 7, 125, 125, 125, 125, 67, 125, 31, 125, 125, 125, 56, 69, 125, 29, 33, 125, 125, 125, 41, 55, 125, 125, 53, 70, 125, 43, 20, 3, 125, 125, 72, 55, 125, 60, 125, 125, 125, 64, 125, 125, 24, 35, 41, 16, 125, 36, 63, 125, 125, 125, 125, 43, 64, 28, 58, 125, 54, 78, 36, 35, 63]
Memory usage at done (index 96, length 78, since_prev 1): 20191.328125 MiB (Increase: 0.0 MiB)
Memory usage before reset: 20191.328125 MiB (Increase: 0.0 MiB)
Memory usage after reset: 20191.328125 MiB (Increase: 0.0 MiB)
Current lengths of episodes: [38, 128, 47, 128, 49, 4, 55, 56, 128, 55, 128, 128, 128, 128, 128, 7, 128, 128, 128, 63, 128, 37, 20, 79, 71, 78, 128, 128, 128, 52, 50, 47, 128, 68, 65, 66, 88, 127, 9, 127, 127, 127, 127, 69, 127, 33, 127, 127, 127, 58, 71, 127, 31, 35, 127, 127, 127, 43, 57, 127, 127, 55, 72, 127, 45, 22, 5, 127, 127, 74, 57, 127, 62, 127, 127, 127, 66, 127, 127, 26, 37, 43, 18, 127, 38, 65, 127, 127, 127, 127, 45, 66, 30, 60, 127, 56, 2, 39, 38, 66]
Memory usage at done (index 34, length 65, since_prev 3): 20191.328125 MiB (Increase: 0.0 MiB)
Memory usage before reset: 20191.328125 MiB (Increase: 0.0 MiB)
Memory usage after reset: 20191.328125 MiB (Increase: 0.0 MiB)
Current lengths of episodes: [41, 131, 50, 131, 52, 7, 58, 59, 131, 58, 131, 131, 131, 131, 131, 10, 131, 131, 131, 66, 131, 40, 23, 82, 74, 81, 131, 131, 131, 55, 53, 50, 130, 70, 2, 69, 91, 130, 12, 130, 130, 130, 130, 72, 130, 36, 130, 130, 130, 61, 74, 130, 34, 38, 130, 130, 130, 46, 60, 130, 130, 58, 75, 130, 48, 25, 8, 130, 130, 77, 60, 130, 65, 130, 130, 130, 69, 130, 130, 29, 40, 46, 21, 130, 41, 68, 130, 130, 130, 130, 48, 69, 33, 63, 130, 59, 5, 42, 41, 69]
Memory usage at done (index 31, length 50, since_prev 3): 20191.328125 MiB (Increase: 0.0 MiB)
Memory usage before reset: 20191.328125 MiB (Increase: 0.0 MiB)
Memory usage after reset: 20191.328125 MiB (Increase: 0.0 MiB)
Current lengths of episodes: [44, 134, 53, 134, 55, 10, 61, 62, 134, 61, 134, 134, 134, 134, 134, 13, 134, 134, 134, 69, 134, 43, 26, 85, 77, 84, 134, 134, 134, 58, 56, 3, 134, 74, 5, 72, 94, 133, 15, 133, 133, 133, 133, 75, 133, 39, 133, 133, 133, 64, 77, 133, 37, 41, 133, 133, 133, 49, 63, 133, 133, 61, 78, 133, 51, 28, 11, 133, 133, 80, 63, 133, 68, 133, 133, 133, 72, 133, 133, 32, 43, 49, 24, 133, 44, 71, 133, 133, 133, 133, 51, 72, 36, 66, 133, 62, 8, 45, 44, 72]
Memory usage at done (index 33, length 74, since_prev 3): 20191.328125 MiB (Increase: 0.0 MiB)
Memory usage before reset: 20191.328125 MiB (Increase: 0.0 MiB)
Memory usage after reset: 20191.328125 MiB (Increase: 0.0 MiB)
Current lengths of episodes: [46, 136, 55, 136, 57, 12, 63, 64, 136, 63, 136, 136, 136, 136, 136, 15, 136, 136, 136, 71, 136, 45, 28, 87, 79, 86, 136, 136, 136, 60, 58, 5, 136, 2, 8, 75, 97, 135, 17, 135, 135, 135, 135, 77, 135, 41, 135, 135, 135, 66, 79, 135, 39, 43, 135, 135, 135, 51, 65, 135, 135, 63, 80, 135, 53, 30, 13, 135, 135, 82, 65, 135, 70, 135, 135, 135, 74, 135, 135, 34, 45, 51, 26, 135, 46, 73, 135, 135, 135, 135, 53, 74, 38, 68, 135, 64, 10, 47, 46, 74]
Memory usage at done (index 36, length 97, since_prev 2): 20191.328125 MiB (Increase: 0.0 MiB)
Memory usage before reset: 20191.328125 MiB (Increase: 0.0 MiB)
Memory usage after reset: 20191.328125 MiB (Increase: 0.0 MiB)
Current lengths of episodes: [46, 136, 55, 136, 57, 12, 63, 64, 136, 63, 136, 136, 136, 136, 136, 15, 136, 136, 136, 71, 136, 45, 28, 87, 79, 86, 136, 136, 136, 60, 58, 5, 136, 2, 8, 75, 0, 136, 18, 136, 136, 136, 136, 78, 136, 42, 136, 136, 136, 67, 80, 136, 40, 44, 136, 136, 136, 52, 66, 136, 136, 64, 81, 136, 54, 31, 14, 136, 136, 83, 66, 136, 71, 136, 136, 136, 75, 136, 136, 35, 46, 52, 27, 136, 47, 74, 136, 136, 136, 136, 54, 75, 39, 69, 136, 65, 11, 48, 47, 74]
Memory usage at done (index 98, length 47, since_prev 0): 20191.328125 MiB (Increase: 0.0 MiB)
Memory usage before reset: 20191.328125 MiB (Increase: 0.0 MiB)
Memory usage after reset: 20191.328125 MiB (Increase: 0.0 MiB)
Current lengths of episodes: [48, 138, 57, 137, 58, 13, 64, 65, 137, 64, 137, 137, 137, 137, 137, 16, 137, 137, 137, 72, 137, 46, 29, 88, 80, 87, 137, 137, 137, 61, 59, 6, 137, 3, 9, 76, 1, 137, 19, 137, 137, 137, 137, 79, 137, 43, 137, 137, 137, 68, 81, 137, 41, 45, 137, 137, 137, 53, 67, 137, 137, 65, 82, 137, 55, 32, 15, 137, 137, 84, 67, 137, 72, 137, 137, 137, 76, 137, 137, 36, 47, 53, 28, 137, 48, 75, 137, 137, 137, 137, 55, 76, 40, 70, 137, 66, 12, 49, 1, 76]
Memory usage at done (index 2, length 57, since_prev 2): 20191.328125 MiB (Increase: 0.0 MiB)
Memory usage before reset: 20191.328125 MiB (Increase: 0.0 MiB)
Memory usage after reset: 20191.328125 MiB (Increase: 0.0 MiB)
Current lengths of episodes: [48, 138, 0, 138, 59, 14, 65, 66, 138, 65, 138, 138, 138, 138, 138, 17, 138, 138, 138, 73, 138, 47, 30, 89, 81, 88, 138, 138, 138, 62, 60, 7, 138, 4, 10, 77, 2, 138, 20, 138, 138, 138, 138, 80, 138, 44, 138, 138, 138, 69, 82, 138, 42, 46, 138, 138, 138, 54, 68, 138, 138, 66, 82, 137, 55, 32, 15, 137, 137, 84, 67, 137, 72, 137, 137, 137, 76, 137, 137, 36, 47, 53, 28, 137, 48, 75, 137, 137, 137, 137, 55, 76, 40, 70, 137, 66, 12, 49, 1, 76]
Memory usage at done (index 61, length 66, since_prev 0): 20191.328125 MiB (Increase: 0.0 MiB)
Memory usage before reset: 20191.328125 MiB (Increase: 0.0 MiB)
Memory usage after reset: 20191.328125 MiB (Increase: 0.0 MiB)
Current lengths of episodes: [49, 139, 1, 139, 60, 15, 66, 67, 139, 66, 139, 139, 139, 139, 139, 18, 139, 139, 139, 74, 139, 48, 31, 90, 82, 89, 139, 139, 139, 63, 61, 8, 139, 5, 11, 78, 3, 139, 21, 139, 139, 139, 139, 81, 139, 45, 139, 139, 139, 70, 83, 139, 43, 47, 139, 139, 139, 55, 69, 139, 139, 1, 84, 139, 57, 34, 17, 139, 139, 86, 69, 138, 73, 138, 138, 138, 77, 138, 138, 37, 48, 54, 29, 138, 49, 76, 138, 138, 138, 138, 56, 77, 41, 71, 138, 67, 13, 50, 2, 77]
Memory usage at done (index 70, length 69, since_prev 1): 20191.328125 MiB (Increase: 0.0 MiB)
Memory usage before reset: 20191.328125 MiB (Increase: 0.0 MiB)
Memory usage after reset: 20191.328125 MiB (Increase: 0.0 MiB)
Current lengths of episodes: [52, 142, 4, 142, 63, 18, 69, 70, 142, 69, 142, 142, 142, 142, 142, 21, 142, 142, 142, 77, 142, 51, 34, 93, 85, 92, 142, 142, 142, 66, 64, 11, 142, 8, 14, 81, 6, 142, 24, 142, 142, 142, 142, 84, 142, 48, 142, 142, 142, 73, 86, 142, 46, 50, 142, 142, 142, 58, 72, 142, 142, 4, 87, 142, 60, 37, 20, 142, 142, 89, 3, 142, 77, 142, 142, 142, 81, 142, 142, 41, 52, 58, 32, 141, 52, 79, 141, 141, 141, 141, 59, 80, 44, 74, 141, 70, 16, 53, 5, 80]
Memory usage at done (index 81, length 58, since_prev 3): 20191.328125 MiB (Increase: 0.0 MiB)
Memory usage before reset: 20191.328125 MiB (Increase: 0.0 MiB)
Memory usage after reset: 20191.328125 MiB (Increase: 0.0 MiB)
Current lengths of episodes: [55, 145, 7, 145, 66, 21, 72, 73, 145, 72, 145, 145, 145, 145, 145, 24, 145, 145, 145, 80, 145, 54, 37, 96, 88, 95, 145, 145, 145, 69, 67, 14, 145, 11, 17, 84, 9, 145, 27, 145, 145, 145, 145, 87, 145, 51, 145, 145, 145, 76, 89, 145, 49, 53, 145, 145, 145, 61, 75, 144, 144, 6, 89, 144, 62, 39, 22, 144, 144, 91, 5, 144, 79, 144, 144, 144, 83, 144, 144, 43, 54, 2, 35, 144, 55, 82, 144, 144, 144, 144, 62, 83, 47, 77, 144, 73, 19, 56, 8, 83]
Memory usage at done (index 58, length 75, since_prev 3): 20191.328125 MiB (Increase: 0.0 MiB)
Memory usage before reset: 20191.328125 MiB (Increase: 0.0 MiB)
Memory usage after reset: 20191.328125 MiB (Increase: 0.0 MiB)
Current lengths of episodes: [57, 147, 9, 147, 68, 23, 74, 75, 146, 73, 146, 146, 146, 146, 146, 25, 146, 146, 146, 81, 146, 55, 38, 97, 89, 96, 146, 146, 146, 70, 68, 15, 146, 12, 18, 85, 10, 146, 28, 146, 146, 146, 146, 88, 146, 52, 146, 146, 146, 77, 90, 146, 50, 54, 146, 146, 146, 62, 1, 146, 146, 8, 91, 146, 64, 41, 24, 146, 146, 93, 7, 146, 81, 146, 146, 146, 85, 146, 146, 45, 56, 4, 37, 146, 57, 84, 146, 146, 146, 146, 64, 85, 49, 79, 146, 75, 21, 58, 10, 85]
Memory usage at done (index 7, length 75, since_prev 2): 20191.328125 MiB (Increase: 0.0 MiB)
Memory usage before reset: 20191.328125 MiB (Increase: 0.0 MiB)
Memory usage after reset: 20191.328125 MiB (Increase: 0.0 MiB)
Current lengths of episodes: [60, 150, 12, 150, 71, 26, 77, 2, 149, 76, 149, 149, 149, 149, 149, 28, 149, 149, 149, 84, 149, 58, 41, 100, 92, 99, 149, 149, 149, 73, 71, 18, 149, 15, 21, 88, 13, 149, 31, 149, 149, 149, 149, 91, 149, 55, 149, 149, 149, 80, 93, 149, 53, 57, 149, 149, 149, 65, 4, 149, 149, 11, 94, 149, 67, 44, 27, 149, 149, 96, 10, 149, 84, 149, 149, 149, 88, 149, 149, 48, 59, 7, 40, 149, 60, 87, 149, 149, 149, 149, 67, 88, 52, 82, 149, 78, 24, 61, 13, 88]
Memory usage at done (index 6, length 77, since_prev 3): 20191.328125 MiB (Increase: 0.0 MiB)
Memory usage before reset: 20191.328125 MiB (Increase: 0.0 MiB)
Memory usage after reset: 20191.328125 MiB (Increase: 0.0 MiB)
Current lengths of episodes: [67, 157, 19, 157, 78, 33, 7, 10, 157, 84, 157, 157, 157, 157, 157, 36, 157, 157, 157, 92, 157, 66, 49, 108, 100, 107, 156, 156, 156, 80, 78, 25, 156, 22, 28, 95, 20, 156, 38, 156, 156, 156, 156, 98, 156, 62, 156, 156, 156, 87, 100, 156, 60, 64, 156, 156, 156, 72, 11, 156, 156, 18, 101, 156, 74, 51, 34, 156, 156, 103, 17, 156, 91, 156, 156, 156, 95, 156, 156, 55, 66, 14, 47, 156, 67, 94, 156, 156, 156, 156, 74, 95, 59, 89, 156, 85, 31, 68, 20, 95]
Memory usage at done (index 25, length 107, since_prev 7): 20191.328125 MiB (Increase: 0.0 MiB)
Memory usage before reset: 20191.328125 MiB (Increase: 0.0 MiB)
Memory usage after reset: 20191.328125 MiB (Increase: 0.0 MiB)
Current lengths of episodes: [67, 157, 19, 157, 78, 33, 7, 10, 157, 84, 157, 157, 157, 157, 157, 36, 157, 157, 157, 92, 157, 66, 49, 108, 100, 0, 157, 157, 157, 81, 79, 26, 157, 23, 29, 96, 21, 157, 39, 157, 157, 157, 157, 99, 157, 63, 157, 157, 157, 88, 101, 157, 61, 65, 157, 157, 157, 73, 12, 157, 157, 19, 102, 157, 75, 52, 35, 157, 157, 104, 18, 157, 92, 157, 157, 157, 96, 157, 157, 56, 67, 15, 48, 157, 68, 95, 157, 157, 157, 157, 75, 95, 59, 89, 156, 85, 31, 68, 20, 95]
Memory usage at done (index 90, length 75, since_prev 0): 20191.328125 MiB (Increase: 0.0 MiB)
Memory usage before reset: 20191.328125 MiB (Increase: 0.0 MiB)
Memory usage after reset: 20191.328125 MiB (Increase: 0.0 MiB)
Current lengths of episodes: [67, 157, 19, 157, 78, 33, 7, 10, 157, 84, 157, 157, 157, 157, 157, 36, 157, 157, 157, 92, 157, 66, 49, 108, 100, 0, 157, 157, 157, 81, 79, 26, 157, 23, 29, 96, 21, 157, 39, 157, 157, 157, 157, 99, 157, 63, 157, 157, 157, 88, 101, 157, 61, 65, 157, 157, 157, 73, 12, 157, 157, 19, 102, 157, 75, 52, 35, 157, 157, 104, 18, 157, 92, 157, 157, 157, 96, 157, 157, 56, 67, 15, 48, 157, 68, 95, 157, 157, 157, 157, 0, 96, 60, 90, 156, 85, 31, 68, 20, 95]
Memory usage at done (index 93, length 90, since_prev 0): 20191.328125 MiB (Increase: 0.0 MiB)
Memory usage before reset: 20191.328125 MiB (Increase: 0.0 MiB)
Memory usage after reset: 20191.328125 MiB (Increase: 0.0 MiB)
Current lengths of episodes: [70, 160, 22, 160, 81, 36, 10, 13, 160, 87, 160, 160, 160, 160, 160, 39, 160, 160, 160, 95, 160, 69, 52, 111, 103, 3, 160, 160, 160, 84, 82, 29, 160, 26, 32, 99, 24, 160, 42, 160, 160, 160, 160, 102, 160, 66, 160, 160, 160, 91, 104, 160, 64, 68, 160, 160, 160, 76, 15, 160, 160, 22, 105, 160, 78, 55, 38, 160, 160, 107, 21, 160, 95, 160, 160, 160, 99, 160, 160, 59, 70, 18, 51, 160, 71, 98, 160, 160, 160, 160, 3, 99, 63, 2, 159, 88, 34, 71, 23, 98]
Memory usage at done (index 92, length 63, since_prev 3): 20191.328125 MiB (Increase: 0.0 MiB)
Memory usage before reset: 20191.328125 MiB (Increase: 0.0 MiB)
Memory usage after reset: 20191.328125 MiB (Increase: 0.0 MiB)
Current lengths of episodes: [71, 161, 23, 161, 82, 37, 11, 14, 161, 88, 161, 161, 161, 161, 161, 40, 161, 161, 161, 96, 161, 70, 53, 112, 104, 4, 161, 161, 161, 85, 83, 30, 161, 27, 33, 100, 25, 161, 43, 161, 161, 161, 161, 103, 161, 67, 161, 161, 161, 92, 105, 161, 65, 69, 161, 161, 161, 77, 16, 161, 161, 23, 106, 161, 79, 56, 39, 161, 161, 108, 22, 161, 96, 161, 161, 161, 100, 161, 161, 60, 71, 19, 52, 161, 72, 99, 161, 161, 161, 161, 4, 100, 1, 4, 161, 90, 35, 72, 24, 99]
Memory usage at done (index 95, length 90, since_prev 1): 20191.328125 MiB (Increase: 0.0 MiB)
Memory usage before reset: 20191.328125 MiB (Increase: 0.0 MiB)
Memory usage after reset: 20191.328125 MiB (Increase: 0.0 MiB)
Current lengths of episodes: [72, 162, 24, 162, 83, 38, 12, 15, 162, 89, 162, 162, 162, 162, 162, 41, 162, 162, 162, 97, 162, 71, 54, 113, 105, 5, 162, 162, 162, 86, 84, 31, 162, 28, 34, 101, 26, 162, 44, 162, 162, 161, 161, 103, 161, 67, 161, 161, 161, 92, 105, 161, 65, 69, 161, 161, 161, 77, 16, 161, 161, 23, 106, 161, 79, 56, 39, 161, 161, 108, 22, 161, 96, 161, 161, 161, 100, 161, 161, 60, 71, 19, 52, 161, 72, 99, 161, 161, 161, 161, 4, 100, 1, 4, 161, 0, 36, 73, 25, 100]
Memory usage at done (index 40, length 162, since_prev 1): 20191.328125 MiB (Increase: 0.0 MiB)
Memory usage before reset: 20191.328125 MiB (Increase: 0.0 MiB)
Memory usage after reset: 20191.328125 MiB (Increase: 0.0 MiB)
Current lengths of episodes: [76, 166, 28, 166, 87, 42, 16, 19, 166, 93, 166, 166, 166, 166, 166, 45, 166, 166, 166, 101, 166, 75, 58, 117, 109, 9, 166, 166, 166, 90, 88, 35, 166, 32, 38, 105, 30, 166, 48, 166, 4, 166, 166, 108, 166, 72, 166, 166, 166, 97, 110, 166, 70, 73, 165, 165, 165, 81, 20, 165, 165, 27, 110, 165, 83, 60, 43, 165, 165, 112, 26, 165, 100, 165, 165, 165, 104, 165, 165, 64, 75, 23, 56, 165, 76, 103, 165, 165, 165, 165, 8, 104, 5, 8, 165, 4, 40, 77, 29, 104]
Memory usage at done (index 52, length 70, since_prev 4): 20191.328125 MiB (Increase: 0.0 MiB)
Memory usage before reset: 20191.328125 MiB (Increase: 0.0 MiB)
Memory usage after reset: 20191.328125 MiB (Increase: 0.0 MiB)
Current lengths of episodes: [79, 169, 31, 169, 90, 45, 19, 22, 169, 96, 169, 169, 169, 169, 169, 48, 169, 169, 169, 104, 169, 78, 61, 120, 112, 12, 169, 169, 169, 93, 91, 38, 169, 35, 41, 108, 33, 169, 51, 169, 7, 169, 169, 111, 169, 75, 169, 169, 169, 100, 113, 169, 3, 77, 169, 169, 169, 85, 24, 169, 169, 31, 114, 169, 87, 64, 47, 169, 169, 116, 30, 169, 104, 169, 169, 169, 108, 169, 169, 68, 79, 26, 59, 168, 79, 106, 168, 168, 168, 168, 11, 107, 8, 11, 168, 7, 43, 80, 32, 107]
Memory usage at done (index 80, length 79, since_prev 3): 20191.328125 MiB (Increase: 0.0 MiB)
Memory usage before reset: 20191.328125 MiB (Increase: 0.0 MiB)
Memory usage after reset: 20191.328125 MiB (Increase: 0.0 MiB)
Current lengths of episodes: [85, 175, 37, 175, 96, 51, 25, 28, 175, 102, 175, 175, 175, 175, 175, 54, 175, 175, 175, 110, 175, 84, 67, 126, 118, 18, 175, 175, 175, 99, 97, 44, 175, 41, 47, 114, 38, 174, 56, 174, 12, 174, 174, 116, 174, 80, 174, 174, 174, 105, 118, 174, 8, 82, 174, 174, 174, 90, 29, 174, 174, 36, 119, 174, 92, 69, 52, 174, 174, 121, 35, 174, 109, 174, 174, 174, 113, 174, 174, 73, 5, 32, 65, 174, 85, 112, 174, 174, 174, 174, 17, 113, 14, 17, 174, 13, 49, 86, 38, 113]
Memory usage at done (index 35, length 114, since_prev 6): 20191.328125 MiB (Increase: 0.0 MiB)
Memory usage before reset: 20191.328125 MiB (Increase: 0.0 MiB)
Memory usage after reset: 20191.328125 MiB (Increase: 0.0 MiB)
Current lengths of episodes: [86, 176, 38, 176, 97, 52, 26, 29, 176, 103, 176, 176, 176, 176, 176, 55, 176, 176, 176, 111, 176, 85, 68, 126, 118, 18, 175, 175, 175, 99, 97, 44, 175, 41, 47, 0, 39, 175, 57, 175, 13, 175, 175, 117, 175, 81, 175, 175, 175, 106, 119, 175, 9, 83, 175, 175, 175, 91, 30, 175, 175, 37, 120, 175, 93, 70, 53, 175, 175, 122, 36, 175, 110, 175, 175, 175, 114, 175, 175, 74, 6, 33, 66, 175, 86, 113, 175, 175, 175, 175, 18, 114, 15, 18, 175, 14, 50, 87, 39, 114]
Memory usage at done (index 22, length 68, since_prev 1): 20191.328125 MiB (Increase: 0.0 MiB)
Memory usage before reset: 20191.328125 MiB (Increase: 0.0 MiB)
Memory usage after reset: 20191.328125 MiB (Increase: 0.0 MiB)
Current lengths of episodes: [90, 180, 42, 180, 101, 56, 30, 33, 180, 107, 180, 180, 180, 180, 180, 59, 180, 180, 180, 115, 180, 89, 4, 131, 123, 23, 180, 180, 180, 104, 102, 49, 180, 46, 52, 5, 44, 180, 62, 179, 17, 179, 179, 121, 179, 85, 179, 179, 179, 110, 123, 179, 13, 87, 179, 179, 179, 95, 34, 179, 179, 41, 124, 179, 97, 74, 57, 179, 179, 126, 40, 179, 114, 179, 179, 179, 118, 179, 179, 78, 10, 37, 70, 179, 90, 117, 179, 179, 179, 179, 22, 118, 19, 22, 179, 18, 54, 91, 43, 118]
Memory usage at done (index 38, length 62, since_prev 4): 20191.328125 MiB (Increase: 0.0 MiB)
Memory usage before reset: 20191.328125 MiB (Increase: 0.0 MiB)
Memory usage after reset: 20191.328125 MiB (Increase: 0.0 MiB)
Current lengths of episodes: [90, 180, 42, 180, 101, 56, 30, 33, 180, 107, 180, 180, 180, 180, 180, 59, 180, 180, 180, 115, 180, 89, 4, 131, 123, 23, 180, 180, 180, 104, 102, 49, 180, 46, 52, 5, 44, 180, 0, 180, 18, 180, 180, 122, 180, 86, 180, 180, 180, 111, 124, 180, 14, 88, 179, 179, 179, 95, 34, 179, 179, 41, 124, 179, 97, 74, 57, 179, 179, 126, 40, 179, 114, 179, 179, 179, 118, 179, 179, 78, 10, 37, 70, 179, 90, 117, 179, 179, 179, 179, 22, 118, 19, 22, 179, 18, 54, 91, 43, 118]
Memory usage at done (index 53, length 88, since_prev 0): 20191.328125 MiB (Increase: 0.0 MiB)
Memory usage before reset: 20191.328125 MiB (Increase: 0.0 MiB)
Memory usage after reset: 20191.328125 MiB (Increase: 0.0 MiB)
Current lengths of episodes: [96, 186, 48, 186, 107, 62, 36, 39, 186, 113, 186, 186, 186, 186, 186, 65, 186, 186, 186, 121, 186, 95, 10, 137, 129, 29, 186, 186, 186, 110, 108, 55, 186, 52, 58, 11, 50, 186, 6, 186, 24, 186, 186, 128, 186, 92, 186, 186, 186, 117, 130, 186, 20, 6, 186, 186, 186, 102, 41, 186, 186, 48, 131, 186, 104, 81, 64, 186, 186, 133, 47, 186, 121, 186, 186, 186, 125, 186, 186, 85, 16, 43, 76, 185, 96, 123, 185, 185, 185, 185, 28, 124, 25, 28, 185, 24, 60, 97, 49, 124]
Memory usage at done (index 79, length 85, since_prev 6): 20191.328125 MiB (Increase: 0.0 MiB)
Memory usage before reset: 20191.328125 MiB (Increase: 0.0 MiB)
Memory usage after reset: 20191.328125 MiB (Increase: 0.0 MiB)
Current lengths of episodes: [98, 188, 50, 187, 108, 63, 37, 40, 187, 114, 187, 187, 187, 187, 187, 66, 187, 187, 187, 122, 187, 96, 11, 138, 130, 30, 187, 187, 187, 111, 109, 56, 187, 53, 59, 12, 51, 187, 7, 187, 25, 187, 187, 129, 187, 93, 187, 187, 187, 118, 131, 187, 21, 7, 187, 187, 187, 103, 42, 187, 187, 49, 132, 187, 105, 82, 65, 187, 187, 134, 48, 187, 122, 187, 187, 187, 126, 187, 187, 1, 18, 45, 78, 187, 98, 125, 187, 187, 187, 187, 30, 126, 27, 30, 187, 26, 62, 99, 51, 126]
Memory usage at done (index 2, length 50, since_prev 2): 20191.328125 MiB (Increase: 0.0 MiB)
Memory usage before reset: 20191.328125 MiB (Increase: 0.0 MiB)
Memory usage after reset: 20191.328125 MiB (Increase: 0.0 MiB)
Current lengths of episodes: [101, 191, 3, 191, 112, 67, 41, 44, 191, 118, 191, 191, 191, 191, 191, 70, 191, 191, 191, 126, 191, 100, 15, 142, 134, 33, 190, 190, 190, 114, 112, 59, 190, 56, 62, 15, 54, 190, 10, 190, 28, 190, 190, 132, 190, 96, 190, 190, 190, 121, 134, 190, 24, 10, 190, 190, 190, 106, 45, 190, 190, 52, 135, 190, 108, 85, 68, 190, 190, 137, 51, 190, 125, 190, 190, 190, 129, 190, 190, 4, 21, 48, 81, 190, 101, 128, 190, 190, 190, 190, 33, 129, 30, 33, 190, 29, 65, 102, 54, 129]
Memory usage at done (index 24, length 134, since_prev 3): 20191.328125 MiB (Increase: 0.0 MiB)
Memory usage before reset: 20191.328125 MiB (Increase: 0.0 MiB)
Memory usage after reset: 20191.328125 MiB (Increase: 0.0 MiB)
Current lengths of episodes: [106, 196, 8, 196, 117, 72, 46, 49, 196, 123, 196, 196, 196, 196, 196, 75, 196, 196, 196, 131, 196, 105, 20, 147, 5, 39, 196, 196, 196, 120, 118, 65, 196, 62, 68, 21, 60, 196, 16, 196, 34, 196, 196, 138, 196, 102, 196, 196, 196, 127, 140, 196, 30, 16, 196, 196, 196, 112, 51, 196, 196, 58, 141, 195, 113, 90, 73, 195, 195, 142, 56, 195, 130, 195, 195, 195, 134, 195, 195, 9, 26, 53, 86, 195, 106, 133, 195, 195, 195, 195, 38, 134, 35, 38, 195, 34, 70, 107, 59, 134]
Memory usage at done (index 62, length 141, since_prev 5): 20191.328125 MiB (Increase: 0.0 MiB)
Memory usage before reset: 20191.328125 MiB (Increase: 0.0 MiB)
Memory usage after reset: 20191.328125 MiB (Increase: 0.0 MiB)
Current lengths of episodes: [112, 202, 14, 202, 123, 78, 52, 55, 202, 129, 202, 202, 202, 202, 202, 81, 202, 202, 202, 137, 202, 111, 26, 153, 11, 45, 202, 202, 202, 126, 124, 71, 202, 68, 73, 26, 65, 201, 21, 201, 39, 201, 201, 143, 201, 107, 201, 201, 201, 132, 145, 201, 35, 21, 201, 201, 201, 117, 56, 201, 201, 63, 5, 201, 119, 96, 79, 201, 201, 148, 62, 201, 136, 201, 201, 201, 140, 201, 201, 15, 32, 59, 92, 201, 112, 139, 201, 201, 201, 201, 44, 140, 41, 44, 201, 40, 76, 113, 65, 140]
Memory usage at done (index 33, length 68, since_prev 6): 20191.328125 MiB (Increase: 0.0 MiB)
Memory usage before reset: 20191.328125 MiB (Increase: 0.0 MiB)
Memory usage after reset: 20191.328125 MiB (Increase: 0.0 MiB)
Current lengths of episodes: [113, 203, 15, 203, 124, 79, 53, 56, 203, 130, 203, 203, 203, 203, 203, 82, 203, 203, 203, 138, 203, 112, 27, 154, 12, 46, 203, 203, 203, 127, 125, 72, 203, 1, 75, 28, 67, 203, 23, 203, 41, 203, 203, 145, 203, 109, 203, 203, 203, 134, 147, 203, 37, 23, 203, 203, 203, 119, 58, 203, 203, 65, 6, 202, 120, 97, 80, 202, 202, 149, 63, 202, 137, 202, 202, 202, 141, 202, 202, 16, 33, 60, 93, 202, 113, 140, 202, 202, 202, 202, 45, 141, 42, 45, 202, 41, 77, 114, 66, 141]
Memory usage at done (index 61, length 65, since_prev 1): 20191.328125 MiB (Increase: 0.0 MiB)
Memory usage before reset: 20191.328125 MiB (Increase: 0.0 MiB)
Memory usage after reset: 20191.328125 MiB (Increase: 0.0 MiB)
Current lengths of episodes: [127, 217, 29, 217, 138, 93, 67, 70, 217, 144, 217, 217, 217, 217, 217, 96, 217, 217, 217, 152, 217, 126, 41, 168, 26, 60, 217, 217, 217, 141, 139, 86, 217, 15, 89, 42, 81, 217, 37, 217, 55, 217, 217, 159, 217, 123, 217, 217, 217, 148, 161, 217, 51, 37, 217, 217, 217, 133, 72, 217, 217, 14, 21, 217, 135, 112, 95, 217, 217, 164, 78, 217, 152, 217, 217, 217, 156, 217, 217, 31, 48, 75, 107, 216, 127, 154, 216, 216, 216, 216, 59, 155, 56, 59, 216, 55, 91, 128, 80, 155]
Memory usage at done (index 81, length 75, since_prev 14): 20191.328125 MiB (Increase: 0.0 MiB)
Memory usage before reset: 20191.328125 MiB (Increase: 0.0 MiB)
Memory usage after reset: 20191.328125 MiB (Increase: 0.0 MiB)
Current lengths of episodes: [128, 218, 30, 218, 139, 94, 68, 70, 217, 144, 217, 217, 217, 217, 217, 96, 217, 217, 217, 152, 217, 126, 41, 168, 26, 60, 217, 217, 217, 141, 139, 86, 217, 15, 89, 42, 81, 217, 37, 217, 55, 217, 217, 159, 217, 123, 217, 217, 217, 148, 161, 217, 51, 37, 217, 217, 217, 133, 72, 217, 217, 14, 21, 217, 135, 112, 95, 217, 217, 164, 78, 217, 152, 217, 217, 217, 156, 217, 217, 31, 48, 0, 108, 217, 128, 155, 217, 217, 217, 217, 60, 156, 57, 60, 217, 56, 92, 129, 81, 156]
Memory usage at done (index 6, length 68, since_prev 1): 20191.328125 MiB (Increase: 0.0 MiB)
Memory usage before reset: 20191.328125 MiB (Increase: 0.0 MiB)
Memory usage after reset: 20191.328125 MiB (Increase: 0.0 MiB)
Current lengths of episodes: [134, 224, 36, 224, 145, 100, 6, 77, 224, 151, 224, 224, 224, 224, 224, 103, 224, 224, 224, 159, 224, 133, 48, 175, 33, 67, 224, 224, 224, 148, 146, 93, 224, 22, 96, 49, 88, 224, 44, 224, 62, 224, 224, 166, 224, 130, 224, 224, 224, 155, 168, 224, 58, 44, 224, 224, 224, 140, 79, 224, 224, 21, 28, 224, 142, 119, 102, 224, 224, 171, 85, 224, 159, 224, 224, 224, 163, 224, 224, 38, 55, 7, 115, 224, 135, 162, 224, 224, 224, 224, 67, 163, 64, 67, 224, 63, 98, 135, 87, 162]
Memory usage at done (index 95, length 63, since_prev 6): 20191.328125 MiB (Increase: 0.0 MiB)
Memory usage before reset: 20191.328125 MiB (Increase: 0.0 MiB)
Memory usage after reset: 20191.328125 MiB (Increase: 0.0 MiB)
Current lengths of episodes: [141, 231, 43, 231, 152, 107, 13, 84, 231, 158, 231, 231, 231, 231, 231, 110, 231, 231, 231, 166, 231, 140, 55, 182, 40, 74, 231, 231, 231, 155, 153, 100, 231, 29, 103, 56, 95, 231, 51, 231, 69, 231, 231, 173, 231, 137, 231, 231, 231, 162, 175, 231, 65, 51, 231, 231, 231, 147, 86, 231, 231, 28, 35, 231, 149, 126, 109, 231, 231, 178, 92, 230, 165, 230, 230, 230, 169, 230, 230, 44, 61, 13, 121, 230, 141, 168, 230, 230, 230, 230, 73, 169, 70, 73, 230, 6, 105, 142, 94, 169]
Memory usage at done (index 70, length 92, since_prev 7): 20191.328125 MiB (Increase: 0.0 MiB)
Memory usage before reset: 20191.328125 MiB (Increase: 0.0 MiB)
Memory usage after reset: 20191.328125 MiB (Increase: 0.0 MiB)
Current lengths of episodes: [142, 232, 44, 232, 153, 108, 14, 85, 232, 159, 232, 232, 232, 232, 232, 111, 232, 232, 232, 167, 232, 141, 56, 183, 41, 75, 232, 232, 232, 156, 154, 101, 232, 30, 104, 57, 96, 232, 52, 232, 70, 232, 232, 174, 232, 138, 232, 232, 232, 163, 176, 232, 66, 52, 232, 232, 232, 148, 87, 232, 232, 29, 36, 232, 150, 127, 110, 232, 232, 179, 1, 232, 167, 232, 232, 232, 171, 232, 232, 46, 63, 15, 123, 232, 143, 170, 232, 232, 232, 232, 75, 171, 71, 74, 231, 7, 106, 143, 95, 170]
Memory usage at done (index 91, length 171, since_prev 1): 20191.328125 MiB (Increase: 0.0 MiB)
Memory usage before reset: 20191.328125 MiB (Increase: 0.0 MiB)
Memory usage after reset: 20191.328125 MiB (Increase: 0.0 MiB)
Current lengths of episodes: [150, 240, 52, 240, 161, 116, 22, 93, 240, 167, 240, 240, 240, 240, 240, 119, 240, 240, 240, 175, 240, 149, 64, 191, 49, 83, 240, 240, 240, 164, 162, 109, 239, 37, 111, 64, 103, 239, 59, 239, 77, 239, 239, 181, 239, 145, 239, 239, 239, 170, 183, 239, 73, 59, 239, 239, 239, 155, 94, 239, 239, 36, 43, 239, 157, 134, 117, 239, 239, 186, 8, 239, 174, 239, 239, 239, 178, 239, 239, 53, 70, 22, 130, 239, 150, 177, 239, 239, 239, 239, 82, 7, 79, 82, 239, 15, 114, 151, 103, 178]
Memory usage at done (index 31, length 109, since_prev 8): 20191.328125 MiB (Increase: 0.0 MiB)
Memory usage before reset: 20191.328125 MiB (Increase: 0.0 MiB)
Memory usage after reset: 20191.328125 MiB (Increase: 0.0 MiB)
Current lengths of episodes: [154, 244, 56, 244, 165, 120, 26, 97, 244, 171, 244, 244, 244, 244, 244, 123, 244, 244, 244, 179, 244, 153, 68, 195, 53, 87, 244, 244, 244, 168, 166, 4, 244, 42, 116, 69, 108, 244, 64, 244, 82, 244, 244, 186, 244, 150, 244, 244, 244, 175, 188, 244, 78, 64, 244, 244, 244, 160, 99, 244, 244, 41, 48, 244, 162, 139, 122, 244, 244, 191, 13, 244, 179, 244, 244, 244, 183, 244, 244, 58, 75, 27, 135, 244, 155, 182, 244, 244, 244, 244, 87, 12, 84, 87, 243, 19, 118, 155, 107, 182]
Memory usage at done (index 93, length 87, since_prev 4): 20191.328125 MiB (Increase: 0.0 MiB)
Memory usage before reset: 20191.328125 MiB (Increase: 0.0 MiB)
Memory usage after reset: 20191.328125 MiB (Increase: 0.0 MiB)
Current lengths of episodes: [155, 245, 57, 245, 166, 121, 27, 98, 245, 172, 245, 245, 245, 244, 244, 123, 244, 244, 244, 179, 244, 153, 68, 195, 53, 87, 244, 244, 244, 168, 166, 4, 244, 42, 116, 69, 108, 244, 64, 244, 82, 244, 244, 186, 244, 150, 244, 244, 244, 175, 188, 244, 78, 64, 244, 244, 244, 160, 99, 244, 244, 41, 48, 244, 162, 139, 122, 244, 244, 191, 13, 244, 179, 244, 244, 244, 183, 244, 244, 58, 75, 27, 135, 244, 155, 182, 244, 244, 244, 244, 87, 12, 84, 0, 244, 20, 119, 156, 108, 183]
Memory usage at done (index 12, length 245, since_prev 1): 20191.328125 MiB (Increase: 0.0 MiB)
Memory usage before reset: 20191.328125 MiB (Increase: 0.0 MiB)
Memory usage after reset: 20191.328125 MiB (Increase: 0.0 MiB)
Current lengths of episodes: [155, 245, 57, 245, 166, 121, 27, 98, 245, 172, 245, 245, 0, 245, 245, 124, 245, 245, 245, 180, 245, 154, 69, 196, 54, 88, 245, 245, 245, 169, 167, 5, 245, 43, 117, 70, 109, 245, 65, 245, 83, 244, 244, 186, 244, 150, 244, 244, 244, 175, 188, 244, 78, 64, 244, 244, 244, 160, 99, 244, 244, 41, 48, 244, 162, 139, 122, 244, 244, 191, 13, 244, 179, 244, 244, 244, 183, 244, 244, 58, 75, 27, 135, 244, 155, 182, 244, 244, 244, 244, 87, 12, 84, 0, 244, 20, 119, 156, 108, 183]
Memory usage at done (index 40, length 83, since_prev 0): 20191.328125 MiB (Increase: 0.0 MiB)
Memory usage before reset: 20191.328125 MiB (Increase: 0.0 MiB)
Memory usage after reset: 20191.328125 MiB (Increase: 0.0 MiB)
Current lengths of episodes: [159, 249, 61, 249, 170, 125, 31, 102, 249, 176, 249, 249, 4, 249, 249, 128, 249, 249, 249, 184, 249, 158, 73, 200, 58, 92, 249, 249, 249, 173, 171, 9, 249, 47, 121, 74, 113, 249, 69, 249, 4, 249, 249, 191, 249, 155, 249, 249, 249, 180, 193, 249, 83, 69, 249, 249, 249, 165, 104, 249, 249, 46, 53, 248, 166, 143, 126, 248, 248, 195, 17, 248, 183, 248, 248, 248, 187, 248, 248, 62, 79, 31, 139, 248, 159, 186, 248, 248, 248, 248, 91, 16, 88, 4, 248, 24, 123, 160, 112, 187]
Memory usage at done (index 62, length 53, since_prev 4): 20191.328125 MiB (Increase: 0.0 MiB)
Memory usage before reset: 20191.328125 MiB (Increase: 0.0 MiB)
Memory usage after reset: 20191.328125 MiB (Increase: 0.0 MiB)
Current lengths of episodes: [166, 256, 68, 256, 177, 132, 38, 109, 256, 183, 256, 256, 11, 256, 256, 135, 256, 256, 256, 191, 256, 165, 80, 207, 65, 99, 256, 256, 256, 180, 178, 16, 256, 54, 128, 81, 120, 256, 76, 256, 11, 256, 256, 198, 256, 162, 256, 256, 256, 187, 200, 256, 90, 76, 256, 256, 256, 172, 111, 256, 256, 53, 7, 256, 174, 151, 134, 256, 256, 203, 25, 256, 191, 256, 256, 256, 195, 256, 256, 70, 87, 38, 146, 255, 166, 193, 255, 255, 255, 255, 98, 23, 95, 11, 255, 31, 130, 167, 119, 194]
Memory usage at done (index 80, length 87, since_prev 7): 20191.328125 MiB (Increase: 0.0 MiB)
Memory usage before reset: 20191.328125 MiB (Increase: 0.0 MiB)
Memory usage after reset: 20191.328125 MiB (Increase: 0.0 MiB)
Training episode 700
Memory usage at middle: 20191.328125 MiB (Increase: 0.0 MiB)
Memory usage before collect: 20191.328125 MiB (Increase: 0.0 MiB)
Memory usage after collect: 20191.328125 MiB (Increase: 0.0 MiB)
Episode 700	Average evaluation: -98.51514813987254
Memory usage before initialization: 20191.328125 MiB (Increase: 0.0 MiB)
Memory usage after initialization: 20191.328125 MiB (Increase: 0.0 MiB)
Current lengths of episodes: [43, 43, 43, 43, 43, 43, 43, 43, 43, 43, 43, 43, 43, 43, 43, 43, 42, 42, 42, 42, 42, 42, 42, 42, 42, 42, 42, 42, 42, 42, 42, 42, 42, 42, 42, 42, 42, 42, 42, 42, 42, 42, 42, 42, 42, 42, 42, 42, 42, 42, 42, 42, 42, 42, 42, 42, 42, 42, 42, 42, 42, 42, 42, 42, 42, 42, 42, 42, 42, 42, 42, 42, 42, 42, 42, 42, 42, 42, 42, 42, 42, 42, 42, 42, 42, 42, 42, 42, 42, 42, 42, 42, 42, 42, 42, 42, 42, 42, 42, 42]
Memory usage at done (index 15, length 43, since_prev 43): 20191.328125 MiB (Increase: 0.0 MiB)
Memory usage before reset: 20191.328125 MiB (Increase: 0.0 MiB)
Memory usage after reset: 20191.328125 MiB (Increase: 0.0 MiB)
Current lengths of episodes: [48, 48, 48, 48, 48, 48, 48, 48, 48, 48, 48, 48, 48, 48, 48, 5, 48, 48, 48, 48, 48, 48, 48, 48, 48, 48, 48, 48, 48, 48, 48, 48, 48, 48, 48, 48, 48, 48, 48, 48, 48, 48, 48, 48, 48, 48, 47, 47, 47, 47, 47, 47, 47, 47, 47, 47, 47, 47, 47, 47, 47, 47, 47, 47, 47, 47, 47, 47, 47, 47, 47, 47, 47, 47, 47, 47, 47, 47, 47, 47, 47, 47, 47, 47, 47, 47, 47, 47, 47, 47, 47, 47, 47, 47, 47, 47, 47, 47, 47, 47]
Memory usage at done (index 45, length 48, since_prev 5): 20191.328125 MiB (Increase: 0.0 MiB)
Memory usage before reset: 20191.328125 MiB (Increase: 0.0 MiB)
Memory usage after reset: 20191.328125 MiB (Increase: 0.0 MiB)
Current lengths of episodes: [55, 55, 55, 55, 55, 55, 55, 55, 55, 55, 55, 55, 55, 55, 55, 12, 55, 55, 55, 55, 55, 55, 55, 55, 55, 55, 55, 55, 55, 55, 55, 55, 55, 55, 55, 55, 55, 55, 55, 55, 55, 55, 55, 55, 55, 7, 55, 55, 55, 55, 55, 55, 55, 55, 55, 55, 55, 55, 55, 55, 55, 55, 55, 55, 55, 55, 55, 55, 55, 55, 55, 55, 55, 55, 55, 55, 55, 54, 54, 54, 54, 54, 54, 54, 54, 54, 54, 54, 54, 54, 54, 54, 54, 54, 54, 54, 54, 54, 54, 54]
Memory usage at done (index 76, length 55, since_prev 7): 20191.328125 MiB (Increase: 0.0 MiB)
Memory usage before reset: 20191.328125 MiB (Increase: 0.0 MiB)
Memory usage after reset: 20191.328125 MiB (Increase: 0.0 MiB)
Current lengths of episodes: [56, 56, 56, 56, 56, 56, 56, 56, 56, 56, 56, 56, 56, 56, 56, 13, 56, 55, 55, 55, 55, 55, 55, 55, 55, 55, 55, 55, 55, 55, 55, 55, 55, 55, 55, 55, 55, 55, 55, 55, 55, 55, 55, 55, 55, 7, 55, 55, 55, 55, 55, 55, 55, 55, 55, 55, 55, 55, 55, 55, 55, 55, 55, 55, 55, 55, 55, 55, 55, 55, 55, 55, 55, 55, 55, 55, 0, 55, 55, 55, 55, 55, 55, 55, 55, 55, 55, 55, 55, 55, 55, 55, 55, 55, 55, 55, 55, 55, 55, 55]
Memory usage at done (index 16, length 56, since_prev 1): 20191.328125 MiB (Increase: 0.0 MiB)
Memory usage before reset: 20191.328125 MiB (Increase: 0.0 MiB)
Memory usage after reset: 20191.328125 MiB (Increase: 0.0 MiB)
Current lengths of episodes: [57, 57, 57, 57, 57, 57, 57, 57, 57, 57, 57, 57, 57, 57, 57, 14, 1, 57, 57, 57, 57, 57, 57, 57, 57, 57, 57, 57, 57, 57, 57, 57, 57, 57, 57, 57, 57, 57, 57, 57, 57, 57, 57, 57, 57, 9, 57, 57, 57, 56, 56, 56, 56, 56, 56, 56, 56, 56, 56, 56, 56, 56, 56, 56, 56, 56, 56, 56, 56, 56, 56, 56, 56, 56, 56, 56, 1, 56, 56, 56, 56, 56, 56, 56, 56, 56, 56, 56, 56, 56, 56, 56, 56, 56, 56, 56, 56, 56, 56, 56]
Memory usage at done (index 48, length 57, since_prev 1): 20191.328125 MiB (Increase: 0.0 MiB)
Memory usage before reset: 20191.328125 MiB (Increase: 0.0 MiB)
Memory usage after reset: 20191.328125 MiB (Increase: 0.0 MiB)
Current lengths of episodes: [58, 58, 58, 58, 58, 58, 58, 58, 58, 58, 58, 58, 58, 58, 58, 15, 2, 58, 58, 58, 58, 58, 58, 58, 57, 57, 57, 57, 57, 57, 57, 57, 57, 57, 57, 57, 57, 57, 57, 57, 57, 57, 57, 57, 57, 9, 57, 57, 0, 57, 57, 57, 57, 57, 57, 57, 57, 57, 57, 57, 57, 57, 57, 57, 57, 57, 57, 57, 57, 57, 57, 57, 57, 57, 57, 57, 2, 57, 57, 57, 57, 57, 57, 57, 57, 57, 57, 57, 57, 57, 57, 57, 57, 57, 57, 57, 57, 57, 57, 57]
Memory usage at done (index 23, length 58, since_prev 1): 20191.328125 MiB (Increase: 0.0 MiB)
Memory usage before reset: 20191.328125 MiB (Increase: 0.0 MiB)
Memory usage after reset: 20191.328125 MiB (Increase: 0.0 MiB)
Current lengths of episodes: [58, 58, 58, 58, 58, 58, 58, 58, 58, 58, 58, 58, 58, 58, 58, 15, 2, 58, 58, 58, 58, 58, 58, 0, 58, 58, 58, 58, 58, 58, 58, 58, 58, 58, 58, 58, 58, 58, 58, 58, 58, 58, 58, 58, 58, 10, 58, 58, 1, 58, 58, 58, 58, 58, 58, 58, 58, 58, 58, 58, 58, 58, 58, 58, 58, 58, 58, 58, 58, 58, 58, 58, 58, 58, 58, 58, 3, 58, 58, 58, 58, 58, 58, 58, 58, 58, 58, 58, 57, 57, 57, 57, 57, 57, 57, 57, 57, 57, 57, 57]
Memory usage at done (index 87, length 58, since_prev 0): 20191.328125 MiB (Increase: 0.0 MiB)
Memory usage before reset: 20191.328125 MiB (Increase: 0.0 MiB)
Memory usage after reset: 20191.328125 MiB (Increase: 0.0 MiB)
Current lengths of episodes: [59, 59, 59, 59, 59, 59, 59, 59, 59, 59, 59, 59, 59, 59, 59, 16, 3, 59, 59, 59, 59, 59, 59, 1, 59, 59, 59, 59, 59, 59, 59, 59, 59, 59, 59, 59, 59, 59, 59, 59, 59, 59, 59, 59, 59, 11, 59, 59, 2, 59, 59, 59, 59, 59, 59, 59, 59, 59, 59, 59, 59, 59, 59, 59, 59, 59, 58, 58, 58, 58, 58, 58, 58, 58, 58, 58, 3, 58, 58, 58, 58, 58, 58, 58, 58, 58, 58, 0, 58, 58, 58, 58, 58, 58, 58, 58, 58, 58, 58, 58]
Memory usage at done (index 65, length 59, since_prev 1): 20191.328125 MiB (Increase: 0.0 MiB)
Memory usage before reset: 20191.328125 MiB (Increase: 0.0 MiB)
Memory usage after reset: 20191.328125 MiB (Increase: 0.0 MiB)
Current lengths of episodes: [60, 59, 59, 59, 59, 59, 59, 59, 59, 59, 59, 59, 59, 59, 59, 16, 3, 59, 59, 59, 59, 59, 59, 1, 59, 59, 59, 59, 59, 59, 59, 59, 59, 59, 59, 59, 59, 59, 59, 59, 59, 59, 59, 59, 59, 11, 59, 59, 2, 59, 59, 59, 59, 59, 59, 59, 59, 59, 59, 59, 59, 59, 59, 59, 59, 0, 59, 59, 59, 59, 59, 59, 59, 59, 59, 59, 4, 59, 59, 59, 59, 59, 59, 59, 59, 59, 59, 1, 59, 59, 59, 59, 59, 59, 59, 59, 59, 59, 59, 59]
Memory usage at done (index 0, length 60, since_prev 1): 20191.328125 MiB (Increase: 0.0 MiB)
Memory usage before reset: 20191.328125 MiB (Increase: 0.0 MiB)
Memory usage after reset: 20191.328125 MiB (Increase: 0.0 MiB)
Current lengths of episodes: [0, 60, 60, 60, 60, 60, 60, 60, 60, 60, 60, 60, 60, 60, 60, 17, 4, 60, 60, 60, 60, 60, 60, 2, 60, 60, 60, 60, 60, 60, 60, 60, 60, 60, 60, 60, 60, 60, 60, 60, 60, 60, 60, 60, 60, 12, 60, 60, 3, 60, 60, 60, 60, 60, 60, 60, 60, 60, 60, 60, 60, 60, 60, 60, 60, 1, 60, 60, 60, 60, 60, 60, 60, 60, 60, 60, 5, 60, 60, 60, 60, 60, 60, 60, 60, 60, 60, 2, 60, 60, 60, 60, 60, 60, 60, 60, 60, 60, 60, 59]
Memory usage at done (index 98, length 60, since_prev 0): 20191.328125 MiB (Increase: 0.0 MiB)
Memory usage before reset: 20191.328125 MiB (Increase: 0.0 MiB)
Memory usage after reset: 20191.328125 MiB (Increase: 0.0 MiB)
Current lengths of episodes: [1, 61, 61, 61, 60, 60, 60, 60, 60, 60, 60, 60, 60, 60, 60, 17, 4, 60, 60, 60, 60, 60, 60, 2, 60, 60, 60, 60, 60, 60, 60, 60, 60, 60, 60, 60, 60, 60, 60, 60, 60, 60, 60, 60, 60, 12, 60, 60, 3, 60, 60, 60, 60, 60, 60, 60, 60, 60, 60, 60, 60, 60, 60, 60, 60, 1, 60, 60, 60, 60, 60, 60, 60, 60, 60, 60, 5, 60, 60, 60, 60, 60, 60, 60, 60, 60, 60, 2, 60, 60, 60, 60, 60, 60, 60, 60, 60, 60, 0, 60]
Memory usage at done (index 3, length 61, since_prev 1): 20191.328125 MiB (Increase: 0.0 MiB)
Memory usage before reset: 20191.328125 MiB (Increase: 0.0 MiB)
Memory usage after reset: 20191.328125 MiB (Increase: 0.0 MiB)
Current lengths of episodes: [1, 61, 61, 0, 61, 61, 61, 61, 61, 61, 61, 61, 61, 61, 61, 18, 5, 61, 61, 61, 61, 61, 61, 3, 61, 61, 61, 61, 61, 61, 61, 61, 61, 61, 61, 61, 61, 61, 61, 61, 61, 61, 61, 61, 61, 13, 61, 61, 4, 61, 61, 61, 61, 61, 61, 61, 61, 61, 61, 61, 61, 61, 61, 61, 61, 2, 61, 61, 61, 61, 61, 61, 61, 61, 61, 61, 6, 61, 61, 61, 61, 61, 61, 61, 61, 61, 60, 2, 60, 60, 60, 60, 60, 60, 60, 60, 60, 60, 0, 60]
Memory usage at done (index 85, length 61, since_prev 0): 20191.328125 MiB (Increase: 0.0 MiB)
Memory usage before reset: 20191.328125 MiB (Increase: 0.0 MiB)
Memory usage after reset: 20191.328125 MiB (Increase: 0.0 MiB)
Current lengths of episodes: [2, 62, 62, 1, 62, 61, 61, 61, 61, 61, 61, 61, 61, 61, 61, 18, 5, 61, 61, 61, 61, 61, 61, 3, 61, 61, 61, 61, 61, 61, 61, 61, 61, 61, 61, 61, 61, 61, 61, 61, 61, 61, 61, 61, 61, 13, 61, 61, 4, 61, 61, 61, 61, 61, 61, 61, 61, 61, 61, 61, 61, 61, 61, 61, 61, 2, 61, 61, 61, 61, 61, 61, 61, 61, 61, 61, 6, 61, 61, 61, 61, 61, 61, 61, 61, 0, 61, 3, 61, 61, 61, 61, 61, 61, 61, 61, 61, 61, 1, 61]
Memory usage at done (index 4, length 62, since_prev 1): 20191.328125 MiB (Increase: 0.0 MiB)
Memory usage before reset: 20191.328125 MiB (Increase: 0.0 MiB)
Memory usage after reset: 20191.328125 MiB (Increase: 0.0 MiB)
Current lengths of episodes: [2, 62, 62, 1, 0, 62, 62, 62, 62, 61, 61, 61, 61, 61, 61, 18, 5, 61, 61, 61, 61, 61, 61, 3, 61, 61, 61, 61, 61, 61, 61, 61, 61, 61, 61, 61, 61, 61, 61, 61, 61, 61, 61, 61, 61, 13, 61, 61, 4, 61, 61, 61, 61, 61, 61, 61, 61, 61, 61, 61, 61, 61, 61, 61, 61, 2, 61, 61, 61, 61, 61, 61, 61, 61, 61, 61, 6, 61, 61, 61, 61, 61, 61, 61, 61, 0, 61, 3, 61, 61, 61, 61, 61, 61, 61, 61, 61, 61, 1, 61]
Memory usage at done (index 8, length 62, since_prev 0): 20191.328125 MiB (Increase: 0.0 MiB)
Memory usage before reset: 20191.328125 MiB (Increase: 0.0 MiB)
Memory usage after reset: 20191.328125 MiB (Increase: 0.0 MiB)
Current lengths of episodes: [3, 63, 63, 2, 1, 63, 63, 63, 1, 63, 63, 63, 63, 63, 63, 20, 7, 63, 63, 63, 63, 63, 63, 5, 63, 63, 63, 63, 63, 63, 63, 63, 63, 63, 63, 63, 63, 63, 62, 62, 62, 62, 62, 62, 62, 14, 62, 62, 5, 62, 62, 62, 62, 62, 62, 62, 62, 62, 62, 62, 62, 62, 62, 62, 62, 3, 62, 62, 62, 62, 62, 62, 62, 62, 62, 62, 7, 62, 62, 62, 62, 62, 62, 62, 62, 1, 62, 4, 62, 62, 62, 62, 62, 62, 62, 62, 62, 62, 2, 62]
Memory usage at done (index 37, length 63, since_prev 1): 20191.328125 MiB (Increase: 0.0 MiB)
Memory usage before reset: 20191.328125 MiB (Increase: 0.0 MiB)
Memory usage after reset: 20191.328125 MiB (Increase: 0.0 MiB)
Current lengths of episodes: [3, 63, 63, 2, 1, 63, 63, 63, 1, 63, 63, 63, 63, 63, 63, 20, 7, 63, 63, 63, 63, 63, 63, 5, 63, 63, 63, 63, 63, 63, 63, 63, 63, 63, 63, 63, 63, 0, 63, 63, 63, 63, 63, 63, 63, 15, 63, 63, 6, 63, 63, 63, 63, 63, 63, 63, 63, 63, 63, 63, 63, 63, 63, 63, 63, 4, 63, 63, 63, 63, 63, 63, 63, 63, 63, 63, 8, 63, 63, 63, 63, 63, 63, 63, 62, 1, 62, 4, 62, 62, 62, 62, 62, 62, 62, 62, 62, 62, 2, 62]
Memory usage at done (index 83, length 63, since_prev 0): 20191.328125 MiB (Increase: 0.0 MiB)
Memory usage before reset: 20191.328125 MiB (Increase: 0.0 MiB)
Memory usage after reset: 20191.328125 MiB (Increase: 0.0 MiB)
Current lengths of episodes: [4, 64, 64, 3, 2, 64, 64, 64, 2, 64, 64, 64, 64, 64, 64, 21, 8, 64, 64, 64, 64, 64, 64, 6, 64, 63, 63, 63, 63, 63, 63, 63, 63, 63, 63, 63, 63, 0, 63, 63, 63, 63, 63, 63, 63, 15, 63, 63, 6, 63, 63, 63, 63, 63, 63, 63, 63, 63, 63, 63, 63, 63, 63, 63, 63, 4, 63, 63, 63, 63, 63, 63, 63, 63, 63, 63, 8, 63, 63, 63, 63, 63, 63, 0, 63, 2, 63, 5, 63, 63, 63, 63, 63, 63, 63, 63, 63, 63, 3, 63]
Memory usage at done (index 24, length 64, since_prev 1): 20191.328125 MiB (Increase: 0.0 MiB)
Memory usage before reset: 20191.328125 MiB (Increase: 0.0 MiB)
Memory usage after reset: 20191.328125 MiB (Increase: 0.0 MiB)
Current lengths of episodes: [4, 64, 64, 3, 2, 64, 64, 64, 2, 64, 64, 64, 64, 64, 64, 21, 8, 64, 64, 64, 64, 64, 64, 6, 0, 64, 64, 64, 63, 63, 63, 63, 63, 63, 63, 63, 63, 0, 63, 63, 63, 63, 63, 63, 63, 15, 63, 63, 6, 63, 63, 63, 63, 63, 63, 63, 63, 63, 63, 63, 63, 63, 63, 63, 63, 4, 63, 63, 63, 63, 63, 63, 63, 63, 63, 63, 8, 63, 63, 63, 63, 63, 63, 0, 63, 2, 63, 5, 63, 63, 63, 63, 63, 63, 63, 63, 63, 63, 3, 63]
Memory usage at done (index 27, length 64, since_prev 0): 20191.328125 MiB (Increase: 0.0 MiB)
Memory usage before reset: 20191.328125 MiB (Increase: 0.0 MiB)
Memory usage after reset: 20191.328125 MiB (Increase: 0.0 MiB)
Current lengths of episodes: [4, 64, 64, 3, 2, 64, 64, 64, 2, 64, 64, 64, 64, 64, 64, 21, 8, 64, 64, 64, 64, 64, 64, 6, 0, 64, 64, 0, 64, 64, 64, 64, 64, 64, 64, 64, 64, 1, 64, 64, 63, 63, 63, 63, 63, 15, 63, 63, 6, 63, 63, 63, 63, 63, 63, 63, 63, 63, 63, 63, 63, 63, 63, 63, 63, 4, 63, 63, 63, 63, 63, 63, 63, 63, 63, 63, 8, 63, 63, 63, 63, 63, 63, 0, 63, 2, 63, 5, 63, 63, 63, 63, 63, 63, 63, 63, 63, 63, 3, 63]
Memory usage at done (index 39, length 64, since_prev 0): 20191.328125 MiB (Increase: 0.0 MiB)
Memory usage before reset: 20191.328125 MiB (Increase: 0.0 MiB)
Memory usage after reset: 20191.328125 MiB (Increase: 0.0 MiB)
Current lengths of episodes: [5, 65, 65, 4, 3, 65, 65, 65, 3, 65, 65, 65, 65, 65, 65, 22, 9, 65, 65, 65, 65, 65, 65, 7, 1, 65, 65, 1, 65, 65, 65, 65, 65, 65, 65, 65, 65, 2, 65, 1, 65, 65, 65, 65, 65, 17, 65, 65, 8, 65, 65, 65, 65, 65, 65, 65, 65, 65, 65, 65, 65, 65, 65, 65, 65, 6, 65, 65, 65, 64, 64, 64, 64, 64, 64, 64, 9, 64, 64, 64, 64, 64, 64, 1, 64, 3, 64, 6, 64, 64, 64, 64, 64, 64, 64, 64, 64, 64, 4, 64]
Memory usage at done (index 68, length 65, since_prev 1): 20191.328125 MiB (Increase: 0.0 MiB)
Memory usage before reset: 20191.328125 MiB (Increase: 0.0 MiB)
Memory usage after reset: 20191.328125 MiB (Increase: 0.0 MiB)
Current lengths of episodes: [7, 67, 67, 6, 5, 67, 67, 67, 5, 67, 67, 67, 67, 67, 67, 24, 11, 67, 67, 67, 67, 67, 67, 9, 3, 67, 67, 3, 67, 66, 66, 66, 66, 66, 66, 66, 66, 3, 66, 2, 66, 66, 66, 66, 66, 18, 66, 66, 9, 66, 66, 66, 66, 66, 66, 66, 66, 66, 66, 66, 66, 66, 66, 66, 66, 7, 66, 66, 1, 66, 66, 66, 66, 66, 66, 66, 11, 66, 66, 66, 66, 66, 66, 3, 66, 5, 66, 8, 66, 66, 66, 66, 66, 66, 66, 66, 66, 66, 6, 66]
Memory usage at done (index 28, length 67, since_prev 2): 20191.328125 MiB (Increase: 0.0 MiB)
Memory usage before reset: 20191.328125 MiB (Increase: 0.0 MiB)
Memory usage after reset: 20191.328125 MiB (Increase: 0.0 MiB)
Current lengths of episodes: [9, 69, 69, 8, 7, 69, 69, 69, 7, 69, 69, 69, 69, 69, 69, 26, 13, 69, 69, 69, 69, 68, 68, 10, 4, 68, 68, 4, 1, 68, 68, 68, 68, 68, 68, 68, 68, 5, 68, 4, 68, 68, 68, 68, 68, 20, 68, 68, 11, 68, 68, 68, 68, 68, 68, 68, 68, 68, 68, 68, 68, 68, 68, 68, 68, 9, 68, 68, 3, 68, 68, 68, 68, 68, 68, 68, 13, 68, 68, 68, 68, 68, 68, 5, 68, 7, 68, 10, 68, 68, 68, 68, 68, 68, 68, 68, 68, 68, 8, 68]
Memory usage at done (index 20, length 69, since_prev 2): 20191.328125 MiB (Increase: 0.0 MiB)
Memory usage before reset: 20191.328125 MiB (Increase: 0.0 MiB)
Memory usage after reset: 20191.328125 MiB (Increase: 0.0 MiB)
Current lengths of episodes: [10, 70, 70, 9, 8, 70, 70, 70, 8, 70, 70, 70, 70, 70, 70, 27, 14, 70, 70, 70, 1, 70, 70, 12, 6, 70, 70, 6, 3, 70, 70, 70, 70, 70, 70, 70, 70, 6, 69, 5, 69, 69, 69, 69, 69, 21, 69, 69, 12, 69, 69, 69, 69, 69, 69, 69, 69, 69, 69, 69, 69, 69, 69, 69, 69, 10, 69, 69, 4, 69, 69, 69, 69, 69, 69, 69, 14, 69, 69, 69, 69, 69, 69, 6, 69, 8, 69, 11, 69, 69, 69, 69, 69, 69, 69, 69, 69, 69, 9, 69]
Memory usage at done (index 36, length 70, since_prev 1): 20191.328125 MiB (Increase: 0.0 MiB)
Memory usage before reset: 20191.328125 MiB (Increase: 0.0 MiB)
Memory usage after reset: 20191.328125 MiB (Increase: 0.0 MiB)
Current lengths of episodes: [12, 72, 72, 11, 10, 72, 72, 72, 10, 72, 72, 72, 72, 72, 72, 29, 16, 72, 72, 72, 3, 72, 72, 14, 8, 72, 72, 8, 5, 72, 72, 72, 72, 72, 72, 72, 2, 9, 72, 8, 72, 72, 72, 72, 72, 24, 72, 72, 15, 72, 72, 72, 71, 71, 71, 71, 71, 71, 71, 71, 71, 71, 71, 71, 71, 12, 71, 71, 6, 71, 71, 71, 71, 71, 71, 71, 16, 71, 71, 71, 71, 71, 71, 8, 71, 10, 71, 13, 71, 71, 71, 71, 71, 71, 71, 71, 71, 71, 11, 71]
Memory usage at done (index 51, length 72, since_prev 2): 20191.328125 MiB (Increase: 0.0 MiB)
Memory usage before reset: 20191.328125 MiB (Increase: 0.0 MiB)
Memory usage after reset: 20191.328125 MiB (Increase: 0.0 MiB)
Current lengths of episodes: [13, 73, 73, 12, 11, 73, 73, 73, 11, 73, 73, 73, 73, 73, 73, 30, 17, 73, 73, 73, 4, 73, 73, 15, 9, 73, 73, 9, 6, 73, 73, 73, 73, 72, 72, 72, 2, 9, 72, 8, 72, 72, 72, 72, 72, 24, 72, 72, 15, 72, 72, 0, 72, 72, 72, 72, 72, 72, 72, 72, 72, 72, 72, 72, 72, 13, 72, 72, 7, 72, 72, 72, 72, 72, 72, 72, 17, 72, 72, 72, 72, 72, 72, 9, 72, 11, 72, 14, 72, 72, 72, 72, 72, 72, 72, 72, 72, 72, 12, 72]
Memory usage at done (index 32, length 73, since_prev 1): 20191.328125 MiB (Increase: 0.0 MiB)
Memory usage before reset: 20191.328125 MiB (Increase: 0.0 MiB)
Memory usage after reset: 20191.328125 MiB (Increase: 0.0 MiB)
Current lengths of episodes: [14, 74, 74, 13, 12, 74, 74, 74, 12, 74, 74, 74, 74, 74, 74, 31, 18, 74, 74, 74, 5, 74, 74, 16, 10, 74, 74, 10, 7, 74, 74, 74, 1, 74, 74, 74, 4, 11, 74, 10, 74, 74, 74, 74, 74, 26, 74, 74, 17, 74, 74, 2, 74, 74, 74, 74, 74, 73, 73, 73, 73, 73, 73, 73, 73, 14, 73, 73, 8, 73, 73, 73, 73, 73, 73, 73, 18, 73, 73, 73, 73, 73, 73, 10, 73, 12, 73, 15, 73, 73, 73, 73, 73, 73, 73, 73, 73, 73, 13, 73]
Memory usage at done (index 56, length 74, since_prev 1): 20191.328125 MiB (Increase: 0.0 MiB)
Memory usage before reset: 20191.328125 MiB (Increase: 0.0 MiB)
Memory usage after reset: 20191.328125 MiB (Increase: 0.0 MiB)
Current lengths of episodes: [15, 75, 75, 14, 13, 75, 75, 75, 13, 75, 75, 75, 75, 75, 75, 32, 19, 75, 75, 75, 6, 75, 75, 17, 11, 75, 75, 11, 8, 75, 75, 75, 2, 75, 75, 75, 5, 12, 75, 11, 75, 75, 75, 75, 75, 27, 75, 75, 18, 75, 75, 3, 75, 75, 75, 75, 1, 75, 75, 75, 75, 75, 75, 75, 75, 16, 75, 75, 10, 75, 75, 75, 75, 74, 74, 74, 19, 74, 74, 74, 74, 74, 74, 11, 74, 13, 74, 16, 74, 74, 74, 74, 74, 74, 74, 74, 74, 74, 14, 74]
Memory usage at done (index 72, length 75, since_prev 1): 20191.328125 MiB (Increase: 0.0 MiB)
Memory usage before reset: 20191.328125 MiB (Increase: 0.0 MiB)
Memory usage after reset: 20191.328125 MiB (Increase: 0.0 MiB)
Current lengths of episodes: [16, 76, 76, 15, 14, 76, 76, 76, 14, 76, 76, 76, 76, 76, 76, 33, 20, 76, 76, 76, 7, 76, 76, 18, 12, 76, 76, 12, 9, 76, 76, 76, 3, 76, 76, 76, 6, 13, 76, 12, 76, 76, 76, 76, 75, 27, 75, 75, 18, 75, 75, 3, 75, 75, 75, 75, 1, 75, 75, 75, 75, 75, 75, 75, 75, 16, 75, 75, 10, 75, 75, 75, 0, 75, 75, 75, 20, 75, 75, 75, 75, 75, 75, 12, 75, 14, 75, 17, 75, 75, 75, 75, 75, 75, 75, 75, 75, 75, 15, 75]
Memory usage at done (index 43, length 76, since_prev 1): 20191.328125 MiB (Increase: 0.0 MiB)
Memory usage before reset: 20191.328125 MiB (Increase: 0.0 MiB)
Memory usage after reset: 20191.328125 MiB (Increase: 0.0 MiB)
Current lengths of episodes: [16, 76, 76, 15, 14, 76, 76, 76, 14, 76, 76, 76, 76, 76, 76, 33, 20, 76, 76, 76, 7, 76, 76, 18, 12, 76, 76, 12, 9, 76, 76, 76, 3, 76, 76, 76, 6, 13, 76, 12, 76, 76, 76, 0, 76, 28, 76, 76, 19, 76, 76, 4, 76, 76, 76, 76, 2, 76, 76, 76, 76, 76, 76, 76, 76, 17, 76, 76, 11, 76, 76, 76, 1, 76, 76, 76, 21, 76, 76, 76, 76, 76, 75, 12, 75, 14, 75, 17, 75, 75, 75, 75, 75, 75, 75, 75, 75, 75, 15, 75]
Memory usage at done (index 81, length 76, since_prev 0): 20191.328125 MiB (Increase: 0.0 MiB)
Memory usage before reset: 20191.328125 MiB (Increase: 0.0 MiB)
Memory usage after reset: 20191.328125 MiB (Increase: 0.0 MiB)
Current lengths of episodes: [16, 76, 76, 15, 14, 76, 76, 76, 14, 76, 76, 76, 76, 76, 76, 33, 20, 76, 76, 76, 7, 76, 76, 18, 12, 76, 76, 12, 9, 76, 76, 76, 3, 76, 76, 76, 6, 13, 76, 12, 76, 76, 76, 0, 76, 28, 76, 76, 19, 76, 76, 4, 76, 76, 76, 76, 2, 76, 76, 76, 76, 76, 76, 76, 76, 17, 76, 76, 11, 76, 76, 76, 1, 76, 76, 76, 21, 76, 76, 76, 76, 0, 76, 13, 76, 14, 75, 17, 75, 75, 75, 75, 75, 75, 75, 75, 75, 75, 15, 75]
Memory usage at done (index 84, length 76, since_prev 0): 20191.328125 MiB (Increase: 0.0 MiB)
Memory usage before reset: 20191.328125 MiB (Increase: 0.0 MiB)
Memory usage after reset: 20191.328125 MiB (Increase: 0.0 MiB)
Current lengths of episodes: [18, 78, 78, 17, 16, 78, 78, 78, 16, 78, 78, 78, 78, 78, 78, 35, 22, 78, 78, 78, 9, 78, 77, 19, 13, 77, 77, 13, 10, 77, 77, 77, 4, 77, 77, 77, 7, 14, 77, 13, 77, 77, 77, 1, 77, 29, 77, 77, 20, 77, 77, 5, 77, 77, 77, 77, 3, 77, 77, 77, 77, 77, 77, 77, 77, 18, 77, 77, 12, 77, 77, 77, 2, 77, 77, 77, 22, 77, 77, 77, 77, 1, 77, 14, 1, 16, 77, 19, 77, 77, 77, 77, 77, 77, 77, 77, 77, 77, 17, 77]
Memory usage at done (index 21, length 78, since_prev 2): 20191.328125 MiB (Increase: 0.0 MiB)
Memory usage before reset: 20191.328125 MiB (Increase: 0.0 MiB)
Memory usage after reset: 20191.328125 MiB (Increase: 0.0 MiB)
Current lengths of episodes: [21, 81, 81, 20, 19, 81, 80, 80, 18, 80, 80, 80, 80, 80, 80, 37, 24, 80, 80, 80, 11, 2, 80, 22, 16, 80, 80, 16, 13, 80, 80, 80, 7, 80, 80, 80, 10, 17, 80, 16, 80, 80, 80, 4, 80, 32, 80, 80, 23, 80, 80, 8, 80, 80, 80, 80, 6, 80, 80, 80, 80, 80, 80, 80, 80, 21, 80, 80, 15, 80, 80, 80, 5, 80, 80, 80, 25, 80, 80, 80, 80, 4, 80, 17, 4, 19, 80, 22, 80, 80, 80, 80, 80, 80, 80, 80, 80, 80, 20, 80]
Memory usage at done (index 5, length 81, since_prev 3): 20191.328125 MiB (Increase: 0.0 MiB)
Memory usage before reset: 20191.328125 MiB (Increase: 0.0 MiB)
Memory usage after reset: 20191.328125 MiB (Increase: 0.0 MiB)
Current lengths of episodes: [21, 81, 81, 20, 19, 0, 81, 81, 19, 81, 81, 81, 81, 81, 81, 38, 25, 81, 81, 81, 12, 3, 81, 23, 17, 81, 81, 17, 14, 81, 81, 81, 8, 81, 81, 81, 11, 18, 81, 17, 81, 81, 81, 5, 81, 33, 81, 81, 24, 81, 81, 9, 81, 81, 81, 81, 7, 81, 81, 81, 81, 81, 81, 81, 81, 22, 81, 81, 16, 81, 81, 81, 6, 81, 81, 81, 26, 81, 81, 81, 81, 4, 80, 17, 4, 19, 80, 22, 80, 80, 80, 80, 80, 80, 80, 80, 80, 80, 20, 80]
Memory usage at done (index 80, length 81, since_prev 0): 20191.328125 MiB (Increase: 0.0 MiB)
Memory usage before reset: 20191.328125 MiB (Increase: 0.0 MiB)
Memory usage after reset: 20191.328125 MiB (Increase: 0.0 MiB)
Current lengths of episodes: [22, 82, 82, 21, 20, 1, 82, 82, 20, 82, 82, 82, 82, 81, 81, 38, 25, 81, 81, 81, 12, 3, 81, 23, 17, 81, 81, 17, 14, 81, 81, 81, 8, 81, 81, 81, 11, 18, 81, 17, 81, 81, 81, 5, 81, 33, 81, 81, 24, 81, 81, 9, 81, 81, 81, 81, 7, 81, 81, 81, 81, 81, 81, 81, 81, 22, 81, 81, 16, 81, 81, 81, 6, 81, 81, 81, 26, 81, 81, 81, 0, 5, 81, 18, 5, 20, 81, 23, 81, 81, 81, 81, 81, 81, 81, 81, 81, 81, 21, 81]
Memory usage at done (index 12, length 82, since_prev 1): 20191.328125 MiB (Increase: 0.0 MiB)
Memory usage before reset: 20191.328125 MiB (Increase: 0.0 MiB)
Memory usage after reset: 20191.328125 MiB (Increase: 0.0 MiB)
Current lengths of episodes: [22, 82, 82, 21, 20, 1, 82, 82, 20, 82, 82, 82, 0, 82, 82, 39, 26, 82, 82, 82, 13, 4, 82, 24, 18, 82, 82, 18, 15, 82, 82, 82, 9, 82, 82, 82, 12, 19, 82, 18, 82, 82, 82, 6, 82, 34, 82, 82, 25, 82, 82, 10, 82, 82, 82, 82, 8, 82, 82, 82, 82, 82, 82, 82, 82, 23, 82, 82, 17, 82, 82, 82, 7, 82, 82, 82, 27, 82, 82, 82, 1, 6, 82, 19, 6, 21, 82, 24, 82, 82, 82, 82, 82, 82, 82, 82, 82, 81, 21, 81]
Memory usage at done (index 96, length 82, since_prev 0): 20191.328125 MiB (Increase: 0.0 MiB)
Memory usage before reset: 20191.328125 MiB (Increase: 0.0 MiB)
Memory usage after reset: 20191.328125 MiB (Increase: 0.0 MiB)
Current lengths of episodes: [23, 83, 83, 22, 21, 2, 83, 83, 21, 83, 83, 83, 1, 83, 83, 40, 27, 83, 83, 83, 14, 5, 83, 25, 19, 83, 83, 19, 16, 83, 83, 83, 10, 83, 83, 83, 13, 20, 83, 19, 83, 83, 83, 7, 83, 35, 83, 83, 26, 83, 83, 11, 83, 83, 83, 82, 8, 82, 82, 82, 82, 82, 82, 82, 82, 23, 82, 82, 17, 82, 82, 82, 7, 82, 82, 82, 27, 82, 82, 82, 1, 6, 82, 19, 6, 21, 82, 24, 82, 82, 82, 82, 82, 82, 82, 82, 0, 82, 22, 82]
Memory usage at done (index 54, length 83, since_prev 1): 20191.328125 MiB (Increase: 0.0 MiB)
Memory usage before reset: 20191.328125 MiB (Increase: 0.0 MiB)
Memory usage after reset: 20191.328125 MiB (Increase: 0.0 MiB)
Current lengths of episodes: [24, 84, 84, 23, 22, 3, 84, 84, 21, 83, 83, 83, 1, 83, 83, 40, 27, 83, 83, 83, 14, 5, 83, 25, 19, 83, 83, 19, 16, 83, 83, 83, 10, 83, 83, 83, 13, 20, 83, 19, 83, 83, 83, 7, 83, 35, 83, 83, 26, 83, 83, 11, 83, 83, 0, 83, 9, 83, 83, 83, 83, 83, 83, 83, 83, 24, 83, 83, 18, 83, 83, 83, 8, 83, 83, 83, 28, 83, 83, 83, 2, 7, 83, 20, 7, 22, 83, 25, 83, 83, 83, 83, 83, 83, 83, 83, 1, 83, 23, 83]
Memory usage at done (index 7, length 84, since_prev 1): 20191.328125 MiB (Increase: 0.0 MiB)
Memory usage before reset: 20191.328125 MiB (Increase: 0.0 MiB)
Memory usage after reset: 20191.328125 MiB (Increase: 0.0 MiB)
Current lengths of episodes: [24, 84, 84, 23, 22, 3, 84, 0, 22, 84, 84, 84, 2, 84, 84, 41, 28, 84, 84, 84, 15, 6, 84, 26, 20, 84, 84, 20, 17, 84, 84, 84, 11, 84, 84, 84, 14, 21, 84, 20, 84, 84, 84, 8, 84, 35, 83, 83, 26, 83, 83, 11, 83, 83, 0, 83, 9, 83, 83, 83, 83, 83, 83, 83, 83, 24, 83, 83, 18, 83, 83, 83, 8, 83, 83, 83, 28, 83, 83, 83, 2, 7, 83, 20, 7, 22, 83, 25, 83, 83, 83, 83, 83, 83, 83, 83, 1, 83, 23, 83]
Memory usage at done (index 44, length 84, since_prev 0): 20191.328125 MiB (Increase: 0.0 MiB)
Memory usage before reset: 20191.328125 MiB (Increase: 0.0 MiB)
Memory usage after reset: 20191.328125 MiB (Increase: 0.0 MiB)
Current lengths of episodes: [25, 85, 85, 24, 23, 4, 85, 1, 23, 85, 85, 85, 3, 85, 85, 42, 29, 85, 85, 85, 16, 7, 85, 27, 21, 85, 85, 21, 18, 85, 85, 85, 12, 85, 85, 85, 15, 22, 85, 21, 85, 85, 85, 9, 1, 37, 85, 85, 28, 85, 85, 13, 85, 85, 2, 85, 11, 85, 84, 84, 84, 84, 84, 84, 84, 25, 84, 84, 19, 84, 84, 84, 9, 84, 84, 84, 29, 84, 84, 84, 3, 8, 84, 21, 8, 23, 84, 26, 84, 84, 84, 84, 84, 84, 84, 84, 2, 84, 24, 84]
Memory usage at done (index 57, length 85, since_prev 1): 20191.328125 MiB (Increase: 0.0 MiB)
Memory usage before reset: 20191.328125 MiB (Increase: 0.0 MiB)
Memory usage after reset: 20191.328125 MiB (Increase: 0.0 MiB)
Current lengths of episodes: [27, 87, 87, 26, 25, 6, 87, 3, 25, 87, 87, 87, 5, 87, 87, 43, 30, 86, 86, 86, 17, 8, 86, 28, 22, 86, 86, 22, 19, 86, 86, 86, 13, 86, 86, 86, 16, 23, 86, 22, 86, 86, 86, 10, 2, 38, 86, 86, 29, 86, 86, 14, 86, 86, 3, 86, 12, 1, 86, 86, 86, 86, 86, 86, 86, 27, 86, 86, 21, 86, 86, 86, 11, 86, 86, 86, 31, 86, 86, 86, 5, 10, 86, 23, 10, 25, 86, 28, 86, 86, 86, 86, 86, 86, 86, 86, 4, 86, 26, 86]
Memory usage at done (index 14, length 87, since_prev 2): 20191.328125 MiB (Increase: 0.0 MiB)
Memory usage before reset: 20191.328125 MiB (Increase: 0.0 MiB)
Memory usage after reset: 20191.328125 MiB (Increase: 0.0 MiB)
Current lengths of episodes: [29, 89, 89, 28, 27, 8, 89, 5, 27, 89, 89, 89, 6, 88, 1, 45, 32, 88, 88, 88, 19, 10, 88, 30, 24, 88, 88, 24, 21, 88, 88, 88, 15, 88, 88, 88, 18, 25, 88, 24, 88, 88, 88, 12, 4, 40, 88, 88, 31, 88, 88, 16, 88, 88, 5, 88, 14, 3, 88, 88, 88, 88, 88, 88, 88, 29, 88, 88, 23, 88, 88, 88, 13, 88, 88, 88, 33, 88, 88, 88, 7, 12, 88, 25, 12, 27, 88, 30, 88, 88, 88, 88, 88, 88, 88, 88, 6, 88, 28, 88]
Memory usage at done (index 11, length 89, since_prev 2): 20191.328125 MiB (Increase: 0.0 MiB)
Memory usage before reset: 20191.328125 MiB (Increase: 0.0 MiB)
Memory usage after reset: 20191.328125 MiB (Increase: 0.0 MiB)
Current lengths of episodes: [29, 89, 89, 28, 27, 8, 89, 5, 27, 89, 89, 0, 7, 89, 2, 46, 33, 89, 89, 89, 20, 11, 89, 31, 25, 89, 89, 25, 22, 89, 89, 89, 16, 89, 89, 89, 19, 26, 89, 25, 89, 89, 89, 13, 5, 41, 89, 89, 32, 89, 89, 17, 89, 89, 6, 89, 15, 4, 89, 89, 89, 89, 89, 88, 88, 29, 88, 88, 23, 88, 88, 88, 13, 88, 88, 88, 33, 88, 88, 88, 7, 12, 88, 25, 12, 27, 88, 30, 88, 88, 88, 88, 88, 88, 88, 88, 6, 88, 28, 88]
Memory usage at done (index 62, length 89, since_prev 0): 20191.328125 MiB (Increase: 0.0 MiB)
Memory usage before reset: 20191.328125 MiB (Increase: 0.0 MiB)
Memory usage after reset: 20191.328125 MiB (Increase: 0.0 MiB)
Current lengths of episodes: [31, 91, 91, 30, 29, 10, 91, 7, 29, 91, 90, 1, 8, 90, 3, 47, 34, 90, 90, 90, 21, 12, 90, 32, 26, 90, 90, 26, 23, 90, 90, 90, 17, 90, 90, 90, 20, 27, 90, 26, 90, 90, 90, 14, 6, 42, 90, 90, 33, 90, 90, 18, 90, 90, 7, 90, 16, 5, 90, 90, 90, 90, 1, 90, 90, 31, 90, 90, 25, 90, 90, 90, 15, 90, 90, 90, 35, 90, 90, 90, 9, 14, 90, 27, 14, 29, 90, 32, 90, 90, 90, 90, 90, 90, 90, 90, 8, 90, 30, 90]
Memory usage at done (index 9, length 91, since_prev 2): 20191.328125 MiB (Increase: 0.0 MiB)
Memory usage before reset: 20191.328125 MiB (Increase: 0.0 MiB)
Memory usage after reset: 20191.328125 MiB (Increase: 0.0 MiB)
Current lengths of episodes: [32, 92, 92, 31, 30, 11, 92, 8, 30, 1, 92, 3, 10, 92, 5, 49, 36, 92, 92, 92, 23, 14, 92, 34, 28, 92, 92, 28, 25, 92, 92, 92, 19, 92, 92, 92, 22, 29, 92, 28, 92, 92, 92, 16, 8, 44, 92, 92, 35, 92, 92, 20, 92, 92, 9, 92, 18, 7, 92, 92, 92, 92, 3, 92, 92, 33, 92, 92, 27, 92, 92, 92, 17, 92, 92, 92, 37, 92, 92, 92, 11, 16, 92, 29, 16, 31, 92, 34, 92, 92, 91, 91, 91, 91, 91, 91, 9, 91, 31, 91]
Memory usage at done (index 89, length 92, since_prev 1): 20191.328125 MiB (Increase: 0.0 MiB)
Memory usage before reset: 20191.328125 MiB (Increase: 0.0 MiB)
Memory usage after reset: 20191.328125 MiB (Increase: 0.0 MiB)
Current lengths of episodes: [33, 93, 93, 32, 31, 12, 93, 9, 31, 2, 93, 4, 11, 93, 6, 50, 37, 93, 93, 93, 24, 15, 93, 35, 29, 93, 93, 29, 26, 93, 93, 93, 20, 93, 93, 93, 23, 30, 93, 29, 93, 93, 93, 17, 9, 45, 93, 93, 36, 93, 93, 21, 93, 93, 10, 93, 19, 8, 93, 93, 93, 93, 4, 93, 93, 34, 93, 93, 28, 93, 93, 93, 18, 93, 93, 92, 37, 92, 92, 92, 11, 16, 92, 29, 16, 31, 92, 34, 92, 0, 92, 92, 92, 92, 92, 92, 10, 92, 32, 92]
Memory usage at done (index 74, length 93, since_prev 1): 20191.328125 MiB (Increase: 0.0 MiB)
Memory usage before reset: 20191.328125 MiB (Increase: 0.0 MiB)
Memory usage after reset: 20191.328125 MiB (Increase: 0.0 MiB)
Current lengths of episodes: [34, 94, 94, 33, 32, 13, 94, 9, 31, 2, 93, 4, 11, 93, 6, 50, 37, 93, 93, 93, 24, 15, 93, 35, 29, 93, 93, 29, 26, 93, 93, 93, 20, 93, 93, 93, 23, 30, 93, 29, 93, 93, 93, 17, 9, 45, 93, 93, 36, 93, 93, 21, 93, 93, 10, 93, 19, 8, 93, 93, 93, 93, 4, 93, 93, 34, 93, 93, 28, 93, 93, 93, 18, 93, 0, 93, 38, 93, 93, 93, 12, 17, 93, 30, 17, 32, 93, 35, 93, 1, 93, 93, 93, 93, 93, 93, 11, 93, 33, 93]
Memory usage at done (index 6, length 94, since_prev 1): 20191.328125 MiB (Increase: 0.0 MiB)
Memory usage before reset: 20191.328125 MiB (Increase: 0.0 MiB)
Memory usage after reset: 20191.328125 MiB (Increase: 0.0 MiB)
Current lengths of episodes: [35, 95, 95, 34, 33, 14, 1, 11, 33, 4, 95, 6, 13, 95, 8, 52, 39, 95, 95, 95, 26, 17, 95, 37, 31, 95, 95, 31, 28, 95, 95, 95, 22, 95, 95, 95, 25, 32, 95, 31, 95, 95, 95, 19, 11, 47, 95, 95, 38, 95, 95, 23, 95, 95, 12, 95, 21, 10, 95, 95, 94, 94, 5, 94, 94, 35, 94, 94, 29, 94, 94, 94, 19, 94, 1, 94, 39, 94, 94, 94, 13, 18, 94, 31, 18, 33, 94, 36, 94, 2, 94, 94, 94, 94, 94, 94, 12, 94, 34, 94]
Memory usage at done (index 59, length 95, since_prev 1): 20191.328125 MiB (Increase: 0.0 MiB)
Memory usage before reset: 20191.328125 MiB (Increase: 0.0 MiB)
Memory usage after reset: 20191.328125 MiB (Increase: 0.0 MiB)
Current lengths of episodes: [39, 99, 98, 37, 36, 17, 4, 14, 36, 7, 98, 9, 16, 98, 11, 55, 42, 98, 98, 98, 29, 20, 98, 40, 34, 98, 98, 34, 31, 98, 98, 98, 25, 98, 98, 98, 28, 35, 98, 34, 98, 98, 98, 22, 14, 50, 98, 98, 41, 98, 98, 26, 98, 98, 15, 98, 24, 13, 98, 3, 98, 98, 9, 98, 98, 39, 98, 98, 33, 98, 98, 98, 23, 98, 5, 98, 43, 98, 98, 98, 17, 22, 98, 35, 22, 37, 98, 40, 98, 6, 98, 98, 98, 98, 98, 98, 16, 98, 38, 98]
Memory usage at done (index 1, length 99, since_prev 4): 20191.328125 MiB (Increase: 0.0 MiB)
Memory usage before reset: 20191.328125 MiB (Increase: 0.0 MiB)
Memory usage after reset: 20191.328125 MiB (Increase: 0.0 MiB)
Current lengths of episodes: [40, 1, 100, 39, 38, 19, 6, 16, 38, 9, 100, 11, 18, 100, 13, 57, 44, 100, 100, 100, 30, 21, 99, 41, 35, 99, 99, 35, 32, 99, 99, 99, 26, 99, 99, 99, 29, 36, 99, 35, 99, 99, 99, 23, 15, 51, 99, 99, 42, 99, 99, 27, 99, 99, 16, 99, 25, 14, 99, 4, 99, 99, 10, 99, 99, 40, 99, 99, 34, 99, 99, 99, 24, 99, 6, 99, 44, 99, 99, 99, 18, 23, 99, 36, 23, 38, 99, 41, 99, 7, 99, 99, 99, 99, 99, 99, 17, 99, 39, 99]
Memory usage at done (index 19, length 100, since_prev 1): 20191.328125 MiB (Increase: 0.0 MiB)
Memory usage before reset: 20191.328125 MiB (Increase: 0.0 MiB)
Memory usage after reset: 20191.328125 MiB (Increase: 0.0 MiB)
Current lengths of episodes: [40, 1, 100, 39, 38, 19, 6, 16, 38, 9, 100, 11, 18, 100, 13, 57, 44, 100, 100, 0, 31, 22, 100, 42, 36, 100, 100, 36, 33, 100, 100, 100, 27, 100, 99, 99, 29, 36, 99, 35, 99, 99, 99, 23, 15, 51, 99, 99, 42, 99, 99, 27, 99, 99, 16, 99, 25, 14, 99, 4, 99, 99, 10, 99, 99, 40, 99, 99, 34, 99, 99, 99, 24, 99, 6, 99, 44, 99, 99, 99, 18, 23, 99, 36, 23, 38, 99, 41, 99, 7, 99, 99, 99, 99, 99, 99, 17, 99, 39, 99]
Memory usage at done (index 33, length 100, since_prev 0): 20191.328125 MiB (Increase: 0.0 MiB)
Memory usage before reset: 20191.328125 MiB (Increase: 0.0 MiB)
Memory usage after reset: 20191.328125 MiB (Increase: 0.0 MiB)
Current lengths of episodes: [40, 1, 100, 39, 38, 19, 6, 16, 38, 9, 100, 11, 18, 100, 13, 57, 44, 100, 100, 0, 31, 22, 100, 42, 36, 100, 100, 36, 33, 100, 100, 100, 27, 0, 100, 100, 30, 37, 100, 36, 100, 100, 100, 24, 16, 52, 100, 100, 43, 100, 100, 28, 100, 100, 17, 100, 26, 15, 100, 5, 100, 100, 11, 100, 100, 41, 100, 100, 35, 100, 100, 100, 25, 100, 7, 100, 45, 100, 100, 100, 19, 24, 100, 37, 24, 39, 100, 42, 100, 8, 100, 100, 100, 100, 100, 100, 17, 99, 39, 99]
Memory usage at done (index 95, length 100, since_prev 0): 20191.328125 MiB (Increase: 0.0 MiB)
Memory usage before reset: 20191.328125 MiB (Increase: 0.0 MiB)
Memory usage after reset: 20191.328125 MiB (Increase: 0.0 MiB)
Current lengths of episodes: [42, 3, 102, 41, 40, 21, 8, 18, 40, 11, 102, 13, 20, 102, 15, 59, 45, 101, 101, 1, 32, 23, 101, 43, 37, 101, 101, 37, 34, 101, 101, 101, 28, 1, 101, 101, 31, 38, 101, 37, 101, 101, 101, 25, 17, 53, 101, 101, 44, 101, 101, 29, 101, 101, 18, 101, 27, 16, 101, 6, 101, 101, 12, 101, 101, 42, 101, 101, 36, 101, 101, 101, 26, 101, 8, 101, 46, 101, 101, 101, 20, 25, 101, 38, 25, 40, 101, 43, 101, 9, 101, 101, 101, 101, 101, 1, 19, 101, 41, 101]
Memory usage at done (index 15, length 59, since_prev 2): 20191.328125 MiB (Increase: 0.0 MiB)
Memory usage before reset: 20191.328125 MiB (Increase: 0.0 MiB)
Memory usage after reset: 20191.328125 MiB (Increase: 0.0 MiB)
Current lengths of episodes: [46, 6, 105, 44, 43, 24, 11, 21, 43, 14, 105, 16, 23, 105, 18, 3, 49, 105, 105, 5, 36, 27, 105, 47, 41, 105, 105, 41, 38, 105, 105, 105, 32, 5, 105, 105, 35, 42, 105, 41, 105, 105, 105, 29, 21, 57, 105, 105, 48, 105, 105, 33, 105, 105, 22, 105, 31, 20, 105, 10, 105, 105, 16, 105, 105, 46, 105, 105, 40, 105, 105, 105, 30, 105, 12, 105, 50, 105, 105, 105, 24, 29, 105, 42, 29, 44, 105, 47, 105, 13, 105, 105, 105, 105, 105, 5, 23, 105, 45, 105]
Memory usage at done (index 0, length 46, since_prev 4): 20191.328125 MiB (Increase: 0.0 MiB)
Memory usage before reset: 20191.328125 MiB (Increase: 0.0 MiB)
Memory usage after reset: 20191.328125 MiB (Increase: 0.0 MiB)
Current lengths of episodes: [7, 14, 113, 52, 51, 32, 19, 29, 51, 22, 113, 24, 31, 113, 26, 11, 57, 113, 113, 13, 44, 35, 113, 55, 49, 113, 113, 49, 46, 113, 113, 113, 39, 12, 112, 112, 42, 49, 112, 48, 112, 112, 112, 36, 28, 64, 112, 112, 55, 112, 112, 40, 112, 112, 29, 112, 38, 27, 112, 17, 112, 112, 23, 112, 112, 53, 112, 112, 47, 112, 112, 112, 37, 112, 19, 112, 57, 112, 112, 112, 31, 36, 112, 49, 36, 51, 112, 54, 112, 20, 112, 112, 112, 112, 112, 12, 30, 112, 52, 112]
Memory usage at done (index 31, length 113, since_prev 7): 20191.328125 MiB (Increase: 0.0 MiB)
Memory usage before reset: 20191.328125 MiB (Increase: 0.0 MiB)
Memory usage after reset: 20191.328125 MiB (Increase: 0.0 MiB)
Current lengths of episodes: [13, 20, 119, 58, 57, 38, 25, 35, 57, 28, 119, 30, 37, 119, 32, 17, 63, 119, 119, 19, 50, 41, 119, 61, 55, 118, 118, 54, 51, 118, 118, 5, 45, 18, 118, 118, 48, 55, 118, 54, 118, 118, 118, 42, 34, 70, 118, 118, 61, 118, 118, 46, 118, 118, 35, 118, 44, 33, 118, 23, 118, 118, 29, 118, 118, 59, 118, 118, 53, 118, 118, 118, 43, 118, 25, 118, 63, 118, 118, 118, 37, 42, 118, 55, 42, 57, 118, 60, 118, 26, 118, 118, 118, 118, 118, 18, 36, 118, 58, 118]
Memory usage at done (index 24, length 55, since_prev 6): 20191.328125 MiB (Increase: 0.0 MiB)
Memory usage before reset: 20191.328125 MiB (Increase: 0.0 MiB)
Memory usage after reset: 20191.328125 MiB (Increase: 0.0 MiB)
Current lengths of episodes: [13, 20, 119, 58, 57, 38, 25, 35, 57, 28, 119, 30, 37, 119, 32, 17, 63, 119, 119, 19, 50, 41, 119, 61, 0, 119, 119, 55, 52, 119, 119, 6, 46, 19, 119, 119, 49, 56, 119, 55, 119, 119, 119, 43, 35, 71, 119, 119, 62, 119, 119, 47, 119, 119, 36, 119, 45, 34, 119, 24, 119, 119, 30, 119, 119, 60, 119, 119, 54, 119, 119, 119, 44, 119, 26, 119, 64, 118, 118, 118, 37, 42, 118, 55, 42, 57, 118, 60, 118, 26, 118, 118, 118, 118, 118, 18, 36, 118, 58, 118]
Memory usage at done (index 76, length 64, since_prev 0): 20191.328125 MiB (Increase: 0.0 MiB)
Memory usage before reset: 20191.328125 MiB (Increase: 0.0 MiB)
Memory usage after reset: 20191.328125 MiB (Increase: 0.0 MiB)
Current lengths of episodes: [19, 26, 125, 64, 63, 44, 31, 41, 63, 34, 125, 36, 43, 125, 38, 23, 69, 125, 125, 25, 56, 47, 125, 67, 6, 125, 125, 61, 58, 125, 125, 12, 52, 25, 125, 125, 55, 62, 125, 61, 125, 125, 125, 49, 41, 77, 125, 125, 68, 125, 125, 53, 125, 125, 42, 125, 51, 40, 125, 30, 125, 125, 36, 125, 125, 66, 125, 125, 60, 125, 125, 125, 50, 125, 32, 125, 6, 125, 125, 125, 44, 49, 124, 61, 48, 63, 124, 66, 124, 32, 124, 124, 124, 124, 124, 24, 42, 124, 64, 124]
Memory usage at done (index 81, length 49, since_prev 6): 20191.328125 MiB (Increase: 0.0 MiB)
Memory usage before reset: 20191.328125 MiB (Increase: 0.0 MiB)
Memory usage after reset: 20191.328125 MiB (Increase: 0.0 MiB)
Current lengths of episodes: [23, 30, 129, 68, 67, 48, 35, 45, 67, 38, 129, 40, 47, 129, 42, 27, 73, 129, 129, 29, 60, 51, 129, 71, 10, 129, 129, 65, 62, 129, 129, 16, 56, 29, 129, 129, 59, 66, 129, 65, 129, 129, 129, 53, 45, 81, 129, 129, 72, 129, 129, 57, 129, 129, 46, 129, 55, 44, 129, 34, 129, 129, 40, 129, 129, 70, 128, 128, 63, 128, 128, 128, 53, 128, 35, 128, 9, 128, 128, 128, 47, 3, 128, 65, 52, 67, 128, 70, 128, 36, 128, 128, 128, 128, 128, 28, 46, 128, 68, 128]
Memory usage at done (index 65, length 70, since_prev 4): 20191.328125 MiB (Increase: 0.0 MiB)
Memory usage before reset: 20191.328125 MiB (Increase: 0.0 MiB)
Memory usage after reset: 20191.328125 MiB (Increase: 0.0 MiB)
Current lengths of episodes: [30, 37, 136, 75, 74, 55, 42, 52, 74, 45, 136, 47, 54, 136, 49, 34, 80, 136, 136, 36, 67, 58, 136, 78, 17, 136, 136, 72, 69, 135, 135, 22, 62, 35, 135, 135, 65, 72, 135, 71, 135, 135, 135, 59, 51, 87, 135, 135, 78, 135, 135, 63, 135, 135, 52, 135, 61, 50, 135, 40, 135, 135, 46, 135, 135, 6, 135, 135, 70, 135, 135, 135, 60, 135, 42, 135, 16, 135, 135, 135, 54, 10, 135, 72, 59, 74, 135, 77, 135, 43, 135, 135, 135, 135, 135, 35, 53, 135, 75, 135]
Memory usage at done (index 28, length 69, since_prev 7): 20191.328125 MiB (Increase: 0.0 MiB)
Memory usage before reset: 20191.328125 MiB (Increase: 0.0 MiB)
Memory usage after reset: 20191.328125 MiB (Increase: 0.0 MiB)
Current lengths of episodes: [30, 37, 136, 75, 74, 55, 42, 52, 74, 45, 136, 47, 54, 136, 49, 34, 80, 136, 136, 36, 67, 58, 136, 78, 17, 136, 136, 72, 0, 136, 136, 23, 63, 36, 136, 136, 66, 72, 135, 71, 135, 135, 135, 59, 51, 87, 135, 135, 78, 135, 135, 63, 135, 135, 52, 135, 61, 50, 135, 40, 135, 135, 46, 135, 135, 6, 135, 135, 70, 135, 135, 135, 60, 135, 42, 135, 16, 135, 135, 135, 54, 10, 135, 72, 59, 74, 135, 77, 135, 43, 135, 135, 135, 135, 135, 35, 53, 135, 75, 135]
Memory usage at done (index 36, length 66, since_prev 0): 20191.328125 MiB (Increase: 0.0 MiB)
Memory usage before reset: 20191.328125 MiB (Increase: 0.0 MiB)
Memory usage after reset: 20191.328125 MiB (Increase: 0.0 MiB)
Current lengths of episodes: [30, 37, 136, 75, 74, 55, 42, 52, 74, 45, 136, 47, 54, 136, 49, 34, 80, 136, 136, 36, 67, 58, 136, 78, 17, 136, 136, 72, 0, 136, 136, 23, 63, 36, 136, 136, 0, 73, 136, 72, 136, 136, 136, 60, 52, 88, 136, 136, 79, 136, 136, 64, 136, 136, 53, 136, 62, 51, 136, 41, 136, 136, 47, 136, 136, 7, 136, 136, 71, 136, 136, 136, 61, 136, 43, 136, 17, 136, 136, 136, 55, 11, 136, 73, 60, 75, 136, 78, 136, 44, 136, 136, 136, 135, 135, 35, 53, 135, 75, 135]
Memory usage at done (index 92, length 136, since_prev 0): 20191.328125 MiB (Increase: 0.0 MiB)
Memory usage before reset: 20191.328125 MiB (Increase: 0.0 MiB)
Memory usage after reset: 20191.328125 MiB (Increase: 0.0 MiB)
Current lengths of episodes: [31, 38, 137, 76, 75, 56, 43, 53, 75, 46, 137, 48, 55, 137, 50, 35, 81, 137, 137, 37, 68, 58, 136, 78, 17, 136, 136, 72, 0, 136, 136, 23, 63, 36, 136, 136, 0, 73, 136, 72, 136, 136, 136, 60, 52, 88, 136, 136, 79, 136, 136, 64, 136, 136, 53, 136, 62, 51, 136, 41, 136, 136, 47, 136, 136, 7, 136, 136, 71, 136, 136, 136, 61, 136, 43, 136, 17, 136, 136, 136, 55, 11, 136, 73, 60, 75, 136, 78, 136, 44, 136, 136, 0, 136, 136, 36, 54, 136, 76, 136]
Memory usage at done (index 20, length 68, since_prev 1): 20191.328125 MiB (Increase: 0.0 MiB)
Memory usage before reset: 20191.328125 MiB (Increase: 0.0 MiB)
Memory usage after reset: 20191.328125 MiB (Increase: 0.0 MiB)
Current lengths of episodes: [31, 38, 137, 76, 75, 56, 43, 53, 75, 46, 137, 48, 55, 137, 50, 35, 81, 137, 137, 37, 0, 59, 137, 79, 18, 137, 137, 73, 1, 137, 137, 24, 64, 37, 137, 137, 1, 74, 137, 73, 137, 137, 137, 61, 53, 89, 137, 137, 80, 137, 137, 65, 136, 136, 53, 136, 62, 51, 136, 41, 136, 136, 47, 136, 136, 7, 136, 136, 71, 136, 136, 136, 61, 136, 43, 136, 17, 136, 136, 136, 55, 11, 136, 73, 60, 75, 136, 78, 136, 44, 136, 136, 0, 136, 136, 36, 54, 136, 76, 136]
Memory usage at done (index 51, length 65, since_prev 0): 20191.328125 MiB (Increase: 0.0 MiB)
Memory usage before reset: 20191.328125 MiB (Increase: 0.0 MiB)
Memory usage after reset: 20191.328125 MiB (Increase: 0.0 MiB)
Current lengths of episodes: [40, 47, 146, 85, 84, 65, 52, 62, 84, 55, 146, 57, 64, 146, 59, 44, 90, 146, 146, 46, 9, 68, 146, 88, 27, 146, 146, 82, 10, 146, 146, 33, 73, 46, 146, 146, 10, 83, 146, 82, 146, 146, 146, 70, 62, 98, 146, 146, 89, 146, 146, 9, 146, 146, 63, 146, 72, 61, 146, 51, 146, 146, 57, 146, 146, 17, 146, 146, 81, 146, 146, 146, 71, 146, 53, 145, 26, 145, 145, 145, 64, 20, 145, 82, 69, 84, 145, 87, 145, 53, 145, 145, 9, 145, 145, 45, 63, 145, 85, 145]
Memory usage at done (index 74, length 53, since_prev 9): 20191.328125 MiB (Increase: 0.0 MiB)
Memory usage before reset: 20191.328125 MiB (Increase: 0.0 MiB)
Memory usage after reset: 20191.328125 MiB (Increase: 0.0 MiB)
Current lengths of episodes: [40, 47, 146, 85, 84, 65, 52, 62, 84, 55, 146, 57, 64, 146, 59, 44, 90, 146, 146, 46, 9, 68, 146, 88, 27, 146, 146, 82, 10, 146, 146, 33, 73, 46, 146, 146, 10, 83, 146, 82, 146, 146, 146, 70, 62, 98, 146, 146, 89, 146, 146, 9, 146, 146, 63, 146, 72, 61, 146, 51, 146, 146, 57, 146, 146, 17, 146, 146, 81, 146, 146, 146, 71, 146, 0, 146, 27, 146, 146, 146, 65, 21, 146, 83, 70, 85, 146, 88, 146, 54, 146, 146, 10, 146, 146, 46, 64, 146, 86, 145]
Memory usage at done (index 98, length 86, since_prev 0): 20191.328125 MiB (Increase: 0.0 MiB)
Memory usage before reset: 20191.328125 MiB (Increase: 0.0 MiB)
Memory usage after reset: 20191.328125 MiB (Increase: 0.0 MiB)
Current lengths of episodes: [41, 48, 147, 86, 85, 66, 53, 63, 85, 56, 147, 58, 65, 147, 60, 45, 91, 147, 147, 47, 10, 69, 147, 89, 28, 147, 147, 83, 10, 146, 146, 33, 73, 46, 146, 146, 10, 83, 146, 82, 146, 146, 146, 70, 62, 98, 146, 146, 89, 146, 146, 9, 146, 146, 63, 146, 72, 61, 146, 51, 146, 146, 57, 146, 146, 17, 146, 146, 81, 146, 146, 146, 71, 146, 0, 146, 27, 146, 146, 146, 65, 21, 146, 83, 70, 85, 146, 88, 146, 54, 146, 146, 10, 146, 146, 46, 64, 146, 0, 146]
Memory usage at done (index 27, length 83, since_prev 1): 20191.328125 MiB (Increase: 0.0 MiB)
Memory usage before reset: 20191.328125 MiB (Increase: 0.0 MiB)
Memory usage after reset: 20191.328125 MiB (Increase: 0.0 MiB)
Current lengths of episodes: [42, 49, 148, 87, 86, 67, 54, 64, 86, 57, 148, 59, 66, 148, 61, 46, 92, 148, 148, 48, 11, 70, 148, 90, 29, 148, 148, 1, 12, 148, 148, 35, 75, 48, 148, 148, 12, 85, 148, 84, 148, 148, 148, 72, 63, 99, 147, 147, 90, 147, 147, 10, 147, 147, 64, 147, 73, 62, 147, 52, 147, 147, 58, 147, 147, 18, 147, 147, 82, 147, 147, 147, 72, 147, 1, 147, 28, 147, 147, 147, 66, 22, 147, 84, 71, 86, 147, 89, 147, 55, 147, 147, 11, 147, 147, 47, 65, 147, 1, 147]
Memory usage at done (index 43, length 72, since_prev 1): 20191.328125 MiB (Increase: 0.0 MiB)
Memory usage before reset: 20191.328125 MiB (Increase: 0.0 MiB)
Memory usage after reset: 20191.328125 MiB (Increase: 0.0 MiB)
Current lengths of episodes: [46, 53, 152, 91, 90, 71, 58, 68, 90, 61, 152, 63, 70, 151, 64, 49, 95, 151, 151, 51, 14, 73, 151, 93, 32, 151, 151, 4, 15, 151, 151, 38, 78, 51, 151, 151, 15, 88, 151, 87, 151, 151, 151, 3, 67, 103, 151, 151, 94, 151, 151, 14, 151, 151, 68, 151, 77, 66, 151, 56, 151, 151, 62, 151, 151, 22, 151, 151, 86, 151, 151, 151, 76, 151, 5, 151, 32, 151, 151, 151, 70, 26, 151, 88, 75, 90, 151, 93, 151, 59, 151, 151, 15, 151, 151, 51, 69, 151, 5, 151]
Memory usage at done (index 12, length 70, since_prev 4): 20191.328125 MiB (Increase: 0.0 MiB)
Memory usage before reset: 20191.328125 MiB (Increase: 0.0 MiB)
Memory usage after reset: 20191.328125 MiB (Increase: 0.0 MiB)
Current lengths of episodes: [47, 54, 153, 92, 91, 72, 59, 69, 91, 62, 153, 64, 1, 153, 66, 51, 97, 153, 153, 53, 16, 75, 153, 95, 34, 153, 153, 6, 17, 153, 153, 40, 80, 53, 153, 153, 17, 90, 153, 89, 153, 153, 153, 5, 69, 105, 153, 153, 96, 153, 153, 16, 153, 153, 70, 153, 79, 68, 153, 58, 153, 153, 64, 153, 153, 24, 153, 153, 88, 153, 153, 153, 78, 153, 7, 153, 34, 153, 153, 153, 72, 28, 153, 90, 77, 92, 153, 95, 153, 61, 153, 153, 17, 153, 153, 53, 70, 152, 6, 152]
Memory usage at done (index 95, length 53, since_prev 1): 20191.328125 MiB (Increase: 0.0 MiB)
Memory usage before reset: 20191.328125 MiB (Increase: 0.0 MiB)
Memory usage after reset: 20191.328125 MiB (Increase: 0.0 MiB)
Current lengths of episodes: [48, 54, 153, 92, 91, 72, 59, 69, 91, 62, 153, 64, 1, 153, 66, 51, 97, 153, 153, 53, 16, 75, 153, 95, 34, 153, 153, 6, 17, 153, 153, 40, 80, 53, 153, 153, 17, 90, 153, 89, 153, 153, 153, 5, 69, 105, 153, 153, 96, 153, 153, 16, 153, 153, 70, 153, 79, 68, 153, 58, 153, 153, 64, 153, 153, 24, 153, 153, 88, 153, 153, 153, 78, 153, 7, 153, 34, 153, 153, 153, 72, 28, 153, 90, 77, 92, 153, 95, 153, 61, 153, 153, 17, 153, 153, 0, 71, 153, 7, 153]
Memory usage at done (index 0, length 48, since_prev 1): 20191.328125 MiB (Increase: 0.0 MiB)
Memory usage before reset: 20191.328125 MiB (Increase: 0.0 MiB)
Memory usage after reset: 20191.328125 MiB (Increase: 0.0 MiB)
Current lengths of episodes: [0, 55, 154, 93, 92, 73, 60, 70, 92, 63, 154, 65, 2, 154, 67, 52, 98, 154, 154, 54, 17, 76, 154, 96, 35, 154, 154, 7, 18, 154, 154, 41, 81, 54, 154, 154, 18, 91, 153, 89, 153, 153, 153, 5, 69, 105, 153, 153, 96, 153, 153, 16, 153, 153, 70, 153, 79, 68, 153, 58, 153, 153, 64, 153, 153, 24, 153, 153, 88, 153, 153, 153, 78, 153, 7, 153, 34, 153, 153, 153, 72, 28, 153, 90, 77, 92, 153, 95, 153, 61, 153, 153, 17, 153, 153, 0, 71, 153, 7, 153]
Memory usage at done (index 37, length 91, since_prev 0): 20191.328125 MiB (Increase: 0.0 MiB)
Memory usage before reset: 20191.328125 MiB (Increase: 0.0 MiB)
Memory usage after reset: 20191.328125 MiB (Increase: 0.0 MiB)
Current lengths of episodes: [2, 57, 156, 95, 93, 74, 61, 71, 93, 64, 155, 66, 3, 155, 68, 53, 99, 155, 155, 55, 18, 77, 155, 97, 36, 155, 155, 8, 19, 155, 155, 42, 82, 55, 155, 155, 19, 1, 155, 91, 155, 155, 155, 7, 71, 107, 155, 155, 98, 155, 155, 18, 155, 155, 72, 155, 81, 70, 155, 60, 155, 155, 66, 155, 155, 26, 155, 155, 90, 155, 155, 155, 80, 155, 9, 155, 36, 155, 155, 155, 74, 30, 155, 92, 79, 94, 155, 97, 155, 63, 155, 155, 19, 155, 155, 2, 73, 155, 9, 155]
Memory usage at done (index 3, length 95, since_prev 2): 20191.328125 MiB (Increase: 0.0 MiB)
Memory usage before reset: 20191.328125 MiB (Increase: 0.0 MiB)
Memory usage after reset: 20191.328125 MiB (Increase: 0.0 MiB)
Current lengths of episodes: [7, 62, 161, 5, 99, 80, 67, 77, 99, 70, 161, 72, 9, 161, 74, 59, 105, 161, 161, 61, 24, 83, 161, 103, 42, 161, 161, 14, 25, 161, 161, 48, 88, 61, 160, 160, 24, 6, 160, 96, 160, 160, 160, 12, 76, 112, 160, 160, 103, 160, 160, 23, 160, 160, 77, 160, 86, 75, 160, 65, 160, 160, 71, 160, 160, 31, 160, 160, 95, 160, 160, 160, 85, 160, 14, 160, 41, 160, 160, 160, 79, 35, 160, 97, 84, 99, 160, 102, 160, 68, 160, 160, 24, 160, 160, 7, 78, 160, 14, 160]
Memory usage at done (index 33, length 61, since_prev 5): 20191.328125 MiB (Increase: 0.0 MiB)
Memory usage before reset: 20191.328125 MiB (Increase: 0.0 MiB)
Memory usage after reset: 20191.328125 MiB (Increase: 0.0 MiB)
Current lengths of episodes: [13, 68, 167, 11, 105, 86, 73, 83, 105, 76, 167, 78, 15, 167, 80, 65, 111, 167, 167, 67, 30, 89, 167, 109, 48, 167, 167, 20, 31, 167, 167, 54, 94, 6, 167, 167, 31, 13, 167, 103, 167, 167, 167, 19, 83, 119, 167, 167, 110, 167, 167, 30, 167, 167, 84, 167, 93, 82, 167, 72, 166, 166, 77, 166, 166, 37, 166, 166, 101, 166, 166, 166, 91, 166, 20, 166, 47, 166, 166, 166, 85, 41, 166, 103, 90, 105, 166, 108, 166, 74, 166, 166, 30, 166, 166, 13, 84, 166, 20, 166]
Memory usage at done (index 59, length 72, since_prev 6): 20191.328125 MiB (Increase: 0.0 MiB)
Memory usage before reset: 20191.328125 MiB (Increase: 0.0 MiB)
Memory usage after reset: 20191.328125 MiB (Increase: 0.0 MiB)
Current lengths of episodes: [14, 69, 168, 12, 106, 87, 74, 84, 106, 77, 168, 79, 16, 168, 81, 66, 112, 168, 168, 68, 31, 90, 168, 110, 49, 168, 168, 21, 32, 168, 168, 55, 95, 7, 168, 168, 32, 14, 168, 104, 168, 168, 168, 20, 84, 120, 168, 167, 110, 167, 167, 30, 167, 167, 84, 167, 93, 82, 167, 0, 167, 167, 78, 167, 167, 38, 167, 167, 102, 167, 167, 167, 92, 167, 21, 167, 48, 167, 167, 167, 86, 42, 167, 104, 91, 106, 167, 109, 167, 75, 167, 167, 31, 167, 167, 14, 85, 167, 21, 167]
Memory usage at done (index 46, length 168, since_prev 1): 20191.328125 MiB (Increase: 0.0 MiB)
Memory usage before reset: 20191.328125 MiB (Increase: 0.0 MiB)
Memory usage after reset: 20191.328125 MiB (Increase: 0.0 MiB)
Current lengths of episodes: [18, 73, 172, 16, 110, 91, 78, 88, 110, 81, 172, 83, 20, 172, 85, 69, 115, 171, 171, 71, 34, 93, 171, 113, 52, 171, 171, 24, 35, 171, 171, 58, 98, 10, 171, 171, 35, 17, 171, 107, 171, 171, 171, 23, 87, 123, 3, 171, 114, 171, 171, 34, 171, 171, 88, 171, 97, 86, 171, 4, 171, 171, 82, 171, 171, 42, 171, 171, 106, 171, 171, 171, 96, 171, 25, 171, 52, 171, 171, 171, 90, 46, 171, 108, 95, 110, 171, 113, 171, 79, 171, 171, 35, 171, 171, 18, 89, 171, 25, 171]
Memory usage at done (index 14, length 85, since_prev 4): 20191.328125 MiB (Increase: 0.0 MiB)
Memory usage before reset: 20191.328125 MiB (Increase: 0.0 MiB)
Memory usage after reset: 20191.328125 MiB (Increase: 0.0 MiB)
Current lengths of episodes: [20, 75, 174, 18, 112, 93, 80, 90, 111, 82, 173, 84, 21, 173, 1, 71, 117, 173, 173, 73, 36, 95, 173, 115, 54, 173, 173, 26, 37, 173, 173, 60, 100, 12, 173, 173, 37, 19, 173, 109, 173, 173, 173, 25, 89, 125, 5, 173, 116, 173, 173, 36, 173, 173, 90, 173, 99, 88, 173, 6, 173, 173, 84, 173, 173, 44, 173, 173, 108, 173, 173, 173, 98, 173, 27, 173, 54, 173, 173, 173, 92, 48, 173, 110, 97, 112, 173, 115, 173, 81, 173, 173, 37, 173, 173, 20, 91, 173, 27, 173]
Memory usage at done (index 7, length 90, since_prev 2): 20191.328125 MiB (Increase: 0.0 MiB)
Memory usage before reset: 20191.328125 MiB (Increase: 0.0 MiB)
Memory usage after reset: 20191.328125 MiB (Increase: 0.0 MiB)
Current lengths of episodes: [27, 82, 181, 25, 119, 100, 87, 7, 119, 90, 181, 92, 29, 181, 9, 79, 125, 181, 181, 81, 44, 103, 181, 123, 62, 181, 181, 34, 45, 180, 180, 67, 107, 19, 180, 180, 44, 26, 180, 116, 180, 180, 180, 32, 96, 132, 12, 180, 123, 180, 180, 43, 180, 180, 97, 180, 106, 95, 180, 13, 180, 180, 91, 180, 180, 51, 180, 180, 115, 180, 180, 180, 105, 180, 34, 180, 61, 180, 180, 180, 99, 55, 180, 117, 104, 119, 180, 122, 180, 88, 180, 180, 44, 180, 180, 27, 98, 180, 34, 180]
Memory usage at done (index 28, length 45, since_prev 7): 20191.328125 MiB (Increase: 0.0 MiB)
Memory usage before reset: 20191.328125 MiB (Increase: 0.0 MiB)
Memory usage after reset: 20191.328125 MiB (Increase: 0.0 MiB)
Current lengths of episodes: [32, 87, 186, 30, 124, 105, 92, 12, 124, 95, 186, 97, 34, 186, 14, 84, 130, 186, 186, 86, 49, 108, 186, 128, 67, 186, 186, 39, 5, 186, 186, 73, 113, 25, 186, 186, 50, 32, 186, 122, 186, 186, 186, 38, 102, 138, 18, 186, 129, 186, 186, 49, 186, 186, 103, 186, 112, 101, 185, 18, 185, 185, 96, 185, 185, 56, 185, 185, 120, 185, 185, 185, 110, 185, 39, 185, 66, 185, 185, 185, 104, 60, 185, 122, 109, 124, 185, 127, 185, 93, 185, 185, 49, 185, 185, 32, 103, 185, 39, 185]
Memory usage at done (index 57, length 101, since_prev 5): 20191.328125 MiB (Increase: 0.0 MiB)
Memory usage before reset: 20191.328125 MiB (Increase: 0.0 MiB)
Memory usage after reset: 20191.328125 MiB (Increase: 0.0 MiB)
Current lengths of episodes: [37, 92, 191, 35, 129, 110, 97, 17, 129, 100, 191, 102, 39, 191, 19, 89, 135, 191, 191, 91, 54, 113, 191, 133, 72, 191, 191, 44, 10, 191, 191, 78, 118, 30, 191, 191, 55, 36, 190, 126, 190, 190, 190, 42, 106, 142, 22, 190, 133, 190, 190, 53, 190, 190, 107, 190, 116, 4, 190, 23, 190, 190, 101, 190, 190, 61, 190, 190, 125, 190, 190, 190, 115, 190, 44, 190, 71, 190, 190, 190, 109, 65, 190, 127, 114, 129, 190, 132, 190, 98, 190, 190, 54, 190, 190, 37, 108, 190, 44, 190]
Memory usage at done (index 36, length 55, since_prev 5): 20191.328125 MiB (Increase: 0.0 MiB)
Memory usage before reset: 20191.328125 MiB (Increase: 0.0 MiB)
Memory usage after reset: 20191.328125 MiB (Increase: 0.0 MiB)
Current lengths of episodes: [43, 98, 197, 41, 135, 116, 103, 23, 135, 106, 197, 108, 45, 197, 25, 95, 141, 197, 197, 97, 60, 119, 196, 138, 77, 196, 196, 49, 15, 196, 196, 83, 123, 35, 196, 196, 5, 42, 196, 132, 196, 196, 196, 48, 112, 148, 28, 196, 139, 196, 196, 59, 196, 196, 113, 196, 122, 10, 196, 29, 196, 196, 107, 196, 196, 67, 196, 196, 131, 196, 196, 196, 121, 196, 50, 196, 77, 196, 196, 196, 115, 71, 196, 133, 120, 135, 196, 138, 196, 104, 196, 196, 60, 196, 196, 43, 114, 196, 50, 196]
Memory usage at done (index 21, length 119, since_prev 6): 20191.328125 MiB (Increase: 0.0 MiB)
Memory usage before reset: 20191.328125 MiB (Increase: 0.0 MiB)
Memory usage after reset: 20191.328125 MiB (Increase: 0.0 MiB)
Current lengths of episodes: [47, 102, 201, 45, 139, 120, 107, 27, 139, 110, 201, 112, 49, 201, 29, 99, 145, 201, 201, 101, 64, 3, 200, 142, 81, 200, 200, 53, 19, 200, 200, 87, 127, 39, 200, 200, 9, 46, 200, 136, 200, 200, 200, 52, 116, 152, 32, 200, 143, 200, 200, 63, 200, 200, 117, 200, 126, 14, 200, 33, 200, 200, 111, 200, 200, 71, 200, 200, 135, 200, 200, 200, 125, 200, 54, 200, 81, 200, 200, 200, 119, 75, 200, 137, 124, 139, 200, 142, 200, 108, 200, 200, 64, 200, 200, 47, 118, 200, 54, 200]
Memory usage at done (index 20, length 64, since_prev 4): 20191.328125 MiB (Increase: 0.0 MiB)
Memory usage before reset: 20191.328125 MiB (Increase: 0.0 MiB)
Memory usage after reset: 20191.328125 MiB (Increase: 0.0 MiB)
Current lengths of episodes: [56, 111, 210, 54, 148, 129, 116, 36, 148, 119, 210, 121, 58, 210, 38, 108, 154, 210, 210, 110, 9, 13, 210, 152, 91, 210, 210, 63, 29, 210, 210, 97, 137, 49, 210, 210, 19, 56, 209, 145, 209, 209, 209, 61, 125, 161, 41, 209, 152, 209, 209, 72, 209, 209, 126, 209, 135, 23, 209, 42, 209, 209, 120, 209, 209, 80, 209, 209, 144, 209, 209, 209, 134, 209, 63, 209, 90, 209, 209, 209, 128, 84, 209, 146, 133, 148, 209, 151, 209, 117, 209, 209, 73, 209, 209, 56, 127, 209, 63, 209]
Memory usage at done (index 37, length 56, since_prev 9): 20191.328125 MiB (Increase: 0.0 MiB)
Memory usage before reset: 20191.328125 MiB (Increase: 0.0 MiB)
Memory usage after reset: 20191.328125 MiB (Increase: 0.0 MiB)
Current lengths of episodes: [58, 113, 212, 56, 150, 131, 118, 38, 150, 121, 212, 123, 60, 212, 40, 110, 156, 212, 212, 112, 11, 15, 212, 154, 93, 212, 212, 65, 31, 212, 212, 99, 139, 51, 212, 212, 21, 2, 212, 148, 212, 212, 212, 64, 128, 164, 44, 212, 155, 212, 212, 75, 212, 212, 129, 212, 137, 25, 211, 44, 211, 211, 122, 211, 211, 82, 211, 211, 146, 211, 211, 211, 136, 211, 65, 211, 92, 211, 211, 211, 130, 86, 211, 148, 135, 150, 211, 153, 211, 119, 211, 211, 75, 211, 211, 58, 129, 211, 65, 211]
Memory usage at done (index 55, length 212, since_prev 2): 20191.328125 MiB (Increase: 0.0 MiB)
Memory usage before reset: 20191.328125 MiB (Increase: 0.0 MiB)
Memory usage after reset: 20191.328125 MiB (Increase: 0.0 MiB)
Current lengths of episodes: [70, 125, 224, 68, 162, 143, 130, 50, 162, 133, 224, 135, 72, 224, 52, 122, 168, 224, 224, 124, 22, 26, 223, 165, 104, 223, 223, 76, 42, 223, 223, 110, 150, 62, 223, 223, 32, 13, 223, 159, 223, 223, 223, 75, 139, 175, 55, 223, 166, 223, 223, 86, 223, 223, 140, 11, 149, 37, 223, 56, 223, 223, 134, 223, 223, 94, 223, 223, 158, 223, 223, 223, 148, 223, 77, 223, 104, 223, 223, 223, 142, 98, 223, 160, 147, 162, 223, 165, 223, 131, 223, 223, 87, 223, 223, 70, 141, 223, 77, 223]
Memory usage at done (index 19, length 124, since_prev 12): 20191.328125 MiB (Increase: 0.0 MiB)
Memory usage before reset: 20191.328125 MiB (Increase: 0.0 MiB)
Memory usage after reset: 20191.328125 MiB (Increase: 0.0 MiB)
Current lengths of episodes: [75, 130, 229, 73, 167, 148, 135, 55, 167, 138, 229, 140, 77, 229, 57, 127, 173, 229, 229, 5, 28, 32, 229, 171, 110, 229, 229, 82, 48, 229, 229, 116, 156, 68, 229, 229, 38, 19, 229, 165, 229, 229, 229, 81, 145, 181, 61, 229, 172, 229, 229, 92, 228, 228, 145, 16, 154, 42, 228, 61, 228, 228, 139, 228, 228, 99, 228, 228, 163, 228, 228, 228, 153, 228, 82, 228, 109, 228, 228, 228, 147, 103, 228, 165, 152, 167, 228, 170, 228, 136, 228, 228, 92, 228, 228, 75, 146, 228, 82, 228]
Memory usage at done (index 51, length 92, since_prev 5): 20191.328125 MiB (Increase: 0.0 MiB)
Memory usage before reset: 20191.328125 MiB (Increase: 0.0 MiB)
Memory usage after reset: 20191.328125 MiB (Increase: 0.0 MiB)
Current lengths of episodes: [87, 142, 241, 85, 179, 160, 147, 67, 179, 150, 241, 152, 89, 241, 69, 139, 185, 241, 241, 17, 40, 44, 241, 183, 122, 241, 241, 94, 60, 241, 241, 128, 168, 80, 240, 240, 49, 30, 240, 176, 240, 240, 240, 92, 156, 192, 72, 240, 183, 240, 240, 11, 240, 240, 157, 28, 166, 54, 240, 73, 240, 240, 151, 240, 240, 111, 240, 240, 175, 240, 240, 240, 165, 240, 94, 240, 121, 240, 240, 240, 159, 115, 240, 177, 164, 179, 240, 182, 240, 148, 240, 240, 104, 240, 240, 87, 158, 240, 94, 240]
Memory usage at done (index 33, length 80, since_prev 12): 20191.328125 MiB (Increase: 0.0 MiB)
Memory usage before reset: 20191.328125 MiB (Increase: 0.0 MiB)
Memory usage after reset: 20191.328125 MiB (Increase: 0.0 MiB)
Current lengths of episodes: [105, 160, 259, 103, 197, 178, 165, 85, 197, 168, 259, 170, 107, 259, 87, 157, 203, 259, 259, 35, 58, 62, 259, 201, 140, 259, 259, 112, 77, 258, 258, 145, 185, 17, 258, 258, 67, 48, 258, 194, 258, 258, 258, 110, 174, 210, 90, 258, 201, 258, 258, 29, 258, 258, 175, 46, 184, 72, 258, 91, 258, 258, 169, 258, 258, 129, 258, 258, 193, 258, 258, 258, 183, 258, 112, 258, 139, 258, 258, 258, 177, 133, 258, 195, 182, 197, 258, 200, 258, 166, 258, 258, 122, 258, 258, 105, 176, 258, 112, 258]
Memory usage at done (index 27, length 112, since_prev 18): 20191.328125 MiB (Increase: 0.0 MiB)
Memory usage before reset: 20191.328125 MiB (Increase: 0.0 MiB)
Memory usage after reset: 20191.328125 MiB (Increase: 0.0 MiB)
Current lengths of episodes: [109, 164, 263, 107, 201, 182, 169, 89, 201, 172, 263, 174, 111, 263, 91, 161, 207, 263, 263, 39, 62, 66, 263, 205, 144, 263, 263, 4, 82, 263, 263, 150, 190, 22, 263, 263, 72, 52, 262, 198, 262, 262, 262, 114, 178, 214, 94, 262, 205, 262, 262, 33, 262, 262, 179, 50, 188, 76, 262, 95, 262, 262, 173, 262, 262, 133, 262, 262, 197, 262, 262, 262, 187, 262, 116, 262, 143, 262, 262, 262, 181, 137, 262, 199, 186, 201, 262, 204, 262, 170, 262, 262, 126, 262, 262, 109, 180, 262, 116, 262]
Memory usage at done (index 36, length 72, since_prev 4): 20191.328125 MiB (Increase: 0.0 MiB)
Memory usage before reset: 20191.328125 MiB (Increase: 0.0 MiB)
Memory usage after reset: 20191.328125 MiB (Increase: 0.0 MiB)
Current lengths of episodes: [109, 164, 263, 107, 201, 182, 169, 89, 201, 172, 263, 174, 111, 263, 91, 161, 207, 263, 263, 39, 62, 66, 263, 205, 144, 263, 263, 4, 82, 263, 263, 150, 190, 22, 263, 263, 0, 53, 263, 199, 263, 263, 263, 115, 179, 215, 95, 263, 206, 263, 263, 34, 263, 263, 180, 51, 189, 77, 263, 96, 262, 262, 173, 262, 262, 133, 262, 262, 197, 262, 262, 262, 187, 262, 116, 262, 143, 262, 262, 262, 181, 137, 262, 199, 186, 201, 262, 204, 262, 170, 262, 262, 126, 262, 262, 109, 180, 262, 116, 262]
Memory usage at done (index 59, length 96, since_prev 0): 20191.328125 MiB (Increase: 0.0 MiB)
Memory usage before reset: 20191.328125 MiB (Increase: 0.0 MiB)
Memory usage after reset: 20191.328125 MiB (Increase: 0.0 MiB)
Current lengths of episodes: [118, 173, 272, 116, 210, 191, 178, 98, 210, 181, 272, 183, 120, 272, 100, 169, 215, 271, 271, 47, 70, 74, 271, 213, 152, 271, 271, 12, 90, 271, 271, 158, 198, 30, 271, 271, 8, 61, 271, 207, 271, 271, 271, 123, 187, 223, 103, 271, 214, 271, 271, 42, 271, 271, 188, 59, 197, 85, 271, 8, 271, 271, 182, 271, 271, 142, 271, 271, 206, 271, 271, 271, 196, 271, 125, 271, 152, 271, 271, 271, 190, 146, 271, 208, 195, 210, 271, 213, 271, 179, 271, 271, 135, 271, 271, 118, 189, 271, 125, 271]
Memory usage at done (index 14, length 100, since_prev 9): 20191.328125 MiB (Increase: 0.0 MiB)
Memory usage before reset: 20191.328125 MiB (Increase: 0.0 MiB)
Memory usage after reset: 20191.328125 MiB (Increase: 0.0 MiB)
Current lengths of episodes: [131, 186, 285, 129, 223, 204, 191, 111, 223, 194, 285, 196, 133, 285, 13, 183, 229, 285, 285, 61, 84, 88, 285, 227, 166, 285, 285, 26, 104, 284, 284, 171, 211, 43, 284, 284, 21, 74, 284, 220, 284, 284, 284, 136, 200, 236, 116, 284, 227, 284, 284, 55, 284, 284, 201, 72, 210, 98, 284, 21, 284, 284, 195, 284, 284, 155, 284, 284, 219, 284, 284, 284, 209, 284, 138, 284, 165, 284, 284, 284, 203, 159, 284, 221, 208, 223, 284, 226, 284, 192, 284, 284, 148, 284, 284, 131, 202, 284, 138, 284]
Memory usage at done (index 28, length 104, since_prev 13): 20191.328125 MiB (Increase: 0.0 MiB)
Memory usage before reset: 20191.328125 MiB (Increase: 0.0 MiB)
Memory usage after reset: 20191.328125 MiB (Increase: 0.0 MiB)
Current lengths of episodes: [133, 188, 287, 131, 224, 205, 192, 112, 224, 195, 286, 197, 134, 286, 14, 184, 230, 286, 286, 62, 85, 89, 286, 228, 167, 286, 286, 27, 1, 286, 286, 173, 213, 45, 286, 286, 23, 76, 286, 222, 286, 286, 286, 138, 202, 238, 118, 286, 229, 286, 286, 57, 286, 286, 203, 74, 212, 100, 286, 23, 286, 286, 197, 286, 286, 157, 286, 286, 221, 286, 286, 286, 211, 286, 140, 286, 167, 286, 286, 286, 205, 161, 286, 223, 210, 225, 286, 228, 286, 194, 286, 286, 150, 286, 286, 133, 204, 286, 140, 286]
Memory usage at done (index 3, length 131, since_prev 2): 20191.328125 MiB (Increase: 0.0 MiB)
Memory usage before reset: 20191.328125 MiB (Increase: 0.0 MiB)
Memory usage after reset: 20191.328125 MiB (Increase: 0.0 MiB)
Current lengths of episodes: [149, 204, 303, 16, 241, 222, 209, 129, 241, 212, 303, 214, 151, 303, 31, 201, 247, 303, 303, 79, 102, 105, 302, 244, 183, 302, 302, 43, 17, 302, 302, 189, 229, 61, 302, 302, 39, 92, 302, 238, 302, 302, 302, 154, 218, 254, 134, 302, 245, 302, 302, 73, 302, 302, 219, 90, 228, 116, 302, 39, 302, 302, 213, 302, 302, 173, 302, 302, 237, 302, 302, 302, 227, 302, 156, 302, 183, 302, 302, 302, 221, 177, 302, 239, 226, 241, 302, 244, 302, 210, 302, 302, 166, 302, 302, 149, 220, 302, 156, 302]
Memory usage at done (index 20, length 102, since_prev 16): 20191.328125 MiB (Increase: 0.0 MiB)
Memory usage before reset: 20191.328125 MiB (Increase: 0.0 MiB)
Memory usage after reset: 20191.328125 MiB (Increase: 0.0 MiB)
Current lengths of episodes: [152, 206, 305, 18, 243, 224, 211, 131, 243, 214, 305, 216, 153, 305, 33, 203, 249, 305, 305, 81, 2, 108, 305, 247, 186, 305, 305, 46, 20, 305, 305, 192, 232, 64, 305, 305, 42, 95, 305, 241, 305, 305, 305, 157, 221, 257, 137, 305, 248, 305, 305, 76, 305, 305, 222, 93, 231, 119, 305, 42, 305, 305, 216, 305, 305, 176, 305, 305, 240, 305, 305, 305, 230, 305, 159, 305, 186, 305, 305, 305, 224, 180, 305, 242, 229, 244, 305, 247, 305, 213, 305, 305, 169, 305, 305, 152, 223, 305, 159, 305]
Memory usage at done (index 0, length 152, since_prev 3): 20191.328125 MiB (Increase: 0.0 MiB)
Memory usage before reset: 20191.328125 MiB (Increase: 0.0 MiB)
Memory usage after reset: 20191.328125 MiB (Increase: 0.0 MiB)
Current lengths of episodes: [2, 209, 308, 21, 246, 227, 214, 134, 246, 217, 308, 219, 156, 308, 36, 206, 252, 308, 308, 84, 5, 111, 308, 250, 189, 308, 308, 49, 23, 308, 308, 195, 235, 67, 307, 307, 44, 97, 307, 243, 307, 307, 307, 159, 223, 259, 139, 307, 250, 307, 307, 78, 307, 307, 224, 95, 233, 121, 307, 44, 307, 307, 218, 307, 307, 178, 307, 307, 242, 307, 307, 307, 232, 307, 161, 307, 188, 307, 307, 307, 226, 182, 307, 244, 231, 246, 307, 249, 307, 215, 307, 307, 171, 307, 307, 154, 225, 307, 161, 307]
Memory usage at done (index 33, length 67, since_prev 2): 20191.328125 MiB (Increase: 0.0 MiB)
Memory usage before reset: 20191.328125 MiB (Increase: 0.0 MiB)
Memory usage after reset: 20191.328125 MiB (Increase: 0.0 MiB)
Current lengths of episodes: [12, 219, 318, 31, 256, 237, 224, 144, 256, 227, 318, 229, 166, 318, 46, 216, 262, 318, 318, 94, 15, 121, 318, 260, 199, 318, 318, 59, 33, 318, 318, 205, 245, 10, 318, 318, 55, 108, 318, 254, 318, 318, 318, 170, 234, 270, 150, 318, 261, 318, 318, 89, 317, 317, 234, 105, 243, 131, 317, 54, 317, 317, 228, 317, 317, 188, 317, 317, 252, 317, 317, 317, 242, 317, 171, 317, 198, 317, 317, 317, 236, 192, 317, 254, 241, 256, 317, 259, 317, 225, 317, 317, 181, 317, 317, 164, 235, 317, 171, 317]
Memory usage at done (index 51, length 89, since_prev 10): 20191.328125 MiB (Increase: 0.0 MiB)
Memory usage before reset: 20191.328125 MiB (Increase: 0.0 MiB)
Memory usage after reset: 20191.328125 MiB (Increase: 0.0 MiB)
Current lengths of episodes: [21, 228, 327, 40, 265, 246, 233, 153, 265, 236, 327, 238, 175, 327, 55, 225, 271, 327, 327, 103, 24, 130, 327, 269, 208, 327, 327, 68, 42, 327, 327, 214, 254, 19, 327, 327, 64, 117, 326, 262, 326, 326, 326, 178, 242, 278, 158, 326, 269, 326, 326, 8, 326, 326, 243, 114, 252, 140, 326, 63, 326, 326, 237, 326, 326, 197, 326, 326, 261, 326, 326, 326, 251, 326, 180, 326, 207, 326, 326, 326, 245, 201, 326, 263, 250, 265, 326, 268, 326, 234, 326, 326, 190, 326, 326, 173, 244, 326, 180, 326]
Memory usage at done (index 37, length 117, since_prev 9): 20191.328125 MiB (Increase: 0.0 MiB)
Memory usage before reset: 20191.328125 MiB (Increase: 0.0 MiB)
Memory usage after reset: 20191.328125 MiB (Increase: 0.0 MiB)
Current lengths of episodes: [26, 233, 332, 45, 270, 251, 238, 158, 270, 241, 331, 242, 179, 331, 59, 229, 275, 331, 331, 107, 28, 134, 331, 273, 212, 331, 331, 72, 46, 331, 331, 218, 258, 23, 331, 331, 68, 4, 331, 267, 331, 331, 331, 183, 247, 283, 163, 331, 274, 331, 331, 13, 331, 331, 248, 119, 257, 145, 331, 68, 331, 331, 242, 331, 331, 202, 331, 331, 266, 331, 331, 331, 256, 331, 185, 331, 212, 331, 331, 331, 250, 206, 331, 268, 255, 270, 331, 273, 331, 239, 331, 331, 195, 331, 331, 178, 249, 331, 185, 331]
Memory usage at done (index 9, length 241, since_prev 5): 20191.328125 MiB (Increase: 0.0 MiB)
Memory usage before reset: 20191.328125 MiB (Increase: 0.0 MiB)
Memory usage after reset: 20191.328125 MiB (Increase: 0.0 MiB)
Current lengths of episodes: [63, 269, 368, 81, 306, 287, 274, 194, 306, 36, 368, 279, 216, 368, 96, 266, 312, 368, 368, 144, 65, 171, 368, 310, 249, 368, 368, 109, 83, 368, 368, 255, 295, 60, 368, 368, 105, 41, 368, 304, 368, 368, 368, 220, 284, 320, 200, 368, 311, 368, 368, 50, 368, 368, 285, 156, 294, 182, 368, 105, 368, 368, 279, 368, 368, 239, 368, 368, 303, 368, 368, 368, 293, 368, 222, 368, 249, 368, 368, 368, 287, 243, 368, 305, 292, 307, 368, 310, 368, 276, 368, 368, 232, 368, 368, 215, 286, 368, 222, 368]
Memory usage at done (index 0, length 63, since_prev 37): 20191.328125 MiB (Increase: 0.0 MiB)
Memory usage before reset: 20191.328125 MiB (Increase: 0.0 MiB)
Memory usage after reset: 20191.328125 MiB (Increase: 0.0 MiB)
Training episode 800
Memory usage at middle: 20191.328125 MiB (Increase: 0.0 MiB)
Memory usage before collect: 20191.328125 MiB (Increase: 0.0 MiB)
Memory usage after collect: 20191.328125 MiB (Increase: 0.0 MiB)
Episode 800	Average evaluation: -98.1448531931332
Memory usage before initialization: 20191.328125 MiB (Increase: 0.0 MiB)
Memory usage after initialization: 20191.328125 MiB (Increase: 0.0 MiB)
Current lengths of episodes: [40, 40, 40, 40, 40, 40, 40, 40, 40, 40, 39, 39, 39, 39, 39, 39, 39, 39, 39, 39, 39, 39, 39, 39, 39, 39, 39, 39, 39, 39, 39, 39, 39, 39, 39, 39, 39, 39, 39, 39, 39, 39, 39, 39, 39, 39, 39, 39, 39, 39, 39, 39, 39, 39, 39, 39, 39, 39, 39, 39, 39, 39, 39, 39, 39, 39, 39, 39, 39, 39, 39, 39, 39, 39, 39, 39, 39, 39, 39, 39, 39, 39, 39, 39, 39, 39, 39, 39, 39, 39, 39, 39, 39, 39, 39, 39, 39, 39, 39, 39]
Memory usage at done (index 9, length 40, since_prev 40): 20191.328125 MiB (Increase: 0.0 MiB)
Memory usage before reset: 20191.328125 MiB (Increase: 0.0 MiB)
Memory usage after reset: 20191.328125 MiB (Increase: 0.0 MiB)
Current lengths of episodes: [48, 48, 48, 48, 48, 48, 48, 48, 48, 8, 48, 48, 48, 48, 48, 48, 48, 48, 48, 48, 48, 48, 48, 48, 48, 48, 48, 48, 48, 48, 48, 48, 48, 48, 48, 48, 48, 48, 48, 48, 48, 48, 48, 48, 48, 48, 48, 48, 48, 48, 48, 48, 48, 48, 48, 48, 48, 47, 47, 47, 47, 47, 47, 47, 47, 47, 47, 47, 47, 47, 47, 47, 47, 47, 47, 47, 47, 47, 47, 47, 47, 47, 47, 47, 47, 47, 47, 47, 47, 47, 47, 47, 47, 47, 47, 47, 47, 47, 47, 47]
Memory usage at done (index 56, length 48, since_prev 8): 20191.328125 MiB (Increase: 0.0 MiB)
Memory usage before reset: 20191.328125 MiB (Increase: 0.0 MiB)
Memory usage after reset: 20191.328125 MiB (Increase: 0.0 MiB)
Current lengths of episodes: [49, 49, 49, 49, 49, 49, 49, 49, 49, 9, 49, 49, 49, 49, 49, 49, 49, 49, 49, 49, 49, 49, 49, 49, 49, 49, 49, 49, 49, 49, 49, 49, 49, 49, 49, 49, 49, 49, 49, 49, 48, 48, 48, 48, 48, 48, 48, 48, 48, 48, 48, 48, 48, 48, 48, 48, 0, 48, 48, 48, 48, 48, 48, 48, 48, 48, 48, 48, 48, 48, 48, 48, 48, 48, 48, 48, 48, 48, 48, 48, 48, 48, 48, 48, 48, 48, 48, 48, 48, 48, 48, 48, 48, 48, 48, 48, 48, 48, 48, 48]
Memory usage at done (index 39, length 49, since_prev 1): 20191.328125 MiB (Increase: 0.0 MiB)
Memory usage before reset: 20191.328125 MiB (Increase: 0.0 MiB)
Memory usage after reset: 20191.328125 MiB (Increase: 0.0 MiB)
Current lengths of episodes: [50, 50, 50, 50, 50, 50, 50, 50, 50, 10, 50, 50, 50, 50, 50, 50, 50, 50, 50, 50, 50, 50, 50, 50, 50, 50, 50, 50, 50, 50, 50, 50, 50, 50, 50, 50, 50, 50, 50, 1, 50, 50, 50, 50, 50, 50, 50, 50, 50, 50, 50, 50, 50, 50, 50, 50, 2, 50, 50, 50, 50, 50, 50, 50, 50, 50, 50, 50, 50, 50, 50, 50, 50, 50, 50, 50, 50, 50, 50, 50, 50, 50, 50, 50, 50, 50, 50, 50, 50, 50, 49, 49, 49, 49, 49, 49, 49, 49, 49, 49]
Memory usage at done (index 89, length 50, since_prev 1): 20191.328125 MiB (Increase: 0.0 MiB)
Memory usage before reset: 20191.328125 MiB (Increase: 0.0 MiB)
Memory usage after reset: 20191.328125 MiB (Increase: 0.0 MiB)
Current lengths of episodes: [54, 54, 54, 54, 54, 54, 54, 54, 54, 14, 54, 54, 54, 54, 54, 54, 54, 54, 54, 54, 54, 54, 54, 54, 54, 54, 54, 54, 54, 54, 54, 54, 54, 54, 54, 54, 54, 54, 54, 5, 54, 54, 54, 54, 54, 54, 54, 54, 54, 54, 54, 54, 54, 54, 54, 54, 6, 54, 54, 54, 54, 54, 54, 54, 54, 54, 54, 54, 54, 54, 54, 54, 54, 54, 54, 54, 54, 54, 54, 54, 54, 54, 54, 54, 54, 54, 54, 54, 54, 4, 54, 54, 54, 54, 54, 53, 53, 53, 53, 53]
Memory usage at done (index 94, length 54, since_prev 4): 20191.328125 MiB (Increase: 0.0 MiB)
Memory usage before reset: 20191.328125 MiB (Increase: 0.0 MiB)
Memory usage after reset: 20191.328125 MiB (Increase: 0.0 MiB)
Current lengths of episodes: [55, 55, 55, 55, 55, 55, 55, 55, 55, 15, 55, 55, 55, 55, 55, 55, 55, 55, 55, 55, 55, 55, 55, 55, 55, 55, 55, 55, 55, 55, 55, 55, 55, 55, 55, 55, 55, 55, 55, 6, 55, 55, 55, 55, 55, 55, 55, 55, 55, 55, 55, 55, 55, 55, 55, 55, 7, 55, 55, 55, 55, 55, 55, 55, 55, 55, 55, 55, 55, 55, 55, 55, 55, 55, 55, 55, 55, 55, 55, 55, 55, 55, 55, 55, 55, 55, 55, 54, 54, 4, 54, 54, 54, 54, 0, 54, 54, 54, 54, 54]
Memory usage at done (index 86, length 55, since_prev 1): 20191.328125 MiB (Increase: 0.0 MiB)
Memory usage before reset: 20191.328125 MiB (Increase: 0.0 MiB)
Memory usage after reset: 20191.328125 MiB (Increase: 0.0 MiB)
Current lengths of episodes: [56, 56, 56, 56, 56, 56, 56, 56, 56, 16, 56, 56, 56, 56, 56, 56, 56, 56, 56, 56, 56, 56, 56, 56, 56, 56, 56, 56, 56, 56, 56, 56, 56, 56, 56, 56, 56, 56, 56, 7, 56, 56, 56, 56, 56, 56, 56, 56, 56, 56, 56, 56, 56, 56, 56, 56, 8, 56, 56, 56, 56, 56, 56, 56, 56, 56, 56, 55, 55, 55, 55, 55, 55, 55, 55, 55, 55, 55, 55, 55, 55, 55, 55, 55, 55, 55, 0, 55, 55, 5, 55, 55, 55, 55, 1, 55, 55, 55, 55, 55]
Memory usage at done (index 66, length 56, since_prev 1): 20191.328125 MiB (Increase: 0.0 MiB)
Memory usage before reset: 20191.328125 MiB (Increase: 0.0 MiB)
Memory usage after reset: 20191.328125 MiB (Increase: 0.0 MiB)
Current lengths of episodes: [58, 58, 58, 58, 58, 57, 57, 57, 57, 17, 57, 57, 57, 57, 57, 57, 57, 57, 57, 57, 57, 57, 57, 57, 57, 57, 57, 57, 57, 57, 57, 57, 57, 57, 57, 57, 57, 57, 57, 8, 57, 57, 57, 57, 57, 57, 57, 57, 57, 57, 57, 57, 57, 57, 57, 57, 9, 57, 57, 57, 57, 57, 57, 57, 57, 57, 1, 57, 57, 57, 57, 57, 57, 57, 57, 57, 57, 57, 57, 57, 57, 57, 57, 57, 57, 57, 2, 57, 57, 7, 57, 57, 57, 57, 3, 57, 57, 57, 57, 57]
Memory usage at done (index 4, length 58, since_prev 2): 20191.328125 MiB (Increase: 0.0 MiB)
Memory usage before reset: 20191.328125 MiB (Increase: 0.0 MiB)
Memory usage after reset: 20191.328125 MiB (Increase: 0.0 MiB)
Current lengths of episodes: [59, 59, 59, 59, 1, 59, 59, 59, 59, 19, 59, 59, 59, 59, 59, 59, 59, 59, 59, 59, 59, 59, 59, 59, 58, 58, 58, 58, 58, 58, 58, 58, 58, 58, 58, 58, 58, 58, 58, 9, 58, 58, 58, 58, 58, 58, 58, 58, 58, 58, 58, 58, 58, 58, 58, 58, 10, 58, 58, 58, 58, 58, 58, 58, 58, 58, 2, 58, 58, 58, 58, 58, 58, 58, 58, 58, 58, 58, 58, 58, 58, 58, 58, 58, 58, 58, 3, 58, 58, 8, 58, 58, 58, 58, 4, 58, 58, 58, 58, 58]
Memory usage at done (index 23, length 59, since_prev 1): 20191.328125 MiB (Increase: 0.0 MiB)
Memory usage before reset: 20191.328125 MiB (Increase: 0.0 MiB)
Memory usage after reset: 20191.328125 MiB (Increase: 0.0 MiB)
Current lengths of episodes: [59, 59, 59, 59, 1, 59, 59, 59, 59, 19, 59, 59, 59, 59, 59, 59, 59, 59, 59, 59, 59, 59, 59, 0, 59, 59, 59, 59, 59, 59, 59, 59, 59, 59, 59, 58, 58, 58, 58, 9, 58, 58, 58, 58, 58, 58, 58, 58, 58, 58, 58, 58, 58, 58, 58, 58, 10, 58, 58, 58, 58, 58, 58, 58, 58, 58, 2, 58, 58, 58, 58, 58, 58, 58, 58, 58, 58, 58, 58, 58, 58, 58, 58, 58, 58, 58, 3, 58, 58, 8, 58, 58, 58, 58, 4, 58, 58, 58, 58, 58]
Memory usage at done (index 34, length 59, since_prev 0): 20191.328125 MiB (Increase: 0.0 MiB)
Memory usage before reset: 20191.328125 MiB (Increase: 0.0 MiB)
Memory usage after reset: 20191.328125 MiB (Increase: 0.0 MiB)
Current lengths of episodes: [59, 59, 59, 59, 1, 59, 59, 59, 59, 19, 59, 59, 59, 59, 59, 59, 59, 59, 59, 59, 59, 59, 59, 0, 59, 59, 59, 59, 59, 59, 59, 59, 59, 59, 0, 59, 59, 59, 59, 10, 59, 59, 59, 59, 59, 59, 59, 59, 59, 59, 59, 59, 59, 59, 59, 59, 11, 59, 59, 59, 59, 59, 59, 59, 59, 59, 3, 59, 59, 59, 59, 59, 59, 59, 59, 59, 59, 59, 59, 59, 59, 59, 59, 59, 58, 58, 3, 58, 58, 8, 58, 58, 58, 58, 4, 58, 58, 58, 58, 58]
Memory usage at done (index 83, length 59, since_prev 0): 20191.328125 MiB (Increase: 0.0 MiB)
Memory usage before reset: 20191.328125 MiB (Increase: 0.0 MiB)
Memory usage after reset: 20191.328125 MiB (Increase: 0.0 MiB)
Current lengths of episodes: [60, 60, 60, 60, 2, 60, 60, 60, 60, 20, 60, 60, 60, 60, 60, 60, 60, 60, 60, 60, 60, 60, 60, 1, 60, 60, 60, 60, 60, 60, 60, 60, 60, 60, 1, 60, 60, 60, 60, 11, 60, 60, 60, 60, 60, 60, 60, 60, 60, 60, 60, 60, 60, 60, 60, 60, 12, 60, 60, 60, 60, 60, 60, 60, 60, 60, 4, 60, 60, 60, 60, 59, 59, 59, 59, 59, 59, 59, 59, 59, 59, 59, 59, 0, 59, 59, 4, 59, 59, 9, 59, 59, 59, 59, 5, 59, 59, 59, 59, 59]
Memory usage at done (index 70, length 60, since_prev 1): 20191.328125 MiB (Increase: 0.0 MiB)
Memory usage before reset: 20191.328125 MiB (Increase: 0.0 MiB)
Memory usage after reset: 20191.328125 MiB (Increase: 0.0 MiB)
Current lengths of episodes: [64, 64, 64, 64, 6, 64, 64, 64, 64, 24, 64, 64, 64, 64, 64, 64, 64, 63, 63, 63, 63, 63, 63, 4, 63, 63, 63, 63, 63, 63, 63, 63, 63, 63, 4, 63, 63, 63, 63, 14, 63, 63, 63, 63, 63, 63, 63, 63, 63, 63, 63, 63, 63, 63, 63, 63, 15, 63, 63, 63, 63, 63, 63, 63, 63, 63, 7, 63, 63, 63, 3, 63, 63, 63, 63, 63, 63, 63, 63, 63, 63, 63, 63, 4, 63, 63, 8, 63, 63, 13, 63, 63, 63, 63, 9, 63, 63, 63, 63, 63]
Memory usage at done (index 16, length 64, since_prev 4): 20191.328125 MiB (Increase: 0.0 MiB)
Memory usage before reset: 20191.328125 MiB (Increase: 0.0 MiB)
Memory usage after reset: 20191.328125 MiB (Increase: 0.0 MiB)
Current lengths of episodes: [65, 65, 65, 65, 7, 65, 65, 65, 65, 25, 65, 65, 65, 65, 65, 65, 1, 65, 65, 65, 64, 64, 64, 5, 64, 64, 64, 64, 64, 64, 64, 64, 64, 64, 5, 64, 64, 64, 64, 15, 64, 64, 64, 64, 64, 64, 64, 64, 64, 64, 64, 64, 64, 64, 64, 64, 16, 64, 64, 64, 64, 64, 64, 64, 64, 64, 8, 64, 64, 64, 4, 64, 64, 64, 64, 64, 64, 64, 64, 64, 64, 64, 64, 5, 64, 64, 9, 64, 64, 14, 64, 64, 64, 64, 10, 64, 64, 64, 64, 64]
Memory usage at done (index 19, length 65, since_prev 1): 20191.328125 MiB (Increase: 0.0 MiB)
Memory usage before reset: 20191.328125 MiB (Increase: 0.0 MiB)
Memory usage after reset: 20191.328125 MiB (Increase: 0.0 MiB)
Current lengths of episodes: [66, 66, 66, 66, 8, 66, 66, 66, 66, 25, 65, 65, 65, 65, 65, 65, 1, 65, 65, 0, 65, 65, 65, 6, 65, 65, 65, 65, 65, 65, 65, 65, 65, 65, 6, 65, 65, 65, 65, 16, 65, 65, 65, 65, 65, 65, 65, 65, 65, 65, 65, 65, 65, 65, 65, 65, 17, 65, 65, 65, 65, 65, 65, 65, 65, 65, 9, 65, 65, 65, 5, 65, 65, 65, 65, 65, 65, 65, 65, 65, 65, 65, 65, 6, 65, 65, 10, 65, 65, 15, 65, 65, 65, 65, 11, 65, 65, 65, 65, 65]
Memory usage at done (index 8, length 66, since_prev 1): 20191.328125 MiB (Increase: 0.0 MiB)
Memory usage before reset: 20191.328125 MiB (Increase: 0.0 MiB)
Memory usage after reset: 20191.328125 MiB (Increase: 0.0 MiB)
Current lengths of episodes: [66, 66, 66, 66, 8, 66, 66, 66, 0, 26, 66, 66, 66, 66, 66, 66, 2, 66, 66, 1, 66, 66, 66, 7, 66, 66, 66, 66, 66, 66, 66, 66, 66, 66, 7, 66, 66, 66, 66, 17, 66, 65, 65, 65, 65, 65, 65, 65, 65, 65, 65, 65, 65, 65, 65, 65, 17, 65, 65, 65, 65, 65, 65, 65, 65, 65, 9, 65, 65, 65, 5, 65, 65, 65, 65, 65, 65, 65, 65, 65, 65, 65, 65, 6, 65, 65, 10, 65, 65, 15, 65, 65, 65, 65, 11, 65, 65, 65, 65, 65]
Memory usage at done (index 40, length 66, since_prev 0): 20191.328125 MiB (Increase: 0.0 MiB)
Memory usage before reset: 20191.328125 MiB (Increase: 0.0 MiB)
Memory usage after reset: 20191.328125 MiB (Increase: 0.0 MiB)
Current lengths of episodes: [66, 66, 66, 66, 8, 66, 66, 66, 0, 26, 66, 66, 66, 66, 66, 66, 2, 66, 66, 1, 66, 66, 66, 7, 66, 66, 66, 66, 66, 66, 66, 66, 66, 66, 7, 66, 66, 66, 66, 17, 0, 66, 66, 66, 66, 66, 66, 66, 66, 66, 66, 66, 66, 66, 66, 66, 18, 66, 66, 66, 66, 66, 66, 66, 66, 66, 10, 66, 66, 66, 6, 66, 66, 66, 66, 66, 66, 66, 65, 65, 65, 65, 65, 6, 65, 65, 10, 65, 65, 15, 65, 65, 65, 65, 11, 65, 65, 65, 65, 65]
Memory usage at done (index 77, length 66, since_prev 0): 20191.328125 MiB (Increase: 0.0 MiB)
Memory usage before reset: 20191.328125 MiB (Increase: 0.0 MiB)
Memory usage after reset: 20191.328125 MiB (Increase: 0.0 MiB)
Current lengths of episodes: [68, 68, 68, 68, 10, 68, 68, 68, 2, 28, 68, 68, 68, 68, 68, 68, 4, 68, 68, 3, 68, 68, 68, 9, 68, 68, 68, 68, 68, 68, 68, 68, 68, 68, 9, 68, 68, 68, 68, 19, 2, 68, 68, 67, 67, 67, 67, 67, 67, 67, 67, 67, 67, 67, 67, 67, 19, 67, 67, 67, 67, 67, 67, 67, 67, 67, 11, 67, 67, 67, 7, 67, 67, 67, 67, 67, 67, 1, 67, 67, 67, 67, 67, 8, 67, 67, 12, 67, 67, 17, 67, 67, 67, 67, 13, 67, 67, 67, 67, 67]
Memory usage at done (index 42, length 68, since_prev 2): 20191.328125 MiB (Increase: 0.0 MiB)
Memory usage before reset: 20191.328125 MiB (Increase: 0.0 MiB)
Memory usage after reset: 20191.328125 MiB (Increase: 0.0 MiB)
Current lengths of episodes: [68, 68, 68, 68, 10, 68, 68, 68, 2, 28, 68, 68, 68, 68, 68, 68, 4, 68, 68, 3, 68, 68, 68, 9, 68, 68, 68, 68, 68, 68, 68, 68, 68, 68, 9, 68, 68, 68, 68, 19, 2, 68, 0, 68, 68, 68, 68, 68, 68, 68, 68, 68, 68, 68, 68, 68, 20, 68, 68, 68, 68, 68, 68, 68, 68, 68, 12, 68, 68, 68, 8, 68, 68, 68, 68, 68, 68, 2, 68, 68, 68, 68, 68, 9, 68, 68, 13, 68, 68, 18, 68, 68, 67, 67, 13, 67, 67, 67, 67, 67]
Memory usage at done (index 91, length 68, since_prev 0): 20191.328125 MiB (Increase: 0.0 MiB)
Memory usage before reset: 20191.328125 MiB (Increase: 0.0 MiB)
Memory usage after reset: 20191.328125 MiB (Increase: 0.0 MiB)
Current lengths of episodes: [68, 68, 68, 68, 10, 68, 68, 68, 2, 28, 68, 68, 68, 68, 68, 68, 4, 68, 68, 3, 68, 68, 68, 9, 68, 68, 68, 68, 68, 68, 68, 68, 68, 68, 9, 68, 68, 68, 68, 19, 2, 68, 0, 68, 68, 68, 68, 68, 68, 68, 68, 68, 68, 68, 68, 68, 20, 68, 68, 68, 68, 68, 68, 68, 68, 68, 12, 68, 68, 68, 8, 68, 68, 68, 68, 68, 68, 2, 68, 68, 68, 68, 68, 9, 68, 68, 13, 68, 68, 18, 68, 0, 68, 67, 13, 67, 67, 67, 67, 67]
Memory usage at done (index 92, length 68, since_prev 0): 20191.328125 MiB (Increase: 0.0 MiB)
Memory usage before reset: 20191.328125 MiB (Increase: 0.0 MiB)
Memory usage after reset: 20191.328125 MiB (Increase: 0.0 MiB)
Current lengths of episodes: [69, 69, 69, 69, 11, 69, 69, 69, 3, 29, 69, 69, 69, 69, 69, 69, 5, 69, 69, 4, 69, 69, 69, 10, 69, 69, 69, 69, 69, 69, 69, 69, 69, 69, 10, 69, 69, 69, 69, 20, 3, 69, 1, 69, 69, 68, 68, 68, 68, 68, 68, 68, 68, 68, 68, 68, 20, 68, 68, 68, 68, 68, 68, 68, 68, 68, 12, 68, 68, 68, 8, 68, 68, 68, 68, 68, 68, 2, 68, 68, 68, 68, 68, 9, 68, 68, 13, 68, 68, 18, 68, 0, 0, 68, 14, 68, 68, 68, 68, 68]
Memory usage at done (index 44, length 69, since_prev 1): 20191.328125 MiB (Increase: 0.0 MiB)
Memory usage before reset: 20191.328125 MiB (Increase: 0.0 MiB)
Memory usage after reset: 20191.328125 MiB (Increase: 0.0 MiB)
Current lengths of episodes: [72, 72, 72, 72, 14, 72, 72, 72, 6, 32, 72, 72, 72, 72, 72, 72, 8, 72, 72, 7, 72, 72, 72, 13, 72, 72, 71, 71, 71, 71, 71, 71, 71, 71, 12, 71, 71, 71, 71, 22, 5, 71, 3, 71, 2, 71, 71, 71, 71, 71, 71, 71, 71, 71, 71, 71, 23, 71, 71, 71, 71, 71, 71, 71, 71, 71, 15, 71, 71, 71, 11, 71, 71, 71, 71, 71, 71, 5, 71, 71, 71, 71, 71, 12, 71, 71, 16, 71, 71, 21, 71, 3, 3, 71, 17, 71, 71, 71, 71, 71]
Memory usage at done (index 25, length 72, since_prev 3): 20191.328125 MiB (Increase: 0.0 MiB)
Memory usage before reset: 20191.328125 MiB (Increase: 0.0 MiB)
Memory usage after reset: 20191.328125 MiB (Increase: 0.0 MiB)
Current lengths of episodes: [73, 73, 73, 73, 15, 73, 73, 73, 7, 33, 73, 73, 73, 73, 73, 73, 9, 73, 73, 8, 73, 73, 73, 14, 73, 1, 73, 73, 73, 73, 73, 73, 73, 73, 13, 72, 72, 72, 72, 23, 6, 72, 4, 72, 3, 72, 72, 72, 72, 72, 72, 72, 72, 72, 72, 72, 24, 72, 72, 72, 72, 72, 72, 72, 72, 72, 16, 72, 72, 72, 12, 72, 72, 72, 72, 72, 72, 6, 72, 72, 72, 72, 72, 13, 72, 72, 17, 72, 72, 22, 72, 4, 4, 72, 18, 72, 72, 72, 72, 72]
Memory usage at done (index 33, length 73, since_prev 1): 20191.328125 MiB (Increase: 0.0 MiB)
Memory usage before reset: 20191.328125 MiB (Increase: 0.0 MiB)
Memory usage after reset: 20191.328125 MiB (Increase: 0.0 MiB)
Current lengths of episodes: [75, 75, 75, 75, 17, 75, 75, 75, 9, 35, 75, 75, 75, 75, 75, 75, 11, 75, 75, 10, 75, 75, 75, 15, 74, 2, 74, 74, 74, 74, 74, 74, 74, 1, 15, 74, 74, 74, 74, 25, 8, 74, 6, 74, 5, 74, 74, 74, 74, 74, 74, 74, 74, 74, 74, 74, 26, 74, 74, 74, 74, 74, 74, 74, 74, 74, 18, 74, 74, 74, 14, 74, 74, 74, 74, 74, 74, 8, 74, 74, 74, 74, 74, 15, 74, 74, 19, 74, 74, 24, 74, 6, 6, 74, 20, 74, 74, 74, 74, 74]
Memory usage at done (index 22, length 75, since_prev 2): 20191.328125 MiB (Increase: 0.0 MiB)
Memory usage before reset: 20191.328125 MiB (Increase: 0.0 MiB)
Memory usage after reset: 20191.328125 MiB (Increase: 0.0 MiB)
Current lengths of episodes: [75, 75, 75, 75, 17, 75, 75, 75, 9, 35, 75, 75, 75, 75, 75, 75, 11, 75, 75, 10, 75, 75, 0, 16, 75, 3, 75, 75, 75, 75, 75, 75, 75, 2, 16, 75, 75, 75, 75, 26, 9, 75, 7, 75, 6, 75, 75, 75, 75, 75, 75, 75, 75, 75, 75, 75, 27, 75, 75, 75, 74, 74, 74, 74, 74, 74, 18, 74, 74, 74, 14, 74, 74, 74, 74, 74, 74, 8, 74, 74, 74, 74, 74, 15, 74, 74, 19, 74, 74, 24, 74, 6, 6, 74, 20, 74, 74, 74, 74, 74]
Memory usage at done (index 59, length 75, since_prev 0): 20191.328125 MiB (Increase: 0.0 MiB)
Memory usage before reset: 20191.328125 MiB (Increase: 0.0 MiB)
Memory usage after reset: 20191.328125 MiB (Increase: 0.0 MiB)
Current lengths of episodes: [78, 78, 78, 78, 20, 78, 78, 78, 12, 38, 78, 78, 78, 78, 78, 78, 14, 78, 78, 13, 78, 78, 3, 19, 78, 6, 78, 78, 78, 78, 78, 78, 78, 5, 19, 78, 78, 78, 78, 29, 12, 78, 10, 78, 9, 78, 77, 77, 77, 77, 77, 77, 77, 77, 77, 77, 29, 77, 77, 2, 77, 77, 77, 77, 77, 77, 21, 77, 77, 77, 17, 77, 77, 77, 77, 77, 77, 11, 77, 77, 77, 77, 77, 18, 77, 77, 22, 77, 77, 27, 77, 9, 9, 77, 23, 77, 77, 77, 77, 77]
Memory usage at done (index 45, length 78, since_prev 3): 20191.328125 MiB (Increase: 0.0 MiB)
Memory usage before reset: 20191.328125 MiB (Increase: 0.0 MiB)
Memory usage after reset: 20191.328125 MiB (Increase: 0.0 MiB)
Current lengths of episodes: [79, 79, 79, 79, 21, 79, 79, 79, 13, 39, 79, 79, 79, 79, 79, 79, 15, 79, 79, 14, 79, 79, 4, 20, 79, 6, 78, 78, 78, 78, 78, 78, 78, 5, 19, 78, 78, 78, 78, 29, 12, 78, 10, 78, 9, 0, 78, 78, 78, 78, 78, 78, 78, 78, 78, 78, 30, 78, 78, 3, 78, 78, 78, 78, 78, 78, 22, 78, 78, 78, 18, 78, 78, 78, 78, 78, 78, 12, 78, 78, 78, 78, 78, 19, 78, 78, 23, 78, 78, 28, 78, 10, 10, 78, 24, 78, 78, 78, 78, 78]
Memory usage at done (index 24, length 79, since_prev 1): 20191.328125 MiB (Increase: 0.0 MiB)
Memory usage before reset: 20191.328125 MiB (Increase: 0.0 MiB)
Memory usage after reset: 20191.328125 MiB (Increase: 0.0 MiB)
Current lengths of episodes: [79, 79, 79, 79, 21, 79, 79, 79, 13, 39, 79, 79, 79, 79, 79, 79, 15, 79, 79, 14, 79, 79, 4, 20, 0, 7, 79, 79, 79, 79, 79, 79, 79, 6, 20, 79, 79, 79, 79, 30, 13, 79, 11, 79, 10, 1, 79, 79, 79, 79, 79, 79, 79, 79, 79, 79, 31, 79, 79, 4, 79, 79, 78, 78, 78, 78, 22, 78, 78, 78, 18, 78, 78, 78, 78, 78, 78, 12, 78, 78, 78, 78, 78, 19, 78, 78, 23, 78, 78, 28, 78, 10, 10, 78, 24, 78, 78, 78, 78, 78]
Memory usage at done (index 61, length 79, since_prev 0): 20191.328125 MiB (Increase: 0.0 MiB)
Memory usage before reset: 20191.328125 MiB (Increase: 0.0 MiB)
Memory usage after reset: 20191.328125 MiB (Increase: 0.0 MiB)
Current lengths of episodes: [80, 80, 80, 80, 22, 80, 80, 80, 14, 40, 80, 80, 80, 80, 80, 80, 16, 80, 80, 14, 79, 79, 4, 20, 0, 7, 79, 79, 79, 79, 79, 79, 79, 6, 20, 79, 79, 79, 79, 30, 13, 79, 11, 79, 10, 1, 79, 79, 79, 79, 79, 79, 79, 79, 79, 79, 31, 79, 79, 4, 79, 0, 79, 79, 79, 79, 23, 79, 79, 79, 19, 79, 79, 79, 79, 79, 79, 13, 79, 79, 79, 79, 79, 20, 79, 79, 24, 79, 79, 29, 79, 11, 11, 79, 25, 79, 79, 79, 79, 79]
Memory usage at done (index 18, length 80, since_prev 1): 20191.328125 MiB (Increase: 0.0 MiB)
Memory usage before reset: 20191.328125 MiB (Increase: 0.0 MiB)
Memory usage after reset: 20191.328125 MiB (Increase: 0.0 MiB)
Current lengths of episodes: [82, 82, 82, 82, 24, 82, 82, 82, 16, 42, 82, 82, 82, 82, 82, 82, 18, 82, 2, 17, 82, 82, 7, 23, 3, 10, 82, 82, 82, 82, 82, 82, 82, 9, 23, 82, 82, 82, 82, 33, 16, 82, 14, 82, 13, 4, 82, 82, 81, 81, 81, 81, 81, 81, 81, 81, 33, 81, 81, 6, 81, 2, 81, 81, 81, 81, 25, 81, 81, 81, 21, 81, 81, 81, 81, 81, 81, 15, 81, 81, 81, 81, 81, 22, 81, 81, 26, 81, 81, 31, 81, 13, 13, 81, 27, 81, 81, 81, 81, 81]
Memory usage at done (index 47, length 82, since_prev 2): 20191.328125 MiB (Increase: 0.0 MiB)
Memory usage before reset: 20191.328125 MiB (Increase: 0.0 MiB)
Memory usage after reset: 20191.328125 MiB (Increase: 0.0 MiB)
Current lengths of episodes: [85, 84, 84, 84, 26, 84, 84, 84, 18, 44, 84, 84, 84, 84, 84, 84, 20, 84, 4, 19, 84, 84, 9, 25, 5, 12, 84, 84, 84, 84, 84, 84, 84, 11, 25, 84, 84, 84, 84, 35, 18, 84, 16, 84, 15, 6, 84, 2, 84, 84, 84, 84, 84, 84, 84, 84, 36, 84, 84, 9, 84, 5, 84, 84, 84, 84, 28, 84, 84, 84, 24, 84, 84, 84, 84, 84, 84, 18, 84, 84, 84, 84, 84, 25, 84, 84, 29, 84, 84, 34, 84, 16, 16, 84, 30, 84, 84, 84, 84, 84]
Memory usage at done (index 0, length 85, since_prev 3): 20191.328125 MiB (Increase: 0.0 MiB)
Memory usage before reset: 20191.328125 MiB (Increase: 0.0 MiB)
Memory usage after reset: 20191.328125 MiB (Increase: 0.0 MiB)
Current lengths of episodes: [0, 85, 85, 85, 27, 85, 85, 85, 19, 45, 85, 85, 85, 85, 85, 85, 21, 85, 5, 20, 85, 85, 10, 26, 6, 13, 85, 85, 85, 85, 85, 85, 85, 12, 26, 85, 85, 85, 85, 36, 19, 85, 17, 85, 16, 7, 85, 3, 85, 85, 85, 85, 85, 85, 85, 85, 37, 85, 85, 10, 85, 6, 85, 85, 85, 85, 28, 84, 84, 84, 24, 84, 84, 84, 84, 84, 84, 18, 84, 84, 84, 84, 84, 25, 84, 84, 29, 84, 84, 34, 84, 16, 16, 84, 30, 84, 84, 84, 84, 84]
Memory usage at done (index 65, length 85, since_prev 0): 20191.328125 MiB (Increase: 0.0 MiB)
Memory usage before reset: 20191.328125 MiB (Increase: 0.0 MiB)
Memory usage after reset: 20191.328125 MiB (Increase: 0.0 MiB)
Current lengths of episodes: [2, 87, 87, 87, 29, 87, 87, 87, 21, 47, 87, 87, 87, 87, 87, 87, 23, 87, 7, 22, 87, 87, 12, 28, 8, 15, 87, 87, 87, 87, 87, 87, 87, 14, 28, 87, 87, 87, 87, 38, 21, 87, 19, 87, 18, 9, 87, 5, 87, 87, 87, 87, 87, 87, 87, 87, 39, 87, 86, 11, 86, 7, 86, 86, 86, 1, 30, 86, 86, 86, 26, 86, 86, 86, 86, 86, 86, 20, 86, 86, 86, 86, 86, 27, 86, 86, 31, 86, 86, 36, 86, 18, 18, 86, 32, 86, 86, 86, 86, 86]
Memory usage at done (index 57, length 87, since_prev 2): 20191.328125 MiB (Increase: 0.0 MiB)
Memory usage before reset: 20191.328125 MiB (Increase: 0.0 MiB)
Memory usage after reset: 20191.328125 MiB (Increase: 0.0 MiB)
Current lengths of episodes: [3, 88, 88, 88, 30, 88, 88, 88, 22, 48, 88, 88, 88, 88, 88, 88, 24, 88, 8, 23, 88, 88, 13, 29, 9, 16, 88, 88, 88, 88, 88, 88, 88, 15, 29, 88, 88, 88, 88, 39, 22, 88, 20, 88, 19, 10, 88, 6, 88, 88, 88, 88, 88, 88, 88, 88, 40, 1, 88, 13, 88, 9, 88, 88, 88, 3, 32, 88, 88, 88, 28, 88, 88, 88, 88, 88, 88, 22, 88, 88, 88, 88, 87, 28, 87, 87, 32, 87, 87, 37, 87, 19, 19, 87, 33, 87, 87, 87, 87, 87]
Memory usage at done (index 81, length 88, since_prev 1): 20191.328125 MiB (Increase: 0.0 MiB)
Memory usage before reset: 20191.328125 MiB (Increase: 0.0 MiB)
Memory usage after reset: 20191.328125 MiB (Increase: 0.0 MiB)
Current lengths of episodes: [4, 89, 89, 89, 31, 89, 89, 89, 23, 49, 89, 89, 89, 89, 89, 89, 25, 89, 9, 24, 89, 89, 14, 30, 10, 17, 89, 89, 89, 89, 89, 89, 89, 16, 30, 89, 89, 89, 89, 40, 23, 89, 21, 89, 20, 11, 89, 7, 89, 89, 89, 89, 89, 89, 89, 89, 41, 2, 89, 14, 89, 10, 89, 89, 89, 4, 33, 89, 89, 89, 29, 89, 89, 89, 89, 88, 88, 22, 88, 88, 88, 0, 88, 29, 88, 88, 33, 88, 88, 38, 88, 20, 20, 88, 34, 88, 88, 88, 88, 88]
Memory usage at done (index 74, length 89, since_prev 1): 20191.328125 MiB (Increase: 0.0 MiB)
Memory usage before reset: 20191.328125 MiB (Increase: 0.0 MiB)
Memory usage after reset: 20191.328125 MiB (Increase: 0.0 MiB)
Current lengths of episodes: [5, 90, 90, 90, 32, 90, 90, 90, 24, 50, 90, 90, 90, 90, 90, 90, 26, 90, 10, 25, 90, 90, 15, 31, 11, 18, 90, 90, 90, 90, 90, 90, 90, 17, 31, 90, 90, 90, 90, 41, 24, 90, 22, 90, 21, 12, 90, 8, 90, 90, 90, 90, 90, 90, 90, 90, 42, 3, 90, 15, 90, 11, 90, 90, 90, 5, 34, 90, 90, 90, 30, 90, 90, 90, 0, 89, 89, 23, 89, 89, 89, 1, 89, 30, 89, 89, 34, 89, 89, 39, 89, 21, 21, 89, 35, 89, 89, 89, 89, 89]
Memory usage at done (index 73, length 90, since_prev 1): 20191.328125 MiB (Increase: 0.0 MiB)
Memory usage before reset: 20191.328125 MiB (Increase: 0.0 MiB)
Memory usage after reset: 20191.328125 MiB (Increase: 0.0 MiB)
Current lengths of episodes: [6, 91, 91, 91, 32, 90, 90, 90, 24, 50, 90, 90, 90, 90, 90, 90, 26, 90, 10, 25, 90, 90, 15, 31, 11, 18, 90, 90, 90, 90, 90, 90, 90, 17, 31, 90, 90, 90, 90, 41, 24, 90, 22, 90, 21, 12, 90, 8, 90, 90, 90, 90, 90, 90, 90, 90, 42, 3, 90, 15, 90, 11, 90, 90, 90, 5, 34, 90, 90, 90, 30, 90, 90, 0, 1, 90, 90, 24, 90, 90, 90, 2, 90, 31, 90, 90, 35, 90, 90, 40, 90, 22, 22, 90, 36, 90, 90, 90, 90, 90]
Memory usage at done (index 3, length 91, since_prev 1): 20191.328125 MiB (Increase: 0.0 MiB)
Memory usage before reset: 20191.328125 MiB (Increase: 0.0 MiB)
Memory usage after reset: 20191.328125 MiB (Increase: 0.0 MiB)
Current lengths of episodes: [7, 92, 92, 1, 34, 92, 92, 92, 26, 52, 92, 92, 92, 91, 91, 91, 27, 91, 11, 26, 91, 91, 16, 32, 12, 19, 91, 91, 91, 91, 91, 91, 91, 18, 32, 91, 91, 91, 91, 42, 25, 91, 23, 91, 22, 13, 91, 9, 91, 91, 91, 91, 91, 91, 91, 91, 43, 4, 91, 16, 91, 12, 91, 91, 91, 6, 35, 91, 91, 91, 31, 91, 91, 1, 2, 91, 91, 25, 91, 91, 91, 3, 91, 32, 91, 91, 36, 91, 91, 41, 91, 23, 23, 91, 37, 91, 91, 91, 91, 91]
Memory usage at done (index 12, length 92, since_prev 1): 20191.328125 MiB (Increase: 0.0 MiB)
Memory usage before reset: 20191.328125 MiB (Increase: 0.0 MiB)
Memory usage after reset: 20191.328125 MiB (Increase: 0.0 MiB)
Current lengths of episodes: [7, 92, 92, 1, 34, 92, 92, 92, 26, 52, 92, 92, 0, 92, 92, 92, 28, 92, 12, 27, 92, 92, 17, 33, 13, 20, 92, 92, 92, 92, 92, 92, 92, 19, 33, 92, 92, 92, 92, 43, 26, 92, 24, 92, 23, 14, 92, 10, 92, 92, 92, 92, 92, 92, 92, 92, 44, 5, 92, 17, 92, 13, 92, 92, 91, 6, 35, 91, 91, 91, 31, 91, 91, 1, 2, 91, 91, 25, 91, 91, 91, 3, 91, 32, 91, 91, 36, 91, 91, 41, 91, 23, 23, 91, 37, 91, 91, 91, 91, 91]
Memory usage at done (index 63, length 92, since_prev 0): 20191.328125 MiB (Increase: 0.0 MiB)
Memory usage before reset: 20191.328125 MiB (Increase: 0.0 MiB)
Memory usage after reset: 20191.328125 MiB (Increase: 0.0 MiB)
Current lengths of episodes: [15, 100, 100, 9, 42, 100, 100, 100, 34, 60, 100, 100, 8, 100, 100, 100, 36, 100, 20, 35, 100, 100, 25, 41, 21, 28, 100, 100, 100, 100, 100, 100, 100, 27, 41, 100, 100, 100, 100, 51, 34, 100, 32, 100, 31, 22, 100, 18, 100, 100, 100, 99, 99, 99, 99, 99, 51, 12, 99, 24, 99, 20, 99, 7, 99, 14, 43, 99, 99, 99, 39, 99, 99, 9, 10, 99, 99, 33, 99, 99, 99, 11, 99, 40, 99, 99, 44, 99, 99, 49, 99, 31, 31, 99, 45, 99, 99, 99, 99, 99]
Memory usage at done (index 50, length 100, since_prev 8): 20191.328125 MiB (Increase: 0.0 MiB)
Memory usage before reset: 20191.328125 MiB (Increase: 0.0 MiB)
Memory usage after reset: 20191.328125 MiB (Increase: 0.0 MiB)
Current lengths of episodes: [16, 101, 101, 10, 43, 101, 101, 101, 35, 61, 101, 101, 9, 101, 101, 101, 37, 101, 21, 36, 101, 101, 26, 42, 22, 29, 101, 101, 101, 101, 101, 101, 101, 28, 42, 101, 101, 101, 101, 52, 35, 101, 33, 101, 32, 23, 101, 19, 101, 101, 1, 101, 101, 101, 101, 101, 53, 14, 101, 26, 101, 22, 101, 9, 101, 16, 45, 101, 101, 101, 41, 101, 101, 11, 12, 101, 101, 35, 101, 101, 101, 13, 101, 42, 101, 101, 46, 101, 101, 51, 101, 33, 33, 101, 46, 100, 100, 100, 100, 100]
Memory usage at done (index 93, length 101, since_prev 1): 20191.328125 MiB (Increase: 0.0 MiB)
Memory usage before reset: 20191.328125 MiB (Increase: 0.0 MiB)
Memory usage after reset: 20191.328125 MiB (Increase: 0.0 MiB)
Current lengths of episodes: [17, 102, 102, 11, 44, 102, 102, 102, 36, 62, 102, 102, 10, 102, 102, 102, 38, 102, 22, 37, 102, 102, 27, 43, 23, 30, 102, 102, 102, 101, 101, 101, 101, 28, 42, 101, 101, 101, 101, 52, 35, 101, 33, 101, 32, 23, 101, 19, 101, 101, 1, 101, 101, 101, 101, 101, 53, 14, 101, 26, 101, 22, 101, 9, 101, 16, 45, 101, 101, 101, 41, 101, 101, 11, 12, 101, 101, 35, 101, 101, 101, 13, 101, 42, 101, 101, 46, 101, 101, 51, 101, 33, 33, 0, 47, 101, 101, 101, 101, 101]
Memory usage at done (index 28, length 102, since_prev 1): 20191.328125 MiB (Increase: 0.0 MiB)
Memory usage before reset: 20191.328125 MiB (Increase: 0.0 MiB)
Memory usage after reset: 20191.328125 MiB (Increase: 0.0 MiB)
Current lengths of episodes: [19, 104, 104, 13, 46, 104, 104, 104, 38, 64, 104, 104, 12, 104, 104, 104, 40, 104, 24, 39, 104, 104, 29, 45, 25, 32, 104, 104, 2, 104, 104, 104, 104, 31, 45, 104, 104, 104, 104, 55, 38, 104, 36, 104, 35, 26, 104, 22, 104, 104, 4, 104, 104, 104, 104, 104, 56, 17, 104, 29, 104, 25, 104, 12, 104, 19, 48, 104, 104, 104, 43, 103, 103, 13, 14, 103, 103, 37, 103, 103, 103, 15, 103, 44, 103, 103, 48, 103, 103, 53, 103, 35, 35, 2, 49, 103, 103, 103, 103, 103]
Memory usage at done (index 69, length 104, since_prev 2): 20191.328125 MiB (Increase: 0.0 MiB)
Memory usage before reset: 20191.328125 MiB (Increase: 0.0 MiB)
Memory usage after reset: 20191.328125 MiB (Increase: 0.0 MiB)
Current lengths of episodes: [20, 105, 105, 14, 47, 105, 105, 105, 39, 65, 105, 105, 13, 105, 105, 105, 40, 104, 24, 39, 104, 104, 29, 45, 25, 32, 104, 104, 2, 104, 104, 104, 104, 31, 45, 104, 104, 104, 104, 55, 38, 104, 36, 104, 35, 26, 104, 22, 104, 104, 4, 104, 104, 104, 104, 104, 56, 17, 104, 29, 104, 25, 104, 12, 104, 19, 48, 104, 104, 0, 44, 104, 104, 14, 15, 104, 104, 38, 104, 104, 104, 16, 104, 45, 104, 104, 49, 104, 104, 54, 104, 36, 36, 3, 50, 104, 104, 104, 104, 104]
Memory usage at done (index 15, length 105, since_prev 1): 20191.328125 MiB (Increase: 0.0 MiB)
Memory usage before reset: 20191.328125 MiB (Increase: 0.0 MiB)
Memory usage after reset: 20191.328125 MiB (Increase: 0.0 MiB)
Current lengths of episodes: [21, 106, 106, 15, 48, 106, 106, 106, 40, 66, 106, 106, 14, 106, 106, 1, 42, 106, 26, 41, 106, 106, 31, 47, 27, 34, 106, 106, 4, 106, 106, 106, 106, 33, 47, 106, 106, 106, 106, 57, 40, 106, 38, 106, 37, 28, 106, 24, 106, 106, 6, 106, 106, 106, 105, 105, 57, 18, 105, 30, 105, 26, 105, 13, 105, 20, 49, 105, 105, 1, 45, 105, 105, 15, 16, 105, 105, 39, 105, 105, 105, 17, 105, 46, 105, 105, 50, 105, 105, 55, 105, 37, 37, 4, 51, 105, 105, 105, 105, 105]
Memory usage at done (index 53, length 106, since_prev 1): 20191.328125 MiB (Increase: 0.0 MiB)
Memory usage before reset: 20191.328125 MiB (Increase: 0.0 MiB)
Memory usage after reset: 20191.328125 MiB (Increase: 0.0 MiB)
Current lengths of episodes: [26, 111, 111, 20, 53, 111, 111, 111, 45, 71, 111, 111, 19, 111, 111, 6, 47, 111, 31, 46, 111, 111, 36, 52, 32, 39, 111, 111, 9, 111, 111, 111, 111, 38, 52, 111, 111, 111, 111, 62, 45, 111, 43, 111, 42, 33, 111, 29, 111, 111, 11, 111, 111, 5, 111, 111, 63, 24, 111, 36, 111, 32, 111, 19, 111, 26, 55, 111, 111, 7, 51, 111, 111, 21, 22, 111, 111, 45, 111, 111, 111, 23, 111, 52, 111, 111, 56, 111, 111, 61, 111, 43, 43, 10, 57, 110, 110, 110, 110, 110]
Memory usage at done (index 94, length 57, since_prev 5): 20191.328125 MiB (Increase: 0.0 MiB)
Memory usage before reset: 20191.328125 MiB (Increase: 0.0 MiB)
Memory usage after reset: 20191.328125 MiB (Increase: 0.0 MiB)
Current lengths of episodes: [30, 115, 115, 24, 57, 115, 115, 115, 49, 75, 115, 115, 23, 115, 115, 10, 51, 115, 35, 50, 115, 115, 40, 56, 36, 43, 115, 115, 13, 115, 115, 115, 115, 42, 56, 115, 115, 115, 115, 66, 49, 115, 47, 115, 46, 37, 115, 33, 115, 115, 15, 115, 115, 9, 115, 115, 67, 28, 115, 40, 115, 36, 115, 22, 114, 29, 58, 114, 114, 10, 54, 114, 114, 24, 25, 114, 114, 48, 114, 114, 114, 26, 114, 55, 114, 114, 59, 114, 114, 64, 114, 46, 46, 13, 3, 114, 114, 114, 114, 114]
Memory usage at done (index 62, length 115, since_prev 4): 20191.328125 MiB (Increase: 0.0 MiB)
Memory usage before reset: 20191.328125 MiB (Increase: 0.0 MiB)
Memory usage after reset: 20191.328125 MiB (Increase: 0.0 MiB)
Current lengths of episodes: [34, 119, 119, 28, 61, 119, 119, 119, 53, 79, 119, 119, 27, 119, 119, 14, 55, 119, 39, 54, 119, 119, 44, 60, 40, 47, 119, 119, 17, 119, 119, 119, 119, 46, 60, 119, 119, 119, 119, 70, 53, 119, 51, 119, 50, 41, 119, 37, 119, 119, 19, 119, 119, 13, 119, 119, 71, 32, 119, 44, 119, 40, 4, 27, 119, 34, 63, 119, 119, 15, 59, 119, 119, 29, 30, 119, 119, 53, 119, 119, 119, 30, 118, 59, 118, 118, 63, 118, 118, 68, 118, 50, 50, 17, 7, 118, 118, 118, 118, 118]
Memory usage at done (index 80, length 119, since_prev 4): 20191.328125 MiB (Increase: 0.0 MiB)
Memory usage before reset: 20191.328125 MiB (Increase: 0.0 MiB)
Memory usage after reset: 20191.328125 MiB (Increase: 0.0 MiB)
Current lengths of episodes: [35, 120, 120, 29, 62, 119, 119, 119, 53, 79, 119, 119, 27, 119, 119, 14, 55, 119, 39, 54, 119, 119, 44, 60, 40, 47, 119, 119, 17, 119, 119, 119, 119, 46, 60, 119, 119, 119, 119, 70, 53, 119, 51, 119, 50, 41, 119, 37, 119, 119, 19, 119, 119, 13, 119, 119, 71, 32, 119, 44, 119, 40, 4, 27, 119, 34, 63, 119, 119, 15, 59, 119, 119, 29, 30, 119, 119, 53, 119, 119, 0, 31, 119, 60, 119, 119, 64, 119, 119, 69, 119, 51, 51, 18, 8, 119, 119, 119, 119, 119]
Memory usage at done (index 4, length 62, since_prev 1): 20191.328125 MiB (Increase: 0.0 MiB)
Memory usage before reset: 20191.328125 MiB (Increase: 0.0 MiB)
Memory usage after reset: 20191.328125 MiB (Increase: 0.0 MiB)
Current lengths of episodes: [36, 121, 121, 30, 1, 121, 121, 121, 55, 81, 121, 121, 29, 121, 121, 16, 57, 121, 41, 56, 120, 120, 45, 61, 41, 48, 120, 120, 18, 120, 120, 120, 120, 47, 61, 120, 120, 120, 120, 71, 54, 120, 52, 120, 51, 42, 120, 38, 120, 120, 20, 120, 120, 14, 120, 120, 72, 33, 120, 45, 120, 41, 5, 28, 120, 35, 64, 120, 120, 16, 60, 120, 120, 30, 31, 120, 120, 54, 120, 120, 1, 32, 120, 61, 120, 120, 65, 120, 120, 70, 120, 52, 52, 19, 9, 120, 120, 120, 120, 120]
Memory usage at done (index 19, length 56, since_prev 1): 20191.328125 MiB (Increase: 0.0 MiB)
Memory usage before reset: 20191.328125 MiB (Increase: 0.0 MiB)
Memory usage after reset: 20191.328125 MiB (Increase: 0.0 MiB)
Current lengths of episodes: [40, 125, 125, 34, 5, 125, 125, 125, 59, 85, 125, 125, 33, 125, 125, 20, 61, 125, 45, 4, 125, 125, 50, 66, 46, 53, 125, 125, 23, 125, 125, 125, 125, 52, 66, 125, 125, 125, 125, 76, 59, 125, 57, 125, 56, 47, 125, 43, 125, 125, 25, 125, 125, 19, 125, 125, 77, 38, 125, 50, 125, 46, 10, 33, 125, 40, 69, 125, 125, 20, 64, 124, 124, 34, 35, 124, 124, 58, 124, 124, 5, 36, 124, 65, 124, 124, 69, 124, 124, 74, 124, 56, 56, 23, 13, 124, 124, 124, 124, 124]
Memory usage at done (index 68, length 125, since_prev 4): 20191.328125 MiB (Increase: 0.0 MiB)
Memory usage before reset: 20191.328125 MiB (Increase: 0.0 MiB)
Memory usage after reset: 20191.328125 MiB (Increase: 0.0 MiB)
Current lengths of episodes: [46, 131, 131, 40, 11, 131, 131, 131, 65, 91, 131, 131, 39, 131, 131, 26, 67, 131, 51, 10, 131, 131, 56, 72, 52, 59, 130, 130, 28, 130, 130, 130, 130, 57, 71, 130, 130, 130, 130, 81, 64, 130, 62, 130, 61, 52, 130, 48, 130, 130, 30, 130, 130, 24, 130, 130, 82, 43, 130, 55, 130, 51, 15, 38, 130, 45, 74, 130, 5, 26, 70, 130, 130, 40, 41, 130, 130, 64, 130, 130, 11, 42, 130, 71, 130, 130, 75, 130, 130, 80, 130, 62, 62, 29, 19, 130, 130, 130, 130, 130]
Memory usage at done (index 25, length 59, since_prev 6): 20191.328125 MiB (Increase: 0.0 MiB)
Memory usage before reset: 20191.328125 MiB (Increase: 0.0 MiB)
Memory usage after reset: 20191.328125 MiB (Increase: 0.0 MiB)
Current lengths of episodes: [46, 131, 131, 40, 11, 131, 131, 131, 65, 91, 131, 131, 39, 131, 131, 26, 67, 131, 51, 10, 131, 131, 56, 72, 52, 0, 131, 131, 29, 131, 131, 131, 131, 58, 71, 130, 130, 130, 130, 81, 64, 130, 62, 130, 61, 52, 130, 48, 130, 130, 30, 130, 130, 24, 130, 130, 82, 43, 130, 55, 130, 51, 15, 38, 130, 45, 74, 130, 5, 26, 70, 130, 130, 40, 41, 130, 130, 64, 130, 130, 11, 42, 130, 71, 130, 130, 75, 130, 130, 80, 130, 62, 62, 29, 19, 130, 130, 130, 130, 130]
Memory usage at done (index 33, length 58, since_prev 0): 20191.328125 MiB (Increase: 0.0 MiB)
Memory usage before reset: 20191.328125 MiB (Increase: 0.0 MiB)
Memory usage after reset: 20191.328125 MiB (Increase: 0.0 MiB)
Current lengths of episodes: [48, 133, 133, 42, 13, 133, 133, 133, 67, 93, 133, 133, 41, 133, 133, 28, 69, 133, 53, 12, 133, 133, 58, 74, 54, 2, 133, 133, 31, 133, 133, 133, 133, 2, 74, 133, 133, 133, 133, 84, 67, 133, 65, 132, 63, 54, 132, 50, 132, 132, 32, 132, 132, 26, 132, 132, 84, 45, 132, 57, 132, 53, 17, 40, 132, 47, 76, 132, 7, 28, 72, 132, 132, 42, 43, 132, 132, 66, 132, 132, 13, 44, 132, 73, 132, 132, 77, 132, 132, 82, 132, 64, 64, 31, 21, 132, 132, 132, 132, 132]
Memory usage at done (index 42, length 65, since_prev 2): 20191.328125 MiB (Increase: 0.0 MiB)
Memory usage before reset: 20191.328125 MiB (Increase: 0.0 MiB)
Memory usage after reset: 20191.328125 MiB (Increase: 0.0 MiB)
Current lengths of episodes: [50, 135, 135, 44, 15, 135, 135, 135, 69, 95, 135, 135, 43, 135, 135, 30, 71, 135, 55, 14, 135, 135, 60, 76, 55, 3, 134, 134, 32, 134, 134, 134, 134, 3, 75, 134, 134, 134, 134, 85, 68, 134, 1, 134, 65, 56, 134, 52, 134, 134, 34, 134, 134, 28, 134, 134, 86, 47, 134, 59, 134, 55, 19, 42, 134, 49, 78, 134, 9, 30, 74, 134, 134, 44, 45, 134, 134, 68, 134, 134, 15, 46, 134, 75, 134, 134, 79, 134, 134, 84, 134, 66, 66, 33, 23, 134, 134, 134, 134, 134]
Memory usage at done (index 23, length 76, since_prev 2): 20191.328125 MiB (Increase: 0.0 MiB)
Memory usage before reset: 20191.328125 MiB (Increase: 0.0 MiB)
Memory usage after reset: 20191.328125 MiB (Increase: 0.0 MiB)
Current lengths of episodes: [50, 135, 135, 44, 15, 135, 135, 135, 69, 95, 135, 135, 43, 135, 135, 30, 71, 135, 55, 14, 135, 135, 60, 0, 56, 4, 135, 135, 33, 135, 135, 135, 135, 4, 76, 135, 135, 135, 135, 86, 69, 135, 2, 135, 66, 57, 135, 53, 135, 134, 34, 134, 134, 28, 134, 134, 86, 47, 134, 59, 134, 55, 19, 42, 134, 49, 78, 134, 9, 30, 74, 134, 134, 44, 45, 134, 134, 68, 134, 134, 15, 46, 134, 75, 134, 134, 79, 134, 134, 84, 134, 66, 66, 33, 23, 134, 134, 134, 134, 134]
Memory usage at done (index 48, length 135, since_prev 0): 20191.328125 MiB (Increase: 0.0 MiB)
Memory usage before reset: 20191.328125 MiB (Increase: 0.0 MiB)
Memory usage after reset: 20191.328125 MiB (Increase: 0.0 MiB)
Current lengths of episodes: [54, 139, 139, 48, 19, 139, 139, 139, 73, 99, 139, 139, 47, 139, 139, 34, 75, 138, 58, 17, 138, 138, 63, 3, 59, 7, 138, 138, 36, 138, 138, 138, 138, 7, 79, 138, 138, 138, 138, 89, 72, 138, 5, 138, 69, 60, 138, 56, 3, 138, 38, 138, 138, 32, 138, 138, 90, 51, 138, 63, 138, 59, 23, 46, 138, 53, 82, 138, 13, 34, 78, 138, 138, 48, 49, 138, 138, 72, 138, 138, 19, 50, 138, 79, 138, 138, 83, 138, 138, 88, 138, 70, 70, 37, 27, 138, 138, 138, 138, 138]
Memory usage at done (index 16, length 75, since_prev 4): 20191.328125 MiB (Increase: 0.0 MiB)
Memory usage before reset: 20191.328125 MiB (Increase: 0.0 MiB)
Memory usage after reset: 20191.328125 MiB (Increase: 0.0 MiB)
Current lengths of episodes: [55, 140, 140, 49, 20, 140, 140, 140, 74, 100, 139, 139, 47, 139, 139, 34, 0, 139, 59, 18, 139, 139, 64, 4, 60, 8, 139, 139, 37, 139, 139, 139, 139, 8, 80, 139, 139, 139, 139, 90, 73, 139, 6, 139, 70, 61, 139, 57, 4, 139, 39, 139, 139, 33, 139, 139, 91, 52, 139, 64, 139, 60, 24, 47, 139, 54, 83, 139, 14, 35, 79, 139, 139, 49, 50, 139, 139, 73, 139, 139, 20, 51, 139, 80, 139, 139, 84, 139, 139, 89, 139, 71, 71, 38, 28, 139, 139, 139, 139, 139]
Memory usage at done (index 9, length 100, since_prev 1): 20191.328125 MiB (Increase: 0.0 MiB)
Memory usage before reset: 20191.328125 MiB (Increase: 0.0 MiB)
Memory usage after reset: 20191.328125 MiB (Increase: 0.0 MiB)
Current lengths of episodes: [61, 146, 146, 55, 25, 145, 145, 145, 79, 5, 145, 145, 53, 145, 145, 40, 6, 145, 65, 24, 145, 145, 70, 10, 66, 14, 145, 145, 43, 145, 145, 145, 145, 14, 86, 145, 145, 145, 145, 96, 79, 145, 12, 145, 76, 67, 145, 63, 10, 145, 45, 145, 145, 39, 145, 145, 97, 58, 145, 70, 145, 66, 30, 53, 145, 60, 89, 145, 20, 41, 85, 145, 145, 55, 56, 145, 145, 79, 145, 145, 26, 57, 145, 86, 145, 145, 90, 145, 145, 95, 145, 77, 77, 44, 34, 145, 145, 145, 145, 145]
Memory usage at done (index 3, length 55, since_prev 6): 20191.328125 MiB (Increase: 0.0 MiB)
Memory usage before reset: 20191.328125 MiB (Increase: 0.0 MiB)
Memory usage after reset: 20191.328125 MiB (Increase: 0.0 MiB)
Current lengths of episodes: [64, 149, 149, 3, 29, 149, 149, 149, 83, 9, 149, 149, 57, 149, 149, 44, 10, 149, 69, 28, 149, 149, 74, 14, 70, 18, 149, 149, 47, 149, 149, 149, 149, 18, 90, 149, 149, 149, 149, 100, 83, 149, 16, 149, 80, 71, 149, 67, 14, 149, 49, 149, 149, 43, 149, 149, 101, 62, 149, 74, 149, 70, 34, 57, 149, 64, 92, 148, 23, 44, 88, 148, 148, 58, 59, 148, 148, 82, 148, 148, 29, 60, 148, 89, 148, 148, 93, 148, 148, 98, 148, 80, 80, 47, 37, 148, 148, 148, 148, 148]
Memory usage at done (index 65, length 64, since_prev 3): 20191.328125 MiB (Increase: 0.0 MiB)
Memory usage before reset: 20191.328125 MiB (Increase: 0.0 MiB)
Memory usage after reset: 20191.328125 MiB (Increase: 0.0 MiB)
Current lengths of episodes: [68, 153, 153, 7, 33, 153, 153, 153, 87, 13, 153, 153, 61, 153, 153, 48, 14, 153, 73, 32, 153, 153, 78, 18, 74, 22, 153, 153, 51, 153, 153, 153, 153, 22, 94, 153, 153, 153, 153, 104, 87, 153, 20, 153, 84, 75, 153, 71, 18, 153, 53, 153, 153, 47, 153, 153, 105, 66, 153, 78, 153, 74, 38, 61, 153, 4, 97, 153, 28, 49, 93, 153, 153, 63, 64, 152, 152, 86, 152, 152, 33, 64, 152, 93, 152, 152, 97, 152, 152, 102, 152, 84, 84, 51, 41, 152, 152, 152, 152, 152]
Memory usage at done (index 74, length 64, since_prev 4): 20191.328125 MiB (Increase: 0.0 MiB)
Memory usage before reset: 20191.328125 MiB (Increase: 0.0 MiB)
Memory usage after reset: 20191.328125 MiB (Increase: 0.0 MiB)
Current lengths of episodes: [70, 155, 155, 9, 35, 155, 155, 155, 89, 15, 155, 155, 63, 155, 155, 50, 16, 155, 75, 33, 154, 154, 79, 19, 75, 23, 154, 154, 52, 154, 154, 154, 154, 23, 95, 154, 154, 154, 154, 105, 88, 154, 21, 154, 85, 76, 154, 72, 19, 154, 54, 154, 154, 48, 154, 154, 106, 67, 154, 79, 154, 75, 39, 62, 154, 5, 98, 154, 29, 50, 94, 154, 154, 64, 1, 154, 154, 88, 154, 154, 35, 66, 154, 95, 154, 154, 99, 154, 154, 104, 154, 86, 86, 53, 43, 154, 154, 154, 154, 154]
Memory usage at done (index 18, length 75, since_prev 2): 20191.328125 MiB (Increase: 0.0 MiB)
Memory usage before reset: 20191.328125 MiB (Increase: 0.0 MiB)
Memory usage after reset: 20191.328125 MiB (Increase: 0.0 MiB)
Current lengths of episodes: [71, 155, 155, 9, 35, 155, 155, 155, 89, 15, 155, 155, 63, 155, 155, 50, 16, 155, 0, 34, 155, 155, 80, 20, 76, 24, 155, 155, 53, 155, 155, 155, 155, 24, 96, 155, 155, 155, 155, 106, 89, 155, 22, 155, 86, 77, 155, 73, 20, 155, 55, 155, 155, 49, 155, 155, 107, 68, 155, 80, 155, 76, 40, 63, 155, 6, 99, 155, 30, 51, 95, 155, 155, 65, 2, 155, 155, 89, 155, 155, 36, 67, 155, 96, 155, 155, 100, 155, 155, 105, 155, 87, 87, 54, 44, 155, 155, 155, 155, 155]
Memory usage at done (index 0, length 71, since_prev 1): 20191.328125 MiB (Increase: 0.0 MiB)
Memory usage before reset: 20191.328125 MiB (Increase: 0.0 MiB)
Memory usage after reset: 20191.328125 MiB (Increase: 0.0 MiB)
Current lengths of episodes: [7, 163, 163, 17, 43, 163, 163, 163, 97, 23, 163, 163, 71, 163, 163, 58, 24, 163, 8, 42, 163, 163, 88, 28, 84, 32, 163, 163, 61, 163, 163, 163, 163, 32, 104, 163, 163, 163, 163, 114, 97, 163, 30, 163, 94, 85, 163, 81, 28, 163, 63, 163, 163, 57, 163, 163, 115, 76, 163, 88, 163, 84, 47, 70, 162, 13, 106, 162, 37, 58, 102, 162, 162, 72, 9, 162, 162, 96, 162, 162, 43, 74, 162, 103, 162, 162, 107, 162, 162, 112, 162, 94, 94, 61, 51, 162, 162, 162, 162, 162]
Memory usage at done (index 61, length 84, since_prev 7): 20191.328125 MiB (Increase: 0.0 MiB)
Memory usage before reset: 20191.328125 MiB (Increase: 0.0 MiB)
Memory usage after reset: 20191.328125 MiB (Increase: 0.0 MiB)
Current lengths of episodes: [13, 169, 169, 23, 49, 169, 169, 169, 103, 29, 169, 169, 77, 169, 169, 64, 30, 169, 14, 48, 169, 169, 94, 34, 90, 38, 169, 169, 67, 169, 169, 169, 169, 38, 110, 169, 169, 169, 169, 120, 103, 169, 36, 169, 100, 91, 168, 86, 33, 168, 68, 168, 168, 62, 168, 168, 120, 81, 168, 93, 168, 5, 53, 76, 168, 19, 112, 168, 43, 64, 108, 168, 168, 78, 15, 168, 168, 102, 168, 168, 49, 80, 168, 109, 168, 168, 113, 168, 168, 118, 168, 100, 100, 67, 57, 168, 168, 168, 168, 168]
Memory usage at done (index 45, length 91, since_prev 6): 20191.328125 MiB (Increase: 0.0 MiB)
Memory usage before reset: 20191.328125 MiB (Increase: 0.0 MiB)
Memory usage after reset: 20191.328125 MiB (Increase: 0.0 MiB)
Current lengths of episodes: [13, 169, 169, 23, 49, 169, 169, 169, 103, 29, 169, 169, 77, 169, 169, 64, 30, 169, 14, 48, 169, 169, 94, 34, 90, 38, 169, 169, 67, 169, 169, 169, 169, 38, 110, 169, 169, 169, 169, 120, 103, 169, 36, 169, 100, 0, 169, 87, 33, 168, 68, 168, 168, 62, 168, 168, 120, 81, 168, 93, 168, 5, 53, 76, 168, 19, 112, 168, 43, 64, 108, 168, 168, 78, 15, 168, 168, 102, 168, 168, 49, 80, 168, 109, 168, 168, 113, 168, 168, 118, 168, 100, 100, 67, 57, 168, 168, 168, 168, 168]
Memory usage at done (index 47, length 87, since_prev 0): 20191.328125 MiB (Increase: 0.0 MiB)
Memory usage before reset: 20191.328125 MiB (Increase: 0.0 MiB)
Memory usage after reset: 20191.328125 MiB (Increase: 0.0 MiB)
Current lengths of episodes: [18, 174, 174, 28, 54, 174, 174, 174, 108, 34, 174, 174, 82, 174, 174, 69, 35, 174, 19, 53, 174, 174, 99, 39, 95, 43, 174, 174, 72, 174, 174, 174, 174, 43, 115, 174, 174, 174, 174, 125, 108, 174, 41, 174, 105, 5, 174, 5, 39, 174, 74, 174, 174, 68, 174, 174, 126, 87, 174, 99, 174, 11, 59, 82, 174, 25, 118, 174, 49, 70, 114, 174, 174, 84, 21, 174, 174, 108, 174, 174, 55, 86, 174, 115, 174, 174, 119, 174, 174, 124, 174, 106, 106, 73, 62, 173, 173, 173, 173, 173]
Memory usage at done (index 93, length 73, since_prev 5): 20191.328125 MiB (Increase: 0.0 MiB)
Memory usage before reset: 20191.328125 MiB (Increase: 0.0 MiB)
Memory usage after reset: 20191.328125 MiB (Increase: 0.0 MiB)
Current lengths of episodes: [21, 177, 177, 31, 57, 177, 177, 177, 111, 37, 177, 177, 85, 177, 177, 72, 38, 177, 22, 56, 177, 177, 102, 42, 98, 46, 177, 177, 75, 177, 177, 177, 177, 46, 118, 177, 177, 177, 177, 128, 111, 177, 44, 177, 108, 8, 177, 8, 42, 177, 77, 177, 177, 71, 177, 177, 129, 90, 177, 102, 177, 14, 62, 85, 177, 28, 121, 177, 52, 73, 117, 177, 177, 87, 24, 177, 177, 111, 177, 177, 58, 88, 176, 117, 176, 176, 121, 176, 176, 126, 176, 108, 108, 2, 65, 176, 176, 176, 176, 176]
Memory usage at done (index 80, length 58, since_prev 3): 20191.328125 MiB (Increase: 0.0 MiB)
Memory usage before reset: 20191.328125 MiB (Increase: 0.0 MiB)
Memory usage after reset: 20191.328125 MiB (Increase: 0.0 MiB)
Current lengths of episodes: [27, 183, 183, 37, 63, 183, 183, 183, 117, 43, 183, 183, 91, 183, 183, 78, 44, 183, 28, 62, 183, 183, 108, 48, 104, 52, 183, 183, 81, 183, 183, 183, 183, 52, 124, 183, 183, 183, 183, 134, 117, 183, 50, 183, 114, 14, 183, 14, 48, 183, 83, 183, 183, 77, 183, 183, 135, 96, 183, 108, 183, 20, 68, 91, 183, 34, 127, 183, 58, 79, 123, 183, 183, 93, 30, 183, 183, 117, 183, 183, 6, 95, 182, 123, 182, 182, 127, 182, 182, 132, 182, 114, 114, 8, 71, 182, 182, 182, 182, 182]
Memory usage at done (index 81, length 95, since_prev 6): 20191.328125 MiB (Increase: 0.0 MiB)
Memory usage before reset: 20191.328125 MiB (Increase: 0.0 MiB)
Memory usage after reset: 20191.328125 MiB (Increase: 0.0 MiB)
Current lengths of episodes: [28, 184, 184, 38, 64, 184, 184, 184, 118, 44, 184, 184, 92, 184, 184, 79, 45, 184, 29, 63, 184, 184, 109, 49, 105, 53, 184, 184, 82, 184, 184, 184, 184, 53, 125, 183, 183, 183, 183, 134, 117, 183, 50, 183, 114, 14, 183, 14, 48, 183, 83, 183, 183, 77, 183, 183, 135, 96, 183, 108, 183, 20, 68, 91, 183, 34, 127, 183, 58, 79, 123, 183, 183, 93, 30, 183, 183, 117, 183, 183, 6, 0, 183, 124, 183, 183, 128, 183, 183, 133, 183, 115, 115, 9, 72, 183, 183, 183, 183, 183]
Memory usage at done (index 34, length 125, since_prev 1): 20191.328125 MiB (Increase: 0.0 MiB)
Memory usage before reset: 20191.328125 MiB (Increase: 0.0 MiB)
Memory usage after reset: 20191.328125 MiB (Increase: 0.0 MiB)
Current lengths of episodes: [42, 198, 198, 52, 78, 198, 198, 198, 132, 58, 198, 198, 106, 198, 198, 93, 59, 198, 43, 77, 198, 198, 123, 63, 119, 67, 198, 198, 96, 198, 198, 198, 198, 67, 13, 197, 197, 197, 197, 148, 131, 197, 64, 197, 128, 28, 197, 28, 62, 197, 97, 197, 197, 91, 197, 197, 149, 110, 197, 122, 197, 34, 82, 105, 197, 48, 141, 197, 72, 93, 137, 197, 197, 107, 44, 197, 197, 131, 197, 197, 20, 14, 197, 138, 197, 197, 142, 197, 197, 147, 197, 129, 129, 23, 86, 197, 197, 197, 197, 197]
Memory usage at done (index 33, length 67, since_prev 14): 20191.328125 MiB (Increase: 0.0 MiB)
Memory usage before reset: 20191.328125 MiB (Increase: 0.0 MiB)
Memory usage after reset: 20191.328125 MiB (Increase: 0.0 MiB)
Current lengths of episodes: [47, 203, 203, 57, 83, 203, 203, 203, 137, 63, 203, 203, 111, 203, 203, 98, 64, 203, 48, 82, 203, 203, 128, 68, 124, 72, 203, 203, 101, 203, 203, 203, 203, 5, 19, 203, 203, 203, 203, 154, 137, 203, 70, 203, 134, 34, 203, 34, 68, 203, 103, 203, 203, 97, 203, 203, 155, 116, 203, 128, 203, 40, 88, 111, 203, 54, 147, 203, 78, 98, 142, 202, 202, 112, 49, 202, 202, 136, 202, 202, 25, 19, 202, 143, 202, 202, 147, 202, 202, 152, 202, 134, 134, 28, 91, 202, 202, 202, 202, 202]
Memory usage at done (index 68, length 78, since_prev 5): 20191.328125 MiB (Increase: 0.0 MiB)
Memory usage before reset: 20191.328125 MiB (Increase: 0.0 MiB)
Memory usage after reset: 20191.328125 MiB (Increase: 0.0 MiB)
Current lengths of episodes: [51, 207, 207, 61, 87, 207, 207, 207, 141, 67, 207, 207, 115, 207, 207, 102, 68, 207, 52, 86, 207, 207, 132, 72, 128, 76, 207, 207, 105, 207, 207, 207, 207, 9, 23, 207, 207, 207, 207, 158, 141, 207, 74, 207, 138, 38, 207, 38, 72, 207, 107, 206, 206, 100, 206, 206, 158, 119, 206, 131, 206, 43, 91, 114, 206, 57, 150, 206, 3, 102, 146, 206, 206, 116, 53, 206, 206, 140, 206, 206, 29, 23, 206, 147, 206, 206, 151, 206, 206, 156, 206, 138, 138, 32, 95, 206, 206, 206, 206, 206]
Memory usage at done (index 50, length 107, since_prev 4): 20191.328125 MiB (Increase: 0.0 MiB)
Memory usage before reset: 20191.328125 MiB (Increase: 0.0 MiB)
Memory usage after reset: 20191.328125 MiB (Increase: 0.0 MiB)
Current lengths of episodes: [63, 218, 218, 72, 98, 218, 218, 218, 152, 78, 218, 218, 126, 218, 218, 113, 79, 218, 63, 97, 218, 218, 143, 83, 139, 87, 218, 218, 116, 218, 218, 218, 218, 20, 34, 218, 218, 218, 218, 169, 152, 218, 85, 218, 149, 49, 218, 49, 83, 218, 11, 218, 218, 112, 218, 218, 170, 131, 218, 143, 218, 55, 103, 126, 218, 69, 162, 218, 15, 114, 158, 218, 218, 128, 65, 218, 218, 152, 218, 218, 41, 35, 218, 159, 218, 218, 163, 218, 218, 168, 218, 150, 150, 44, 107, 218, 218, 218, 218, 218]
Memory usage at done (index 0, length 63, since_prev 12): 20191.328125 MiB (Increase: 0.0 MiB)
Memory usage before reset: 20191.328125 MiB (Increase: 0.0 MiB)
Memory usage after reset: 20191.328125 MiB (Increase: 0.0 MiB)
Current lengths of episodes: [4, 223, 223, 77, 103, 223, 223, 223, 157, 83, 223, 223, 131, 223, 223, 118, 84, 223, 68, 101, 222, 222, 147, 87, 143, 91, 222, 222, 120, 222, 222, 222, 222, 24, 38, 222, 222, 222, 222, 173, 156, 222, 89, 222, 153, 53, 222, 53, 87, 222, 15, 222, 222, 116, 222, 222, 174, 135, 222, 147, 222, 59, 107, 130, 222, 73, 166, 222, 19, 118, 162, 222, 222, 132, 69, 222, 222, 156, 222, 222, 45, 39, 222, 163, 222, 222, 167, 222, 222, 172, 222, 154, 154, 48, 111, 222, 222, 222, 222, 222]
Memory usage at done (index 18, length 68, since_prev 4): 20191.328125 MiB (Increase: 0.0 MiB)
Memory usage before reset: 20191.328125 MiB (Increase: 0.0 MiB)
Memory usage after reset: 20191.328125 MiB (Increase: 0.0 MiB)
Current lengths of episodes: [7, 226, 226, 80, 105, 225, 225, 225, 159, 85, 225, 225, 133, 225, 225, 120, 86, 225, 2, 104, 225, 225, 150, 90, 146, 94, 225, 225, 123, 225, 225, 225, 225, 27, 41, 225, 225, 225, 225, 176, 159, 225, 92, 225, 156, 56, 225, 56, 90, 225, 18, 225, 225, 119, 225, 225, 177, 138, 225, 150, 225, 62, 110, 133, 225, 76, 169, 225, 22, 121, 165, 225, 225, 135, 72, 225, 225, 159, 225, 225, 48, 42, 225, 166, 225, 225, 170, 225, 225, 175, 225, 157, 157, 51, 114, 225, 225, 225, 225, 225]
Memory usage at done (index 3, length 80, since_prev 3): 20191.328125 MiB (Increase: 0.0 MiB)
Memory usage before reset: 20191.328125 MiB (Increase: 0.0 MiB)
Memory usage after reset: 20191.328125 MiB (Increase: 0.0 MiB)
Current lengths of episodes: [8, 227, 227, 1, 107, 227, 227, 227, 161, 87, 227, 227, 135, 227, 227, 122, 88, 227, 4, 106, 227, 227, 152, 92, 148, 96, 227, 227, 125, 227, 227, 227, 227, 29, 43, 227, 227, 227, 227, 178, 161, 227, 94, 227, 158, 58, 227, 58, 92, 227, 20, 227, 227, 121, 227, 227, 179, 140, 227, 152, 227, 64, 112, 135, 227, 78, 170, 226, 23, 122, 166, 226, 226, 136, 73, 226, 226, 160, 226, 226, 49, 43, 226, 167, 226, 226, 171, 226, 226, 176, 226, 158, 158, 52, 115, 226, 226, 226, 226, 226]
Memory usage at done (index 65, length 78, since_prev 1): 20191.328125 MiB (Increase: 0.0 MiB)
Memory usage before reset: 20191.328125 MiB (Increase: 0.0 MiB)
Memory usage after reset: 20191.328125 MiB (Increase: 0.0 MiB)
Current lengths of episodes: [11, 230, 230, 4, 110, 230, 230, 230, 164, 90, 230, 230, 138, 230, 230, 125, 91, 230, 7, 109, 230, 230, 155, 95, 151, 99, 230, 230, 128, 230, 230, 230, 230, 32, 46, 230, 230, 230, 230, 181, 164, 230, 97, 230, 161, 61, 230, 61, 95, 230, 23, 230, 230, 124, 230, 230, 182, 143, 230, 155, 230, 67, 115, 138, 230, 3, 174, 230, 27, 126, 169, 229, 229, 139, 76, 229, 229, 163, 229, 229, 52, 46, 229, 170, 229, 229, 174, 229, 229, 179, 229, 161, 161, 55, 118, 229, 229, 229, 229, 229]
Memory usage at done (index 69, length 126, since_prev 3): 20191.328125 MiB (Increase: 0.0 MiB)
Memory usage before reset: 20191.328125 MiB (Increase: 0.0 MiB)
Memory usage after reset: 20191.328125 MiB (Increase: 0.0 MiB)
Current lengths of episodes: [19, 238, 238, 12, 118, 238, 238, 238, 172, 98, 238, 238, 146, 238, 238, 133, 99, 238, 15, 117, 238, 238, 163, 103, 159, 107, 237, 237, 135, 237, 237, 237, 237, 39, 53, 237, 237, 237, 237, 188, 171, 237, 104, 237, 168, 68, 237, 68, 102, 237, 30, 237, 237, 131, 237, 237, 189, 150, 237, 162, 237, 74, 122, 145, 237, 10, 181, 237, 34, 7, 177, 237, 237, 147, 84, 237, 237, 171, 237, 237, 60, 54, 237, 178, 237, 237, 182, 237, 237, 187, 237, 169, 169, 63, 126, 237, 237, 237, 237, 237]
Memory usage at done (index 25, length 107, since_prev 8): 20191.328125 MiB (Increase: 0.0 MiB)
Memory usage before reset: 20191.328125 MiB (Increase: 0.0 MiB)
Memory usage after reset: 20191.328125 MiB (Increase: 0.0 MiB)
Current lengths of episodes: [21, 240, 240, 14, 120, 240, 240, 240, 174, 100, 240, 240, 148, 240, 240, 135, 101, 240, 17, 119, 240, 240, 165, 105, 161, 2, 240, 240, 138, 240, 240, 240, 240, 42, 56, 240, 240, 240, 240, 191, 174, 240, 107, 240, 171, 71, 240, 71, 104, 239, 32, 239, 239, 133, 239, 239, 191, 152, 239, 164, 239, 76, 124, 147, 239, 12, 183, 239, 36, 9, 179, 239, 239, 149, 86, 239, 239, 173, 239, 239, 62, 56, 239, 180, 239, 239, 184, 239, 239, 189, 239, 171, 171, 65, 128, 239, 239, 239, 239, 239]
Memory usage at done (index 47, length 71, since_prev 2): 20191.328125 MiB (Increase: 0.0 MiB)
Memory usage before reset: 20191.328125 MiB (Increase: 0.0 MiB)
Memory usage after reset: 20191.328125 MiB (Increase: 0.0 MiB)
Current lengths of episodes: [46, 265, 265, 39, 145, 265, 265, 265, 199, 125, 265, 265, 173, 265, 265, 160, 126, 265, 42, 144, 265, 265, 190, 130, 186, 27, 265, 265, 163, 265, 265, 265, 265, 67, 81, 265, 265, 265, 265, 216, 199, 265, 132, 265, 196, 96, 265, 25, 130, 265, 58, 265, 265, 159, 265, 265, 217, 178, 265, 190, 265, 102, 150, 173, 265, 38, 209, 264, 61, 34, 204, 264, 264, 174, 111, 264, 264, 198, 264, 264, 87, 81, 264, 205, 264, 264, 209, 264, 264, 214, 264, 196, 196, 90, 153, 264, 264, 264, 264, 264]
Memory usage at done (index 66, length 209, since_prev 25): 20191.328125 MiB (Increase: 0.0 MiB)
Memory usage before reset: 20191.328125 MiB (Increase: 0.0 MiB)
Memory usage after reset: 20191.328125 MiB (Increase: 0.0 MiB)
Current lengths of episodes: [49, 268, 268, 42, 148, 268, 268, 268, 202, 128, 268, 268, 176, 268, 268, 163, 129, 268, 45, 147, 268, 268, 193, 133, 189, 30, 268, 268, 166, 268, 268, 268, 268, 70, 84, 267, 267, 267, 267, 218, 201, 267, 134, 267, 198, 98, 267, 27, 132, 267, 60, 267, 267, 161, 267, 267, 219, 180, 267, 192, 267, 104, 152, 175, 267, 40, 2, 267, 64, 37, 207, 267, 267, 177, 114, 267, 267, 201, 267, 267, 90, 84, 267, 208, 267, 267, 212, 267, 267, 217, 267, 199, 199, 93, 156, 267, 267, 267, 267, 267]
Memory usage at done (index 34, length 84, since_prev 3): 20191.328125 MiB (Increase: 0.0 MiB)
Memory usage before reset: 20191.328125 MiB (Increase: 0.0 MiB)
Memory usage after reset: 20191.328125 MiB (Increase: 0.0 MiB)
Current lengths of episodes: [52, 271, 271, 45, 151, 271, 271, 271, 205, 131, 271, 271, 179, 271, 271, 166, 132, 271, 48, 150, 271, 271, 196, 136, 192, 33, 271, 271, 169, 271, 271, 271, 271, 73, 3, 271, 271, 271, 271, 222, 205, 271, 138, 271, 202, 102, 271, 31, 136, 271, 64, 271, 271, 165, 271, 271, 223, 184, 271, 196, 271, 108, 156, 179, 271, 44, 6, 271, 68, 41, 211, 271, 271, 181, 118, 271, 271, 205, 271, 271, 94, 88, 270, 211, 270, 270, 215, 270, 270, 220, 270, 202, 202, 96, 159, 270, 270, 270, 270, 270]
Memory usage at done (index 81, length 88, since_prev 3): 20191.328125 MiB (Increase: 0.0 MiB)
Memory usage before reset: 20191.328125 MiB (Increase: 0.0 MiB)
Memory usage after reset: 20191.328125 MiB (Increase: 0.0 MiB)
Current lengths of episodes: [54, 273, 273, 47, 153, 273, 272, 272, 206, 132, 272, 272, 180, 272, 272, 167, 133, 272, 49, 151, 272, 272, 197, 137, 193, 34, 272, 272, 170, 272, 272, 272, 272, 74, 4, 272, 272, 272, 272, 223, 206, 272, 139, 272, 203, 103, 272, 32, 137, 272, 65, 272, 272, 166, 272, 272, 224, 185, 272, 197, 272, 109, 157, 180, 272, 45, 7, 272, 69, 42, 212, 272, 272, 182, 119, 272, 272, 206, 272, 272, 95, 1, 272, 213, 272, 272, 217, 272, 272, 222, 272, 204, 204, 98, 161, 272, 272, 272, 272, 272]
Memory usage at done (index 5, length 273, since_prev 2): 20191.328125 MiB (Increase: 0.0 MiB)
Memory usage before reset: 20191.328125 MiB (Increase: 0.0 MiB)
Memory usage after reset: 20191.328125 MiB (Increase: 0.0 MiB)
Current lengths of episodes: [61, 279, 279, 53, 159, 6, 279, 279, 213, 139, 279, 279, 187, 279, 279, 174, 140, 279, 56, 158, 279, 279, 204, 144, 200, 41, 279, 279, 177, 279, 279, 279, 279, 81, 11, 279, 279, 279, 279, 230, 213, 279, 146, 279, 210, 110, 279, 39, 144, 279, 72, 279, 279, 173, 279, 279, 231, 192, 279, 204, 279, 116, 164, 187, 279, 52, 14, 279, 76, 49, 219, 279, 279, 189, 126, 279, 279, 213, 279, 279, 102, 8, 279, 220, 279, 279, 224, 279, 279, 229, 279, 211, 211, 105, 168, 279, 279, 279, 279, 279]
Memory usage at done (index 0, length 61, since_prev 7): 20191.328125 MiB (Increase: 0.0 MiB)
Memory usage before reset: 20191.328125 MiB (Increase: 0.0 MiB)
Memory usage after reset: 20191.328125 MiB (Increase: 0.0 MiB)
Current lengths of episodes: [12, 292, 292, 66, 171, 18, 291, 291, 225, 151, 291, 291, 199, 291, 291, 186, 152, 291, 68, 170, 291, 291, 216, 156, 212, 53, 291, 291, 189, 291, 291, 291, 291, 93, 23, 291, 291, 291, 291, 242, 225, 291, 158, 291, 222, 122, 291, 51, 156, 291, 84, 291, 291, 185, 291, 291, 243, 204, 291, 216, 291, 128, 176, 199, 291, 64, 26, 291, 88, 61, 231, 291, 291, 201, 138, 291, 291, 225, 291, 291, 114, 20, 291, 232, 291, 291, 236, 291, 291, 241, 291, 223, 223, 117, 180, 291, 291, 291, 291, 291]
Memory usage at done (index 3, length 66, since_prev 12): 20191.328125 MiB (Increase: 0.0 MiB)
Memory usage before reset: 20191.328125 MiB (Increase: 0.0 MiB)
Memory usage after reset: 20191.328125 MiB (Increase: 0.0 MiB)
Current lengths of episodes: [47, 327, 327, 35, 207, 54, 327, 327, 261, 187, 327, 327, 235, 327, 327, 222, 188, 327, 104, 206, 327, 327, 252, 192, 248, 89, 327, 327, 225, 327, 327, 327, 327, 129, 59, 327, 327, 327, 327, 278, 261, 327, 194, 327, 258, 158, 327, 87, 192, 327, 120, 327, 327, 221, 327, 327, 279, 240, 327, 252, 327, 164, 212, 235, 327, 100, 62, 327, 124, 97, 267, 327, 327, 237, 174, 327, 327, 261, 327, 327, 150, 56, 327, 268, 327, 327, 272, 327, 327, 277, 326, 258, 258, 152, 215, 326, 326, 326, 326, 326]
Memory usage at done (index 89, length 277, since_prev 35): 20191.328125 MiB (Increase: 0.0 MiB)
Memory usage before reset: 20191.328125 MiB (Increase: 0.0 MiB)
Memory usage after reset: 20191.328125 MiB (Increase: 0.0 MiB)
Current lengths of episodes: [54, 334, 334, 42, 214, 61, 334, 334, 268, 194, 334, 334, 242, 334, 334, 229, 195, 334, 111, 213, 334, 334, 259, 199, 255, 96, 334, 334, 232, 334, 334, 334, 334, 136, 66, 334, 334, 334, 334, 285, 268, 334, 201, 334, 265, 165, 334, 94, 198, 333, 126, 333, 333, 227, 333, 333, 285, 246, 333, 258, 333, 170, 218, 241, 333, 106, 68, 333, 130, 103, 273, 333, 333, 243, 180, 333, 333, 267, 333, 333, 156, 62, 333, 274, 333, 333, 278, 333, 333, 6, 333, 265, 265, 159, 222, 333, 333, 333, 333, 333]
Memory usage at done (index 47, length 94, since_prev 7): 20191.328125 MiB (Increase: 0.0 MiB)
Memory usage before reset: 20191.328125 MiB (Increase: 0.0 MiB)
Memory usage after reset: 20191.328125 MiB (Increase: 0.0 MiB)
Current lengths of episodes: [68, 347, 347, 55, 227, 74, 347, 347, 281, 207, 347, 347, 255, 347, 347, 242, 208, 347, 124, 226, 347, 347, 272, 212, 268, 109, 347, 347, 245, 347, 347, 347, 347, 149, 79, 347, 347, 347, 347, 298, 281, 347, 214, 347, 278, 178, 347, 13, 212, 347, 140, 347, 347, 241, 347, 347, 299, 260, 347, 272, 347, 184, 232, 255, 347, 120, 82, 347, 144, 117, 287, 347, 347, 257, 194, 347, 347, 281, 347, 347, 170, 76, 347, 288, 347, 347, 292, 347, 347, 20, 347, 279, 279, 173, 236, 347, 347, 347, 347, 347]
Memory usage at done (index 0, length 68, since_prev 14): 20191.328125 MiB (Increase: 0.0 MiB)
Memory usage before reset: 20191.328125 MiB (Increase: 0.0 MiB)
Memory usage after reset: 20191.328125 MiB (Increase: 0.0 MiB)
Current lengths of episodes: [21, 369, 369, 77, 249, 96, 369, 369, 303, 229, 369, 369, 277, 369, 369, 264, 230, 369, 146, 248, 369, 369, 294, 234, 290, 131, 369, 369, 267, 369, 369, 369, 369, 171, 101, 369, 369, 369, 369, 320, 303, 369, 236, 369, 300, 200, 369, 35, 234, 369, 162, 369, 369, 263, 369, 369, 321, 282, 369, 294, 369, 206, 254, 277, 369, 142, 103, 368, 165, 138, 308, 368, 368, 278, 215, 368, 368, 302, 368, 368, 191, 97, 368, 309, 368, 368, 313, 368, 368, 41, 368, 300, 300, 194, 257, 368, 368, 368, 368, 368]
Memory usage at done (index 65, length 142, since_prev 21): 20191.328125 MiB (Increase: 0.0 MiB)
Memory usage before reset: 20191.328125 MiB (Increase: 0.0 MiB)
Memory usage after reset: 20191.328125 MiB (Increase: 0.0 MiB)
Current lengths of episodes: [51, 399, 399, 107, 279, 126, 399, 399, 333, 259, 399, 399, 307, 399, 399, 294, 260, 399, 176, 278, 399, 399, 324, 264, 320, 161, 399, 399, 297, 399, 399, 399, 399, 201, 131, 399, 399, 399, 399, 350, 333, 399, 266, 399, 330, 230, 399, 65, 263, 398, 191, 398, 398, 292, 398, 398, 350, 311, 398, 323, 398, 235, 283, 306, 398, 29, 133, 398, 195, 168, 338, 398, 398, 308, 245, 398, 398, 332, 398, 398, 221, 127, 398, 339, 398, 398, 343, 398, 398, 71, 398, 330, 330, 224, 287, 398, 398, 398, 398, 398]
Memory usage at done (index 47, length 65, since_prev 30): 20191.328125 MiB (Increase: 0.0 MiB)
Memory usage before reset: 20191.328125 MiB (Increase: 0.0 MiB)
Memory usage after reset: 20191.328125 MiB (Increase: 0.0 MiB)
Current lengths of episodes: [64, 412, 412, 120, 292, 139, 412, 412, 346, 272, 412, 412, 320, 412, 412, 307, 273, 412, 189, 291, 412, 412, 337, 277, 333, 174, 412, 412, 310, 412, 412, 412, 412, 214, 144, 412, 412, 412, 412, 363, 346, 412, 279, 412, 343, 243, 412, 13, 277, 412, 205, 412, 412, 306, 412, 412, 364, 325, 412, 337, 412, 249, 297, 320, 412, 43, 147, 412, 209, 182, 352, 412, 412, 322, 259, 412, 412, 346, 412, 412, 235, 141, 412, 353, 412, 412, 357, 412, 412, 85, 411, 343, 343, 237, 300, 411, 411, 411, 411, 411]
Memory usage at done (index 89, length 85, since_prev 13): 20191.328125 MiB (Increase: 0.0 MiB)
Memory usage before reset: 20191.328125 MiB (Increase: 0.0 MiB)
Memory usage after reset: 20191.328125 MiB (Increase: 0.0 MiB)
Current lengths of episodes: [71, 418, 418, 126, 298, 145, 418, 418, 352, 278, 418, 418, 326, 418, 418, 313, 279, 418, 195, 297, 418, 418, 343, 283, 339, 180, 418, 418, 316, 418, 418, 418, 418, 220, 150, 418, 418, 418, 418, 369, 352, 418, 285, 418, 349, 249, 418, 19, 283, 418, 211, 418, 418, 312, 418, 418, 370, 331, 418, 343, 418, 255, 303, 326, 418, 49, 153, 418, 215, 188, 358, 418, 418, 328, 265, 418, 418, 352, 418, 418, 241, 147, 418, 359, 418, 418, 363, 418, 418, 6, 418, 350, 350, 244, 307, 418, 418, 418, 418, 418]
Memory usage at done (index 0, length 71, since_prev 7): 20191.328125 MiB (Increase: 0.0 MiB)
Memory usage before reset: 20191.328125 MiB (Increase: 0.0 MiB)
Memory usage after reset: 20191.328125 MiB (Increase: 0.0 MiB)
Current lengths of episodes: [124, 543, 543, 251, 423, 270, 543, 543, 477, 403, 543, 543, 451, 543, 543, 438, 404, 543, 320, 422, 543, 543, 468, 408, 464, 305, 543, 543, 441, 543, 543, 543, 543, 345, 275, 543, 543, 543, 543, 494, 477, 543, 410, 543, 474, 374, 543, 144, 408, 543, 336, 543, 543, 437, 543, 543, 495, 456, 543, 468, 543, 380, 428, 451, 543, 174, 277, 542, 339, 312, 482, 542, 542, 452, 389, 542, 542, 476, 542, 542, 365, 271, 542, 483, 542, 542, 487, 542, 542, 130, 542, 474, 474, 368, 431, 542, 542, 542, 542, 542]
Memory usage at done (index 65, length 174, since_prev 124): 20191.328125 MiB (Increase: 0.0 MiB)
Memory usage before reset: 20191.328125 MiB (Increase: 0.0 MiB)
Memory usage after reset: 20191.328125 MiB (Increase: 0.0 MiB)
Current lengths of episodes: [132, 551, 551, 259, 431, 278, 551, 551, 485, 411, 551, 551, 459, 551, 551, 446, 412, 551, 328, 430, 551, 551, 476, 416, 472, 313, 551, 551, 449, 551, 551, 551, 551, 353, 283, 551, 551, 551, 551, 502, 485, 551, 418, 551, 482, 382, 551, 152, 416, 551, 344, 551, 551, 445, 551, 551, 503, 464, 551, 476, 551, 388, 436, 459, 551, 8, 286, 551, 348, 321, 491, 551, 551, 461, 398, 551, 551, 485, 551, 551, 374, 280, 551, 492, 550, 550, 495, 550, 550, 138, 550, 482, 482, 376, 439, 550, 550, 550, 550, 550]
Memory usage at done (index 83, length 492, since_prev 8): 20191.328125 MiB (Increase: 0.0 MiB)
Memory usage before reset: 20191.328125 MiB (Increase: 0.0 MiB)
Memory usage after reset: 20191.328125 MiB (Increase: 0.0 MiB)
Current lengths of episodes: [157, 576, 576, 284, 456, 303, 576, 576, 510, 436, 576, 576, 484, 576, 576, 471, 437, 576, 353, 454, 575, 575, 500, 440, 496, 337, 575, 575, 473, 575, 575, 575, 575, 377, 307, 575, 575, 575, 575, 526, 509, 575, 442, 575, 506, 406, 575, 176, 440, 575, 368, 575, 575, 469, 575, 575, 527, 488, 575, 500, 575, 412, 460, 483, 575, 32, 310, 575, 372, 345, 515, 575, 575, 485, 422, 575, 575, 509, 575, 575, 398, 304, 575, 24, 575, 575, 520, 575, 575, 163, 575, 507, 507, 401, 464, 575, 575, 575, 575, 575]
Memory usage at done (index 18, length 353, since_prev 25): 20191.328125 MiB (Increase: 0.0 MiB)
Memory usage before reset: 20191.328125 MiB (Increase: 0.0 MiB)
Memory usage after reset: 20191.328125 MiB (Increase: 0.0 MiB)
Current lengths of episodes: [182, 601, 601, 309, 481, 328, 601, 601, 535, 461, 601, 601, 509, 601, 601, 496, 462, 601, 25, 480, 601, 601, 526, 466, 522, 363, 601, 601, 499, 601, 601, 601, 601, 403, 333, 601, 601, 601, 601, 552, 535, 601, 468, 601, 532, 432, 601, 202, 466, 601, 394, 601, 601, 495, 601, 601, 553, 514, 601, 526, 601, 438, 486, 509, 601, 58, 335, 600, 397, 370, 540, 600, 600, 510, 447, 600, 600, 534, 600, 600, 423, 329, 600, 49, 600, 600, 545, 600, 600, 188, 600, 532, 532, 426, 489, 600, 600, 600, 600, 600]
Memory usage at done (index 65, length 58, since_prev 25): 20548.65625 MiB (Increase: 357.328125 MiB)
Memory usage before reset: 20548.65625 MiB (Increase: 0.0 MiB)
Memory usage after reset: 20551.671875 MiB (Increase: 3.015625 MiB)
Current lengths of episodes: [213, 632, 632, 340, 512, 359, 632, 632, 566, 492, 632, 632, 540, 632, 632, 527, 493, 632, 56, 510, 631, 631, 556, 496, 552, 393, 631, 631, 529, 631, 631, 631, 631, 433, 363, 631, 631, 631, 631, 582, 565, 631, 498, 631, 562, 462, 631, 232, 496, 631, 424, 631, 631, 525, 631, 631, 583, 544, 631, 556, 631, 468, 516, 539, 631, 30, 366, 631, 428, 401, 571, 631, 631, 541, 478, 631, 631, 565, 631, 631, 454, 360, 631, 80, 631, 631, 576, 631, 631, 219, 631, 563, 563, 457, 520, 631, 631, 631, 631, 631]
Memory usage at done (index 18, length 56, since_prev 31): 21212.52734375 MiB (Increase: 660.85546875 MiB)
Memory usage before reset: 21212.52734375 MiB (Increase: 0.0 MiB)
Memory usage after reset: 21215.60546875 MiB (Increase: 3.078125 MiB)
Current lengths of episodes: [252, 671, 671, 379, 551, 398, 671, 671, 605, 531, 671, 671, 579, 671, 671, 566, 532, 671, 39, 550, 671, 671, 596, 536, 592, 433, 671, 671, 569, 671, 671, 671, 671, 473, 403, 671, 671, 671, 671, 622, 605, 670, 537, 670, 601, 501, 670, 271, 535, 670, 463, 670, 670, 564, 670, 670, 622, 583, 670, 595, 670, 507, 555, 578, 670, 69, 405, 670, 467, 440, 610, 670, 670, 580, 517, 670, 670, 604, 670, 670, 493, 399, 670, 119, 670, 670, 615, 670, 670, 258, 670, 602, 602, 496, 559, 670, 670, 670, 670, 670]
New longest episode length: 605, previous longest: 516
Memory usage at done (index 40, length 605, since_prev 39): 22057.5703125 MiB (Increase: 841.96484375 MiB)
Memory usage before reset: 22057.5703125 MiB (Increase: 0.0 MiB)
Memory usage after reset: 22060.828125 MiB (Increase: 3.2578125 MiB)
Current lengths of episodes: [331, 750, 750, 458, 630, 477, 750, 750, 684, 610, 750, 750, 658, 750, 750, 645, 611, 750, 118, 629, 750, 750, 675, 615, 671, 512, 750, 750, 648, 750, 750, 750, 750, 552, 482, 750, 750, 750, 750, 701, 79, 750, 617, 750, 681, 581, 750, 351, 615, 750, 543, 750, 750, 644, 750, 750, 702, 663, 750, 675, 750, 587, 635, 658, 750, 149, 484, 749, 546, 519, 689, 749, 749, 659, 596, 749, 749, 683, 749, 749, 572, 478, 749, 198, 749, 749, 694, 749, 749, 337, 749, 681, 681, 575, 638, 749, 749, 749, 749, 749]
Memory usage at done (index 65, length 149, since_prev 79): 23765.8203125 MiB (Increase: 1704.9921875 MiB)
Memory usage before reset: 23765.8203125 MiB (Increase: 0.0 MiB)
Memory usage after reset: 23769.05859375 MiB (Increase: 3.23828125 MiB)
Training episode 900
Memory usage at middle: 23769.05859375 MiB (Increase: 0.0 MiB)
Memory usage before collect: 23771.734375 MiB (Increase: 2.67578125 MiB)
Memory usage after collect: 23771.734375 MiB (Increase: 0.0 MiB)
Episode 900	Average evaluation: -98.39671683036252
Memory usage before initialization: 23771.734375 MiB (Increase: 0.0 MiB)
Memory usage after initialization: 23771.734375 MiB (Increase: 0.0 MiB)
Current lengths of episodes: [43, 43, 43, 43, 43, 43, 43, 43, 43, 43, 43, 43, 43, 43, 43, 43, 43, 43, 43, 43, 43, 43, 43, 43, 43, 43, 43, 43, 43, 43, 43, 43, 43, 43, 43, 43, 43, 43, 43, 43, 43, 43, 43, 43, 43, 43, 43, 43, 43, 43, 43, 43, 43, 43, 43, 43, 43, 43, 43, 43, 43, 43, 43, 43, 43, 43, 43, 43, 43, 43, 43, 43, 43, 43, 43, 43, 43, 43, 43, 42, 42, 42, 42, 42, 42, 42, 42, 42, 42, 42, 42, 42, 42, 42, 42, 42, 42, 42, 42, 42]
Memory usage at done (index 78, length 43, since_prev 43): 23772.12109375 MiB (Increase: 0.38671875 MiB)
Memory usage before reset: 23772.12109375 MiB (Increase: 0.0 MiB)
Memory usage after reset: 23772.12109375 MiB (Increase: 0.0 MiB)
Current lengths of episodes: [45, 45, 45, 45, 45, 45, 45, 45, 45, 45, 45, 45, 45, 45, 45, 45, 45, 45, 45, 45, 45, 45, 45, 45, 45, 45, 45, 45, 45, 45, 45, 45, 45, 45, 45, 45, 45, 45, 45, 45, 45, 45, 45, 45, 45, 45, 45, 45, 45, 45, 45, 45, 45, 45, 45, 45, 45, 44, 44, 44, 44, 44, 44, 44, 44, 44, 44, 44, 44, 44, 44, 44, 44, 44, 44, 44, 44, 44, 1, 44, 44, 44, 44, 44, 44, 44, 44, 44, 44, 44, 44, 44, 44, 44, 44, 44, 44, 44, 44, 44]
Memory usage at done (index 56, length 45, since_prev 2): 23772.12109375 MiB (Increase: 0.0 MiB)
Memory usage before reset: 23772.12109375 MiB (Increase: 0.0 MiB)
Memory usage after reset: 23772.12109375 MiB (Increase: 0.0 MiB)
Current lengths of episodes: [48, 48, 48, 48, 48, 48, 48, 48, 48, 48, 48, 48, 48, 48, 48, 48, 48, 48, 48, 48, 48, 48, 48, 48, 48, 48, 48, 48, 48, 48, 48, 48, 48, 48, 48, 48, 48, 47, 47, 47, 47, 47, 47, 47, 47, 47, 47, 47, 47, 47, 47, 47, 47, 47, 47, 47, 2, 47, 47, 47, 47, 47, 47, 47, 47, 47, 47, 47, 47, 47, 47, 47, 47, 47, 47, 47, 47, 47, 4, 47, 47, 47, 47, 47, 47, 47, 47, 47, 47, 47, 47, 47, 47, 47, 47, 47, 47, 47, 47, 47]
Memory usage at done (index 36, length 48, since_prev 3): 23772.12109375 MiB (Increase: 0.0 MiB)
Memory usage before reset: 23772.12109375 MiB (Increase: 0.0 MiB)
Memory usage after reset: 23772.12109375 MiB (Increase: 0.0 MiB)
Current lengths of episodes: [50, 50, 50, 50, 50, 50, 50, 50, 50, 50, 50, 50, 50, 50, 50, 50, 50, 50, 50, 50, 50, 50, 50, 50, 50, 50, 50, 50, 50, 50, 50, 50, 50, 50, 50, 50, 2, 50, 50, 50, 50, 50, 50, 50, 50, 50, 50, 50, 50, 50, 50, 50, 50, 50, 50, 50, 5, 50, 50, 50, 50, 50, 50, 50, 50, 49, 49, 49, 49, 49, 49, 49, 49, 49, 49, 49, 49, 49, 6, 49, 49, 49, 49, 49, 49, 49, 49, 49, 49, 49, 49, 49, 49, 49, 49, 49, 49, 49, 49, 49]
Memory usage at done (index 64, length 50, since_prev 2): 23772.12109375 MiB (Increase: 0.0 MiB)
Memory usage before reset: 23772.12109375 MiB (Increase: 0.0 MiB)
Memory usage after reset: 23772.12109375 MiB (Increase: 0.0 MiB)
Current lengths of episodes: [54, 54, 54, 54, 54, 54, 54, 54, 54, 54, 54, 54, 54, 54, 54, 53, 53, 53, 53, 53, 53, 53, 53, 53, 53, 53, 53, 53, 53, 53, 53, 53, 53, 53, 53, 53, 5, 53, 53, 53, 53, 53, 53, 53, 53, 53, 53, 53, 53, 53, 53, 53, 53, 53, 53, 53, 8, 53, 53, 53, 53, 53, 53, 53, 3, 53, 53, 53, 53, 53, 53, 53, 53, 53, 53, 53, 53, 53, 10, 53, 53, 53, 53, 53, 53, 53, 53, 53, 53, 53, 53, 53, 53, 53, 53, 53, 53, 53, 53, 53]
Memory usage at done (index 14, length 54, since_prev 4): 23772.12109375 MiB (Increase: 0.0 MiB)
Memory usage before reset: 23772.12109375 MiB (Increase: 0.0 MiB)
Memory usage after reset: 23772.12109375 MiB (Increase: 0.0 MiB)
Current lengths of episodes: [55, 55, 55, 55, 55, 55, 55, 55, 54, 54, 54, 54, 54, 54, 0, 54, 54, 54, 54, 54, 54, 54, 54, 54, 54, 54, 54, 54, 54, 54, 54, 54, 54, 54, 54, 54, 6, 54, 54, 54, 54, 54, 54, 54, 54, 54, 54, 54, 54, 54, 54, 54, 54, 54, 54, 54, 9, 54, 54, 54, 54, 54, 54, 54, 4, 54, 54, 54, 54, 54, 54, 54, 54, 54, 54, 54, 54, 54, 11, 54, 54, 54, 54, 54, 54, 54, 54, 54, 54, 54, 54, 54, 54, 54, 54, 54, 54, 54, 54, 54]
Memory usage at done (index 7, length 55, since_prev 1): 23772.12109375 MiB (Increase: 0.0 MiB)
Memory usage before reset: 23772.12109375 MiB (Increase: 0.0 MiB)
Memory usage after reset: 23772.12109375 MiB (Increase: 0.0 MiB)
Current lengths of episodes: [55, 55, 55, 55, 55, 55, 55, 0, 55, 55, 55, 55, 55, 55, 1, 55, 55, 55, 55, 55, 55, 55, 55, 55, 55, 54, 54, 54, 54, 54, 54, 54, 54, 54, 54, 54, 6, 54, 54, 54, 54, 54, 54, 54, 54, 54, 54, 54, 54, 54, 54, 54, 54, 54, 54, 54, 9, 54, 54, 54, 54, 54, 54, 54, 4, 54, 54, 54, 54, 54, 54, 54, 54, 54, 54, 54, 54, 54, 11, 54, 54, 54, 54, 54, 54, 54, 54, 54, 54, 54, 54, 54, 54, 54, 54, 54, 54, 54, 54, 54]
Memory usage at done (index 24, length 55, since_prev 0): 23772.12109375 MiB (Increase: 0.0 MiB)
Memory usage before reset: 23772.12109375 MiB (Increase: 0.0 MiB)
Memory usage after reset: 23772.12109375 MiB (Increase: 0.0 MiB)
Current lengths of episodes: [58, 58, 58, 57, 57, 57, 57, 2, 57, 57, 57, 57, 57, 57, 3, 57, 57, 57, 57, 57, 57, 57, 57, 57, 2, 57, 57, 57, 57, 57, 57, 57, 57, 57, 57, 57, 9, 57, 57, 57, 57, 57, 57, 57, 57, 57, 57, 57, 57, 57, 57, 57, 57, 57, 57, 57, 12, 57, 57, 57, 57, 57, 57, 57, 7, 57, 57, 57, 57, 57, 57, 57, 57, 57, 57, 57, 57, 57, 14, 57, 57, 57, 57, 57, 57, 57, 57, 57, 57, 57, 57, 57, 57, 57, 57, 57, 57, 57, 57, 57]
Memory usage at done (index 2, length 58, since_prev 3): 23772.12109375 MiB (Increase: 0.0 MiB)
Memory usage before reset: 23772.12109375 MiB (Increase: 0.0 MiB)
Memory usage after reset: 23772.12109375 MiB (Increase: 0.0 MiB)
Current lengths of episodes: [58, 58, 0, 58, 58, 58, 58, 3, 58, 58, 58, 58, 58, 58, 4, 58, 58, 58, 58, 58, 58, 58, 58, 58, 3, 58, 58, 58, 58, 58, 58, 58, 58, 58, 58, 58, 10, 58, 58, 58, 58, 58, 58, 58, 58, 58, 58, 58, 58, 58, 58, 58, 58, 58, 58, 58, 13, 58, 58, 58, 57, 57, 57, 57, 7, 57, 57, 57, 57, 57, 57, 57, 57, 57, 57, 57, 57, 57, 14, 57, 57, 57, 57, 57, 57, 57, 57, 57, 57, 57, 57, 57, 57, 57, 57, 57, 57, 57, 57, 57]
Memory usage at done (index 59, length 58, since_prev 0): 23772.12109375 MiB (Increase: 0.0 MiB)
Memory usage before reset: 23772.12109375 MiB (Increase: 0.0 MiB)
Memory usage after reset: 23772.12109375 MiB (Increase: 0.0 MiB)
Current lengths of episodes: [58, 58, 0, 58, 58, 58, 58, 3, 58, 58, 58, 58, 58, 58, 4, 58, 58, 58, 58, 58, 58, 58, 58, 58, 3, 58, 58, 58, 58, 58, 58, 58, 58, 58, 58, 58, 10, 58, 58, 58, 58, 58, 58, 58, 58, 58, 58, 58, 58, 58, 58, 58, 58, 58, 58, 58, 13, 58, 58, 0, 58, 58, 58, 58, 8, 58, 58, 57, 57, 57, 57, 57, 57, 57, 57, 57, 57, 57, 14, 57, 57, 57, 57, 57, 57, 57, 57, 57, 57, 57, 57, 57, 57, 57, 57, 57, 57, 57, 57, 57]
Memory usage at done (index 66, length 58, since_prev 0): 23772.12109375 MiB (Increase: 0.0 MiB)
Memory usage before reset: 23772.12109375 MiB (Increase: 0.0 MiB)
Memory usage after reset: 23772.12109375 MiB (Increase: 0.0 MiB)
Current lengths of episodes: [59, 59, 1, 59, 59, 59, 58, 3, 58, 58, 58, 58, 58, 58, 4, 58, 58, 58, 58, 58, 58, 58, 58, 58, 3, 58, 58, 58, 58, 58, 58, 58, 58, 58, 58, 58, 10, 58, 58, 58, 58, 58, 58, 58, 58, 58, 58, 58, 58, 58, 58, 58, 58, 58, 58, 58, 13, 58, 58, 0, 58, 58, 58, 58, 8, 58, 0, 58, 58, 58, 58, 58, 58, 58, 58, 58, 58, 58, 15, 58, 58, 58, 58, 58, 58, 58, 58, 58, 58, 58, 58, 58, 58, 58, 58, 58, 58, 58, 58, 58]
Memory usage at done (index 5, length 59, since_prev 1): 23772.125 MiB (Increase: 0.00390625 MiB)
Memory usage before reset: 23772.125 MiB (Increase: 0.0 MiB)
Memory usage after reset: 23772.125 MiB (Increase: 0.0 MiB)
Current lengths of episodes: [60, 60, 2, 60, 60, 1, 60, 5, 60, 60, 60, 60, 60, 60, 6, 60, 60, 60, 60, 60, 60, 60, 60, 60, 5, 60, 60, 60, 60, 60, 60, 60, 60, 60, 60, 60, 12, 60, 60, 60, 60, 60, 60, 60, 60, 60, 60, 60, 60, 60, 60, 60, 60, 60, 60, 60, 15, 60, 60, 2, 60, 60, 60, 60, 10, 60, 2, 60, 60, 60, 60, 60, 60, 60, 59, 59, 59, 59, 16, 59, 59, 59, 59, 59, 59, 59, 59, 59, 59, 59, 59, 59, 59, 59, 59, 59, 59, 59, 59, 59]
Memory usage at done (index 73, length 60, since_prev 1): 23772.125 MiB (Increase: 0.0 MiB)
Memory usage before reset: 23772.125 MiB (Increase: 0.0 MiB)
Memory usage after reset: 23772.125 MiB (Increase: 0.0 MiB)
Current lengths of episodes: [61, 61, 3, 61, 61, 2, 61, 6, 61, 61, 61, 61, 61, 61, 7, 61, 61, 61, 61, 61, 61, 61, 61, 61, 6, 61, 61, 61, 61, 61, 61, 61, 61, 61, 61, 61, 13, 61, 61, 61, 61, 61, 61, 61, 61, 61, 61, 61, 61, 61, 61, 61, 61, 61, 61, 61, 16, 61, 61, 3, 61, 61, 61, 61, 11, 61, 3, 61, 61, 61, 61, 61, 61, 1, 61, 61, 61, 61, 18, 61, 61, 61, 61, 61, 61, 61, 61, 61, 61, 61, 61, 61, 61, 61, 60, 60, 60, 60, 60, 60]
Memory usage at done (index 93, length 61, since_prev 1): 23772.125 MiB (Increase: 0.0 MiB)
Memory usage before reset: 23772.125 MiB (Increase: 0.0 MiB)
Memory usage after reset: 23772.125 MiB (Increase: 0.0 MiB)
Current lengths of episodes: [61, 61, 3, 61, 61, 2, 61, 6, 61, 61, 61, 61, 61, 61, 7, 61, 61, 61, 61, 61, 61, 61, 61, 61, 6, 61, 61, 61, 61, 61, 61, 61, 61, 61, 61, 61, 13, 61, 61, 61, 61, 61, 61, 61, 61, 61, 61, 61, 61, 61, 61, 61, 61, 61, 61, 61, 16, 61, 61, 3, 61, 61, 61, 61, 11, 61, 3, 61, 61, 61, 61, 61, 61, 1, 61, 61, 61, 61, 18, 61, 61, 61, 61, 61, 61, 61, 61, 61, 61, 61, 61, 61, 61, 0, 61, 61, 61, 60, 60, 60]
Memory usage at done (index 96, length 61, since_prev 0): 23772.125 MiB (Increase: 0.0 MiB)
Memory usage before reset: 23772.125 MiB (Increase: 0.0 MiB)
Memory usage after reset: 23772.125 MiB (Increase: 0.0 MiB)
Current lengths of episodes: [61, 61, 3, 61, 61, 2, 61, 6, 61, 61, 61, 61, 61, 61, 7, 61, 61, 61, 61, 61, 61, 61, 61, 61, 6, 61, 61, 61, 61, 61, 61, 61, 61, 61, 61, 61, 13, 61, 61, 61, 61, 61, 61, 61, 61, 61, 61, 61, 61, 61, 61, 61, 61, 61, 61, 61, 16, 61, 61, 3, 61, 61, 61, 61, 11, 61, 3, 61, 61, 61, 61, 61, 61, 1, 61, 61, 61, 61, 18, 61, 61, 61, 61, 61, 61, 61, 61, 61, 61, 61, 61, 61, 61, 0, 61, 61, 0, 61, 61, 60]
Memory usage at done (index 98, length 61, since_prev 0): 23772.125 MiB (Increase: 0.0 MiB)
Memory usage before reset: 23772.125 MiB (Increase: 0.0 MiB)
Memory usage after reset: 23772.125 MiB (Increase: 0.0 MiB)
Current lengths of episodes: [63, 63, 5, 63, 63, 4, 63, 8, 63, 63, 63, 63, 63, 63, 9, 63, 63, 63, 63, 63, 63, 63, 63, 63, 8, 63, 63, 63, 63, 63, 63, 63, 63, 63, 63, 63, 15, 63, 63, 63, 62, 62, 62, 62, 62, 62, 62, 62, 62, 62, 62, 62, 62, 62, 62, 62, 17, 62, 62, 4, 62, 62, 62, 62, 12, 62, 4, 62, 62, 62, 62, 62, 62, 2, 62, 62, 62, 62, 19, 62, 62, 62, 62, 62, 62, 62, 62, 62, 62, 62, 62, 62, 62, 1, 62, 62, 1, 62, 1, 62]
Memory usage at done (index 39, length 63, since_prev 2): 23772.12890625 MiB (Increase: 0.00390625 MiB)
Memory usage before reset: 23772.12890625 MiB (Increase: 0.0 MiB)
Memory usage after reset: 23772.12890625 MiB (Increase: 0.0 MiB)
Current lengths of episodes: [64, 64, 6, 64, 64, 5, 64, 9, 64, 64, 64, 64, 64, 64, 10, 64, 64, 64, 64, 64, 64, 64, 64, 64, 9, 64, 64, 64, 64, 64, 64, 64, 63, 63, 63, 63, 15, 63, 63, 0, 63, 63, 63, 63, 63, 63, 63, 63, 63, 63, 63, 63, 63, 63, 63, 63, 18, 63, 63, 5, 63, 63, 63, 63, 13, 63, 5, 63, 63, 63, 63, 63, 63, 3, 63, 63, 63, 63, 20, 63, 63, 63, 63, 63, 63, 63, 63, 63, 63, 63, 63, 63, 63, 2, 63, 63, 2, 63, 2, 63]
Memory usage at done (index 31, length 64, since_prev 1): 23772.12890625 MiB (Increase: 0.0 MiB)
Memory usage before reset: 23772.12890625 MiB (Increase: 0.0 MiB)
Memory usage after reset: 23772.12890625 MiB (Increase: 0.0 MiB)
Current lengths of episodes: [65, 65, 7, 65, 65, 6, 65, 10, 65, 65, 65, 65, 65, 65, 11, 65, 65, 65, 65, 65, 65, 65, 65, 65, 10, 65, 65, 65, 65, 65, 65, 1, 65, 65, 65, 65, 17, 65, 64, 1, 64, 64, 64, 64, 64, 64, 64, 64, 64, 64, 64, 64, 64, 64, 64, 64, 19, 64, 64, 6, 64, 64, 64, 64, 14, 64, 6, 64, 64, 64, 64, 64, 64, 4, 64, 64, 64, 64, 21, 64, 64, 64, 64, 64, 64, 64, 64, 64, 64, 64, 64, 64, 64, 3, 64, 64, 3, 64, 3, 64]
Memory usage at done (index 37, length 65, since_prev 1): 23772.12890625 MiB (Increase: 0.0 MiB)
Memory usage before reset: 23772.12890625 MiB (Increase: 0.0 MiB)
Memory usage after reset: 23772.12890625 MiB (Increase: 0.0 MiB)
Current lengths of episodes: [65, 65, 7, 65, 65, 6, 65, 10, 65, 65, 65, 65, 65, 65, 11, 65, 65, 65, 65, 65, 65, 65, 65, 65, 10, 65, 65, 65, 65, 65, 65, 1, 65, 65, 65, 65, 17, 0, 65, 2, 65, 65, 65, 65, 65, 65, 65, 65, 65, 65, 65, 65, 65, 65, 65, 65, 19, 64, 64, 6, 64, 64, 64, 64, 14, 64, 6, 64, 64, 64, 64, 64, 64, 4, 64, 64, 64, 64, 21, 64, 64, 64, 64, 64, 64, 64, 64, 64, 64, 64, 64, 64, 64, 3, 64, 64, 3, 64, 3, 64]
Memory usage at done (index 55, length 65, since_prev 0): 23772.12890625 MiB (Increase: 0.0 MiB)
Memory usage before reset: 23772.12890625 MiB (Increase: 0.0 MiB)
Memory usage after reset: 23772.12890625 MiB (Increase: 0.0 MiB)
Current lengths of episodes: [67, 67, 9, 67, 67, 8, 67, 12, 67, 67, 67, 67, 67, 67, 13, 67, 67, 67, 67, 67, 67, 67, 67, 67, 12, 67, 67, 67, 67, 67, 67, 3, 67, 67, 67, 67, 19, 2, 67, 4, 67, 67, 67, 67, 67, 67, 67, 67, 67, 67, 67, 67, 67, 67, 67, 2, 22, 67, 67, 9, 67, 67, 67, 67, 17, 67, 9, 67, 67, 67, 67, 67, 67, 6, 66, 66, 66, 66, 23, 66, 66, 66, 66, 66, 66, 66, 66, 66, 66, 66, 66, 66, 66, 5, 66, 66, 5, 66, 5, 66]
Memory usage at done (index 72, length 67, since_prev 2): 23772.12890625 MiB (Increase: 0.0 MiB)
Memory usage before reset: 23772.12890625 MiB (Increase: 0.0 MiB)
Memory usage after reset: 23772.12890625 MiB (Increase: 0.0 MiB)
Current lengths of episodes: [67, 67, 9, 67, 67, 8, 67, 12, 67, 67, 67, 67, 67, 67, 13, 67, 67, 67, 67, 67, 67, 67, 67, 67, 12, 67, 67, 67, 67, 67, 67, 3, 67, 67, 67, 67, 19, 2, 67, 4, 67, 67, 67, 67, 67, 67, 67, 67, 67, 67, 67, 67, 67, 67, 67, 2, 22, 67, 67, 9, 67, 67, 67, 67, 17, 67, 9, 67, 67, 67, 67, 67, 0, 7, 67, 67, 67, 67, 24, 67, 66, 66, 66, 66, 66, 66, 66, 66, 66, 66, 66, 66, 66, 5, 66, 66, 5, 66, 5, 66]
Memory usage at done (index 79, length 67, since_prev 0): 23772.12890625 MiB (Increase: 0.0 MiB)
Memory usage before reset: 23772.12890625 MiB (Increase: 0.0 MiB)
Memory usage after reset: 23772.12890625 MiB (Increase: 0.0 MiB)
Current lengths of episodes: [69, 69, 11, 69, 69, 9, 68, 13, 68, 68, 68, 68, 68, 68, 14, 68, 68, 68, 68, 68, 68, 68, 68, 68, 13, 68, 68, 68, 68, 68, 68, 4, 68, 68, 68, 68, 20, 3, 68, 5, 68, 68, 68, 68, 68, 68, 68, 68, 68, 68, 68, 68, 68, 68, 68, 3, 23, 68, 68, 10, 68, 68, 68, 68, 18, 68, 10, 68, 68, 68, 68, 68, 1, 8, 68, 68, 68, 68, 25, 1, 68, 68, 68, 68, 68, 68, 68, 68, 68, 68, 68, 68, 68, 7, 68, 68, 7, 68, 7, 68]
Memory usage at done (index 4, length 69, since_prev 2): 23772.12890625 MiB (Increase: 0.0 MiB)
Memory usage before reset: 23772.12890625 MiB (Increase: 0.0 MiB)
Memory usage after reset: 23772.12890625 MiB (Increase: 0.0 MiB)
Current lengths of episodes: [69, 69, 11, 69, 0, 10, 69, 14, 69, 69, 69, 69, 68, 68, 14, 68, 68, 68, 68, 68, 68, 68, 68, 68, 13, 68, 68, 68, 68, 68, 68, 4, 68, 68, 68, 68, 20, 3, 68, 5, 68, 68, 68, 68, 68, 68, 68, 68, 68, 68, 68, 68, 68, 68, 68, 3, 23, 68, 68, 10, 68, 68, 68, 68, 18, 68, 10, 68, 68, 68, 68, 68, 1, 8, 68, 68, 68, 68, 25, 1, 68, 68, 68, 68, 68, 68, 68, 68, 68, 68, 68, 68, 68, 7, 68, 68, 7, 68, 7, 68]
Memory usage at done (index 11, length 69, since_prev 0): 23772.12890625 MiB (Increase: 0.0 MiB)
Memory usage before reset: 23772.12890625 MiB (Increase: 0.0 MiB)
Memory usage after reset: 23772.12890625 MiB (Increase: 0.0 MiB)
Current lengths of episodes: [69, 69, 11, 69, 0, 10, 69, 14, 69, 69, 69, 0, 69, 69, 15, 69, 69, 69, 69, 69, 69, 69, 69, 69, 14, 69, 69, 69, 69, 69, 69, 5, 69, 69, 69, 69, 21, 4, 69, 6, 69, 69, 69, 69, 69, 69, 69, 69, 68, 68, 68, 68, 68, 68, 68, 3, 23, 68, 68, 10, 68, 68, 68, 68, 18, 68, 10, 68, 68, 68, 68, 68, 1, 8, 68, 68, 68, 68, 25, 1, 68, 68, 68, 68, 68, 68, 68, 68, 68, 68, 68, 68, 68, 7, 68, 68, 7, 68, 7, 68]
Memory usage at done (index 47, length 69, since_prev 0): 23772.12890625 MiB (Increase: 0.0 MiB)
Memory usage before reset: 23772.12890625 MiB (Increase: 0.0 MiB)
Memory usage after reset: 23772.12890625 MiB (Increase: 0.0 MiB)
Current lengths of episodes: [69, 69, 11, 69, 0, 10, 69, 14, 69, 69, 69, 0, 69, 69, 15, 69, 69, 69, 69, 69, 69, 69, 69, 69, 14, 69, 69, 69, 69, 69, 69, 5, 69, 69, 69, 69, 21, 4, 69, 6, 69, 69, 69, 69, 69, 69, 69, 0, 69, 69, 69, 69, 69, 69, 69, 4, 24, 69, 69, 11, 69, 69, 69, 69, 19, 69, 11, 69, 69, 69, 69, 69, 2, 9, 69, 69, 69, 69, 26, 2, 69, 69, 69, 69, 69, 69, 69, 69, 69, 69, 69, 69, 69, 7, 68, 68, 7, 68, 7, 68]
Memory usage at done (index 92, length 69, since_prev 0): 23772.12890625 MiB (Increase: 0.0 MiB)
Memory usage before reset: 23772.12890625 MiB (Increase: 0.0 MiB)
Memory usage after reset: 23772.12890625 MiB (Increase: 0.0 MiB)
Current lengths of episodes: [70, 69, 11, 69, 0, 10, 69, 14, 69, 69, 69, 0, 69, 69, 15, 69, 69, 69, 69, 69, 69, 69, 69, 69, 14, 69, 69, 69, 69, 69, 69, 5, 69, 69, 69, 69, 21, 4, 69, 6, 69, 69, 69, 69, 69, 69, 69, 0, 69, 69, 69, 69, 69, 69, 69, 4, 24, 69, 69, 11, 69, 69, 69, 69, 19, 69, 11, 69, 69, 69, 69, 69, 2, 9, 69, 69, 69, 69, 26, 2, 69, 69, 69, 69, 69, 69, 69, 69, 69, 69, 69, 69, 0, 8, 69, 69, 8, 69, 8, 69]
Memory usage at done (index 0, length 70, since_prev 1): 23772.12890625 MiB (Increase: 0.0 MiB)
Memory usage before reset: 23772.12890625 MiB (Increase: 0.0 MiB)
Memory usage after reset: 23772.12890625 MiB (Increase: 0.0 MiB)
Current lengths of episodes: [0, 70, 12, 70, 1, 11, 70, 15, 70, 70, 70, 1, 70, 70, 16, 70, 70, 70, 70, 70, 70, 70, 70, 70, 15, 70, 69, 69, 69, 69, 69, 5, 69, 69, 69, 69, 21, 4, 69, 6, 69, 69, 69, 69, 69, 69, 69, 0, 69, 69, 69, 69, 69, 69, 69, 4, 24, 69, 69, 11, 69, 69, 69, 69, 19, 69, 11, 69, 69, 69, 69, 69, 2, 9, 69, 69, 69, 69, 26, 2, 69, 69, 69, 69, 69, 69, 69, 69, 69, 69, 69, 69, 0, 8, 69, 69, 8, 69, 8, 69]
Memory usage at done (index 25, length 70, since_prev 0): 23772.12890625 MiB (Increase: 0.0 MiB)
Memory usage before reset: 23772.12890625 MiB (Increase: 0.0 MiB)
Memory usage after reset: 23772.12890625 MiB (Increase: 0.0 MiB)
Current lengths of episodes: [1, 71, 13, 71, 2, 12, 71, 16, 71, 71, 71, 2, 71, 71, 17, 71, 71, 71, 71, 71, 71, 71, 71, 71, 16, 1, 71, 71, 70, 70, 70, 6, 70, 70, 70, 70, 22, 5, 70, 7, 70, 70, 70, 70, 70, 70, 70, 1, 70, 70, 70, 70, 70, 70, 70, 5, 25, 70, 70, 12, 70, 70, 70, 70, 20, 70, 12, 70, 70, 70, 70, 70, 3, 10, 70, 70, 70, 70, 27, 3, 70, 70, 70, 70, 70, 70, 70, 70, 70, 70, 70, 70, 1, 9, 70, 70, 9, 70, 9, 70]
Memory usage at done (index 27, length 71, since_prev 1): 23772.12890625 MiB (Increase: 0.0 MiB)
Memory usage before reset: 23772.12890625 MiB (Increase: 0.0 MiB)
Memory usage after reset: 23772.12890625 MiB (Increase: 0.0 MiB)
Current lengths of episodes: [1, 71, 13, 71, 2, 12, 71, 16, 71, 71, 71, 2, 71, 71, 17, 71, 71, 71, 71, 71, 71, 71, 71, 71, 16, 1, 71, 0, 71, 71, 71, 7, 71, 71, 70, 70, 22, 5, 70, 7, 70, 70, 70, 70, 70, 70, 70, 1, 70, 70, 70, 70, 70, 70, 70, 5, 25, 70, 70, 12, 70, 70, 70, 70, 20, 70, 12, 70, 70, 70, 70, 70, 3, 10, 70, 70, 70, 70, 27, 3, 70, 70, 70, 70, 70, 70, 70, 70, 70, 70, 70, 70, 1, 9, 70, 70, 9, 70, 9, 70]
Memory usage at done (index 33, length 71, since_prev 0): 23772.12890625 MiB (Increase: 0.0 MiB)
Memory usage before reset: 23772.12890625 MiB (Increase: 0.0 MiB)
Memory usage after reset: 23772.12890625 MiB (Increase: 0.0 MiB)
Current lengths of episodes: [1, 71, 13, 71, 2, 12, 71, 16, 71, 71, 71, 2, 71, 71, 17, 71, 71, 71, 71, 71, 71, 71, 71, 71, 16, 1, 71, 0, 71, 71, 71, 7, 71, 0, 71, 71, 23, 6, 71, 8, 71, 71, 71, 71, 71, 71, 71, 2, 71, 71, 70, 70, 70, 70, 70, 5, 25, 70, 70, 12, 70, 70, 70, 70, 20, 70, 12, 70, 70, 70, 70, 70, 3, 10, 70, 70, 70, 70, 27, 3, 70, 70, 70, 70, 70, 70, 70, 70, 70, 70, 70, 70, 1, 9, 70, 70, 9, 70, 9, 70]
Memory usage at done (index 49, length 71, since_prev 0): 23772.12890625 MiB (Increase: 0.0 MiB)
Memory usage before reset: 23772.12890625 MiB (Increase: 0.0 MiB)
Memory usage after reset: 23772.12890625 MiB (Increase: 0.0 MiB)
Current lengths of episodes: [2, 72, 14, 72, 3, 13, 72, 17, 72, 72, 72, 3, 72, 72, 18, 72, 72, 72, 72, 72, 72, 72, 72, 72, 17, 2, 72, 1, 72, 72, 72, 8, 72, 1, 72, 72, 24, 7, 72, 9, 72, 72, 72, 72, 72, 72, 72, 3, 72, 1, 72, 72, 72, 72, 72, 7, 27, 72, 72, 14, 72, 72, 72, 72, 22, 72, 14, 72, 72, 72, 72, 72, 5, 12, 72, 72, 72, 72, 29, 5, 72, 72, 72, 72, 72, 72, 72, 72, 72, 72, 72, 72, 3, 11, 72, 72, 11, 72, 10, 71]
Memory usage at done (index 97, length 72, since_prev 1): 23772.1328125 MiB (Increase: 0.00390625 MiB)
Memory usage before reset: 23772.1328125 MiB (Increase: 0.0 MiB)
Memory usage after reset: 23772.1328125 MiB (Increase: 0.0 MiB)
Current lengths of episodes: [5, 75, 17, 75, 6, 16, 75, 20, 75, 75, 74, 5, 74, 74, 20, 74, 74, 74, 74, 74, 74, 74, 74, 74, 19, 4, 74, 3, 74, 74, 74, 10, 74, 3, 74, 74, 26, 9, 74, 11, 74, 74, 74, 74, 74, 74, 74, 5, 74, 3, 74, 74, 74, 74, 74, 9, 29, 74, 74, 16, 74, 74, 74, 74, 24, 74, 16, 74, 74, 74, 74, 74, 7, 14, 74, 74, 74, 74, 31, 7, 74, 74, 74, 74, 74, 74, 74, 74, 74, 74, 74, 74, 5, 13, 74, 74, 13, 2, 13, 74]
Memory usage at done (index 9, length 75, since_prev 3): 23772.13671875 MiB (Increase: 0.00390625 MiB)
Memory usage before reset: 23772.13671875 MiB (Increase: 0.0 MiB)
Memory usage after reset: 23772.13671875 MiB (Increase: 0.0 MiB)
Current lengths of episodes: [5, 75, 17, 75, 6, 16, 75, 20, 75, 0, 75, 6, 75, 75, 21, 75, 75, 75, 75, 75, 75, 75, 75, 75, 20, 5, 75, 4, 75, 75, 75, 11, 75, 4, 75, 75, 27, 10, 75, 12, 75, 75, 75, 75, 75, 75, 75, 5, 74, 3, 74, 74, 74, 74, 74, 9, 29, 74, 74, 16, 74, 74, 74, 74, 24, 74, 16, 74, 74, 74, 74, 74, 7, 14, 74, 74, 74, 74, 31, 7, 74, 74, 74, 74, 74, 74, 74, 74, 74, 74, 74, 74, 5, 13, 74, 74, 13, 2, 13, 74]
Memory usage at done (index 46, length 75, since_prev 0): 23772.13671875 MiB (Increase: 0.0 MiB)
Memory usage before reset: 23772.13671875 MiB (Increase: 0.0 MiB)
Memory usage after reset: 23772.13671875 MiB (Increase: 0.0 MiB)
Current lengths of episodes: [5, 75, 17, 75, 6, 16, 75, 20, 75, 0, 75, 6, 75, 75, 21, 75, 75, 75, 75, 75, 75, 75, 75, 75, 20, 5, 75, 4, 75, 75, 75, 11, 75, 4, 75, 75, 27, 10, 75, 12, 75, 75, 75, 75, 75, 75, 0, 6, 75, 4, 75, 75, 75, 75, 75, 10, 30, 75, 75, 17, 75, 75, 75, 75, 25, 75, 17, 75, 75, 74, 74, 74, 7, 14, 74, 74, 74, 74, 31, 7, 74, 74, 74, 74, 74, 74, 74, 74, 74, 74, 74, 74, 5, 13, 74, 74, 13, 2, 13, 74]
Memory usage at done (index 68, length 75, since_prev 0): 23772.13671875 MiB (Increase: 0.0 MiB)
Memory usage before reset: 23772.13671875 MiB (Increase: 0.0 MiB)
Memory usage after reset: 23772.13671875 MiB (Increase: 0.0 MiB)
Current lengths of episodes: [9, 79, 21, 79, 10, 20, 79, 24, 79, 4, 79, 10, 79, 79, 25, 79, 79, 79, 79, 79, 79, 79, 79, 79, 24, 9, 79, 7, 78, 78, 78, 14, 78, 7, 78, 78, 30, 13, 78, 15, 78, 78, 78, 78, 78, 78, 3, 9, 78, 7, 78, 78, 78, 78, 78, 13, 33, 78, 78, 20, 78, 78, 78, 78, 28, 78, 20, 78, 3, 78, 78, 78, 11, 18, 78, 78, 78, 78, 35, 11, 78, 78, 78, 78, 78, 78, 78, 78, 78, 78, 78, 78, 9, 17, 78, 78, 17, 6, 17, 78]
Memory usage at done (index 26, length 79, since_prev 4): 23772.13671875 MiB (Increase: 0.0 MiB)
Memory usage before reset: 23772.13671875 MiB (Increase: 0.0 MiB)
Memory usage after reset: 23772.13671875 MiB (Increase: 0.0 MiB)
Current lengths of episodes: [10, 80, 22, 80, 11, 21, 80, 25, 80, 5, 80, 11, 80, 80, 26, 80, 80, 80, 80, 80, 80, 80, 80, 80, 25, 10, 1, 9, 80, 80, 80, 16, 80, 9, 80, 80, 32, 15, 80, 17, 80, 80, 80, 80, 80, 80, 5, 11, 80, 9, 80, 80, 80, 80, 80, 15, 35, 80, 80, 22, 80, 80, 80, 80, 30, 80, 22, 80, 5, 80, 80, 80, 13, 20, 80, 80, 80, 80, 37, 13, 80, 80, 80, 80, 80, 80, 80, 80, 80, 80, 79, 79, 10, 18, 79, 79, 18, 7, 18, 79]
Memory usage at done (index 89, length 80, since_prev 1): 23772.140625 MiB (Increase: 0.00390625 MiB)
Memory usage before reset: 23772.140625 MiB (Increase: 0.0 MiB)
Memory usage after reset: 23772.140625 MiB (Increase: 0.0 MiB)
Current lengths of episodes: [11, 81, 23, 81, 12, 22, 81, 26, 81, 6, 81, 12, 81, 81, 27, 81, 81, 81, 81, 81, 81, 81, 81, 81, 26, 11, 2, 10, 81, 81, 81, 17, 81, 10, 81, 81, 33, 16, 81, 18, 81, 80, 80, 80, 80, 80, 5, 11, 80, 9, 80, 80, 80, 80, 80, 15, 35, 80, 80, 22, 80, 80, 80, 80, 30, 80, 22, 80, 5, 80, 80, 80, 13, 20, 80, 80, 80, 80, 37, 13, 80, 80, 80, 80, 80, 80, 80, 80, 80, 0, 80, 80, 11, 19, 80, 80, 19, 8, 19, 80]
Memory usage at done (index 40, length 81, since_prev 1): 23772.140625 MiB (Increase: 0.0 MiB)
Memory usage before reset: 23772.140625 MiB (Increase: 0.0 MiB)
Memory usage after reset: 23772.140625 MiB (Increase: 0.0 MiB)
Current lengths of episodes: [13, 83, 25, 83, 13, 23, 82, 27, 82, 7, 82, 13, 82, 82, 28, 82, 82, 82, 82, 82, 82, 82, 82, 82, 27, 12, 3, 11, 82, 82, 82, 18, 82, 11, 82, 82, 34, 17, 82, 19, 1, 82, 82, 82, 82, 82, 7, 13, 82, 11, 82, 82, 82, 82, 82, 17, 37, 82, 82, 24, 82, 82, 82, 82, 32, 82, 24, 82, 7, 82, 82, 82, 15, 22, 82, 82, 82, 82, 39, 15, 82, 82, 82, 82, 82, 82, 82, 82, 82, 2, 82, 82, 13, 21, 82, 82, 21, 10, 21, 82]
Memory usage at done (index 3, length 83, since_prev 2): 23772.14453125 MiB (Increase: 0.00390625 MiB)
Memory usage before reset: 23772.14453125 MiB (Increase: 0.0 MiB)
Memory usage after reset: 23772.14453125 MiB (Increase: 0.0 MiB)
Current lengths of episodes: [15, 85, 27, 2, 16, 26, 85, 30, 85, 10, 85, 16, 85, 85, 31, 85, 85, 85, 85, 85, 85, 85, 85, 85, 30, 15, 6, 14, 85, 85, 85, 21, 85, 14, 85, 85, 37, 20, 85, 22, 4, 85, 85, 85, 85, 85, 10, 16, 85, 14, 85, 85, 85, 85, 85, 20, 40, 85, 85, 27, 85, 85, 85, 85, 35, 85, 27, 85, 10, 85, 85, 85, 18, 25, 85, 85, 85, 85, 42, 18, 85, 85, 85, 85, 85, 85, 85, 85, 85, 5, 85, 85, 16, 24, 85, 84, 23, 12, 23, 84]
Memory usage at done (index 94, length 85, since_prev 2): 23772.14453125 MiB (Increase: 0.0 MiB)
Memory usage before reset: 23772.14453125 MiB (Increase: 0.0 MiB)
Memory usage after reset: 23772.14453125 MiB (Increase: 0.0 MiB)
Current lengths of episodes: [20, 90, 32, 7, 21, 31, 90, 35, 90, 15, 90, 21, 90, 90, 36, 90, 90, 90, 90, 90, 90, 90, 90, 90, 35, 20, 11, 19, 90, 90, 90, 26, 90, 19, 90, 90, 42, 25, 90, 27, 9, 90, 90, 90, 90, 90, 15, 21, 90, 19, 90, 90, 90, 90, 90, 25, 45, 90, 90, 32, 90, 90, 90, 90, 40, 90, 32, 90, 15, 90, 90, 90, 23, 30, 90, 90, 90, 90, 47, 23, 90, 90, 90, 90, 90, 90, 90, 90, 90, 10, 90, 90, 21, 29, 5, 90, 28, 17, 28, 89]
Memory usage at done (index 95, length 90, since_prev 5): 23772.14453125 MiB (Increase: 0.0 MiB)
Memory usage before reset: 23772.14453125 MiB (Increase: 0.0 MiB)
Memory usage after reset: 23772.14453125 MiB (Increase: 0.0 MiB)
Current lengths of episodes: [21, 91, 33, 8, 22, 32, 91, 36, 91, 16, 91, 22, 91, 91, 37, 91, 91, 91, 91, 91, 91, 91, 91, 91, 36, 21, 12, 20, 91, 91, 91, 27, 91, 20, 91, 91, 43, 26, 91, 28, 10, 91, 91, 91, 91, 91, 16, 22, 91, 20, 91, 91, 91, 91, 91, 26, 46, 91, 91, 33, 91, 91, 91, 91, 40, 90, 32, 90, 15, 90, 90, 90, 23, 30, 90, 90, 90, 90, 47, 23, 90, 90, 90, 90, 90, 90, 90, 90, 90, 10, 90, 90, 21, 29, 5, 0, 29, 18, 29, 90]
Memory usage at done (index 63, length 91, since_prev 1): 23772.14453125 MiB (Increase: 0.0 MiB)
Memory usage before reset: 23772.14453125 MiB (Increase: 0.0 MiB)
Memory usage after reset: 23772.14453125 MiB (Increase: 0.0 MiB)
Current lengths of episodes: [23, 93, 35, 10, 24, 34, 93, 38, 93, 18, 93, 24, 93, 93, 39, 93, 93, 93, 93, 93, 93, 93, 93, 93, 38, 23, 14, 22, 93, 93, 93, 29, 93, 22, 93, 93, 45, 28, 93, 30, 12, 93, 93, 93, 93, 93, 18, 24, 93, 22, 93, 92, 92, 92, 92, 27, 47, 92, 92, 34, 92, 92, 92, 1, 42, 92, 34, 92, 17, 92, 92, 92, 25, 32, 92, 92, 92, 92, 49, 25, 92, 92, 92, 92, 92, 92, 92, 92, 92, 12, 92, 92, 23, 31, 7, 2, 31, 20, 31, 92]
Memory usage at done (index 50, length 93, since_prev 2): 23772.14453125 MiB (Increase: 0.0 MiB)
Memory usage before reset: 23772.14453125 MiB (Increase: 0.0 MiB)
Memory usage after reset: 23772.14453125 MiB (Increase: 0.0 MiB)
Current lengths of episodes: [25, 95, 37, 12, 26, 36, 95, 40, 95, 20, 95, 26, 95, 95, 41, 94, 94, 94, 94, 94, 94, 94, 94, 94, 39, 24, 15, 23, 94, 94, 94, 30, 94, 23, 94, 94, 46, 29, 94, 31, 13, 94, 94, 94, 94, 94, 19, 25, 94, 23, 1, 94, 94, 94, 94, 29, 49, 94, 94, 36, 94, 94, 94, 3, 44, 94, 36, 94, 19, 94, 94, 94, 27, 34, 94, 94, 94, 94, 51, 27, 94, 94, 94, 94, 94, 94, 94, 94, 94, 14, 94, 94, 25, 33, 9, 4, 33, 22, 33, 94]
Memory usage at done (index 14, length 41, since_prev 2): 23772.14453125 MiB (Increase: 0.0 MiB)
Memory usage before reset: 23772.14453125 MiB (Increase: 0.0 MiB)
Memory usage after reset: 23772.14453125 MiB (Increase: 0.0 MiB)
Current lengths of episodes: [27, 97, 39, 14, 28, 38, 97, 42, 97, 21, 96, 27, 96, 96, 1, 96, 96, 96, 96, 96, 96, 96, 96, 96, 41, 26, 17, 25, 96, 96, 96, 32, 96, 25, 96, 96, 48, 31, 96, 33, 15, 96, 96, 96, 96, 96, 21, 27, 96, 25, 3, 96, 96, 96, 96, 31, 51, 96, 96, 38, 96, 96, 96, 5, 46, 96, 38, 96, 21, 96, 96, 96, 29, 36, 96, 96, 96, 96, 53, 29, 96, 96, 96, 96, 96, 96, 96, 96, 96, 16, 96, 96, 27, 35, 11, 6, 35, 24, 35, 96]
Memory usage at done (index 8, length 97, since_prev 2): 23772.14453125 MiB (Increase: 0.0 MiB)
Memory usage before reset: 23772.14453125 MiB (Increase: 0.0 MiB)
Memory usage after reset: 23772.14453125 MiB (Increase: 0.0 MiB)
Current lengths of episodes: [27, 97, 39, 14, 28, 38, 97, 42, 0, 22, 97, 28, 97, 97, 2, 97, 97, 97, 97, 97, 97, 97, 97, 97, 42, 27, 18, 26, 97, 97, 97, 33, 97, 26, 97, 97, 49, 32, 97, 34, 16, 97, 97, 97, 97, 97, 22, 28, 97, 26, 4, 97, 97, 97, 97, 32, 52, 97, 97, 39, 97, 97, 97, 6, 47, 97, 39, 97, 22, 97, 97, 97, 30, 37, 97, 97, 97, 97, 54, 30, 97, 97, 97, 97, 96, 96, 96, 96, 96, 16, 96, 96, 27, 35, 11, 6, 35, 24, 35, 96]
Memory usage at done (index 83, length 97, since_prev 0): 23772.14453125 MiB (Increase: 0.0 MiB)
Memory usage before reset: 23772.14453125 MiB (Increase: 0.0 MiB)
Memory usage after reset: 23772.14453125 MiB (Increase: 0.0 MiB)
Current lengths of episodes: [40, 110, 52, 27, 41, 51, 110, 55, 13, 35, 110, 41, 110, 110, 15, 110, 110, 110, 110, 110, 110, 110, 110, 110, 54, 39, 30, 38, 109, 109, 109, 45, 109, 38, 109, 109, 61, 44, 109, 46, 28, 109, 109, 109, 109, 109, 34, 40, 109, 38, 16, 109, 109, 109, 109, 44, 64, 109, 109, 51, 109, 109, 109, 18, 59, 109, 51, 109, 34, 109, 109, 109, 42, 49, 109, 109, 109, 109, 66, 42, 109, 109, 109, 12, 109, 109, 109, 109, 109, 29, 109, 109, 40, 48, 24, 19, 48, 37, 48, 109]
Memory usage at done (index 23, length 110, since_prev 13): 23772.14453125 MiB (Increase: 0.0 MiB)
Memory usage before reset: 23772.14453125 MiB (Increase: 0.0 MiB)
Memory usage after reset: 23772.14453125 MiB (Increase: 0.0 MiB)
Current lengths of episodes: [47, 117, 59, 34, 48, 58, 117, 62, 20, 42, 117, 48, 117, 117, 22, 117, 117, 117, 117, 117, 117, 117, 117, 7, 62, 47, 38, 46, 117, 117, 117, 53, 117, 46, 116, 116, 68, 51, 116, 53, 35, 116, 116, 116, 116, 116, 41, 47, 116, 45, 23, 116, 116, 116, 116, 51, 71, 116, 116, 58, 116, 116, 116, 25, 66, 116, 58, 116, 41, 116, 116, 116, 49, 56, 116, 116, 116, 116, 73, 49, 116, 116, 116, 19, 116, 116, 116, 116, 116, 36, 116, 116, 47, 55, 31, 26, 55, 44, 55, 116]
Memory usage at done (index 33, length 46, since_prev 7): 23772.14453125 MiB (Increase: 0.0 MiB)
Memory usage before reset: 23772.14453125 MiB (Increase: 0.0 MiB)
Memory usage after reset: 23772.14453125 MiB (Increase: 0.0 MiB)
Current lengths of episodes: [49, 119, 61, 36, 50, 60, 119, 64, 22, 44, 119, 50, 119, 119, 24, 119, 119, 119, 119, 119, 119, 119, 119, 9, 64, 49, 40, 48, 119, 119, 119, 55, 119, 2, 119, 119, 71, 53, 118, 55, 37, 118, 118, 118, 118, 118, 43, 49, 118, 47, 25, 118, 118, 118, 118, 53, 73, 118, 118, 60, 118, 118, 118, 27, 68, 118, 60, 118, 43, 118, 118, 118, 51, 58, 118, 118, 118, 118, 75, 51, 118, 118, 118, 21, 118, 118, 118, 118, 118, 38, 118, 118, 49, 57, 33, 28, 57, 46, 57, 118]
Memory usage at done (index 36, length 71, since_prev 2): 23772.15234375 MiB (Increase: 0.0078125 MiB)
Memory usage before reset: 23772.15234375 MiB (Increase: 0.0 MiB)
Memory usage after reset: 23772.15234375 MiB (Increase: 0.0 MiB)
Current lengths of episodes: [53, 123, 65, 40, 54, 64, 123, 68, 26, 48, 122, 53, 122, 122, 27, 122, 122, 122, 122, 122, 122, 122, 122, 12, 67, 52, 43, 51, 122, 122, 122, 58, 122, 5, 122, 122, 3, 57, 122, 59, 41, 122, 122, 122, 122, 122, 47, 53, 122, 51, 29, 122, 122, 122, 122, 57, 77, 122, 122, 64, 122, 122, 122, 31, 72, 122, 64, 122, 47, 122, 122, 122, 55, 62, 122, 122, 122, 122, 79, 55, 122, 122, 122, 25, 122, 122, 122, 122, 122, 42, 122, 122, 53, 61, 37, 32, 61, 50, 61, 122]
Memory usage at done (index 9, length 48, since_prev 4): 23772.15234375 MiB (Increase: 0.0 MiB)
Memory usage before reset: 23772.15234375 MiB (Increase: 0.0 MiB)
Memory usage after reset: 23772.15234375 MiB (Increase: 0.0 MiB)
Current lengths of episodes: [56, 126, 68, 43, 57, 67, 126, 71, 29, 3, 126, 57, 126, 126, 31, 126, 126, 126, 126, 126, 126, 126, 126, 16, 71, 56, 47, 55, 126, 126, 126, 62, 126, 9, 126, 126, 7, 61, 126, 63, 45, 126, 126, 126, 126, 126, 51, 57, 126, 55, 33, 126, 126, 126, 126, 61, 81, 126, 126, 68, 126, 126, 126, 34, 75, 125, 67, 125, 50, 125, 125, 125, 58, 65, 125, 125, 125, 125, 82, 58, 125, 125, 125, 28, 125, 125, 125, 125, 125, 45, 125, 125, 56, 64, 40, 35, 64, 53, 64, 125]
Memory usage at done (index 62, length 126, since_prev 3): 23772.15234375 MiB (Increase: 0.0 MiB)
Memory usage before reset: 23772.15234375 MiB (Increase: 0.0 MiB)
Memory usage after reset: 23772.15234375 MiB (Increase: 0.0 MiB)
Current lengths of episodes: [57, 127, 69, 44, 58, 68, 127, 72, 30, 4, 127, 58, 127, 127, 32, 127, 127, 127, 127, 127, 127, 127, 127, 17, 72, 57, 48, 56, 127, 127, 127, 63, 127, 10, 127, 127, 8, 62, 127, 64, 46, 127, 127, 127, 127, 127, 52, 58, 127, 56, 34, 127, 127, 127, 127, 62, 82, 127, 127, 69, 127, 127, 1, 36, 77, 127, 69, 127, 52, 127, 127, 127, 60, 66, 126, 126, 126, 126, 83, 59, 126, 126, 126, 29, 126, 126, 126, 126, 126, 46, 126, 126, 57, 65, 41, 36, 65, 54, 65, 126]
Memory usage at done (index 72, length 60, since_prev 1): 23772.15234375 MiB (Increase: 0.0 MiB)
Memory usage before reset: 23772.15234375 MiB (Increase: 0.0 MiB)
Memory usage after reset: 23772.15234375 MiB (Increase: 0.0 MiB)
Current lengths of episodes: [58, 128, 70, 45, 59, 69, 128, 73, 31, 5, 128, 59, 128, 128, 33, 128, 128, 128, 128, 127, 127, 127, 127, 17, 72, 57, 48, 56, 127, 127, 127, 63, 127, 10, 127, 127, 8, 62, 127, 64, 46, 127, 127, 127, 127, 127, 52, 58, 127, 56, 34, 127, 127, 127, 127, 62, 82, 127, 127, 69, 127, 127, 1, 36, 77, 127, 69, 127, 52, 127, 127, 127, 0, 67, 127, 127, 127, 127, 84, 60, 127, 127, 127, 30, 127, 127, 127, 127, 127, 47, 127, 127, 58, 66, 42, 37, 66, 55, 66, 127]
Memory usage at done (index 18, length 128, since_prev 1): 23772.15234375 MiB (Increase: 0.0 MiB)
Memory usage before reset: 23772.15234375 MiB (Increase: 0.0 MiB)
Memory usage after reset: 23772.15234375 MiB (Increase: 0.0 MiB)
Current lengths of episodes: [59, 129, 71, 46, 60, 70, 129, 74, 32, 6, 129, 60, 129, 129, 34, 129, 129, 129, 1, 129, 129, 129, 129, 19, 74, 59, 50, 58, 129, 129, 129, 65, 129, 12, 129, 129, 10, 64, 129, 66, 48, 129, 129, 129, 129, 129, 54, 60, 129, 58, 36, 129, 129, 129, 129, 64, 84, 129, 129, 71, 129, 129, 2, 37, 78, 128, 70, 128, 53, 128, 128, 128, 1, 68, 128, 128, 128, 128, 85, 61, 128, 128, 128, 31, 128, 128, 128, 128, 128, 48, 128, 128, 59, 67, 43, 38, 67, 56, 67, 128]
Memory usage at done (index 61, length 129, since_prev 1): 23772.15234375 MiB (Increase: 0.0 MiB)
Memory usage before reset: 23772.15234375 MiB (Increase: 0.0 MiB)
Memory usage after reset: 23772.15234375 MiB (Increase: 0.0 MiB)
Current lengths of episodes: [60, 130, 72, 46, 60, 70, 129, 74, 32, 6, 129, 60, 129, 129, 34, 129, 129, 129, 1, 129, 129, 129, 129, 19, 74, 59, 50, 58, 129, 129, 129, 65, 129, 12, 129, 129, 10, 64, 129, 66, 48, 129, 129, 129, 129, 129, 54, 60, 129, 58, 36, 129, 129, 129, 129, 64, 84, 129, 129, 71, 129, 0, 3, 38, 79, 129, 71, 129, 54, 129, 129, 129, 2, 69, 129, 129, 129, 129, 86, 62, 129, 129, 129, 32, 129, 129, 129, 129, 129, 49, 129, 129, 60, 68, 44, 39, 68, 57, 68, 129]
Memory usage at done (index 2, length 72, since_prev 1): 23772.15234375 MiB (Increase: 0.0 MiB)
Memory usage before reset: 23772.15234375 MiB (Increase: 0.0 MiB)
Memory usage after reset: 23772.15234375 MiB (Increase: 0.0 MiB)
Current lengths of episodes: [66, 136, 6, 53, 67, 77, 136, 81, 39, 13, 136, 67, 136, 136, 41, 136, 136, 136, 8, 136, 136, 136, 136, 26, 81, 66, 57, 65, 136, 136, 136, 72, 136, 19, 136, 136, 17, 71, 136, 73, 55, 136, 136, 136, 136, 136, 61, 67, 136, 65, 43, 136, 136, 136, 136, 71, 91, 136, 136, 78, 136, 7, 10, 45, 86, 136, 78, 136, 61, 136, 136, 136, 9, 76, 136, 136, 136, 136, 93, 69, 136, 136, 136, 39, 136, 136, 136, 136, 136, 56, 136, 136, 67, 75, 51, 46, 75, 63, 74, 135]
Memory usage at done (index 96, length 75, since_prev 6): 23772.15234375 MiB (Increase: 0.0 MiB)
Memory usage before reset: 23772.15234375 MiB (Increase: 0.0 MiB)
Memory usage after reset: 23772.15234375 MiB (Increase: 0.0 MiB)
Current lengths of episodes: [70, 140, 10, 57, 71, 81, 140, 85, 43, 17, 140, 71, 140, 140, 45, 140, 140, 140, 12, 140, 140, 140, 140, 30, 85, 70, 61, 69, 140, 140, 140, 76, 140, 23, 140, 140, 21, 75, 140, 77, 59, 140, 140, 140, 140, 140, 65, 71, 140, 69, 47, 140, 140, 140, 140, 75, 95, 140, 140, 82, 140, 11, 14, 49, 89, 139, 81, 139, 64, 139, 139, 139, 12, 79, 139, 139, 139, 139, 96, 72, 139, 139, 139, 42, 139, 139, 139, 139, 139, 59, 139, 139, 70, 78, 54, 49, 3, 67, 78, 139]
Memory usage at done (index 63, length 49, since_prev 4): 23772.15234375 MiB (Increase: 0.0 MiB)
Memory usage before reset: 23772.15234375 MiB (Increase: 0.0 MiB)
Memory usage after reset: 23772.15234375 MiB (Increase: 0.0 MiB)
Current lengths of episodes: [71, 141, 11, 58, 72, 82, 140, 85, 43, 17, 140, 71, 140, 140, 45, 140, 140, 140, 12, 140, 140, 140, 140, 30, 85, 70, 61, 69, 140, 140, 140, 76, 140, 23, 140, 140, 21, 75, 140, 77, 59, 140, 140, 140, 140, 140, 65, 71, 140, 69, 47, 140, 140, 140, 140, 75, 95, 140, 140, 82, 140, 11, 14, 0, 90, 140, 82, 140, 65, 140, 140, 140, 13, 80, 140, 140, 140, 140, 97, 73, 140, 140, 140, 43, 140, 140, 140, 140, 140, 60, 140, 140, 71, 79, 55, 50, 4, 68, 79, 140]
Memory usage at done (index 5, length 82, since_prev 1): 23772.15234375 MiB (Increase: 0.0 MiB)
Memory usage before reset: 23772.15234375 MiB (Increase: 0.0 MiB)
Memory usage after reset: 23772.15234375 MiB (Increase: 0.0 MiB)
Current lengths of episodes: [72, 142, 12, 59, 73, 1, 142, 87, 45, 19, 142, 73, 142, 142, 47, 142, 142, 142, 14, 142, 142, 142, 142, 32, 87, 72, 63, 71, 141, 141, 141, 77, 141, 24, 141, 141, 22, 76, 141, 78, 60, 141, 141, 141, 141, 141, 66, 72, 141, 70, 48, 141, 141, 141, 141, 76, 96, 141, 141, 83, 141, 12, 15, 1, 91, 141, 83, 141, 66, 141, 141, 141, 14, 81, 141, 141, 141, 141, 98, 74, 141, 141, 141, 44, 141, 141, 141, 141, 141, 61, 141, 141, 72, 80, 56, 51, 5, 69, 80, 141]
Memory usage at done (index 27, length 71, since_prev 1): 23772.15234375 MiB (Increase: 0.0 MiB)
Memory usage before reset: 23772.15234375 MiB (Increase: 0.0 MiB)
Memory usage after reset: 23772.15234375 MiB (Increase: 0.0 MiB)
Current lengths of episodes: [79, 149, 19, 66, 80, 8, 149, 94, 52, 26, 149, 79, 148, 148, 53, 148, 148, 148, 20, 148, 148, 148, 148, 38, 93, 78, 69, 6, 148, 148, 148, 84, 148, 31, 148, 148, 29, 83, 148, 85, 67, 148, 148, 148, 148, 148, 73, 79, 148, 77, 55, 148, 148, 148, 148, 83, 103, 148, 148, 90, 148, 19, 22, 8, 98, 148, 90, 148, 73, 148, 148, 148, 21, 88, 148, 148, 148, 148, 105, 81, 148, 148, 148, 51, 148, 148, 148, 148, 148, 68, 148, 148, 79, 87, 63, 58, 12, 76, 87, 148]
Memory usage at done (index 10, length 149, since_prev 7): 23772.15625 MiB (Increase: 0.00390625 MiB)
Memory usage before reset: 23772.15625 MiB (Increase: 0.0 MiB)
Memory usage after reset: 23772.15625 MiB (Increase: 0.0 MiB)
Current lengths of episodes: [82, 152, 22, 69, 83, 11, 152, 97, 55, 29, 3, 83, 152, 152, 57, 152, 152, 152, 24, 152, 152, 152, 152, 42, 97, 82, 73, 10, 152, 152, 152, 88, 152, 35, 152, 152, 33, 87, 152, 89, 71, 151, 151, 151, 151, 151, 76, 82, 151, 80, 58, 151, 151, 151, 151, 86, 106, 151, 151, 93, 151, 22, 25, 11, 101, 151, 93, 151, 76, 151, 151, 151, 24, 91, 151, 151, 151, 151, 108, 84, 151, 151, 151, 54, 151, 151, 151, 151, 151, 71, 151, 151, 82, 90, 66, 61, 15, 79, 90, 151]
Memory usage at done (index 40, length 71, since_prev 3): 23772.15625 MiB (Increase: 0.0 MiB)
Memory usage before reset: 23772.15625 MiB (Increase: 0.0 MiB)
Memory usage after reset: 23772.15625 MiB (Increase: 0.0 MiB)
Current lengths of episodes: [88, 158, 28, 75, 89, 17, 158, 103, 61, 35, 9, 89, 158, 158, 63, 158, 158, 158, 30, 158, 158, 158, 158, 48, 103, 88, 79, 16, 158, 158, 158, 94, 158, 41, 158, 158, 39, 93, 158, 95, 6, 158, 158, 158, 158, 158, 83, 89, 158, 87, 65, 158, 158, 158, 158, 93, 113, 158, 158, 100, 158, 29, 32, 18, 108, 158, 100, 158, 83, 158, 158, 158, 31, 98, 158, 158, 158, 158, 115, 91, 158, 158, 158, 61, 158, 158, 158, 158, 158, 78, 158, 158, 89, 97, 73, 68, 22, 86, 96, 157]
Memory usage at done (index 97, length 86, since_prev 6): 23772.15625 MiB (Increase: 0.0 MiB)
Memory usage before reset: 23772.15625 MiB (Increase: 0.0 MiB)
Memory usage after reset: 23772.15625 MiB (Increase: 0.0 MiB)
Current lengths of episodes: [89, 159, 29, 76, 90, 18, 159, 104, 62, 36, 10, 90, 159, 159, 64, 159, 159, 159, 31, 159, 159, 159, 159, 49, 104, 89, 80, 17, 159, 159, 159, 95, 159, 42, 159, 159, 40, 94, 159, 96, 7, 159, 159, 159, 159, 159, 84, 90, 159, 88, 66, 159, 159, 159, 159, 94, 114, 159, 159, 101, 159, 30, 33, 19, 109, 159, 101, 159, 84, 159, 159, 159, 32, 99, 159, 159, 159, 159, 116, 92, 159, 159, 159, 62, 159, 159, 159, 159, 159, 79, 159, 159, 90, 98, 74, 68, 22, 0, 97, 158]
Memory usage at done (index 94, length 74, since_prev 1): 23772.15625 MiB (Increase: 0.0 MiB)
Memory usage before reset: 23772.15625 MiB (Increase: 0.0 MiB)
Memory usage after reset: 23772.15625 MiB (Increase: 0.0 MiB)
Current lengths of episodes: [95, 165, 35, 82, 96, 24, 165, 110, 68, 42, 16, 96, 165, 165, 70, 165, 165, 165, 37, 165, 165, 165, 165, 55, 110, 95, 86, 23, 165, 165, 165, 101, 165, 48, 165, 165, 46, 100, 165, 102, 13, 165, 165, 165, 165, 165, 90, 96, 165, 94, 71, 164, 164, 164, 164, 99, 119, 164, 164, 106, 164, 35, 38, 24, 114, 164, 106, 164, 89, 164, 164, 164, 37, 104, 164, 164, 164, 164, 121, 97, 164, 164, 164, 67, 164, 164, 164, 164, 164, 84, 164, 164, 95, 103, 5, 74, 28, 6, 103, 164]
Memory usage at done (index 49, length 94, since_prev 6): 23772.15625 MiB (Increase: 0.0 MiB)
Memory usage before reset: 23772.15625 MiB (Increase: 0.0 MiB)
Memory usage after reset: 23772.15625 MiB (Increase: 0.0 MiB)
Current lengths of episodes: [97, 167, 37, 84, 98, 26, 167, 112, 70, 44, 18, 98, 167, 167, 72, 167, 167, 167, 39, 167, 167, 167, 167, 57, 112, 97, 88, 25, 167, 167, 167, 103, 167, 50, 167, 167, 48, 102, 167, 104, 15, 167, 167, 167, 167, 167, 92, 98, 167, 2, 74, 167, 167, 167, 167, 102, 122, 167, 167, 109, 167, 38, 41, 27, 117, 167, 109, 166, 91, 166, 166, 166, 39, 106, 166, 166, 166, 166, 123, 99, 166, 166, 166, 69, 166, 166, 166, 166, 166, 86, 166, 166, 97, 105, 7, 76, 30, 8, 105, 166]
Memory usage at done (index 66, length 109, since_prev 2): 23772.15625 MiB (Increase: 0.0 MiB)
Memory usage before reset: 23772.15625 MiB (Increase: 0.0 MiB)
Memory usage after reset: 23772.15625 MiB (Increase: 0.0 MiB)
Current lengths of episodes: [100, 170, 40, 87, 101, 29, 170, 115, 73, 47, 21, 101, 170, 170, 75, 170, 170, 170, 42, 170, 170, 170, 170, 60, 115, 100, 91, 28, 170, 170, 170, 106, 170, 53, 170, 170, 51, 105, 170, 107, 18, 170, 170, 170, 170, 170, 95, 101, 170, 5, 77, 170, 170, 170, 170, 105, 125, 170, 170, 112, 170, 41, 44, 30, 120, 170, 3, 170, 95, 170, 170, 170, 43, 110, 170, 170, 170, 169, 126, 102, 169, 169, 169, 72, 169, 169, 169, 169, 169, 89, 169, 169, 100, 108, 10, 79, 33, 11, 108, 169]
Memory usage at done (index 76, length 170, since_prev 3): 23772.15625 MiB (Increase: 0.0 MiB)
Memory usage before reset: 23772.15625 MiB (Increase: 0.0 MiB)
Memory usage after reset: 23772.15625 MiB (Increase: 0.0 MiB)
Current lengths of episodes: [101, 171, 41, 88, 102, 30, 171, 116, 74, 48, 22, 102, 171, 171, 76, 171, 171, 171, 43, 171, 171, 171, 171, 61, 116, 101, 92, 29, 171, 171, 171, 107, 171, 54, 171, 171, 52, 106, 171, 108, 19, 171, 171, 171, 171, 171, 96, 101, 170, 5, 77, 170, 170, 170, 170, 105, 125, 170, 170, 112, 170, 41, 44, 30, 120, 170, 3, 170, 95, 170, 170, 170, 43, 110, 170, 170, 0, 170, 127, 103, 170, 170, 170, 73, 170, 170, 170, 170, 170, 90, 170, 170, 101, 109, 11, 80, 34, 12, 109, 170]
Memory usage at done (index 46, length 96, since_prev 1): 23772.15625 MiB (Increase: 0.0 MiB)
Memory usage before reset: 23772.15625 MiB (Increase: 0.0 MiB)
Memory usage after reset: 23772.15625 MiB (Increase: 0.0 MiB)
Current lengths of episodes: [101, 171, 41, 88, 102, 30, 171, 116, 74, 48, 22, 102, 171, 171, 76, 171, 171, 171, 43, 171, 171, 171, 171, 61, 116, 101, 92, 29, 171, 171, 171, 107, 171, 54, 171, 171, 52, 106, 171, 108, 19, 171, 171, 171, 171, 171, 0, 102, 171, 6, 78, 171, 171, 171, 171, 106, 126, 171, 171, 113, 171, 42, 45, 31, 121, 171, 4, 171, 96, 171, 171, 171, 44, 111, 171, 171, 1, 171, 128, 104, 171, 171, 171, 74, 171, 171, 171, 171, 171, 91, 171, 171, 102, 109, 11, 80, 34, 12, 109, 170]
Memory usage at done (index 92, length 102, since_prev 0): 23772.15625 MiB (Increase: 0.0 MiB)
Memory usage before reset: 23772.15625 MiB (Increase: 0.0 MiB)
Memory usage after reset: 23772.15625 MiB (Increase: 0.0 MiB)
Current lengths of episodes: [103, 173, 43, 90, 104, 32, 173, 118, 76, 50, 24, 104, 173, 173, 78, 173, 173, 173, 45, 173, 173, 173, 173, 63, 118, 103, 94, 31, 173, 173, 173, 109, 173, 56, 173, 173, 54, 108, 173, 110, 21, 173, 173, 173, 173, 173, 2, 104, 173, 8, 80, 173, 173, 173, 173, 108, 128, 173, 173, 115, 173, 44, 47, 33, 123, 173, 6, 173, 98, 173, 173, 173, 46, 113, 172, 172, 2, 172, 129, 105, 172, 172, 172, 75, 172, 172, 172, 172, 172, 92, 172, 172, 1, 111, 13, 82, 36, 14, 111, 172]
Memory usage at done (index 73, length 113, since_prev 2): 23772.15625 MiB (Increase: 0.0 MiB)
Memory usage before reset: 23772.15625 MiB (Increase: 0.0 MiB)
Memory usage after reset: 23772.15625 MiB (Increase: 0.0 MiB)
Current lengths of episodes: [104, 174, 44, 91, 105, 33, 174, 119, 77, 51, 25, 105, 174, 174, 79, 174, 174, 174, 46, 174, 174, 174, 174, 64, 119, 104, 95, 31, 173, 173, 173, 109, 173, 56, 173, 173, 54, 108, 173, 110, 21, 173, 173, 173, 173, 173, 2, 104, 173, 8, 80, 173, 173, 173, 173, 108, 128, 173, 173, 115, 173, 44, 47, 33, 123, 173, 6, 173, 98, 173, 173, 173, 46, 0, 173, 173, 3, 173, 130, 106, 173, 173, 173, 76, 173, 173, 173, 173, 173, 93, 173, 173, 2, 112, 14, 83, 37, 15, 112, 173]
Memory usage at done (index 26, length 95, since_prev 1): 23772.15625 MiB (Increase: 0.0 MiB)
Memory usage before reset: 23772.15625 MiB (Increase: 0.0 MiB)
Memory usage after reset: 23772.15625 MiB (Increase: 0.0 MiB)
Current lengths of episodes: [122, 192, 62, 109, 123, 51, 192, 137, 95, 69, 43, 123, 192, 192, 97, 192, 192, 192, 64, 192, 192, 192, 192, 82, 137, 122, 18, 50, 192, 192, 192, 128, 192, 75, 192, 192, 73, 127, 192, 129, 40, 192, 192, 192, 192, 192, 21, 123, 191, 26, 98, 191, 191, 191, 191, 126, 146, 191, 191, 133, 191, 62, 65, 51, 141, 191, 24, 191, 116, 191, 191, 191, 64, 18, 191, 191, 21, 191, 148, 124, 191, 191, 191, 94, 191, 191, 191, 191, 191, 111, 191, 191, 20, 130, 32, 101, 55, 33, 130, 191]
Memory usage at done (index 47, length 123, since_prev 18): 23772.20703125 MiB (Increase: 0.05078125 MiB)
Memory usage before reset: 23772.20703125 MiB (Increase: 0.0 MiB)
Memory usage after reset: 23772.20703125 MiB (Increase: 0.0 MiB)
Current lengths of episodes: [123, 193, 63, 110, 124, 52, 193, 138, 96, 70, 44, 124, 193, 193, 98, 193, 193, 193, 65, 193, 193, 193, 193, 83, 138, 123, 19, 51, 193, 193, 193, 129, 193, 76, 193, 193, 74, 128, 192, 129, 40, 192, 192, 192, 192, 192, 21, 0, 192, 27, 99, 192, 192, 192, 192, 127, 147, 192, 192, 134, 192, 63, 66, 52, 142, 192, 25, 192, 117, 192, 192, 192, 65, 19, 192, 192, 22, 192, 149, 125, 192, 192, 192, 95, 192, 192, 192, 192, 192, 112, 192, 192, 21, 131, 33, 102, 56, 34, 131, 192]
Memory usage at done (index 37, length 128, since_prev 1): 23772.20703125 MiB (Increase: 0.0 MiB)
Memory usage before reset: 23772.20703125 MiB (Increase: 0.0 MiB)
Memory usage after reset: 23772.20703125 MiB (Increase: 0.0 MiB)
Current lengths of episodes: [126, 196, 66, 113, 127, 55, 196, 141, 99, 73, 47, 127, 196, 196, 101, 196, 196, 196, 68, 196, 196, 196, 196, 86, 141, 126, 22, 54, 196, 196, 196, 132, 196, 79, 196, 196, 77, 3, 196, 133, 44, 196, 196, 196, 196, 196, 25, 4, 196, 31, 103, 196, 196, 196, 196, 131, 151, 196, 196, 138, 196, 67, 70, 56, 146, 196, 29, 196, 121, 196, 196, 196, 69, 23, 196, 196, 26, 196, 153, 129, 196, 196, 196, 99, 196, 196, 196, 196, 196, 116, 196, 196, 25, 135, 37, 106, 60, 37, 134, 195]
Memory usage at done (index 96, length 60, since_prev 3): 23772.20703125 MiB (Increase: 0.0 MiB)
Memory usage before reset: 23772.20703125 MiB (Increase: 0.0 MiB)
Memory usage after reset: 23772.20703125 MiB (Increase: 0.0 MiB)
Current lengths of episodes: [134, 204, 74, 121, 135, 63, 204, 149, 107, 81, 55, 135, 204, 204, 109, 204, 204, 204, 76, 204, 204, 204, 204, 94, 149, 134, 30, 62, 204, 204, 204, 140, 204, 87, 204, 204, 85, 10, 203, 140, 51, 203, 203, 203, 203, 203, 32, 11, 203, 38, 110, 203, 203, 203, 203, 138, 158, 203, 203, 145, 203, 74, 77, 63, 153, 203, 36, 203, 128, 203, 203, 203, 76, 30, 203, 203, 33, 203, 160, 136, 203, 203, 203, 106, 203, 203, 203, 203, 203, 123, 203, 203, 32, 142, 44, 113, 7, 45, 142, 203]
Memory usage at done (index 36, length 85, since_prev 8): 23772.20703125 MiB (Increase: 0.0 MiB)
Memory usage before reset: 23772.20703125 MiB (Increase: 0.0 MiB)
Memory usage after reset: 23772.20703125 MiB (Increase: 0.0 MiB)
Current lengths of episodes: [152, 222, 92, 139, 153, 81, 222, 167, 125, 99, 72, 152, 221, 221, 126, 221, 221, 221, 93, 221, 221, 221, 221, 111, 166, 151, 47, 79, 221, 221, 221, 157, 221, 104, 221, 221, 17, 28, 221, 158, 69, 221, 221, 221, 221, 221, 50, 29, 221, 56, 128, 221, 221, 221, 221, 156, 176, 221, 221, 163, 221, 92, 95, 81, 171, 221, 54, 221, 146, 221, 221, 221, 94, 48, 221, 221, 51, 221, 178, 154, 221, 221, 221, 124, 221, 221, 221, 221, 221, 141, 221, 221, 50, 160, 62, 131, 25, 63, 160, 221]
Memory usage at done (index 9, length 99, since_prev 18): 23772.20703125 MiB (Increase: 0.0 MiB)
Memory usage before reset: 23772.20703125 MiB (Increase: 0.0 MiB)
Memory usage after reset: 23772.20703125 MiB (Increase: 0.0 MiB)
Current lengths of episodes: [153, 223, 93, 140, 154, 82, 223, 168, 126, 1, 74, 154, 223, 223, 128, 223, 223, 223, 95, 223, 223, 223, 223, 113, 168, 153, 49, 81, 223, 223, 223, 159, 223, 106, 223, 223, 19, 30, 223, 160, 71, 222, 222, 222, 222, 222, 51, 30, 222, 57, 129, 222, 222, 222, 222, 157, 177, 222, 222, 164, 222, 93, 96, 82, 172, 222, 55, 222, 147, 222, 222, 222, 95, 49, 222, 222, 52, 222, 179, 155, 222, 222, 222, 125, 222, 222, 222, 222, 222, 142, 222, 222, 51, 161, 63, 132, 26, 64, 161, 222]
Memory usage at done (index 40, length 71, since_prev 1): 23772.20703125 MiB (Increase: 0.0 MiB)
Memory usage before reset: 23772.20703125 MiB (Increase: 0.0 MiB)
Memory usage after reset: 23772.20703125 MiB (Increase: 0.0 MiB)
Current lengths of episodes: [158, 228, 98, 145, 159, 87, 227, 172, 130, 5, 78, 158, 227, 227, 132, 227, 227, 227, 99, 227, 227, 227, 227, 117, 172, 157, 53, 85, 227, 227, 227, 163, 227, 110, 227, 227, 23, 34, 227, 164, 4, 227, 227, 227, 227, 227, 56, 35, 227, 62, 134, 227, 227, 227, 227, 162, 182, 227, 227, 169, 227, 98, 101, 87, 177, 227, 60, 227, 152, 227, 227, 227, 100, 54, 227, 227, 57, 227, 184, 160, 227, 227, 227, 130, 227, 227, 227, 227, 227, 147, 227, 227, 56, 166, 68, 137, 31, 69, 166, 227]
Memory usage at done (index 5, length 87, since_prev 5): 23772.20703125 MiB (Increase: 0.0 MiB)
Memory usage before reset: 23772.20703125 MiB (Increase: 0.0 MiB)
Memory usage after reset: 23772.20703125 MiB (Increase: 0.0 MiB)
Current lengths of episodes: [159, 229, 99, 146, 160, 1, 229, 174, 132, 7, 80, 160, 229, 229, 134, 229, 229, 229, 101, 229, 229, 229, 229, 119, 174, 159, 55, 87, 229, 229, 229, 165, 229, 112, 229, 229, 25, 36, 229, 166, 6, 229, 229, 229, 229, 229, 58, 37, 229, 64, 136, 229, 229, 229, 229, 164, 184, 229, 229, 171, 229, 100, 103, 89, 179, 229, 62, 228, 153, 228, 228, 228, 101, 55, 228, 228, 58, 228, 185, 161, 228, 228, 228, 131, 228, 228, 228, 228, 228, 148, 228, 228, 57, 167, 69, 138, 32, 70, 167, 228]
Memory usage at done (index 66, length 62, since_prev 1): 23772.20703125 MiB (Increase: 0.0 MiB)
Memory usage before reset: 23772.20703125 MiB (Increase: 0.0 MiB)
Memory usage after reset: 23772.20703125 MiB (Increase: 0.0 MiB)
Current lengths of episodes: [160, 230, 100, 147, 161, 2, 230, 175, 133, 8, 81, 161, 230, 230, 135, 230, 230, 230, 102, 230, 230, 230, 230, 120, 175, 160, 56, 88, 230, 230, 230, 166, 230, 113, 230, 230, 26, 37, 230, 167, 7, 230, 230, 230, 230, 230, 59, 38, 230, 65, 137, 230, 230, 230, 230, 165, 185, 230, 230, 172, 230, 101, 104, 90, 180, 230, 1, 230, 155, 230, 230, 230, 103, 57, 230, 230, 60, 230, 187, 163, 229, 229, 229, 132, 229, 229, 229, 229, 229, 149, 229, 229, 58, 168, 70, 139, 33, 71, 168, 229]
Memory usage at done (index 79, length 163, since_prev 1): 23772.20703125 MiB (Increase: 0.0 MiB)
Memory usage before reset: 23772.20703125 MiB (Increase: 0.0 MiB)
Memory usage after reset: 23772.20703125 MiB (Increase: 0.0 MiB)
Current lengths of episodes: [167, 237, 107, 154, 168, 9, 237, 182, 140, 15, 88, 168, 237, 237, 142, 237, 237, 237, 109, 237, 237, 237, 237, 127, 182, 167, 63, 95, 237, 237, 237, 173, 237, 120, 237, 237, 33, 44, 237, 174, 14, 237, 237, 237, 237, 237, 66, 45, 237, 72, 144, 237, 237, 237, 237, 172, 192, 237, 237, 179, 237, 108, 111, 97, 187, 237, 8, 237, 162, 237, 237, 237, 110, 64, 237, 237, 67, 237, 194, 7, 237, 237, 237, 140, 237, 237, 237, 237, 237, 157, 237, 237, 66, 176, 78, 147, 41, 79, 175, 236]
Memory usage at done (index 97, length 79, since_prev 7): 23772.20703125 MiB (Increase: 0.0 MiB)
Memory usage before reset: 23772.20703125 MiB (Increase: 0.0 MiB)
Memory usage after reset: 23772.20703125 MiB (Increase: 0.0 MiB)
Current lengths of episodes: [179, 249, 119, 166, 180, 21, 249, 194, 152, 27, 100, 180, 249, 249, 154, 249, 249, 249, 121, 249, 249, 249, 249, 139, 194, 179, 75, 106, 248, 248, 248, 184, 248, 131, 248, 248, 44, 55, 248, 185, 25, 248, 248, 248, 248, 248, 77, 56, 248, 83, 155, 248, 248, 248, 248, 183, 203, 248, 248, 190, 248, 119, 122, 108, 198, 248, 19, 248, 173, 248, 248, 248, 121, 75, 248, 248, 78, 248, 205, 18, 248, 248, 248, 151, 248, 248, 248, 248, 248, 168, 248, 248, 77, 187, 89, 158, 52, 11, 187, 248]
Memory usage at done (index 26, length 75, since_prev 12): 23772.20703125 MiB (Increase: 0.0 MiB)
Memory usage before reset: 23772.20703125 MiB (Increase: 0.0 MiB)
Memory usage after reset: 23772.20703125 MiB (Increase: 0.0 MiB)
Current lengths of episodes: [183, 253, 123, 170, 184, 25, 253, 198, 156, 31, 104, 184, 253, 253, 158, 253, 253, 253, 125, 253, 253, 253, 253, 143, 198, 183, 4, 111, 253, 253, 253, 189, 253, 136, 253, 253, 49, 60, 253, 190, 30, 253, 253, 253, 253, 253, 82, 61, 253, 88, 159, 252, 252, 252, 252, 187, 207, 252, 252, 194, 252, 123, 126, 112, 202, 252, 23, 252, 177, 252, 252, 252, 125, 79, 252, 252, 82, 252, 209, 22, 252, 252, 252, 155, 252, 252, 252, 252, 252, 172, 252, 252, 81, 191, 93, 162, 56, 15, 191, 252]
Memory usage at done (index 49, length 88, since_prev 4): 23772.21484375 MiB (Increase: 0.0078125 MiB)
Memory usage before reset: 23772.21484375 MiB (Increase: 0.0 MiB)
Memory usage after reset: 23772.21484375 MiB (Increase: 0.0 MiB)
Current lengths of episodes: [184, 254, 124, 171, 185, 26, 254, 199, 157, 32, 105, 185, 254, 254, 159, 254, 254, 254, 126, 254, 254, 254, 254, 144, 199, 184, 5, 112, 254, 254, 253, 189, 253, 136, 253, 253, 49, 60, 253, 190, 30, 253, 253, 253, 253, 253, 82, 61, 253, 0, 160, 253, 253, 253, 253, 188, 208, 253, 253, 195, 253, 124, 127, 113, 203, 253, 24, 253, 178, 253, 253, 253, 126, 80, 253, 253, 83, 253, 210, 23, 253, 253, 253, 156, 253, 253, 253, 253, 253, 173, 253, 253, 82, 192, 94, 163, 57, 16, 192, 253]
Memory usage at done (index 29, length 254, since_prev 1): 23772.21484375 MiB (Increase: 0.0 MiB)
Memory usage before reset: 23772.21484375 MiB (Increase: 0.0 MiB)
Memory usage after reset: 23772.21484375 MiB (Increase: 0.0 MiB)
Current lengths of episodes: [185, 255, 125, 172, 186, 27, 255, 200, 158, 33, 106, 186, 255, 255, 160, 255, 255, 255, 127, 255, 255, 255, 255, 145, 200, 185, 6, 113, 255, 1, 255, 191, 255, 138, 255, 254, 50, 61, 254, 191, 31, 254, 254, 254, 254, 254, 83, 62, 254, 1, 161, 254, 254, 254, 254, 189, 209, 254, 254, 196, 254, 125, 128, 114, 204, 254, 25, 254, 179, 254, 254, 254, 127, 81, 254, 254, 84, 254, 211, 24, 254, 254, 254, 157, 254, 254, 254, 254, 254, 174, 254, 254, 83, 193, 95, 164, 58, 17, 193, 254]
Memory usage at done (index 34, length 255, since_prev 1): 23772.21484375 MiB (Increase: 0.0 MiB)
Memory usage before reset: 23772.21484375 MiB (Increase: 0.0 MiB)
Memory usage after reset: 23772.21484375 MiB (Increase: 0.0 MiB)
Current lengths of episodes: [194, 264, 134, 181, 195, 36, 264, 209, 167, 42, 114, 194, 263, 263, 168, 263, 263, 263, 135, 263, 263, 263, 263, 153, 208, 193, 14, 121, 263, 9, 263, 199, 263, 146, 8, 263, 59, 70, 263, 200, 40, 263, 263, 263, 263, 263, 92, 71, 263, 10, 170, 263, 263, 263, 263, 198, 218, 263, 263, 205, 263, 134, 137, 123, 213, 263, 34, 263, 188, 263, 263, 263, 136, 90, 263, 263, 93, 263, 220, 33, 263, 263, 263, 166, 263, 263, 263, 263, 263, 183, 263, 263, 92, 202, 104, 173, 67, 26, 202, 263]
Memory usage at done (index 9, length 42, since_prev 9): 23772.21484375 MiB (Increase: 0.0 MiB)
Memory usage before reset: 23772.21484375 MiB (Increase: 0.0 MiB)
Memory usage after reset: 23772.21484375 MiB (Increase: 0.0 MiB)
Current lengths of episodes: [194, 264, 134, 181, 195, 36, 264, 209, 167, 0, 115, 195, 264, 264, 169, 264, 264, 264, 136, 264, 264, 264, 264, 154, 209, 194, 15, 122, 264, 10, 264, 200, 264, 147, 9, 264, 60, 71, 264, 201, 41, 264, 264, 264, 264, 264, 93, 72, 264, 11, 171, 264, 264, 264, 264, 199, 219, 264, 264, 206, 264, 135, 138, 123, 213, 263, 34, 263, 188, 263, 263, 263, 136, 90, 263, 263, 93, 263, 220, 33, 263, 263, 263, 166, 263, 263, 263, 263, 263, 183, 263, 263, 92, 202, 104, 173, 67, 26, 202, 263]
Memory usage at done (index 62, length 138, since_prev 0): 23772.21484375 MiB (Increase: 0.0 MiB)
Memory usage before reset: 23772.21484375 MiB (Increase: 0.0 MiB)
Memory usage after reset: 23772.21484375 MiB (Increase: 0.0 MiB)
Current lengths of episodes: [197, 267, 137, 184, 198, 39, 267, 212, 170, 3, 118, 198, 267, 267, 172, 267, 267, 267, 139, 267, 267, 267, 267, 157, 212, 197, 18, 125, 267, 13, 267, 203, 267, 150, 12, 267, 63, 74, 267, 204, 44, 267, 267, 267, 267, 267, 96, 75, 267, 14, 174, 267, 267, 267, 267, 202, 222, 267, 267, 209, 267, 138, 3, 127, 217, 267, 38, 267, 192, 267, 267, 267, 140, 94, 267, 267, 97, 267, 224, 37, 267, 267, 267, 170, 267, 267, 267, 267, 267, 187, 267, 267, 96, 205, 107, 176, 70, 29, 205, 266]
Memory usage at done (index 92, length 96, since_prev 3): 23772.21484375 MiB (Increase: 0.0 MiB)
Memory usage before reset: 23772.21484375 MiB (Increase: 0.0 MiB)
Memory usage after reset: 23772.21484375 MiB (Increase: 0.0 MiB)
Current lengths of episodes: [216, 286, 156, 203, 217, 58, 286, 231, 189, 22, 137, 217, 286, 286, 191, 286, 286, 286, 158, 286, 286, 286, 286, 176, 231, 216, 37, 144, 286, 32, 286, 222, 286, 169, 31, 286, 82, 93, 286, 223, 63, 286, 286, 286, 286, 286, 115, 93, 285, 32, 192, 285, 285, 285, 285, 220, 240, 285, 285, 227, 285, 156, 21, 145, 235, 285, 56, 285, 210, 285, 285, 285, 158, 112, 285, 285, 115, 285, 242, 55, 285, 285, 285, 188, 285, 285, 285, 285, 285, 205, 285, 285, 18, 224, 126, 195, 89, 48, 224, 285]
Memory usage at done (index 46, length 115, since_prev 19): 23772.21484375 MiB (Increase: 0.0 MiB)
Memory usage before reset: 23772.21484375 MiB (Increase: 0.0 MiB)
Memory usage after reset: 23772.21484375 MiB (Increase: 0.0 MiB)
Current lengths of episodes: [216, 286, 156, 203, 217, 58, 286, 231, 189, 22, 137, 217, 286, 286, 191, 286, 286, 286, 158, 286, 286, 286, 286, 176, 231, 216, 37, 144, 286, 32, 286, 222, 286, 169, 31, 286, 82, 93, 286, 223, 63, 286, 286, 286, 286, 286, 0, 94, 286, 33, 193, 286, 286, 286, 286, 221, 241, 286, 286, 228, 286, 157, 22, 146, 236, 286, 57, 286, 211, 286, 286, 286, 159, 113, 286, 286, 116, 286, 243, 56, 286, 286, 286, 189, 286, 286, 286, 286, 286, 206, 286, 285, 18, 224, 126, 195, 89, 48, 224, 285]
Memory usage at done (index 90, length 286, since_prev 0): 23772.21484375 MiB (Increase: 0.0 MiB)
Memory usage before reset: 23772.21484375 MiB (Increase: 0.0 MiB)
Memory usage after reset: 23772.21484375 MiB (Increase: 0.0 MiB)
Current lengths of episodes: [228, 298, 168, 215, 229, 70, 298, 243, 201, 34, 149, 229, 298, 298, 203, 298, 298, 298, 170, 298, 298, 298, 298, 188, 243, 228, 49, 156, 298, 44, 298, 234, 298, 181, 43, 298, 94, 105, 298, 235, 75, 297, 297, 297, 297, 297, 11, 105, 297, 44, 204, 297, 297, 297, 297, 232, 252, 297, 297, 239, 297, 168, 33, 157, 247, 297, 68, 297, 222, 297, 297, 297, 170, 124, 297, 297, 127, 297, 254, 67, 297, 297, 297, 200, 297, 297, 297, 297, 297, 217, 11, 297, 30, 236, 138, 207, 101, 60, 236, 297]
Memory usage at done (index 40, length 75, since_prev 12): 23772.21484375 MiB (Increase: 0.0 MiB)
Memory usage before reset: 23772.21484375 MiB (Increase: 0.0 MiB)
Memory usage after reset: 23772.21484375 MiB (Increase: 0.0 MiB)
Current lengths of episodes: [231, 301, 171, 218, 232, 73, 301, 246, 204, 37, 152, 232, 301, 301, 206, 301, 301, 301, 173, 301, 301, 301, 301, 191, 246, 231, 52, 159, 301, 47, 301, 237, 301, 184, 46, 301, 97, 108, 301, 238, 3, 301, 301, 301, 301, 301, 15, 109, 301, 48, 208, 301, 301, 301, 301, 236, 256, 301, 301, 243, 301, 172, 37, 161, 251, 301, 72, 300, 225, 300, 300, 300, 173, 127, 300, 300, 130, 300, 257, 70, 300, 300, 300, 203, 300, 300, 300, 300, 300, 220, 14, 300, 33, 239, 141, 210, 104, 63, 239, 300]
Memory usage at done (index 66, length 72, since_prev 3): 23772.21484375 MiB (Increase: 0.0 MiB)
Memory usage before reset: 23772.21484375 MiB (Increase: 0.0 MiB)
Memory usage after reset: 23772.21484375 MiB (Increase: 0.0 MiB)
Current lengths of episodes: [234, 304, 174, 221, 235, 76, 304, 249, 207, 40, 155, 235, 304, 304, 209, 304, 304, 304, 176, 304, 304, 304, 304, 194, 249, 234, 55, 162, 304, 50, 304, 240, 304, 187, 49, 304, 100, 111, 304, 241, 6, 304, 304, 304, 304, 304, 18, 112, 304, 51, 210, 303, 303, 303, 303, 238, 258, 303, 303, 245, 303, 174, 39, 163, 253, 303, 2, 303, 228, 303, 303, 303, 176, 130, 303, 303, 133, 303, 260, 73, 303, 303, 303, 206, 303, 303, 303, 303, 303, 223, 17, 303, 36, 242, 144, 213, 107, 66, 242, 303]
Memory usage at done (index 49, length 51, since_prev 3): 23772.21484375 MiB (Increase: 0.0 MiB)
Memory usage before reset: 23772.21484375 MiB (Increase: 0.0 MiB)
Memory usage after reset: 23772.21484375 MiB (Increase: 0.0 MiB)
Current lengths of episodes: [235, 305, 175, 222, 236, 77, 305, 250, 208, 41, 156, 236, 305, 305, 210, 305, 305, 305, 177, 305, 305, 305, 305, 195, 250, 235, 56, 163, 305, 51, 305, 241, 305, 188, 50, 305, 101, 112, 305, 242, 7, 305, 305, 305, 305, 305, 19, 113, 305, 1, 212, 305, 305, 305, 305, 240, 260, 305, 305, 247, 305, 176, 41, 165, 255, 305, 4, 305, 230, 305, 305, 305, 178, 132, 305, 305, 135, 305, 262, 74, 304, 304, 304, 207, 304, 304, 304, 304, 304, 224, 18, 304, 37, 243, 145, 214, 108, 67, 243, 304]
Memory usage at done (index 78, length 262, since_prev 1): 23772.21875 MiB (Increase: 0.00390625 MiB)
Memory usage before reset: 23772.21875 MiB (Increase: 0.0 MiB)
Memory usage after reset: 23772.21875 MiB (Increase: 0.0 MiB)
Current lengths of episodes: [255, 325, 195, 242, 256, 97, 325, 270, 228, 61, 176, 256, 325, 325, 230, 325, 325, 325, 197, 325, 325, 325, 325, 215, 270, 255, 76, 183, 325, 71, 325, 261, 325, 208, 70, 325, 121, 131, 324, 261, 26, 324, 324, 324, 324, 324, 38, 132, 324, 20, 231, 324, 324, 324, 324, 259, 279, 324, 324, 266, 324, 195, 60, 184, 274, 324, 23, 324, 249, 324, 324, 324, 197, 151, 324, 324, 154, 324, 19, 94, 324, 324, 324, 227, 324, 324, 324, 324, 324, 244, 38, 324, 57, 263, 165, 234, 128, 87, 263, 324]
Memory usage at done (index 36, length 121, since_prev 20): 23772.22265625 MiB (Increase: 0.00390625 MiB)
Memory usage before reset: 23772.22265625 MiB (Increase: 0.0 MiB)
Memory usage after reset: 23772.22265625 MiB (Increase: 0.0 MiB)
Current lengths of episodes: [256, 326, 196, 242, 256, 97, 325, 270, 228, 61, 176, 256, 325, 325, 230, 325, 325, 325, 197, 325, 325, 325, 325, 215, 270, 255, 76, 183, 325, 71, 325, 261, 325, 208, 70, 325, 0, 132, 325, 262, 27, 325, 325, 325, 325, 325, 39, 133, 325, 21, 232, 325, 325, 325, 325, 260, 280, 325, 325, 267, 325, 196, 61, 185, 275, 325, 24, 325, 250, 325, 325, 325, 198, 152, 325, 325, 155, 325, 20, 95, 325, 325, 325, 228, 325, 325, 325, 325, 325, 245, 39, 325, 58, 264, 166, 235, 129, 88, 264, 325]
Memory usage at done (index 2, length 196, since_prev 1): 23772.22265625 MiB (Increase: 0.0 MiB)
Memory usage before reset: 23772.22265625 MiB (Increase: 0.0 MiB)
Memory usage after reset: 23772.22265625 MiB (Increase: 0.0 MiB)
Current lengths of episodes: [270, 340, 14, 257, 271, 112, 340, 285, 243, 76, 191, 271, 340, 340, 244, 339, 339, 339, 211, 339, 339, 339, 339, 229, 284, 269, 90, 197, 339, 85, 339, 275, 339, 222, 84, 339, 14, 146, 339, 276, 41, 339, 339, 339, 339, 339, 53, 147, 339, 35, 246, 339, 339, 339, 339, 274, 294, 339, 339, 281, 339, 210, 75, 199, 289, 339, 38, 339, 264, 339, 339, 339, 212, 166, 339, 339, 169, 339, 34, 109, 339, 339, 339, 242, 339, 339, 339, 339, 339, 259, 53, 339, 72, 278, 180, 249, 143, 102, 278, 339]
Memory usage at done (index 13, length 340, since_prev 14): 23772.22265625 MiB (Increase: 0.0 MiB)
Memory usage before reset: 23772.22265625 MiB (Increase: 0.0 MiB)
Memory usage after reset: 23772.22265625 MiB (Increase: 0.0 MiB)
Current lengths of episodes: [285, 355, 29, 272, 286, 127, 355, 300, 258, 91, 206, 286, 355, 15, 260, 355, 355, 355, 227, 355, 355, 355, 355, 245, 300, 285, 106, 213, 355, 101, 354, 290, 354, 237, 99, 354, 29, 161, 354, 291, 56, 354, 354, 354, 354, 354, 68, 162, 354, 50, 261, 354, 354, 354, 354, 289, 309, 354, 354, 296, 354, 225, 90, 214, 304, 354, 53, 354, 279, 354, 354, 354, 227, 181, 354, 354, 184, 354, 49, 124, 354, 354, 354, 257, 354, 354, 354, 354, 354, 274, 68, 354, 87, 293, 195, 264, 158, 117, 293, 354]
Memory usage at done (index 29, length 101, since_prev 15): 23772.22265625 MiB (Increase: 0.0 MiB)
Memory usage before reset: 23772.22265625 MiB (Increase: 0.0 MiB)
Memory usage after reset: 23772.22265625 MiB (Increase: 0.0 MiB)
Current lengths of episodes: [286, 356, 30, 273, 287, 128, 356, 301, 259, 92, 207, 287, 356, 16, 261, 356, 356, 356, 228, 356, 356, 356, 356, 246, 301, 286, 107, 214, 356, 1, 356, 292, 356, 239, 101, 356, 31, 163, 356, 293, 58, 355, 355, 355, 355, 355, 69, 163, 355, 51, 262, 355, 355, 355, 355, 290, 310, 355, 355, 297, 355, 226, 91, 215, 305, 355, 54, 355, 280, 355, 355, 355, 228, 182, 355, 355, 185, 355, 50, 125, 355, 355, 355, 258, 355, 355, 355, 355, 355, 275, 69, 355, 88, 294, 196, 265, 159, 118, 294, 355]
Memory usage at done (index 40, length 58, since_prev 1): 23772.22265625 MiB (Increase: 0.0 MiB)
Memory usage before reset: 23772.22265625 MiB (Increase: 0.0 MiB)
Memory usage after reset: 23772.22265625 MiB (Increase: 0.0 MiB)
Current lengths of episodes: [287, 357, 31, 274, 288, 129, 357, 302, 260, 93, 208, 288, 357, 17, 262, 357, 357, 357, 229, 357, 357, 357, 357, 247, 302, 287, 108, 215, 357, 2, 357, 293, 357, 240, 102, 357, 32, 164, 357, 294, 1, 357, 357, 357, 357, 357, 71, 164, 356, 52, 263, 356, 356, 356, 356, 291, 311, 356, 356, 298, 356, 227, 92, 216, 306, 356, 55, 356, 281, 356, 356, 356, 229, 183, 356, 356, 186, 356, 51, 126, 356, 356, 356, 259, 356, 356, 356, 356, 356, 276, 70, 356, 89, 295, 197, 266, 160, 119, 295, 356]
Memory usage at done (index 46, length 71, since_prev 1): 23772.22265625 MiB (Increase: 0.0 MiB)
Memory usage before reset: 23772.22265625 MiB (Increase: 0.0 MiB)
Memory usage after reset: 23772.22265625 MiB (Increase: 0.0 MiB)
Current lengths of episodes: [311, 381, 55, 298, 312, 153, 381, 326, 284, 117, 232, 312, 381, 41, 286, 381, 381, 381, 253, 381, 381, 381, 381, 271, 326, 311, 132, 239, 381, 26, 381, 317, 381, 264, 126, 381, 56, 188, 381, 318, 25, 381, 381, 381, 381, 381, 24, 189, 381, 77, 288, 381, 381, 381, 381, 316, 336, 381, 381, 323, 381, 252, 117, 241, 331, 381, 80, 381, 306, 381, 381, 381, 254, 207, 380, 380, 210, 380, 75, 150, 380, 380, 380, 283, 380, 380, 380, 380, 380, 300, 94, 380, 113, 319, 221, 290, 184, 143, 319, 380]
Memory usage at done (index 72, length 254, since_prev 24): 23969.1015625 MiB (Increase: 196.87890625 MiB)
Memory usage before reset: 23969.1015625 MiB (Increase: 0.0 MiB)
Memory usage after reset: 23972.06640625 MiB (Increase: 2.96484375 MiB)
Current lengths of episodes: [316, 386, 60, 303, 317, 158, 386, 331, 288, 121, 236, 316, 385, 45, 290, 385, 385, 385, 257, 385, 385, 385, 385, 275, 330, 315, 136, 243, 385, 30, 385, 321, 385, 268, 130, 385, 60, 192, 385, 322, 29, 385, 385, 385, 385, 385, 28, 193, 385, 81, 292, 385, 385, 385, 385, 320, 340, 385, 385, 327, 385, 256, 121, 245, 335, 385, 84, 385, 310, 385, 385, 385, 4, 212, 385, 385, 215, 385, 80, 155, 385, 385, 385, 288, 385, 385, 385, 385, 385, 305, 99, 385, 118, 324, 226, 295, 189, 148, 324, 385]
Memory usage at done (index 7, length 331, since_prev 5): 24078.08984375 MiB (Increase: 106.0234375 MiB)
Memory usage before reset: 24078.08984375 MiB (Increase: 0.0 MiB)
Memory usage after reset: 24081.046875 MiB (Increase: 2.95703125 MiB)
Training episode 1000
Memory usage at middle: 24081.046875 MiB (Increase: 0.0 MiB)
Memory usage before collect: 24081.22265625 MiB (Increase: 0.17578125 MiB)
Memory usage after collect: 24081.22265625 MiB (Increase: 0.0 MiB)
Episode 1000	Average evaluation: -98.1213910746968
Current best exp_BW_validation:  -98.1213910746968  reached at episode  1000 .
Memory usage at end: 24081.22265625 MiB (Increase: 0.0 MiB)
Memory used by function: 23701.18359375 MiB
Best average after 1000 episodes: -98.1213910746968
Training took 1221.2502274513245 seconds

###############################################################################
Hábrók Cluster
Job 9086741 for user s3512290
Finished at: Mon May 20 11:53:20 CEST 2024

Job details:
============

Job ID              : 9086741
Name                : batchBWtest.sh
User                : s3512290
Partition           : regularshort
Nodes               : node19
Number of Nodes     : 1
Cores               : 1
Number of Tasks     : 1
State               : RUNNING
Submit              : 2024-05-20T11:31:34
Start               : 2024-05-20T11:32:32
End                 : --
Reserved walltime   : 03:00:00
Used walltime       : 00:20:48
Used CPU time       : --
% User (Computation): --
% System (I/O)      : --
Mem reserved        : 40000M
Max Mem (Node/step) : 0.00  (Node unknown, N/A)
Full Max Mem usage  : 0.00  (Until last completed step)
Total Disk Read     : 0.00  (Until last completed step)
Total Disk Write    : 0.00  (Until last completed step)

Acknowledgements:
=================

Please see this page for information about acknowledging Hábrók in your publications:

https://wiki.hpc.rug.nl/habrok/introduction/scientific_output

################################################################################
