The following modules were not unloaded:
  (Use "module --force purge" to unload all):

  1) 2023.01   2) StdEnv
Created Directory Master_Thesis_Code/BP_A2C/bipedal_walker/exploration/BP_RNN_a2c_result_9999929_2024519_entropycoef_0.0001_valuepredcoef_0.0001_learningrate_1e-05_numtrainepisodes_1000_selectionmethod_exp_BW_validation_trainingmethod_original_numneurons_96 to store the results in
Run # 0
WARNING: Batch size larger than 1 not implemented yet for all training algorithms.
Section 1 out of 1 sections
GPU is not available
Memory usage at start: 376.1015625 MiB
/home3/s3512290/venvs/LTC/lib/python3.8/site-packages/gym/logger.py:30: UserWarning: [33mWARN: Box bound precision lowered by casting to float32[0m
  warnings.warn(colorize('%s: %s'%('WARN', msg % args), 'yellow'))
Memory usage before initialization: 377.11328125 MiB (Increase: 1.01171875 MiB)
Memory usage after initialization: 377.11328125 MiB (Increase: 0.0 MiB)
Current lengths of episodes: [63]
New longest episode length: 63, previous longest: 0
Memory usage at done (index 0, length 63, since_prev 62): 408.6640625 MiB (Increase: 31.55078125 MiB)
Memory usage before reset: 408.6640625 MiB (Increase: 0.0 MiB)
Memory usage after reset: 408.6640625 MiB (Increase: 0.0 MiB)
Current lengths of episodes: [78]
New longest episode length: 78, previous longest: 63
Memory usage at done (index 0, length 78, since_prev 78): 436.7890625 MiB (Increase: 28.125 MiB)
Memory usage before reset: 436.7890625 MiB (Increase: 0.0 MiB)
Memory usage after reset: 436.7890625 MiB (Increase: 0.0 MiB)
Current lengths of episodes: [799]
New longest episode length: 799, previous longest: 78
Memory usage at done (index 0, length 799, since_prev 799): 721.47265625 MiB (Increase: 284.68359375 MiB)
Memory usage before reset: 721.47265625 MiB (Increase: 0.0 MiB)
Memory usage after reset: 721.47265625 MiB (Increase: 0.0 MiB)
Current lengths of episodes: [76]
Memory usage at done (index 0, length 76, since_prev 76): 748.61328125 MiB (Increase: 27.140625 MiB)
Memory usage before reset: 748.61328125 MiB (Increase: 0.0 MiB)
Memory usage after reset: 748.61328125 MiB (Increase: 0.0 MiB)
Current lengths of episodes: [55]
Memory usage at done (index 0, length 55, since_prev 55): 768.265625 MiB (Increase: 19.65234375 MiB)
Memory usage before reset: 768.265625 MiB (Increase: 0.0 MiB)
Memory usage after reset: 768.265625 MiB (Increase: 0.0 MiB)
Training episode 5
Memory usage at middle: 768.265625 MiB (Increase: 0.0 MiB)
Memory usage before collect: 773.52734375 MiB (Increase: 5.26171875 MiB)
Memory usage after collect: 773.87890625 MiB (Increase: 0.3515625 MiB)
Memory usage before initialization: 773.87890625 MiB (Increase: 0.0 MiB)
Memory usage after initialization: 773.87890625 MiB (Increase: 0.0 MiB)
Current lengths of episodes: [848]
New longest episode length: 848, previous longest: 799
Memory usage at done (index 0, length 848, since_prev 848): 1071.70703125 MiB (Increase: 297.828125 MiB)
Memory usage before reset: 1071.70703125 MiB (Increase: 0.0 MiB)
Memory usage after reset: 1071.70703125 MiB (Increase: 0.0 MiB)
Current lengths of episodes: [72]
Memory usage at done (index 0, length 72, since_prev 72): 1097.37890625 MiB (Increase: 25.671875 MiB)
Memory usage before reset: 1097.37890625 MiB (Increase: 0.0 MiB)
Memory usage after reset: 1097.37890625 MiB (Increase: 0.0 MiB)
Current lengths of episodes: [1600]
New longest episode length: 1600, previous longest: 848
Memory usage at done (index 0, length 1600, since_prev 1600): 1667.6875 MiB (Increase: 570.30859375 MiB)
Memory usage before reset: 1667.6875 MiB (Increase: 0.0 MiB)
Memory usage after reset: 1667.6875 MiB (Increase: 0.0 MiB)
Current lengths of episodes: [83]
Memory usage at done (index 0, length 83, since_prev 83): 1697.21484375 MiB (Increase: 29.52734375 MiB)
Memory usage before reset: 1697.21484375 MiB (Increase: 0.0 MiB)
Memory usage after reset: 1697.21484375 MiB (Increase: 0.0 MiB)
Current lengths of episodes: [85]
Memory usage at done (index 0, length 85, since_prev 85): 1727.51171875 MiB (Increase: 30.296875 MiB)
Memory usage before reset: 1727.51171875 MiB (Increase: 0.0 MiB)
Memory usage after reset: 1727.51171875 MiB (Increase: 0.0 MiB)
Training episode 10
Memory usage at middle: 1727.51171875 MiB (Increase: 0.0 MiB)
Memory usage before collect: 1727.98828125 MiB (Increase: 0.4765625 MiB)
Memory usage after collect: 1727.98828125 MiB (Increase: 0.0 MiB)
Memory usage before initialization: 1727.98828125 MiB (Increase: 0.0 MiB)
Memory usage after initialization: 1727.98828125 MiB (Increase: 0.0 MiB)
Current lengths of episodes: [1600]
Memory usage at done (index 0, length 1600, since_prev 1600): 1919.64453125 MiB (Increase: 191.65625 MiB)
Memory usage before reset: 1919.64453125 MiB (Increase: 0.0 MiB)
Memory usage after reset: 1919.64453125 MiB (Increase: 0.0 MiB)
Current lengths of episodes: [523]
Memory usage at done (index 0, length 523, since_prev 523): 2069.0 MiB (Increase: 149.35546875 MiB)
Memory usage before reset: 2069.0 MiB (Increase: 0.0 MiB)
Memory usage after reset: 2069.0 MiB (Increase: 0.0 MiB)
Current lengths of episodes: [1600]
Memory usage at done (index 0, length 1600, since_prev 1600): 2526.359375 MiB (Increase: 457.359375 MiB)
Memory usage before reset: 2526.359375 MiB (Increase: 0.0 MiB)
Memory usage after reset: 2526.359375 MiB (Increase: 0.0 MiB)
Current lengths of episodes: [1600]
Memory usage at done (index 0, length 1600, since_prev 1600): 3079.09765625 MiB (Increase: 552.73828125 MiB)
Memory usage before reset: 3079.09765625 MiB (Increase: 0.0 MiB)
Memory usage after reset: 3079.09765625 MiB (Increase: 0.0 MiB)
Current lengths of episodes: [68]
Memory usage at done (index 0, length 68, since_prev 68): 3103.33984375 MiB (Increase: 24.2421875 MiB)
Memory usage before reset: 3103.33984375 MiB (Increase: 0.0 MiB)
Memory usage after reset: 3103.33984375 MiB (Increase: 0.0 MiB)
Training episode 15
Memory usage at middle: 3103.33984375 MiB (Increase: 0.0 MiB)
Memory usage before collect: 3104.30078125 MiB (Increase: 0.9609375 MiB)
Memory usage after collect: 3104.30078125 MiB (Increase: 0.0 MiB)
Memory usage before initialization: 3104.30078125 MiB (Increase: 0.0 MiB)
Memory usage after initialization: 3104.30078125 MiB (Increase: 0.0 MiB)
Current lengths of episodes: [128]
Memory usage at done (index 0, length 128, since_prev 128): 3104.30078125 MiB (Increase: 0.0 MiB)
Memory usage before reset: 3104.30078125 MiB (Increase: 0.0 MiB)
Memory usage after reset: 3104.30078125 MiB (Increase: 0.0 MiB)
Current lengths of episodes: [1600]
Memory usage at done (index 0, length 1600, since_prev 1600): 3104.30078125 MiB (Increase: 0.0 MiB)
Memory usage before reset: 3104.30078125 MiB (Increase: 0.0 MiB)
Memory usage after reset: 3104.30078125 MiB (Increase: 0.0 MiB)
Current lengths of episodes: [1600]
Memory usage at done (index 0, length 1600, since_prev 1600): 3239.6328125 MiB (Increase: 135.33203125 MiB)
Memory usage before reset: 3239.6328125 MiB (Increase: 0.0 MiB)
Memory usage after reset: 3239.6328125 MiB (Increase: 0.0 MiB)
Current lengths of episodes: [1600]
Memory usage at done (index 0, length 1600, since_prev 1600): 3809.58203125 MiB (Increase: 569.94921875 MiB)
Memory usage before reset: 3809.58203125 MiB (Increase: 0.0 MiB)
Memory usage after reset: 3809.58203125 MiB (Increase: 0.0 MiB)
Current lengths of episodes: [1600]
Memory usage at done (index 0, length 1600, since_prev 1600): 4379.88671875 MiB (Increase: 570.3046875 MiB)
Memory usage before reset: 4379.88671875 MiB (Increase: 0.0 MiB)
Memory usage after reset: 4379.88671875 MiB (Increase: 0.0 MiB)
Training episode 20
Memory usage at middle: 4379.88671875 MiB (Increase: 0.0 MiB)
Memory usage before collect: 4381.05078125 MiB (Increase: 1.1640625 MiB)
Memory usage after collect: 4381.05078125 MiB (Increase: 0.0 MiB)
Memory usage before initialization: 4381.05078125 MiB (Increase: 0.0 MiB)
Memory usage after initialization: 4381.05078125 MiB (Increase: 0.0 MiB)
Current lengths of episodes: [1600]
Memory usage at done (index 0, length 1600, since_prev 1600): 4381.05078125 MiB (Increase: 0.0 MiB)
Memory usage before reset: 4381.05078125 MiB (Increase: 0.0 MiB)
Memory usage after reset: 4381.05078125 MiB (Increase: 0.0 MiB)
Current lengths of episodes: [77]
Memory usage at done (index 0, length 77, since_prev 77): 4381.05078125 MiB (Increase: 0.0 MiB)
Memory usage before reset: 4381.05078125 MiB (Increase: 0.0 MiB)
Memory usage after reset: 4381.05078125 MiB (Increase: 0.0 MiB)
Current lengths of episodes: [1600]
Memory usage at done (index 0, length 1600, since_prev 1600): 4381.05078125 MiB (Increase: 0.0 MiB)
Memory usage before reset: 4381.05078125 MiB (Increase: 0.0 MiB)
Memory usage after reset: 4381.05078125 MiB (Increase: 0.0 MiB)
Current lengths of episodes: [1600]
Memory usage at done (index 0, length 1600, since_prev 1600): 4710.546875 MiB (Increase: 329.49609375 MiB)
Memory usage before reset: 4710.546875 MiB (Increase: 0.0 MiB)
Memory usage after reset: 4710.546875 MiB (Increase: 0.0 MiB)
Current lengths of episodes: [1600]
Memory usage at done (index 0, length 1600, since_prev 1600): 5280.75 MiB (Increase: 570.203125 MiB)
Memory usage before reset: 5280.75 MiB (Increase: 0.0 MiB)
Memory usage after reset: 5280.75 MiB (Increase: 0.0 MiB)
Training episode 25
Memory usage at middle: 5280.75 MiB (Increase: 0.0 MiB)
Memory usage before collect: 5281.90234375 MiB (Increase: 1.15234375 MiB)
Memory usage after collect: 5281.90234375 MiB (Increase: 0.0 MiB)
Memory usage before initialization: 5281.90234375 MiB (Increase: 0.0 MiB)
Memory usage after initialization: 5281.90234375 MiB (Increase: 0.0 MiB)
Current lengths of episodes: [1600]
Memory usage at done (index 0, length 1600, since_prev 1600): 5281.90234375 MiB (Increase: 0.0 MiB)
Memory usage before reset: 5281.90234375 MiB (Increase: 0.0 MiB)
Memory usage after reset: 5281.90234375 MiB (Increase: 0.0 MiB)
Current lengths of episodes: [1600]
Memory usage at done (index 0, length 1600, since_prev 1600): 5281.90234375 MiB (Increase: 0.0 MiB)
Memory usage before reset: 5281.90234375 MiB (Increase: 0.0 MiB)
Memory usage after reset: 5281.90234375 MiB (Increase: 0.0 MiB)
Current lengths of episodes: [1600]
Memory usage at done (index 0, length 1600, since_prev 1600): 5281.90234375 MiB (Increase: 0.0 MiB)
Memory usage before reset: 5281.90234375 MiB (Increase: 0.0 MiB)
Memory usage after reset: 5281.90234375 MiB (Increase: 0.0 MiB)
Current lengths of episodes: [126]
Memory usage at done (index 0, length 126, since_prev 126): 5281.90234375 MiB (Increase: 0.0 MiB)
Memory usage before reset: 5281.90234375 MiB (Increase: 0.0 MiB)
Memory usage after reset: 5281.90234375 MiB (Increase: 0.0 MiB)
Current lengths of episodes: [1600]
Memory usage at done (index 0, length 1600, since_prev 1600): 5448.140625 MiB (Increase: 166.23828125 MiB)
Memory usage before reset: 5448.140625 MiB (Increase: 0.0 MiB)
Memory usage after reset: 5448.140625 MiB (Increase: 0.0 MiB)
Training episode 30
Memory usage at middle: 5448.140625 MiB (Increase: 0.0 MiB)
Memory usage before collect: 5449.26953125 MiB (Increase: 1.12890625 MiB)
Memory usage after collect: 5449.26953125 MiB (Increase: 0.0 MiB)
Memory usage before initialization: 5449.26953125 MiB (Increase: 0.0 MiB)
Memory usage after initialization: 5449.26953125 MiB (Increase: 0.0 MiB)
Current lengths of episodes: [51]
Memory usage at done (index 0, length 51, since_prev 51): 5449.26953125 MiB (Increase: 0.0 MiB)
Memory usage before reset: 5449.26953125 MiB (Increase: 0.0 MiB)
Memory usage after reset: 5449.26953125 MiB (Increase: 0.0 MiB)
Current lengths of episodes: [50]
Memory usage at done (index 0, length 50, since_prev 50): 5449.26953125 MiB (Increase: 0.0 MiB)
Memory usage before reset: 5449.26953125 MiB (Increase: 0.0 MiB)
Memory usage after reset: 5449.26953125 MiB (Increase: 0.0 MiB)
Current lengths of episodes: [1600]
Memory usage at done (index 0, length 1600, since_prev 1600): 5449.26953125 MiB (Increase: 0.0 MiB)
Memory usage before reset: 5449.26953125 MiB (Increase: 0.0 MiB)
Memory usage after reset: 5449.26953125 MiB (Increase: 0.0 MiB)
Current lengths of episodes: [1600]
Memory usage at done (index 0, length 1600, since_prev 1600): 5449.26953125 MiB (Increase: 0.0 MiB)
Memory usage before reset: 5449.26953125 MiB (Increase: 0.0 MiB)
Memory usage after reset: 5449.26953125 MiB (Increase: 0.0 MiB)
Current lengths of episodes: [82]
Memory usage at done (index 0, length 82, since_prev 82): 5449.26953125 MiB (Increase: 0.0 MiB)
Memory usage before reset: 5449.26953125 MiB (Increase: 0.0 MiB)
Memory usage after reset: 5449.26953125 MiB (Increase: 0.0 MiB)
Training episode 35
Memory usage at middle: 5449.26953125 MiB (Increase: 0.0 MiB)
Memory usage before collect: 5449.26953125 MiB (Increase: 0.0 MiB)
Memory usage after collect: 5449.26953125 MiB (Increase: 0.0 MiB)
Memory usage before initialization: 5449.26953125 MiB (Increase: 0.0 MiB)
Memory usage after initialization: 5449.26953125 MiB (Increase: 0.0 MiB)
Current lengths of episodes: [944]
Memory usage at done (index 0, length 944, since_prev 944): 5449.26953125 MiB (Increase: 0.0 MiB)
Memory usage before reset: 5449.26953125 MiB (Increase: 0.0 MiB)
Memory usage after reset: 5449.26953125 MiB (Increase: 0.0 MiB)
Current lengths of episodes: [48]
Memory usage at done (index 0, length 48, since_prev 48): 5449.26953125 MiB (Increase: 0.0 MiB)
Memory usage before reset: 5449.26953125 MiB (Increase: 0.0 MiB)
Memory usage after reset: 5449.26953125 MiB (Increase: 0.0 MiB)
Current lengths of episodes: [1600]
Memory usage at done (index 0, length 1600, since_prev 1600): 5449.26953125 MiB (Increase: 0.0 MiB)
Memory usage before reset: 5449.26953125 MiB (Increase: 0.0 MiB)
Memory usage after reset: 5449.26953125 MiB (Increase: 0.0 MiB)
Current lengths of episodes: [97]
Memory usage at done (index 0, length 97, since_prev 97): 5449.26953125 MiB (Increase: 0.0 MiB)
Memory usage before reset: 5449.26953125 MiB (Increase: 0.0 MiB)
Memory usage after reset: 5449.26953125 MiB (Increase: 0.0 MiB)
Current lengths of episodes: [1600]
Memory usage at done (index 0, length 1600, since_prev 1600): 5449.26953125 MiB (Increase: 0.0 MiB)
Memory usage before reset: 5449.26953125 MiB (Increase: 0.0 MiB)
Memory usage after reset: 5449.26953125 MiB (Increase: 0.0 MiB)
Training episode 40
Memory usage at middle: 5449.26953125 MiB (Increase: 0.0 MiB)
Memory usage before collect: 5449.26953125 MiB (Increase: 0.0 MiB)
Memory usage after collect: 5449.26953125 MiB (Increase: 0.0 MiB)
Memory usage before initialization: 5449.26953125 MiB (Increase: 0.0 MiB)
Memory usage after initialization: 5449.26953125 MiB (Increase: 0.0 MiB)
Current lengths of episodes: [95]
Memory usage at done (index 0, length 95, since_prev 95): 5449.26953125 MiB (Increase: 0.0 MiB)
Memory usage before reset: 5449.26953125 MiB (Increase: 0.0 MiB)
Memory usage after reset: 5449.26953125 MiB (Increase: 0.0 MiB)
Current lengths of episodes: [1600]
Memory usage at done (index 0, length 1600, since_prev 1600): 5449.26953125 MiB (Increase: 0.0 MiB)
Memory usage before reset: 5449.26953125 MiB (Increase: 0.0 MiB)
Memory usage after reset: 5449.26953125 MiB (Increase: 0.0 MiB)
Current lengths of episodes: [80]
Memory usage at done (index 0, length 80, since_prev 80): 5449.26953125 MiB (Increase: 0.0 MiB)
Memory usage before reset: 5449.26953125 MiB (Increase: 0.0 MiB)
Memory usage after reset: 5449.26953125 MiB (Increase: 0.0 MiB)
Current lengths of episodes: [63]
Memory usage at done (index 0, length 63, since_prev 63): 5449.26953125 MiB (Increase: 0.0 MiB)
Memory usage before reset: 5449.26953125 MiB (Increase: 0.0 MiB)
Memory usage after reset: 5449.26953125 MiB (Increase: 0.0 MiB)
Current lengths of episodes: [81]
Memory usage at done (index 0, length 81, since_prev 81): 5449.26953125 MiB (Increase: 0.0 MiB)
Memory usage before reset: 5449.26953125 MiB (Increase: 0.0 MiB)
Memory usage after reset: 5449.26953125 MiB (Increase: 0.0 MiB)
Training episode 45
Memory usage at middle: 5449.26953125 MiB (Increase: 0.0 MiB)
Memory usage before collect: 5449.26953125 MiB (Increase: 0.0 MiB)
Memory usage after collect: 5449.26953125 MiB (Increase: 0.0 MiB)
Memory usage before initialization: 5449.26953125 MiB (Increase: 0.0 MiB)
Memory usage after initialization: 5449.26953125 MiB (Increase: 0.0 MiB)
Current lengths of episodes: [47]
Memory usage at done (index 0, length 47, since_prev 47): 5449.26953125 MiB (Increase: 0.0 MiB)
Memory usage before reset: 5449.26953125 MiB (Increase: 0.0 MiB)
Memory usage after reset: 5449.26953125 MiB (Increase: 0.0 MiB)
Current lengths of episodes: [115]
Memory usage at done (index 0, length 115, since_prev 115): 5449.26953125 MiB (Increase: 0.0 MiB)
Memory usage before reset: 5449.26953125 MiB (Increase: 0.0 MiB)
Memory usage after reset: 5449.26953125 MiB (Increase: 0.0 MiB)
Current lengths of episodes: [73]
Memory usage at done (index 0, length 73, since_prev 73): 5449.26953125 MiB (Increase: 0.0 MiB)
Memory usage before reset: 5449.26953125 MiB (Increase: 0.0 MiB)
Memory usage after reset: 5449.26953125 MiB (Increase: 0.0 MiB)
Current lengths of episodes: [225]
Memory usage at done (index 0, length 225, since_prev 225): 5449.26953125 MiB (Increase: 0.0 MiB)
Memory usage before reset: 5449.26953125 MiB (Increase: 0.0 MiB)
Memory usage after reset: 5449.26953125 MiB (Increase: 0.0 MiB)
Current lengths of episodes: [75]
Memory usage at done (index 0, length 75, since_prev 75): 5449.26953125 MiB (Increase: 0.0 MiB)
Memory usage before reset: 5449.26953125 MiB (Increase: 0.0 MiB)
Memory usage after reset: 5449.26953125 MiB (Increase: 0.0 MiB)
Training episode 50
Memory usage at middle: 5449.26953125 MiB (Increase: 0.0 MiB)
Memory usage before collect: 5449.26953125 MiB (Increase: 0.0 MiB)
Memory usage after collect: 5449.26953125 MiB (Increase: 0.0 MiB)
Episode 50	Average evaluation: -97.73016523863016
Memory usage before initialization: 5449.26953125 MiB (Increase: 0.0 MiB)
Memory usage after initialization: 5449.26953125 MiB (Increase: 0.0 MiB)
Current lengths of episodes: [84]
Memory usage at done (index 0, length 84, since_prev 84): 5449.26953125 MiB (Increase: 0.0 MiB)
Memory usage before reset: 5449.26953125 MiB (Increase: 0.0 MiB)
Memory usage after reset: 5449.26953125 MiB (Increase: 0.0 MiB)
Current lengths of episodes: [1600]
Memory usage at done (index 0, length 1600, since_prev 1600): 5449.26953125 MiB (Increase: 0.0 MiB)
Memory usage before reset: 5449.26953125 MiB (Increase: 0.0 MiB)
Memory usage after reset: 5449.26953125 MiB (Increase: 0.0 MiB)
Current lengths of episodes: [1600]
Memory usage at done (index 0, length 1600, since_prev 1600): 5449.26953125 MiB (Increase: 0.0 MiB)
Memory usage before reset: 5449.26953125 MiB (Increase: 0.0 MiB)
Memory usage after reset: 5449.26953125 MiB (Increase: 0.0 MiB)
Current lengths of episodes: [1600]
Memory usage at done (index 0, length 1600, since_prev 1600): 5449.26953125 MiB (Increase: 0.0 MiB)
Memory usage before reset: 5449.26953125 MiB (Increase: 0.0 MiB)
Memory usage after reset: 5449.26953125 MiB (Increase: 0.0 MiB)
Current lengths of episodes: [451]
Memory usage at done (index 0, length 451, since_prev 451): 5449.26953125 MiB (Increase: 0.0 MiB)
Memory usage before reset: 5449.26953125 MiB (Increase: 0.0 MiB)
Memory usage after reset: 5449.26953125 MiB (Increase: 0.0 MiB)
Training episode 55
Memory usage at middle: 5449.26953125 MiB (Increase: 0.0 MiB)
Memory usage before collect: 5449.26953125 MiB (Increase: 0.0 MiB)
Memory usage after collect: 5449.26953125 MiB (Increase: 0.0 MiB)
Memory usage before initialization: 5449.26953125 MiB (Increase: 0.0 MiB)
Memory usage after initialization: 5449.26953125 MiB (Increase: 0.0 MiB)
Current lengths of episodes: [1600]
Memory usage at done (index 0, length 1600, since_prev 1600): 5449.26953125 MiB (Increase: 0.0 MiB)
Memory usage before reset: 5449.26953125 MiB (Increase: 0.0 MiB)
Memory usage after reset: 5449.26953125 MiB (Increase: 0.0 MiB)
Current lengths of episodes: [1600]
Memory usage at done (index 0, length 1600, since_prev 1600): 5449.26953125 MiB (Increase: 0.0 MiB)
Memory usage before reset: 5449.26953125 MiB (Increase: 0.0 MiB)
Memory usage after reset: 5449.26953125 MiB (Increase: 0.0 MiB)
Current lengths of episodes: [1600]
Memory usage at done (index 0, length 1600, since_prev 1600): 5449.26953125 MiB (Increase: 0.0 MiB)
Memory usage before reset: 5449.26953125 MiB (Increase: 0.0 MiB)
Memory usage after reset: 5449.26953125 MiB (Increase: 0.0 MiB)
Current lengths of episodes: [1600]
Memory usage at done (index 0, length 1600, since_prev 1600): 5449.26953125 MiB (Increase: 0.0 MiB)
Memory usage before reset: 5449.26953125 MiB (Increase: 0.0 MiB)
Memory usage after reset: 5449.26953125 MiB (Increase: 0.0 MiB)
Current lengths of episodes: [124]
Memory usage at done (index 0, length 124, since_prev 124): 5449.26953125 MiB (Increase: 0.0 MiB)
Memory usage before reset: 5449.26953125 MiB (Increase: 0.0 MiB)
Memory usage after reset: 5449.26953125 MiB (Increase: 0.0 MiB)
Training episode 60
Memory usage at middle: 5449.26953125 MiB (Increase: 0.0 MiB)
Memory usage before collect: 5449.26953125 MiB (Increase: 0.0 MiB)
Memory usage after collect: 5449.26953125 MiB (Increase: 0.0 MiB)
Memory usage before initialization: 5449.26953125 MiB (Increase: 0.0 MiB)
Memory usage after initialization: 5449.26953125 MiB (Increase: 0.0 MiB)
Current lengths of episodes: [1540]
Memory usage at done (index 0, length 1540, since_prev 1540): 5449.26953125 MiB (Increase: 0.0 MiB)
Memory usage before reset: 5449.26953125 MiB (Increase: 0.0 MiB)
Memory usage after reset: 5449.26953125 MiB (Increase: 0.0 MiB)
Current lengths of episodes: [1600]
Memory usage at done (index 0, length 1600, since_prev 1600): 5449.26953125 MiB (Increase: 0.0 MiB)
Memory usage before reset: 5449.26953125 MiB (Increase: 0.0 MiB)
Memory usage after reset: 5449.26953125 MiB (Increase: 0.0 MiB)
Current lengths of episodes: [1600]
Memory usage at done (index 0, length 1600, since_prev 1600): 5449.26953125 MiB (Increase: 0.0 MiB)
Memory usage before reset: 5449.26953125 MiB (Increase: 0.0 MiB)
Memory usage after reset: 5449.26953125 MiB (Increase: 0.0 MiB)
Current lengths of episodes: [94]
Memory usage at done (index 0, length 94, since_prev 94): 5449.26953125 MiB (Increase: 0.0 MiB)
Memory usage before reset: 5449.26953125 MiB (Increase: 0.0 MiB)
Memory usage after reset: 5449.26953125 MiB (Increase: 0.0 MiB)
Current lengths of episodes: [1600]
Memory usage at done (index 0, length 1600, since_prev 1600): 5449.26953125 MiB (Increase: 0.0 MiB)
Memory usage before reset: 5449.26953125 MiB (Increase: 0.0 MiB)
Memory usage after reset: 5449.26953125 MiB (Increase: 0.0 MiB)
Training episode 65
Memory usage at middle: 5449.26953125 MiB (Increase: 0.0 MiB)
Memory usage before collect: 5449.26953125 MiB (Increase: 0.0 MiB)
Memory usage after collect: 5449.26953125 MiB (Increase: 0.0 MiB)
Memory usage before initialization: 5449.26953125 MiB (Increase: 0.0 MiB)
Memory usage after initialization: 5449.26953125 MiB (Increase: 0.0 MiB)
Current lengths of episodes: [67]
Memory usage at done (index 0, length 67, since_prev 67): 5449.26953125 MiB (Increase: 0.0 MiB)
Memory usage before reset: 5449.26953125 MiB (Increase: 0.0 MiB)
Memory usage after reset: 5449.26953125 MiB (Increase: 0.0 MiB)
Current lengths of episodes: [86]
Memory usage at done (index 0, length 86, since_prev 86): 5449.26953125 MiB (Increase: 0.0 MiB)
Memory usage before reset: 5449.26953125 MiB (Increase: 0.0 MiB)
Memory usage after reset: 5449.26953125 MiB (Increase: 0.0 MiB)
Current lengths of episodes: [1600]
Memory usage at done (index 0, length 1600, since_prev 1600): 5449.26953125 MiB (Increase: 0.0 MiB)
Memory usage before reset: 5449.26953125 MiB (Increase: 0.0 MiB)
Memory usage after reset: 5449.26953125 MiB (Increase: 0.0 MiB)
Current lengths of episodes: [1600]
Memory usage at done (index 0, length 1600, since_prev 1600): 5449.26953125 MiB (Increase: 0.0 MiB)
Memory usage before reset: 5449.26953125 MiB (Increase: 0.0 MiB)
Memory usage after reset: 5449.26953125 MiB (Increase: 0.0 MiB)
Current lengths of episodes: [1600]
Memory usage at done (index 0, length 1600, since_prev 1600): 5449.26953125 MiB (Increase: 0.0 MiB)
Memory usage before reset: 5449.26953125 MiB (Increase: 0.0 MiB)
Memory usage after reset: 5449.26953125 MiB (Increase: 0.0 MiB)
Training episode 70
Memory usage at middle: 5449.26953125 MiB (Increase: 0.0 MiB)
Memory usage before collect: 5449.26953125 MiB (Increase: 0.0 MiB)
Memory usage after collect: 5449.26953125 MiB (Increase: 0.0 MiB)
Memory usage before initialization: 5449.26953125 MiB (Increase: 0.0 MiB)
Memory usage after initialization: 5449.26953125 MiB (Increase: 0.0 MiB)
Current lengths of episodes: [62]
Memory usage at done (index 0, length 62, since_prev 62): 5449.26953125 MiB (Increase: 0.0 MiB)
Memory usage before reset: 5449.26953125 MiB (Increase: 0.0 MiB)
Memory usage after reset: 5449.26953125 MiB (Increase: 0.0 MiB)
Current lengths of episodes: [1600]
Memory usage at done (index 0, length 1600, since_prev 1600): 5449.26953125 MiB (Increase: 0.0 MiB)
Memory usage before reset: 5449.26953125 MiB (Increase: 0.0 MiB)
Memory usage after reset: 5449.26953125 MiB (Increase: 0.0 MiB)
Current lengths of episodes: [1600]
Memory usage at done (index 0, length 1600, since_prev 1600): 5449.26953125 MiB (Increase: 0.0 MiB)
Memory usage before reset: 5449.26953125 MiB (Increase: 0.0 MiB)
Memory usage after reset: 5449.26953125 MiB (Increase: 0.0 MiB)
Current lengths of episodes: [60]
Memory usage at done (index 0, length 60, since_prev 60): 5449.26953125 MiB (Increase: 0.0 MiB)
Memory usage before reset: 5449.26953125 MiB (Increase: 0.0 MiB)
Memory usage after reset: 5449.26953125 MiB (Increase: 0.0 MiB)
Current lengths of episodes: [1600]
Memory usage at done (index 0, length 1600, since_prev 1600): 5449.26953125 MiB (Increase: 0.0 MiB)
Memory usage before reset: 5449.26953125 MiB (Increase: 0.0 MiB)
Memory usage after reset: 5449.26953125 MiB (Increase: 0.0 MiB)
Training episode 75
Memory usage at middle: 5449.26953125 MiB (Increase: 0.0 MiB)
Memory usage before collect: 5449.26953125 MiB (Increase: 0.0 MiB)
Memory usage after collect: 5449.26953125 MiB (Increase: 0.0 MiB)
Memory usage before initialization: 5449.26953125 MiB (Increase: 0.0 MiB)
Memory usage after initialization: 5449.26953125 MiB (Increase: 0.0 MiB)
Current lengths of episodes: [71]
Memory usage at done (index 0, length 71, since_prev 71): 5449.26953125 MiB (Increase: 0.0 MiB)
Memory usage before reset: 5449.26953125 MiB (Increase: 0.0 MiB)
Memory usage after reset: 5449.26953125 MiB (Increase: 0.0 MiB)
Current lengths of episodes: [89]
Memory usage at done (index 0, length 89, since_prev 89): 5449.26953125 MiB (Increase: 0.0 MiB)
Memory usage before reset: 5449.26953125 MiB (Increase: 0.0 MiB)
Memory usage after reset: 5449.26953125 MiB (Increase: 0.0 MiB)
Current lengths of episodes: [1600]
Memory usage at done (index 0, length 1600, since_prev 1600): 5449.26953125 MiB (Increase: 0.0 MiB)
Memory usage before reset: 5449.26953125 MiB (Increase: 0.0 MiB)
Memory usage after reset: 5449.26953125 MiB (Increase: 0.0 MiB)
Current lengths of episodes: [71]
Memory usage at done (index 0, length 71, since_prev 71): 5449.26953125 MiB (Increase: 0.0 MiB)
Memory usage before reset: 5449.26953125 MiB (Increase: 0.0 MiB)
Memory usage after reset: 5449.26953125 MiB (Increase: 0.0 MiB)
Current lengths of episodes: [1600]
Memory usage at done (index 0, length 1600, since_prev 1600): 5449.26953125 MiB (Increase: 0.0 MiB)
Memory usage before reset: 5449.26953125 MiB (Increase: 0.0 MiB)
Memory usage after reset: 5449.26953125 MiB (Increase: 0.0 MiB)
Training episode 80
Memory usage at middle: 5449.26953125 MiB (Increase: 0.0 MiB)
Memory usage before collect: 5449.26953125 MiB (Increase: 0.0 MiB)
Memory usage after collect: 5449.26953125 MiB (Increase: 0.0 MiB)
Memory usage before initialization: 5449.26953125 MiB (Increase: 0.0 MiB)
Memory usage after initialization: 5449.26953125 MiB (Increase: 0.0 MiB)
Current lengths of episodes: [1600]
Memory usage at done (index 0, length 1600, since_prev 1600): 5449.26953125 MiB (Increase: 0.0 MiB)
Memory usage before reset: 5449.26953125 MiB (Increase: 0.0 MiB)
Memory usage after reset: 5449.26953125 MiB (Increase: 0.0 MiB)
Current lengths of episodes: [45]
Memory usage at done (index 0, length 45, since_prev 45): 5449.26953125 MiB (Increase: 0.0 MiB)
Memory usage before reset: 5449.26953125 MiB (Increase: 0.0 MiB)
Memory usage after reset: 5449.26953125 MiB (Increase: 0.0 MiB)
Current lengths of episodes: [1600]
Memory usage at done (index 0, length 1600, since_prev 1600): 5449.26953125 MiB (Increase: 0.0 MiB)
Memory usage before reset: 5449.26953125 MiB (Increase: 0.0 MiB)
Memory usage after reset: 5449.26953125 MiB (Increase: 0.0 MiB)
Current lengths of episodes: [58]
Memory usage at done (index 0, length 58, since_prev 58): 5449.26953125 MiB (Increase: 0.0 MiB)
Memory usage before reset: 5449.26953125 MiB (Increase: 0.0 MiB)
Memory usage after reset: 5449.26953125 MiB (Increase: 0.0 MiB)
Current lengths of episodes: [1600]
Memory usage at done (index 0, length 1600, since_prev 1600): 5449.26953125 MiB (Increase: 0.0 MiB)
Memory usage before reset: 5449.26953125 MiB (Increase: 0.0 MiB)
Memory usage after reset: 5449.26953125 MiB (Increase: 0.0 MiB)
Training episode 85
Memory usage at middle: 5449.26953125 MiB (Increase: 0.0 MiB)
Memory usage before collect: 5449.26953125 MiB (Increase: 0.0 MiB)
Memory usage after collect: 5449.26953125 MiB (Increase: 0.0 MiB)
Memory usage before initialization: 5449.26953125 MiB (Increase: 0.0 MiB)
Memory usage after initialization: 5449.26953125 MiB (Increase: 0.0 MiB)
Current lengths of episodes: [52]
Memory usage at done (index 0, length 52, since_prev 52): 5449.26953125 MiB (Increase: 0.0 MiB)
Memory usage before reset: 5449.26953125 MiB (Increase: 0.0 MiB)
Memory usage after reset: 5449.26953125 MiB (Increase: 0.0 MiB)
Current lengths of episodes: [1600]
Memory usage at done (index 0, length 1600, since_prev 1600): 5449.26953125 MiB (Increase: 0.0 MiB)
Memory usage before reset: 5449.26953125 MiB (Increase: 0.0 MiB)
Memory usage after reset: 5449.26953125 MiB (Increase: 0.0 MiB)
Current lengths of episodes: [1600]
Memory usage at done (index 0, length 1600, since_prev 1600): 5449.26953125 MiB (Increase: 0.0 MiB)
Memory usage before reset: 5449.26953125 MiB (Increase: 0.0 MiB)
Memory usage after reset: 5449.26953125 MiB (Increase: 0.0 MiB)
Current lengths of episodes: [1600]
Memory usage at done (index 0, length 1600, since_prev 1600): 5449.26953125 MiB (Increase: 0.0 MiB)
Memory usage before reset: 5449.26953125 MiB (Increase: 0.0 MiB)
Memory usage after reset: 5449.26953125 MiB (Increase: 0.0 MiB)
Current lengths of episodes: [60]
Memory usage at done (index 0, length 60, since_prev 60): 5449.26953125 MiB (Increase: 0.0 MiB)
Memory usage before reset: 5449.26953125 MiB (Increase: 0.0 MiB)
Memory usage after reset: 5449.26953125 MiB (Increase: 0.0 MiB)
Training episode 90
Memory usage at middle: 5449.26953125 MiB (Increase: 0.0 MiB)
Memory usage before collect: 5449.26953125 MiB (Increase: 0.0 MiB)
Memory usage after collect: 5449.26953125 MiB (Increase: 0.0 MiB)
Memory usage before initialization: 5449.26953125 MiB (Increase: 0.0 MiB)
Memory usage after initialization: 5449.26953125 MiB (Increase: 0.0 MiB)
Current lengths of episodes: [1600]
Memory usage at done (index 0, length 1600, since_prev 1600): 5449.26953125 MiB (Increase: 0.0 MiB)
Memory usage before reset: 5449.26953125 MiB (Increase: 0.0 MiB)
Memory usage after reset: 5449.26953125 MiB (Increase: 0.0 MiB)
Current lengths of episodes: [1600]
Memory usage at done (index 0, length 1600, since_prev 1600): 5449.26953125 MiB (Increase: 0.0 MiB)
Memory usage before reset: 5449.26953125 MiB (Increase: 0.0 MiB)
Memory usage after reset: 5449.26953125 MiB (Increase: 0.0 MiB)
Current lengths of episodes: [58]
Memory usage at done (index 0, length 58, since_prev 58): 5449.26953125 MiB (Increase: 0.0 MiB)
Memory usage before reset: 5449.26953125 MiB (Increase: 0.0 MiB)
Memory usage after reset: 5449.26953125 MiB (Increase: 0.0 MiB)
Current lengths of episodes: [66]
Memory usage at done (index 0, length 66, since_prev 66): 5449.26953125 MiB (Increase: 0.0 MiB)
Memory usage before reset: 5449.26953125 MiB (Increase: 0.0 MiB)
Memory usage after reset: 5449.26953125 MiB (Increase: 0.0 MiB)
Current lengths of episodes: [71]
Memory usage at done (index 0, length 71, since_prev 71): 5449.26953125 MiB (Increase: 0.0 MiB)
Memory usage before reset: 5449.26953125 MiB (Increase: 0.0 MiB)
Memory usage after reset: 5449.26953125 MiB (Increase: 0.0 MiB)
Training episode 95
Memory usage at middle: 5449.26953125 MiB (Increase: 0.0 MiB)
Memory usage before collect: 5449.26953125 MiB (Increase: 0.0 MiB)
Memory usage after collect: 5449.26953125 MiB (Increase: 0.0 MiB)
Memory usage before initialization: 5449.26953125 MiB (Increase: 0.0 MiB)
Memory usage after initialization: 5449.26953125 MiB (Increase: 0.0 MiB)
Current lengths of episodes: [53]
Memory usage at done (index 0, length 53, since_prev 53): 5449.26953125 MiB (Increase: 0.0 MiB)
Memory usage before reset: 5449.26953125 MiB (Increase: 0.0 MiB)
Memory usage after reset: 5449.26953125 MiB (Increase: 0.0 MiB)
Current lengths of episodes: [44]
Memory usage at done (index 0, length 44, since_prev 44): 5449.26953125 MiB (Increase: 0.0 MiB)
Memory usage before reset: 5449.26953125 MiB (Increase: 0.0 MiB)
Memory usage after reset: 5449.26953125 MiB (Increase: 0.0 MiB)
Current lengths of episodes: [1600]
Memory usage at done (index 0, length 1600, since_prev 1600): 5449.26953125 MiB (Increase: 0.0 MiB)
Memory usage before reset: 5449.26953125 MiB (Increase: 0.0 MiB)
Memory usage after reset: 5449.26953125 MiB (Increase: 0.0 MiB)
Current lengths of episodes: [1600]
Memory usage at done (index 0, length 1600, since_prev 1600): 5449.26953125 MiB (Increase: 0.0 MiB)
Memory usage before reset: 5449.26953125 MiB (Increase: 0.0 MiB)
Memory usage after reset: 5449.26953125 MiB (Increase: 0.0 MiB)
Current lengths of episodes: [1600]
Memory usage at done (index 0, length 1600, since_prev 1600): 5449.26953125 MiB (Increase: 0.0 MiB)
Memory usage before reset: 5449.26953125 MiB (Increase: 0.0 MiB)
Memory usage after reset: 5449.26953125 MiB (Increase: 0.0 MiB)
Training episode 100
Memory usage at middle: 5449.26953125 MiB (Increase: 0.0 MiB)
Memory usage before collect: 5449.26953125 MiB (Increase: 0.0 MiB)
Memory usage after collect: 5449.26953125 MiB (Increase: 0.0 MiB)
Episode 100	Average evaluation: -98.123563993844
Memory usage before initialization: 5449.26953125 MiB (Increase: 0.0 MiB)
Memory usage after initialization: 5449.26953125 MiB (Increase: 0.0 MiB)
Current lengths of episodes: [1600]
Memory usage at done (index 0, length 1600, since_prev 1600): 5449.26953125 MiB (Increase: 0.0 MiB)
Memory usage before reset: 5449.26953125 MiB (Increase: 0.0 MiB)
Memory usage after reset: 5449.26953125 MiB (Increase: 0.0 MiB)
Current lengths of episodes: [1600]
Memory usage at done (index 0, length 1600, since_prev 1600): 5449.26953125 MiB (Increase: 0.0 MiB)
Memory usage before reset: 5449.26953125 MiB (Increase: 0.0 MiB)
Memory usage after reset: 5449.26953125 MiB (Increase: 0.0 MiB)
Current lengths of episodes: [95]
Memory usage at done (index 0, length 95, since_prev 95): 5449.26953125 MiB (Increase: 0.0 MiB)
Memory usage before reset: 5449.26953125 MiB (Increase: 0.0 MiB)
Memory usage after reset: 5449.26953125 MiB (Increase: 0.0 MiB)
Current lengths of episodes: [71]
Memory usage at done (index 0, length 71, since_prev 71): 5449.26953125 MiB (Increase: 0.0 MiB)
Memory usage before reset: 5449.26953125 MiB (Increase: 0.0 MiB)
Memory usage after reset: 5449.26953125 MiB (Increase: 0.0 MiB)
Current lengths of episodes: [1600]
Memory usage at done (index 0, length 1600, since_prev 1600): 5449.26953125 MiB (Increase: 0.0 MiB)
Memory usage before reset: 5449.26953125 MiB (Increase: 0.0 MiB)
Memory usage after reset: 5449.26953125 MiB (Increase: 0.0 MiB)
Training episode 105
Memory usage at middle: 5449.26953125 MiB (Increase: 0.0 MiB)
Memory usage before collect: 5449.26953125 MiB (Increase: 0.0 MiB)
Memory usage after collect: 5449.26953125 MiB (Increase: 0.0 MiB)
Memory usage before initialization: 5449.26953125 MiB (Increase: 0.0 MiB)
Memory usage after initialization: 5449.26953125 MiB (Increase: 0.0 MiB)
Current lengths of episodes: [56]
Memory usage at done (index 0, length 56, since_prev 56): 5449.26953125 MiB (Increase: 0.0 MiB)
Memory usage before reset: 5449.26953125 MiB (Increase: 0.0 MiB)
Memory usage after reset: 5449.26953125 MiB (Increase: 0.0 MiB)
Current lengths of episodes: [1600]
Memory usage at done (index 0, length 1600, since_prev 1600): 5449.26953125 MiB (Increase: 0.0 MiB)
Memory usage before reset: 5449.26953125 MiB (Increase: 0.0 MiB)
Memory usage after reset: 5449.26953125 MiB (Increase: 0.0 MiB)
Current lengths of episodes: [80]
Memory usage at done (index 0, length 80, since_prev 80): 5449.26953125 MiB (Increase: 0.0 MiB)
Memory usage before reset: 5449.26953125 MiB (Increase: 0.0 MiB)
Memory usage after reset: 5449.26953125 MiB (Increase: 0.0 MiB)
Current lengths of episodes: [68]
Memory usage at done (index 0, length 68, since_prev 68): 5449.26953125 MiB (Increase: 0.0 MiB)
Memory usage before reset: 5449.26953125 MiB (Increase: 0.0 MiB)
Memory usage after reset: 5449.26953125 MiB (Increase: 0.0 MiB)
Current lengths of episodes: [71]
Memory usage at done (index 0, length 71, since_prev 71): 5449.26953125 MiB (Increase: 0.0 MiB)
Memory usage before reset: 5449.26953125 MiB (Increase: 0.0 MiB)
Memory usage after reset: 5449.26953125 MiB (Increase: 0.0 MiB)
Training episode 110
Memory usage at middle: 5449.26953125 MiB (Increase: 0.0 MiB)
Memory usage before collect: 5449.26953125 MiB (Increase: 0.0 MiB)
Memory usage after collect: 5449.26953125 MiB (Increase: 0.0 MiB)
Memory usage before initialization: 5449.26953125 MiB (Increase: 0.0 MiB)
Memory usage after initialization: 5449.26953125 MiB (Increase: 0.0 MiB)
Current lengths of episodes: [1600]
Memory usage at done (index 0, length 1600, since_prev 1600): 5449.26953125 MiB (Increase: 0.0 MiB)
Memory usage before reset: 5449.26953125 MiB (Increase: 0.0 MiB)
Memory usage after reset: 5449.26953125 MiB (Increase: 0.0 MiB)
Current lengths of episodes: [47]
Memory usage at done (index 0, length 47, since_prev 47): 5449.26953125 MiB (Increase: 0.0 MiB)
Memory usage before reset: 5449.26953125 MiB (Increase: 0.0 MiB)
Memory usage after reset: 5449.26953125 MiB (Increase: 0.0 MiB)
Current lengths of episodes: [1600]
Memory usage at done (index 0, length 1600, since_prev 1600): 5449.26953125 MiB (Increase: 0.0 MiB)
Memory usage before reset: 5449.26953125 MiB (Increase: 0.0 MiB)
Memory usage after reset: 5449.26953125 MiB (Increase: 0.0 MiB)
Current lengths of episodes: [1600]
Memory usage at done (index 0, length 1600, since_prev 1600): 5449.26953125 MiB (Increase: 0.0 MiB)
Memory usage before reset: 5449.26953125 MiB (Increase: 0.0 MiB)
Memory usage after reset: 5449.26953125 MiB (Increase: 0.0 MiB)
Current lengths of episodes: [73]
Memory usage at done (index 0, length 73, since_prev 73): 5449.26953125 MiB (Increase: 0.0 MiB)
Memory usage before reset: 5449.26953125 MiB (Increase: 0.0 MiB)
Memory usage after reset: 5449.26953125 MiB (Increase: 0.0 MiB)
Training episode 115
Memory usage at middle: 5449.26953125 MiB (Increase: 0.0 MiB)
Memory usage before collect: 5449.26953125 MiB (Increase: 0.0 MiB)
Memory usage after collect: 5449.26953125 MiB (Increase: 0.0 MiB)
Memory usage before initialization: 5449.26953125 MiB (Increase: 0.0 MiB)
Memory usage after initialization: 5449.26953125 MiB (Increase: 0.0 MiB)
Current lengths of episodes: [63]
Memory usage at done (index 0, length 63, since_prev 63): 5449.26953125 MiB (Increase: 0.0 MiB)
Memory usage before reset: 5449.26953125 MiB (Increase: 0.0 MiB)
Memory usage after reset: 5449.26953125 MiB (Increase: 0.0 MiB)
Current lengths of episodes: [61]
Memory usage at done (index 0, length 61, since_prev 61): 5449.26953125 MiB (Increase: 0.0 MiB)
Memory usage before reset: 5449.26953125 MiB (Increase: 0.0 MiB)
Memory usage after reset: 5449.26953125 MiB (Increase: 0.0 MiB)
Current lengths of episodes: [1600]
Memory usage at done (index 0, length 1600, since_prev 1600): 5449.26953125 MiB (Increase: 0.0 MiB)
Memory usage before reset: 5449.26953125 MiB (Increase: 0.0 MiB)
Memory usage after reset: 5449.26953125 MiB (Increase: 0.0 MiB)
Current lengths of episodes: [54]
Memory usage at done (index 0, length 54, since_prev 54): 5449.26953125 MiB (Increase: 0.0 MiB)
Memory usage before reset: 5449.26953125 MiB (Increase: 0.0 MiB)
Memory usage after reset: 5449.26953125 MiB (Increase: 0.0 MiB)
Current lengths of episodes: [1600]
Memory usage at done (index 0, length 1600, since_prev 1600): 5449.26953125 MiB (Increase: 0.0 MiB)
Memory usage before reset: 5449.26953125 MiB (Increase: 0.0 MiB)
Memory usage after reset: 5449.26953125 MiB (Increase: 0.0 MiB)
Training episode 120
Memory usage at middle: 5449.26953125 MiB (Increase: 0.0 MiB)
Memory usage before collect: 5449.26953125 MiB (Increase: 0.0 MiB)
Memory usage after collect: 5449.26953125 MiB (Increase: 0.0 MiB)
Memory usage before initialization: 5449.26953125 MiB (Increase: 0.0 MiB)
Memory usage after initialization: 5449.26953125 MiB (Increase: 0.0 MiB)
Current lengths of episodes: [88]
Memory usage at done (index 0, length 88, since_prev 88): 5449.26953125 MiB (Increase: 0.0 MiB)
Memory usage before reset: 5449.26953125 MiB (Increase: 0.0 MiB)
Memory usage after reset: 5449.26953125 MiB (Increase: 0.0 MiB)
Current lengths of episodes: [1600]
Memory usage at done (index 0, length 1600, since_prev 1600): 5449.26953125 MiB (Increase: 0.0 MiB)
Memory usage before reset: 5449.26953125 MiB (Increase: 0.0 MiB)
Memory usage after reset: 5449.26953125 MiB (Increase: 0.0 MiB)
Current lengths of episodes: [43]
Memory usage at done (index 0, length 43, since_prev 43): 5449.26953125 MiB (Increase: 0.0 MiB)
Memory usage before reset: 5449.26953125 MiB (Increase: 0.0 MiB)
Memory usage after reset: 5449.26953125 MiB (Increase: 0.0 MiB)
Current lengths of episodes: [1600]
Memory usage at done (index 0, length 1600, since_prev 1600): 5449.26953125 MiB (Increase: 0.0 MiB)
Memory usage before reset: 5449.26953125 MiB (Increase: 0.0 MiB)
Memory usage after reset: 5449.26953125 MiB (Increase: 0.0 MiB)
Current lengths of episodes: [76]
Memory usage at done (index 0, length 76, since_prev 76): 5449.26953125 MiB (Increase: 0.0 MiB)
Memory usage before reset: 5449.26953125 MiB (Increase: 0.0 MiB)
Memory usage after reset: 5449.26953125 MiB (Increase: 0.0 MiB)
Training episode 125
Memory usage at middle: 5449.26953125 MiB (Increase: 0.0 MiB)
Memory usage before collect: 5449.26953125 MiB (Increase: 0.0 MiB)
Memory usage after collect: 5449.26953125 MiB (Increase: 0.0 MiB)
Memory usage before initialization: 5449.26953125 MiB (Increase: 0.0 MiB)
Memory usage after initialization: 5449.26953125 MiB (Increase: 0.0 MiB)
Current lengths of episodes: [91]
Memory usage at done (index 0, length 91, since_prev 91): 5449.26953125 MiB (Increase: 0.0 MiB)
Memory usage before reset: 5449.26953125 MiB (Increase: 0.0 MiB)
Memory usage after reset: 5449.26953125 MiB (Increase: 0.0 MiB)
Current lengths of episodes: [58]
Memory usage at done (index 0, length 58, since_prev 58): 5449.26953125 MiB (Increase: 0.0 MiB)
Memory usage before reset: 5449.26953125 MiB (Increase: 0.0 MiB)
Memory usage after reset: 5449.26953125 MiB (Increase: 0.0 MiB)
Current lengths of episodes: [68]
Memory usage at done (index 0, length 68, since_prev 68): 5449.26953125 MiB (Increase: 0.0 MiB)
Memory usage before reset: 5449.26953125 MiB (Increase: 0.0 MiB)
Memory usage after reset: 5449.26953125 MiB (Increase: 0.0 MiB)
Current lengths of episodes: [1600]
Memory usage at done (index 0, length 1600, since_prev 1600): 5449.26953125 MiB (Increase: 0.0 MiB)
Memory usage before reset: 5449.26953125 MiB (Increase: 0.0 MiB)
Memory usage after reset: 5449.26953125 MiB (Increase: 0.0 MiB)
Current lengths of episodes: [49]
Memory usage at done (index 0, length 49, since_prev 49): 5449.26953125 MiB (Increase: 0.0 MiB)
Memory usage before reset: 5449.26953125 MiB (Increase: 0.0 MiB)
Memory usage after reset: 5449.26953125 MiB (Increase: 0.0 MiB)
Training episode 130
Memory usage at middle: 5449.26953125 MiB (Increase: 0.0 MiB)
Memory usage before collect: 5449.26953125 MiB (Increase: 0.0 MiB)
Memory usage after collect: 5449.26953125 MiB (Increase: 0.0 MiB)
Memory usage before initialization: 5449.26953125 MiB (Increase: 0.0 MiB)
Memory usage after initialization: 5449.26953125 MiB (Increase: 0.0 MiB)
Current lengths of episodes: [199]
Memory usage at done (index 0, length 199, since_prev 199): 5449.26953125 MiB (Increase: 0.0 MiB)
Memory usage before reset: 5449.26953125 MiB (Increase: 0.0 MiB)
Memory usage after reset: 5449.26953125 MiB (Increase: 0.0 MiB)
Current lengths of episodes: [82]
Memory usage at done (index 0, length 82, since_prev 82): 5449.26953125 MiB (Increase: 0.0 MiB)
Memory usage before reset: 5449.26953125 MiB (Increase: 0.0 MiB)
Memory usage after reset: 5449.26953125 MiB (Increase: 0.0 MiB)
Current lengths of episodes: [44]
Memory usage at done (index 0, length 44, since_prev 44): 5449.26953125 MiB (Increase: 0.0 MiB)
Memory usage before reset: 5449.26953125 MiB (Increase: 0.0 MiB)
Memory usage after reset: 5449.26953125 MiB (Increase: 0.0 MiB)
Current lengths of episodes: [1600]
Memory usage at done (index 0, length 1600, since_prev 1600): 5449.26953125 MiB (Increase: 0.0 MiB)
Memory usage before reset: 5449.26953125 MiB (Increase: 0.0 MiB)
Memory usage after reset: 5449.26953125 MiB (Increase: 0.0 MiB)
Current lengths of episodes: [85]
Memory usage at done (index 0, length 85, since_prev 85): 5449.26953125 MiB (Increase: 0.0 MiB)
Memory usage before reset: 5449.26953125 MiB (Increase: 0.0 MiB)
Memory usage after reset: 5449.26953125 MiB (Increase: 0.0 MiB)
Training episode 135
Memory usage at middle: 5449.26953125 MiB (Increase: 0.0 MiB)
Memory usage before collect: 5449.26953125 MiB (Increase: 0.0 MiB)
Memory usage after collect: 5449.26953125 MiB (Increase: 0.0 MiB)
Memory usage before initialization: 5449.26953125 MiB (Increase: 0.0 MiB)
Memory usage after initialization: 5449.26953125 MiB (Increase: 0.0 MiB)
Current lengths of episodes: [63]
Memory usage at done (index 0, length 63, since_prev 63): 5449.26953125 MiB (Increase: 0.0 MiB)
Memory usage before reset: 5449.26953125 MiB (Increase: 0.0 MiB)
Memory usage after reset: 5449.26953125 MiB (Increase: 0.0 MiB)
Current lengths of episodes: [1600]
Memory usage at done (index 0, length 1600, since_prev 1600): 5449.26953125 MiB (Increase: 0.0 MiB)
Memory usage before reset: 5449.26953125 MiB (Increase: 0.0 MiB)
Memory usage after reset: 5449.26953125 MiB (Increase: 0.0 MiB)
Current lengths of episodes: [1600]
Memory usage at done (index 0, length 1600, since_prev 1600): 5449.26953125 MiB (Increase: 0.0 MiB)
Memory usage before reset: 5449.26953125 MiB (Increase: 0.0 MiB)
Memory usage after reset: 5449.26953125 MiB (Increase: 0.0 MiB)
Current lengths of episodes: [94]
Memory usage at done (index 0, length 94, since_prev 94): 5449.26953125 MiB (Increase: 0.0 MiB)
Memory usage before reset: 5449.26953125 MiB (Increase: 0.0 MiB)
Memory usage after reset: 5449.26953125 MiB (Increase: 0.0 MiB)
Current lengths of episodes: [77]
Memory usage at done (index 0, length 77, since_prev 77): 5449.26953125 MiB (Increase: 0.0 MiB)
Memory usage before reset: 5449.26953125 MiB (Increase: 0.0 MiB)
Memory usage after reset: 5449.26953125 MiB (Increase: 0.0 MiB)
Training episode 140
Memory usage at middle: 5449.26953125 MiB (Increase: 0.0 MiB)
Memory usage before collect: 5449.26953125 MiB (Increase: 0.0 MiB)
Memory usage after collect: 5449.26953125 MiB (Increase: 0.0 MiB)
Memory usage before initialization: 5449.26953125 MiB (Increase: 0.0 MiB)
Memory usage after initialization: 5449.26953125 MiB (Increase: 0.0 MiB)
Current lengths of episodes: [84]
Memory usage at done (index 0, length 84, since_prev 84): 5449.26953125 MiB (Increase: 0.0 MiB)
Memory usage before reset: 5449.26953125 MiB (Increase: 0.0 MiB)
Memory usage after reset: 5449.26953125 MiB (Increase: 0.0 MiB)
Current lengths of episodes: [93]
Memory usage at done (index 0, length 93, since_prev 93): 5449.26953125 MiB (Increase: 0.0 MiB)
Memory usage before reset: 5449.26953125 MiB (Increase: 0.0 MiB)
Memory usage after reset: 5449.26953125 MiB (Increase: 0.0 MiB)
Current lengths of episodes: [99]
Memory usage at done (index 0, length 99, since_prev 99): 5449.26953125 MiB (Increase: 0.0 MiB)
Memory usage before reset: 5449.26953125 MiB (Increase: 0.0 MiB)
Memory usage after reset: 5449.26953125 MiB (Increase: 0.0 MiB)
Current lengths of episodes: [1600]
Memory usage at done (index 0, length 1600, since_prev 1600): 5449.26953125 MiB (Increase: 0.0 MiB)
Memory usage before reset: 5449.26953125 MiB (Increase: 0.0 MiB)
Memory usage after reset: 5449.26953125 MiB (Increase: 0.0 MiB)
Current lengths of episodes: [1600]
Memory usage at done (index 0, length 1600, since_prev 1600): 5449.26953125 MiB (Increase: 0.0 MiB)
Memory usage before reset: 5449.26953125 MiB (Increase: 0.0 MiB)
Memory usage after reset: 5449.26953125 MiB (Increase: 0.0 MiB)
Training episode 145
Memory usage at middle: 5449.26953125 MiB (Increase: 0.0 MiB)
Memory usage before collect: 5449.26953125 MiB (Increase: 0.0 MiB)
Memory usage after collect: 5449.26953125 MiB (Increase: 0.0 MiB)
Memory usage before initialization: 5449.26953125 MiB (Increase: 0.0 MiB)
Memory usage after initialization: 5449.26953125 MiB (Increase: 0.0 MiB)
Current lengths of episodes: [1600]
Memory usage at done (index 0, length 1600, since_prev 1600): 5449.26953125 MiB (Increase: 0.0 MiB)
Memory usage before reset: 5449.26953125 MiB (Increase: 0.0 MiB)
Memory usage after reset: 5449.26953125 MiB (Increase: 0.0 MiB)
Current lengths of episodes: [1600]
Memory usage at done (index 0, length 1600, since_prev 1600): 5449.26953125 MiB (Increase: 0.0 MiB)
Memory usage before reset: 5449.26953125 MiB (Increase: 0.0 MiB)
Memory usage after reset: 5449.26953125 MiB (Increase: 0.0 MiB)
Current lengths of episodes: [68]
Memory usage at done (index 0, length 68, since_prev 68): 5449.26953125 MiB (Increase: 0.0 MiB)
Memory usage before reset: 5449.26953125 MiB (Increase: 0.0 MiB)
Memory usage after reset: 5449.26953125 MiB (Increase: 0.0 MiB)
Current lengths of episodes: [1600]
Memory usage at done (index 0, length 1600, since_prev 1600): 5449.26953125 MiB (Increase: 0.0 MiB)
Memory usage before reset: 5449.26953125 MiB (Increase: 0.0 MiB)
Memory usage after reset: 5449.26953125 MiB (Increase: 0.0 MiB)
Current lengths of episodes: [81]
Memory usage at done (index 0, length 81, since_prev 81): 5449.26953125 MiB (Increase: 0.0 MiB)
Memory usage before reset: 5449.26953125 MiB (Increase: 0.0 MiB)
Memory usage after reset: 5449.26953125 MiB (Increase: 0.0 MiB)
Training episode 150
Memory usage at middle: 5449.26953125 MiB (Increase: 0.0 MiB)
Memory usage before collect: 5449.26953125 MiB (Increase: 0.0 MiB)
Memory usage after collect: 5449.26953125 MiB (Increase: 0.0 MiB)
Episode 150	Average evaluation: -98.26299792927962
Memory usage before initialization: 5449.26953125 MiB (Increase: 0.0 MiB)
Memory usage after initialization: 5449.26953125 MiB (Increase: 0.0 MiB)
Current lengths of episodes: [49]
Memory usage at done (index 0, length 49, since_prev 49): 5449.26953125 MiB (Increase: 0.0 MiB)
Memory usage before reset: 5449.26953125 MiB (Increase: 0.0 MiB)
Memory usage after reset: 5449.26953125 MiB (Increase: 0.0 MiB)
Current lengths of episodes: [1600]
Memory usage at done (index 0, length 1600, since_prev 1600): 5449.26953125 MiB (Increase: 0.0 MiB)
Memory usage before reset: 5449.26953125 MiB (Increase: 0.0 MiB)
Memory usage after reset: 5449.26953125 MiB (Increase: 0.0 MiB)
Current lengths of episodes: [1600]
Memory usage at done (index 0, length 1600, since_prev 1600): 5449.26953125 MiB (Increase: 0.0 MiB)
Memory usage before reset: 5449.26953125 MiB (Increase: 0.0 MiB)
Memory usage after reset: 5449.26953125 MiB (Increase: 0.0 MiB)
Current lengths of episodes: [1600]
Memory usage at done (index 0, length 1600, since_prev 1600): 5449.26953125 MiB (Increase: 0.0 MiB)
Memory usage before reset: 5449.26953125 MiB (Increase: 0.0 MiB)
Memory usage after reset: 5449.26953125 MiB (Increase: 0.0 MiB)
Current lengths of episodes: [1600]
Memory usage at done (index 0, length 1600, since_prev 1600): 5449.26953125 MiB (Increase: 0.0 MiB)
Memory usage before reset: 5449.26953125 MiB (Increase: 0.0 MiB)
Memory usage after reset: 5449.26953125 MiB (Increase: 0.0 MiB)
Training episode 155
Memory usage at middle: 5449.26953125 MiB (Increase: 0.0 MiB)
Memory usage before collect: 5449.26953125 MiB (Increase: 0.0 MiB)
Memory usage after collect: 5449.26953125 MiB (Increase: 0.0 MiB)
Memory usage before initialization: 5449.26953125 MiB (Increase: 0.0 MiB)
Memory usage after initialization: 5449.26953125 MiB (Increase: 0.0 MiB)
Current lengths of episodes: [135]
Memory usage at done (index 0, length 135, since_prev 135): 5449.26953125 MiB (Increase: 0.0 MiB)
Memory usage before reset: 5449.26953125 MiB (Increase: 0.0 MiB)
Memory usage after reset: 5449.26953125 MiB (Increase: 0.0 MiB)
Current lengths of episodes: [1600]
Memory usage at done (index 0, length 1600, since_prev 1600): 5449.26953125 MiB (Increase: 0.0 MiB)
Memory usage before reset: 5449.26953125 MiB (Increase: 0.0 MiB)
Memory usage after reset: 5449.26953125 MiB (Increase: 0.0 MiB)
Current lengths of episodes: [1600]
Memory usage at done (index 0, length 1600, since_prev 1600): 5449.26953125 MiB (Increase: 0.0 MiB)
Memory usage before reset: 5449.26953125 MiB (Increase: 0.0 MiB)
Memory usage after reset: 5449.26953125 MiB (Increase: 0.0 MiB)
Current lengths of episodes: [53]
Memory usage at done (index 0, length 53, since_prev 53): 5449.26953125 MiB (Increase: 0.0 MiB)
Memory usage before reset: 5449.26953125 MiB (Increase: 0.0 MiB)
Memory usage after reset: 5449.26953125 MiB (Increase: 0.0 MiB)
Current lengths of episodes: [1600]
Memory usage at done (index 0, length 1600, since_prev 1600): 5449.26953125 MiB (Increase: 0.0 MiB)
Memory usage before reset: 5449.26953125 MiB (Increase: 0.0 MiB)
Memory usage after reset: 5449.26953125 MiB (Increase: 0.0 MiB)
Training episode 160
Memory usage at middle: 5449.26953125 MiB (Increase: 0.0 MiB)
Memory usage before collect: 5449.26953125 MiB (Increase: 0.0 MiB)
Memory usage after collect: 5449.26953125 MiB (Increase: 0.0 MiB)
Memory usage before initialization: 5449.26953125 MiB (Increase: 0.0 MiB)
Memory usage after initialization: 5449.26953125 MiB (Increase: 0.0 MiB)
Current lengths of episodes: [81]
Memory usage at done (index 0, length 81, since_prev 81): 5449.26953125 MiB (Increase: 0.0 MiB)
Memory usage before reset: 5449.26953125 MiB (Increase: 0.0 MiB)
Memory usage after reset: 5449.26953125 MiB (Increase: 0.0 MiB)
Current lengths of episodes: [72]
Memory usage at done (index 0, length 72, since_prev 72): 5449.26953125 MiB (Increase: 0.0 MiB)
Memory usage before reset: 5449.26953125 MiB (Increase: 0.0 MiB)
Memory usage after reset: 5449.26953125 MiB (Increase: 0.0 MiB)
Current lengths of episodes: [44]
Memory usage at done (index 0, length 44, since_prev 44): 5449.26953125 MiB (Increase: 0.0 MiB)
Memory usage before reset: 5449.26953125 MiB (Increase: 0.0 MiB)
Memory usage after reset: 5449.26953125 MiB (Increase: 0.0 MiB)
Current lengths of episodes: [174]
Memory usage at done (index 0, length 174, since_prev 174): 5449.26953125 MiB (Increase: 0.0 MiB)
Memory usage before reset: 5449.26953125 MiB (Increase: 0.0 MiB)
Memory usage after reset: 5449.26953125 MiB (Increase: 0.0 MiB)
Current lengths of episodes: [38]
Memory usage at done (index 0, length 38, since_prev 38): 5449.26953125 MiB (Increase: 0.0 MiB)
Memory usage before reset: 5449.26953125 MiB (Increase: 0.0 MiB)
Memory usage after reset: 5449.26953125 MiB (Increase: 0.0 MiB)
Training episode 165
Memory usage at middle: 5449.26953125 MiB (Increase: 0.0 MiB)
Memory usage before collect: 5449.26953125 MiB (Increase: 0.0 MiB)
Memory usage after collect: 5449.26953125 MiB (Increase: 0.0 MiB)
Memory usage before initialization: 5449.26953125 MiB (Increase: 0.0 MiB)
Memory usage after initialization: 5449.26953125 MiB (Increase: 0.0 MiB)
Current lengths of episodes: [68]
Memory usage at done (index 0, length 68, since_prev 68): 5449.26953125 MiB (Increase: 0.0 MiB)
Memory usage before reset: 5449.26953125 MiB (Increase: 0.0 MiB)
Memory usage after reset: 5449.26953125 MiB (Increase: 0.0 MiB)
Current lengths of episodes: [1600]
Memory usage at done (index 0, length 1600, since_prev 1600): 5449.26953125 MiB (Increase: 0.0 MiB)
Memory usage before reset: 5449.26953125 MiB (Increase: 0.0 MiB)
Memory usage after reset: 5449.26953125 MiB (Increase: 0.0 MiB)
Current lengths of episodes: [95]
Memory usage at done (index 0, length 95, since_prev 95): 5449.26953125 MiB (Increase: 0.0 MiB)
Memory usage before reset: 5449.26953125 MiB (Increase: 0.0 MiB)
Memory usage after reset: 5449.26953125 MiB (Increase: 0.0 MiB)
Current lengths of episodes: [1600]
Memory usage at done (index 0, length 1600, since_prev 1600): 5449.26953125 MiB (Increase: 0.0 MiB)
Memory usage before reset: 5449.26953125 MiB (Increase: 0.0 MiB)
Memory usage after reset: 5449.26953125 MiB (Increase: 0.0 MiB)
Current lengths of episodes: [81]
Memory usage at done (index 0, length 81, since_prev 81): 5449.26953125 MiB (Increase: 0.0 MiB)
Memory usage before reset: 5449.26953125 MiB (Increase: 0.0 MiB)
Memory usage after reset: 5449.26953125 MiB (Increase: 0.0 MiB)
Training episode 170
Memory usage at middle: 5449.26953125 MiB (Increase: 0.0 MiB)
Memory usage before collect: 5449.26953125 MiB (Increase: 0.0 MiB)
Memory usage after collect: 5449.26953125 MiB (Increase: 0.0 MiB)
Memory usage before initialization: 5449.26953125 MiB (Increase: 0.0 MiB)
Memory usage after initialization: 5449.26953125 MiB (Increase: 0.0 MiB)
Current lengths of episodes: [50]
Memory usage at done (index 0, length 50, since_prev 50): 5449.26953125 MiB (Increase: 0.0 MiB)
Memory usage before reset: 5449.26953125 MiB (Increase: 0.0 MiB)
Memory usage after reset: 5449.26953125 MiB (Increase: 0.0 MiB)
Current lengths of episodes: [95]
Memory usage at done (index 0, length 95, since_prev 95): 5449.26953125 MiB (Increase: 0.0 MiB)
Memory usage before reset: 5449.26953125 MiB (Increase: 0.0 MiB)
Memory usage after reset: 5449.26953125 MiB (Increase: 0.0 MiB)
Current lengths of episodes: [1600]
Memory usage at done (index 0, length 1600, since_prev 1600): 5449.26953125 MiB (Increase: 0.0 MiB)
Memory usage before reset: 5449.26953125 MiB (Increase: 0.0 MiB)
Memory usage after reset: 5449.26953125 MiB (Increase: 0.0 MiB)
Current lengths of episodes: [83]
Memory usage at done (index 0, length 83, since_prev 83): 5449.26953125 MiB (Increase: 0.0 MiB)
Memory usage before reset: 5449.26953125 MiB (Increase: 0.0 MiB)
Memory usage after reset: 5449.26953125 MiB (Increase: 0.0 MiB)
Current lengths of episodes: [1600]
Memory usage at done (index 0, length 1600, since_prev 1600): 5449.26953125 MiB (Increase: 0.0 MiB)
Memory usage before reset: 5449.26953125 MiB (Increase: 0.0 MiB)
Memory usage after reset: 5449.26953125 MiB (Increase: 0.0 MiB)
Training episode 175
Memory usage at middle: 5449.26953125 MiB (Increase: 0.0 MiB)
Memory usage before collect: 5449.26953125 MiB (Increase: 0.0 MiB)
Memory usage after collect: 5449.26953125 MiB (Increase: 0.0 MiB)
Memory usage before initialization: 5449.26953125 MiB (Increase: 0.0 MiB)
Memory usage after initialization: 5449.26953125 MiB (Increase: 0.0 MiB)
Current lengths of episodes: [90]
Memory usage at done (index 0, length 90, since_prev 90): 5449.26953125 MiB (Increase: 0.0 MiB)
Memory usage before reset: 5449.26953125 MiB (Increase: 0.0 MiB)
Memory usage after reset: 5449.26953125 MiB (Increase: 0.0 MiB)
Current lengths of episodes: [1600]
Memory usage at done (index 0, length 1600, since_prev 1600): 5449.26953125 MiB (Increase: 0.0 MiB)
Memory usage before reset: 5449.26953125 MiB (Increase: 0.0 MiB)
Memory usage after reset: 5449.26953125 MiB (Increase: 0.0 MiB)
Current lengths of episodes: [1600]
Memory usage at done (index 0, length 1600, since_prev 1600): 5449.26953125 MiB (Increase: 0.0 MiB)
Memory usage before reset: 5449.26953125 MiB (Increase: 0.0 MiB)
Memory usage after reset: 5449.26953125 MiB (Increase: 0.0 MiB)
Current lengths of episodes: [1600]
Memory usage at done (index 0, length 1600, since_prev 1600): 5449.26953125 MiB (Increase: 0.0 MiB)
Memory usage before reset: 5449.26953125 MiB (Increase: 0.0 MiB)
Memory usage after reset: 5449.26953125 MiB (Increase: 0.0 MiB)
Current lengths of episodes: [70]
Memory usage at done (index 0, length 70, since_prev 70): 5449.26953125 MiB (Increase: 0.0 MiB)
Memory usage before reset: 5449.26953125 MiB (Increase: 0.0 MiB)
Memory usage after reset: 5449.26953125 MiB (Increase: 0.0 MiB)
Training episode 180
Memory usage at middle: 5449.26953125 MiB (Increase: 0.0 MiB)
Memory usage before collect: 5449.26953125 MiB (Increase: 0.0 MiB)
Memory usage after collect: 5449.26953125 MiB (Increase: 0.0 MiB)
Memory usage before initialization: 5449.26953125 MiB (Increase: 0.0 MiB)
Memory usage after initialization: 5449.26953125 MiB (Increase: 0.0 MiB)
Current lengths of episodes: [1600]
Memory usage at done (index 0, length 1600, since_prev 1600): 5449.26953125 MiB (Increase: 0.0 MiB)
Memory usage before reset: 5449.26953125 MiB (Increase: 0.0 MiB)
Memory usage after reset: 5449.26953125 MiB (Increase: 0.0 MiB)
Current lengths of episodes: [1600]
Memory usage at done (index 0, length 1600, since_prev 1600): 5449.26953125 MiB (Increase: 0.0 MiB)
Memory usage before reset: 5449.26953125 MiB (Increase: 0.0 MiB)
Memory usage after reset: 5449.26953125 MiB (Increase: 0.0 MiB)
Current lengths of episodes: [60]
Memory usage at done (index 0, length 60, since_prev 60): 5449.26953125 MiB (Increase: 0.0 MiB)
Memory usage before reset: 5449.26953125 MiB (Increase: 0.0 MiB)
Memory usage after reset: 5449.26953125 MiB (Increase: 0.0 MiB)
Current lengths of episodes: [1600]
Memory usage at done (index 0, length 1600, since_prev 1600): 5449.26953125 MiB (Increase: 0.0 MiB)
Memory usage before reset: 5449.26953125 MiB (Increase: 0.0 MiB)
Memory usage after reset: 5449.26953125 MiB (Increase: 0.0 MiB)
Current lengths of episodes: [175]
Memory usage at done (index 0, length 175, since_prev 175): 5449.26953125 MiB (Increase: 0.0 MiB)
Memory usage before reset: 5449.26953125 MiB (Increase: 0.0 MiB)
Memory usage after reset: 5449.26953125 MiB (Increase: 0.0 MiB)
Training episode 185
Memory usage at middle: 5449.26953125 MiB (Increase: 0.0 MiB)
Memory usage before collect: 5449.26953125 MiB (Increase: 0.0 MiB)
Memory usage after collect: 5449.26953125 MiB (Increase: 0.0 MiB)
Memory usage before initialization: 5449.26953125 MiB (Increase: 0.0 MiB)
Memory usage after initialization: 5449.26953125 MiB (Increase: 0.0 MiB)
Current lengths of episodes: [1600]
Memory usage at done (index 0, length 1600, since_prev 1600): 5449.26953125 MiB (Increase: 0.0 MiB)
Memory usage before reset: 5449.26953125 MiB (Increase: 0.0 MiB)
Memory usage after reset: 5449.26953125 MiB (Increase: 0.0 MiB)
Current lengths of episodes: [95]
Memory usage at done (index 0, length 95, since_prev 95): 5449.26953125 MiB (Increase: 0.0 MiB)
Memory usage before reset: 5449.26953125 MiB (Increase: 0.0 MiB)
Memory usage after reset: 5449.26953125 MiB (Increase: 0.0 MiB)
Current lengths of episodes: [74]
Memory usage at done (index 0, length 74, since_prev 74): 5449.26953125 MiB (Increase: 0.0 MiB)
Memory usage before reset: 5449.26953125 MiB (Increase: 0.0 MiB)
Memory usage after reset: 5449.26953125 MiB (Increase: 0.0 MiB)
Current lengths of episodes: [76]
Memory usage at done (index 0, length 76, since_prev 76): 5449.26953125 MiB (Increase: 0.0 MiB)
Memory usage before reset: 5449.26953125 MiB (Increase: 0.0 MiB)
Memory usage after reset: 5449.26953125 MiB (Increase: 0.0 MiB)
Current lengths of episodes: [57]
Memory usage at done (index 0, length 57, since_prev 57): 5449.26953125 MiB (Increase: 0.0 MiB)
Memory usage before reset: 5449.26953125 MiB (Increase: 0.0 MiB)
Memory usage after reset: 5449.26953125 MiB (Increase: 0.0 MiB)
Training episode 190
Memory usage at middle: 5449.26953125 MiB (Increase: 0.0 MiB)
Memory usage before collect: 5449.26953125 MiB (Increase: 0.0 MiB)
Memory usage after collect: 5449.26953125 MiB (Increase: 0.0 MiB)
Memory usage before initialization: 5449.26953125 MiB (Increase: 0.0 MiB)
Memory usage after initialization: 5449.26953125 MiB (Increase: 0.0 MiB)
Current lengths of episodes: [37]
Memory usage at done (index 0, length 37, since_prev 37): 5449.26953125 MiB (Increase: 0.0 MiB)
Memory usage before reset: 5449.26953125 MiB (Increase: 0.0 MiB)
Memory usage after reset: 5449.26953125 MiB (Increase: 0.0 MiB)
Current lengths of episodes: [67]
Memory usage at done (index 0, length 67, since_prev 67): 5449.26953125 MiB (Increase: 0.0 MiB)
Memory usage before reset: 5449.26953125 MiB (Increase: 0.0 MiB)
Memory usage after reset: 5449.26953125 MiB (Increase: 0.0 MiB)
Current lengths of episodes: [87]
Memory usage at done (index 0, length 87, since_prev 87): 5449.26953125 MiB (Increase: 0.0 MiB)
Memory usage before reset: 5449.26953125 MiB (Increase: 0.0 MiB)
Memory usage after reset: 5449.26953125 MiB (Increase: 0.0 MiB)
Current lengths of episodes: [1600]
Memory usage at done (index 0, length 1600, since_prev 1600): 5449.26953125 MiB (Increase: 0.0 MiB)
Memory usage before reset: 5449.26953125 MiB (Increase: 0.0 MiB)
Memory usage after reset: 5449.26953125 MiB (Increase: 0.0 MiB)
Current lengths of episodes: [61]
Memory usage at done (index 0, length 61, since_prev 61): 5449.26953125 MiB (Increase: 0.0 MiB)
Memory usage before reset: 5449.26953125 MiB (Increase: 0.0 MiB)
Memory usage after reset: 5449.26953125 MiB (Increase: 0.0 MiB)
Training episode 195
Memory usage at middle: 5449.26953125 MiB (Increase: 0.0 MiB)
Memory usage before collect: 5449.26953125 MiB (Increase: 0.0 MiB)
Memory usage after collect: 5449.26953125 MiB (Increase: 0.0 MiB)
Memory usage before initialization: 5449.26953125 MiB (Increase: 0.0 MiB)
Memory usage after initialization: 5449.26953125 MiB (Increase: 0.0 MiB)
Current lengths of episodes: [169]
Memory usage at done (index 0, length 169, since_prev 169): 5449.26953125 MiB (Increase: 0.0 MiB)
Memory usage before reset: 5449.26953125 MiB (Increase: 0.0 MiB)
Memory usage after reset: 5449.26953125 MiB (Increase: 0.0 MiB)
Current lengths of episodes: [52]
Memory usage at done (index 0, length 52, since_prev 52): 5449.26953125 MiB (Increase: 0.0 MiB)
Memory usage before reset: 5449.26953125 MiB (Increase: 0.0 MiB)
Memory usage after reset: 5449.26953125 MiB (Increase: 0.0 MiB)
Current lengths of episodes: [1600]
Memory usage at done (index 0, length 1600, since_prev 1600): 5449.26953125 MiB (Increase: 0.0 MiB)
Memory usage before reset: 5449.26953125 MiB (Increase: 0.0 MiB)
Memory usage after reset: 5449.26953125 MiB (Increase: 0.0 MiB)
Current lengths of episodes: [1600]
Memory usage at done (index 0, length 1600, since_prev 1600): 5449.26953125 MiB (Increase: 0.0 MiB)
Memory usage before reset: 5449.26953125 MiB (Increase: 0.0 MiB)
Memory usage after reset: 5449.26953125 MiB (Increase: 0.0 MiB)
Current lengths of episodes: [1600]
Memory usage at done (index 0, length 1600, since_prev 1600): 5449.26953125 MiB (Increase: 0.0 MiB)
Memory usage before reset: 5449.26953125 MiB (Increase: 0.0 MiB)
Memory usage after reset: 5449.26953125 MiB (Increase: 0.0 MiB)
Training episode 200
Memory usage at middle: 5449.26953125 MiB (Increase: 0.0 MiB)
Memory usage before collect: 5449.26953125 MiB (Increase: 0.0 MiB)
Memory usage after collect: 5449.26953125 MiB (Increase: 0.0 MiB)
Episode 200	Average evaluation: -98.15167091869425
Memory usage before initialization: 5449.26953125 MiB (Increase: 0.0 MiB)
Memory usage after initialization: 5449.26953125 MiB (Increase: 0.0 MiB)
Current lengths of episodes: [75]
Memory usage at done (index 0, length 75, since_prev 75): 5449.26953125 MiB (Increase: 0.0 MiB)
Memory usage before reset: 5449.26953125 MiB (Increase: 0.0 MiB)
Memory usage after reset: 5449.26953125 MiB (Increase: 0.0 MiB)
Current lengths of episodes: [70]
Memory usage at done (index 0, length 70, since_prev 70): 5449.26953125 MiB (Increase: 0.0 MiB)
Memory usage before reset: 5449.26953125 MiB (Increase: 0.0 MiB)
Memory usage after reset: 5449.26953125 MiB (Increase: 0.0 MiB)
Current lengths of episodes: [89]
Memory usage at done (index 0, length 89, since_prev 89): 5449.26953125 MiB (Increase: 0.0 MiB)
Memory usage before reset: 5449.26953125 MiB (Increase: 0.0 MiB)
Memory usage after reset: 5449.26953125 MiB (Increase: 0.0 MiB)
Current lengths of episodes: [65]
Memory usage at done (index 0, length 65, since_prev 65): 5449.26953125 MiB (Increase: 0.0 MiB)
Memory usage before reset: 5449.26953125 MiB (Increase: 0.0 MiB)
Memory usage after reset: 5449.26953125 MiB (Increase: 0.0 MiB)
Current lengths of episodes: [1600]
Memory usage at done (index 0, length 1600, since_prev 1600): 5449.26953125 MiB (Increase: 0.0 MiB)
Memory usage before reset: 5449.26953125 MiB (Increase: 0.0 MiB)
Memory usage after reset: 5449.26953125 MiB (Increase: 0.0 MiB)
Training episode 205
Memory usage at middle: 5449.26953125 MiB (Increase: 0.0 MiB)
Memory usage before collect: 5449.26953125 MiB (Increase: 0.0 MiB)
Memory usage after collect: 5449.26953125 MiB (Increase: 0.0 MiB)
Memory usage before initialization: 5449.26953125 MiB (Increase: 0.0 MiB)
Memory usage after initialization: 5449.26953125 MiB (Increase: 0.0 MiB)
Current lengths of episodes: [45]
Memory usage at done (index 0, length 45, since_prev 45): 5449.26953125 MiB (Increase: 0.0 MiB)
Memory usage before reset: 5449.26953125 MiB (Increase: 0.0 MiB)
Memory usage after reset: 5449.26953125 MiB (Increase: 0.0 MiB)
Current lengths of episodes: [1600]
Memory usage at done (index 0, length 1600, since_prev 1600): 5449.26953125 MiB (Increase: 0.0 MiB)
Memory usage before reset: 5449.26953125 MiB (Increase: 0.0 MiB)
Memory usage after reset: 5449.26953125 MiB (Increase: 0.0 MiB)
Current lengths of episodes: [65]
Memory usage at done (index 0, length 65, since_prev 65): 5449.26953125 MiB (Increase: 0.0 MiB)
Memory usage before reset: 5449.26953125 MiB (Increase: 0.0 MiB)
Memory usage after reset: 5449.26953125 MiB (Increase: 0.0 MiB)
Current lengths of episodes: [77]
Memory usage at done (index 0, length 77, since_prev 77): 5449.26953125 MiB (Increase: 0.0 MiB)
Memory usage before reset: 5449.26953125 MiB (Increase: 0.0 MiB)
Memory usage after reset: 5449.26953125 MiB (Increase: 0.0 MiB)
Current lengths of episodes: [1600]
Memory usage at done (index 0, length 1600, since_prev 1600): 5449.26953125 MiB (Increase: 0.0 MiB)
Memory usage before reset: 5449.26953125 MiB (Increase: 0.0 MiB)
Memory usage after reset: 5449.26953125 MiB (Increase: 0.0 MiB)
Training episode 210
Memory usage at middle: 5449.26953125 MiB (Increase: 0.0 MiB)
Memory usage before collect: 5449.26953125 MiB (Increase: 0.0 MiB)
Memory usage after collect: 5449.26953125 MiB (Increase: 0.0 MiB)
Memory usage before initialization: 5449.26953125 MiB (Increase: 0.0 MiB)
Memory usage after initialization: 5449.26953125 MiB (Increase: 0.0 MiB)
Current lengths of episodes: [98]
Memory usage at done (index 0, length 98, since_prev 98): 5449.26953125 MiB (Increase: 0.0 MiB)
Memory usage before reset: 5449.26953125 MiB (Increase: 0.0 MiB)
Memory usage after reset: 5449.26953125 MiB (Increase: 0.0 MiB)
Current lengths of episodes: [1600]
Memory usage at done (index 0, length 1600, since_prev 1600): 5449.26953125 MiB (Increase: 0.0 MiB)
Memory usage before reset: 5449.26953125 MiB (Increase: 0.0 MiB)
Memory usage after reset: 5449.26953125 MiB (Increase: 0.0 MiB)
Current lengths of episodes: [1600]
Memory usage at done (index 0, length 1600, since_prev 1600): 5449.26953125 MiB (Increase: 0.0 MiB)
Memory usage before reset: 5449.26953125 MiB (Increase: 0.0 MiB)
Memory usage after reset: 5449.26953125 MiB (Increase: 0.0 MiB)
Current lengths of episodes: [81]
Memory usage at done (index 0, length 81, since_prev 81): 5449.26953125 MiB (Increase: 0.0 MiB)
Memory usage before reset: 5449.26953125 MiB (Increase: 0.0 MiB)
Memory usage after reset: 5449.26953125 MiB (Increase: 0.0 MiB)
Current lengths of episodes: [100]
Memory usage at done (index 0, length 100, since_prev 100): 5449.26953125 MiB (Increase: 0.0 MiB)
Memory usage before reset: 5449.26953125 MiB (Increase: 0.0 MiB)
Memory usage after reset: 5449.26953125 MiB (Increase: 0.0 MiB)
Training episode 215
Memory usage at middle: 5449.26953125 MiB (Increase: 0.0 MiB)
Memory usage before collect: 5449.26953125 MiB (Increase: 0.0 MiB)
Memory usage after collect: 5449.26953125 MiB (Increase: 0.0 MiB)
Memory usage before initialization: 5449.26953125 MiB (Increase: 0.0 MiB)
Memory usage after initialization: 5449.26953125 MiB (Increase: 0.0 MiB)
Current lengths of episodes: [69]
Memory usage at done (index 0, length 69, since_prev 69): 5449.26953125 MiB (Increase: 0.0 MiB)
Memory usage before reset: 5449.26953125 MiB (Increase: 0.0 MiB)
Memory usage after reset: 5449.26953125 MiB (Increase: 0.0 MiB)
Current lengths of episodes: [69]
Memory usage at done (index 0, length 69, since_prev 69): 5449.26953125 MiB (Increase: 0.0 MiB)
Memory usage before reset: 5449.26953125 MiB (Increase: 0.0 MiB)
Memory usage after reset: 5449.26953125 MiB (Increase: 0.0 MiB)
Current lengths of episodes: [89]
Memory usage at done (index 0, length 89, since_prev 89): 5449.26953125 MiB (Increase: 0.0 MiB)
Memory usage before reset: 5449.26953125 MiB (Increase: 0.0 MiB)
Memory usage after reset: 5449.26953125 MiB (Increase: 0.0 MiB)
Current lengths of episodes: [108]
Memory usage at done (index 0, length 108, since_prev 108): 5449.26953125 MiB (Increase: 0.0 MiB)
Memory usage before reset: 5449.26953125 MiB (Increase: 0.0 MiB)
Memory usage after reset: 5449.26953125 MiB (Increase: 0.0 MiB)
Current lengths of episodes: [220]
Memory usage at done (index 0, length 220, since_prev 220): 5449.26953125 MiB (Increase: 0.0 MiB)
Memory usage before reset: 5449.26953125 MiB (Increase: 0.0 MiB)
Memory usage after reset: 5449.26953125 MiB (Increase: 0.0 MiB)
Training episode 220
Memory usage at middle: 5449.26953125 MiB (Increase: 0.0 MiB)
Memory usage before collect: 5449.26953125 MiB (Increase: 0.0 MiB)
Memory usage after collect: 5449.26953125 MiB (Increase: 0.0 MiB)
Memory usage before initialization: 5449.26953125 MiB (Increase: 0.0 MiB)
Memory usage after initialization: 5449.26953125 MiB (Increase: 0.0 MiB)
Current lengths of episodes: [1600]
Memory usage at done (index 0, length 1600, since_prev 1600): 5449.26953125 MiB (Increase: 0.0 MiB)
Memory usage before reset: 5449.26953125 MiB (Increase: 0.0 MiB)
Memory usage after reset: 5449.26953125 MiB (Increase: 0.0 MiB)
Current lengths of episodes: [1600]
Memory usage at done (index 0, length 1600, since_prev 1600): 5449.26953125 MiB (Increase: 0.0 MiB)
Memory usage before reset: 5449.26953125 MiB (Increase: 0.0 MiB)
Memory usage after reset: 5449.26953125 MiB (Increase: 0.0 MiB)
Current lengths of episodes: [49]
Memory usage at done (index 0, length 49, since_prev 49): 5449.26953125 MiB (Increase: 0.0 MiB)
Memory usage before reset: 5449.26953125 MiB (Increase: 0.0 MiB)
Memory usage after reset: 5449.26953125 MiB (Increase: 0.0 MiB)
Current lengths of episodes: [1600]
Memory usage at done (index 0, length 1600, since_prev 1600): 5449.26953125 MiB (Increase: 0.0 MiB)
Memory usage before reset: 5449.26953125 MiB (Increase: 0.0 MiB)
Memory usage after reset: 5449.26953125 MiB (Increase: 0.0 MiB)
Current lengths of episodes: [86]
Memory usage at done (index 0, length 86, since_prev 86): 5449.26953125 MiB (Increase: 0.0 MiB)
Memory usage before reset: 5449.26953125 MiB (Increase: 0.0 MiB)
Memory usage after reset: 5449.26953125 MiB (Increase: 0.0 MiB)
Training episode 225
Memory usage at middle: 5449.26953125 MiB (Increase: 0.0 MiB)
Memory usage before collect: 5449.26953125 MiB (Increase: 0.0 MiB)
Memory usage after collect: 5449.26953125 MiB (Increase: 0.0 MiB)
Memory usage before initialization: 5449.26953125 MiB (Increase: 0.0 MiB)
Memory usage after initialization: 5449.26953125 MiB (Increase: 0.0 MiB)
Current lengths of episodes: [108]
Memory usage at done (index 0, length 108, since_prev 108): 5449.26953125 MiB (Increase: 0.0 MiB)
Memory usage before reset: 5449.26953125 MiB (Increase: 0.0 MiB)
Memory usage after reset: 5449.26953125 MiB (Increase: 0.0 MiB)
Current lengths of episodes: [1600]
Memory usage at done (index 0, length 1600, since_prev 1600): 5449.26953125 MiB (Increase: 0.0 MiB)
Memory usage before reset: 5449.26953125 MiB (Increase: 0.0 MiB)
Memory usage after reset: 5449.26953125 MiB (Increase: 0.0 MiB)
Current lengths of episodes: [738]
Memory usage at done (index 0, length 738, since_prev 738): 5449.26953125 MiB (Increase: 0.0 MiB)
Memory usage before reset: 5449.26953125 MiB (Increase: 0.0 MiB)
Memory usage after reset: 5449.26953125 MiB (Increase: 0.0 MiB)
Current lengths of episodes: [107]
Memory usage at done (index 0, length 107, since_prev 107): 5449.26953125 MiB (Increase: 0.0 MiB)
Memory usage before reset: 5449.26953125 MiB (Increase: 0.0 MiB)
Memory usage after reset: 5449.26953125 MiB (Increase: 0.0 MiB)
Current lengths of episodes: [58]
Memory usage at done (index 0, length 58, since_prev 58): 5449.26953125 MiB (Increase: 0.0 MiB)
Memory usage before reset: 5449.26953125 MiB (Increase: 0.0 MiB)
Memory usage after reset: 5449.26953125 MiB (Increase: 0.0 MiB)
Training episode 230
Memory usage at middle: 5449.26953125 MiB (Increase: 0.0 MiB)
Memory usage before collect: 5449.26953125 MiB (Increase: 0.0 MiB)
Memory usage after collect: 5449.26953125 MiB (Increase: 0.0 MiB)
Memory usage before initialization: 5449.26953125 MiB (Increase: 0.0 MiB)
Memory usage after initialization: 5449.26953125 MiB (Increase: 0.0 MiB)
Current lengths of episodes: [53]
Memory usage at done (index 0, length 53, since_prev 53): 5449.26953125 MiB (Increase: 0.0 MiB)
Memory usage before reset: 5449.26953125 MiB (Increase: 0.0 MiB)
Memory usage after reset: 5449.26953125 MiB (Increase: 0.0 MiB)
Current lengths of episodes: [1600]
Memory usage at done (index 0, length 1600, since_prev 1600): 5449.26953125 MiB (Increase: 0.0 MiB)
Memory usage before reset: 5449.26953125 MiB (Increase: 0.0 MiB)
Memory usage after reset: 5449.26953125 MiB (Increase: 0.0 MiB)
Current lengths of episodes: [1600]
Memory usage at done (index 0, length 1600, since_prev 1600): 5449.26953125 MiB (Increase: 0.0 MiB)
Memory usage before reset: 5449.26953125 MiB (Increase: 0.0 MiB)
Memory usage after reset: 5449.26953125 MiB (Increase: 0.0 MiB)
Current lengths of episodes: [110]
Memory usage at done (index 0, length 110, since_prev 110): 5449.26953125 MiB (Increase: 0.0 MiB)
Memory usage before reset: 5449.26953125 MiB (Increase: 0.0 MiB)
Memory usage after reset: 5449.26953125 MiB (Increase: 0.0 MiB)
Current lengths of episodes: [64]
Memory usage at done (index 0, length 64, since_prev 64): 5449.26953125 MiB (Increase: 0.0 MiB)
Memory usage before reset: 5449.26953125 MiB (Increase: 0.0 MiB)
Memory usage after reset: 5449.26953125 MiB (Increase: 0.0 MiB)
Training episode 235
Memory usage at middle: 5449.26953125 MiB (Increase: 0.0 MiB)
Memory usage before collect: 5449.26953125 MiB (Increase: 0.0 MiB)
Memory usage after collect: 5449.26953125 MiB (Increase: 0.0 MiB)
Memory usage before initialization: 5449.26953125 MiB (Increase: 0.0 MiB)
Memory usage after initialization: 5449.26953125 MiB (Increase: 0.0 MiB)
Current lengths of episodes: [75]
Memory usage at done (index 0, length 75, since_prev 75): 5449.26953125 MiB (Increase: 0.0 MiB)
Memory usage before reset: 5449.26953125 MiB (Increase: 0.0 MiB)
Memory usage after reset: 5449.26953125 MiB (Increase: 0.0 MiB)
Current lengths of episodes: [1600]
Memory usage at done (index 0, length 1600, since_prev 1600): 5449.26953125 MiB (Increase: 0.0 MiB)
Memory usage before reset: 5449.26953125 MiB (Increase: 0.0 MiB)
Memory usage after reset: 5449.26953125 MiB (Increase: 0.0 MiB)
Current lengths of episodes: [1600]
Memory usage at done (index 0, length 1600, since_prev 1600): 5449.26953125 MiB (Increase: 0.0 MiB)
Memory usage before reset: 5449.26953125 MiB (Increase: 0.0 MiB)
Memory usage after reset: 5449.26953125 MiB (Increase: 0.0 MiB)
Current lengths of episodes: [76]
Memory usage at done (index 0, length 76, since_prev 76): 5449.26953125 MiB (Increase: 0.0 MiB)
Memory usage before reset: 5449.26953125 MiB (Increase: 0.0 MiB)
Memory usage after reset: 5449.26953125 MiB (Increase: 0.0 MiB)
Current lengths of episodes: [63]
Memory usage at done (index 0, length 63, since_prev 63): 5449.26953125 MiB (Increase: 0.0 MiB)
Memory usage before reset: 5449.26953125 MiB (Increase: 0.0 MiB)
Memory usage after reset: 5449.26953125 MiB (Increase: 0.0 MiB)
Training episode 240
Memory usage at middle: 5449.26953125 MiB (Increase: 0.0 MiB)
Memory usage before collect: 5449.26953125 MiB (Increase: 0.0 MiB)
Memory usage after collect: 5449.26953125 MiB (Increase: 0.0 MiB)
Memory usage before initialization: 5449.26953125 MiB (Increase: 0.0 MiB)
Memory usage after initialization: 5449.26953125 MiB (Increase: 0.0 MiB)
Current lengths of episodes: [1600]
Memory usage at done (index 0, length 1600, since_prev 1600): 5449.26953125 MiB (Increase: 0.0 MiB)
Memory usage before reset: 5449.26953125 MiB (Increase: 0.0 MiB)
Memory usage after reset: 5449.26953125 MiB (Increase: 0.0 MiB)
Current lengths of episodes: [77]
Memory usage at done (index 0, length 77, since_prev 77): 5449.26953125 MiB (Increase: 0.0 MiB)
Memory usage before reset: 5449.26953125 MiB (Increase: 0.0 MiB)
Memory usage after reset: 5449.26953125 MiB (Increase: 0.0 MiB)
Current lengths of episodes: [66]
Memory usage at done (index 0, length 66, since_prev 66): 5449.26953125 MiB (Increase: 0.0 MiB)
Memory usage before reset: 5449.26953125 MiB (Increase: 0.0 MiB)
Memory usage after reset: 5449.26953125 MiB (Increase: 0.0 MiB)
Current lengths of episodes: [1600]
Memory usage at done (index 0, length 1600, since_prev 1600): 5449.26953125 MiB (Increase: 0.0 MiB)
Memory usage before reset: 5449.26953125 MiB (Increase: 0.0 MiB)
Memory usage after reset: 5449.26953125 MiB (Increase: 0.0 MiB)
Current lengths of episodes: [130]
Memory usage at done (index 0, length 130, since_prev 130): 5449.26953125 MiB (Increase: 0.0 MiB)
Memory usage before reset: 5449.26953125 MiB (Increase: 0.0 MiB)
Memory usage after reset: 5449.26953125 MiB (Increase: 0.0 MiB)
Training episode 245
Memory usage at middle: 5449.26953125 MiB (Increase: 0.0 MiB)
Memory usage before collect: 5449.26953125 MiB (Increase: 0.0 MiB)
Memory usage after collect: 5449.26953125 MiB (Increase: 0.0 MiB)
Memory usage before initialization: 5449.26953125 MiB (Increase: 0.0 MiB)
Memory usage after initialization: 5449.26953125 MiB (Increase: 0.0 MiB)
Current lengths of episodes: [71]
Memory usage at done (index 0, length 71, since_prev 71): 5449.26953125 MiB (Increase: 0.0 MiB)
Memory usage before reset: 5449.26953125 MiB (Increase: 0.0 MiB)
Memory usage after reset: 5449.26953125 MiB (Increase: 0.0 MiB)
Current lengths of episodes: [50]
Memory usage at done (index 0, length 50, since_prev 50): 5449.26953125 MiB (Increase: 0.0 MiB)
Memory usage before reset: 5449.26953125 MiB (Increase: 0.0 MiB)
Memory usage after reset: 5449.26953125 MiB (Increase: 0.0 MiB)
Current lengths of episodes: [68]
Memory usage at done (index 0, length 68, since_prev 68): 5449.26953125 MiB (Increase: 0.0 MiB)
Memory usage before reset: 5449.26953125 MiB (Increase: 0.0 MiB)
Memory usage after reset: 5449.26953125 MiB (Increase: 0.0 MiB)
Current lengths of episodes: [1600]
Memory usage at done (index 0, length 1600, since_prev 1600): 5449.26953125 MiB (Increase: 0.0 MiB)
Memory usage before reset: 5449.26953125 MiB (Increase: 0.0 MiB)
Memory usage after reset: 5449.26953125 MiB (Increase: 0.0 MiB)
Current lengths of episodes: [194]
Memory usage at done (index 0, length 194, since_prev 194): 5449.26953125 MiB (Increase: 0.0 MiB)
Memory usage before reset: 5449.26953125 MiB (Increase: 0.0 MiB)
Memory usage after reset: 5449.26953125 MiB (Increase: 0.0 MiB)
Training episode 250
Memory usage at middle: 5449.26953125 MiB (Increase: 0.0 MiB)
Memory usage before collect: 5449.26953125 MiB (Increase: 0.0 MiB)
Memory usage after collect: 5449.26953125 MiB (Increase: 0.0 MiB)
Episode 250	Average evaluation: -98.03988911976876
Memory usage before initialization: 5449.26953125 MiB (Increase: 0.0 MiB)
Memory usage after initialization: 5449.26953125 MiB (Increase: 0.0 MiB)
Current lengths of episodes: [1600]
Memory usage at done (index 0, length 1600, since_prev 1600): 5449.26953125 MiB (Increase: 0.0 MiB)
Memory usage before reset: 5449.26953125 MiB (Increase: 0.0 MiB)
Memory usage after reset: 5449.26953125 MiB (Increase: 0.0 MiB)
Current lengths of episodes: [1600]
Memory usage at done (index 0, length 1600, since_prev 1600): 5449.26953125 MiB (Increase: 0.0 MiB)
Memory usage before reset: 5449.26953125 MiB (Increase: 0.0 MiB)
Memory usage after reset: 5449.26953125 MiB (Increase: 0.0 MiB)
Current lengths of episodes: [56]
Memory usage at done (index 0, length 56, since_prev 56): 5449.26953125 MiB (Increase: 0.0 MiB)
Memory usage before reset: 5449.26953125 MiB (Increase: 0.0 MiB)
Memory usage after reset: 5449.26953125 MiB (Increase: 0.0 MiB)
Current lengths of episodes: [54]
Memory usage at done (index 0, length 54, since_prev 54): 5449.26953125 MiB (Increase: 0.0 MiB)
Memory usage before reset: 5449.26953125 MiB (Increase: 0.0 MiB)
Memory usage after reset: 5449.26953125 MiB (Increase: 0.0 MiB)
Current lengths of episodes: [56]
Memory usage at done (index 0, length 56, since_prev 56): 5449.26953125 MiB (Increase: 0.0 MiB)
Memory usage before reset: 5449.26953125 MiB (Increase: 0.0 MiB)
Memory usage after reset: 5449.26953125 MiB (Increase: 0.0 MiB)
Training episode 255
Memory usage at middle: 5449.26953125 MiB (Increase: 0.0 MiB)
Memory usage before collect: 5449.26953125 MiB (Increase: 0.0 MiB)
Memory usage after collect: 5449.26953125 MiB (Increase: 0.0 MiB)
Memory usage before initialization: 5449.26953125 MiB (Increase: 0.0 MiB)
Memory usage after initialization: 5449.26953125 MiB (Increase: 0.0 MiB)
Current lengths of episodes: [1600]
Memory usage at done (index 0, length 1600, since_prev 1600): 5449.26953125 MiB (Increase: 0.0 MiB)
Memory usage before reset: 5449.26953125 MiB (Increase: 0.0 MiB)
Memory usage after reset: 5449.26953125 MiB (Increase: 0.0 MiB)
Current lengths of episodes: [78]
Memory usage at done (index 0, length 78, since_prev 78): 5449.26953125 MiB (Increase: 0.0 MiB)
Memory usage before reset: 5449.26953125 MiB (Increase: 0.0 MiB)
Memory usage after reset: 5449.26953125 MiB (Increase: 0.0 MiB)
Current lengths of episodes: [76]
Memory usage at done (index 0, length 76, since_prev 76): 5449.26953125 MiB (Increase: 0.0 MiB)
Memory usage before reset: 5449.26953125 MiB (Increase: 0.0 MiB)
Memory usage after reset: 5449.26953125 MiB (Increase: 0.0 MiB)
Current lengths of episodes: [76]
Memory usage at done (index 0, length 76, since_prev 76): 5449.26953125 MiB (Increase: 0.0 MiB)
Memory usage before reset: 5449.26953125 MiB (Increase: 0.0 MiB)
Memory usage after reset: 5449.26953125 MiB (Increase: 0.0 MiB)
Current lengths of episodes: [106]
Memory usage at done (index 0, length 106, since_prev 106): 5449.26953125 MiB (Increase: 0.0 MiB)
Memory usage before reset: 5449.26953125 MiB (Increase: 0.0 MiB)
Memory usage after reset: 5449.26953125 MiB (Increase: 0.0 MiB)
Training episode 260
Memory usage at middle: 5449.26953125 MiB (Increase: 0.0 MiB)
Memory usage before collect: 5449.26953125 MiB (Increase: 0.0 MiB)
Memory usage after collect: 5449.26953125 MiB (Increase: 0.0 MiB)
Memory usage before initialization: 5449.26953125 MiB (Increase: 0.0 MiB)
Memory usage after initialization: 5449.26953125 MiB (Increase: 0.0 MiB)
Current lengths of episodes: [62]
Memory usage at done (index 0, length 62, since_prev 62): 5449.26953125 MiB (Increase: 0.0 MiB)
Memory usage before reset: 5449.26953125 MiB (Increase: 0.0 MiB)
Memory usage after reset: 5449.26953125 MiB (Increase: 0.0 MiB)
Current lengths of episodes: [77]
Memory usage at done (index 0, length 77, since_prev 77): 5449.26953125 MiB (Increase: 0.0 MiB)
Memory usage before reset: 5449.26953125 MiB (Increase: 0.0 MiB)
Memory usage after reset: 5449.26953125 MiB (Increase: 0.0 MiB)
Current lengths of episodes: [1370]
Memory usage at done (index 0, length 1370, since_prev 1370): 5449.26953125 MiB (Increase: 0.0 MiB)
Memory usage before reset: 5449.26953125 MiB (Increase: 0.0 MiB)
Memory usage after reset: 5449.26953125 MiB (Increase: 0.0 MiB)
Current lengths of episodes: [1600]
Memory usage at done (index 0, length 1600, since_prev 1600): 5449.26953125 MiB (Increase: 0.0 MiB)
Memory usage before reset: 5449.26953125 MiB (Increase: 0.0 MiB)
Memory usage after reset: 5449.26953125 MiB (Increase: 0.0 MiB)
Current lengths of episodes: [1600]
Memory usage at done (index 0, length 1600, since_prev 1600): 5449.26953125 MiB (Increase: 0.0 MiB)
Memory usage before reset: 5449.26953125 MiB (Increase: 0.0 MiB)
Memory usage after reset: 5449.26953125 MiB (Increase: 0.0 MiB)
Training episode 265
Memory usage at middle: 5449.26953125 MiB (Increase: 0.0 MiB)
Memory usage before collect: 5449.26953125 MiB (Increase: 0.0 MiB)
Memory usage after collect: 5449.26953125 MiB (Increase: 0.0 MiB)
Memory usage before initialization: 5449.26953125 MiB (Increase: 0.0 MiB)
Memory usage after initialization: 5449.26953125 MiB (Increase: 0.0 MiB)
Current lengths of episodes: [53]
Memory usage at done (index 0, length 53, since_prev 53): 5449.26953125 MiB (Increase: 0.0 MiB)
Memory usage before reset: 5449.26953125 MiB (Increase: 0.0 MiB)
Memory usage after reset: 5449.26953125 MiB (Increase: 0.0 MiB)
Current lengths of episodes: [89]
Memory usage at done (index 0, length 89, since_prev 89): 5449.26953125 MiB (Increase: 0.0 MiB)
Memory usage before reset: 5449.26953125 MiB (Increase: 0.0 MiB)
Memory usage after reset: 5449.26953125 MiB (Increase: 0.0 MiB)
Current lengths of episodes: [1600]
Memory usage at done (index 0, length 1600, since_prev 1600): 5449.26953125 MiB (Increase: 0.0 MiB)
Memory usage before reset: 5449.26953125 MiB (Increase: 0.0 MiB)
Memory usage after reset: 5449.26953125 MiB (Increase: 0.0 MiB)
Current lengths of episodes: [1600]
Memory usage at done (index 0, length 1600, since_prev 1600): 5449.26953125 MiB (Increase: 0.0 MiB)
Memory usage before reset: 5449.26953125 MiB (Increase: 0.0 MiB)
Memory usage after reset: 5449.26953125 MiB (Increase: 0.0 MiB)
Current lengths of episodes: [66]
Memory usage at done (index 0, length 66, since_prev 66): 5449.26953125 MiB (Increase: 0.0 MiB)
Memory usage before reset: 5449.26953125 MiB (Increase: 0.0 MiB)
Memory usage after reset: 5449.26953125 MiB (Increase: 0.0 MiB)
Training episode 270
Memory usage at middle: 5449.26953125 MiB (Increase: 0.0 MiB)
Memory usage before collect: 5449.26953125 MiB (Increase: 0.0 MiB)
Memory usage after collect: 5449.26953125 MiB (Increase: 0.0 MiB)
Memory usage before initialization: 5449.26953125 MiB (Increase: 0.0 MiB)
Memory usage after initialization: 5449.26953125 MiB (Increase: 0.0 MiB)
Current lengths of episodes: [1600]
Memory usage at done (index 0, length 1600, since_prev 1600): 5449.26953125 MiB (Increase: 0.0 MiB)
Memory usage before reset: 5449.26953125 MiB (Increase: 0.0 MiB)
Memory usage after reset: 5449.26953125 MiB (Increase: 0.0 MiB)
Current lengths of episodes: [73]
Memory usage at done (index 0, length 73, since_prev 73): 5449.26953125 MiB (Increase: 0.0 MiB)
Memory usage before reset: 5449.26953125 MiB (Increase: 0.0 MiB)
Memory usage after reset: 5449.26953125 MiB (Increase: 0.0 MiB)
Current lengths of episodes: [82]
Memory usage at done (index 0, length 82, since_prev 82): 5449.26953125 MiB (Increase: 0.0 MiB)
Memory usage before reset: 5449.26953125 MiB (Increase: 0.0 MiB)
Memory usage after reset: 5449.26953125 MiB (Increase: 0.0 MiB)
Current lengths of episodes: [784]
Memory usage at done (index 0, length 784, since_prev 784): 5449.26953125 MiB (Increase: 0.0 MiB)
Memory usage before reset: 5449.26953125 MiB (Increase: 0.0 MiB)
Memory usage after reset: 5449.26953125 MiB (Increase: 0.0 MiB)
Current lengths of episodes: [1600]
Memory usage at done (index 0, length 1600, since_prev 1600): 5449.26953125 MiB (Increase: 0.0 MiB)
Memory usage before reset: 5449.26953125 MiB (Increase: 0.0 MiB)
Memory usage after reset: 5449.26953125 MiB (Increase: 0.0 MiB)
Training episode 275
Memory usage at middle: 5449.26953125 MiB (Increase: 0.0 MiB)
Memory usage before collect: 5449.26953125 MiB (Increase: 0.0 MiB)
Memory usage after collect: 5449.26953125 MiB (Increase: 0.0 MiB)
Memory usage before initialization: 5449.26953125 MiB (Increase: 0.0 MiB)
Memory usage after initialization: 5449.26953125 MiB (Increase: 0.0 MiB)
Current lengths of episodes: [54]
Memory usage at done (index 0, length 54, since_prev 54): 5449.26953125 MiB (Increase: 0.0 MiB)
Memory usage before reset: 5449.26953125 MiB (Increase: 0.0 MiB)
Memory usage after reset: 5449.26953125 MiB (Increase: 0.0 MiB)
Current lengths of episodes: [1600]
Memory usage at done (index 0, length 1600, since_prev 1600): 5449.26953125 MiB (Increase: 0.0 MiB)
Memory usage before reset: 5449.26953125 MiB (Increase: 0.0 MiB)
Memory usage after reset: 5449.26953125 MiB (Increase: 0.0 MiB)
Current lengths of episodes: [1600]
Memory usage at done (index 0, length 1600, since_prev 1600): 5449.26953125 MiB (Increase: 0.0 MiB)
Memory usage before reset: 5449.26953125 MiB (Increase: 0.0 MiB)
Memory usage after reset: 5449.26953125 MiB (Increase: 0.0 MiB)
Current lengths of episodes: [1600]
Memory usage at done (index 0, length 1600, since_prev 1600): 5449.26953125 MiB (Increase: 0.0 MiB)
Memory usage before reset: 5449.26953125 MiB (Increase: 0.0 MiB)
Memory usage after reset: 5449.26953125 MiB (Increase: 0.0 MiB)
Current lengths of episodes: [1600]
Memory usage at done (index 0, length 1600, since_prev 1600): 5449.26953125 MiB (Increase: 0.0 MiB)
Memory usage before reset: 5449.26953125 MiB (Increase: 0.0 MiB)
Memory usage after reset: 5449.26953125 MiB (Increase: 0.0 MiB)
Training episode 280
Memory usage at middle: 5449.26953125 MiB (Increase: 0.0 MiB)
Memory usage before collect: 5449.26953125 MiB (Increase: 0.0 MiB)
Memory usage after collect: 5449.26953125 MiB (Increase: 0.0 MiB)
Memory usage before initialization: 5449.26953125 MiB (Increase: 0.0 MiB)
Memory usage after initialization: 5449.26953125 MiB (Increase: 0.0 MiB)
Current lengths of episodes: [81]
Memory usage at done (index 0, length 81, since_prev 81): 5449.26953125 MiB (Increase: 0.0 MiB)
Memory usage before reset: 5449.26953125 MiB (Increase: 0.0 MiB)
Memory usage after reset: 5449.26953125 MiB (Increase: 0.0 MiB)
Current lengths of episodes: [1331]
Memory usage at done (index 0, length 1331, since_prev 1331): 5449.26953125 MiB (Increase: 0.0 MiB)
Memory usage before reset: 5449.26953125 MiB (Increase: 0.0 MiB)
Memory usage after reset: 5449.26953125 MiB (Increase: 0.0 MiB)
Current lengths of episodes: [70]
Memory usage at done (index 0, length 70, since_prev 70): 5449.26953125 MiB (Increase: 0.0 MiB)
Memory usage before reset: 5449.26953125 MiB (Increase: 0.0 MiB)
Memory usage after reset: 5449.26953125 MiB (Increase: 0.0 MiB)
Current lengths of episodes: [43]
Memory usage at done (index 0, length 43, since_prev 43): 5449.26953125 MiB (Increase: 0.0 MiB)
Memory usage before reset: 5449.26953125 MiB (Increase: 0.0 MiB)
Memory usage after reset: 5449.26953125 MiB (Increase: 0.0 MiB)
Current lengths of episodes: [83]
Memory usage at done (index 0, length 83, since_prev 83): 5449.26953125 MiB (Increase: 0.0 MiB)
Memory usage before reset: 5449.26953125 MiB (Increase: 0.0 MiB)
Memory usage after reset: 5449.26953125 MiB (Increase: 0.0 MiB)
Training episode 285
Memory usage at middle: 5449.26953125 MiB (Increase: 0.0 MiB)
Memory usage before collect: 5449.26953125 MiB (Increase: 0.0 MiB)
Memory usage after collect: 5449.26953125 MiB (Increase: 0.0 MiB)
Memory usage before initialization: 5449.26953125 MiB (Increase: 0.0 MiB)
Memory usage after initialization: 5449.26953125 MiB (Increase: 0.0 MiB)
Current lengths of episodes: [172]
Memory usage at done (index 0, length 172, since_prev 172): 5449.26953125 MiB (Increase: 0.0 MiB)
Memory usage before reset: 5449.26953125 MiB (Increase: 0.0 MiB)
Memory usage after reset: 5449.26953125 MiB (Increase: 0.0 MiB)
Current lengths of episodes: [1522]
Memory usage at done (index 0, length 1522, since_prev 1522): 5449.26953125 MiB (Increase: 0.0 MiB)
Memory usage before reset: 5449.26953125 MiB (Increase: 0.0 MiB)
Memory usage after reset: 5449.26953125 MiB (Increase: 0.0 MiB)
Current lengths of episodes: [1600]
Memory usage at done (index 0, length 1600, since_prev 1600): 5449.26953125 MiB (Increase: 0.0 MiB)
Memory usage before reset: 5449.26953125 MiB (Increase: 0.0 MiB)
Memory usage after reset: 5449.26953125 MiB (Increase: 0.0 MiB)
Current lengths of episodes: [1600]
Memory usage at done (index 0, length 1600, since_prev 1600): 5449.26953125 MiB (Increase: 0.0 MiB)
Memory usage before reset: 5449.26953125 MiB (Increase: 0.0 MiB)
Memory usage after reset: 5449.26953125 MiB (Increase: 0.0 MiB)
Current lengths of episodes: [1600]
Memory usage at done (index 0, length 1600, since_prev 1600): 5449.26953125 MiB (Increase: 0.0 MiB)
Memory usage before reset: 5449.26953125 MiB (Increase: 0.0 MiB)
Memory usage after reset: 5449.26953125 MiB (Increase: 0.0 MiB)
Training episode 290
Memory usage at middle: 5449.26953125 MiB (Increase: 0.0 MiB)
Memory usage before collect: 5449.26953125 MiB (Increase: 0.0 MiB)
Memory usage after collect: 5449.26953125 MiB (Increase: 0.0 MiB)
Memory usage before initialization: 5449.26953125 MiB (Increase: 0.0 MiB)
Memory usage after initialization: 5449.26953125 MiB (Increase: 0.0 MiB)
Current lengths of episodes: [1600]
Memory usage at done (index 0, length 1600, since_prev 1600): 5449.26953125 MiB (Increase: 0.0 MiB)
Memory usage before reset: 5449.26953125 MiB (Increase: 0.0 MiB)
Memory usage after reset: 5449.26953125 MiB (Increase: 0.0 MiB)
Current lengths of episodes: [63]
Memory usage at done (index 0, length 63, since_prev 63): 5449.26953125 MiB (Increase: 0.0 MiB)
Memory usage before reset: 5449.26953125 MiB (Increase: 0.0 MiB)
Memory usage after reset: 5449.26953125 MiB (Increase: 0.0 MiB)
Current lengths of episodes: [58]
Memory usage at done (index 0, length 58, since_prev 58): 5449.26953125 MiB (Increase: 0.0 MiB)
Memory usage before reset: 5449.26953125 MiB (Increase: 0.0 MiB)
Memory usage after reset: 5449.26953125 MiB (Increase: 0.0 MiB)
Current lengths of episodes: [69]
Memory usage at done (index 0, length 69, since_prev 69): 5449.26953125 MiB (Increase: 0.0 MiB)
Memory usage before reset: 5449.26953125 MiB (Increase: 0.0 MiB)
Memory usage after reset: 5449.26953125 MiB (Increase: 0.0 MiB)
Current lengths of episodes: [79]
Memory usage at done (index 0, length 79, since_prev 79): 5449.26953125 MiB (Increase: 0.0 MiB)
Memory usage before reset: 5449.26953125 MiB (Increase: 0.0 MiB)
Memory usage after reset: 5449.26953125 MiB (Increase: 0.0 MiB)
Training episode 295
Memory usage at middle: 5449.26953125 MiB (Increase: 0.0 MiB)
Memory usage before collect: 5449.26953125 MiB (Increase: 0.0 MiB)
Memory usage after collect: 5449.26953125 MiB (Increase: 0.0 MiB)
Memory usage before initialization: 5449.26953125 MiB (Increase: 0.0 MiB)
Memory usage after initialization: 5449.26953125 MiB (Increase: 0.0 MiB)
Current lengths of episodes: [1600]
Memory usage at done (index 0, length 1600, since_prev 1600): 5449.26953125 MiB (Increase: 0.0 MiB)
Memory usage before reset: 5449.26953125 MiB (Increase: 0.0 MiB)
Memory usage after reset: 5449.26953125 MiB (Increase: 0.0 MiB)
Current lengths of episodes: [56]
Memory usage at done (index 0, length 56, since_prev 56): 5449.26953125 MiB (Increase: 0.0 MiB)
Memory usage before reset: 5449.26953125 MiB (Increase: 0.0 MiB)
Memory usage after reset: 5449.26953125 MiB (Increase: 0.0 MiB)
Current lengths of episodes: [88]
Memory usage at done (index 0, length 88, since_prev 88): 5449.26953125 MiB (Increase: 0.0 MiB)
Memory usage before reset: 5449.26953125 MiB (Increase: 0.0 MiB)
Memory usage after reset: 5449.26953125 MiB (Increase: 0.0 MiB)
Current lengths of episodes: [59]
Memory usage at done (index 0, length 59, since_prev 59): 5449.26953125 MiB (Increase: 0.0 MiB)
Memory usage before reset: 5449.26953125 MiB (Increase: 0.0 MiB)
Memory usage after reset: 5449.26953125 MiB (Increase: 0.0 MiB)
Current lengths of episodes: [1600]
Memory usage at done (index 0, length 1600, since_prev 1600): 5449.26953125 MiB (Increase: 0.0 MiB)
Memory usage before reset: 5449.26953125 MiB (Increase: 0.0 MiB)
Memory usage after reset: 5449.26953125 MiB (Increase: 0.0 MiB)
Training episode 300
Memory usage at middle: 5449.26953125 MiB (Increase: 0.0 MiB)
Memory usage before collect: 5449.26953125 MiB (Increase: 0.0 MiB)
Memory usage after collect: 5449.26953125 MiB (Increase: 0.0 MiB)
Episode 300	Average evaluation: -97.6627533394194
Memory usage before initialization: 5449.26953125 MiB (Increase: 0.0 MiB)
Memory usage after initialization: 5449.26953125 MiB (Increase: 0.0 MiB)
Current lengths of episodes: [1600]
Memory usage at done (index 0, length 1600, since_prev 1600): 5449.26953125 MiB (Increase: 0.0 MiB)
Memory usage before reset: 5449.26953125 MiB (Increase: 0.0 MiB)
Memory usage after reset: 5449.26953125 MiB (Increase: 0.0 MiB)
Current lengths of episodes: [297]
Memory usage at done (index 0, length 297, since_prev 297): 5449.26953125 MiB (Increase: 0.0 MiB)
Memory usage before reset: 5449.26953125 MiB (Increase: 0.0 MiB)
Memory usage after reset: 5449.26953125 MiB (Increase: 0.0 MiB)
Current lengths of episodes: [1600]
Memory usage at done (index 0, length 1600, since_prev 1600): 5449.26953125 MiB (Increase: 0.0 MiB)
Memory usage before reset: 5449.26953125 MiB (Increase: 0.0 MiB)
Memory usage after reset: 5449.26953125 MiB (Increase: 0.0 MiB)
Current lengths of episodes: [69]
Memory usage at done (index 0, length 69, since_prev 69): 5449.26953125 MiB (Increase: 0.0 MiB)
Memory usage before reset: 5449.26953125 MiB (Increase: 0.0 MiB)
Memory usage after reset: 5449.26953125 MiB (Increase: 0.0 MiB)
Current lengths of episodes: [1600]
Memory usage at done (index 0, length 1600, since_prev 1600): 5449.26953125 MiB (Increase: 0.0 MiB)
Memory usage before reset: 5449.26953125 MiB (Increase: 0.0 MiB)
Memory usage after reset: 5449.26953125 MiB (Increase: 0.0 MiB)
Training episode 305
Memory usage at middle: 5449.26953125 MiB (Increase: 0.0 MiB)
Memory usage before collect: 5449.26953125 MiB (Increase: 0.0 MiB)
Memory usage after collect: 5449.26953125 MiB (Increase: 0.0 MiB)
Memory usage before initialization: 5449.26953125 MiB (Increase: 0.0 MiB)
Memory usage after initialization: 5449.26953125 MiB (Increase: 0.0 MiB)
Current lengths of episodes: [1600]
Memory usage at done (index 0, length 1600, since_prev 1600): 5449.26953125 MiB (Increase: 0.0 MiB)
Memory usage before reset: 5449.26953125 MiB (Increase: 0.0 MiB)
Memory usage after reset: 5449.26953125 MiB (Increase: 0.0 MiB)
Current lengths of episodes: [1600]
Memory usage at done (index 0, length 1600, since_prev 1600): 5449.26953125 MiB (Increase: 0.0 MiB)
Memory usage before reset: 5449.26953125 MiB (Increase: 0.0 MiB)
Memory usage after reset: 5449.26953125 MiB (Increase: 0.0 MiB)
Current lengths of episodes: [1600]
Memory usage at done (index 0, length 1600, since_prev 1600): 5449.26953125 MiB (Increase: 0.0 MiB)
Memory usage before reset: 5449.26953125 MiB (Increase: 0.0 MiB)
Memory usage after reset: 5449.26953125 MiB (Increase: 0.0 MiB)
Current lengths of episodes: [77]
Memory usage at done (index 0, length 77, since_prev 77): 5449.26953125 MiB (Increase: 0.0 MiB)
Memory usage before reset: 5449.26953125 MiB (Increase: 0.0 MiB)
Memory usage after reset: 5449.26953125 MiB (Increase: 0.0 MiB)
Current lengths of episodes: [63]
Memory usage at done (index 0, length 63, since_prev 63): 5449.26953125 MiB (Increase: 0.0 MiB)
Memory usage before reset: 5449.26953125 MiB (Increase: 0.0 MiB)
Memory usage after reset: 5449.26953125 MiB (Increase: 0.0 MiB)
Training episode 310
Memory usage at middle: 5449.26953125 MiB (Increase: 0.0 MiB)
Memory usage before collect: 5449.26953125 MiB (Increase: 0.0 MiB)
Memory usage after collect: 5449.26953125 MiB (Increase: 0.0 MiB)
Memory usage before initialization: 5449.26953125 MiB (Increase: 0.0 MiB)
Memory usage after initialization: 5449.26953125 MiB (Increase: 0.0 MiB)
Current lengths of episodes: [106]
Memory usage at done (index 0, length 106, since_prev 106): 5449.26953125 MiB (Increase: 0.0 MiB)
Memory usage before reset: 5449.26953125 MiB (Increase: 0.0 MiB)
Memory usage after reset: 5449.26953125 MiB (Increase: 0.0 MiB)
Current lengths of episodes: [69]
Memory usage at done (index 0, length 69, since_prev 69): 5449.26953125 MiB (Increase: 0.0 MiB)
Memory usage before reset: 5449.26953125 MiB (Increase: 0.0 MiB)
Memory usage after reset: 5449.26953125 MiB (Increase: 0.0 MiB)
Current lengths of episodes: [66]
Memory usage at done (index 0, length 66, since_prev 66): 5449.26953125 MiB (Increase: 0.0 MiB)
Memory usage before reset: 5449.26953125 MiB (Increase: 0.0 MiB)
Memory usage after reset: 5449.26953125 MiB (Increase: 0.0 MiB)
Current lengths of episodes: [1600]
Memory usage at done (index 0, length 1600, since_prev 1600): 5449.26953125 MiB (Increase: 0.0 MiB)
Memory usage before reset: 5449.26953125 MiB (Increase: 0.0 MiB)
Memory usage after reset: 5449.26953125 MiB (Increase: 0.0 MiB)
Current lengths of episodes: [1600]
Memory usage at done (index 0, length 1600, since_prev 1600): 5449.26953125 MiB (Increase: 0.0 MiB)
Memory usage before reset: 5449.26953125 MiB (Increase: 0.0 MiB)
Memory usage after reset: 5449.26953125 MiB (Increase: 0.0 MiB)
Training episode 315
Memory usage at middle: 5449.26953125 MiB (Increase: 0.0 MiB)
Memory usage before collect: 5449.26953125 MiB (Increase: 0.0 MiB)
Memory usage after collect: 5449.26953125 MiB (Increase: 0.0 MiB)
Memory usage before initialization: 5449.26953125 MiB (Increase: 0.0 MiB)
Memory usage after initialization: 5449.26953125 MiB (Increase: 0.0 MiB)
Current lengths of episodes: [51]
Memory usage at done (index 0, length 51, since_prev 51): 5449.26953125 MiB (Increase: 0.0 MiB)
Memory usage before reset: 5449.26953125 MiB (Increase: 0.0 MiB)
Memory usage after reset: 5449.26953125 MiB (Increase: 0.0 MiB)
Current lengths of episodes: [316]
Memory usage at done (index 0, length 316, since_prev 316): 5449.26953125 MiB (Increase: 0.0 MiB)
Memory usage before reset: 5449.26953125 MiB (Increase: 0.0 MiB)
Memory usage after reset: 5449.26953125 MiB (Increase: 0.0 MiB)
Current lengths of episodes: [1600]
Memory usage at done (index 0, length 1600, since_prev 1600): 5449.26953125 MiB (Increase: 0.0 MiB)
Memory usage before reset: 5449.26953125 MiB (Increase: 0.0 MiB)
Memory usage after reset: 5449.26953125 MiB (Increase: 0.0 MiB)
Current lengths of episodes: [74]
Memory usage at done (index 0, length 74, since_prev 74): 5449.26953125 MiB (Increase: 0.0 MiB)
Memory usage before reset: 5449.26953125 MiB (Increase: 0.0 MiB)
Memory usage after reset: 5449.26953125 MiB (Increase: 0.0 MiB)
Current lengths of episodes: [79]
Memory usage at done (index 0, length 79, since_prev 79): 5449.26953125 MiB (Increase: 0.0 MiB)
Memory usage before reset: 5449.26953125 MiB (Increase: 0.0 MiB)
Memory usage after reset: 5449.26953125 MiB (Increase: 0.0 MiB)
Training episode 320
Memory usage at middle: 5449.26953125 MiB (Increase: 0.0 MiB)
Memory usage before collect: 5449.26953125 MiB (Increase: 0.0 MiB)
Memory usage after collect: 5449.26953125 MiB (Increase: 0.0 MiB)
Memory usage before initialization: 5449.26953125 MiB (Increase: 0.0 MiB)
Memory usage after initialization: 5449.26953125 MiB (Increase: 0.0 MiB)
Current lengths of episodes: [66]
Memory usage at done (index 0, length 66, since_prev 66): 5449.26953125 MiB (Increase: 0.0 MiB)
Memory usage before reset: 5449.26953125 MiB (Increase: 0.0 MiB)
Memory usage after reset: 5449.26953125 MiB (Increase: 0.0 MiB)
Current lengths of episodes: [63]
Memory usage at done (index 0, length 63, since_prev 63): 5449.26953125 MiB (Increase: 0.0 MiB)
Memory usage before reset: 5449.26953125 MiB (Increase: 0.0 MiB)
Memory usage after reset: 5449.26953125 MiB (Increase: 0.0 MiB)
Current lengths of episodes: [1600]
Memory usage at done (index 0, length 1600, since_prev 1600): 5449.26953125 MiB (Increase: 0.0 MiB)
Memory usage before reset: 5449.26953125 MiB (Increase: 0.0 MiB)
Memory usage after reset: 5449.26953125 MiB (Increase: 0.0 MiB)
Current lengths of episodes: [1600]
Memory usage at done (index 0, length 1600, since_prev 1600): 5449.26953125 MiB (Increase: 0.0 MiB)
Memory usage before reset: 5449.26953125 MiB (Increase: 0.0 MiB)
Memory usage after reset: 5449.26953125 MiB (Increase: 0.0 MiB)
Current lengths of episodes: [1332]
Memory usage at done (index 0, length 1332, since_prev 1332): 5449.26953125 MiB (Increase: 0.0 MiB)
Memory usage before reset: 5449.26953125 MiB (Increase: 0.0 MiB)
Memory usage after reset: 5449.26953125 MiB (Increase: 0.0 MiB)
Training episode 325
Memory usage at middle: 5449.26953125 MiB (Increase: 0.0 MiB)
Memory usage before collect: 5449.26953125 MiB (Increase: 0.0 MiB)
Memory usage after collect: 5449.26953125 MiB (Increase: 0.0 MiB)
Memory usage before initialization: 5449.26953125 MiB (Increase: 0.0 MiB)
Memory usage after initialization: 5449.26953125 MiB (Increase: 0.0 MiB)
Current lengths of episodes: [78]
Memory usage at done (index 0, length 78, since_prev 78): 5449.26953125 MiB (Increase: 0.0 MiB)
Memory usage before reset: 5449.26953125 MiB (Increase: 0.0 MiB)
Memory usage after reset: 5449.26953125 MiB (Increase: 0.0 MiB)
Current lengths of episodes: [1296]
Memory usage at done (index 0, length 1296, since_prev 1296): 5449.26953125 MiB (Increase: 0.0 MiB)
Memory usage before reset: 5449.26953125 MiB (Increase: 0.0 MiB)
Memory usage after reset: 5449.26953125 MiB (Increase: 0.0 MiB)
Current lengths of episodes: [65]
Memory usage at done (index 0, length 65, since_prev 65): 5449.26953125 MiB (Increase: 0.0 MiB)
Memory usage before reset: 5449.26953125 MiB (Increase: 0.0 MiB)
Memory usage after reset: 5449.26953125 MiB (Increase: 0.0 MiB)
Current lengths of episodes: [115]
Memory usage at done (index 0, length 115, since_prev 115): 5449.26953125 MiB (Increase: 0.0 MiB)
Memory usage before reset: 5449.26953125 MiB (Increase: 0.0 MiB)
Memory usage after reset: 5449.26953125 MiB (Increase: 0.0 MiB)
Current lengths of episodes: [1600]
Memory usage at done (index 0, length 1600, since_prev 1600): 5449.26953125 MiB (Increase: 0.0 MiB)
Memory usage before reset: 5449.26953125 MiB (Increase: 0.0 MiB)
Memory usage after reset: 5449.26953125 MiB (Increase: 0.0 MiB)
Training episode 330
Memory usage at middle: 5449.26953125 MiB (Increase: 0.0 MiB)
Memory usage before collect: 5449.26953125 MiB (Increase: 0.0 MiB)
Memory usage after collect: 5449.26953125 MiB (Increase: 0.0 MiB)
Memory usage before initialization: 5449.26953125 MiB (Increase: 0.0 MiB)
Memory usage after initialization: 5449.26953125 MiB (Increase: 0.0 MiB)
Current lengths of episodes: [60]
Memory usage at done (index 0, length 60, since_prev 60): 5449.26953125 MiB (Increase: 0.0 MiB)
Memory usage before reset: 5449.26953125 MiB (Increase: 0.0 MiB)
Memory usage after reset: 5449.26953125 MiB (Increase: 0.0 MiB)
Current lengths of episodes: [67]
Memory usage at done (index 0, length 67, since_prev 67): 5449.26953125 MiB (Increase: 0.0 MiB)
Memory usage before reset: 5449.26953125 MiB (Increase: 0.0 MiB)
Memory usage after reset: 5449.26953125 MiB (Increase: 0.0 MiB)
Current lengths of episodes: [79]
Memory usage at done (index 0, length 79, since_prev 79): 5449.26953125 MiB (Increase: 0.0 MiB)
Memory usage before reset: 5449.26953125 MiB (Increase: 0.0 MiB)
Memory usage after reset: 5449.26953125 MiB (Increase: 0.0 MiB)
Current lengths of episodes: [85]
Memory usage at done (index 0, length 85, since_prev 85): 5449.26953125 MiB (Increase: 0.0 MiB)
Memory usage before reset: 5449.26953125 MiB (Increase: 0.0 MiB)
Memory usage after reset: 5449.26953125 MiB (Increase: 0.0 MiB)
Current lengths of episodes: [1600]
Memory usage at done (index 0, length 1600, since_prev 1600): 5449.26953125 MiB (Increase: 0.0 MiB)
Memory usage before reset: 5449.26953125 MiB (Increase: 0.0 MiB)
Memory usage after reset: 5449.26953125 MiB (Increase: 0.0 MiB)
Training episode 335
Memory usage at middle: 5449.26953125 MiB (Increase: 0.0 MiB)
Memory usage before collect: 5449.26953125 MiB (Increase: 0.0 MiB)
Memory usage after collect: 5449.26953125 MiB (Increase: 0.0 MiB)
Memory usage before initialization: 5449.26953125 MiB (Increase: 0.0 MiB)
Memory usage after initialization: 5449.26953125 MiB (Increase: 0.0 MiB)
Current lengths of episodes: [911]
Memory usage at done (index 0, length 911, since_prev 911): 5449.26953125 MiB (Increase: 0.0 MiB)
Memory usage before reset: 5449.26953125 MiB (Increase: 0.0 MiB)
Memory usage after reset: 5449.26953125 MiB (Increase: 0.0 MiB)
Current lengths of episodes: [1600]
Memory usage at done (index 0, length 1600, since_prev 1600): 5449.26953125 MiB (Increase: 0.0 MiB)
Memory usage before reset: 5449.26953125 MiB (Increase: 0.0 MiB)
Memory usage after reset: 5449.26953125 MiB (Increase: 0.0 MiB)
Current lengths of episodes: [1600]
Memory usage at done (index 0, length 1600, since_prev 1600): 5449.26953125 MiB (Increase: 0.0 MiB)
Memory usage before reset: 5449.26953125 MiB (Increase: 0.0 MiB)
Memory usage after reset: 5449.26953125 MiB (Increase: 0.0 MiB)
Current lengths of episodes: [87]
Memory usage at done (index 0, length 87, since_prev 87): 5449.26953125 MiB (Increase: 0.0 MiB)
Memory usage before reset: 5449.26953125 MiB (Increase: 0.0 MiB)
Memory usage after reset: 5449.26953125 MiB (Increase: 0.0 MiB)
Current lengths of episodes: [45]
Memory usage at done (index 0, length 45, since_prev 45): 5449.26953125 MiB (Increase: 0.0 MiB)
Memory usage before reset: 5449.26953125 MiB (Increase: 0.0 MiB)
Memory usage after reset: 5449.26953125 MiB (Increase: 0.0 MiB)
Training episode 340
Memory usage at middle: 5449.26953125 MiB (Increase: 0.0 MiB)
Memory usage before collect: 5449.26953125 MiB (Increase: 0.0 MiB)
Memory usage after collect: 5449.26953125 MiB (Increase: 0.0 MiB)
Memory usage before initialization: 5449.26953125 MiB (Increase: 0.0 MiB)
Memory usage after initialization: 5449.26953125 MiB (Increase: 0.0 MiB)
Current lengths of episodes: [74]
Memory usage at done (index 0, length 74, since_prev 74): 5449.26953125 MiB (Increase: 0.0 MiB)
Memory usage before reset: 5449.26953125 MiB (Increase: 0.0 MiB)
Memory usage after reset: 5449.26953125 MiB (Increase: 0.0 MiB)
Current lengths of episodes: [1600]
Memory usage at done (index 0, length 1600, since_prev 1600): 5449.26953125 MiB (Increase: 0.0 MiB)
Memory usage before reset: 5449.26953125 MiB (Increase: 0.0 MiB)
Memory usage after reset: 5449.26953125 MiB (Increase: 0.0 MiB)
Current lengths of episodes: [1600]
Memory usage at done (index 0, length 1600, since_prev 1600): 5449.26953125 MiB (Increase: 0.0 MiB)
Memory usage before reset: 5449.26953125 MiB (Increase: 0.0 MiB)
Memory usage after reset: 5449.26953125 MiB (Increase: 0.0 MiB)
Current lengths of episodes: [1600]
Memory usage at done (index 0, length 1600, since_prev 1600): 5449.26953125 MiB (Increase: 0.0 MiB)
Memory usage before reset: 5449.26953125 MiB (Increase: 0.0 MiB)
Memory usage after reset: 5449.26953125 MiB (Increase: 0.0 MiB)
Current lengths of episodes: [1600]
Memory usage at done (index 0, length 1600, since_prev 1600): 5449.26953125 MiB (Increase: 0.0 MiB)
Memory usage before reset: 5449.26953125 MiB (Increase: 0.0 MiB)
Memory usage after reset: 5449.26953125 MiB (Increase: 0.0 MiB)
Training episode 345
Memory usage at middle: 5449.26953125 MiB (Increase: 0.0 MiB)
Memory usage before collect: 5449.26953125 MiB (Increase: 0.0 MiB)
Memory usage after collect: 5449.26953125 MiB (Increase: 0.0 MiB)
Memory usage before initialization: 5449.26953125 MiB (Increase: 0.0 MiB)
Memory usage after initialization: 5449.26953125 MiB (Increase: 0.0 MiB)
Current lengths of episodes: [1600]
Memory usage at done (index 0, length 1600, since_prev 1600): 5449.26953125 MiB (Increase: 0.0 MiB)
Memory usage before reset: 5449.26953125 MiB (Increase: 0.0 MiB)
Memory usage after reset: 5449.26953125 MiB (Increase: 0.0 MiB)
Current lengths of episodes: [73]
Memory usage at done (index 0, length 73, since_prev 73): 5449.26953125 MiB (Increase: 0.0 MiB)
Memory usage before reset: 5449.26953125 MiB (Increase: 0.0 MiB)
Memory usage after reset: 5449.26953125 MiB (Increase: 0.0 MiB)
Current lengths of episodes: [61]
Memory usage at done (index 0, length 61, since_prev 61): 5449.26953125 MiB (Increase: 0.0 MiB)
Memory usage before reset: 5449.26953125 MiB (Increase: 0.0 MiB)
Memory usage after reset: 5449.26953125 MiB (Increase: 0.0 MiB)
Current lengths of episodes: [91]
Memory usage at done (index 0, length 91, since_prev 91): 5449.26953125 MiB (Increase: 0.0 MiB)
Memory usage before reset: 5449.26953125 MiB (Increase: 0.0 MiB)
Memory usage after reset: 5449.26953125 MiB (Increase: 0.0 MiB)
Current lengths of episodes: [95]
Memory usage at done (index 0, length 95, since_prev 95): 5449.26953125 MiB (Increase: 0.0 MiB)
Memory usage before reset: 5449.26953125 MiB (Increase: 0.0 MiB)
Memory usage after reset: 5449.26953125 MiB (Increase: 0.0 MiB)
Training episode 350
Memory usage at middle: 5449.26953125 MiB (Increase: 0.0 MiB)
Memory usage before collect: 5449.26953125 MiB (Increase: 0.0 MiB)
Memory usage after collect: 5449.26953125 MiB (Increase: 0.0 MiB)
Episode 350	Average evaluation: -98.09279847825728
Memory usage before initialization: 5449.26953125 MiB (Increase: 0.0 MiB)
Memory usage after initialization: 5449.26953125 MiB (Increase: 0.0 MiB)
Current lengths of episodes: [1600]
Memory usage at done (index 0, length 1600, since_prev 1600): 5449.26953125 MiB (Increase: 0.0 MiB)
Memory usage before reset: 5449.26953125 MiB (Increase: 0.0 MiB)
Memory usage after reset: 5449.26953125 MiB (Increase: 0.0 MiB)
Current lengths of episodes: [80]
Memory usage at done (index 0, length 80, since_prev 80): 5449.26953125 MiB (Increase: 0.0 MiB)
Memory usage before reset: 5449.26953125 MiB (Increase: 0.0 MiB)
Memory usage after reset: 5449.26953125 MiB (Increase: 0.0 MiB)
Current lengths of episodes: [86]
Memory usage at done (index 0, length 86, since_prev 86): 5449.26953125 MiB (Increase: 0.0 MiB)
Memory usage before reset: 5449.26953125 MiB (Increase: 0.0 MiB)
Memory usage after reset: 5449.26953125 MiB (Increase: 0.0 MiB)
Current lengths of episodes: [1600]
Memory usage at done (index 0, length 1600, since_prev 1600): 5449.26953125 MiB (Increase: 0.0 MiB)
Memory usage before reset: 5449.26953125 MiB (Increase: 0.0 MiB)
Memory usage after reset: 5449.26953125 MiB (Increase: 0.0 MiB)
Current lengths of episodes: [1600]
Memory usage at done (index 0, length 1600, since_prev 1600): 5449.26953125 MiB (Increase: 0.0 MiB)
Memory usage before reset: 5449.26953125 MiB (Increase: 0.0 MiB)
Memory usage after reset: 5449.26953125 MiB (Increase: 0.0 MiB)
Training episode 355
Memory usage at middle: 5449.26953125 MiB (Increase: 0.0 MiB)
Memory usage before collect: 5449.26953125 MiB (Increase: 0.0 MiB)
Memory usage after collect: 5449.26953125 MiB (Increase: 0.0 MiB)
Memory usage before initialization: 5449.26953125 MiB (Increase: 0.0 MiB)
Memory usage after initialization: 5449.26953125 MiB (Increase: 0.0 MiB)
Current lengths of episodes: [1600]
Memory usage at done (index 0, length 1600, since_prev 1600): 5449.26953125 MiB (Increase: 0.0 MiB)
Memory usage before reset: 5449.26953125 MiB (Increase: 0.0 MiB)
Memory usage after reset: 5449.26953125 MiB (Increase: 0.0 MiB)
Current lengths of episodes: [55]
Memory usage at done (index 0, length 55, since_prev 55): 5449.26953125 MiB (Increase: 0.0 MiB)
Memory usage before reset: 5449.26953125 MiB (Increase: 0.0 MiB)
Memory usage after reset: 5449.26953125 MiB (Increase: 0.0 MiB)
Current lengths of episodes: [1165]
Memory usage at done (index 0, length 1165, since_prev 1165): 5449.26953125 MiB (Increase: 0.0 MiB)
Memory usage before reset: 5449.26953125 MiB (Increase: 0.0 MiB)
Memory usage after reset: 5449.26953125 MiB (Increase: 0.0 MiB)
Current lengths of episodes: [83]
Memory usage at done (index 0, length 83, since_prev 83): 5449.26953125 MiB (Increase: 0.0 MiB)
Memory usage before reset: 5449.26953125 MiB (Increase: 0.0 MiB)
Memory usage after reset: 5449.26953125 MiB (Increase: 0.0 MiB)
Current lengths of episodes: [1600]
Memory usage at done (index 0, length 1600, since_prev 1600): 5449.26953125 MiB (Increase: 0.0 MiB)
Memory usage before reset: 5449.26953125 MiB (Increase: 0.0 MiB)
Memory usage after reset: 5449.26953125 MiB (Increase: 0.0 MiB)
Training episode 360
Memory usage at middle: 5449.26953125 MiB (Increase: 0.0 MiB)
Memory usage before collect: 5449.26953125 MiB (Increase: 0.0 MiB)
Memory usage after collect: 5449.26953125 MiB (Increase: 0.0 MiB)
Memory usage before initialization: 5449.26953125 MiB (Increase: 0.0 MiB)
Memory usage after initialization: 5449.26953125 MiB (Increase: 0.0 MiB)
Current lengths of episodes: [1600]
Memory usage at done (index 0, length 1600, since_prev 1600): 5449.26953125 MiB (Increase: 0.0 MiB)
Memory usage before reset: 5449.26953125 MiB (Increase: 0.0 MiB)
Memory usage after reset: 5449.26953125 MiB (Increase: 0.0 MiB)
Current lengths of episodes: [1600]
Memory usage at done (index 0, length 1600, since_prev 1600): 5449.26953125 MiB (Increase: 0.0 MiB)
Memory usage before reset: 5449.26953125 MiB (Increase: 0.0 MiB)
Memory usage after reset: 5449.26953125 MiB (Increase: 0.0 MiB)
Current lengths of episodes: [1600]
Memory usage at done (index 0, length 1600, since_prev 1600): 5449.26953125 MiB (Increase: 0.0 MiB)
Memory usage before reset: 5449.26953125 MiB (Increase: 0.0 MiB)
Memory usage after reset: 5449.26953125 MiB (Increase: 0.0 MiB)
Current lengths of episodes: [92]
Memory usage at done (index 0, length 92, since_prev 92): 5449.26953125 MiB (Increase: 0.0 MiB)
Memory usage before reset: 5449.26953125 MiB (Increase: 0.0 MiB)
Memory usage after reset: 5449.26953125 MiB (Increase: 0.0 MiB)
Current lengths of episodes: [1600]
Memory usage at done (index 0, length 1600, since_prev 1600): 5449.26953125 MiB (Increase: 0.0 MiB)
Memory usage before reset: 5449.26953125 MiB (Increase: 0.0 MiB)
Memory usage after reset: 5449.26953125 MiB (Increase: 0.0 MiB)
Training episode 365
Memory usage at middle: 5449.26953125 MiB (Increase: 0.0 MiB)
Memory usage before collect: 5449.26953125 MiB (Increase: 0.0 MiB)
Memory usage after collect: 5449.26953125 MiB (Increase: 0.0 MiB)
Memory usage before initialization: 5449.26953125 MiB (Increase: 0.0 MiB)
Memory usage after initialization: 5449.26953125 MiB (Increase: 0.0 MiB)
Current lengths of episodes: [1600]
Memory usage at done (index 0, length 1600, since_prev 1600): 5449.26953125 MiB (Increase: 0.0 MiB)
Memory usage before reset: 5449.26953125 MiB (Increase: 0.0 MiB)
Memory usage after reset: 5449.26953125 MiB (Increase: 0.0 MiB)
Current lengths of episodes: [97]
Memory usage at done (index 0, length 97, since_prev 97): 5449.26953125 MiB (Increase: 0.0 MiB)
Memory usage before reset: 5449.26953125 MiB (Increase: 0.0 MiB)
Memory usage after reset: 5449.26953125 MiB (Increase: 0.0 MiB)
Current lengths of episodes: [1600]
Memory usage at done (index 0, length 1600, since_prev 1600): 5449.26953125 MiB (Increase: 0.0 MiB)
Memory usage before reset: 5449.26953125 MiB (Increase: 0.0 MiB)
Memory usage after reset: 5449.26953125 MiB (Increase: 0.0 MiB)
Current lengths of episodes: [100]
Memory usage at done (index 0, length 100, since_prev 100): 5449.26953125 MiB (Increase: 0.0 MiB)
Memory usage before reset: 5449.26953125 MiB (Increase: 0.0 MiB)
Memory usage after reset: 5449.26953125 MiB (Increase: 0.0 MiB)
Current lengths of episodes: [70]
Memory usage at done (index 0, length 70, since_prev 70): 5449.26953125 MiB (Increase: 0.0 MiB)
Memory usage before reset: 5449.26953125 MiB (Increase: 0.0 MiB)
Memory usage after reset: 5449.26953125 MiB (Increase: 0.0 MiB)
Training episode 370
Memory usage at middle: 5449.26953125 MiB (Increase: 0.0 MiB)
Memory usage before collect: 5449.26953125 MiB (Increase: 0.0 MiB)
Memory usage after collect: 5449.26953125 MiB (Increase: 0.0 MiB)
Memory usage before initialization: 5449.26953125 MiB (Increase: 0.0 MiB)
Memory usage after initialization: 5449.26953125 MiB (Increase: 0.0 MiB)
Current lengths of episodes: [1600]
Memory usage at done (index 0, length 1600, since_prev 1600): 5449.26953125 MiB (Increase: 0.0 MiB)
Memory usage before reset: 5449.26953125 MiB (Increase: 0.0 MiB)
Memory usage after reset: 5449.26953125 MiB (Increase: 0.0 MiB)
Current lengths of episodes: [1600]
Memory usage at done (index 0, length 1600, since_prev 1600): 5449.26953125 MiB (Increase: 0.0 MiB)
Memory usage before reset: 5449.26953125 MiB (Increase: 0.0 MiB)
Memory usage after reset: 5449.26953125 MiB (Increase: 0.0 MiB)
Current lengths of episodes: [47]
Memory usage at done (index 0, length 47, since_prev 47): 5449.26953125 MiB (Increase: 0.0 MiB)
Memory usage before reset: 5449.26953125 MiB (Increase: 0.0 MiB)
Memory usage after reset: 5449.26953125 MiB (Increase: 0.0 MiB)
Current lengths of episodes: [1600]
Memory usage at done (index 0, length 1600, since_prev 1600): 5449.26953125 MiB (Increase: 0.0 MiB)
Memory usage before reset: 5449.26953125 MiB (Increase: 0.0 MiB)
Memory usage after reset: 5449.26953125 MiB (Increase: 0.0 MiB)
Current lengths of episodes: [1441]
Memory usage at done (index 0, length 1441, since_prev 1441): 5449.26953125 MiB (Increase: 0.0 MiB)
Memory usage before reset: 5449.26953125 MiB (Increase: 0.0 MiB)
Memory usage after reset: 5449.26953125 MiB (Increase: 0.0 MiB)
Training episode 375
Memory usage at middle: 5449.26953125 MiB (Increase: 0.0 MiB)
Memory usage before collect: 5449.26953125 MiB (Increase: 0.0 MiB)
Memory usage after collect: 5449.26953125 MiB (Increase: 0.0 MiB)
Memory usage before initialization: 5449.26953125 MiB (Increase: 0.0 MiB)
Memory usage after initialization: 5449.26953125 MiB (Increase: 0.0 MiB)
Current lengths of episodes: [1600]
Memory usage at done (index 0, length 1600, since_prev 1600): 5449.26953125 MiB (Increase: 0.0 MiB)
Memory usage before reset: 5449.26953125 MiB (Increase: 0.0 MiB)
Memory usage after reset: 5449.26953125 MiB (Increase: 0.0 MiB)
Current lengths of episodes: [110]
Memory usage at done (index 0, length 110, since_prev 110): 5449.26953125 MiB (Increase: 0.0 MiB)
Memory usage before reset: 5449.26953125 MiB (Increase: 0.0 MiB)
Memory usage after reset: 5449.26953125 MiB (Increase: 0.0 MiB)
Current lengths of episodes: [384]
Memory usage at done (index 0, length 384, since_prev 384): 5449.26953125 MiB (Increase: 0.0 MiB)
Memory usage before reset: 5449.26953125 MiB (Increase: 0.0 MiB)
Memory usage after reset: 5449.26953125 MiB (Increase: 0.0 MiB)
Current lengths of episodes: [1600]
Memory usage at done (index 0, length 1600, since_prev 1600): 5449.26953125 MiB (Increase: 0.0 MiB)
Memory usage before reset: 5449.26953125 MiB (Increase: 0.0 MiB)
Memory usage after reset: 5449.26953125 MiB (Increase: 0.0 MiB)
Current lengths of episodes: [1600]
Memory usage at done (index 0, length 1600, since_prev 1600): 5449.26953125 MiB (Increase: 0.0 MiB)
Memory usage before reset: 5449.26953125 MiB (Increase: 0.0 MiB)
Memory usage after reset: 5449.26953125 MiB (Increase: 0.0 MiB)
Training episode 380
Memory usage at middle: 5449.26953125 MiB (Increase: 0.0 MiB)
Memory usage before collect: 5449.26953125 MiB (Increase: 0.0 MiB)
Memory usage after collect: 5449.26953125 MiB (Increase: 0.0 MiB)
Memory usage before initialization: 5449.26953125 MiB (Increase: 0.0 MiB)
Memory usage after initialization: 5449.26953125 MiB (Increase: 0.0 MiB)
Current lengths of episodes: [1600]
Memory usage at done (index 0, length 1600, since_prev 1600): 5449.26953125 MiB (Increase: 0.0 MiB)
Memory usage before reset: 5449.26953125 MiB (Increase: 0.0 MiB)
Memory usage after reset: 5449.26953125 MiB (Increase: 0.0 MiB)
Current lengths of episodes: [1600]
Memory usage at done (index 0, length 1600, since_prev 1600): 5449.26953125 MiB (Increase: 0.0 MiB)
Memory usage before reset: 5449.26953125 MiB (Increase: 0.0 MiB)
Memory usage after reset: 5449.26953125 MiB (Increase: 0.0 MiB)
Current lengths of episodes: [1600]
Memory usage at done (index 0, length 1600, since_prev 1600): 5449.26953125 MiB (Increase: 0.0 MiB)
Memory usage before reset: 5449.26953125 MiB (Increase: 0.0 MiB)
Memory usage after reset: 5449.26953125 MiB (Increase: 0.0 MiB)
Current lengths of episodes: [88]
Memory usage at done (index 0, length 88, since_prev 88): 5449.26953125 MiB (Increase: 0.0 MiB)
Memory usage before reset: 5449.26953125 MiB (Increase: 0.0 MiB)
Memory usage after reset: 5449.26953125 MiB (Increase: 0.0 MiB)
Current lengths of episodes: [1600]
Memory usage at done (index 0, length 1600, since_prev 1600): 5449.26953125 MiB (Increase: 0.0 MiB)
Memory usage before reset: 5449.26953125 MiB (Increase: 0.0 MiB)
Memory usage after reset: 5449.26953125 MiB (Increase: 0.0 MiB)
Training episode 385
Memory usage at middle: 5449.26953125 MiB (Increase: 0.0 MiB)
Memory usage before collect: 5449.26953125 MiB (Increase: 0.0 MiB)
Memory usage after collect: 5449.26953125 MiB (Increase: 0.0 MiB)
Memory usage before initialization: 5449.26953125 MiB (Increase: 0.0 MiB)
Memory usage after initialization: 5449.26953125 MiB (Increase: 0.0 MiB)
Current lengths of episodes: [61]
Memory usage at done (index 0, length 61, since_prev 61): 5449.26953125 MiB (Increase: 0.0 MiB)
Memory usage before reset: 5449.26953125 MiB (Increase: 0.0 MiB)
Memory usage after reset: 5449.26953125 MiB (Increase: 0.0 MiB)
Current lengths of episodes: [1600]
Memory usage at done (index 0, length 1600, since_prev 1600): 5449.26953125 MiB (Increase: 0.0 MiB)
Memory usage before reset: 5449.26953125 MiB (Increase: 0.0 MiB)
Memory usage after reset: 5449.26953125 MiB (Increase: 0.0 MiB)
Current lengths of episodes: [53]
Memory usage at done (index 0, length 53, since_prev 53): 5449.26953125 MiB (Increase: 0.0 MiB)
Memory usage before reset: 5449.26953125 MiB (Increase: 0.0 MiB)
Memory usage after reset: 5449.26953125 MiB (Increase: 0.0 MiB)
Current lengths of episodes: [61]
Memory usage at done (index 0, length 61, since_prev 61): 5449.26953125 MiB (Increase: 0.0 MiB)
Memory usage before reset: 5449.26953125 MiB (Increase: 0.0 MiB)
Memory usage after reset: 5449.26953125 MiB (Increase: 0.0 MiB)
Current lengths of episodes: [1600]
Memory usage at done (index 0, length 1600, since_prev 1600): 5449.26953125 MiB (Increase: 0.0 MiB)
Memory usage before reset: 5449.26953125 MiB (Increase: 0.0 MiB)
Memory usage after reset: 5449.26953125 MiB (Increase: 0.0 MiB)
Training episode 390
Memory usage at middle: 5449.26953125 MiB (Increase: 0.0 MiB)
Memory usage before collect: 5449.26953125 MiB (Increase: 0.0 MiB)
Memory usage after collect: 5449.26953125 MiB (Increase: 0.0 MiB)
Memory usage before initialization: 5449.26953125 MiB (Increase: 0.0 MiB)
Memory usage after initialization: 5449.26953125 MiB (Increase: 0.0 MiB)
Current lengths of episodes: [1600]
Memory usage at done (index 0, length 1600, since_prev 1600): 5449.26953125 MiB (Increase: 0.0 MiB)
Memory usage before reset: 5449.26953125 MiB (Increase: 0.0 MiB)
Memory usage after reset: 5449.26953125 MiB (Increase: 0.0 MiB)
Current lengths of episodes: [1600]
Memory usage at done (index 0, length 1600, since_prev 1600): 5449.26953125 MiB (Increase: 0.0 MiB)
Memory usage before reset: 5449.26953125 MiB (Increase: 0.0 MiB)
Memory usage after reset: 5449.26953125 MiB (Increase: 0.0 MiB)
Current lengths of episodes: [59]
Memory usage at done (index 0, length 59, since_prev 59): 5449.26953125 MiB (Increase: 0.0 MiB)
Memory usage before reset: 5449.26953125 MiB (Increase: 0.0 MiB)
Memory usage after reset: 5449.26953125 MiB (Increase: 0.0 MiB)
Current lengths of episodes: [116]
Memory usage at done (index 0, length 116, since_prev 116): 5449.26953125 MiB (Increase: 0.0 MiB)
Memory usage before reset: 5449.26953125 MiB (Increase: 0.0 MiB)
Memory usage after reset: 5449.26953125 MiB (Increase: 0.0 MiB)
Current lengths of episodes: [1600]
Memory usage at done (index 0, length 1600, since_prev 1600): 5449.26953125 MiB (Increase: 0.0 MiB)
Memory usage before reset: 5449.26953125 MiB (Increase: 0.0 MiB)
Memory usage after reset: 5449.26953125 MiB (Increase: 0.0 MiB)
Training episode 395
Memory usage at middle: 5449.26953125 MiB (Increase: 0.0 MiB)
Memory usage before collect: 5449.26953125 MiB (Increase: 0.0 MiB)
Memory usage after collect: 5449.26953125 MiB (Increase: 0.0 MiB)
Memory usage before initialization: 5449.26953125 MiB (Increase: 0.0 MiB)
Memory usage after initialization: 5449.26953125 MiB (Increase: 0.0 MiB)
Current lengths of episodes: [904]
Memory usage at done (index 0, length 904, since_prev 904): 5449.26953125 MiB (Increase: 0.0 MiB)
Memory usage before reset: 5449.26953125 MiB (Increase: 0.0 MiB)
Memory usage after reset: 5449.26953125 MiB (Increase: 0.0 MiB)
Current lengths of episodes: [1600]
Memory usage at done (index 0, length 1600, since_prev 1600): 5449.26953125 MiB (Increase: 0.0 MiB)
Memory usage before reset: 5449.26953125 MiB (Increase: 0.0 MiB)
Memory usage after reset: 5449.26953125 MiB (Increase: 0.0 MiB)
Current lengths of episodes: [66]
Memory usage at done (index 0, length 66, since_prev 66): 5449.26953125 MiB (Increase: 0.0 MiB)
Memory usage before reset: 5449.26953125 MiB (Increase: 0.0 MiB)
Memory usage after reset: 5449.26953125 MiB (Increase: 0.0 MiB)
Current lengths of episodes: [1600]
Memory usage at done (index 0, length 1600, since_prev 1600): 5449.26953125 MiB (Increase: 0.0 MiB)
Memory usage before reset: 5449.26953125 MiB (Increase: 0.0 MiB)
Memory usage after reset: 5449.26953125 MiB (Increase: 0.0 MiB)
Current lengths of episodes: [128]
Memory usage at done (index 0, length 128, since_prev 128): 5449.26953125 MiB (Increase: 0.0 MiB)
Memory usage before reset: 5449.26953125 MiB (Increase: 0.0 MiB)
Memory usage after reset: 5449.26953125 MiB (Increase: 0.0 MiB)
Training episode 400
Memory usage at middle: 5449.26953125 MiB (Increase: 0.0 MiB)
Memory usage before collect: 5449.26953125 MiB (Increase: 0.0 MiB)
Memory usage after collect: 5449.26953125 MiB (Increase: 0.0 MiB)
Episode 400	Average evaluation: -98.56457220142792
Memory usage before initialization: 5449.26953125 MiB (Increase: 0.0 MiB)
Memory usage after initialization: 5449.26953125 MiB (Increase: 0.0 MiB)
Current lengths of episodes: [1600]
Memory usage at done (index 0, length 1600, since_prev 1600): 5449.26953125 MiB (Increase: 0.0 MiB)
Memory usage before reset: 5449.26953125 MiB (Increase: 0.0 MiB)
Memory usage after reset: 5449.26953125 MiB (Increase: 0.0 MiB)
Current lengths of episodes: [77]
Memory usage at done (index 0, length 77, since_prev 77): 5449.26953125 MiB (Increase: 0.0 MiB)
Memory usage before reset: 5449.26953125 MiB (Increase: 0.0 MiB)
Memory usage after reset: 5449.26953125 MiB (Increase: 0.0 MiB)
Current lengths of episodes: [1600]
Memory usage at done (index 0, length 1600, since_prev 1600): 5449.26953125 MiB (Increase: 0.0 MiB)
Memory usage before reset: 5449.26953125 MiB (Increase: 0.0 MiB)
Memory usage after reset: 5449.26953125 MiB (Increase: 0.0 MiB)
Current lengths of episodes: [1600]
Memory usage at done (index 0, length 1600, since_prev 1600): 5449.26953125 MiB (Increase: 0.0 MiB)
Memory usage before reset: 5449.26953125 MiB (Increase: 0.0 MiB)
Memory usage after reset: 5449.26953125 MiB (Increase: 0.0 MiB)
Current lengths of episodes: [364]
Memory usage at done (index 0, length 364, since_prev 364): 5449.26953125 MiB (Increase: 0.0 MiB)
Memory usage before reset: 5449.26953125 MiB (Increase: 0.0 MiB)
Memory usage after reset: 5449.26953125 MiB (Increase: 0.0 MiB)
Training episode 405
Memory usage at middle: 5449.26953125 MiB (Increase: 0.0 MiB)
Memory usage before collect: 5449.26953125 MiB (Increase: 0.0 MiB)
Memory usage after collect: 5449.26953125 MiB (Increase: 0.0 MiB)
Memory usage before initialization: 5449.26953125 MiB (Increase: 0.0 MiB)
Memory usage after initialization: 5449.26953125 MiB (Increase: 0.0 MiB)
Current lengths of episodes: [1600]
Memory usage at done (index 0, length 1600, since_prev 1600): 5449.26953125 MiB (Increase: 0.0 MiB)
Memory usage before reset: 5449.26953125 MiB (Increase: 0.0 MiB)
Memory usage after reset: 5449.26953125 MiB (Increase: 0.0 MiB)
Current lengths of episodes: [1600]
Memory usage at done (index 0, length 1600, since_prev 1600): 5449.26953125 MiB (Increase: 0.0 MiB)
Memory usage before reset: 5449.26953125 MiB (Increase: 0.0 MiB)
Memory usage after reset: 5449.26953125 MiB (Increase: 0.0 MiB)
Current lengths of episodes: [1600]
Memory usage at done (index 0, length 1600, since_prev 1600): 5449.26953125 MiB (Increase: 0.0 MiB)
Memory usage before reset: 5449.26953125 MiB (Increase: 0.0 MiB)
Memory usage after reset: 5449.26953125 MiB (Increase: 0.0 MiB)
Current lengths of episodes: [120]
Memory usage at done (index 0, length 120, since_prev 120): 5449.26953125 MiB (Increase: 0.0 MiB)
Memory usage before reset: 5449.26953125 MiB (Increase: 0.0 MiB)
Memory usage after reset: 5449.26953125 MiB (Increase: 0.0 MiB)
Current lengths of episodes: [45]
Memory usage at done (index 0, length 45, since_prev 45): 5449.26953125 MiB (Increase: 0.0 MiB)
Memory usage before reset: 5449.26953125 MiB (Increase: 0.0 MiB)
Memory usage after reset: 5449.26953125 MiB (Increase: 0.0 MiB)
Training episode 410
Memory usage at middle: 5449.26953125 MiB (Increase: 0.0 MiB)
Memory usage before collect: 5449.26953125 MiB (Increase: 0.0 MiB)
Memory usage after collect: 5449.26953125 MiB (Increase: 0.0 MiB)
Memory usage before initialization: 5449.26953125 MiB (Increase: 0.0 MiB)
Memory usage after initialization: 5449.26953125 MiB (Increase: 0.0 MiB)
Current lengths of episodes: [51]
Memory usage at done (index 0, length 51, since_prev 51): 5449.26953125 MiB (Increase: 0.0 MiB)
Memory usage before reset: 5449.26953125 MiB (Increase: 0.0 MiB)
Memory usage after reset: 5449.26953125 MiB (Increase: 0.0 MiB)
Current lengths of episodes: [1600]
Memory usage at done (index 0, length 1600, since_prev 1600): 5449.26953125 MiB (Increase: 0.0 MiB)
Memory usage before reset: 5449.26953125 MiB (Increase: 0.0 MiB)
Memory usage after reset: 5449.26953125 MiB (Increase: 0.0 MiB)
Current lengths of episodes: [1600]
Memory usage at done (index 0, length 1600, since_prev 1600): 5449.26953125 MiB (Increase: 0.0 MiB)
Memory usage before reset: 5449.26953125 MiB (Increase: 0.0 MiB)
Memory usage after reset: 5449.26953125 MiB (Increase: 0.0 MiB)
Current lengths of episodes: [72]
Memory usage at done (index 0, length 72, since_prev 72): 5449.26953125 MiB (Increase: 0.0 MiB)
Memory usage before reset: 5449.26953125 MiB (Increase: 0.0 MiB)
Memory usage after reset: 5449.26953125 MiB (Increase: 0.0 MiB)
Current lengths of episodes: [41]
Memory usage at done (index 0, length 41, since_prev 41): 5449.26953125 MiB (Increase: 0.0 MiB)
Memory usage before reset: 5449.26953125 MiB (Increase: 0.0 MiB)
Memory usage after reset: 5449.26953125 MiB (Increase: 0.0 MiB)
Training episode 415
Memory usage at middle: 5449.26953125 MiB (Increase: 0.0 MiB)
Memory usage before collect: 5449.26953125 MiB (Increase: 0.0 MiB)
Memory usage after collect: 5449.26953125 MiB (Increase: 0.0 MiB)
Memory usage before initialization: 5449.26953125 MiB (Increase: 0.0 MiB)
Memory usage after initialization: 5449.26953125 MiB (Increase: 0.0 MiB)
Current lengths of episodes: [1600]
Memory usage at done (index 0, length 1600, since_prev 1600): 5449.26953125 MiB (Increase: 0.0 MiB)
Memory usage before reset: 5449.26953125 MiB (Increase: 0.0 MiB)
Memory usage after reset: 5449.26953125 MiB (Increase: 0.0 MiB)
Current lengths of episodes: [133]
Memory usage at done (index 0, length 133, since_prev 133): 5449.26953125 MiB (Increase: 0.0 MiB)
Memory usage before reset: 5449.26953125 MiB (Increase: 0.0 MiB)
Memory usage after reset: 5449.26953125 MiB (Increase: 0.0 MiB)
Current lengths of episodes: [1600]
Memory usage at done (index 0, length 1600, since_prev 1600): 5449.26953125 MiB (Increase: 0.0 MiB)
Memory usage before reset: 5449.26953125 MiB (Increase: 0.0 MiB)
Memory usage after reset: 5449.26953125 MiB (Increase: 0.0 MiB)
Current lengths of episodes: [1246]
Memory usage at done (index 0, length 1246, since_prev 1246): 5449.26953125 MiB (Increase: 0.0 MiB)
Memory usage before reset: 5449.26953125 MiB (Increase: 0.0 MiB)
Memory usage after reset: 5449.26953125 MiB (Increase: 0.0 MiB)
Current lengths of episodes: [72]
Memory usage at done (index 0, length 72, since_prev 72): 5449.26953125 MiB (Increase: 0.0 MiB)
Memory usage before reset: 5449.26953125 MiB (Increase: 0.0 MiB)
Memory usage after reset: 5449.26953125 MiB (Increase: 0.0 MiB)
Training episode 420
Memory usage at middle: 5449.26953125 MiB (Increase: 0.0 MiB)
Memory usage before collect: 5449.26953125 MiB (Increase: 0.0 MiB)
Memory usage after collect: 5449.26953125 MiB (Increase: 0.0 MiB)
Memory usage before initialization: 5449.26953125 MiB (Increase: 0.0 MiB)
Memory usage after initialization: 5449.26953125 MiB (Increase: 0.0 MiB)
Current lengths of episodes: [1600]
Memory usage at done (index 0, length 1600, since_prev 1600): 5449.26953125 MiB (Increase: 0.0 MiB)
Memory usage before reset: 5449.26953125 MiB (Increase: 0.0 MiB)
Memory usage after reset: 5449.26953125 MiB (Increase: 0.0 MiB)
Current lengths of episodes: [41]
Memory usage at done (index 0, length 41, since_prev 41): 5449.26953125 MiB (Increase: 0.0 MiB)
Memory usage before reset: 5449.26953125 MiB (Increase: 0.0 MiB)
Memory usage after reset: 5449.26953125 MiB (Increase: 0.0 MiB)
Current lengths of episodes: [52]
Memory usage at done (index 0, length 52, since_prev 52): 5449.26953125 MiB (Increase: 0.0 MiB)
Memory usage before reset: 5449.26953125 MiB (Increase: 0.0 MiB)
Memory usage after reset: 5449.26953125 MiB (Increase: 0.0 MiB)
Current lengths of episodes: [78]
Memory usage at done (index 0, length 78, since_prev 78): 5449.26953125 MiB (Increase: 0.0 MiB)
Memory usage before reset: 5449.26953125 MiB (Increase: 0.0 MiB)
Memory usage after reset: 5449.26953125 MiB (Increase: 0.0 MiB)
Current lengths of episodes: [69]
Memory usage at done (index 0, length 69, since_prev 69): 5449.26953125 MiB (Increase: 0.0 MiB)
Memory usage before reset: 5449.26953125 MiB (Increase: 0.0 MiB)
Memory usage after reset: 5449.26953125 MiB (Increase: 0.0 MiB)
Training episode 425
Memory usage at middle: 5449.26953125 MiB (Increase: 0.0 MiB)
Memory usage before collect: 5449.26953125 MiB (Increase: 0.0 MiB)
Memory usage after collect: 5449.26953125 MiB (Increase: 0.0 MiB)
Memory usage before initialization: 5449.26953125 MiB (Increase: 0.0 MiB)
Memory usage after initialization: 5449.26953125 MiB (Increase: 0.0 MiB)
Current lengths of episodes: [1600]
Memory usage at done (index 0, length 1600, since_prev 1600): 5449.26953125 MiB (Increase: 0.0 MiB)
Memory usage before reset: 5449.26953125 MiB (Increase: 0.0 MiB)
Memory usage after reset: 5449.26953125 MiB (Increase: 0.0 MiB)
Current lengths of episodes: [1600]
Memory usage at done (index 0, length 1600, since_prev 1600): 5449.26953125 MiB (Increase: 0.0 MiB)
Memory usage before reset: 5449.26953125 MiB (Increase: 0.0 MiB)
Memory usage after reset: 5449.26953125 MiB (Increase: 0.0 MiB)
Current lengths of episodes: [1600]
Memory usage at done (index 0, length 1600, since_prev 1600): 5449.26953125 MiB (Increase: 0.0 MiB)
Memory usage before reset: 5449.26953125 MiB (Increase: 0.0 MiB)
Memory usage after reset: 5449.26953125 MiB (Increase: 0.0 MiB)
Current lengths of episodes: [1600]
Memory usage at done (index 0, length 1600, since_prev 1600): 5449.26953125 MiB (Increase: 0.0 MiB)
Memory usage before reset: 5449.26953125 MiB (Increase: 0.0 MiB)
Memory usage after reset: 5449.26953125 MiB (Increase: 0.0 MiB)
Current lengths of episodes: [74]
Memory usage at done (index 0, length 74, since_prev 74): 5449.26953125 MiB (Increase: 0.0 MiB)
Memory usage before reset: 5449.26953125 MiB (Increase: 0.0 MiB)
Memory usage after reset: 5449.26953125 MiB (Increase: 0.0 MiB)
Training episode 430
Memory usage at middle: 5449.26953125 MiB (Increase: 0.0 MiB)
Memory usage before collect: 5449.26953125 MiB (Increase: 0.0 MiB)
Memory usage after collect: 5449.26953125 MiB (Increase: 0.0 MiB)
Memory usage before initialization: 5449.26953125 MiB (Increase: 0.0 MiB)
Memory usage after initialization: 5449.26953125 MiB (Increase: 0.0 MiB)
Current lengths of episodes: [1600]
Memory usage at done (index 0, length 1600, since_prev 1600): 5449.26953125 MiB (Increase: 0.0 MiB)
Memory usage before reset: 5449.26953125 MiB (Increase: 0.0 MiB)
Memory usage after reset: 5449.26953125 MiB (Increase: 0.0 MiB)
Current lengths of episodes: [59]
Memory usage at done (index 0, length 59, since_prev 59): 5449.26953125 MiB (Increase: 0.0 MiB)
Memory usage before reset: 5449.26953125 MiB (Increase: 0.0 MiB)
Memory usage after reset: 5449.26953125 MiB (Increase: 0.0 MiB)
Current lengths of episodes: [48]
Memory usage at done (index 0, length 48, since_prev 48): 5449.26953125 MiB (Increase: 0.0 MiB)
Memory usage before reset: 5449.26953125 MiB (Increase: 0.0 MiB)
Memory usage after reset: 5449.26953125 MiB (Increase: 0.0 MiB)
Current lengths of episodes: [1600]
Memory usage at done (index 0, length 1600, since_prev 1600): 5449.26953125 MiB (Increase: 0.0 MiB)
Memory usage before reset: 5449.26953125 MiB (Increase: 0.0 MiB)
Memory usage after reset: 5449.26953125 MiB (Increase: 0.0 MiB)
Current lengths of episodes: [54]
Memory usage at done (index 0, length 54, since_prev 54): 5449.26953125 MiB (Increase: 0.0 MiB)
Memory usage before reset: 5449.26953125 MiB (Increase: 0.0 MiB)
Memory usage after reset: 5449.26953125 MiB (Increase: 0.0 MiB)
Training episode 435
Memory usage at middle: 5449.26953125 MiB (Increase: 0.0 MiB)
Memory usage before collect: 5449.26953125 MiB (Increase: 0.0 MiB)
Memory usage after collect: 5449.26953125 MiB (Increase: 0.0 MiB)
Memory usage before initialization: 5449.26953125 MiB (Increase: 0.0 MiB)
Memory usage after initialization: 5449.26953125 MiB (Increase: 0.0 MiB)
Current lengths of episodes: [51]
Memory usage at done (index 0, length 51, since_prev 51): 5449.26953125 MiB (Increase: 0.0 MiB)
Memory usage before reset: 5449.26953125 MiB (Increase: 0.0 MiB)
Memory usage after reset: 5449.26953125 MiB (Increase: 0.0 MiB)
Current lengths of episodes: [45]
Memory usage at done (index 0, length 45, since_prev 45): 5449.26953125 MiB (Increase: 0.0 MiB)
Memory usage before reset: 5449.26953125 MiB (Increase: 0.0 MiB)
Memory usage after reset: 5449.26953125 MiB (Increase: 0.0 MiB)
Current lengths of episodes: [53]
Memory usage at done (index 0, length 53, since_prev 53): 5449.26953125 MiB (Increase: 0.0 MiB)
Memory usage before reset: 5449.26953125 MiB (Increase: 0.0 MiB)
Memory usage after reset: 5449.26953125 MiB (Increase: 0.0 MiB)
Current lengths of episodes: [55]
Memory usage at done (index 0, length 55, since_prev 55): 5449.26953125 MiB (Increase: 0.0 MiB)
Memory usage before reset: 5449.26953125 MiB (Increase: 0.0 MiB)
Memory usage after reset: 5449.26953125 MiB (Increase: 0.0 MiB)
Current lengths of episodes: [1600]
Memory usage at done (index 0, length 1600, since_prev 1600): 5449.26953125 MiB (Increase: 0.0 MiB)
Memory usage before reset: 5449.26953125 MiB (Increase: 0.0 MiB)
Memory usage after reset: 5449.26953125 MiB (Increase: 0.0 MiB)
Training episode 440
Memory usage at middle: 5449.26953125 MiB (Increase: 0.0 MiB)
Memory usage before collect: 5449.26953125 MiB (Increase: 0.0 MiB)
Memory usage after collect: 5449.26953125 MiB (Increase: 0.0 MiB)
Memory usage before initialization: 5449.26953125 MiB (Increase: 0.0 MiB)
Memory usage after initialization: 5449.26953125 MiB (Increase: 0.0 MiB)
Current lengths of episodes: [59]
Memory usage at done (index 0, length 59, since_prev 59): 5449.26953125 MiB (Increase: 0.0 MiB)
Memory usage before reset: 5449.26953125 MiB (Increase: 0.0 MiB)
Memory usage after reset: 5449.26953125 MiB (Increase: 0.0 MiB)
Current lengths of episodes: [79]
Memory usage at done (index 0, length 79, since_prev 79): 5449.26953125 MiB (Increase: 0.0 MiB)
Memory usage before reset: 5449.26953125 MiB (Increase: 0.0 MiB)
Memory usage after reset: 5449.26953125 MiB (Increase: 0.0 MiB)
Current lengths of episodes: [56]
Memory usage at done (index 0, length 56, since_prev 56): 5449.26953125 MiB (Increase: 0.0 MiB)
Memory usage before reset: 5449.26953125 MiB (Increase: 0.0 MiB)
Memory usage after reset: 5449.26953125 MiB (Increase: 0.0 MiB)
Current lengths of episodes: [147]
Memory usage at done (index 0, length 147, since_prev 147): 5449.26953125 MiB (Increase: 0.0 MiB)
Memory usage before reset: 5449.26953125 MiB (Increase: 0.0 MiB)
Memory usage after reset: 5449.26953125 MiB (Increase: 0.0 MiB)
Current lengths of episodes: [1600]
Memory usage at done (index 0, length 1600, since_prev 1600): 5449.26953125 MiB (Increase: 0.0 MiB)
Memory usage before reset: 5449.26953125 MiB (Increase: 0.0 MiB)
Memory usage after reset: 5449.26953125 MiB (Increase: 0.0 MiB)
Training episode 445
Memory usage at middle: 5449.26953125 MiB (Increase: 0.0 MiB)
Memory usage before collect: 5449.26953125 MiB (Increase: 0.0 MiB)
Memory usage after collect: 5449.26953125 MiB (Increase: 0.0 MiB)
Memory usage before initialization: 5449.26953125 MiB (Increase: 0.0 MiB)
Memory usage after initialization: 5449.26953125 MiB (Increase: 0.0 MiB)
Current lengths of episodes: [57]
Memory usage at done (index 0, length 57, since_prev 57): 5449.26953125 MiB (Increase: 0.0 MiB)
Memory usage before reset: 5449.26953125 MiB (Increase: 0.0 MiB)
Memory usage after reset: 5449.26953125 MiB (Increase: 0.0 MiB)
Current lengths of episodes: [1600]
Memory usage at done (index 0, length 1600, since_prev 1600): 5449.26953125 MiB (Increase: 0.0 MiB)
Memory usage before reset: 5449.26953125 MiB (Increase: 0.0 MiB)
Memory usage after reset: 5449.26953125 MiB (Increase: 0.0 MiB)
Current lengths of episodes: [1600]
Memory usage at done (index 0, length 1600, since_prev 1600): 5449.26953125 MiB (Increase: 0.0 MiB)
Memory usage before reset: 5449.26953125 MiB (Increase: 0.0 MiB)
Memory usage after reset: 5449.26953125 MiB (Increase: 0.0 MiB)
Current lengths of episodes: [211]
Memory usage at done (index 0, length 211, since_prev 211): 5449.26953125 MiB (Increase: 0.0 MiB)
Memory usage before reset: 5449.26953125 MiB (Increase: 0.0 MiB)
Memory usage after reset: 5449.26953125 MiB (Increase: 0.0 MiB)
Current lengths of episodes: [1600]
Memory usage at done (index 0, length 1600, since_prev 1600): 5449.26953125 MiB (Increase: 0.0 MiB)
Memory usage before reset: 5449.26953125 MiB (Increase: 0.0 MiB)
Memory usage after reset: 5449.26953125 MiB (Increase: 0.0 MiB)
Training episode 450
Memory usage at middle: 5449.26953125 MiB (Increase: 0.0 MiB)
Memory usage before collect: 5449.26953125 MiB (Increase: 0.0 MiB)
Memory usage after collect: 5449.26953125 MiB (Increase: 0.0 MiB)
Episode 450	Average evaluation: -98.45845851348304
Memory usage before initialization: 5449.26953125 MiB (Increase: 0.0 MiB)
Memory usage after initialization: 5449.26953125 MiB (Increase: 0.0 MiB)
Current lengths of episodes: [1600]
Memory usage at done (index 0, length 1600, since_prev 1600): 5449.26953125 MiB (Increase: 0.0 MiB)
Memory usage before reset: 5449.26953125 MiB (Increase: 0.0 MiB)
Memory usage after reset: 5449.26953125 MiB (Increase: 0.0 MiB)
Current lengths of episodes: [1600]
Memory usage at done (index 0, length 1600, since_prev 1600): 5449.26953125 MiB (Increase: 0.0 MiB)
Memory usage before reset: 5449.26953125 MiB (Increase: 0.0 MiB)
Memory usage after reset: 5449.26953125 MiB (Increase: 0.0 MiB)
Current lengths of episodes: [50]
Memory usage at done (index 0, length 50, since_prev 50): 5449.26953125 MiB (Increase: 0.0 MiB)
Memory usage before reset: 5449.26953125 MiB (Increase: 0.0 MiB)
Memory usage after reset: 5449.26953125 MiB (Increase: 0.0 MiB)
Current lengths of episodes: [52]
Memory usage at done (index 0, length 52, since_prev 52): 5449.26953125 MiB (Increase: 0.0 MiB)
Memory usage before reset: 5449.26953125 MiB (Increase: 0.0 MiB)
Memory usage after reset: 5449.26953125 MiB (Increase: 0.0 MiB)
Current lengths of episodes: [361]
Memory usage at done (index 0, length 361, since_prev 361): 5449.26953125 MiB (Increase: 0.0 MiB)
Memory usage before reset: 5449.26953125 MiB (Increase: 0.0 MiB)
Memory usage after reset: 5449.26953125 MiB (Increase: 0.0 MiB)
Training episode 455
Memory usage at middle: 5449.26953125 MiB (Increase: 0.0 MiB)
Memory usage before collect: 5449.26953125 MiB (Increase: 0.0 MiB)
Memory usage after collect: 5449.26953125 MiB (Increase: 0.0 MiB)
Memory usage before initialization: 5449.26953125 MiB (Increase: 0.0 MiB)
Memory usage after initialization: 5449.26953125 MiB (Increase: 0.0 MiB)
Current lengths of episodes: [1600]
Memory usage at done (index 0, length 1600, since_prev 1600): 5449.26953125 MiB (Increase: 0.0 MiB)
Memory usage before reset: 5449.26953125 MiB (Increase: 0.0 MiB)
Memory usage after reset: 5449.26953125 MiB (Increase: 0.0 MiB)
Current lengths of episodes: [85]
Memory usage at done (index 0, length 85, since_prev 85): 5449.26953125 MiB (Increase: 0.0 MiB)
Memory usage before reset: 5449.26953125 MiB (Increase: 0.0 MiB)
Memory usage after reset: 5449.26953125 MiB (Increase: 0.0 MiB)
Current lengths of episodes: [1600]
Memory usage at done (index 0, length 1600, since_prev 1600): 5449.26953125 MiB (Increase: 0.0 MiB)
Memory usage before reset: 5449.26953125 MiB (Increase: 0.0 MiB)
Memory usage after reset: 5449.26953125 MiB (Increase: 0.0 MiB)
Current lengths of episodes: [1600]
Memory usage at done (index 0, length 1600, since_prev 1600): 5449.26953125 MiB (Increase: 0.0 MiB)
Memory usage before reset: 5449.26953125 MiB (Increase: 0.0 MiB)
Memory usage after reset: 5449.26953125 MiB (Increase: 0.0 MiB)
Current lengths of episodes: [1165]
Memory usage at done (index 0, length 1165, since_prev 1165): 5449.26953125 MiB (Increase: 0.0 MiB)
Memory usage before reset: 5449.26953125 MiB (Increase: 0.0 MiB)
Memory usage after reset: 5449.26953125 MiB (Increase: 0.0 MiB)
Training episode 460
Memory usage at middle: 5449.26953125 MiB (Increase: 0.0 MiB)
Memory usage before collect: 5449.26953125 MiB (Increase: 0.0 MiB)
Memory usage after collect: 5449.26953125 MiB (Increase: 0.0 MiB)
Memory usage before initialization: 5449.26953125 MiB (Increase: 0.0 MiB)
Memory usage after initialization: 5449.26953125 MiB (Increase: 0.0 MiB)
Current lengths of episodes: [55]
Memory usage at done (index 0, length 55, since_prev 55): 5449.26953125 MiB (Increase: 0.0 MiB)
Memory usage before reset: 5449.26953125 MiB (Increase: 0.0 MiB)
Memory usage after reset: 5449.26953125 MiB (Increase: 0.0 MiB)
Current lengths of episodes: [77]
Memory usage at done (index 0, length 77, since_prev 77): 5449.26953125 MiB (Increase: 0.0 MiB)
Memory usage before reset: 5449.26953125 MiB (Increase: 0.0 MiB)
Memory usage after reset: 5449.26953125 MiB (Increase: 0.0 MiB)
Current lengths of episodes: [1600]
Memory usage at done (index 0, length 1600, since_prev 1600): 5449.26953125 MiB (Increase: 0.0 MiB)
Memory usage before reset: 5449.26953125 MiB (Increase: 0.0 MiB)
Memory usage after reset: 5449.26953125 MiB (Increase: 0.0 MiB)
Current lengths of episodes: [91]
Memory usage at done (index 0, length 91, since_prev 91): 5449.26953125 MiB (Increase: 0.0 MiB)
Memory usage before reset: 5449.26953125 MiB (Increase: 0.0 MiB)
Memory usage after reset: 5449.26953125 MiB (Increase: 0.0 MiB)
Current lengths of episodes: [91]
Memory usage at done (index 0, length 91, since_prev 91): 5449.26953125 MiB (Increase: 0.0 MiB)
Memory usage before reset: 5449.26953125 MiB (Increase: 0.0 MiB)
Memory usage after reset: 5449.26953125 MiB (Increase: 0.0 MiB)
Training episode 465
Memory usage at middle: 5449.26953125 MiB (Increase: 0.0 MiB)
Memory usage before collect: 5449.26953125 MiB (Increase: 0.0 MiB)
Memory usage after collect: 5449.26953125 MiB (Increase: 0.0 MiB)
Memory usage before initialization: 5449.26953125 MiB (Increase: 0.0 MiB)
Memory usage after initialization: 5449.26953125 MiB (Increase: 0.0 MiB)
Current lengths of episodes: [81]
Memory usage at done (index 0, length 81, since_prev 81): 5449.26953125 MiB (Increase: 0.0 MiB)
Memory usage before reset: 5449.26953125 MiB (Increase: 0.0 MiB)
Memory usage after reset: 5449.26953125 MiB (Increase: 0.0 MiB)
Current lengths of episodes: [62]
Memory usage at done (index 0, length 62, since_prev 62): 5449.26953125 MiB (Increase: 0.0 MiB)
Memory usage before reset: 5449.26953125 MiB (Increase: 0.0 MiB)
Memory usage after reset: 5449.26953125 MiB (Increase: 0.0 MiB)
Current lengths of episodes: [1600]
Memory usage at done (index 0, length 1600, since_prev 1600): 5449.26953125 MiB (Increase: 0.0 MiB)
Memory usage before reset: 5449.26953125 MiB (Increase: 0.0 MiB)
Memory usage after reset: 5449.26953125 MiB (Increase: 0.0 MiB)
Current lengths of episodes: [227]
Memory usage at done (index 0, length 227, since_prev 227): 5449.26953125 MiB (Increase: 0.0 MiB)
Memory usage before reset: 5449.26953125 MiB (Increase: 0.0 MiB)
Memory usage after reset: 5449.26953125 MiB (Increase: 0.0 MiB)
Current lengths of episodes: [84]
Memory usage at done (index 0, length 84, since_prev 84): 5449.26953125 MiB (Increase: 0.0 MiB)
Memory usage before reset: 5449.26953125 MiB (Increase: 0.0 MiB)
Memory usage after reset: 5449.26953125 MiB (Increase: 0.0 MiB)
Training episode 470
Memory usage at middle: 5449.26953125 MiB (Increase: 0.0 MiB)
Memory usage before collect: 5449.26953125 MiB (Increase: 0.0 MiB)
Memory usage after collect: 5449.26953125 MiB (Increase: 0.0 MiB)
Memory usage before initialization: 5449.26953125 MiB (Increase: 0.0 MiB)
Memory usage after initialization: 5449.26953125 MiB (Increase: 0.0 MiB)
Current lengths of episodes: [88]
Memory usage at done (index 0, length 88, since_prev 88): 5449.26953125 MiB (Increase: 0.0 MiB)
Memory usage before reset: 5449.26953125 MiB (Increase: 0.0 MiB)
Memory usage after reset: 5449.26953125 MiB (Increase: 0.0 MiB)
Current lengths of episodes: [69]
Memory usage at done (index 0, length 69, since_prev 69): 5449.26953125 MiB (Increase: 0.0 MiB)
Memory usage before reset: 5449.26953125 MiB (Increase: 0.0 MiB)
Memory usage after reset: 5449.26953125 MiB (Increase: 0.0 MiB)
Current lengths of episodes: [60]
Memory usage at done (index 0, length 60, since_prev 60): 5449.26953125 MiB (Increase: 0.0 MiB)
Memory usage before reset: 5449.26953125 MiB (Increase: 0.0 MiB)
Memory usage after reset: 5449.26953125 MiB (Increase: 0.0 MiB)
Current lengths of episodes: [1600]
Memory usage at done (index 0, length 1600, since_prev 1600): 5449.26953125 MiB (Increase: 0.0 MiB)
Memory usage before reset: 5449.26953125 MiB (Increase: 0.0 MiB)
Memory usage after reset: 5449.26953125 MiB (Increase: 0.0 MiB)
Current lengths of episodes: [56]
Memory usage at done (index 0, length 56, since_prev 56): 5449.26953125 MiB (Increase: 0.0 MiB)
Memory usage before reset: 5449.26953125 MiB (Increase: 0.0 MiB)
Memory usage after reset: 5449.26953125 MiB (Increase: 0.0 MiB)
Training episode 475
Memory usage at middle: 5449.26953125 MiB (Increase: 0.0 MiB)
Memory usage before collect: 5449.26953125 MiB (Increase: 0.0 MiB)
Memory usage after collect: 5449.26953125 MiB (Increase: 0.0 MiB)
Memory usage before initialization: 5449.26953125 MiB (Increase: 0.0 MiB)
Memory usage after initialization: 5449.26953125 MiB (Increase: 0.0 MiB)
Current lengths of episodes: [1600]
Memory usage at done (index 0, length 1600, since_prev 1600): 5449.26953125 MiB (Increase: 0.0 MiB)
Memory usage before reset: 5449.26953125 MiB (Increase: 0.0 MiB)
Memory usage after reset: 5449.26953125 MiB (Increase: 0.0 MiB)
Current lengths of episodes: [111]
Memory usage at done (index 0, length 111, since_prev 111): 5449.26953125 MiB (Increase: 0.0 MiB)
Memory usage before reset: 5449.26953125 MiB (Increase: 0.0 MiB)
Memory usage after reset: 5449.26953125 MiB (Increase: 0.0 MiB)
Current lengths of episodes: [1600]
Memory usage at done (index 0, length 1600, since_prev 1600): 5449.26953125 MiB (Increase: 0.0 MiB)
Memory usage before reset: 5449.26953125 MiB (Increase: 0.0 MiB)
Memory usage after reset: 5449.26953125 MiB (Increase: 0.0 MiB)
Current lengths of episodes: [81]
Memory usage at done (index 0, length 81, since_prev 81): 5449.26953125 MiB (Increase: 0.0 MiB)
Memory usage before reset: 5449.26953125 MiB (Increase: 0.0 MiB)
Memory usage after reset: 5449.26953125 MiB (Increase: 0.0 MiB)
Current lengths of episodes: [1600]
Memory usage at done (index 0, length 1600, since_prev 1600): 5449.26953125 MiB (Increase: 0.0 MiB)
Memory usage before reset: 5449.26953125 MiB (Increase: 0.0 MiB)
Memory usage after reset: 5449.26953125 MiB (Increase: 0.0 MiB)
Training episode 480
Memory usage at middle: 5449.26953125 MiB (Increase: 0.0 MiB)
Memory usage before collect: 5449.26953125 MiB (Increase: 0.0 MiB)
Memory usage after collect: 5449.26953125 MiB (Increase: 0.0 MiB)
Memory usage before initialization: 5449.26953125 MiB (Increase: 0.0 MiB)
Memory usage after initialization: 5449.26953125 MiB (Increase: 0.0 MiB)
Current lengths of episodes: [1600]
Memory usage at done (index 0, length 1600, since_prev 1600): 5449.26953125 MiB (Increase: 0.0 MiB)
Memory usage before reset: 5449.26953125 MiB (Increase: 0.0 MiB)
Memory usage after reset: 5449.26953125 MiB (Increase: 0.0 MiB)
Current lengths of episodes: [1600]
Memory usage at done (index 0, length 1600, since_prev 1600): 5449.26953125 MiB (Increase: 0.0 MiB)
Memory usage before reset: 5449.26953125 MiB (Increase: 0.0 MiB)
Memory usage after reset: 5449.26953125 MiB (Increase: 0.0 MiB)
Current lengths of episodes: [92]
Memory usage at done (index 0, length 92, since_prev 92): 5449.26953125 MiB (Increase: 0.0 MiB)
Memory usage before reset: 5449.26953125 MiB (Increase: 0.0 MiB)
Memory usage after reset: 5449.26953125 MiB (Increase: 0.0 MiB)
Current lengths of episodes: [1600]
Memory usage at done (index 0, length 1600, since_prev 1600): 5449.26953125 MiB (Increase: 0.0 MiB)
Memory usage before reset: 5449.26953125 MiB (Increase: 0.0 MiB)
Memory usage after reset: 5449.26953125 MiB (Increase: 0.0 MiB)
Current lengths of episodes: [59]
Memory usage at done (index 0, length 59, since_prev 59): 5449.26953125 MiB (Increase: 0.0 MiB)
Memory usage before reset: 5449.26953125 MiB (Increase: 0.0 MiB)
Memory usage after reset: 5449.26953125 MiB (Increase: 0.0 MiB)
Training episode 485
Memory usage at middle: 5449.26953125 MiB (Increase: 0.0 MiB)
Memory usage before collect: 5449.26953125 MiB (Increase: 0.0 MiB)
Memory usage after collect: 5449.26953125 MiB (Increase: 0.0 MiB)
Memory usage before initialization: 5449.26953125 MiB (Increase: 0.0 MiB)
Memory usage after initialization: 5449.26953125 MiB (Increase: 0.0 MiB)
Current lengths of episodes: [61]
Memory usage at done (index 0, length 61, since_prev 61): 5449.26953125 MiB (Increase: 0.0 MiB)
Memory usage before reset: 5449.26953125 MiB (Increase: 0.0 MiB)
Memory usage after reset: 5449.26953125 MiB (Increase: 0.0 MiB)
Current lengths of episodes: [1600]
Memory usage at done (index 0, length 1600, since_prev 1600): 5449.26953125 MiB (Increase: 0.0 MiB)
Memory usage before reset: 5449.26953125 MiB (Increase: 0.0 MiB)
Memory usage after reset: 5449.26953125 MiB (Increase: 0.0 MiB)
Current lengths of episodes: [80]
Memory usage at done (index 0, length 80, since_prev 80): 5449.26953125 MiB (Increase: 0.0 MiB)
Memory usage before reset: 5449.26953125 MiB (Increase: 0.0 MiB)
Memory usage after reset: 5449.26953125 MiB (Increase: 0.0 MiB)
Current lengths of episodes: [1600]
Memory usage at done (index 0, length 1600, since_prev 1600): 5449.26953125 MiB (Increase: 0.0 MiB)
Memory usage before reset: 5449.26953125 MiB (Increase: 0.0 MiB)
Memory usage after reset: 5449.26953125 MiB (Increase: 0.0 MiB)
Current lengths of episodes: [1600]
Memory usage at done (index 0, length 1600, since_prev 1600): 5449.26953125 MiB (Increase: 0.0 MiB)
Memory usage before reset: 5449.26953125 MiB (Increase: 0.0 MiB)
Memory usage after reset: 5449.26953125 MiB (Increase: 0.0 MiB)
Training episode 490
Memory usage at middle: 5449.26953125 MiB (Increase: 0.0 MiB)
Memory usage before collect: 5449.26953125 MiB (Increase: 0.0 MiB)
Memory usage after collect: 5449.26953125 MiB (Increase: 0.0 MiB)
Memory usage before initialization: 5449.26953125 MiB (Increase: 0.0 MiB)
Memory usage after initialization: 5449.26953125 MiB (Increase: 0.0 MiB)
Current lengths of episodes: [1600]
Memory usage at done (index 0, length 1600, since_prev 1600): 5449.26953125 MiB (Increase: 0.0 MiB)
Memory usage before reset: 5449.26953125 MiB (Increase: 0.0 MiB)
Memory usage after reset: 5449.26953125 MiB (Increase: 0.0 MiB)
Current lengths of episodes: [95]
Memory usage at done (index 0, length 95, since_prev 95): 5449.26953125 MiB (Increase: 0.0 MiB)
Memory usage before reset: 5449.26953125 MiB (Increase: 0.0 MiB)
Memory usage after reset: 5449.26953125 MiB (Increase: 0.0 MiB)
Current lengths of episodes: [1600]
Memory usage at done (index 0, length 1600, since_prev 1600): 5449.26953125 MiB (Increase: 0.0 MiB)
Memory usage before reset: 5449.26953125 MiB (Increase: 0.0 MiB)
Memory usage after reset: 5449.26953125 MiB (Increase: 0.0 MiB)
Current lengths of episodes: [90]
Memory usage at done (index 0, length 90, since_prev 90): 5449.26953125 MiB (Increase: 0.0 MiB)
Memory usage before reset: 5449.26953125 MiB (Increase: 0.0 MiB)
Memory usage after reset: 5449.26953125 MiB (Increase: 0.0 MiB)
Current lengths of episodes: [77]
Memory usage at done (index 0, length 77, since_prev 77): 5449.26953125 MiB (Increase: 0.0 MiB)
Memory usage before reset: 5449.26953125 MiB (Increase: 0.0 MiB)
Memory usage after reset: 5449.26953125 MiB (Increase: 0.0 MiB)
Training episode 495
Memory usage at middle: 5449.26953125 MiB (Increase: 0.0 MiB)
Memory usage before collect: 5449.26953125 MiB (Increase: 0.0 MiB)
Memory usage after collect: 5449.26953125 MiB (Increase: 0.0 MiB)
Memory usage before initialization: 5449.26953125 MiB (Increase: 0.0 MiB)
Memory usage after initialization: 5449.26953125 MiB (Increase: 0.0 MiB)
Current lengths of episodes: [105]
Memory usage at done (index 0, length 105, since_prev 105): 5449.26953125 MiB (Increase: 0.0 MiB)
Memory usage before reset: 5449.26953125 MiB (Increase: 0.0 MiB)
Memory usage after reset: 5449.26953125 MiB (Increase: 0.0 MiB)
Current lengths of episodes: [1600]
Memory usage at done (index 0, length 1600, since_prev 1600): 5449.26953125 MiB (Increase: 0.0 MiB)
Memory usage before reset: 5449.26953125 MiB (Increase: 0.0 MiB)
Memory usage after reset: 5449.26953125 MiB (Increase: 0.0 MiB)
Current lengths of episodes: [52]
Memory usage at done (index 0, length 52, since_prev 52): 5449.26953125 MiB (Increase: 0.0 MiB)
Memory usage before reset: 5449.26953125 MiB (Increase: 0.0 MiB)
Memory usage after reset: 5449.26953125 MiB (Increase: 0.0 MiB)
Current lengths of episodes: [53]
Memory usage at done (index 0, length 53, since_prev 53): 5449.26953125 MiB (Increase: 0.0 MiB)
Memory usage before reset: 5449.26953125 MiB (Increase: 0.0 MiB)
Memory usage after reset: 5449.26953125 MiB (Increase: 0.0 MiB)
Current lengths of episodes: [1013]
Memory usage at done (index 0, length 1013, since_prev 1013): 5449.26953125 MiB (Increase: 0.0 MiB)
Memory usage before reset: 5449.26953125 MiB (Increase: 0.0 MiB)
Memory usage after reset: 5449.26953125 MiB (Increase: 0.0 MiB)
Training episode 500
Memory usage at middle: 5449.26953125 MiB (Increase: 0.0 MiB)
Memory usage before collect: 5449.26953125 MiB (Increase: 0.0 MiB)
Memory usage after collect: 5449.26953125 MiB (Increase: 0.0 MiB)
Episode 500	Average evaluation: -98.32797138805104
Memory usage before initialization: 5449.26953125 MiB (Increase: 0.0 MiB)
Memory usage after initialization: 5449.26953125 MiB (Increase: 0.0 MiB)
Current lengths of episodes: [1600]
Memory usage at done (index 0, length 1600, since_prev 1600): 5449.26953125 MiB (Increase: 0.0 MiB)
Memory usage before reset: 5449.26953125 MiB (Increase: 0.0 MiB)
Memory usage after reset: 5449.26953125 MiB (Increase: 0.0 MiB)
Current lengths of episodes: [60]
Memory usage at done (index 0, length 60, since_prev 60): 5449.26953125 MiB (Increase: 0.0 MiB)
Memory usage before reset: 5449.26953125 MiB (Increase: 0.0 MiB)
Memory usage after reset: 5449.26953125 MiB (Increase: 0.0 MiB)
Current lengths of episodes: [70]
Memory usage at done (index 0, length 70, since_prev 70): 5449.26953125 MiB (Increase: 0.0 MiB)
Memory usage before reset: 5449.26953125 MiB (Increase: 0.0 MiB)
Memory usage after reset: 5449.26953125 MiB (Increase: 0.0 MiB)
Current lengths of episodes: [66]
Memory usage at done (index 0, length 66, since_prev 66): 5449.26953125 MiB (Increase: 0.0 MiB)
Memory usage before reset: 5449.26953125 MiB (Increase: 0.0 MiB)
Memory usage after reset: 5449.26953125 MiB (Increase: 0.0 MiB)
Current lengths of episodes: [239]
Memory usage at done (index 0, length 239, since_prev 239): 5449.26953125 MiB (Increase: 0.0 MiB)
Memory usage before reset: 5449.26953125 MiB (Increase: 0.0 MiB)
Memory usage after reset: 5449.26953125 MiB (Increase: 0.0 MiB)
Training episode 505
Memory usage at middle: 5449.26953125 MiB (Increase: 0.0 MiB)
Memory usage before collect: 5449.26953125 MiB (Increase: 0.0 MiB)
Memory usage after collect: 5449.26953125 MiB (Increase: 0.0 MiB)
Memory usage before initialization: 5449.26953125 MiB (Increase: 0.0 MiB)
Memory usage after initialization: 5449.26953125 MiB (Increase: 0.0 MiB)
Current lengths of episodes: [53]
Memory usage at done (index 0, length 53, since_prev 53): 5449.26953125 MiB (Increase: 0.0 MiB)
Memory usage before reset: 5449.26953125 MiB (Increase: 0.0 MiB)
Memory usage after reset: 5449.26953125 MiB (Increase: 0.0 MiB)
Current lengths of episodes: [1600]
Memory usage at done (index 0, length 1600, since_prev 1600): 5449.26953125 MiB (Increase: 0.0 MiB)
Memory usage before reset: 5449.26953125 MiB (Increase: 0.0 MiB)
Memory usage after reset: 5449.26953125 MiB (Increase: 0.0 MiB)
Current lengths of episodes: [69]
Memory usage at done (index 0, length 69, since_prev 69): 5449.26953125 MiB (Increase: 0.0 MiB)
Memory usage before reset: 5449.26953125 MiB (Increase: 0.0 MiB)
Memory usage after reset: 5449.26953125 MiB (Increase: 0.0 MiB)
Current lengths of episodes: [100]
Memory usage at done (index 0, length 100, since_prev 100): 5449.26953125 MiB (Increase: 0.0 MiB)
Memory usage before reset: 5449.26953125 MiB (Increase: 0.0 MiB)
Memory usage after reset: 5449.26953125 MiB (Increase: 0.0 MiB)
Current lengths of episodes: [48]
Memory usage at done (index 0, length 48, since_prev 48): 5449.26953125 MiB (Increase: 0.0 MiB)
Memory usage before reset: 5449.26953125 MiB (Increase: 0.0 MiB)
Memory usage after reset: 5449.26953125 MiB (Increase: 0.0 MiB)
Training episode 510
Memory usage at middle: 5449.26953125 MiB (Increase: 0.0 MiB)
Memory usage before collect: 5449.26953125 MiB (Increase: 0.0 MiB)
Memory usage after collect: 5449.26953125 MiB (Increase: 0.0 MiB)
Memory usage before initialization: 5449.26953125 MiB (Increase: 0.0 MiB)
Memory usage after initialization: 5449.26953125 MiB (Increase: 0.0 MiB)
Current lengths of episodes: [75]
Memory usage at done (index 0, length 75, since_prev 75): 5449.26953125 MiB (Increase: 0.0 MiB)
Memory usage before reset: 5449.26953125 MiB (Increase: 0.0 MiB)
Memory usage after reset: 5449.26953125 MiB (Increase: 0.0 MiB)
Current lengths of episodes: [1600]
Memory usage at done (index 0, length 1600, since_prev 1600): 5449.26953125 MiB (Increase: 0.0 MiB)
Memory usage before reset: 5449.26953125 MiB (Increase: 0.0 MiB)
Memory usage after reset: 5449.26953125 MiB (Increase: 0.0 MiB)
Current lengths of episodes: [1600]
Memory usage at done (index 0, length 1600, since_prev 1600): 5449.26953125 MiB (Increase: 0.0 MiB)
Memory usage before reset: 5449.26953125 MiB (Increase: 0.0 MiB)
Memory usage after reset: 5449.26953125 MiB (Increase: 0.0 MiB)
Current lengths of episodes: [88]
Memory usage at done (index 0, length 88, since_prev 88): 5449.26953125 MiB (Increase: 0.0 MiB)
Memory usage before reset: 5449.26953125 MiB (Increase: 0.0 MiB)
Memory usage after reset: 5449.26953125 MiB (Increase: 0.0 MiB)
Current lengths of episodes: [56]
Memory usage at done (index 0, length 56, since_prev 56): 5449.26953125 MiB (Increase: 0.0 MiB)
Memory usage before reset: 5449.26953125 MiB (Increase: 0.0 MiB)
Memory usage after reset: 5449.26953125 MiB (Increase: 0.0 MiB)
Training episode 515
Memory usage at middle: 5449.26953125 MiB (Increase: 0.0 MiB)
Memory usage before collect: 5449.26953125 MiB (Increase: 0.0 MiB)
Memory usage after collect: 5449.26953125 MiB (Increase: 0.0 MiB)
Memory usage before initialization: 5449.26953125 MiB (Increase: 0.0 MiB)
Memory usage after initialization: 5449.26953125 MiB (Increase: 0.0 MiB)
Current lengths of episodes: [80]
Memory usage at done (index 0, length 80, since_prev 80): 5449.26953125 MiB (Increase: 0.0 MiB)
Memory usage before reset: 5449.26953125 MiB (Increase: 0.0 MiB)
Memory usage after reset: 5449.26953125 MiB (Increase: 0.0 MiB)
Current lengths of episodes: [1600]
Memory usage at done (index 0, length 1600, since_prev 1600): 5449.26953125 MiB (Increase: 0.0 MiB)
Memory usage before reset: 5449.26953125 MiB (Increase: 0.0 MiB)
Memory usage after reset: 5449.26953125 MiB (Increase: 0.0 MiB)
Current lengths of episodes: [1600]
Memory usage at done (index 0, length 1600, since_prev 1600): 5449.26953125 MiB (Increase: 0.0 MiB)
Memory usage before reset: 5449.26953125 MiB (Increase: 0.0 MiB)
Memory usage after reset: 5449.26953125 MiB (Increase: 0.0 MiB)
Current lengths of episodes: [75]
Memory usage at done (index 0, length 75, since_prev 75): 5449.26953125 MiB (Increase: 0.0 MiB)
Memory usage before reset: 5449.26953125 MiB (Increase: 0.0 MiB)
Memory usage after reset: 5449.26953125 MiB (Increase: 0.0 MiB)
Current lengths of episodes: [88]
Memory usage at done (index 0, length 88, since_prev 88): 5449.26953125 MiB (Increase: 0.0 MiB)
Memory usage before reset: 5449.26953125 MiB (Increase: 0.0 MiB)
Memory usage after reset: 5449.26953125 MiB (Increase: 0.0 MiB)
Training episode 520
Memory usage at middle: 5449.26953125 MiB (Increase: 0.0 MiB)
Memory usage before collect: 5449.26953125 MiB (Increase: 0.0 MiB)
Memory usage after collect: 5449.26953125 MiB (Increase: 0.0 MiB)
Memory usage before initialization: 5449.26953125 MiB (Increase: 0.0 MiB)
Memory usage after initialization: 5449.26953125 MiB (Increase: 0.0 MiB)
Current lengths of episodes: [1600]
Memory usage at done (index 0, length 1600, since_prev 1600): 5449.26953125 MiB (Increase: 0.0 MiB)
Memory usage before reset: 5449.26953125 MiB (Increase: 0.0 MiB)
Memory usage after reset: 5449.26953125 MiB (Increase: 0.0 MiB)
Current lengths of episodes: [1600]
Memory usage at done (index 0, length 1600, since_prev 1600): 5449.26953125 MiB (Increase: 0.0 MiB)
Memory usage before reset: 5449.26953125 MiB (Increase: 0.0 MiB)
Memory usage after reset: 5449.26953125 MiB (Increase: 0.0 MiB)
Current lengths of episodes: [78]
Memory usage at done (index 0, length 78, since_prev 78): 5449.26953125 MiB (Increase: 0.0 MiB)
Memory usage before reset: 5449.26953125 MiB (Increase: 0.0 MiB)
Memory usage after reset: 5449.26953125 MiB (Increase: 0.0 MiB)
Current lengths of episodes: [1600]
Memory usage at done (index 0, length 1600, since_prev 1600): 5449.26953125 MiB (Increase: 0.0 MiB)
Memory usage before reset: 5449.26953125 MiB (Increase: 0.0 MiB)
Memory usage after reset: 5449.26953125 MiB (Increase: 0.0 MiB)
Current lengths of episodes: [1600]
Memory usage at done (index 0, length 1600, since_prev 1600): 5449.26953125 MiB (Increase: 0.0 MiB)
Memory usage before reset: 5449.26953125 MiB (Increase: 0.0 MiB)
Memory usage after reset: 5449.26953125 MiB (Increase: 0.0 MiB)
Training episode 525
Memory usage at middle: 5449.26953125 MiB (Increase: 0.0 MiB)
Memory usage before collect: 5449.26953125 MiB (Increase: 0.0 MiB)
Memory usage after collect: 5449.26953125 MiB (Increase: 0.0 MiB)
Memory usage before initialization: 5449.26953125 MiB (Increase: 0.0 MiB)
Memory usage after initialization: 5449.26953125 MiB (Increase: 0.0 MiB)
Current lengths of episodes: [79]
Memory usage at done (index 0, length 79, since_prev 79): 5449.26953125 MiB (Increase: 0.0 MiB)
Memory usage before reset: 5449.26953125 MiB (Increase: 0.0 MiB)
Memory usage after reset: 5449.26953125 MiB (Increase: 0.0 MiB)
Current lengths of episodes: [95]
Memory usage at done (index 0, length 95, since_prev 95): 5449.26953125 MiB (Increase: 0.0 MiB)
Memory usage before reset: 5449.26953125 MiB (Increase: 0.0 MiB)
Memory usage after reset: 5449.26953125 MiB (Increase: 0.0 MiB)
Current lengths of episodes: [1158]
Memory usage at done (index 0, length 1158, since_prev 1158): 5449.26953125 MiB (Increase: 0.0 MiB)
Memory usage before reset: 5449.26953125 MiB (Increase: 0.0 MiB)
Memory usage after reset: 5449.26953125 MiB (Increase: 0.0 MiB)
Current lengths of episodes: [77]
Memory usage at done (index 0, length 77, since_prev 77): 5449.26953125 MiB (Increase: 0.0 MiB)
Memory usage before reset: 5449.26953125 MiB (Increase: 0.0 MiB)
Memory usage after reset: 5449.26953125 MiB (Increase: 0.0 MiB)
Current lengths of episodes: [40]
Memory usage at done (index 0, length 40, since_prev 40): 5449.26953125 MiB (Increase: 0.0 MiB)
Memory usage before reset: 5449.26953125 MiB (Increase: 0.0 MiB)
Memory usage after reset: 5449.26953125 MiB (Increase: 0.0 MiB)
Training episode 530
Memory usage at middle: 5449.26953125 MiB (Increase: 0.0 MiB)
Memory usage before collect: 5449.26953125 MiB (Increase: 0.0 MiB)
Memory usage after collect: 5449.26953125 MiB (Increase: 0.0 MiB)
Memory usage before initialization: 5449.26953125 MiB (Increase: 0.0 MiB)
Memory usage after initialization: 5449.26953125 MiB (Increase: 0.0 MiB)
Current lengths of episodes: [61]
Memory usage at done (index 0, length 61, since_prev 61): 5449.26953125 MiB (Increase: 0.0 MiB)
Memory usage before reset: 5449.26953125 MiB (Increase: 0.0 MiB)
Memory usage after reset: 5449.26953125 MiB (Increase: 0.0 MiB)
Current lengths of episodes: [65]
Memory usage at done (index 0, length 65, since_prev 65): 5449.26953125 MiB (Increase: 0.0 MiB)
Memory usage before reset: 5449.26953125 MiB (Increase: 0.0 MiB)
Memory usage after reset: 5449.26953125 MiB (Increase: 0.0 MiB)
Current lengths of episodes: [75]
Memory usage at done (index 0, length 75, since_prev 75): 5449.26953125 MiB (Increase: 0.0 MiB)
Memory usage before reset: 5449.26953125 MiB (Increase: 0.0 MiB)
Memory usage after reset: 5449.26953125 MiB (Increase: 0.0 MiB)
Current lengths of episodes: [1600]
Memory usage at done (index 0, length 1600, since_prev 1600): 5449.26953125 MiB (Increase: 0.0 MiB)
Memory usage before reset: 5449.26953125 MiB (Increase: 0.0 MiB)
Memory usage after reset: 5449.26953125 MiB (Increase: 0.0 MiB)
Current lengths of episodes: [53]
Memory usage at done (index 0, length 53, since_prev 53): 5449.26953125 MiB (Increase: 0.0 MiB)
Memory usage before reset: 5449.26953125 MiB (Increase: 0.0 MiB)
Memory usage after reset: 5449.26953125 MiB (Increase: 0.0 MiB)
Training episode 535
Memory usage at middle: 5449.26953125 MiB (Increase: 0.0 MiB)
Memory usage before collect: 5449.26953125 MiB (Increase: 0.0 MiB)
Memory usage after collect: 5449.26953125 MiB (Increase: 0.0 MiB)
Memory usage before initialization: 5449.26953125 MiB (Increase: 0.0 MiB)
Memory usage after initialization: 5449.26953125 MiB (Increase: 0.0 MiB)
Current lengths of episodes: [1600]
Memory usage at done (index 0, length 1600, since_prev 1600): 5449.26953125 MiB (Increase: 0.0 MiB)
Memory usage before reset: 5449.26953125 MiB (Increase: 0.0 MiB)
Memory usage after reset: 5449.26953125 MiB (Increase: 0.0 MiB)
Current lengths of episodes: [72]
Memory usage at done (index 0, length 72, since_prev 72): 5449.26953125 MiB (Increase: 0.0 MiB)
Memory usage before reset: 5449.26953125 MiB (Increase: 0.0 MiB)
Memory usage after reset: 5449.26953125 MiB (Increase: 0.0 MiB)
Current lengths of episodes: [1600]
Memory usage at done (index 0, length 1600, since_prev 1600): 5449.26953125 MiB (Increase: 0.0 MiB)
Memory usage before reset: 5449.26953125 MiB (Increase: 0.0 MiB)
Memory usage after reset: 5449.26953125 MiB (Increase: 0.0 MiB)
Current lengths of episodes: [1600]
Memory usage at done (index 0, length 1600, since_prev 1600): 5449.26953125 MiB (Increase: 0.0 MiB)
Memory usage before reset: 5449.26953125 MiB (Increase: 0.0 MiB)
Memory usage after reset: 5449.26953125 MiB (Increase: 0.0 MiB)
Current lengths of episodes: [55]
Memory usage at done (index 0, length 55, since_prev 55): 5449.26953125 MiB (Increase: 0.0 MiB)
Memory usage before reset: 5449.26953125 MiB (Increase: 0.0 MiB)
Memory usage after reset: 5449.26953125 MiB (Increase: 0.0 MiB)
Training episode 540
Memory usage at middle: 5449.26953125 MiB (Increase: 0.0 MiB)
Memory usage before collect: 5449.26953125 MiB (Increase: 0.0 MiB)
Memory usage after collect: 5449.26953125 MiB (Increase: 0.0 MiB)
Memory usage before initialization: 5449.26953125 MiB (Increase: 0.0 MiB)
Memory usage after initialization: 5449.26953125 MiB (Increase: 0.0 MiB)
Current lengths of episodes: [85]
Memory usage at done (index 0, length 85, since_prev 85): 5449.26953125 MiB (Increase: 0.0 MiB)
Memory usage before reset: 5449.26953125 MiB (Increase: 0.0 MiB)
Memory usage after reset: 5449.26953125 MiB (Increase: 0.0 MiB)
Current lengths of episodes: [1600]
Memory usage at done (index 0, length 1600, since_prev 1600): 5449.26953125 MiB (Increase: 0.0 MiB)
Memory usage before reset: 5449.26953125 MiB (Increase: 0.0 MiB)
Memory usage after reset: 5449.26953125 MiB (Increase: 0.0 MiB)
Current lengths of episodes: [1600]
Memory usage at done (index 0, length 1600, since_prev 1600): 5449.26953125 MiB (Increase: 0.0 MiB)
Memory usage before reset: 5449.26953125 MiB (Increase: 0.0 MiB)
Memory usage after reset: 5449.26953125 MiB (Increase: 0.0 MiB)
Current lengths of episodes: [1600]
Memory usage at done (index 0, length 1600, since_prev 1600): 5449.26953125 MiB (Increase: 0.0 MiB)
Memory usage before reset: 5449.26953125 MiB (Increase: 0.0 MiB)
Memory usage after reset: 5449.26953125 MiB (Increase: 0.0 MiB)
Current lengths of episodes: [1600]
Memory usage at done (index 0, length 1600, since_prev 1600): 5449.26953125 MiB (Increase: 0.0 MiB)
Memory usage before reset: 5449.26953125 MiB (Increase: 0.0 MiB)
Memory usage after reset: 5449.26953125 MiB (Increase: 0.0 MiB)
Training episode 545
Memory usage at middle: 5449.26953125 MiB (Increase: 0.0 MiB)
Memory usage before collect: 5449.26953125 MiB (Increase: 0.0 MiB)
Memory usage after collect: 5449.26953125 MiB (Increase: 0.0 MiB)
Memory usage before initialization: 5449.26953125 MiB (Increase: 0.0 MiB)
Memory usage after initialization: 5449.26953125 MiB (Increase: 0.0 MiB)
Current lengths of episodes: [1600]
Memory usage at done (index 0, length 1600, since_prev 1600): 5449.26953125 MiB (Increase: 0.0 MiB)
Memory usage before reset: 5449.26953125 MiB (Increase: 0.0 MiB)
Memory usage after reset: 5449.26953125 MiB (Increase: 0.0 MiB)
Current lengths of episodes: [52]
Memory usage at done (index 0, length 52, since_prev 52): 5449.26953125 MiB (Increase: 0.0 MiB)
Memory usage before reset: 5449.26953125 MiB (Increase: 0.0 MiB)
Memory usage after reset: 5449.26953125 MiB (Increase: 0.0 MiB)
Current lengths of episodes: [1600]
Memory usage at done (index 0, length 1600, since_prev 1600): 5449.26953125 MiB (Increase: 0.0 MiB)
Memory usage before reset: 5449.26953125 MiB (Increase: 0.0 MiB)
Memory usage after reset: 5449.26953125 MiB (Increase: 0.0 MiB)
Current lengths of episodes: [250]
Memory usage at done (index 0, length 250, since_prev 250): 5449.26953125 MiB (Increase: 0.0 MiB)
Memory usage before reset: 5449.26953125 MiB (Increase: 0.0 MiB)
Memory usage after reset: 5449.26953125 MiB (Increase: 0.0 MiB)
Current lengths of episodes: [1600]
Memory usage at done (index 0, length 1600, since_prev 1600): 5449.26953125 MiB (Increase: 0.0 MiB)
Memory usage before reset: 5449.26953125 MiB (Increase: 0.0 MiB)
Memory usage after reset: 5449.26953125 MiB (Increase: 0.0 MiB)
Training episode 550
Memory usage at middle: 5449.26953125 MiB (Increase: 0.0 MiB)
Memory usage before collect: 5449.26953125 MiB (Increase: 0.0 MiB)
Memory usage after collect: 5449.26953125 MiB (Increase: 0.0 MiB)
Episode 550	Average evaluation: -98.25711538426988
Memory usage before initialization: 5449.26953125 MiB (Increase: 0.0 MiB)
Memory usage after initialization: 5449.26953125 MiB (Increase: 0.0 MiB)
Current lengths of episodes: [1600]
Memory usage at done (index 0, length 1600, since_prev 1600): 5449.26953125 MiB (Increase: 0.0 MiB)
Memory usage before reset: 5449.26953125 MiB (Increase: 0.0 MiB)
Memory usage after reset: 5449.26953125 MiB (Increase: 0.0 MiB)
Current lengths of episodes: [51]
Memory usage at done (index 0, length 51, since_prev 51): 5449.26953125 MiB (Increase: 0.0 MiB)
Memory usage before reset: 5449.26953125 MiB (Increase: 0.0 MiB)
Memory usage after reset: 5449.26953125 MiB (Increase: 0.0 MiB)
Current lengths of episodes: [1600]
Memory usage at done (index 0, length 1600, since_prev 1600): 5449.26953125 MiB (Increase: 0.0 MiB)
Memory usage before reset: 5449.26953125 MiB (Increase: 0.0 MiB)
Memory usage after reset: 5449.26953125 MiB (Increase: 0.0 MiB)
Current lengths of episodes: [89]
Memory usage at done (index 0, length 89, since_prev 89): 5449.26953125 MiB (Increase: 0.0 MiB)
Memory usage before reset: 5449.26953125 MiB (Increase: 0.0 MiB)
Memory usage after reset: 5449.26953125 MiB (Increase: 0.0 MiB)
Current lengths of episodes: [77]
Memory usage at done (index 0, length 77, since_prev 77): 5449.26953125 MiB (Increase: 0.0 MiB)
Memory usage before reset: 5449.26953125 MiB (Increase: 0.0 MiB)
Memory usage after reset: 5449.26953125 MiB (Increase: 0.0 MiB)
Training episode 555
Memory usage at middle: 5449.26953125 MiB (Increase: 0.0 MiB)
Memory usage before collect: 5449.26953125 MiB (Increase: 0.0 MiB)
Memory usage after collect: 5449.26953125 MiB (Increase: 0.0 MiB)
Memory usage before initialization: 5449.26953125 MiB (Increase: 0.0 MiB)
Memory usage after initialization: 5449.26953125 MiB (Increase: 0.0 MiB)
Current lengths of episodes: [98]
Memory usage at done (index 0, length 98, since_prev 98): 5449.26953125 MiB (Increase: 0.0 MiB)
Memory usage before reset: 5449.26953125 MiB (Increase: 0.0 MiB)
Memory usage after reset: 5449.26953125 MiB (Increase: 0.0 MiB)
Current lengths of episodes: [1600]
Memory usage at done (index 0, length 1600, since_prev 1600): 5449.26953125 MiB (Increase: 0.0 MiB)
Memory usage before reset: 5449.26953125 MiB (Increase: 0.0 MiB)
Memory usage after reset: 5449.26953125 MiB (Increase: 0.0 MiB)
Current lengths of episodes: [1600]
Memory usage at done (index 0, length 1600, since_prev 1600): 5449.26953125 MiB (Increase: 0.0 MiB)
Memory usage before reset: 5449.26953125 MiB (Increase: 0.0 MiB)
Memory usage after reset: 5449.26953125 MiB (Increase: 0.0 MiB)
Current lengths of episodes: [1249]
Memory usage at done (index 0, length 1249, since_prev 1249): 5449.26953125 MiB (Increase: 0.0 MiB)
Memory usage before reset: 5449.26953125 MiB (Increase: 0.0 MiB)
Memory usage after reset: 5449.26953125 MiB (Increase: 0.0 MiB)
Current lengths of episodes: [1600]
Memory usage at done (index 0, length 1600, since_prev 1600): 5449.26953125 MiB (Increase: 0.0 MiB)
Memory usage before reset: 5449.26953125 MiB (Increase: 0.0 MiB)
Memory usage after reset: 5449.26953125 MiB (Increase: 0.0 MiB)
Training episode 560
Memory usage at middle: 5449.26953125 MiB (Increase: 0.0 MiB)
Memory usage before collect: 5449.26953125 MiB (Increase: 0.0 MiB)
Memory usage after collect: 5449.26953125 MiB (Increase: 0.0 MiB)
Memory usage before initialization: 5449.26953125 MiB (Increase: 0.0 MiB)
Memory usage after initialization: 5449.26953125 MiB (Increase: 0.0 MiB)
Current lengths of episodes: [71]
Memory usage at done (index 0, length 71, since_prev 71): 5449.26953125 MiB (Increase: 0.0 MiB)
Memory usage before reset: 5449.26953125 MiB (Increase: 0.0 MiB)
Memory usage after reset: 5449.26953125 MiB (Increase: 0.0 MiB)
Current lengths of episodes: [1600]
Memory usage at done (index 0, length 1600, since_prev 1600): 5449.26953125 MiB (Increase: 0.0 MiB)
Memory usage before reset: 5449.26953125 MiB (Increase: 0.0 MiB)
Memory usage after reset: 5449.26953125 MiB (Increase: 0.0 MiB)
Current lengths of episodes: [1600]
Memory usage at done (index 0, length 1600, since_prev 1600): 5449.26953125 MiB (Increase: 0.0 MiB)
Memory usage before reset: 5449.26953125 MiB (Increase: 0.0 MiB)
Memory usage after reset: 5449.26953125 MiB (Increase: 0.0 MiB)
Current lengths of episodes: [452]
Memory usage at done (index 0, length 452, since_prev 452): 5449.26953125 MiB (Increase: 0.0 MiB)
Memory usage before reset: 5449.26953125 MiB (Increase: 0.0 MiB)
Memory usage after reset: 5449.26953125 MiB (Increase: 0.0 MiB)
Current lengths of episodes: [1600]
Memory usage at done (index 0, length 1600, since_prev 1600): 5449.26953125 MiB (Increase: 0.0 MiB)
Memory usage before reset: 5449.26953125 MiB (Increase: 0.0 MiB)
Memory usage after reset: 5449.26953125 MiB (Increase: 0.0 MiB)
Training episode 565
Memory usage at middle: 5449.26953125 MiB (Increase: 0.0 MiB)
Memory usage before collect: 5449.26953125 MiB (Increase: 0.0 MiB)
Memory usage after collect: 5449.26953125 MiB (Increase: 0.0 MiB)
Memory usage before initialization: 5449.26953125 MiB (Increase: 0.0 MiB)
Memory usage after initialization: 5449.26953125 MiB (Increase: 0.0 MiB)
Current lengths of episodes: [86]
Memory usage at done (index 0, length 86, since_prev 86): 5449.26953125 MiB (Increase: 0.0 MiB)
Memory usage before reset: 5449.26953125 MiB (Increase: 0.0 MiB)
Memory usage after reset: 5449.26953125 MiB (Increase: 0.0 MiB)
Current lengths of episodes: [64]
Memory usage at done (index 0, length 64, since_prev 64): 5449.26953125 MiB (Increase: 0.0 MiB)
Memory usage before reset: 5449.26953125 MiB (Increase: 0.0 MiB)
Memory usage after reset: 5449.26953125 MiB (Increase: 0.0 MiB)
Current lengths of episodes: [1600]
Memory usage at done (index 0, length 1600, since_prev 1600): 5449.26953125 MiB (Increase: 0.0 MiB)
Memory usage before reset: 5449.26953125 MiB (Increase: 0.0 MiB)
Memory usage after reset: 5449.26953125 MiB (Increase: 0.0 MiB)
Current lengths of episodes: [63]
Memory usage at done (index 0, length 63, since_prev 63): 5449.26953125 MiB (Increase: 0.0 MiB)
Memory usage before reset: 5449.26953125 MiB (Increase: 0.0 MiB)
Memory usage after reset: 5449.26953125 MiB (Increase: 0.0 MiB)
Current lengths of episodes: [1600]
Memory usage at done (index 0, length 1600, since_prev 1600): 5449.26953125 MiB (Increase: 0.0 MiB)
Memory usage before reset: 5449.26953125 MiB (Increase: 0.0 MiB)
Memory usage after reset: 5449.26953125 MiB (Increase: 0.0 MiB)
Training episode 570
Memory usage at middle: 5449.26953125 MiB (Increase: 0.0 MiB)
Memory usage before collect: 5449.26953125 MiB (Increase: 0.0 MiB)
Memory usage after collect: 5449.26953125 MiB (Increase: 0.0 MiB)
Memory usage before initialization: 5449.26953125 MiB (Increase: 0.0 MiB)
Memory usage after initialization: 5449.26953125 MiB (Increase: 0.0 MiB)
Current lengths of episodes: [74]
Memory usage at done (index 0, length 74, since_prev 74): 5449.26953125 MiB (Increase: 0.0 MiB)
Memory usage before reset: 5449.26953125 MiB (Increase: 0.0 MiB)
Memory usage after reset: 5449.26953125 MiB (Increase: 0.0 MiB)
Current lengths of episodes: [1600]
Memory usage at done (index 0, length 1600, since_prev 1600): 5449.26953125 MiB (Increase: 0.0 MiB)
Memory usage before reset: 5449.26953125 MiB (Increase: 0.0 MiB)
Memory usage after reset: 5449.26953125 MiB (Increase: 0.0 MiB)
Current lengths of episodes: [1600]
Memory usage at done (index 0, length 1600, since_prev 1600): 5449.26953125 MiB (Increase: 0.0 MiB)
Memory usage before reset: 5449.26953125 MiB (Increase: 0.0 MiB)
Memory usage after reset: 5449.26953125 MiB (Increase: 0.0 MiB)
Current lengths of episodes: [1600]
Memory usage at done (index 0, length 1600, since_prev 1600): 5449.26953125 MiB (Increase: 0.0 MiB)
Memory usage before reset: 5449.26953125 MiB (Increase: 0.0 MiB)
Memory usage after reset: 5449.26953125 MiB (Increase: 0.0 MiB)
Current lengths of episodes: [1600]
Memory usage at done (index 0, length 1600, since_prev 1600): 5449.26953125 MiB (Increase: 0.0 MiB)
Memory usage before reset: 5449.26953125 MiB (Increase: 0.0 MiB)
Memory usage after reset: 5449.26953125 MiB (Increase: 0.0 MiB)
Training episode 575
Memory usage at middle: 5449.26953125 MiB (Increase: 0.0 MiB)
Memory usage before collect: 5449.26953125 MiB (Increase: 0.0 MiB)
Memory usage after collect: 5449.26953125 MiB (Increase: 0.0 MiB)
Memory usage before initialization: 5449.26953125 MiB (Increase: 0.0 MiB)
Memory usage after initialization: 5449.26953125 MiB (Increase: 0.0 MiB)
Current lengths of episodes: [1600]
Memory usage at done (index 0, length 1600, since_prev 1600): 5449.26953125 MiB (Increase: 0.0 MiB)
Memory usage before reset: 5449.26953125 MiB (Increase: 0.0 MiB)
Memory usage after reset: 5449.26953125 MiB (Increase: 0.0 MiB)
Current lengths of episodes: [56]
Memory usage at done (index 0, length 56, since_prev 56): 5449.26953125 MiB (Increase: 0.0 MiB)
Memory usage before reset: 5449.26953125 MiB (Increase: 0.0 MiB)
Memory usage after reset: 5449.26953125 MiB (Increase: 0.0 MiB)
Current lengths of episodes: [78]
Memory usage at done (index 0, length 78, since_prev 78): 5449.26953125 MiB (Increase: 0.0 MiB)
Memory usage before reset: 5449.26953125 MiB (Increase: 0.0 MiB)
Memory usage after reset: 5449.26953125 MiB (Increase: 0.0 MiB)
Current lengths of episodes: [419]
Memory usage at done (index 0, length 419, since_prev 419): 5449.26953125 MiB (Increase: 0.0 MiB)
Memory usage before reset: 5449.26953125 MiB (Increase: 0.0 MiB)
Memory usage after reset: 5449.26953125 MiB (Increase: 0.0 MiB)
Current lengths of episodes: [1600]
Memory usage at done (index 0, length 1600, since_prev 1600): 5449.26953125 MiB (Increase: 0.0 MiB)
Memory usage before reset: 5449.26953125 MiB (Increase: 0.0 MiB)
Memory usage after reset: 5449.26953125 MiB (Increase: 0.0 MiB)
Training episode 580
Memory usage at middle: 5449.26953125 MiB (Increase: 0.0 MiB)
Memory usage before collect: 5449.26953125 MiB (Increase: 0.0 MiB)
Memory usage after collect: 5449.26953125 MiB (Increase: 0.0 MiB)
Memory usage before initialization: 5449.26953125 MiB (Increase: 0.0 MiB)
Memory usage after initialization: 5449.26953125 MiB (Increase: 0.0 MiB)
Current lengths of episodes: [1140]
Memory usage at done (index 0, length 1140, since_prev 1140): 5449.26953125 MiB (Increase: 0.0 MiB)
Memory usage before reset: 5449.26953125 MiB (Increase: 0.0 MiB)
Memory usage after reset: 5449.26953125 MiB (Increase: 0.0 MiB)
Current lengths of episodes: [1600]
Memory usage at done (index 0, length 1600, since_prev 1600): 5449.26953125 MiB (Increase: 0.0 MiB)
Memory usage before reset: 5449.26953125 MiB (Increase: 0.0 MiB)
Memory usage after reset: 5449.26953125 MiB (Increase: 0.0 MiB)
Current lengths of episodes: [1600]
Memory usage at done (index 0, length 1600, since_prev 1600): 5449.26953125 MiB (Increase: 0.0 MiB)
Memory usage before reset: 5449.26953125 MiB (Increase: 0.0 MiB)
Memory usage after reset: 5449.26953125 MiB (Increase: 0.0 MiB)
Current lengths of episodes: [83]
Memory usage at done (index 0, length 83, since_prev 83): 5449.26953125 MiB (Increase: 0.0 MiB)
Memory usage before reset: 5449.26953125 MiB (Increase: 0.0 MiB)
Memory usage after reset: 5449.26953125 MiB (Increase: 0.0 MiB)
Current lengths of episodes: [144]
Memory usage at done (index 0, length 144, since_prev 144): 5449.26953125 MiB (Increase: 0.0 MiB)
Memory usage before reset: 5449.26953125 MiB (Increase: 0.0 MiB)
Memory usage after reset: 5449.26953125 MiB (Increase: 0.0 MiB)
Training episode 585
Memory usage at middle: 5449.26953125 MiB (Increase: 0.0 MiB)
Memory usage before collect: 5449.26953125 MiB (Increase: 0.0 MiB)
Memory usage after collect: 5449.26953125 MiB (Increase: 0.0 MiB)
Memory usage before initialization: 5449.26953125 MiB (Increase: 0.0 MiB)
Memory usage after initialization: 5449.26953125 MiB (Increase: 0.0 MiB)
Current lengths of episodes: [1600]
Memory usage at done (index 0, length 1600, since_prev 1600): 5449.26953125 MiB (Increase: 0.0 MiB)
Memory usage before reset: 5449.26953125 MiB (Increase: 0.0 MiB)
Memory usage after reset: 5449.26953125 MiB (Increase: 0.0 MiB)
Current lengths of episodes: [78]
Memory usage at done (index 0, length 78, since_prev 78): 5449.26953125 MiB (Increase: 0.0 MiB)
Memory usage before reset: 5449.26953125 MiB (Increase: 0.0 MiB)
Memory usage after reset: 5449.26953125 MiB (Increase: 0.0 MiB)
Current lengths of episodes: [98]
Memory usage at done (index 0, length 98, since_prev 98): 5449.26953125 MiB (Increase: 0.0 MiB)
Memory usage before reset: 5449.26953125 MiB (Increase: 0.0 MiB)
Memory usage after reset: 5449.26953125 MiB (Increase: 0.0 MiB)
Current lengths of episodes: [1600]
Memory usage at done (index 0, length 1600, since_prev 1600): 5449.26953125 MiB (Increase: 0.0 MiB)
Memory usage before reset: 5449.26953125 MiB (Increase: 0.0 MiB)
Memory usage after reset: 5449.26953125 MiB (Increase: 0.0 MiB)
Current lengths of episodes: [1600]
Memory usage at done (index 0, length 1600, since_prev 1600): 5449.26953125 MiB (Increase: 0.0 MiB)
Memory usage before reset: 5449.26953125 MiB (Increase: 0.0 MiB)
Memory usage after reset: 5449.26953125 MiB (Increase: 0.0 MiB)
Training episode 590
Memory usage at middle: 5449.26953125 MiB (Increase: 0.0 MiB)
Memory usage before collect: 5449.26953125 MiB (Increase: 0.0 MiB)
Memory usage after collect: 5449.26953125 MiB (Increase: 0.0 MiB)
Memory usage before initialization: 5449.26953125 MiB (Increase: 0.0 MiB)
Memory usage after initialization: 5449.26953125 MiB (Increase: 0.0 MiB)
Current lengths of episodes: [1395]
Memory usage at done (index 0, length 1395, since_prev 1395): 5449.26953125 MiB (Increase: 0.0 MiB)
Memory usage before reset: 5449.26953125 MiB (Increase: 0.0 MiB)
Memory usage after reset: 5449.26953125 MiB (Increase: 0.0 MiB)
Current lengths of episodes: [1600]
Memory usage at done (index 0, length 1600, since_prev 1600): 5449.26953125 MiB (Increase: 0.0 MiB)
Memory usage before reset: 5449.26953125 MiB (Increase: 0.0 MiB)
Memory usage after reset: 5449.26953125 MiB (Increase: 0.0 MiB)
Current lengths of episodes: [1600]
Memory usage at done (index 0, length 1600, since_prev 1600): 5449.26953125 MiB (Increase: 0.0 MiB)
Memory usage before reset: 5449.26953125 MiB (Increase: 0.0 MiB)
Memory usage after reset: 5449.26953125 MiB (Increase: 0.0 MiB)
Current lengths of episodes: [52]
Memory usage at done (index 0, length 52, since_prev 52): 5449.26953125 MiB (Increase: 0.0 MiB)
Memory usage before reset: 5449.26953125 MiB (Increase: 0.0 MiB)
Memory usage after reset: 5449.26953125 MiB (Increase: 0.0 MiB)
Current lengths of episodes: [1600]
Memory usage at done (index 0, length 1600, since_prev 1600): 5449.26953125 MiB (Increase: 0.0 MiB)
Memory usage before reset: 5449.26953125 MiB (Increase: 0.0 MiB)
Memory usage after reset: 5449.26953125 MiB (Increase: 0.0 MiB)
Training episode 595
Memory usage at middle: 5449.26953125 MiB (Increase: 0.0 MiB)
Memory usage before collect: 5449.26953125 MiB (Increase: 0.0 MiB)
Memory usage after collect: 5449.26953125 MiB (Increase: 0.0 MiB)
Memory usage before initialization: 5449.26953125 MiB (Increase: 0.0 MiB)
Memory usage after initialization: 5449.26953125 MiB (Increase: 0.0 MiB)
Current lengths of episodes: [1600]
Memory usage at done (index 0, length 1600, since_prev 1600): 5449.26953125 MiB (Increase: 0.0 MiB)
Memory usage before reset: 5449.26953125 MiB (Increase: 0.0 MiB)
Memory usage after reset: 5449.26953125 MiB (Increase: 0.0 MiB)
Current lengths of episodes: [60]
Memory usage at done (index 0, length 60, since_prev 60): 5449.26953125 MiB (Increase: 0.0 MiB)
Memory usage before reset: 5449.26953125 MiB (Increase: 0.0 MiB)
Memory usage after reset: 5449.26953125 MiB (Increase: 0.0 MiB)
Current lengths of episodes: [59]
Memory usage at done (index 0, length 59, since_prev 59): 5449.26953125 MiB (Increase: 0.0 MiB)
Memory usage before reset: 5449.26953125 MiB (Increase: 0.0 MiB)
Memory usage after reset: 5449.26953125 MiB (Increase: 0.0 MiB)
Current lengths of episodes: [54]
Memory usage at done (index 0, length 54, since_prev 54): 5449.26953125 MiB (Increase: 0.0 MiB)
Memory usage before reset: 5449.26953125 MiB (Increase: 0.0 MiB)
Memory usage after reset: 5449.26953125 MiB (Increase: 0.0 MiB)
Current lengths of episodes: [1600]
Memory usage at done (index 0, length 1600, since_prev 1600): 5449.26953125 MiB (Increase: 0.0 MiB)
Memory usage before reset: 5449.26953125 MiB (Increase: 0.0 MiB)
Memory usage after reset: 5449.26953125 MiB (Increase: 0.0 MiB)
Training episode 600
Memory usage at middle: 5449.26953125 MiB (Increase: 0.0 MiB)
Memory usage before collect: 5449.26953125 MiB (Increase: 0.0 MiB)
Memory usage after collect: 5449.26953125 MiB (Increase: 0.0 MiB)
Episode 600	Average evaluation: -90.51505478352172
Memory usage before initialization: 5449.26953125 MiB (Increase: 0.0 MiB)
Memory usage after initialization: 5449.26953125 MiB (Increase: 0.0 MiB)
Current lengths of episodes: [1600]
Memory usage at done (index 0, length 1600, since_prev 1600): 5449.26953125 MiB (Increase: 0.0 MiB)
Memory usage before reset: 5449.26953125 MiB (Increase: 0.0 MiB)
Memory usage after reset: 5449.26953125 MiB (Increase: 0.0 MiB)
Current lengths of episodes: [1600]
Memory usage at done (index 0, length 1600, since_prev 1600): 5449.26953125 MiB (Increase: 0.0 MiB)
Memory usage before reset: 5449.26953125 MiB (Increase: 0.0 MiB)
Memory usage after reset: 5449.26953125 MiB (Increase: 0.0 MiB)
Current lengths of episodes: [1600]
Memory usage at done (index 0, length 1600, since_prev 1600): 5449.26953125 MiB (Increase: 0.0 MiB)
Memory usage before reset: 5449.26953125 MiB (Increase: 0.0 MiB)
Memory usage after reset: 5449.26953125 MiB (Increase: 0.0 MiB)
Current lengths of episodes: [1600]
Memory usage at done (index 0, length 1600, since_prev 1600): 5449.26953125 MiB (Increase: 0.0 MiB)
Memory usage before reset: 5449.26953125 MiB (Increase: 0.0 MiB)
Memory usage after reset: 5449.26953125 MiB (Increase: 0.0 MiB)
Current lengths of episodes: [61]
Memory usage at done (index 0, length 61, since_prev 61): 5449.26953125 MiB (Increase: 0.0 MiB)
Memory usage before reset: 5449.26953125 MiB (Increase: 0.0 MiB)
Memory usage after reset: 5449.26953125 MiB (Increase: 0.0 MiB)
Training episode 605
Memory usage at middle: 5449.26953125 MiB (Increase: 0.0 MiB)
Memory usage before collect: 5449.26953125 MiB (Increase: 0.0 MiB)
Memory usage after collect: 5449.26953125 MiB (Increase: 0.0 MiB)
Memory usage before initialization: 5449.26953125 MiB (Increase: 0.0 MiB)
Memory usage after initialization: 5449.26953125 MiB (Increase: 0.0 MiB)
Current lengths of episodes: [1600]
Memory usage at done (index 0, length 1600, since_prev 1600): 5449.26953125 MiB (Increase: 0.0 MiB)
Memory usage before reset: 5449.26953125 MiB (Increase: 0.0 MiB)
Memory usage after reset: 5449.26953125 MiB (Increase: 0.0 MiB)
Current lengths of episodes: [35]
Memory usage at done (index 0, length 35, since_prev 35): 5449.26953125 MiB (Increase: 0.0 MiB)
Memory usage before reset: 5449.26953125 MiB (Increase: 0.0 MiB)
Memory usage after reset: 5449.26953125 MiB (Increase: 0.0 MiB)
Current lengths of episodes: [1600]
Memory usage at done (index 0, length 1600, since_prev 1600): 5449.26953125 MiB (Increase: 0.0 MiB)
Memory usage before reset: 5449.26953125 MiB (Increase: 0.0 MiB)
Memory usage after reset: 5449.26953125 MiB (Increase: 0.0 MiB)
Current lengths of episodes: [67]
Memory usage at done (index 0, length 67, since_prev 67): 5449.26953125 MiB (Increase: 0.0 MiB)
Memory usage before reset: 5449.26953125 MiB (Increase: 0.0 MiB)
Memory usage after reset: 5449.26953125 MiB (Increase: 0.0 MiB)
Current lengths of episodes: [76]
Memory usage at done (index 0, length 76, since_prev 76): 5449.26953125 MiB (Increase: 0.0 MiB)
Memory usage before reset: 5449.26953125 MiB (Increase: 0.0 MiB)
Memory usage after reset: 5449.26953125 MiB (Increase: 0.0 MiB)
Training episode 610
Memory usage at middle: 5449.26953125 MiB (Increase: 0.0 MiB)
Memory usage before collect: 5449.26953125 MiB (Increase: 0.0 MiB)
Memory usage after collect: 5449.26953125 MiB (Increase: 0.0 MiB)
Memory usage before initialization: 5449.26953125 MiB (Increase: 0.0 MiB)
Memory usage after initialization: 5449.26953125 MiB (Increase: 0.0 MiB)
Current lengths of episodes: [1600]
Memory usage at done (index 0, length 1600, since_prev 1600): 5449.26953125 MiB (Increase: 0.0 MiB)
Memory usage before reset: 5449.26953125 MiB (Increase: 0.0 MiB)
Memory usage after reset: 5449.26953125 MiB (Increase: 0.0 MiB)
Current lengths of episodes: [75]
Memory usage at done (index 0, length 75, since_prev 75): 5449.26953125 MiB (Increase: 0.0 MiB)
Memory usage before reset: 5449.26953125 MiB (Increase: 0.0 MiB)
Memory usage after reset: 5449.26953125 MiB (Increase: 0.0 MiB)
Current lengths of episodes: [1600]
Memory usage at done (index 0, length 1600, since_prev 1600): 5449.26953125 MiB (Increase: 0.0 MiB)
Memory usage before reset: 5449.26953125 MiB (Increase: 0.0 MiB)
Memory usage after reset: 5449.26953125 MiB (Increase: 0.0 MiB)
Current lengths of episodes: [61]
Memory usage at done (index 0, length 61, since_prev 61): 5449.26953125 MiB (Increase: 0.0 MiB)
Memory usage before reset: 5449.26953125 MiB (Increase: 0.0 MiB)
Memory usage after reset: 5449.26953125 MiB (Increase: 0.0 MiB)
Current lengths of episodes: [94]
Memory usage at done (index 0, length 94, since_prev 94): 5449.26953125 MiB (Increase: 0.0 MiB)
Memory usage before reset: 5449.26953125 MiB (Increase: 0.0 MiB)
Memory usage after reset: 5449.26953125 MiB (Increase: 0.0 MiB)
Training episode 615
Memory usage at middle: 5449.26953125 MiB (Increase: 0.0 MiB)
Memory usage before collect: 5449.26953125 MiB (Increase: 0.0 MiB)
Memory usage after collect: 5449.26953125 MiB (Increase: 0.0 MiB)
Memory usage before initialization: 5449.26953125 MiB (Increase: 0.0 MiB)
Memory usage after initialization: 5449.26953125 MiB (Increase: 0.0 MiB)
Current lengths of episodes: [55]
Memory usage at done (index 0, length 55, since_prev 55): 5449.26953125 MiB (Increase: 0.0 MiB)
Memory usage before reset: 5449.26953125 MiB (Increase: 0.0 MiB)
Memory usage after reset: 5449.26953125 MiB (Increase: 0.0 MiB)
Current lengths of episodes: [68]
Memory usage at done (index 0, length 68, since_prev 68): 5449.26953125 MiB (Increase: 0.0 MiB)
Memory usage before reset: 5449.26953125 MiB (Increase: 0.0 MiB)
Memory usage after reset: 5449.26953125 MiB (Increase: 0.0 MiB)
Current lengths of episodes: [1600]
Memory usage at done (index 0, length 1600, since_prev 1600): 5449.26953125 MiB (Increase: 0.0 MiB)
Memory usage before reset: 5449.26953125 MiB (Increase: 0.0 MiB)
Memory usage after reset: 5449.26953125 MiB (Increase: 0.0 MiB)
Current lengths of episodes: [339]
Memory usage at done (index 0, length 339, since_prev 339): 5449.26953125 MiB (Increase: 0.0 MiB)
Memory usage before reset: 5449.26953125 MiB (Increase: 0.0 MiB)
Memory usage after reset: 5449.26953125 MiB (Increase: 0.0 MiB)
Current lengths of episodes: [1600]
Memory usage at done (index 0, length 1600, since_prev 1600): 5449.26953125 MiB (Increase: 0.0 MiB)
Memory usage before reset: 5449.26953125 MiB (Increase: 0.0 MiB)
Memory usage after reset: 5449.26953125 MiB (Increase: 0.0 MiB)
Training episode 620
Memory usage at middle: 5449.26953125 MiB (Increase: 0.0 MiB)
Memory usage before collect: 5449.26953125 MiB (Increase: 0.0 MiB)
Memory usage after collect: 5449.26953125 MiB (Increase: 0.0 MiB)
Memory usage before initialization: 5449.26953125 MiB (Increase: 0.0 MiB)
Memory usage after initialization: 5449.26953125 MiB (Increase: 0.0 MiB)
Current lengths of episodes: [1600]
Memory usage at done (index 0, length 1600, since_prev 1600): 5449.26953125 MiB (Increase: 0.0 MiB)
Memory usage before reset: 5449.26953125 MiB (Increase: 0.0 MiB)
Memory usage after reset: 5449.26953125 MiB (Increase: 0.0 MiB)
Current lengths of episodes: [1600]
Memory usage at done (index 0, length 1600, since_prev 1600): 5449.26953125 MiB (Increase: 0.0 MiB)
Memory usage before reset: 5449.26953125 MiB (Increase: 0.0 MiB)
Memory usage after reset: 5449.26953125 MiB (Increase: 0.0 MiB)
Current lengths of episodes: [1600]
Memory usage at done (index 0, length 1600, since_prev 1600): 5449.26953125 MiB (Increase: 0.0 MiB)
Memory usage before reset: 5449.26953125 MiB (Increase: 0.0 MiB)
Memory usage after reset: 5449.26953125 MiB (Increase: 0.0 MiB)
Current lengths of episodes: [54]
Memory usage at done (index 0, length 54, since_prev 54): 5449.26953125 MiB (Increase: 0.0 MiB)
Memory usage before reset: 5449.26953125 MiB (Increase: 0.0 MiB)
Memory usage after reset: 5449.26953125 MiB (Increase: 0.0 MiB)
Current lengths of episodes: [80]
Memory usage at done (index 0, length 80, since_prev 80): 5449.26953125 MiB (Increase: 0.0 MiB)
Memory usage before reset: 5449.26953125 MiB (Increase: 0.0 MiB)
Memory usage after reset: 5449.26953125 MiB (Increase: 0.0 MiB)
Training episode 625
Memory usage at middle: 5449.26953125 MiB (Increase: 0.0 MiB)
Memory usage before collect: 5449.26953125 MiB (Increase: 0.0 MiB)
Memory usage after collect: 5449.26953125 MiB (Increase: 0.0 MiB)
Memory usage before initialization: 5449.26953125 MiB (Increase: 0.0 MiB)
Memory usage after initialization: 5449.26953125 MiB (Increase: 0.0 MiB)
Current lengths of episodes: [1600]
Memory usage at done (index 0, length 1600, since_prev 1600): 5449.26953125 MiB (Increase: 0.0 MiB)
Memory usage before reset: 5449.26953125 MiB (Increase: 0.0 MiB)
Memory usage after reset: 5449.26953125 MiB (Increase: 0.0 MiB)
Current lengths of episodes: [60]
Memory usage at done (index 0, length 60, since_prev 60): 5449.26953125 MiB (Increase: 0.0 MiB)
Memory usage before reset: 5449.26953125 MiB (Increase: 0.0 MiB)
Memory usage after reset: 5449.26953125 MiB (Increase: 0.0 MiB)
Current lengths of episodes: [1600]
Memory usage at done (index 0, length 1600, since_prev 1600): 5449.26953125 MiB (Increase: 0.0 MiB)
Memory usage before reset: 5449.26953125 MiB (Increase: 0.0 MiB)
Memory usage after reset: 5449.26953125 MiB (Increase: 0.0 MiB)
Current lengths of episodes: [1600]
Memory usage at done (index 0, length 1600, since_prev 1600): 5449.26953125 MiB (Increase: 0.0 MiB)
Memory usage before reset: 5449.26953125 MiB (Increase: 0.0 MiB)
Memory usage after reset: 5449.26953125 MiB (Increase: 0.0 MiB)
Current lengths of episodes: [64]
Memory usage at done (index 0, length 64, since_prev 64): 5449.26953125 MiB (Increase: 0.0 MiB)
Memory usage before reset: 5449.26953125 MiB (Increase: 0.0 MiB)
Memory usage after reset: 5449.26953125 MiB (Increase: 0.0 MiB)
Training episode 630
Memory usage at middle: 5449.26953125 MiB (Increase: 0.0 MiB)
Memory usage before collect: 5449.26953125 MiB (Increase: 0.0 MiB)
Memory usage after collect: 5449.26953125 MiB (Increase: 0.0 MiB)
Memory usage before initialization: 5449.26953125 MiB (Increase: 0.0 MiB)
Memory usage after initialization: 5449.26953125 MiB (Increase: 0.0 MiB)
Current lengths of episodes: [73]
Memory usage at done (index 0, length 73, since_prev 73): 5449.26953125 MiB (Increase: 0.0 MiB)
Memory usage before reset: 5449.26953125 MiB (Increase: 0.0 MiB)
Memory usage after reset: 5449.26953125 MiB (Increase: 0.0 MiB)
Current lengths of episodes: [78]
Memory usage at done (index 0, length 78, since_prev 78): 5449.26953125 MiB (Increase: 0.0 MiB)
Memory usage before reset: 5449.26953125 MiB (Increase: 0.0 MiB)
Memory usage after reset: 5449.26953125 MiB (Increase: 0.0 MiB)
Current lengths of episodes: [1600]
Memory usage at done (index 0, length 1600, since_prev 1600): 5449.26953125 MiB (Increase: 0.0 MiB)
Memory usage before reset: 5449.26953125 MiB (Increase: 0.0 MiB)
Memory usage after reset: 5449.26953125 MiB (Increase: 0.0 MiB)
Current lengths of episodes: [1600]
Memory usage at done (index 0, length 1600, since_prev 1600): 5449.26953125 MiB (Increase: 0.0 MiB)
Memory usage before reset: 5449.26953125 MiB (Increase: 0.0 MiB)
Memory usage after reset: 5449.26953125 MiB (Increase: 0.0 MiB)
Current lengths of episodes: [1600]
Memory usage at done (index 0, length 1600, since_prev 1600): 5449.26953125 MiB (Increase: 0.0 MiB)
Memory usage before reset: 5449.26953125 MiB (Increase: 0.0 MiB)
Memory usage after reset: 5449.26953125 MiB (Increase: 0.0 MiB)
Training episode 635
Memory usage at middle: 5449.26953125 MiB (Increase: 0.0 MiB)
Memory usage before collect: 5449.26953125 MiB (Increase: 0.0 MiB)
Memory usage after collect: 5449.26953125 MiB (Increase: 0.0 MiB)
Memory usage before initialization: 5449.26953125 MiB (Increase: 0.0 MiB)
Memory usage after initialization: 5449.26953125 MiB (Increase: 0.0 MiB)
Current lengths of episodes: [1600]
Memory usage at done (index 0, length 1600, since_prev 1600): 5449.26953125 MiB (Increase: 0.0 MiB)
Memory usage before reset: 5449.26953125 MiB (Increase: 0.0 MiB)
Memory usage after reset: 5449.26953125 MiB (Increase: 0.0 MiB)
Current lengths of episodes: [98]
Memory usage at done (index 0, length 98, since_prev 98): 5449.26953125 MiB (Increase: 0.0 MiB)
Memory usage before reset: 5449.26953125 MiB (Increase: 0.0 MiB)
Memory usage after reset: 5449.26953125 MiB (Increase: 0.0 MiB)
Current lengths of episodes: [73]
Memory usage at done (index 0, length 73, since_prev 73): 5449.26953125 MiB (Increase: 0.0 MiB)
Memory usage before reset: 5449.26953125 MiB (Increase: 0.0 MiB)
Memory usage after reset: 5449.26953125 MiB (Increase: 0.0 MiB)
Current lengths of episodes: [1600]
Memory usage at done (index 0, length 1600, since_prev 1600): 5449.26953125 MiB (Increase: 0.0 MiB)
Memory usage before reset: 5449.26953125 MiB (Increase: 0.0 MiB)
Memory usage after reset: 5449.26953125 MiB (Increase: 0.0 MiB)
Current lengths of episodes: [62]
Memory usage at done (index 0, length 62, since_prev 62): 5449.26953125 MiB (Increase: 0.0 MiB)
Memory usage before reset: 5449.26953125 MiB (Increase: 0.0 MiB)
Memory usage after reset: 5449.26953125 MiB (Increase: 0.0 MiB)
Training episode 640
Memory usage at middle: 5449.26953125 MiB (Increase: 0.0 MiB)
Memory usage before collect: 5449.26953125 MiB (Increase: 0.0 MiB)
Memory usage after collect: 5449.26953125 MiB (Increase: 0.0 MiB)
Memory usage before initialization: 5449.26953125 MiB (Increase: 0.0 MiB)
Memory usage after initialization: 5449.26953125 MiB (Increase: 0.0 MiB)
Current lengths of episodes: [71]
Memory usage at done (index 0, length 71, since_prev 71): 5449.26953125 MiB (Increase: 0.0 MiB)
Memory usage before reset: 5449.26953125 MiB (Increase: 0.0 MiB)
Memory usage after reset: 5449.26953125 MiB (Increase: 0.0 MiB)
Current lengths of episodes: [53]
Memory usage at done (index 0, length 53, since_prev 53): 5449.26953125 MiB (Increase: 0.0 MiB)
Memory usage before reset: 5449.26953125 MiB (Increase: 0.0 MiB)
Memory usage after reset: 5449.26953125 MiB (Increase: 0.0 MiB)
Current lengths of episodes: [1600]
Memory usage at done (index 0, length 1600, since_prev 1600): 5449.26953125 MiB (Increase: 0.0 MiB)
Memory usage before reset: 5449.26953125 MiB (Increase: 0.0 MiB)
Memory usage after reset: 5449.26953125 MiB (Increase: 0.0 MiB)
Current lengths of episodes: [67]
Memory usage at done (index 0, length 67, since_prev 67): 5449.26953125 MiB (Increase: 0.0 MiB)
Memory usage before reset: 5449.26953125 MiB (Increase: 0.0 MiB)
Memory usage after reset: 5449.26953125 MiB (Increase: 0.0 MiB)
Current lengths of episodes: [1600]
Memory usage at done (index 0, length 1600, since_prev 1600): 5449.26953125 MiB (Increase: 0.0 MiB)
Memory usage before reset: 5449.26953125 MiB (Increase: 0.0 MiB)
Memory usage after reset: 5449.26953125 MiB (Increase: 0.0 MiB)
Training episode 645
Memory usage at middle: 5449.26953125 MiB (Increase: 0.0 MiB)
Memory usage before collect: 5449.26953125 MiB (Increase: 0.0 MiB)
Memory usage after collect: 5449.26953125 MiB (Increase: 0.0 MiB)
Memory usage before initialization: 5449.26953125 MiB (Increase: 0.0 MiB)
Memory usage after initialization: 5449.26953125 MiB (Increase: 0.0 MiB)
Current lengths of episodes: [32]
Memory usage at done (index 0, length 32, since_prev 32): 5449.26953125 MiB (Increase: 0.0 MiB)
Memory usage before reset: 5449.26953125 MiB (Increase: 0.0 MiB)
Memory usage after reset: 5449.26953125 MiB (Increase: 0.0 MiB)
Current lengths of episodes: [1600]
Memory usage at done (index 0, length 1600, since_prev 1600): 5449.26953125 MiB (Increase: 0.0 MiB)
Memory usage before reset: 5449.26953125 MiB (Increase: 0.0 MiB)
Memory usage after reset: 5449.26953125 MiB (Increase: 0.0 MiB)
Current lengths of episodes: [109]
Memory usage at done (index 0, length 109, since_prev 109): 5449.26953125 MiB (Increase: 0.0 MiB)
Memory usage before reset: 5449.26953125 MiB (Increase: 0.0 MiB)
Memory usage after reset: 5449.26953125 MiB (Increase: 0.0 MiB)
Current lengths of episodes: [1600]
Memory usage at done (index 0, length 1600, since_prev 1600): 5449.26953125 MiB (Increase: 0.0 MiB)
Memory usage before reset: 5449.26953125 MiB (Increase: 0.0 MiB)
Memory usage after reset: 5449.26953125 MiB (Increase: 0.0 MiB)
Current lengths of episodes: [1600]
Memory usage at done (index 0, length 1600, since_prev 1600): 5449.26953125 MiB (Increase: 0.0 MiB)
Memory usage before reset: 5449.26953125 MiB (Increase: 0.0 MiB)
Memory usage after reset: 5449.26953125 MiB (Increase: 0.0 MiB)
Training episode 650
Memory usage at middle: 5449.26953125 MiB (Increase: 0.0 MiB)
Memory usage before collect: 5449.26953125 MiB (Increase: 0.0 MiB)
Memory usage after collect: 5449.26953125 MiB (Increase: 0.0 MiB)
Episode 650	Average evaluation: -83.35193669735504
Memory usage before initialization: 5449.26953125 MiB (Increase: 0.0 MiB)
Memory usage after initialization: 5449.26953125 MiB (Increase: 0.0 MiB)
Current lengths of episodes: [61]
Memory usage at done (index 0, length 61, since_prev 61): 5449.26953125 MiB (Increase: 0.0 MiB)
Memory usage before reset: 5449.26953125 MiB (Increase: 0.0 MiB)
Memory usage after reset: 5449.26953125 MiB (Increase: 0.0 MiB)
Current lengths of episodes: [1600]
Memory usage at done (index 0, length 1600, since_prev 1600): 5449.26953125 MiB (Increase: 0.0 MiB)
Memory usage before reset: 5449.26953125 MiB (Increase: 0.0 MiB)
Memory usage after reset: 5449.26953125 MiB (Increase: 0.0 MiB)
Current lengths of episodes: [1600]
Memory usage at done (index 0, length 1600, since_prev 1600): 5449.26953125 MiB (Increase: 0.0 MiB)
Memory usage before reset: 5449.26953125 MiB (Increase: 0.0 MiB)
Memory usage after reset: 5449.26953125 MiB (Increase: 0.0 MiB)
Current lengths of episodes: [1600]
Memory usage at done (index 0, length 1600, since_prev 1600): 5449.26953125 MiB (Increase: 0.0 MiB)
Memory usage before reset: 5449.26953125 MiB (Increase: 0.0 MiB)
Memory usage after reset: 5449.26953125 MiB (Increase: 0.0 MiB)
Current lengths of episodes: [63]
Memory usage at done (index 0, length 63, since_prev 63): 5449.26953125 MiB (Increase: 0.0 MiB)
Memory usage before reset: 5449.26953125 MiB (Increase: 0.0 MiB)
Memory usage after reset: 5449.26953125 MiB (Increase: 0.0 MiB)
Training episode 655
Memory usage at middle: 5449.26953125 MiB (Increase: 0.0 MiB)
Memory usage before collect: 5449.26953125 MiB (Increase: 0.0 MiB)
Memory usage after collect: 5449.26953125 MiB (Increase: 0.0 MiB)
Memory usage before initialization: 5449.26953125 MiB (Increase: 0.0 MiB)
Memory usage after initialization: 5449.26953125 MiB (Increase: 0.0 MiB)
Current lengths of episodes: [1600]
Memory usage at done (index 0, length 1600, since_prev 1600): 5449.26953125 MiB (Increase: 0.0 MiB)
Memory usage before reset: 5449.26953125 MiB (Increase: 0.0 MiB)
Memory usage after reset: 5449.26953125 MiB (Increase: 0.0 MiB)
Current lengths of episodes: [1600]
Memory usage at done (index 0, length 1600, since_prev 1600): 5449.26953125 MiB (Increase: 0.0 MiB)
Memory usage before reset: 5449.26953125 MiB (Increase: 0.0 MiB)
Memory usage after reset: 5449.26953125 MiB (Increase: 0.0 MiB)
Current lengths of episodes: [79]
Memory usage at done (index 0, length 79, since_prev 79): 5449.26953125 MiB (Increase: 0.0 MiB)
Memory usage before reset: 5449.26953125 MiB (Increase: 0.0 MiB)
Memory usage after reset: 5449.26953125 MiB (Increase: 0.0 MiB)
Current lengths of episodes: [80]
Memory usage at done (index 0, length 80, since_prev 80): 5449.26953125 MiB (Increase: 0.0 MiB)
Memory usage before reset: 5449.26953125 MiB (Increase: 0.0 MiB)
Memory usage after reset: 5449.26953125 MiB (Increase: 0.0 MiB)
Current lengths of episodes: [1600]
Memory usage at done (index 0, length 1600, since_prev 1600): 5449.26953125 MiB (Increase: 0.0 MiB)
Memory usage before reset: 5449.26953125 MiB (Increase: 0.0 MiB)
Memory usage after reset: 5449.26953125 MiB (Increase: 0.0 MiB)
Training episode 660
Memory usage at middle: 5449.26953125 MiB (Increase: 0.0 MiB)
Memory usage before collect: 5449.26953125 MiB (Increase: 0.0 MiB)
Memory usage after collect: 5449.26953125 MiB (Increase: 0.0 MiB)
Memory usage before initialization: 5449.26953125 MiB (Increase: 0.0 MiB)
Memory usage after initialization: 5449.26953125 MiB (Increase: 0.0 MiB)
Current lengths of episodes: [1600]
Memory usage at done (index 0, length 1600, since_prev 1600): 5449.26953125 MiB (Increase: 0.0 MiB)
Memory usage before reset: 5449.26953125 MiB (Increase: 0.0 MiB)
Memory usage after reset: 5449.26953125 MiB (Increase: 0.0 MiB)
Current lengths of episodes: [80]
Memory usage at done (index 0, length 80, since_prev 80): 5449.26953125 MiB (Increase: 0.0 MiB)
Memory usage before reset: 5449.26953125 MiB (Increase: 0.0 MiB)
Memory usage after reset: 5449.26953125 MiB (Increase: 0.0 MiB)
Current lengths of episodes: [1600]
Memory usage at done (index 0, length 1600, since_prev 1600): 5449.26953125 MiB (Increase: 0.0 MiB)
Memory usage before reset: 5449.26953125 MiB (Increase: 0.0 MiB)
Memory usage after reset: 5449.26953125 MiB (Increase: 0.0 MiB)
Current lengths of episodes: [60]
Memory usage at done (index 0, length 60, since_prev 60): 5449.26953125 MiB (Increase: 0.0 MiB)
Memory usage before reset: 5449.26953125 MiB (Increase: 0.0 MiB)
Memory usage after reset: 5449.26953125 MiB (Increase: 0.0 MiB)
Current lengths of episodes: [1600]
Memory usage at done (index 0, length 1600, since_prev 1600): 5449.26953125 MiB (Increase: 0.0 MiB)
Memory usage before reset: 5449.26953125 MiB (Increase: 0.0 MiB)
Memory usage after reset: 5449.26953125 MiB (Increase: 0.0 MiB)
Training episode 665
Memory usage at middle: 5449.26953125 MiB (Increase: 0.0 MiB)
Memory usage before collect: 5449.26953125 MiB (Increase: 0.0 MiB)
Memory usage after collect: 5449.26953125 MiB (Increase: 0.0 MiB)
Memory usage before initialization: 5449.26953125 MiB (Increase: 0.0 MiB)
Memory usage after initialization: 5449.26953125 MiB (Increase: 0.0 MiB)
Current lengths of episodes: [61]
Memory usage at done (index 0, length 61, since_prev 61): 5449.26953125 MiB (Increase: 0.0 MiB)
Memory usage before reset: 5449.26953125 MiB (Increase: 0.0 MiB)
Memory usage after reset: 5449.26953125 MiB (Increase: 0.0 MiB)
Current lengths of episodes: [85]
Memory usage at done (index 0, length 85, since_prev 85): 5449.26953125 MiB (Increase: 0.0 MiB)
Memory usage before reset: 5449.26953125 MiB (Increase: 0.0 MiB)
Memory usage after reset: 5449.26953125 MiB (Increase: 0.0 MiB)
Current lengths of episodes: [1600]
Memory usage at done (index 0, length 1600, since_prev 1600): 5449.26953125 MiB (Increase: 0.0 MiB)
Memory usage before reset: 5449.26953125 MiB (Increase: 0.0 MiB)
Memory usage after reset: 5449.26953125 MiB (Increase: 0.0 MiB)
Current lengths of episodes: [1600]
Memory usage at done (index 0, length 1600, since_prev 1600): 5449.26953125 MiB (Increase: 0.0 MiB)
Memory usage before reset: 5449.26953125 MiB (Increase: 0.0 MiB)
Memory usage after reset: 5449.26953125 MiB (Increase: 0.0 MiB)
Current lengths of episodes: [65]
Memory usage at done (index 0, length 65, since_prev 65): 5449.26953125 MiB (Increase: 0.0 MiB)
Memory usage before reset: 5449.26953125 MiB (Increase: 0.0 MiB)
Memory usage after reset: 5449.26953125 MiB (Increase: 0.0 MiB)
Training episode 670
Memory usage at middle: 5449.26953125 MiB (Increase: 0.0 MiB)
Memory usage before collect: 5449.26953125 MiB (Increase: 0.0 MiB)
Memory usage after collect: 5449.26953125 MiB (Increase: 0.0 MiB)
Memory usage before initialization: 5449.26953125 MiB (Increase: 0.0 MiB)
Memory usage after initialization: 5449.26953125 MiB (Increase: 0.0 MiB)
Current lengths of episodes: [139]
Memory usage at done (index 0, length 139, since_prev 139): 5449.26953125 MiB (Increase: 0.0 MiB)
Memory usage before reset: 5449.26953125 MiB (Increase: 0.0 MiB)
Memory usage after reset: 5449.26953125 MiB (Increase: 0.0 MiB)
Current lengths of episodes: [1600]
Memory usage at done (index 0, length 1600, since_prev 1600): 5449.26953125 MiB (Increase: 0.0 MiB)
Memory usage before reset: 5449.26953125 MiB (Increase: 0.0 MiB)
Memory usage after reset: 5449.26953125 MiB (Increase: 0.0 MiB)
Current lengths of episodes: [1600]
Memory usage at done (index 0, length 1600, since_prev 1600): 5449.26953125 MiB (Increase: 0.0 MiB)
Memory usage before reset: 5449.26953125 MiB (Increase: 0.0 MiB)
Memory usage after reset: 5449.26953125 MiB (Increase: 0.0 MiB)
Current lengths of episodes: [210]
Memory usage at done (index 0, length 210, since_prev 210): 5449.26953125 MiB (Increase: 0.0 MiB)
Memory usage before reset: 5449.26953125 MiB (Increase: 0.0 MiB)
Memory usage after reset: 5449.26953125 MiB (Increase: 0.0 MiB)
Current lengths of episodes: [1600]
Memory usage at done (index 0, length 1600, since_prev 1600): 5449.26953125 MiB (Increase: 0.0 MiB)
Memory usage before reset: 5449.26953125 MiB (Increase: 0.0 MiB)
Memory usage after reset: 5449.26953125 MiB (Increase: 0.0 MiB)
Training episode 675
Memory usage at middle: 5449.26953125 MiB (Increase: 0.0 MiB)
Memory usage before collect: 5449.26953125 MiB (Increase: 0.0 MiB)
Memory usage after collect: 5449.26953125 MiB (Increase: 0.0 MiB)
Memory usage before initialization: 5449.26953125 MiB (Increase: 0.0 MiB)
Memory usage after initialization: 5449.26953125 MiB (Increase: 0.0 MiB)
Current lengths of episodes: [1600]
Memory usage at done (index 0, length 1600, since_prev 1600): 5449.26953125 MiB (Increase: 0.0 MiB)
Memory usage before reset: 5449.26953125 MiB (Increase: 0.0 MiB)
Memory usage after reset: 5449.26953125 MiB (Increase: 0.0 MiB)
Current lengths of episodes: [54]
Memory usage at done (index 0, length 54, since_prev 54): 5449.26953125 MiB (Increase: 0.0 MiB)
Memory usage before reset: 5449.26953125 MiB (Increase: 0.0 MiB)
Memory usage after reset: 5449.26953125 MiB (Increase: 0.0 MiB)
Current lengths of episodes: [81]
Memory usage at done (index 0, length 81, since_prev 81): 5449.26953125 MiB (Increase: 0.0 MiB)
Memory usage before reset: 5449.26953125 MiB (Increase: 0.0 MiB)
Memory usage after reset: 5449.26953125 MiB (Increase: 0.0 MiB)
Current lengths of episodes: [97]
Memory usage at done (index 0, length 97, since_prev 97): 5449.26953125 MiB (Increase: 0.0 MiB)
Memory usage before reset: 5449.26953125 MiB (Increase: 0.0 MiB)
Memory usage after reset: 5449.26953125 MiB (Increase: 0.0 MiB)
Current lengths of episodes: [1600]
Memory usage at done (index 0, length 1600, since_prev 1600): 5449.26953125 MiB (Increase: 0.0 MiB)
Memory usage before reset: 5449.26953125 MiB (Increase: 0.0 MiB)
Memory usage after reset: 5449.26953125 MiB (Increase: 0.0 MiB)
Training episode 680
Memory usage at middle: 5449.26953125 MiB (Increase: 0.0 MiB)
Memory usage before collect: 5449.26953125 MiB (Increase: 0.0 MiB)
Memory usage after collect: 5449.26953125 MiB (Increase: 0.0 MiB)
Memory usage before initialization: 5449.26953125 MiB (Increase: 0.0 MiB)
Memory usage after initialization: 5449.26953125 MiB (Increase: 0.0 MiB)
Current lengths of episodes: [1600]
Memory usage at done (index 0, length 1600, since_prev 1600): 5449.26953125 MiB (Increase: 0.0 MiB)
Memory usage before reset: 5449.26953125 MiB (Increase: 0.0 MiB)
Memory usage after reset: 5449.26953125 MiB (Increase: 0.0 MiB)
Current lengths of episodes: [1600]
Memory usage at done (index 0, length 1600, since_prev 1600): 5449.26953125 MiB (Increase: 0.0 MiB)
Memory usage before reset: 5449.26953125 MiB (Increase: 0.0 MiB)
Memory usage after reset: 5449.26953125 MiB (Increase: 0.0 MiB)
Current lengths of episodes: [54]
Memory usage at done (index 0, length 54, since_prev 54): 5449.26953125 MiB (Increase: 0.0 MiB)
Memory usage before reset: 5449.26953125 MiB (Increase: 0.0 MiB)
Memory usage after reset: 5449.26953125 MiB (Increase: 0.0 MiB)
Current lengths of episodes: [103]
Memory usage at done (index 0, length 103, since_prev 103): 5449.26953125 MiB (Increase: 0.0 MiB)
Memory usage before reset: 5449.26953125 MiB (Increase: 0.0 MiB)
Memory usage after reset: 5449.26953125 MiB (Increase: 0.0 MiB)
Current lengths of episodes: [1600]
Memory usage at done (index 0, length 1600, since_prev 1600): 5449.26953125 MiB (Increase: 0.0 MiB)
Memory usage before reset: 5449.26953125 MiB (Increase: 0.0 MiB)
Memory usage after reset: 5449.26953125 MiB (Increase: 0.0 MiB)
Training episode 685
Memory usage at middle: 5449.26953125 MiB (Increase: 0.0 MiB)
Memory usage before collect: 5449.26953125 MiB (Increase: 0.0 MiB)
Memory usage after collect: 5449.26953125 MiB (Increase: 0.0 MiB)
Memory usage before initialization: 5449.26953125 MiB (Increase: 0.0 MiB)
Memory usage after initialization: 5449.26953125 MiB (Increase: 0.0 MiB)
Current lengths of episodes: [1600]
Memory usage at done (index 0, length 1600, since_prev 1600): 5449.26953125 MiB (Increase: 0.0 MiB)
Memory usage before reset: 5449.26953125 MiB (Increase: 0.0 MiB)
Memory usage after reset: 5449.26953125 MiB (Increase: 0.0 MiB)
Current lengths of episodes: [52]
Memory usage at done (index 0, length 52, since_prev 52): 5449.26953125 MiB (Increase: 0.0 MiB)
Memory usage before reset: 5449.26953125 MiB (Increase: 0.0 MiB)
Memory usage after reset: 5449.26953125 MiB (Increase: 0.0 MiB)
Current lengths of episodes: [72]
Memory usage at done (index 0, length 72, since_prev 72): 5449.26953125 MiB (Increase: 0.0 MiB)
Memory usage before reset: 5449.26953125 MiB (Increase: 0.0 MiB)
Memory usage after reset: 5449.26953125 MiB (Increase: 0.0 MiB)
Current lengths of episodes: [293]
Memory usage at done (index 0, length 293, since_prev 293): 5449.26953125 MiB (Increase: 0.0 MiB)
Memory usage before reset: 5449.26953125 MiB (Increase: 0.0 MiB)
Memory usage after reset: 5449.26953125 MiB (Increase: 0.0 MiB)
Current lengths of episodes: [45]
Memory usage at done (index 0, length 45, since_prev 45): 5449.26953125 MiB (Increase: 0.0 MiB)
Memory usage before reset: 5449.26953125 MiB (Increase: 0.0 MiB)
Memory usage after reset: 5449.26953125 MiB (Increase: 0.0 MiB)
Training episode 690
Memory usage at middle: 5449.26953125 MiB (Increase: 0.0 MiB)
Memory usage before collect: 5449.26953125 MiB (Increase: 0.0 MiB)
Memory usage after collect: 5449.26953125 MiB (Increase: 0.0 MiB)
Memory usage before initialization: 5449.26953125 MiB (Increase: 0.0 MiB)
Memory usage after initialization: 5449.26953125 MiB (Increase: 0.0 MiB)
Current lengths of episodes: [178]
Memory usage at done (index 0, length 178, since_prev 178): 5449.26953125 MiB (Increase: 0.0 MiB)
Memory usage before reset: 5449.26953125 MiB (Increase: 0.0 MiB)
Memory usage after reset: 5449.26953125 MiB (Increase: 0.0 MiB)
Current lengths of episodes: [69]
Memory usage at done (index 0, length 69, since_prev 69): 5449.26953125 MiB (Increase: 0.0 MiB)
Memory usage before reset: 5449.26953125 MiB (Increase: 0.0 MiB)
Memory usage after reset: 5449.26953125 MiB (Increase: 0.0 MiB)
Current lengths of episodes: [1600]
Memory usage at done (index 0, length 1600, since_prev 1600): 5449.26953125 MiB (Increase: 0.0 MiB)
Memory usage before reset: 5449.26953125 MiB (Increase: 0.0 MiB)
Memory usage after reset: 5449.26953125 MiB (Increase: 0.0 MiB)
Current lengths of episodes: [61]
Memory usage at done (index 0, length 61, since_prev 61): 5449.26953125 MiB (Increase: 0.0 MiB)
Memory usage before reset: 5449.26953125 MiB (Increase: 0.0 MiB)
Memory usage after reset: 5449.26953125 MiB (Increase: 0.0 MiB)
Current lengths of episodes: [47]
Memory usage at done (index 0, length 47, since_prev 47): 5449.26953125 MiB (Increase: 0.0 MiB)
Memory usage before reset: 5449.26953125 MiB (Increase: 0.0 MiB)
Memory usage after reset: 5449.26953125 MiB (Increase: 0.0 MiB)
Training episode 695
Memory usage at middle: 5449.26953125 MiB (Increase: 0.0 MiB)
Memory usage before collect: 5449.26953125 MiB (Increase: 0.0 MiB)
Memory usage after collect: 5449.26953125 MiB (Increase: 0.0 MiB)
Memory usage before initialization: 5449.26953125 MiB (Increase: 0.0 MiB)
Memory usage after initialization: 5449.26953125 MiB (Increase: 0.0 MiB)
Current lengths of episodes: [1600]
Memory usage at done (index 0, length 1600, since_prev 1600): 5449.26953125 MiB (Increase: 0.0 MiB)
Memory usage before reset: 5449.26953125 MiB (Increase: 0.0 MiB)
Memory usage after reset: 5449.26953125 MiB (Increase: 0.0 MiB)
Current lengths of episodes: [1600]
Memory usage at done (index 0, length 1600, since_prev 1600): 5449.26953125 MiB (Increase: 0.0 MiB)
Memory usage before reset: 5449.26953125 MiB (Increase: 0.0 MiB)
Memory usage after reset: 5449.26953125 MiB (Increase: 0.0 MiB)
Current lengths of episodes: [946]
Memory usage at done (index 0, length 946, since_prev 946): 5449.26953125 MiB (Increase: 0.0 MiB)
Memory usage before reset: 5449.26953125 MiB (Increase: 0.0 MiB)
Memory usage after reset: 5449.26953125 MiB (Increase: 0.0 MiB)
Current lengths of episodes: [1600]
Memory usage at done (index 0, length 1600, since_prev 1600): 5449.26953125 MiB (Increase: 0.0 MiB)
Memory usage before reset: 5449.26953125 MiB (Increase: 0.0 MiB)
Memory usage after reset: 5449.26953125 MiB (Increase: 0.0 MiB)
Current lengths of episodes: [67]
Memory usage at done (index 0, length 67, since_prev 67): 5449.26953125 MiB (Increase: 0.0 MiB)
Memory usage before reset: 5449.26953125 MiB (Increase: 0.0 MiB)
Memory usage after reset: 5449.26953125 MiB (Increase: 0.0 MiB)
Training episode 700
Memory usage at middle: 5449.26953125 MiB (Increase: 0.0 MiB)
Memory usage before collect: 5449.26953125 MiB (Increase: 0.0 MiB)
Memory usage after collect: 5449.26953125 MiB (Increase: 0.0 MiB)
Episode 700	Average evaluation: -71.42094651456935
Memory usage before initialization: 5449.26953125 MiB (Increase: 0.0 MiB)
Memory usage after initialization: 5449.26953125 MiB (Increase: 0.0 MiB)
Current lengths of episodes: [51]
Memory usage at done (index 0, length 51, since_prev 51): 5449.26953125 MiB (Increase: 0.0 MiB)
Memory usage before reset: 5449.26953125 MiB (Increase: 0.0 MiB)
Memory usage after reset: 5449.26953125 MiB (Increase: 0.0 MiB)
Current lengths of episodes: [66]
Memory usage at done (index 0, length 66, since_prev 66): 5449.26953125 MiB (Increase: 0.0 MiB)
Memory usage before reset: 5449.26953125 MiB (Increase: 0.0 MiB)
Memory usage after reset: 5449.26953125 MiB (Increase: 0.0 MiB)
Current lengths of episodes: [104]
Memory usage at done (index 0, length 104, since_prev 104): 5449.26953125 MiB (Increase: 0.0 MiB)
Memory usage before reset: 5449.26953125 MiB (Increase: 0.0 MiB)
Memory usage after reset: 5449.26953125 MiB (Increase: 0.0 MiB)
Current lengths of episodes: [1600]
Memory usage at done (index 0, length 1600, since_prev 1600): 5449.26953125 MiB (Increase: 0.0 MiB)
Memory usage before reset: 5449.26953125 MiB (Increase: 0.0 MiB)
Memory usage after reset: 5449.26953125 MiB (Increase: 0.0 MiB)
Current lengths of episodes: [100]
Memory usage at done (index 0, length 100, since_prev 100): 5449.26953125 MiB (Increase: 0.0 MiB)
Memory usage before reset: 5449.26953125 MiB (Increase: 0.0 MiB)
Memory usage after reset: 5449.26953125 MiB (Increase: 0.0 MiB)
Training episode 705
Memory usage at middle: 5449.26953125 MiB (Increase: 0.0 MiB)
Memory usage before collect: 5449.26953125 MiB (Increase: 0.0 MiB)
Memory usage after collect: 5449.26953125 MiB (Increase: 0.0 MiB)
Memory usage before initialization: 5449.26953125 MiB (Increase: 0.0 MiB)
Memory usage after initialization: 5449.26953125 MiB (Increase: 0.0 MiB)
Current lengths of episodes: [1600]
Memory usage at done (index 0, length 1600, since_prev 1600): 5449.26953125 MiB (Increase: 0.0 MiB)
Memory usage before reset: 5449.26953125 MiB (Increase: 0.0 MiB)
Memory usage after reset: 5449.26953125 MiB (Increase: 0.0 MiB)
Current lengths of episodes: [1600]
Memory usage at done (index 0, length 1600, since_prev 1600): 5449.26953125 MiB (Increase: 0.0 MiB)
Memory usage before reset: 5449.26953125 MiB (Increase: 0.0 MiB)
Memory usage after reset: 5449.26953125 MiB (Increase: 0.0 MiB)
Current lengths of episodes: [54]
Memory usage at done (index 0, length 54, since_prev 54): 5449.26953125 MiB (Increase: 0.0 MiB)
Memory usage before reset: 5449.26953125 MiB (Increase: 0.0 MiB)
Memory usage after reset: 5449.26953125 MiB (Increase: 0.0 MiB)
Current lengths of episodes: [58]
Memory usage at done (index 0, length 58, since_prev 58): 5449.26953125 MiB (Increase: 0.0 MiB)
Memory usage before reset: 5449.26953125 MiB (Increase: 0.0 MiB)
Memory usage after reset: 5449.26953125 MiB (Increase: 0.0 MiB)
Current lengths of episodes: [1600]
Memory usage at done (index 0, length 1600, since_prev 1600): 5449.26953125 MiB (Increase: 0.0 MiB)
Memory usage before reset: 5449.26953125 MiB (Increase: 0.0 MiB)
Memory usage after reset: 5449.26953125 MiB (Increase: 0.0 MiB)
Training episode 710
Memory usage at middle: 5449.26953125 MiB (Increase: 0.0 MiB)
Memory usage before collect: 5449.26953125 MiB (Increase: 0.0 MiB)
Memory usage after collect: 5449.26953125 MiB (Increase: 0.0 MiB)
Memory usage before initialization: 5449.26953125 MiB (Increase: 0.0 MiB)
Memory usage after initialization: 5449.26953125 MiB (Increase: 0.0 MiB)
Current lengths of episodes: [86]
Memory usage at done (index 0, length 86, since_prev 86): 5449.26953125 MiB (Increase: 0.0 MiB)
Memory usage before reset: 5449.26953125 MiB (Increase: 0.0 MiB)
Memory usage after reset: 5449.26953125 MiB (Increase: 0.0 MiB)
Current lengths of episodes: [64]
Memory usage at done (index 0, length 64, since_prev 64): 5449.26953125 MiB (Increase: 0.0 MiB)
Memory usage before reset: 5449.26953125 MiB (Increase: 0.0 MiB)
Memory usage after reset: 5449.26953125 MiB (Increase: 0.0 MiB)
Current lengths of episodes: [73]
Memory usage at done (index 0, length 73, since_prev 73): 5449.26953125 MiB (Increase: 0.0 MiB)
Memory usage before reset: 5449.26953125 MiB (Increase: 0.0 MiB)
Memory usage after reset: 5449.26953125 MiB (Increase: 0.0 MiB)
Current lengths of episodes: [114]
Memory usage at done (index 0, length 114, since_prev 114): 5449.26953125 MiB (Increase: 0.0 MiB)
Memory usage before reset: 5449.26953125 MiB (Increase: 0.0 MiB)
Memory usage after reset: 5449.26953125 MiB (Increase: 0.0 MiB)
Current lengths of episodes: [46]
Memory usage at done (index 0, length 46, since_prev 46): 5449.26953125 MiB (Increase: 0.0 MiB)
Memory usage before reset: 5449.26953125 MiB (Increase: 0.0 MiB)
Memory usage after reset: 5449.26953125 MiB (Increase: 0.0 MiB)
Training episode 715
Memory usage at middle: 5449.26953125 MiB (Increase: 0.0 MiB)
Memory usage before collect: 5449.26953125 MiB (Increase: 0.0 MiB)
Memory usage after collect: 5449.26953125 MiB (Increase: 0.0 MiB)
Memory usage before initialization: 5449.26953125 MiB (Increase: 0.0 MiB)
Memory usage after initialization: 5449.26953125 MiB (Increase: 0.0 MiB)
Current lengths of episodes: [1600]
Memory usage at done (index 0, length 1600, since_prev 1600): 5449.26953125 MiB (Increase: 0.0 MiB)
Memory usage before reset: 5449.26953125 MiB (Increase: 0.0 MiB)
Memory usage after reset: 5449.26953125 MiB (Increase: 0.0 MiB)
Current lengths of episodes: [1600]
Memory usage at done (index 0, length 1600, since_prev 1600): 5449.26953125 MiB (Increase: 0.0 MiB)
Memory usage before reset: 5449.26953125 MiB (Increase: 0.0 MiB)
Memory usage after reset: 5449.26953125 MiB (Increase: 0.0 MiB)
Current lengths of episodes: [43]
Memory usage at done (index 0, length 43, since_prev 43): 5449.26953125 MiB (Increase: 0.0 MiB)
Memory usage before reset: 5449.26953125 MiB (Increase: 0.0 MiB)
Memory usage after reset: 5449.26953125 MiB (Increase: 0.0 MiB)
Current lengths of episodes: [1600]
Memory usage at done (index 0, length 1600, since_prev 1600): 5449.26953125 MiB (Increase: 0.0 MiB)
Memory usage before reset: 5449.26953125 MiB (Increase: 0.0 MiB)
Memory usage after reset: 5449.26953125 MiB (Increase: 0.0 MiB)
Current lengths of episodes: [57]
Memory usage at done (index 0, length 57, since_prev 57): 5449.26953125 MiB (Increase: 0.0 MiB)
Memory usage before reset: 5449.26953125 MiB (Increase: 0.0 MiB)
Memory usage after reset: 5449.26953125 MiB (Increase: 0.0 MiB)
Training episode 720
Memory usage at middle: 5449.26953125 MiB (Increase: 0.0 MiB)
Memory usage before collect: 5449.26953125 MiB (Increase: 0.0 MiB)
Memory usage after collect: 5449.26953125 MiB (Increase: 0.0 MiB)
Memory usage before initialization: 5449.26953125 MiB (Increase: 0.0 MiB)
Memory usage after initialization: 5449.26953125 MiB (Increase: 0.0 MiB)
Current lengths of episodes: [68]
Memory usage at done (index 0, length 68, since_prev 68): 5449.26953125 MiB (Increase: 0.0 MiB)
Memory usage before reset: 5449.26953125 MiB (Increase: 0.0 MiB)
Memory usage after reset: 5449.26953125 MiB (Increase: 0.0 MiB)
Current lengths of episodes: [70]
Memory usage at done (index 0, length 70, since_prev 70): 5449.26953125 MiB (Increase: 0.0 MiB)
Memory usage before reset: 5449.26953125 MiB (Increase: 0.0 MiB)
Memory usage after reset: 5449.26953125 MiB (Increase: 0.0 MiB)
Current lengths of episodes: [1600]
Memory usage at done (index 0, length 1600, since_prev 1600): 5449.26953125 MiB (Increase: 0.0 MiB)
Memory usage before reset: 5449.26953125 MiB (Increase: 0.0 MiB)
Memory usage after reset: 5449.26953125 MiB (Increase: 0.0 MiB)
Current lengths of episodes: [1600]
Memory usage at done (index 0, length 1600, since_prev 1600): 5449.26953125 MiB (Increase: 0.0 MiB)
Memory usage before reset: 5449.26953125 MiB (Increase: 0.0 MiB)
Memory usage after reset: 5449.26953125 MiB (Increase: 0.0 MiB)
Current lengths of episodes: [1600]
Memory usage at done (index 0, length 1600, since_prev 1600): 5449.26953125 MiB (Increase: 0.0 MiB)
Memory usage before reset: 5449.26953125 MiB (Increase: 0.0 MiB)
Memory usage after reset: 5449.26953125 MiB (Increase: 0.0 MiB)
Training episode 725
Memory usage at middle: 5449.26953125 MiB (Increase: 0.0 MiB)
Memory usage before collect: 5449.26953125 MiB (Increase: 0.0 MiB)
Memory usage after collect: 5449.26953125 MiB (Increase: 0.0 MiB)
Memory usage before initialization: 5449.26953125 MiB (Increase: 0.0 MiB)
Memory usage after initialization: 5449.26953125 MiB (Increase: 0.0 MiB)
Current lengths of episodes: [1600]
Memory usage at done (index 0, length 1600, since_prev 1600): 5449.26953125 MiB (Increase: 0.0 MiB)
Memory usage before reset: 5449.26953125 MiB (Increase: 0.0 MiB)
Memory usage after reset: 5449.26953125 MiB (Increase: 0.0 MiB)
Current lengths of episodes: [92]
Memory usage at done (index 0, length 92, since_prev 92): 5449.26953125 MiB (Increase: 0.0 MiB)
Memory usage before reset: 5449.26953125 MiB (Increase: 0.0 MiB)
Memory usage after reset: 5449.26953125 MiB (Increase: 0.0 MiB)
Current lengths of episodes: [1600]
Memory usage at done (index 0, length 1600, since_prev 1600): 5449.26953125 MiB (Increase: 0.0 MiB)
Memory usage before reset: 5449.26953125 MiB (Increase: 0.0 MiB)
Memory usage after reset: 5449.26953125 MiB (Increase: 0.0 MiB)
Current lengths of episodes: [1600]
Memory usage at done (index 0, length 1600, since_prev 1600): 5449.26953125 MiB (Increase: 0.0 MiB)
Memory usage before reset: 5449.26953125 MiB (Increase: 0.0 MiB)
Memory usage after reset: 5449.26953125 MiB (Increase: 0.0 MiB)
Current lengths of episodes: [1600]
Memory usage at done (index 0, length 1600, since_prev 1600): 5449.26953125 MiB (Increase: 0.0 MiB)
Memory usage before reset: 5449.26953125 MiB (Increase: 0.0 MiB)
Memory usage after reset: 5449.26953125 MiB (Increase: 0.0 MiB)
Training episode 730
Memory usage at middle: 5449.26953125 MiB (Increase: 0.0 MiB)
Memory usage before collect: 5449.26953125 MiB (Increase: 0.0 MiB)
Memory usage after collect: 5449.26953125 MiB (Increase: 0.0 MiB)
Memory usage before initialization: 5449.26953125 MiB (Increase: 0.0 MiB)
Memory usage after initialization: 5449.26953125 MiB (Increase: 0.0 MiB)
Current lengths of episodes: [123]
Memory usage at done (index 0, length 123, since_prev 123): 5449.26953125 MiB (Increase: 0.0 MiB)
Memory usage before reset: 5449.26953125 MiB (Increase: 0.0 MiB)
Memory usage after reset: 5449.26953125 MiB (Increase: 0.0 MiB)
Current lengths of episodes: [80]
Memory usage at done (index 0, length 80, since_prev 80): 5449.26953125 MiB (Increase: 0.0 MiB)
Memory usage before reset: 5449.26953125 MiB (Increase: 0.0 MiB)
Memory usage after reset: 5449.26953125 MiB (Increase: 0.0 MiB)
Current lengths of episodes: [102]
Memory usage at done (index 0, length 102, since_prev 102): 5449.26953125 MiB (Increase: 0.0 MiB)
Memory usage before reset: 5449.26953125 MiB (Increase: 0.0 MiB)
Memory usage after reset: 5449.26953125 MiB (Increase: 0.0 MiB)
Current lengths of episodes: [57]
Memory usage at done (index 0, length 57, since_prev 57): 5449.26953125 MiB (Increase: 0.0 MiB)
Memory usage before reset: 5449.26953125 MiB (Increase: 0.0 MiB)
Memory usage after reset: 5449.26953125 MiB (Increase: 0.0 MiB)
Current lengths of episodes: [71]
Memory usage at done (index 0, length 71, since_prev 71): 5449.26953125 MiB (Increase: 0.0 MiB)
Memory usage before reset: 5449.26953125 MiB (Increase: 0.0 MiB)
Memory usage after reset: 5449.26953125 MiB (Increase: 0.0 MiB)
Training episode 735
Memory usage at middle: 5449.26953125 MiB (Increase: 0.0 MiB)
Memory usage before collect: 5449.26953125 MiB (Increase: 0.0 MiB)
Memory usage after collect: 5449.26953125 MiB (Increase: 0.0 MiB)
Memory usage before initialization: 5449.26953125 MiB (Increase: 0.0 MiB)
Memory usage after initialization: 5449.26953125 MiB (Increase: 0.0 MiB)
Current lengths of episodes: [1600]
Memory usage at done (index 0, length 1600, since_prev 1600): 5449.26953125 MiB (Increase: 0.0 MiB)
Memory usage before reset: 5449.26953125 MiB (Increase: 0.0 MiB)
Memory usage after reset: 5449.26953125 MiB (Increase: 0.0 MiB)
Current lengths of episodes: [425]
Memory usage at done (index 0, length 425, since_prev 425): 5449.26953125 MiB (Increase: 0.0 MiB)
Memory usage before reset: 5449.26953125 MiB (Increase: 0.0 MiB)
Memory usage after reset: 5449.26953125 MiB (Increase: 0.0 MiB)
Current lengths of episodes: [113]
Memory usage at done (index 0, length 113, since_prev 113): 5449.26953125 MiB (Increase: 0.0 MiB)
Memory usage before reset: 5449.26953125 MiB (Increase: 0.0 MiB)
Memory usage after reset: 5449.26953125 MiB (Increase: 0.0 MiB)
Current lengths of episodes: [1600]
Memory usage at done (index 0, length 1600, since_prev 1600): 5449.26953125 MiB (Increase: 0.0 MiB)
Memory usage before reset: 5449.26953125 MiB (Increase: 0.0 MiB)
Memory usage after reset: 5449.26953125 MiB (Increase: 0.0 MiB)
Current lengths of episodes: [73]
Memory usage at done (index 0, length 73, since_prev 73): 5449.26953125 MiB (Increase: 0.0 MiB)
Memory usage before reset: 5449.26953125 MiB (Increase: 0.0 MiB)
Memory usage after reset: 5449.26953125 MiB (Increase: 0.0 MiB)
Training episode 740
Memory usage at middle: 5449.26953125 MiB (Increase: 0.0 MiB)
Memory usage before collect: 5449.26953125 MiB (Increase: 0.0 MiB)
Memory usage after collect: 5449.26953125 MiB (Increase: 0.0 MiB)
Memory usage before initialization: 5449.26953125 MiB (Increase: 0.0 MiB)
Memory usage after initialization: 5449.26953125 MiB (Increase: 0.0 MiB)
Current lengths of episodes: [1600]
Memory usage at done (index 0, length 1600, since_prev 1600): 5449.26953125 MiB (Increase: 0.0 MiB)
Memory usage before reset: 5449.26953125 MiB (Increase: 0.0 MiB)
Memory usage after reset: 5449.26953125 MiB (Increase: 0.0 MiB)
Current lengths of episodes: [191]
Memory usage at done (index 0, length 191, since_prev 191): 5449.26953125 MiB (Increase: 0.0 MiB)
Memory usage before reset: 5449.26953125 MiB (Increase: 0.0 MiB)
Memory usage after reset: 5449.26953125 MiB (Increase: 0.0 MiB)
Current lengths of episodes: [1600]
Memory usage at done (index 0, length 1600, since_prev 1600): 5449.26953125 MiB (Increase: 0.0 MiB)
Memory usage before reset: 5449.26953125 MiB (Increase: 0.0 MiB)
Memory usage after reset: 5449.26953125 MiB (Increase: 0.0 MiB)
Current lengths of episodes: [1600]
Memory usage at done (index 0, length 1600, since_prev 1600): 5449.26953125 MiB (Increase: 0.0 MiB)
Memory usage before reset: 5449.26953125 MiB (Increase: 0.0 MiB)
Memory usage after reset: 5449.26953125 MiB (Increase: 0.0 MiB)
Current lengths of episodes: [78]
Memory usage at done (index 0, length 78, since_prev 78): 5449.26953125 MiB (Increase: 0.0 MiB)
Memory usage before reset: 5449.26953125 MiB (Increase: 0.0 MiB)
Memory usage after reset: 5449.26953125 MiB (Increase: 0.0 MiB)
Training episode 745
Memory usage at middle: 5449.26953125 MiB (Increase: 0.0 MiB)
Memory usage before collect: 5449.26953125 MiB (Increase: 0.0 MiB)
Memory usage after collect: 5449.26953125 MiB (Increase: 0.0 MiB)
Memory usage before initialization: 5449.26953125 MiB (Increase: 0.0 MiB)
Memory usage after initialization: 5449.26953125 MiB (Increase: 0.0 MiB)
Current lengths of episodes: [72]
Memory usage at done (index 0, length 72, since_prev 72): 5449.26953125 MiB (Increase: 0.0 MiB)
Memory usage before reset: 5449.26953125 MiB (Increase: 0.0 MiB)
Memory usage after reset: 5449.26953125 MiB (Increase: 0.0 MiB)
Current lengths of episodes: [62]
Memory usage at done (index 0, length 62, since_prev 62): 5449.26953125 MiB (Increase: 0.0 MiB)
Memory usage before reset: 5449.26953125 MiB (Increase: 0.0 MiB)
Memory usage after reset: 5449.26953125 MiB (Increase: 0.0 MiB)
Current lengths of episodes: [63]
Memory usage at done (index 0, length 63, since_prev 63): 5449.26953125 MiB (Increase: 0.0 MiB)
Memory usage before reset: 5449.26953125 MiB (Increase: 0.0 MiB)
Memory usage after reset: 5449.26953125 MiB (Increase: 0.0 MiB)
Current lengths of episodes: [1463]
Memory usage at done (index 0, length 1463, since_prev 1463): 5449.26953125 MiB (Increase: 0.0 MiB)
Memory usage before reset: 5449.26953125 MiB (Increase: 0.0 MiB)
Memory usage after reset: 5449.26953125 MiB (Increase: 0.0 MiB)
Current lengths of episodes: [450]
Memory usage at done (index 0, length 450, since_prev 450): 5449.26953125 MiB (Increase: 0.0 MiB)
Memory usage before reset: 5449.26953125 MiB (Increase: 0.0 MiB)
Memory usage after reset: 5449.26953125 MiB (Increase: 0.0 MiB)
Training episode 750
Memory usage at middle: 5449.26953125 MiB (Increase: 0.0 MiB)
Memory usage before collect: 5449.26953125 MiB (Increase: 0.0 MiB)
Memory usage after collect: 5449.26953125 MiB (Increase: 0.0 MiB)
Episode 750	Average evaluation: -79.76401950133456
Memory usage before initialization: 5449.26953125 MiB (Increase: 0.0 MiB)
Memory usage after initialization: 5449.26953125 MiB (Increase: 0.0 MiB)
Current lengths of episodes: [68]
Memory usage at done (index 0, length 68, since_prev 68): 5449.26953125 MiB (Increase: 0.0 MiB)
Memory usage before reset: 5449.26953125 MiB (Increase: 0.0 MiB)
Memory usage after reset: 5449.26953125 MiB (Increase: 0.0 MiB)
Current lengths of episodes: [1600]
Memory usage at done (index 0, length 1600, since_prev 1600): 5449.26953125 MiB (Increase: 0.0 MiB)
Memory usage before reset: 5449.26953125 MiB (Increase: 0.0 MiB)
Memory usage after reset: 5449.26953125 MiB (Increase: 0.0 MiB)
Current lengths of episodes: [65]
Memory usage at done (index 0, length 65, since_prev 65): 5449.26953125 MiB (Increase: 0.0 MiB)
Memory usage before reset: 5449.26953125 MiB (Increase: 0.0 MiB)
Memory usage after reset: 5449.26953125 MiB (Increase: 0.0 MiB)
Current lengths of episodes: [106]
Memory usage at done (index 0, length 106, since_prev 106): 5449.26953125 MiB (Increase: 0.0 MiB)
Memory usage before reset: 5449.26953125 MiB (Increase: 0.0 MiB)
Memory usage after reset: 5449.26953125 MiB (Increase: 0.0 MiB)
Current lengths of episodes: [73]
Memory usage at done (index 0, length 73, since_prev 73): 5449.26953125 MiB (Increase: 0.0 MiB)
Memory usage before reset: 5449.26953125 MiB (Increase: 0.0 MiB)
Memory usage after reset: 5449.26953125 MiB (Increase: 0.0 MiB)
Training episode 755
Memory usage at middle: 5449.26953125 MiB (Increase: 0.0 MiB)
Memory usage before collect: 5449.26953125 MiB (Increase: 0.0 MiB)
Memory usage after collect: 5449.26953125 MiB (Increase: 0.0 MiB)
Memory usage before initialization: 5449.26953125 MiB (Increase: 0.0 MiB)
Memory usage after initialization: 5449.26953125 MiB (Increase: 0.0 MiB)
Current lengths of episodes: [57]
Memory usage at done (index 0, length 57, since_prev 57): 5449.26953125 MiB (Increase: 0.0 MiB)
Memory usage before reset: 5449.26953125 MiB (Increase: 0.0 MiB)
Memory usage after reset: 5449.26953125 MiB (Increase: 0.0 MiB)
Current lengths of episodes: [1600]
Memory usage at done (index 0, length 1600, since_prev 1600): 5449.26953125 MiB (Increase: 0.0 MiB)
Memory usage before reset: 5449.26953125 MiB (Increase: 0.0 MiB)
Memory usage after reset: 5449.26953125 MiB (Increase: 0.0 MiB)
Current lengths of episodes: [1600]
Memory usage at done (index 0, length 1600, since_prev 1600): 5449.26953125 MiB (Increase: 0.0 MiB)
Memory usage before reset: 5449.26953125 MiB (Increase: 0.0 MiB)
Memory usage after reset: 5449.26953125 MiB (Increase: 0.0 MiB)
Current lengths of episodes: [67]
Memory usage at done (index 0, length 67, since_prev 67): 5449.26953125 MiB (Increase: 0.0 MiB)
Memory usage before reset: 5449.26953125 MiB (Increase: 0.0 MiB)
Memory usage after reset: 5449.26953125 MiB (Increase: 0.0 MiB)
Current lengths of episodes: [1600]
Memory usage at done (index 0, length 1600, since_prev 1600): 5449.26953125 MiB (Increase: 0.0 MiB)
Memory usage before reset: 5449.26953125 MiB (Increase: 0.0 MiB)
Memory usage after reset: 5449.26953125 MiB (Increase: 0.0 MiB)
Training episode 760
Memory usage at middle: 5449.26953125 MiB (Increase: 0.0 MiB)
Memory usage before collect: 5449.26953125 MiB (Increase: 0.0 MiB)
Memory usage after collect: 5449.26953125 MiB (Increase: 0.0 MiB)
Memory usage before initialization: 5449.26953125 MiB (Increase: 0.0 MiB)
Memory usage after initialization: 5449.26953125 MiB (Increase: 0.0 MiB)
Current lengths of episodes: [67]
Memory usage at done (index 0, length 67, since_prev 67): 5449.26953125 MiB (Increase: 0.0 MiB)
Memory usage before reset: 5449.26953125 MiB (Increase: 0.0 MiB)
Memory usage after reset: 5449.26953125 MiB (Increase: 0.0 MiB)
Current lengths of episodes: [76]
Memory usage at done (index 0, length 76, since_prev 76): 5449.26953125 MiB (Increase: 0.0 MiB)
Memory usage before reset: 5449.26953125 MiB (Increase: 0.0 MiB)
Memory usage after reset: 5449.26953125 MiB (Increase: 0.0 MiB)
Current lengths of episodes: [1600]
Memory usage at done (index 0, length 1600, since_prev 1600): 5449.26953125 MiB (Increase: 0.0 MiB)
Memory usage before reset: 5449.26953125 MiB (Increase: 0.0 MiB)
Memory usage after reset: 5449.26953125 MiB (Increase: 0.0 MiB)
Current lengths of episodes: [55]
Memory usage at done (index 0, length 55, since_prev 55): 5449.26953125 MiB (Increase: 0.0 MiB)
Memory usage before reset: 5449.26953125 MiB (Increase: 0.0 MiB)
Memory usage after reset: 5449.26953125 MiB (Increase: 0.0 MiB)
Current lengths of episodes: [99]
Memory usage at done (index 0, length 99, since_prev 99): 5449.26953125 MiB (Increase: 0.0 MiB)
Memory usage before reset: 5449.26953125 MiB (Increase: 0.0 MiB)
Memory usage after reset: 5449.26953125 MiB (Increase: 0.0 MiB)
Training episode 765
Memory usage at middle: 5449.26953125 MiB (Increase: 0.0 MiB)
Memory usage before collect: 5449.26953125 MiB (Increase: 0.0 MiB)
Memory usage after collect: 5449.26953125 MiB (Increase: 0.0 MiB)
Memory usage before initialization: 5449.26953125 MiB (Increase: 0.0 MiB)
Memory usage after initialization: 5449.26953125 MiB (Increase: 0.0 MiB)
Current lengths of episodes: [464]
Memory usage at done (index 0, length 464, since_prev 464): 5449.26953125 MiB (Increase: 0.0 MiB)
Memory usage before reset: 5449.26953125 MiB (Increase: 0.0 MiB)
Memory usage after reset: 5449.26953125 MiB (Increase: 0.0 MiB)
Current lengths of episodes: [1600]
Memory usage at done (index 0, length 1600, since_prev 1600): 5449.26953125 MiB (Increase: 0.0 MiB)
Memory usage before reset: 5449.26953125 MiB (Increase: 0.0 MiB)
Memory usage after reset: 5449.26953125 MiB (Increase: 0.0 MiB)
Current lengths of episodes: [1600]
Memory usage at done (index 0, length 1600, since_prev 1600): 5449.26953125 MiB (Increase: 0.0 MiB)
Memory usage before reset: 5449.26953125 MiB (Increase: 0.0 MiB)
Memory usage after reset: 5449.26953125 MiB (Increase: 0.0 MiB)
Current lengths of episodes: [1600]
Memory usage at done (index 0, length 1600, since_prev 1600): 5449.26953125 MiB (Increase: 0.0 MiB)
Memory usage before reset: 5449.26953125 MiB (Increase: 0.0 MiB)
Memory usage after reset: 5449.26953125 MiB (Increase: 0.0 MiB)
Current lengths of episodes: [1600]
Memory usage at done (index 0, length 1600, since_prev 1600): 5449.26953125 MiB (Increase: 0.0 MiB)
Memory usage before reset: 5449.26953125 MiB (Increase: 0.0 MiB)
Memory usage after reset: 5449.26953125 MiB (Increase: 0.0 MiB)
Training episode 770
Memory usage at middle: 5449.26953125 MiB (Increase: 0.0 MiB)
Memory usage before collect: 5449.26953125 MiB (Increase: 0.0 MiB)
Memory usage after collect: 5449.26953125 MiB (Increase: 0.0 MiB)
Memory usage before initialization: 5449.26953125 MiB (Increase: 0.0 MiB)
Memory usage after initialization: 5449.26953125 MiB (Increase: 0.0 MiB)
Current lengths of episodes: [1600]
Memory usage at done (index 0, length 1600, since_prev 1600): 5449.26953125 MiB (Increase: 0.0 MiB)
Memory usage before reset: 5449.26953125 MiB (Increase: 0.0 MiB)
Memory usage after reset: 5449.26953125 MiB (Increase: 0.0 MiB)
Current lengths of episodes: [1600]
Memory usage at done (index 0, length 1600, since_prev 1600): 5449.26953125 MiB (Increase: 0.0 MiB)
Memory usage before reset: 5449.26953125 MiB (Increase: 0.0 MiB)
Memory usage after reset: 5449.26953125 MiB (Increase: 0.0 MiB)
Current lengths of episodes: [1600]
Memory usage at done (index 0, length 1600, since_prev 1600): 5449.26953125 MiB (Increase: 0.0 MiB)
Memory usage before reset: 5449.26953125 MiB (Increase: 0.0 MiB)
Memory usage after reset: 5449.26953125 MiB (Increase: 0.0 MiB)
Current lengths of episodes: [320]
Memory usage at done (index 0, length 320, since_prev 320): 5449.26953125 MiB (Increase: 0.0 MiB)
Memory usage before reset: 5449.26953125 MiB (Increase: 0.0 MiB)
Memory usage after reset: 5449.26953125 MiB (Increase: 0.0 MiB)
Current lengths of episodes: [1600]
Memory usage at done (index 0, length 1600, since_prev 1600): 5449.26953125 MiB (Increase: 0.0 MiB)
Memory usage before reset: 5449.26953125 MiB (Increase: 0.0 MiB)
Memory usage after reset: 5449.26953125 MiB (Increase: 0.0 MiB)
Training episode 775
Memory usage at middle: 5449.26953125 MiB (Increase: 0.0 MiB)
Memory usage before collect: 5449.26953125 MiB (Increase: 0.0 MiB)
Memory usage after collect: 5449.26953125 MiB (Increase: 0.0 MiB)
Memory usage before initialization: 5449.26953125 MiB (Increase: 0.0 MiB)
Memory usage after initialization: 5449.26953125 MiB (Increase: 0.0 MiB)
Current lengths of episodes: [1600]
Memory usage at done (index 0, length 1600, since_prev 1600): 5449.26953125 MiB (Increase: 0.0 MiB)
Memory usage before reset: 5449.26953125 MiB (Increase: 0.0 MiB)
Memory usage after reset: 5449.26953125 MiB (Increase: 0.0 MiB)
Current lengths of episodes: [54]
Memory usage at done (index 0, length 54, since_prev 54): 5449.26953125 MiB (Increase: 0.0 MiB)
Memory usage before reset: 5449.26953125 MiB (Increase: 0.0 MiB)
Memory usage after reset: 5449.26953125 MiB (Increase: 0.0 MiB)
Current lengths of episodes: [1600]
Memory usage at done (index 0, length 1600, since_prev 1600): 5449.26953125 MiB (Increase: 0.0 MiB)
Memory usage before reset: 5449.26953125 MiB (Increase: 0.0 MiB)
Memory usage after reset: 5449.26953125 MiB (Increase: 0.0 MiB)
Current lengths of episodes: [46]
Memory usage at done (index 0, length 46, since_prev 46): 5449.26953125 MiB (Increase: 0.0 MiB)
Memory usage before reset: 5449.26953125 MiB (Increase: 0.0 MiB)
Memory usage after reset: 5449.26953125 MiB (Increase: 0.0 MiB)
Current lengths of episodes: [1600]
Memory usage at done (index 0, length 1600, since_prev 1600): 5449.26953125 MiB (Increase: 0.0 MiB)
Memory usage before reset: 5449.26953125 MiB (Increase: 0.0 MiB)
Memory usage after reset: 5449.26953125 MiB (Increase: 0.0 MiB)
Training episode 780
Memory usage at middle: 5449.26953125 MiB (Increase: 0.0 MiB)
Memory usage before collect: 5449.26953125 MiB (Increase: 0.0 MiB)
Memory usage after collect: 5449.26953125 MiB (Increase: 0.0 MiB)
Memory usage before initialization: 5449.26953125 MiB (Increase: 0.0 MiB)
Memory usage after initialization: 5449.26953125 MiB (Increase: 0.0 MiB)
Current lengths of episodes: [70]
Memory usage at done (index 0, length 70, since_prev 70): 5449.26953125 MiB (Increase: 0.0 MiB)
Memory usage before reset: 5449.26953125 MiB (Increase: 0.0 MiB)
Memory usage after reset: 5449.26953125 MiB (Increase: 0.0 MiB)
Current lengths of episodes: [67]
Memory usage at done (index 0, length 67, since_prev 67): 5449.26953125 MiB (Increase: 0.0 MiB)
Memory usage before reset: 5449.26953125 MiB (Increase: 0.0 MiB)
Memory usage after reset: 5449.26953125 MiB (Increase: 0.0 MiB)
Current lengths of episodes: [65]
Memory usage at done (index 0, length 65, since_prev 65): 5449.26953125 MiB (Increase: 0.0 MiB)
Memory usage before reset: 5449.26953125 MiB (Increase: 0.0 MiB)
Memory usage after reset: 5449.26953125 MiB (Increase: 0.0 MiB)
Current lengths of episodes: [1600]
Memory usage at done (index 0, length 1600, since_prev 1600): 5449.26953125 MiB (Increase: 0.0 MiB)
Memory usage before reset: 5449.26953125 MiB (Increase: 0.0 MiB)
Memory usage after reset: 5449.26953125 MiB (Increase: 0.0 MiB)
Current lengths of episodes: [1600]
Memory usage at done (index 0, length 1600, since_prev 1600): 5449.26953125 MiB (Increase: 0.0 MiB)
Memory usage before reset: 5449.26953125 MiB (Increase: 0.0 MiB)
Memory usage after reset: 5449.26953125 MiB (Increase: 0.0 MiB)
Training episode 785
Memory usage at middle: 5449.26953125 MiB (Increase: 0.0 MiB)
Memory usage before collect: 5449.26953125 MiB (Increase: 0.0 MiB)
Memory usage after collect: 5449.26953125 MiB (Increase: 0.0 MiB)
Memory usage before initialization: 5449.26953125 MiB (Increase: 0.0 MiB)
Memory usage after initialization: 5449.26953125 MiB (Increase: 0.0 MiB)
Current lengths of episodes: [1600]
Memory usage at done (index 0, length 1600, since_prev 1600): 5449.26953125 MiB (Increase: 0.0 MiB)
Memory usage before reset: 5449.26953125 MiB (Increase: 0.0 MiB)
Memory usage after reset: 5449.26953125 MiB (Increase: 0.0 MiB)
Current lengths of episodes: [1600]
Memory usage at done (index 0, length 1600, since_prev 1600): 5449.26953125 MiB (Increase: 0.0 MiB)
Memory usage before reset: 5449.26953125 MiB (Increase: 0.0 MiB)
Memory usage after reset: 5449.26953125 MiB (Increase: 0.0 MiB)
Current lengths of episodes: [1600]
Memory usage at done (index 0, length 1600, since_prev 1600): 5449.26953125 MiB (Increase: 0.0 MiB)
Memory usage before reset: 5449.26953125 MiB (Increase: 0.0 MiB)
Memory usage after reset: 5449.26953125 MiB (Increase: 0.0 MiB)
Current lengths of episodes: [96]
Memory usage at done (index 0, length 96, since_prev 96): 5449.26953125 MiB (Increase: 0.0 MiB)
Memory usage before reset: 5449.26953125 MiB (Increase: 0.0 MiB)
Memory usage after reset: 5449.26953125 MiB (Increase: 0.0 MiB)
Current lengths of episodes: [1600]
Memory usage at done (index 0, length 1600, since_prev 1600): 5449.26953125 MiB (Increase: 0.0 MiB)
Memory usage before reset: 5449.26953125 MiB (Increase: 0.0 MiB)
Memory usage after reset: 5449.26953125 MiB (Increase: 0.0 MiB)
Training episode 790
Memory usage at middle: 5449.26953125 MiB (Increase: 0.0 MiB)
Memory usage before collect: 5449.26953125 MiB (Increase: 0.0 MiB)
Memory usage after collect: 5449.26953125 MiB (Increase: 0.0 MiB)
Memory usage before initialization: 5449.26953125 MiB (Increase: 0.0 MiB)
Memory usage after initialization: 5449.26953125 MiB (Increase: 0.0 MiB)
Current lengths of episodes: [1600]
Memory usage at done (index 0, length 1600, since_prev 1600): 5449.26953125 MiB (Increase: 0.0 MiB)
Memory usage before reset: 5449.26953125 MiB (Increase: 0.0 MiB)
Memory usage after reset: 5449.26953125 MiB (Increase: 0.0 MiB)
Current lengths of episodes: [104]
Memory usage at done (index 0, length 104, since_prev 104): 5449.26953125 MiB (Increase: 0.0 MiB)
Memory usage before reset: 5449.26953125 MiB (Increase: 0.0 MiB)
Memory usage after reset: 5449.26953125 MiB (Increase: 0.0 MiB)
Current lengths of episodes: [1600]
Memory usage at done (index 0, length 1600, since_prev 1600): 5449.26953125 MiB (Increase: 0.0 MiB)
Memory usage before reset: 5449.26953125 MiB (Increase: 0.0 MiB)
Memory usage after reset: 5449.26953125 MiB (Increase: 0.0 MiB)
Current lengths of episodes: [49]
Memory usage at done (index 0, length 49, since_prev 49): 5449.26953125 MiB (Increase: 0.0 MiB)
Memory usage before reset: 5449.26953125 MiB (Increase: 0.0 MiB)
Memory usage after reset: 5449.26953125 MiB (Increase: 0.0 MiB)
Current lengths of episodes: [1600]
Memory usage at done (index 0, length 1600, since_prev 1600): 5449.26953125 MiB (Increase: 0.0 MiB)
Memory usage before reset: 5449.26953125 MiB (Increase: 0.0 MiB)
Memory usage after reset: 5449.26953125 MiB (Increase: 0.0 MiB)
Training episode 795
Memory usage at middle: 5449.26953125 MiB (Increase: 0.0 MiB)
Memory usage before collect: 5449.26953125 MiB (Increase: 0.0 MiB)
Memory usage after collect: 5449.26953125 MiB (Increase: 0.0 MiB)
Memory usage before initialization: 5449.26953125 MiB (Increase: 0.0 MiB)
Memory usage after initialization: 5449.26953125 MiB (Increase: 0.0 MiB)
Current lengths of episodes: [201]
Memory usage at done (index 0, length 201, since_prev 201): 5449.26953125 MiB (Increase: 0.0 MiB)
Memory usage before reset: 5449.26953125 MiB (Increase: 0.0 MiB)
Memory usage after reset: 5449.26953125 MiB (Increase: 0.0 MiB)
Current lengths of episodes: [796]
Memory usage at done (index 0, length 796, since_prev 796): 5449.26953125 MiB (Increase: 0.0 MiB)
Memory usage before reset: 5449.26953125 MiB (Increase: 0.0 MiB)
Memory usage after reset: 5449.26953125 MiB (Increase: 0.0 MiB)
Current lengths of episodes: [53]
Memory usage at done (index 0, length 53, since_prev 53): 5449.26953125 MiB (Increase: 0.0 MiB)
Memory usage before reset: 5449.26953125 MiB (Increase: 0.0 MiB)
Memory usage after reset: 5449.26953125 MiB (Increase: 0.0 MiB)
Current lengths of episodes: [75]
Memory usage at done (index 0, length 75, since_prev 75): 5449.26953125 MiB (Increase: 0.0 MiB)
Memory usage before reset: 5449.26953125 MiB (Increase: 0.0 MiB)
Memory usage after reset: 5449.26953125 MiB (Increase: 0.0 MiB)
Current lengths of episodes: [991]
Memory usage at done (index 0, length 991, since_prev 991): 5449.26953125 MiB (Increase: 0.0 MiB)
Memory usage before reset: 5449.26953125 MiB (Increase: 0.0 MiB)
Memory usage after reset: 5449.26953125 MiB (Increase: 0.0 MiB)
Training episode 800
Memory usage at middle: 5449.26953125 MiB (Increase: 0.0 MiB)
Memory usage before collect: 5449.26953125 MiB (Increase: 0.0 MiB)
Memory usage after collect: 5449.26953125 MiB (Increase: 0.0 MiB)
Episode 800	Average evaluation: -70.2480949619081
Memory usage before initialization: 5449.26953125 MiB (Increase: 0.0 MiB)
Memory usage after initialization: 5449.26953125 MiB (Increase: 0.0 MiB)
Current lengths of episodes: [59]
Memory usage at done (index 0, length 59, since_prev 59): 5449.26953125 MiB (Increase: 0.0 MiB)
Memory usage before reset: 5449.26953125 MiB (Increase: 0.0 MiB)
Memory usage after reset: 5449.26953125 MiB (Increase: 0.0 MiB)
Current lengths of episodes: [112]
Memory usage at done (index 0, length 112, since_prev 112): 5449.26953125 MiB (Increase: 0.0 MiB)
Memory usage before reset: 5449.26953125 MiB (Increase: 0.0 MiB)
Memory usage after reset: 5449.26953125 MiB (Increase: 0.0 MiB)
Current lengths of episodes: [1600]
Memory usage at done (index 0, length 1600, since_prev 1600): 5449.26953125 MiB (Increase: 0.0 MiB)
Memory usage before reset: 5449.26953125 MiB (Increase: 0.0 MiB)
Memory usage after reset: 5449.26953125 MiB (Increase: 0.0 MiB)
Current lengths of episodes: [1600]
Memory usage at done (index 0, length 1600, since_prev 1600): 5449.26953125 MiB (Increase: 0.0 MiB)
Memory usage before reset: 5449.26953125 MiB (Increase: 0.0 MiB)
Memory usage after reset: 5449.26953125 MiB (Increase: 0.0 MiB)
Current lengths of episodes: [65]
Memory usage at done (index 0, length 65, since_prev 65): 5449.26953125 MiB (Increase: 0.0 MiB)
Memory usage before reset: 5449.26953125 MiB (Increase: 0.0 MiB)
Memory usage after reset: 5449.26953125 MiB (Increase: 0.0 MiB)
Training episode 805
Memory usage at middle: 5449.26953125 MiB (Increase: 0.0 MiB)
Memory usage before collect: 5449.26953125 MiB (Increase: 0.0 MiB)
Memory usage after collect: 5449.26953125 MiB (Increase: 0.0 MiB)
Memory usage before initialization: 5449.26953125 MiB (Increase: 0.0 MiB)
Memory usage after initialization: 5449.26953125 MiB (Increase: 0.0 MiB)
Current lengths of episodes: [1600]
Memory usage at done (index 0, length 1600, since_prev 1600): 5449.26953125 MiB (Increase: 0.0 MiB)
Memory usage before reset: 5449.26953125 MiB (Increase: 0.0 MiB)
Memory usage after reset: 5449.26953125 MiB (Increase: 0.0 MiB)
Current lengths of episodes: [1600]
Memory usage at done (index 0, length 1600, since_prev 1600): 5449.26953125 MiB (Increase: 0.0 MiB)
Memory usage before reset: 5449.26953125 MiB (Increase: 0.0 MiB)
Memory usage after reset: 5449.26953125 MiB (Increase: 0.0 MiB)
Current lengths of episodes: [1600]
Memory usage at done (index 0, length 1600, since_prev 1600): 5449.26953125 MiB (Increase: 0.0 MiB)
Memory usage before reset: 5449.26953125 MiB (Increase: 0.0 MiB)
Memory usage after reset: 5449.26953125 MiB (Increase: 0.0 MiB)
Current lengths of episodes: [96]
Memory usage at done (index 0, length 96, since_prev 96): 5449.26953125 MiB (Increase: 0.0 MiB)
Memory usage before reset: 5449.26953125 MiB (Increase: 0.0 MiB)
Memory usage after reset: 5449.26953125 MiB (Increase: 0.0 MiB)
Current lengths of episodes: [48]
Memory usage at done (index 0, length 48, since_prev 48): 5449.26953125 MiB (Increase: 0.0 MiB)
Memory usage before reset: 5449.26953125 MiB (Increase: 0.0 MiB)
Memory usage after reset: 5449.26953125 MiB (Increase: 0.0 MiB)
Training episode 810
Memory usage at middle: 5449.26953125 MiB (Increase: 0.0 MiB)
Memory usage before collect: 5449.26953125 MiB (Increase: 0.0 MiB)
Memory usage after collect: 5449.26953125 MiB (Increase: 0.0 MiB)
Memory usage before initialization: 5449.26953125 MiB (Increase: 0.0 MiB)
Memory usage after initialization: 5449.26953125 MiB (Increase: 0.0 MiB)
Current lengths of episodes: [317]
Memory usage at done (index 0, length 317, since_prev 317): 5449.26953125 MiB (Increase: 0.0 MiB)
Memory usage before reset: 5449.26953125 MiB (Increase: 0.0 MiB)
Memory usage after reset: 5449.26953125 MiB (Increase: 0.0 MiB)
Current lengths of episodes: [54]
Memory usage at done (index 0, length 54, since_prev 54): 5449.26953125 MiB (Increase: 0.0 MiB)
Memory usage before reset: 5449.26953125 MiB (Increase: 0.0 MiB)
Memory usage after reset: 5449.26953125 MiB (Increase: 0.0 MiB)
Current lengths of episodes: [1600]
Memory usage at done (index 0, length 1600, since_prev 1600): 5449.26953125 MiB (Increase: 0.0 MiB)
Memory usage before reset: 5449.26953125 MiB (Increase: 0.0 MiB)
Memory usage after reset: 5449.26953125 MiB (Increase: 0.0 MiB)
Current lengths of episodes: [73]
Memory usage at done (index 0, length 73, since_prev 73): 5449.26953125 MiB (Increase: 0.0 MiB)
Memory usage before reset: 5449.26953125 MiB (Increase: 0.0 MiB)
Memory usage after reset: 5449.26953125 MiB (Increase: 0.0 MiB)
Current lengths of episodes: [1600]
Memory usage at done (index 0, length 1600, since_prev 1600): 5449.26953125 MiB (Increase: 0.0 MiB)
Memory usage before reset: 5449.26953125 MiB (Increase: 0.0 MiB)
Memory usage after reset: 5449.26953125 MiB (Increase: 0.0 MiB)
Training episode 815
Memory usage at middle: 5449.26953125 MiB (Increase: 0.0 MiB)
Memory usage before collect: 5449.26953125 MiB (Increase: 0.0 MiB)
Memory usage after collect: 5449.26953125 MiB (Increase: 0.0 MiB)
Memory usage before initialization: 5449.26953125 MiB (Increase: 0.0 MiB)
Memory usage after initialization: 5449.26953125 MiB (Increase: 0.0 MiB)
Current lengths of episodes: [1600]
Memory usage at done (index 0, length 1600, since_prev 1600): 5449.26953125 MiB (Increase: 0.0 MiB)
Memory usage before reset: 5449.26953125 MiB (Increase: 0.0 MiB)
Memory usage after reset: 5449.26953125 MiB (Increase: 0.0 MiB)
Current lengths of episodes: [1600]
Memory usage at done (index 0, length 1600, since_prev 1600): 5449.26953125 MiB (Increase: 0.0 MiB)
Memory usage before reset: 5449.26953125 MiB (Increase: 0.0 MiB)
Memory usage after reset: 5449.26953125 MiB (Increase: 0.0 MiB)
Current lengths of episodes: [53]
Memory usage at done (index 0, length 53, since_prev 53): 5449.26953125 MiB (Increase: 0.0 MiB)
Memory usage before reset: 5449.26953125 MiB (Increase: 0.0 MiB)
Memory usage after reset: 5449.26953125 MiB (Increase: 0.0 MiB)
Current lengths of episodes: [1600]
Memory usage at done (index 0, length 1600, since_prev 1600): 5449.26953125 MiB (Increase: 0.0 MiB)
Memory usage before reset: 5449.26953125 MiB (Increase: 0.0 MiB)
Memory usage after reset: 5449.26953125 MiB (Increase: 0.0 MiB)
Current lengths of episodes: [1600]
Memory usage at done (index 0, length 1600, since_prev 1600): 5449.26953125 MiB (Increase: 0.0 MiB)
Memory usage before reset: 5449.26953125 MiB (Increase: 0.0 MiB)
Memory usage after reset: 5449.26953125 MiB (Increase: 0.0 MiB)
Training episode 820
Memory usage at middle: 5449.26953125 MiB (Increase: 0.0 MiB)
Memory usage before collect: 5449.26953125 MiB (Increase: 0.0 MiB)
Memory usage after collect: 5449.26953125 MiB (Increase: 0.0 MiB)
Memory usage before initialization: 5449.26953125 MiB (Increase: 0.0 MiB)
Memory usage after initialization: 5449.26953125 MiB (Increase: 0.0 MiB)
Current lengths of episodes: [69]
Memory usage at done (index 0, length 69, since_prev 69): 5449.26953125 MiB (Increase: 0.0 MiB)
Memory usage before reset: 5449.26953125 MiB (Increase: 0.0 MiB)
Memory usage after reset: 5449.26953125 MiB (Increase: 0.0 MiB)
Current lengths of episodes: [70]
Memory usage at done (index 0, length 70, since_prev 70): 5449.26953125 MiB (Increase: 0.0 MiB)
Memory usage before reset: 5449.26953125 MiB (Increase: 0.0 MiB)
Memory usage after reset: 5449.26953125 MiB (Increase: 0.0 MiB)
Current lengths of episodes: [49]
Memory usage at done (index 0, length 49, since_prev 49): 5449.26953125 MiB (Increase: 0.0 MiB)
Memory usage before reset: 5449.26953125 MiB (Increase: 0.0 MiB)
Memory usage after reset: 5449.26953125 MiB (Increase: 0.0 MiB)
Current lengths of episodes: [1600]
Memory usage at done (index 0, length 1600, since_prev 1600): 5449.26953125 MiB (Increase: 0.0 MiB)
Memory usage before reset: 5449.26953125 MiB (Increase: 0.0 MiB)
Memory usage after reset: 5449.26953125 MiB (Increase: 0.0 MiB)
Current lengths of episodes: [65]
Memory usage at done (index 0, length 65, since_prev 65): 5449.26953125 MiB (Increase: 0.0 MiB)
Memory usage before reset: 5449.26953125 MiB (Increase: 0.0 MiB)
Memory usage after reset: 5449.26953125 MiB (Increase: 0.0 MiB)
Training episode 825
Memory usage at middle: 5449.26953125 MiB (Increase: 0.0 MiB)
Memory usage before collect: 5449.26953125 MiB (Increase: 0.0 MiB)
Memory usage after collect: 5449.26953125 MiB (Increase: 0.0 MiB)
Memory usage before initialization: 5449.26953125 MiB (Increase: 0.0 MiB)
Memory usage after initialization: 5449.26953125 MiB (Increase: 0.0 MiB)
Current lengths of episodes: [1600]
Memory usage at done (index 0, length 1600, since_prev 1600): 5449.26953125 MiB (Increase: 0.0 MiB)
Memory usage before reset: 5449.26953125 MiB (Increase: 0.0 MiB)
Memory usage after reset: 5449.26953125 MiB (Increase: 0.0 MiB)
Current lengths of episodes: [1600]
Memory usage at done (index 0, length 1600, since_prev 1600): 5449.26953125 MiB (Increase: 0.0 MiB)
Memory usage before reset: 5449.26953125 MiB (Increase: 0.0 MiB)
Memory usage after reset: 5449.26953125 MiB (Increase: 0.0 MiB)
Current lengths of episodes: [1600]
Memory usage at done (index 0, length 1600, since_prev 1600): 5449.26953125 MiB (Increase: 0.0 MiB)
Memory usage before reset: 5449.26953125 MiB (Increase: 0.0 MiB)
Memory usage after reset: 5449.26953125 MiB (Increase: 0.0 MiB)
Current lengths of episodes: [1600]
Memory usage at done (index 0, length 1600, since_prev 1600): 5449.26953125 MiB (Increase: 0.0 MiB)
Memory usage before reset: 5449.26953125 MiB (Increase: 0.0 MiB)
Memory usage after reset: 5449.26953125 MiB (Increase: 0.0 MiB)
Current lengths of episodes: [1600]
Memory usage at done (index 0, length 1600, since_prev 1600): 5449.26953125 MiB (Increase: 0.0 MiB)
Memory usage before reset: 5449.26953125 MiB (Increase: 0.0 MiB)
Memory usage after reset: 5449.26953125 MiB (Increase: 0.0 MiB)
Training episode 830
Memory usage at middle: 5449.26953125 MiB (Increase: 0.0 MiB)
Memory usage before collect: 5449.26953125 MiB (Increase: 0.0 MiB)
Memory usage after collect: 5449.26953125 MiB (Increase: 0.0 MiB)
Memory usage before initialization: 5449.26953125 MiB (Increase: 0.0 MiB)
Memory usage after initialization: 5449.26953125 MiB (Increase: 0.0 MiB)
Current lengths of episodes: [1600]
Memory usage at done (index 0, length 1600, since_prev 1600): 5449.26953125 MiB (Increase: 0.0 MiB)
Memory usage before reset: 5449.26953125 MiB (Increase: 0.0 MiB)
Memory usage after reset: 5449.26953125 MiB (Increase: 0.0 MiB)
Current lengths of episodes: [57]
Memory usage at done (index 0, length 57, since_prev 57): 5449.26953125 MiB (Increase: 0.0 MiB)
Memory usage before reset: 5449.26953125 MiB (Increase: 0.0 MiB)
Memory usage after reset: 5449.26953125 MiB (Increase: 0.0 MiB)
Current lengths of episodes: [43]
Memory usage at done (index 0, length 43, since_prev 43): 5449.26953125 MiB (Increase: 0.0 MiB)
Memory usage before reset: 5449.26953125 MiB (Increase: 0.0 MiB)
Memory usage after reset: 5449.26953125 MiB (Increase: 0.0 MiB)
Current lengths of episodes: [1600]
Memory usage at done (index 0, length 1600, since_prev 1600): 5449.26953125 MiB (Increase: 0.0 MiB)
Memory usage before reset: 5449.26953125 MiB (Increase: 0.0 MiB)
Memory usage after reset: 5449.26953125 MiB (Increase: 0.0 MiB)
Current lengths of episodes: [72]
Memory usage at done (index 0, length 72, since_prev 72): 5449.26953125 MiB (Increase: 0.0 MiB)
Memory usage before reset: 5449.26953125 MiB (Increase: 0.0 MiB)
Memory usage after reset: 5449.26953125 MiB (Increase: 0.0 MiB)
Training episode 835
Memory usage at middle: 5449.26953125 MiB (Increase: 0.0 MiB)
Memory usage before collect: 5449.26953125 MiB (Increase: 0.0 MiB)
Memory usage after collect: 5449.26953125 MiB (Increase: 0.0 MiB)
Memory usage before initialization: 5449.26953125 MiB (Increase: 0.0 MiB)
Memory usage after initialization: 5449.26953125 MiB (Increase: 0.0 MiB)
Current lengths of episodes: [1600]
Memory usage at done (index 0, length 1600, since_prev 1600): 5449.26953125 MiB (Increase: 0.0 MiB)
Memory usage before reset: 5449.26953125 MiB (Increase: 0.0 MiB)
Memory usage after reset: 5449.26953125 MiB (Increase: 0.0 MiB)
Current lengths of episodes: [1600]
Memory usage at done (index 0, length 1600, since_prev 1600): 5449.26953125 MiB (Increase: 0.0 MiB)
Memory usage before reset: 5449.26953125 MiB (Increase: 0.0 MiB)
Memory usage after reset: 5449.26953125 MiB (Increase: 0.0 MiB)
Current lengths of episodes: [1600]
Memory usage at done (index 0, length 1600, since_prev 1600): 5449.26953125 MiB (Increase: 0.0 MiB)
Memory usage before reset: 5449.26953125 MiB (Increase: 0.0 MiB)
Memory usage after reset: 5449.26953125 MiB (Increase: 0.0 MiB)
Current lengths of episodes: [1600]
Memory usage at done (index 0, length 1600, since_prev 1600): 5449.26953125 MiB (Increase: 0.0 MiB)
Memory usage before reset: 5449.26953125 MiB (Increase: 0.0 MiB)
Memory usage after reset: 5449.26953125 MiB (Increase: 0.0 MiB)
Current lengths of episodes: [1600]
Memory usage at done (index 0, length 1600, since_prev 1600): 5449.26953125 MiB (Increase: 0.0 MiB)
Memory usage before reset: 5449.26953125 MiB (Increase: 0.0 MiB)
Memory usage after reset: 5449.26953125 MiB (Increase: 0.0 MiB)
Training episode 840
Memory usage at middle: 5449.26953125 MiB (Increase: 0.0 MiB)
Memory usage before collect: 5449.26953125 MiB (Increase: 0.0 MiB)
Memory usage after collect: 5449.26953125 MiB (Increase: 0.0 MiB)
Memory usage before initialization: 5449.26953125 MiB (Increase: 0.0 MiB)
Memory usage after initialization: 5449.26953125 MiB (Increase: 0.0 MiB)
Current lengths of episodes: [1600]
Memory usage at done (index 0, length 1600, since_prev 1600): 5449.26953125 MiB (Increase: 0.0 MiB)
Memory usage before reset: 5449.26953125 MiB (Increase: 0.0 MiB)
Memory usage after reset: 5449.26953125 MiB (Increase: 0.0 MiB)
Current lengths of episodes: [1600]
Memory usage at done (index 0, length 1600, since_prev 1600): 5449.26953125 MiB (Increase: 0.0 MiB)
Memory usage before reset: 5449.26953125 MiB (Increase: 0.0 MiB)
Memory usage after reset: 5449.26953125 MiB (Increase: 0.0 MiB)
Current lengths of episodes: [1600]
Memory usage at done (index 0, length 1600, since_prev 1600): 5449.26953125 MiB (Increase: 0.0 MiB)
Memory usage before reset: 5449.26953125 MiB (Increase: 0.0 MiB)
Memory usage after reset: 5449.26953125 MiB (Increase: 0.0 MiB)
Current lengths of episodes: [61]
Memory usage at done (index 0, length 61, since_prev 61): 5449.26953125 MiB (Increase: 0.0 MiB)
Memory usage before reset: 5449.26953125 MiB (Increase: 0.0 MiB)
Memory usage after reset: 5449.26953125 MiB (Increase: 0.0 MiB)
Current lengths of episodes: [1600]
Memory usage at done (index 0, length 1600, since_prev 1600): 5449.26953125 MiB (Increase: 0.0 MiB)
Memory usage before reset: 5449.26953125 MiB (Increase: 0.0 MiB)
Memory usage after reset: 5449.26953125 MiB (Increase: 0.0 MiB)
Training episode 845
Memory usage at middle: 5449.26953125 MiB (Increase: 0.0 MiB)
Memory usage before collect: 5449.26953125 MiB (Increase: 0.0 MiB)
Memory usage after collect: 5449.26953125 MiB (Increase: 0.0 MiB)
Memory usage before initialization: 5449.26953125 MiB (Increase: 0.0 MiB)
Memory usage after initialization: 5449.26953125 MiB (Increase: 0.0 MiB)
Current lengths of episodes: [1600]
Memory usage at done (index 0, length 1600, since_prev 1600): 5449.26953125 MiB (Increase: 0.0 MiB)
Memory usage before reset: 5449.26953125 MiB (Increase: 0.0 MiB)
Memory usage after reset: 5449.26953125 MiB (Increase: 0.0 MiB)
Current lengths of episodes: [1600]
Memory usage at done (index 0, length 1600, since_prev 1600): 5449.26953125 MiB (Increase: 0.0 MiB)
Memory usage before reset: 5449.26953125 MiB (Increase: 0.0 MiB)
Memory usage after reset: 5449.26953125 MiB (Increase: 0.0 MiB)
Current lengths of episodes: [1600]
Memory usage at done (index 0, length 1600, since_prev 1600): 5449.26953125 MiB (Increase: 0.0 MiB)
Memory usage before reset: 5449.26953125 MiB (Increase: 0.0 MiB)
Memory usage after reset: 5449.26953125 MiB (Increase: 0.0 MiB)
Current lengths of episodes: [1600]
Memory usage at done (index 0, length 1600, since_prev 1600): 5449.26953125 MiB (Increase: 0.0 MiB)
Memory usage before reset: 5449.26953125 MiB (Increase: 0.0 MiB)
Memory usage after reset: 5449.26953125 MiB (Increase: 0.0 MiB)
Current lengths of episodes: [227]
Memory usage at done (index 0, length 227, since_prev 227): 5449.26953125 MiB (Increase: 0.0 MiB)
Memory usage before reset: 5449.26953125 MiB (Increase: 0.0 MiB)
Memory usage after reset: 5449.26953125 MiB (Increase: 0.0 MiB)
Training episode 850
Memory usage at middle: 5449.26953125 MiB (Increase: 0.0 MiB)
Memory usage before collect: 5449.26953125 MiB (Increase: 0.0 MiB)
Memory usage after collect: 5449.26953125 MiB (Increase: 0.0 MiB)
Episode 850	Average evaluation: -109.4563295272421
Memory usage before initialization: 5449.26953125 MiB (Increase: 0.0 MiB)
Memory usage after initialization: 5449.26953125 MiB (Increase: 0.0 MiB)
Current lengths of episodes: [60]
Memory usage at done (index 0, length 60, since_prev 60): 5449.26953125 MiB (Increase: 0.0 MiB)
Memory usage before reset: 5449.26953125 MiB (Increase: 0.0 MiB)
Memory usage after reset: 5449.26953125 MiB (Increase: 0.0 MiB)
Current lengths of episodes: [1600]
Memory usage at done (index 0, length 1600, since_prev 1600): 5449.26953125 MiB (Increase: 0.0 MiB)
Memory usage before reset: 5449.26953125 MiB (Increase: 0.0 MiB)
Memory usage after reset: 5449.26953125 MiB (Increase: 0.0 MiB)
Current lengths of episodes: [1600]
Memory usage at done (index 0, length 1600, since_prev 1600): 5449.26953125 MiB (Increase: 0.0 MiB)
Memory usage before reset: 5449.26953125 MiB (Increase: 0.0 MiB)
Memory usage after reset: 5449.26953125 MiB (Increase: 0.0 MiB)
Current lengths of episodes: [1600]
Memory usage at done (index 0, length 1600, since_prev 1600): 5449.26953125 MiB (Increase: 0.0 MiB)
Memory usage before reset: 5449.26953125 MiB (Increase: 0.0 MiB)
Memory usage after reset: 5449.26953125 MiB (Increase: 0.0 MiB)
Current lengths of episodes: [75]
Memory usage at done (index 0, length 75, since_prev 75): 5449.26953125 MiB (Increase: 0.0 MiB)
Memory usage before reset: 5449.26953125 MiB (Increase: 0.0 MiB)
Memory usage after reset: 5449.26953125 MiB (Increase: 0.0 MiB)
Training episode 855
Memory usage at middle: 5449.26953125 MiB (Increase: 0.0 MiB)
Memory usage before collect: 5449.26953125 MiB (Increase: 0.0 MiB)
Memory usage after collect: 5449.26953125 MiB (Increase: 0.0 MiB)
Memory usage before initialization: 5449.26953125 MiB (Increase: 0.0 MiB)
Memory usage after initialization: 5449.26953125 MiB (Increase: 0.0 MiB)
Current lengths of episodes: [84]
Memory usage at done (index 0, length 84, since_prev 84): 5449.26953125 MiB (Increase: 0.0 MiB)
Memory usage before reset: 5449.26953125 MiB (Increase: 0.0 MiB)
Memory usage after reset: 5449.26953125 MiB (Increase: 0.0 MiB)
Current lengths of episodes: [1600]
Memory usage at done (index 0, length 1600, since_prev 1600): 5449.26953125 MiB (Increase: 0.0 MiB)
Memory usage before reset: 5449.26953125 MiB (Increase: 0.0 MiB)
Memory usage after reset: 5449.26953125 MiB (Increase: 0.0 MiB)
Current lengths of episodes: [1600]
Memory usage at done (index 0, length 1600, since_prev 1600): 5449.26953125 MiB (Increase: 0.0 MiB)
Memory usage before reset: 5449.26953125 MiB (Increase: 0.0 MiB)
Memory usage after reset: 5449.26953125 MiB (Increase: 0.0 MiB)
Current lengths of episodes: [58]
Memory usage at done (index 0, length 58, since_prev 58): 5449.26953125 MiB (Increase: 0.0 MiB)
Memory usage before reset: 5449.26953125 MiB (Increase: 0.0 MiB)
Memory usage after reset: 5449.26953125 MiB (Increase: 0.0 MiB)
Current lengths of episodes: [98]
Memory usage at done (index 0, length 98, since_prev 98): 5449.26953125 MiB (Increase: 0.0 MiB)
Memory usage before reset: 5449.26953125 MiB (Increase: 0.0 MiB)
Memory usage after reset: 5449.26953125 MiB (Increase: 0.0 MiB)
Training episode 860
Memory usage at middle: 5449.26953125 MiB (Increase: 0.0 MiB)
Memory usage before collect: 5449.26953125 MiB (Increase: 0.0 MiB)
Memory usage after collect: 5449.26953125 MiB (Increase: 0.0 MiB)
Memory usage before initialization: 5449.26953125 MiB (Increase: 0.0 MiB)
Memory usage after initialization: 5449.26953125 MiB (Increase: 0.0 MiB)
Current lengths of episodes: [74]
Memory usage at done (index 0, length 74, since_prev 74): 5449.26953125 MiB (Increase: 0.0 MiB)
Memory usage before reset: 5449.26953125 MiB (Increase: 0.0 MiB)
Memory usage after reset: 5449.26953125 MiB (Increase: 0.0 MiB)
Current lengths of episodes: [1600]
Memory usage at done (index 0, length 1600, since_prev 1600): 5449.26953125 MiB (Increase: 0.0 MiB)
Memory usage before reset: 5449.26953125 MiB (Increase: 0.0 MiB)
Memory usage after reset: 5449.26953125 MiB (Increase: 0.0 MiB)
Current lengths of episodes: [1600]
Memory usage at done (index 0, length 1600, since_prev 1600): 5449.26953125 MiB (Increase: 0.0 MiB)
Memory usage before reset: 5449.26953125 MiB (Increase: 0.0 MiB)
Memory usage after reset: 5449.26953125 MiB (Increase: 0.0 MiB)
Current lengths of episodes: [1600]
Memory usage at done (index 0, length 1600, since_prev 1600): 5449.26953125 MiB (Increase: 0.0 MiB)
Memory usage before reset: 5449.26953125 MiB (Increase: 0.0 MiB)
Memory usage after reset: 5449.26953125 MiB (Increase: 0.0 MiB)
Current lengths of episodes: [1600]
Memory usage at done (index 0, length 1600, since_prev 1600): 5449.26953125 MiB (Increase: 0.0 MiB)
Memory usage before reset: 5449.26953125 MiB (Increase: 0.0 MiB)
Memory usage after reset: 5449.26953125 MiB (Increase: 0.0 MiB)
Training episode 865
Memory usage at middle: 5449.26953125 MiB (Increase: 0.0 MiB)
Memory usage before collect: 5449.26953125 MiB (Increase: 0.0 MiB)
Memory usage after collect: 5449.26953125 MiB (Increase: 0.0 MiB)
Memory usage before initialization: 5449.26953125 MiB (Increase: 0.0 MiB)
Memory usage after initialization: 5449.26953125 MiB (Increase: 0.0 MiB)
Current lengths of episodes: [1600]
Memory usage at done (index 0, length 1600, since_prev 1600): 5449.26953125 MiB (Increase: 0.0 MiB)
Memory usage before reset: 5449.26953125 MiB (Increase: 0.0 MiB)
Memory usage after reset: 5449.26953125 MiB (Increase: 0.0 MiB)
Current lengths of episodes: [1600]
Memory usage at done (index 0, length 1600, since_prev 1600): 5449.26953125 MiB (Increase: 0.0 MiB)
Memory usage before reset: 5449.26953125 MiB (Increase: 0.0 MiB)
Memory usage after reset: 5449.26953125 MiB (Increase: 0.0 MiB)
Current lengths of episodes: [1600]
Memory usage at done (index 0, length 1600, since_prev 1600): 5449.26953125 MiB (Increase: 0.0 MiB)
Memory usage before reset: 5449.26953125 MiB (Increase: 0.0 MiB)
Memory usage after reset: 5449.26953125 MiB (Increase: 0.0 MiB)
Current lengths of episodes: [1600]
Memory usage at done (index 0, length 1600, since_prev 1600): 5449.26953125 MiB (Increase: 0.0 MiB)
Memory usage before reset: 5449.26953125 MiB (Increase: 0.0 MiB)
Memory usage after reset: 5449.26953125 MiB (Increase: 0.0 MiB)
Current lengths of episodes: [83]
Memory usage at done (index 0, length 83, since_prev 83): 5449.26953125 MiB (Increase: 0.0 MiB)
Memory usage before reset: 5449.26953125 MiB (Increase: 0.0 MiB)
Memory usage after reset: 5449.26953125 MiB (Increase: 0.0 MiB)
Training episode 870
Memory usage at middle: 5449.26953125 MiB (Increase: 0.0 MiB)
Memory usage before collect: 5449.26953125 MiB (Increase: 0.0 MiB)
Memory usage after collect: 5449.26953125 MiB (Increase: 0.0 MiB)
Memory usage before initialization: 5449.26953125 MiB (Increase: 0.0 MiB)
Memory usage after initialization: 5449.26953125 MiB (Increase: 0.0 MiB)
Current lengths of episodes: [85]
Memory usage at done (index 0, length 85, since_prev 85): 5449.26953125 MiB (Increase: 0.0 MiB)
Memory usage before reset: 5449.26953125 MiB (Increase: 0.0 MiB)
Memory usage after reset: 5449.26953125 MiB (Increase: 0.0 MiB)
Current lengths of episodes: [79]
Memory usage at done (index 0, length 79, since_prev 79): 5449.26953125 MiB (Increase: 0.0 MiB)
Memory usage before reset: 5449.26953125 MiB (Increase: 0.0 MiB)
Memory usage after reset: 5449.26953125 MiB (Increase: 0.0 MiB)
Current lengths of episodes: [54]
Memory usage at done (index 0, length 54, since_prev 54): 5449.26953125 MiB (Increase: 0.0 MiB)
Memory usage before reset: 5449.26953125 MiB (Increase: 0.0 MiB)
Memory usage after reset: 5449.26953125 MiB (Increase: 0.0 MiB)
Current lengths of episodes: [52]
Memory usage at done (index 0, length 52, since_prev 52): 5449.26953125 MiB (Increase: 0.0 MiB)
Memory usage before reset: 5449.26953125 MiB (Increase: 0.0 MiB)
Memory usage after reset: 5449.26953125 MiB (Increase: 0.0 MiB)
Current lengths of episodes: [1600]
Memory usage at done (index 0, length 1600, since_prev 1600): 5449.26953125 MiB (Increase: 0.0 MiB)
Memory usage before reset: 5449.26953125 MiB (Increase: 0.0 MiB)
Memory usage after reset: 5449.26953125 MiB (Increase: 0.0 MiB)
Training episode 875
Memory usage at middle: 5449.26953125 MiB (Increase: 0.0 MiB)
Memory usage before collect: 5449.26953125 MiB (Increase: 0.0 MiB)
Memory usage after collect: 5449.26953125 MiB (Increase: 0.0 MiB)
Memory usage before initialization: 5449.26953125 MiB (Increase: 0.0 MiB)
Memory usage after initialization: 5449.26953125 MiB (Increase: 0.0 MiB)
Current lengths of episodes: [1600]
Memory usage at done (index 0, length 1600, since_prev 1600): 5449.26953125 MiB (Increase: 0.0 MiB)
Memory usage before reset: 5449.26953125 MiB (Increase: 0.0 MiB)
Memory usage after reset: 5449.26953125 MiB (Increase: 0.0 MiB)
Current lengths of episodes: [1600]
Memory usage at done (index 0, length 1600, since_prev 1600): 5449.26953125 MiB (Increase: 0.0 MiB)
Memory usage before reset: 5449.26953125 MiB (Increase: 0.0 MiB)
Memory usage after reset: 5449.26953125 MiB (Increase: 0.0 MiB)
Current lengths of episodes: [86]
Memory usage at done (index 0, length 86, since_prev 86): 5449.26953125 MiB (Increase: 0.0 MiB)
Memory usage before reset: 5449.26953125 MiB (Increase: 0.0 MiB)
Memory usage after reset: 5449.26953125 MiB (Increase: 0.0 MiB)
Current lengths of episodes: [85]
Memory usage at done (index 0, length 85, since_prev 85): 5449.26953125 MiB (Increase: 0.0 MiB)
Memory usage before reset: 5449.26953125 MiB (Increase: 0.0 MiB)
Memory usage after reset: 5449.26953125 MiB (Increase: 0.0 MiB)
Current lengths of episodes: [69]
Memory usage at done (index 0, length 69, since_prev 69): 5449.26953125 MiB (Increase: 0.0 MiB)
Memory usage before reset: 5449.26953125 MiB (Increase: 0.0 MiB)
Memory usage after reset: 5449.26953125 MiB (Increase: 0.0 MiB)
Training episode 880
Memory usage at middle: 5449.26953125 MiB (Increase: 0.0 MiB)
Memory usage before collect: 5449.26953125 MiB (Increase: 0.0 MiB)
Memory usage after collect: 5449.26953125 MiB (Increase: 0.0 MiB)
Memory usage before initialization: 5449.26953125 MiB (Increase: 0.0 MiB)
Memory usage after initialization: 5449.26953125 MiB (Increase: 0.0 MiB)
Current lengths of episodes: [1600]
Memory usage at done (index 0, length 1600, since_prev 1600): 5449.26953125 MiB (Increase: 0.0 MiB)
Memory usage before reset: 5449.26953125 MiB (Increase: 0.0 MiB)
Memory usage after reset: 5449.26953125 MiB (Increase: 0.0 MiB)
Current lengths of episodes: [1600]
Memory usage at done (index 0, length 1600, since_prev 1600): 5449.26953125 MiB (Increase: 0.0 MiB)
Memory usage before reset: 5449.26953125 MiB (Increase: 0.0 MiB)
Memory usage after reset: 5449.26953125 MiB (Increase: 0.0 MiB)
Current lengths of episodes: [1600]
Memory usage at done (index 0, length 1600, since_prev 1600): 5449.26953125 MiB (Increase: 0.0 MiB)
Memory usage before reset: 5449.26953125 MiB (Increase: 0.0 MiB)
Memory usage after reset: 5449.26953125 MiB (Increase: 0.0 MiB)
Current lengths of episodes: [1600]
Memory usage at done (index 0, length 1600, since_prev 1600): 5449.26953125 MiB (Increase: 0.0 MiB)
Memory usage before reset: 5449.26953125 MiB (Increase: 0.0 MiB)
Memory usage after reset: 5449.26953125 MiB (Increase: 0.0 MiB)
Current lengths of episodes: [1600]
Memory usage at done (index 0, length 1600, since_prev 1600): 5449.26953125 MiB (Increase: 0.0 MiB)
Memory usage before reset: 5449.26953125 MiB (Increase: 0.0 MiB)
Memory usage after reset: 5449.26953125 MiB (Increase: 0.0 MiB)
Training episode 885
Memory usage at middle: 5449.26953125 MiB (Increase: 0.0 MiB)
Memory usage before collect: 5449.26953125 MiB (Increase: 0.0 MiB)
Memory usage after collect: 5449.26953125 MiB (Increase: 0.0 MiB)
Memory usage before initialization: 5449.26953125 MiB (Increase: 0.0 MiB)
Memory usage after initialization: 5449.26953125 MiB (Increase: 0.0 MiB)
Current lengths of episodes: [1600]
Memory usage at done (index 0, length 1600, since_prev 1600): 5449.26953125 MiB (Increase: 0.0 MiB)
Memory usage before reset: 5449.26953125 MiB (Increase: 0.0 MiB)
Memory usage after reset: 5449.26953125 MiB (Increase: 0.0 MiB)
Current lengths of episodes: [1600]
Memory usage at done (index 0, length 1600, since_prev 1600): 5449.26953125 MiB (Increase: 0.0 MiB)
Memory usage before reset: 5449.26953125 MiB (Increase: 0.0 MiB)
Memory usage after reset: 5449.26953125 MiB (Increase: 0.0 MiB)
Current lengths of episodes: [1600]
Memory usage at done (index 0, length 1600, since_prev 1600): 5449.26953125 MiB (Increase: 0.0 MiB)
Memory usage before reset: 5449.26953125 MiB (Increase: 0.0 MiB)
Memory usage after reset: 5449.26953125 MiB (Increase: 0.0 MiB)
Current lengths of episodes: [1600]
Memory usage at done (index 0, length 1600, since_prev 1600): 5668.24609375 MiB (Increase: 218.9765625 MiB)
Memory usage before reset: 5668.24609375 MiB (Increase: 0.0 MiB)
Memory usage after reset: 5668.24609375 MiB (Increase: 0.0 MiB)
Current lengths of episodes: [1600]
Memory usage at done (index 0, length 1600, since_prev 1600): 6238.37890625 MiB (Increase: 570.1328125 MiB)
Memory usage before reset: 6238.37890625 MiB (Increase: 0.0 MiB)
Memory usage after reset: 6238.37890625 MiB (Increase: 0.0 MiB)
Training episode 890
Memory usage at middle: 6238.37890625 MiB (Increase: 0.0 MiB)
Memory usage before collect: 6239.765625 MiB (Increase: 1.38671875 MiB)
Memory usage after collect: 6239.765625 MiB (Increase: 0.0 MiB)
Memory usage before initialization: 6239.765625 MiB (Increase: 0.0 MiB)
Memory usage after initialization: 6239.765625 MiB (Increase: 0.0 MiB)
Current lengths of episodes: [1600]
Memory usage at done (index 0, length 1600, since_prev 1600): 6239.765625 MiB (Increase: 0.0 MiB)
Memory usage before reset: 6239.765625 MiB (Increase: 0.0 MiB)
Memory usage after reset: 6239.765625 MiB (Increase: 0.0 MiB)
Current lengths of episodes: [1600]
Memory usage at done (index 0, length 1600, since_prev 1600): 6239.765625 MiB (Increase: 0.0 MiB)
Memory usage before reset: 6239.765625 MiB (Increase: 0.0 MiB)
Memory usage after reset: 6239.765625 MiB (Increase: 0.0 MiB)
Current lengths of episodes: [1600]
Memory usage at done (index 0, length 1600, since_prev 1600): 6239.765625 MiB (Increase: 0.0 MiB)
Memory usage before reset: 6239.765625 MiB (Increase: 0.0 MiB)
Memory usage after reset: 6239.765625 MiB (Increase: 0.0 MiB)
Current lengths of episodes: [56]
Memory usage at done (index 0, length 56, since_prev 56): 6239.765625 MiB (Increase: 0.0 MiB)
Memory usage before reset: 6239.765625 MiB (Increase: 0.0 MiB)
Memory usage after reset: 6239.765625 MiB (Increase: 0.0 MiB)
Current lengths of episodes: [1600]
Memory usage at done (index 0, length 1600, since_prev 1600): 6239.765625 MiB (Increase: 0.0 MiB)
Memory usage before reset: 6239.765625 MiB (Increase: 0.0 MiB)
Memory usage after reset: 6239.765625 MiB (Increase: 0.0 MiB)
Training episode 895
Memory usage at middle: 6239.765625 MiB (Increase: 0.0 MiB)
Memory usage before collect: 6239.765625 MiB (Increase: 0.0 MiB)
Memory usage after collect: 6239.765625 MiB (Increase: 0.0 MiB)
Memory usage before initialization: 6239.765625 MiB (Increase: 0.0 MiB)
Memory usage after initialization: 6239.765625 MiB (Increase: 0.0 MiB)
Current lengths of episodes: [1600]
Memory usage at done (index 0, length 1600, since_prev 1600): 6239.765625 MiB (Increase: 0.0 MiB)
Memory usage before reset: 6239.765625 MiB (Increase: 0.0 MiB)
Memory usage after reset: 6239.765625 MiB (Increase: 0.0 MiB)
Current lengths of episodes: [1600]
Memory usage at done (index 0, length 1600, since_prev 1600): 6239.765625 MiB (Increase: 0.0 MiB)
Memory usage before reset: 6239.765625 MiB (Increase: 0.0 MiB)
Memory usage after reset: 6239.765625 MiB (Increase: 0.0 MiB)
Current lengths of episodes: [1600]
Memory usage at done (index 0, length 1600, since_prev 1600): 6239.765625 MiB (Increase: 0.0 MiB)
Memory usage before reset: 6239.765625 MiB (Increase: 0.0 MiB)
Memory usage after reset: 6239.765625 MiB (Increase: 0.0 MiB)
Current lengths of episodes: [1600]
Memory usage at done (index 0, length 1600, since_prev 1600): 6239.765625 MiB (Increase: 0.0 MiB)
Memory usage before reset: 6239.765625 MiB (Increase: 0.0 MiB)
Memory usage after reset: 6239.765625 MiB (Increase: 0.0 MiB)
Current lengths of episodes: [1600]
Memory usage at done (index 0, length 1600, since_prev 1600): 6239.765625 MiB (Increase: 0.0 MiB)
Memory usage before reset: 6239.765625 MiB (Increase: 0.0 MiB)
Memory usage after reset: 6239.765625 MiB (Increase: 0.0 MiB)
Training episode 900
Memory usage at middle: 6239.765625 MiB (Increase: 0.0 MiB)
Memory usage before collect: 6239.765625 MiB (Increase: 0.0 MiB)
Memory usage after collect: 6239.765625 MiB (Increase: 0.0 MiB)
Episode 900	Average evaluation: -22.57424954715035
Memory usage before initialization: 6239.765625 MiB (Increase: 0.0 MiB)
Memory usage after initialization: 6239.765625 MiB (Increase: 0.0 MiB)
Current lengths of episodes: [1600]
Memory usage at done (index 0, length 1600, since_prev 1600): 6239.765625 MiB (Increase: 0.0 MiB)
Memory usage before reset: 6239.765625 MiB (Increase: 0.0 MiB)
Memory usage after reset: 6239.765625 MiB (Increase: 0.0 MiB)
Current lengths of episodes: [81]
Memory usage at done (index 0, length 81, since_prev 81): 6239.765625 MiB (Increase: 0.0 MiB)
Memory usage before reset: 6239.765625 MiB (Increase: 0.0 MiB)
Memory usage after reset: 6239.765625 MiB (Increase: 0.0 MiB)
Current lengths of episodes: [98]
Memory usage at done (index 0, length 98, since_prev 98): 6239.765625 MiB (Increase: 0.0 MiB)
Memory usage before reset: 6239.765625 MiB (Increase: 0.0 MiB)
Memory usage after reset: 6239.765625 MiB (Increase: 0.0 MiB)
Current lengths of episodes: [98]
Memory usage at done (index 0, length 98, since_prev 98): 6239.765625 MiB (Increase: 0.0 MiB)
Memory usage before reset: 6239.765625 MiB (Increase: 0.0 MiB)
Memory usage after reset: 6239.765625 MiB (Increase: 0.0 MiB)
Current lengths of episodes: [1600]
Memory usage at done (index 0, length 1600, since_prev 1600): 6239.765625 MiB (Increase: 0.0 MiB)
Memory usage before reset: 6239.765625 MiB (Increase: 0.0 MiB)
Memory usage after reset: 6239.765625 MiB (Increase: 0.0 MiB)
Training episode 905
Memory usage at middle: 6239.765625 MiB (Increase: 0.0 MiB)
Memory usage before collect: 6239.765625 MiB (Increase: 0.0 MiB)
Memory usage after collect: 6239.765625 MiB (Increase: 0.0 MiB)
Memory usage before initialization: 6239.765625 MiB (Increase: 0.0 MiB)
Memory usage after initialization: 6239.765625 MiB (Increase: 0.0 MiB)
Current lengths of episodes: [1600]
Memory usage at done (index 0, length 1600, since_prev 1600): 6239.765625 MiB (Increase: 0.0 MiB)
Memory usage before reset: 6239.765625 MiB (Increase: 0.0 MiB)
Memory usage after reset: 6239.765625 MiB (Increase: 0.0 MiB)
Current lengths of episodes: [66]
Memory usage at done (index 0, length 66, since_prev 66): 6239.765625 MiB (Increase: 0.0 MiB)
Memory usage before reset: 6239.765625 MiB (Increase: 0.0 MiB)
Memory usage after reset: 6239.765625 MiB (Increase: 0.0 MiB)
Current lengths of episodes: [1600]
Memory usage at done (index 0, length 1600, since_prev 1600): 6239.765625 MiB (Increase: 0.0 MiB)
Memory usage before reset: 6239.765625 MiB (Increase: 0.0 MiB)
Memory usage after reset: 6239.765625 MiB (Increase: 0.0 MiB)
Current lengths of episodes: [1600]
Memory usage at done (index 0, length 1600, since_prev 1600): 6239.765625 MiB (Increase: 0.0 MiB)
Memory usage before reset: 6239.765625 MiB (Increase: 0.0 MiB)
Memory usage after reset: 6239.765625 MiB (Increase: 0.0 MiB)
Current lengths of episodes: [888]
Memory usage at done (index 0, length 888, since_prev 888): 6239.765625 MiB (Increase: 0.0 MiB)
Memory usage before reset: 6239.765625 MiB (Increase: 0.0 MiB)
Memory usage after reset: 6239.765625 MiB (Increase: 0.0 MiB)
Training episode 910
Memory usage at middle: 6239.765625 MiB (Increase: 0.0 MiB)
Memory usage before collect: 6239.765625 MiB (Increase: 0.0 MiB)
Memory usage after collect: 6239.765625 MiB (Increase: 0.0 MiB)
Memory usage before initialization: 6239.765625 MiB (Increase: 0.0 MiB)
Memory usage after initialization: 6239.765625 MiB (Increase: 0.0 MiB)
Current lengths of episodes: [57]
Memory usage at done (index 0, length 57, since_prev 57): 6239.765625 MiB (Increase: 0.0 MiB)
Memory usage before reset: 6239.765625 MiB (Increase: 0.0 MiB)
Memory usage after reset: 6239.765625 MiB (Increase: 0.0 MiB)
Current lengths of episodes: [208]
Memory usage at done (index 0, length 208, since_prev 208): 6239.765625 MiB (Increase: 0.0 MiB)
Memory usage before reset: 6239.765625 MiB (Increase: 0.0 MiB)
Memory usage after reset: 6239.765625 MiB (Increase: 0.0 MiB)
Current lengths of episodes: [67]
Memory usage at done (index 0, length 67, since_prev 67): 6239.765625 MiB (Increase: 0.0 MiB)
Memory usage before reset: 6239.765625 MiB (Increase: 0.0 MiB)
Memory usage after reset: 6239.765625 MiB (Increase: 0.0 MiB)
Current lengths of episodes: [1600]
Memory usage at done (index 0, length 1600, since_prev 1600): 6239.765625 MiB (Increase: 0.0 MiB)
Memory usage before reset: 6239.765625 MiB (Increase: 0.0 MiB)
Memory usage after reset: 6239.765625 MiB (Increase: 0.0 MiB)
Current lengths of episodes: [1600]
Memory usage at done (index 0, length 1600, since_prev 1600): 6239.765625 MiB (Increase: 0.0 MiB)
Memory usage before reset: 6239.765625 MiB (Increase: 0.0 MiB)
Memory usage after reset: 6239.765625 MiB (Increase: 0.0 MiB)
Training episode 915
Memory usage at middle: 6239.765625 MiB (Increase: 0.0 MiB)
Memory usage before collect: 6239.765625 MiB (Increase: 0.0 MiB)
Memory usage after collect: 6239.765625 MiB (Increase: 0.0 MiB)
Memory usage before initialization: 6239.765625 MiB (Increase: 0.0 MiB)
Memory usage after initialization: 6239.765625 MiB (Increase: 0.0 MiB)
Current lengths of episodes: [58]
Memory usage at done (index 0, length 58, since_prev 58): 6239.765625 MiB (Increase: 0.0 MiB)
Memory usage before reset: 6239.765625 MiB (Increase: 0.0 MiB)
Memory usage after reset: 6239.765625 MiB (Increase: 0.0 MiB)
Current lengths of episodes: [68]
Memory usage at done (index 0, length 68, since_prev 68): 6239.765625 MiB (Increase: 0.0 MiB)
Memory usage before reset: 6239.765625 MiB (Increase: 0.0 MiB)
Memory usage after reset: 6239.765625 MiB (Increase: 0.0 MiB)
Current lengths of episodes: [46]
Memory usage at done (index 0, length 46, since_prev 46): 6239.765625 MiB (Increase: 0.0 MiB)
Memory usage before reset: 6239.765625 MiB (Increase: 0.0 MiB)
Memory usage after reset: 6239.765625 MiB (Increase: 0.0 MiB)
Current lengths of episodes: [84]
Memory usage at done (index 0, length 84, since_prev 84): 6239.765625 MiB (Increase: 0.0 MiB)
Memory usage before reset: 6239.765625 MiB (Increase: 0.0 MiB)
Memory usage after reset: 6239.765625 MiB (Increase: 0.0 MiB)
Current lengths of episodes: [1600]
Memory usage at done (index 0, length 1600, since_prev 1600): 6239.765625 MiB (Increase: 0.0 MiB)
Memory usage before reset: 6239.765625 MiB (Increase: 0.0 MiB)
Memory usage after reset: 6239.765625 MiB (Increase: 0.0 MiB)
Training episode 920
Memory usage at middle: 6239.765625 MiB (Increase: 0.0 MiB)
Memory usage before collect: 6239.765625 MiB (Increase: 0.0 MiB)
Memory usage after collect: 6239.765625 MiB (Increase: 0.0 MiB)
Memory usage before initialization: 6239.765625 MiB (Increase: 0.0 MiB)
Memory usage after initialization: 6239.765625 MiB (Increase: 0.0 MiB)
Current lengths of episodes: [1600]
Memory usage at done (index 0, length 1600, since_prev 1600): 6239.765625 MiB (Increase: 0.0 MiB)
Memory usage before reset: 6239.765625 MiB (Increase: 0.0 MiB)
Memory usage after reset: 6239.765625 MiB (Increase: 0.0 MiB)
Current lengths of episodes: [1600]
Memory usage at done (index 0, length 1600, since_prev 1600): 6239.765625 MiB (Increase: 0.0 MiB)
Memory usage before reset: 6239.765625 MiB (Increase: 0.0 MiB)
Memory usage after reset: 6239.765625 MiB (Increase: 0.0 MiB)
Current lengths of episodes: [66]
Memory usage at done (index 0, length 66, since_prev 66): 6239.765625 MiB (Increase: 0.0 MiB)
Memory usage before reset: 6239.765625 MiB (Increase: 0.0 MiB)
Memory usage after reset: 6239.765625 MiB (Increase: 0.0 MiB)
Current lengths of episodes: [59]
Memory usage at done (index 0, length 59, since_prev 59): 6239.765625 MiB (Increase: 0.0 MiB)
Memory usage before reset: 6239.765625 MiB (Increase: 0.0 MiB)
Memory usage after reset: 6239.765625 MiB (Increase: 0.0 MiB)
Current lengths of episodes: [70]
Memory usage at done (index 0, length 70, since_prev 70): 6239.765625 MiB (Increase: 0.0 MiB)
Memory usage before reset: 6239.765625 MiB (Increase: 0.0 MiB)
Memory usage after reset: 6239.765625 MiB (Increase: 0.0 MiB)
Training episode 925
Memory usage at middle: 6239.765625 MiB (Increase: 0.0 MiB)
Memory usage before collect: 6239.765625 MiB (Increase: 0.0 MiB)
Memory usage after collect: 6239.765625 MiB (Increase: 0.0 MiB)
Memory usage before initialization: 6239.765625 MiB (Increase: 0.0 MiB)
Memory usage after initialization: 6239.765625 MiB (Increase: 0.0 MiB)
Current lengths of episodes: [1600]
Memory usage at done (index 0, length 1600, since_prev 1600): 6239.765625 MiB (Increase: 0.0 MiB)
Memory usage before reset: 6239.765625 MiB (Increase: 0.0 MiB)
Memory usage after reset: 6239.765625 MiB (Increase: 0.0 MiB)
Current lengths of episodes: [1600]
Memory usage at done (index 0, length 1600, since_prev 1600): 6239.765625 MiB (Increase: 0.0 MiB)
Memory usage before reset: 6239.765625 MiB (Increase: 0.0 MiB)
Memory usage after reset: 6239.765625 MiB (Increase: 0.0 MiB)
Current lengths of episodes: [1600]
Memory usage at done (index 0, length 1600, since_prev 1600): 6239.765625 MiB (Increase: 0.0 MiB)
Memory usage before reset: 6239.765625 MiB (Increase: 0.0 MiB)
Memory usage after reset: 6239.765625 MiB (Increase: 0.0 MiB)
Current lengths of episodes: [1600]
Memory usage at done (index 0, length 1600, since_prev 1600): 6239.765625 MiB (Increase: 0.0 MiB)
Memory usage before reset: 6239.765625 MiB (Increase: 0.0 MiB)
Memory usage after reset: 6239.765625 MiB (Increase: 0.0 MiB)
Current lengths of episodes: [170]
Memory usage at done (index 0, length 170, since_prev 170): 6239.765625 MiB (Increase: 0.0 MiB)
Memory usage before reset: 6239.765625 MiB (Increase: 0.0 MiB)
Memory usage after reset: 6239.765625 MiB (Increase: 0.0 MiB)
Training episode 930
Memory usage at middle: 6239.765625 MiB (Increase: 0.0 MiB)
Memory usage before collect: 6239.765625 MiB (Increase: 0.0 MiB)
Memory usage after collect: 6239.765625 MiB (Increase: 0.0 MiB)
Memory usage before initialization: 6239.765625 MiB (Increase: 0.0 MiB)
Memory usage after initialization: 6239.765625 MiB (Increase: 0.0 MiB)
Current lengths of episodes: [1600]
Memory usage at done (index 0, length 1600, since_prev 1600): 6239.765625 MiB (Increase: 0.0 MiB)
Memory usage before reset: 6239.765625 MiB (Increase: 0.0 MiB)
Memory usage after reset: 6239.765625 MiB (Increase: 0.0 MiB)
Current lengths of episodes: [86]
Memory usage at done (index 0, length 86, since_prev 86): 6239.765625 MiB (Increase: 0.0 MiB)
Memory usage before reset: 6239.765625 MiB (Increase: 0.0 MiB)
Memory usage after reset: 6239.765625 MiB (Increase: 0.0 MiB)
Current lengths of episodes: [52]
Memory usage at done (index 0, length 52, since_prev 52): 6239.765625 MiB (Increase: 0.0 MiB)
Memory usage before reset: 6239.765625 MiB (Increase: 0.0 MiB)
Memory usage after reset: 6239.765625 MiB (Increase: 0.0 MiB)
Current lengths of episodes: [81]
Memory usage at done (index 0, length 81, since_prev 81): 6239.765625 MiB (Increase: 0.0 MiB)
Memory usage before reset: 6239.765625 MiB (Increase: 0.0 MiB)
Memory usage after reset: 6239.765625 MiB (Increase: 0.0 MiB)
Current lengths of episodes: [1600]
Memory usage at done (index 0, length 1600, since_prev 1600): 6239.765625 MiB (Increase: 0.0 MiB)
Memory usage before reset: 6239.765625 MiB (Increase: 0.0 MiB)
Memory usage after reset: 6239.765625 MiB (Increase: 0.0 MiB)
Training episode 935
Memory usage at middle: 6239.765625 MiB (Increase: 0.0 MiB)
Memory usage before collect: 6239.765625 MiB (Increase: 0.0 MiB)
Memory usage after collect: 6239.765625 MiB (Increase: 0.0 MiB)
Memory usage before initialization: 6239.765625 MiB (Increase: 0.0 MiB)
Memory usage after initialization: 6239.765625 MiB (Increase: 0.0 MiB)
Current lengths of episodes: [1600]
Memory usage at done (index 0, length 1600, since_prev 1600): 6239.765625 MiB (Increase: 0.0 MiB)
Memory usage before reset: 6239.765625 MiB (Increase: 0.0 MiB)
Memory usage after reset: 6239.765625 MiB (Increase: 0.0 MiB)
Current lengths of episodes: [92]
Memory usage at done (index 0, length 92, since_prev 92): 6239.765625 MiB (Increase: 0.0 MiB)
Memory usage before reset: 6239.765625 MiB (Increase: 0.0 MiB)
Memory usage after reset: 6239.765625 MiB (Increase: 0.0 MiB)
Current lengths of episodes: [1600]
Memory usage at done (index 0, length 1600, since_prev 1600): 6239.765625 MiB (Increase: 0.0 MiB)
Memory usage before reset: 6239.765625 MiB (Increase: 0.0 MiB)
Memory usage after reset: 6239.765625 MiB (Increase: 0.0 MiB)
Current lengths of episodes: [93]
Memory usage at done (index 0, length 93, since_prev 93): 6239.765625 MiB (Increase: 0.0 MiB)
Memory usage before reset: 6239.765625 MiB (Increase: 0.0 MiB)
Memory usage after reset: 6239.765625 MiB (Increase: 0.0 MiB)
Current lengths of episodes: [1600]
Memory usage at done (index 0, length 1600, since_prev 1600): 6239.765625 MiB (Increase: 0.0 MiB)
Memory usage before reset: 6239.765625 MiB (Increase: 0.0 MiB)
Memory usage after reset: 6239.765625 MiB (Increase: 0.0 MiB)
Training episode 940
Memory usage at middle: 6239.765625 MiB (Increase: 0.0 MiB)
Memory usage before collect: 6239.765625 MiB (Increase: 0.0 MiB)
Memory usage after collect: 6239.765625 MiB (Increase: 0.0 MiB)
Memory usage before initialization: 6239.765625 MiB (Increase: 0.0 MiB)
Memory usage after initialization: 6239.765625 MiB (Increase: 0.0 MiB)
Current lengths of episodes: [68]
Memory usage at done (index 0, length 68, since_prev 68): 6239.765625 MiB (Increase: 0.0 MiB)
Memory usage before reset: 6239.765625 MiB (Increase: 0.0 MiB)
Memory usage after reset: 6239.765625 MiB (Increase: 0.0 MiB)
Current lengths of episodes: [103]
Memory usage at done (index 0, length 103, since_prev 103): 6239.765625 MiB (Increase: 0.0 MiB)
Memory usage before reset: 6239.765625 MiB (Increase: 0.0 MiB)
Memory usage after reset: 6239.765625 MiB (Increase: 0.0 MiB)
Current lengths of episodes: [1600]
Memory usage at done (index 0, length 1600, since_prev 1600): 6239.765625 MiB (Increase: 0.0 MiB)
Memory usage before reset: 6239.765625 MiB (Increase: 0.0 MiB)
Memory usage after reset: 6239.765625 MiB (Increase: 0.0 MiB)
Current lengths of episodes: [161]
Memory usage at done (index 0, length 161, since_prev 161): 6239.765625 MiB (Increase: 0.0 MiB)
Memory usage before reset: 6239.765625 MiB (Increase: 0.0 MiB)
Memory usage after reset: 6239.765625 MiB (Increase: 0.0 MiB)
Current lengths of episodes: [75]
Memory usage at done (index 0, length 75, since_prev 75): 6239.765625 MiB (Increase: 0.0 MiB)
Memory usage before reset: 6239.765625 MiB (Increase: 0.0 MiB)
Memory usage after reset: 6239.765625 MiB (Increase: 0.0 MiB)
Training episode 945
Memory usage at middle: 6239.765625 MiB (Increase: 0.0 MiB)
Memory usage before collect: 6239.765625 MiB (Increase: 0.0 MiB)
Memory usage after collect: 6239.765625 MiB (Increase: 0.0 MiB)
Memory usage before initialization: 6239.765625 MiB (Increase: 0.0 MiB)
Memory usage after initialization: 6239.765625 MiB (Increase: 0.0 MiB)
Current lengths of episodes: [85]
Memory usage at done (index 0, length 85, since_prev 85): 6239.765625 MiB (Increase: 0.0 MiB)
Memory usage before reset: 6239.765625 MiB (Increase: 0.0 MiB)
Memory usage after reset: 6239.765625 MiB (Increase: 0.0 MiB)
Current lengths of episodes: [1600]
Memory usage at done (index 0, length 1600, since_prev 1600): 6239.765625 MiB (Increase: 0.0 MiB)
Memory usage before reset: 6239.765625 MiB (Increase: 0.0 MiB)
Memory usage after reset: 6239.765625 MiB (Increase: 0.0 MiB)
Current lengths of episodes: [1600]
Memory usage at done (index 0, length 1600, since_prev 1600): 6239.765625 MiB (Increase: 0.0 MiB)
Memory usage before reset: 6239.765625 MiB (Increase: 0.0 MiB)
Memory usage after reset: 6239.765625 MiB (Increase: 0.0 MiB)
Current lengths of episodes: [71]
Memory usage at done (index 0, length 71, since_prev 71): 6239.765625 MiB (Increase: 0.0 MiB)
Memory usage before reset: 6239.765625 MiB (Increase: 0.0 MiB)
Memory usage after reset: 6239.765625 MiB (Increase: 0.0 MiB)
Current lengths of episodes: [59]
Memory usage at done (index 0, length 59, since_prev 59): 6239.765625 MiB (Increase: 0.0 MiB)
Memory usage before reset: 6239.765625 MiB (Increase: 0.0 MiB)
Memory usage after reset: 6239.765625 MiB (Increase: 0.0 MiB)
Training episode 950
Memory usage at middle: 6239.765625 MiB (Increase: 0.0 MiB)
Memory usage before collect: 6239.765625 MiB (Increase: 0.0 MiB)
Memory usage after collect: 6239.765625 MiB (Increase: 0.0 MiB)
Episode 950	Average evaluation: -23.536264781444892
Memory usage before initialization: 6239.765625 MiB (Increase: 0.0 MiB)
Memory usage after initialization: 6239.765625 MiB (Increase: 0.0 MiB)
Current lengths of episodes: [92]
Memory usage at done (index 0, length 92, since_prev 92): 6239.765625 MiB (Increase: 0.0 MiB)
Memory usage before reset: 6239.765625 MiB (Increase: 0.0 MiB)
Memory usage after reset: 6239.765625 MiB (Increase: 0.0 MiB)
Current lengths of episodes: [62]
Memory usage at done (index 0, length 62, since_prev 62): 6239.765625 MiB (Increase: 0.0 MiB)
Memory usage before reset: 6239.765625 MiB (Increase: 0.0 MiB)
Memory usage after reset: 6239.765625 MiB (Increase: 0.0 MiB)
Current lengths of episodes: [54]
Memory usage at done (index 0, length 54, since_prev 54): 6239.765625 MiB (Increase: 0.0 MiB)
Memory usage before reset: 6239.765625 MiB (Increase: 0.0 MiB)
Memory usage after reset: 6239.765625 MiB (Increase: 0.0 MiB)
Current lengths of episodes: [75]
Memory usage at done (index 0, length 75, since_prev 75): 6239.765625 MiB (Increase: 0.0 MiB)
Memory usage before reset: 6239.765625 MiB (Increase: 0.0 MiB)
Memory usage after reset: 6239.765625 MiB (Increase: 0.0 MiB)
Current lengths of episodes: [1600]
Memory usage at done (index 0, length 1600, since_prev 1600): 6239.765625 MiB (Increase: 0.0 MiB)
Memory usage before reset: 6239.765625 MiB (Increase: 0.0 MiB)
Memory usage after reset: 6239.765625 MiB (Increase: 0.0 MiB)
Training episode 955
Memory usage at middle: 6239.765625 MiB (Increase: 0.0 MiB)
Memory usage before collect: 6239.765625 MiB (Increase: 0.0 MiB)
Memory usage after collect: 6239.765625 MiB (Increase: 0.0 MiB)
Memory usage before initialization: 6239.765625 MiB (Increase: 0.0 MiB)
Memory usage after initialization: 6239.765625 MiB (Increase: 0.0 MiB)
Current lengths of episodes: [58]
Memory usage at done (index 0, length 58, since_prev 58): 6239.765625 MiB (Increase: 0.0 MiB)
Memory usage before reset: 6239.765625 MiB (Increase: 0.0 MiB)
Memory usage after reset: 6239.765625 MiB (Increase: 0.0 MiB)
Current lengths of episodes: [72]
Memory usage at done (index 0, length 72, since_prev 72): 6239.765625 MiB (Increase: 0.0 MiB)
Memory usage before reset: 6239.765625 MiB (Increase: 0.0 MiB)
Memory usage after reset: 6239.765625 MiB (Increase: 0.0 MiB)
Current lengths of episodes: [1600]
Memory usage at done (index 0, length 1600, since_prev 1600): 6239.765625 MiB (Increase: 0.0 MiB)
Memory usage before reset: 6239.765625 MiB (Increase: 0.0 MiB)
Memory usage after reset: 6239.765625 MiB (Increase: 0.0 MiB)
Current lengths of episodes: [1600]
Memory usage at done (index 0, length 1600, since_prev 1600): 6239.765625 MiB (Increase: 0.0 MiB)
Memory usage before reset: 6239.765625 MiB (Increase: 0.0 MiB)
Memory usage after reset: 6239.765625 MiB (Increase: 0.0 MiB)
Current lengths of episodes: [1600]
Memory usage at done (index 0, length 1600, since_prev 1600): 6239.765625 MiB (Increase: 0.0 MiB)
Memory usage before reset: 6239.765625 MiB (Increase: 0.0 MiB)
Memory usage after reset: 6239.765625 MiB (Increase: 0.0 MiB)
Training episode 960
Memory usage at middle: 6239.765625 MiB (Increase: 0.0 MiB)
Memory usage before collect: 6239.765625 MiB (Increase: 0.0 MiB)
Memory usage after collect: 6239.765625 MiB (Increase: 0.0 MiB)
Memory usage before initialization: 6239.765625 MiB (Increase: 0.0 MiB)
Memory usage after initialization: 6239.765625 MiB (Increase: 0.0 MiB)
Current lengths of episodes: [1600]
Memory usage at done (index 0, length 1600, since_prev 1600): 6239.765625 MiB (Increase: 0.0 MiB)
Memory usage before reset: 6239.765625 MiB (Increase: 0.0 MiB)
Memory usage after reset: 6239.765625 MiB (Increase: 0.0 MiB)
Current lengths of episodes: [50]
Memory usage at done (index 0, length 50, since_prev 50): 6239.765625 MiB (Increase: 0.0 MiB)
Memory usage before reset: 6239.765625 MiB (Increase: 0.0 MiB)
Memory usage after reset: 6239.765625 MiB (Increase: 0.0 MiB)
Current lengths of episodes: [1600]
Memory usage at done (index 0, length 1600, since_prev 1600): 6239.765625 MiB (Increase: 0.0 MiB)
Memory usage before reset: 6239.765625 MiB (Increase: 0.0 MiB)
Memory usage after reset: 6239.765625 MiB (Increase: 0.0 MiB)
Current lengths of episodes: [101]
Memory usage at done (index 0, length 101, since_prev 101): 6239.765625 MiB (Increase: 0.0 MiB)
Memory usage before reset: 6239.765625 MiB (Increase: 0.0 MiB)
Memory usage after reset: 6239.765625 MiB (Increase: 0.0 MiB)
Current lengths of episodes: [1600]
Memory usage at done (index 0, length 1600, since_prev 1600): 6239.765625 MiB (Increase: 0.0 MiB)
Memory usage before reset: 6239.765625 MiB (Increase: 0.0 MiB)
Memory usage after reset: 6239.765625 MiB (Increase: 0.0 MiB)
Training episode 965
Memory usage at middle: 6239.765625 MiB (Increase: 0.0 MiB)
Memory usage before collect: 6239.765625 MiB (Increase: 0.0 MiB)
Memory usage after collect: 6239.765625 MiB (Increase: 0.0 MiB)
Memory usage before initialization: 6239.765625 MiB (Increase: 0.0 MiB)
Memory usage after initialization: 6239.765625 MiB (Increase: 0.0 MiB)
Current lengths of episodes: [1600]
Memory usage at done (index 0, length 1600, since_prev 1600): 6239.765625 MiB (Increase: 0.0 MiB)
Memory usage before reset: 6239.765625 MiB (Increase: 0.0 MiB)
Memory usage after reset: 6239.765625 MiB (Increase: 0.0 MiB)
Current lengths of episodes: [72]
Memory usage at done (index 0, length 72, since_prev 72): 6239.765625 MiB (Increase: 0.0 MiB)
Memory usage before reset: 6239.765625 MiB (Increase: 0.0 MiB)
Memory usage after reset: 6239.765625 MiB (Increase: 0.0 MiB)
Current lengths of episodes: [82]
Memory usage at done (index 0, length 82, since_prev 82): 6239.765625 MiB (Increase: 0.0 MiB)
Memory usage before reset: 6239.765625 MiB (Increase: 0.0 MiB)
Memory usage after reset: 6239.765625 MiB (Increase: 0.0 MiB)
Current lengths of episodes: [1600]
Memory usage at done (index 0, length 1600, since_prev 1600): 6239.765625 MiB (Increase: 0.0 MiB)
Memory usage before reset: 6239.765625 MiB (Increase: 0.0 MiB)
Memory usage after reset: 6239.765625 MiB (Increase: 0.0 MiB)
Current lengths of episodes: [1600]
Memory usage at done (index 0, length 1600, since_prev 1600): 6239.765625 MiB (Increase: 0.0 MiB)
Memory usage before reset: 6239.765625 MiB (Increase: 0.0 MiB)
Memory usage after reset: 6239.765625 MiB (Increase: 0.0 MiB)
Training episode 970
Memory usage at middle: 6239.765625 MiB (Increase: 0.0 MiB)
Memory usage before collect: 6239.765625 MiB (Increase: 0.0 MiB)
Memory usage after collect: 6239.765625 MiB (Increase: 0.0 MiB)
Memory usage before initialization: 6239.765625 MiB (Increase: 0.0 MiB)
Memory usage after initialization: 6239.765625 MiB (Increase: 0.0 MiB)
Current lengths of episodes: [72]
Memory usage at done (index 0, length 72, since_prev 72): 6239.765625 MiB (Increase: 0.0 MiB)
Memory usage before reset: 6239.765625 MiB (Increase: 0.0 MiB)
Memory usage after reset: 6239.765625 MiB (Increase: 0.0 MiB)
Current lengths of episodes: [1600]
Memory usage at done (index 0, length 1600, since_prev 1600): 6239.765625 MiB (Increase: 0.0 MiB)
Memory usage before reset: 6239.765625 MiB (Increase: 0.0 MiB)
Memory usage after reset: 6239.765625 MiB (Increase: 0.0 MiB)
Current lengths of episodes: [1600]
Memory usage at done (index 0, length 1600, since_prev 1600): 6239.765625 MiB (Increase: 0.0 MiB)
Memory usage before reset: 6239.765625 MiB (Increase: 0.0 MiB)
Memory usage after reset: 6239.765625 MiB (Increase: 0.0 MiB)
Current lengths of episodes: [1600]
Memory usage at done (index 0, length 1600, since_prev 1600): 6239.765625 MiB (Increase: 0.0 MiB)
Memory usage before reset: 6239.765625 MiB (Increase: 0.0 MiB)
Memory usage after reset: 6239.765625 MiB (Increase: 0.0 MiB)
Current lengths of episodes: [1600]
Memory usage at done (index 0, length 1600, since_prev 1600): 6239.765625 MiB (Increase: 0.0 MiB)
Memory usage before reset: 6239.765625 MiB (Increase: 0.0 MiB)
Memory usage after reset: 6239.765625 MiB (Increase: 0.0 MiB)
Training episode 975
Memory usage at middle: 6239.765625 MiB (Increase: 0.0 MiB)
Memory usage before collect: 6239.765625 MiB (Increase: 0.0 MiB)
Memory usage after collect: 6239.765625 MiB (Increase: 0.0 MiB)
Memory usage before initialization: 6239.765625 MiB (Increase: 0.0 MiB)
Memory usage after initialization: 6239.765625 MiB (Increase: 0.0 MiB)
Current lengths of episodes: [1600]
Memory usage at done (index 0, length 1600, since_prev 1600): 6239.765625 MiB (Increase: 0.0 MiB)
Memory usage before reset: 6239.765625 MiB (Increase: 0.0 MiB)
Memory usage after reset: 6239.765625 MiB (Increase: 0.0 MiB)
Current lengths of episodes: [1600]
Memory usage at done (index 0, length 1600, since_prev 1600): 6239.765625 MiB (Increase: 0.0 MiB)
Memory usage before reset: 6239.765625 MiB (Increase: 0.0 MiB)
Memory usage after reset: 6239.765625 MiB (Increase: 0.0 MiB)
Current lengths of episodes: [57]
Memory usage at done (index 0, length 57, since_prev 57): 6239.765625 MiB (Increase: 0.0 MiB)
Memory usage before reset: 6239.765625 MiB (Increase: 0.0 MiB)
Memory usage after reset: 6239.765625 MiB (Increase: 0.0 MiB)
Current lengths of episodes: [1600]
Memory usage at done (index 0, length 1600, since_prev 1600): 6239.765625 MiB (Increase: 0.0 MiB)
Memory usage before reset: 6239.765625 MiB (Increase: 0.0 MiB)
Memory usage after reset: 6239.765625 MiB (Increase: 0.0 MiB)
Current lengths of episodes: [62]
Memory usage at done (index 0, length 62, since_prev 62): 6239.765625 MiB (Increase: 0.0 MiB)
Memory usage before reset: 6239.765625 MiB (Increase: 0.0 MiB)
Memory usage after reset: 6239.765625 MiB (Increase: 0.0 MiB)
Training episode 980
Memory usage at middle: 6239.765625 MiB (Increase: 0.0 MiB)
Memory usage before collect: 6239.765625 MiB (Increase: 0.0 MiB)
Memory usage after collect: 6239.765625 MiB (Increase: 0.0 MiB)
Memory usage before initialization: 6239.765625 MiB (Increase: 0.0 MiB)
Memory usage after initialization: 6239.765625 MiB (Increase: 0.0 MiB)
Current lengths of episodes: [1600]
Memory usage at done (index 0, length 1600, since_prev 1600): 6239.765625 MiB (Increase: 0.0 MiB)
Memory usage before reset: 6239.765625 MiB (Increase: 0.0 MiB)
Memory usage after reset: 6239.765625 MiB (Increase: 0.0 MiB)
Current lengths of episodes: [1600]
Memory usage at done (index 0, length 1600, since_prev 1600): 6239.765625 MiB (Increase: 0.0 MiB)
Memory usage before reset: 6239.765625 MiB (Increase: 0.0 MiB)
Memory usage after reset: 6239.765625 MiB (Increase: 0.0 MiB)
Current lengths of episodes: [52]
Memory usage at done (index 0, length 52, since_prev 52): 6239.765625 MiB (Increase: 0.0 MiB)
Memory usage before reset: 6239.765625 MiB (Increase: 0.0 MiB)
Memory usage after reset: 6239.765625 MiB (Increase: 0.0 MiB)
Current lengths of episodes: [1600]
Memory usage at done (index 0, length 1600, since_prev 1600): 6239.765625 MiB (Increase: 0.0 MiB)
Memory usage before reset: 6239.765625 MiB (Increase: 0.0 MiB)
Memory usage after reset: 6239.765625 MiB (Increase: 0.0 MiB)
Current lengths of episodes: [82]
Memory usage at done (index 0, length 82, since_prev 82): 6239.765625 MiB (Increase: 0.0 MiB)
Memory usage before reset: 6239.765625 MiB (Increase: 0.0 MiB)
Memory usage after reset: 6239.765625 MiB (Increase: 0.0 MiB)
Training episode 985
Memory usage at middle: 6239.765625 MiB (Increase: 0.0 MiB)
Memory usage before collect: 6239.765625 MiB (Increase: 0.0 MiB)
Memory usage after collect: 6239.765625 MiB (Increase: 0.0 MiB)
Memory usage before initialization: 6239.765625 MiB (Increase: 0.0 MiB)
Memory usage after initialization: 6239.765625 MiB (Increase: 0.0 MiB)
Current lengths of episodes: [1600]
Memory usage at done (index 0, length 1600, since_prev 1600): 6239.765625 MiB (Increase: 0.0 MiB)
Memory usage before reset: 6239.765625 MiB (Increase: 0.0 MiB)
Memory usage after reset: 6239.765625 MiB (Increase: 0.0 MiB)
Current lengths of episodes: [1600]
Memory usage at done (index 0, length 1600, since_prev 1600): 6239.765625 MiB (Increase: 0.0 MiB)
Memory usage before reset: 6239.765625 MiB (Increase: 0.0 MiB)
Memory usage after reset: 6239.765625 MiB (Increase: 0.0 MiB)
Current lengths of episodes: [78]
Memory usage at done (index 0, length 78, since_prev 78): 6239.765625 MiB (Increase: 0.0 MiB)
Memory usage before reset: 6239.765625 MiB (Increase: 0.0 MiB)
Memory usage after reset: 6239.765625 MiB (Increase: 0.0 MiB)
Current lengths of episodes: [69]
Memory usage at done (index 0, length 69, since_prev 69): 6239.765625 MiB (Increase: 0.0 MiB)
Memory usage before reset: 6239.765625 MiB (Increase: 0.0 MiB)
Memory usage after reset: 6239.765625 MiB (Increase: 0.0 MiB)
Current lengths of episodes: [81]
Memory usage at done (index 0, length 81, since_prev 81): 6239.765625 MiB (Increase: 0.0 MiB)
Memory usage before reset: 6239.765625 MiB (Increase: 0.0 MiB)
Memory usage after reset: 6239.765625 MiB (Increase: 0.0 MiB)
Training episode 990
Memory usage at middle: 6239.765625 MiB (Increase: 0.0 MiB)
Memory usage before collect: 6239.765625 MiB (Increase: 0.0 MiB)
Memory usage after collect: 6239.765625 MiB (Increase: 0.0 MiB)
Memory usage before initialization: 6239.765625 MiB (Increase: 0.0 MiB)
Memory usage after initialization: 6239.765625 MiB (Increase: 0.0 MiB)
Current lengths of episodes: [77]
Memory usage at done (index 0, length 77, since_prev 77): 6239.765625 MiB (Increase: 0.0 MiB)
Memory usage before reset: 6239.765625 MiB (Increase: 0.0 MiB)
Memory usage after reset: 6239.765625 MiB (Increase: 0.0 MiB)
Current lengths of episodes: [75]
Memory usage at done (index 0, length 75, since_prev 75): 6239.765625 MiB (Increase: 0.0 MiB)
Memory usage before reset: 6239.765625 MiB (Increase: 0.0 MiB)
Memory usage after reset: 6239.765625 MiB (Increase: 0.0 MiB)
Current lengths of episodes: [77]
Memory usage at done (index 0, length 77, since_prev 77): 6239.765625 MiB (Increase: 0.0 MiB)
Memory usage before reset: 6239.765625 MiB (Increase: 0.0 MiB)
Memory usage after reset: 6239.765625 MiB (Increase: 0.0 MiB)
Current lengths of episodes: [107]
Memory usage at done (index 0, length 107, since_prev 107): 6239.765625 MiB (Increase: 0.0 MiB)
Memory usage before reset: 6239.765625 MiB (Increase: 0.0 MiB)
Memory usage after reset: 6239.765625 MiB (Increase: 0.0 MiB)
Current lengths of episodes: [1600]
Memory usage at done (index 0, length 1600, since_prev 1600): 6239.765625 MiB (Increase: 0.0 MiB)
Memory usage before reset: 6239.765625 MiB (Increase: 0.0 MiB)
Memory usage after reset: 6239.765625 MiB (Increase: 0.0 MiB)
Training episode 995
Memory usage at middle: 6239.765625 MiB (Increase: 0.0 MiB)
Memory usage before collect: 6239.765625 MiB (Increase: 0.0 MiB)
Memory usage after collect: 6239.765625 MiB (Increase: 0.0 MiB)
Memory usage before initialization: 6239.765625 MiB (Increase: 0.0 MiB)
Memory usage after initialization: 6239.765625 MiB (Increase: 0.0 MiB)
Current lengths of episodes: [126]
Memory usage at done (index 0, length 126, since_prev 126): 6239.765625 MiB (Increase: 0.0 MiB)
Memory usage before reset: 6239.765625 MiB (Increase: 0.0 MiB)
Memory usage after reset: 6239.765625 MiB (Increase: 0.0 MiB)
Current lengths of episodes: [1600]
Memory usage at done (index 0, length 1600, since_prev 1600): 6239.765625 MiB (Increase: 0.0 MiB)
Memory usage before reset: 6239.765625 MiB (Increase: 0.0 MiB)
Memory usage after reset: 6239.765625 MiB (Increase: 0.0 MiB)
Current lengths of episodes: [1600]
Memory usage at done (index 0, length 1600, since_prev 1600): 6239.765625 MiB (Increase: 0.0 MiB)
Memory usage before reset: 6239.765625 MiB (Increase: 0.0 MiB)
Memory usage after reset: 6239.765625 MiB (Increase: 0.0 MiB)
Current lengths of episodes: [73]
Memory usage at done (index 0, length 73, since_prev 73): 6239.765625 MiB (Increase: 0.0 MiB)
Memory usage before reset: 6239.765625 MiB (Increase: 0.0 MiB)
Memory usage after reset: 6239.765625 MiB (Increase: 0.0 MiB)
Current lengths of episodes: [109]
Memory usage at done (index 0, length 109, since_prev 109): 6239.765625 MiB (Increase: 0.0 MiB)
Memory usage before reset: 6239.765625 MiB (Increase: 0.0 MiB)
Memory usage after reset: 6239.765625 MiB (Increase: 0.0 MiB)
Training episode 1000
Memory usage at middle: 6239.765625 MiB (Increase: 0.0 MiB)
Memory usage before collect: 6239.765625 MiB (Increase: 0.0 MiB)
Memory usage after collect: 6239.765625 MiB (Increase: 0.0 MiB)
Episode 1000	Average evaluation: -23.032000426490736
Current best exp_BW_validation:  -22.57424954715035  reached at episode  900 .
Memory usage at end: 6239.765625 MiB (Increase: 0.0 MiB)
Memory used by function: 5863.6640625 MiB
Best average after 900 episodes: -22.57424954715035
Training took 9402.661219358444 seconds

###############################################################################
Hábrók Cluster
Job 9076718 for user s3512290
Finished at: Mon May 20 02:20:50 CEST 2024

Job details:
============

Job ID              : 9076718
Name                : batchBWtest.sh
User                : s3512290
Partition           : regularmedium
Nodes               : node91
Number of Nodes     : 1
Cores               : 1
Number of Tasks     : 1
State               : RUNNING
Submit              : 2024-05-19T23:42:08
Start               : 2024-05-19T23:43:42
End                 : --
Reserved walltime   : 12:00:00
Used walltime       : 02:37:09
Used CPU time       : --
% User (Computation): --
% System (I/O)      : --
Mem reserved        : 10000M
Max Mem (Node/step) : 0.00  (Node unknown, N/A)
Full Max Mem usage  : 0.00  (Until last completed step)
Total Disk Read     : 0.00  (Until last completed step)
Total Disk Write    : 0.00  (Until last completed step)

Acknowledgements:
=================

Please see this page for information about acknowledging Hábrók in your publications:

https://wiki.hpc.rug.nl/habrok/introduction/scientific_output

################################################################################
