The following modules were not unloaded:
  (Use "module --force purge" to unload all):

  1) 2023.01   2) StdEnv
Created Directory Master_Thesis_Code/BP_A2C/bipedal_walker/exploration/BP_RNN_a2c_result_41_2024519_entropycoef_0.0001_valuepredcoef_0.0001_learningrate_1e-05_numtrainepisodes_1000_selectionmethod_exp_BW_validation_trainingmethod_original_numneurons_96 to store the results in
Run # 0
Section 1 out of 1 sections
GPU is not available
Memory usage at start: 387.359375 MiB
/home3/s3512290/venvs/LTC/lib/python3.8/site-packages/gym/logger.py:30: UserWarning: [33mWARN: Box bound precision lowered by casting to float32[0m
  warnings.warn(colorize('%s: %s'%('WARN', msg % args), 'yellow'))
Memory usage before initialization: 388.0703125 MiB (Increase: 0.7109375 MiB)
Memory usage after initialization: 388.0703125 MiB (Increase: 0.0 MiB)
Current lengths of episodes: [63]
New longest episode length: 63, previous longest: 0
Memory usage at done (index 0, length 63, since_prev 62): 420.20703125 MiB (Increase: 32.13671875 MiB)
Memory usage before reset: 420.20703125 MiB (Increase: 0.0 MiB)
Memory usage after reset: 420.20703125 MiB (Increase: 0.0 MiB)
Training episode 1
Memory usage at middle: 420.20703125 MiB (Increase: 0.0 MiB)
Memory usage before collect: 424.125 MiB (Increase: 3.91796875 MiB)
Memory usage after collect: 424.125 MiB (Increase: 0.0 MiB)
Memory usage before initialization: 424.125 MiB (Increase: 0.0 MiB)
Memory usage after initialization: 424.125 MiB (Increase: 0.0 MiB)
Current lengths of episodes: [80]
New longest episode length: 80, previous longest: 63
Memory usage at done (index 0, length 80, since_prev 80): 452.109375 MiB (Increase: 27.984375 MiB)
Memory usage before reset: 452.109375 MiB (Increase: 0.0 MiB)
Memory usage after reset: 452.109375 MiB (Increase: 0.0 MiB)
Training episode 2
Memory usage at middle: 452.109375 MiB (Increase: 0.0 MiB)
Memory usage before collect: 452.2109375 MiB (Increase: 0.1015625 MiB)
Memory usage after collect: 452.2109375 MiB (Increase: 0.0 MiB)
Memory usage before initialization: 452.2109375 MiB (Increase: 0.0 MiB)
Memory usage after initialization: 452.2109375 MiB (Increase: 0.0 MiB)
Current lengths of episodes: [67]
Memory usage at done (index 0, length 67, since_prev 67): 457.99609375 MiB (Increase: 5.78515625 MiB)
Memory usage before reset: 457.99609375 MiB (Increase: 0.0 MiB)
Memory usage after reset: 457.99609375 MiB (Increase: 0.0 MiB)
Training episode 3
Memory usage at middle: 457.99609375 MiB (Increase: 0.0 MiB)
Memory usage before collect: 457.99609375 MiB (Increase: 0.0 MiB)
Memory usage after collect: 457.99609375 MiB (Increase: 0.0 MiB)
Memory usage before initialization: 457.99609375 MiB (Increase: 0.0 MiB)
Memory usage after initialization: 457.99609375 MiB (Increase: 0.0 MiB)
Current lengths of episodes: [90]
New longest episode length: 90, previous longest: 80
Memory usage at done (index 0, length 90, since_prev 90): 459.50390625 MiB (Increase: 1.5078125 MiB)
Memory usage before reset: 459.50390625 MiB (Increase: 0.0 MiB)
Memory usage after reset: 459.5390625 MiB (Increase: 0.03515625 MiB)
Training episode 4
Memory usage at middle: 459.5390625 MiB (Increase: 0.0 MiB)
Memory usage before collect: 459.5390625 MiB (Increase: 0.0 MiB)
Memory usage after collect: 459.5390625 MiB (Increase: 0.0 MiB)
Memory usage before initialization: 459.5390625 MiB (Increase: 0.0 MiB)
Memory usage after initialization: 459.5390625 MiB (Increase: 0.0 MiB)
Current lengths of episodes: [86]
Memory usage at done (index 0, length 86, since_prev 86): 462.234375 MiB (Increase: 2.6953125 MiB)
Memory usage before reset: 462.234375 MiB (Increase: 0.0 MiB)
Memory usage after reset: 462.2734375 MiB (Increase: 0.0390625 MiB)
Training episode 5
Memory usage at middle: 462.2734375 MiB (Increase: 0.0 MiB)
Memory usage before collect: 462.2734375 MiB (Increase: 0.0 MiB)
Memory usage after collect: 462.2734375 MiB (Increase: 0.0 MiB)
Memory usage before initialization: 462.2734375 MiB (Increase: 0.0 MiB)
Memory usage after initialization: 462.2734375 MiB (Increase: 0.0 MiB)
Current lengths of episodes: [61]
Memory usage at done (index 0, length 61, since_prev 61): 462.2734375 MiB (Increase: 0.0 MiB)
Memory usage before reset: 462.2734375 MiB (Increase: 0.0 MiB)
Memory usage after reset: 462.2734375 MiB (Increase: 0.0 MiB)
Training episode 6
Memory usage at middle: 462.2734375 MiB (Increase: 0.0 MiB)
Memory usage before collect: 462.2734375 MiB (Increase: 0.0 MiB)
Memory usage after collect: 462.2734375 MiB (Increase: 0.0 MiB)
Memory usage before initialization: 462.2734375 MiB (Increase: 0.0 MiB)
Memory usage after initialization: 462.2734375 MiB (Increase: 0.0 MiB)
Current lengths of episodes: [69]
Memory usage at done (index 0, length 69, since_prev 69): 462.2734375 MiB (Increase: 0.0 MiB)
Memory usage before reset: 462.2734375 MiB (Increase: 0.0 MiB)
Memory usage after reset: 462.2734375 MiB (Increase: 0.0 MiB)
Training episode 7
Memory usage at middle: 462.2734375 MiB (Increase: 0.0 MiB)
Memory usage before collect: 462.2734375 MiB (Increase: 0.0 MiB)
Memory usage after collect: 462.2734375 MiB (Increase: 0.0 MiB)
Memory usage before initialization: 462.2734375 MiB (Increase: 0.0 MiB)
Memory usage after initialization: 462.2734375 MiB (Increase: 0.0 MiB)
Current lengths of episodes: [76]
Memory usage at done (index 0, length 76, since_prev 76): 462.2734375 MiB (Increase: 0.0 MiB)
Memory usage before reset: 462.2734375 MiB (Increase: 0.0 MiB)
Memory usage after reset: 462.2734375 MiB (Increase: 0.0 MiB)
Training episode 8
Memory usage at middle: 462.2734375 MiB (Increase: 0.0 MiB)
Memory usage before collect: 462.2734375 MiB (Increase: 0.0 MiB)
Memory usage after collect: 462.2734375 MiB (Increase: 0.0 MiB)
Memory usage before initialization: 462.2734375 MiB (Increase: 0.0 MiB)
Memory usage after initialization: 462.2734375 MiB (Increase: 0.0 MiB)
Current lengths of episodes: [81]
Memory usage at done (index 0, length 81, since_prev 81): 462.2734375 MiB (Increase: 0.0 MiB)
Memory usage before reset: 462.2734375 MiB (Increase: 0.0 MiB)
Memory usage after reset: 462.2734375 MiB (Increase: 0.0 MiB)
Training episode 9
Memory usage at middle: 462.2734375 MiB (Increase: 0.0 MiB)
Memory usage before collect: 462.2734375 MiB (Increase: 0.0 MiB)
Memory usage after collect: 462.2734375 MiB (Increase: 0.0 MiB)
Memory usage before initialization: 462.2734375 MiB (Increase: 0.0 MiB)
Memory usage after initialization: 462.2734375 MiB (Increase: 0.0 MiB)
Current lengths of episodes: [297]
New longest episode length: 297, previous longest: 90
Memory usage at done (index 0, length 297, since_prev 297): 533.60546875 MiB (Increase: 71.33203125 MiB)
Memory usage before reset: 533.60546875 MiB (Increase: 0.0 MiB)
Memory usage after reset: 533.68359375 MiB (Increase: 0.078125 MiB)
Training episode 10
Memory usage at middle: 533.68359375 MiB (Increase: 0.0 MiB)
Memory usage before collect: 534.08203125 MiB (Increase: 0.3984375 MiB)
Memory usage after collect: 534.08203125 MiB (Increase: 0.0 MiB)
Memory usage before initialization: 534.08203125 MiB (Increase: 0.0 MiB)
Memory usage after initialization: 534.08203125 MiB (Increase: 0.0 MiB)
Current lengths of episodes: [497]
New longest episode length: 497, previous longest: 297
Memory usage at done (index 0, length 497, since_prev 497): 687.3203125 MiB (Increase: 153.23828125 MiB)
Memory usage before reset: 687.3203125 MiB (Increase: 0.0 MiB)
Memory usage after reset: 687.390625 MiB (Increase: 0.0703125 MiB)
Training episode 11
Memory usage at middle: 687.390625 MiB (Increase: 0.0 MiB)
Memory usage before collect: 687.41015625 MiB (Increase: 0.01953125 MiB)
Memory usage after collect: 687.41015625 MiB (Increase: 0.0 MiB)
Memory usage before initialization: 687.41015625 MiB (Increase: 0.0 MiB)
Memory usage after initialization: 687.41015625 MiB (Increase: 0.0 MiB)
Current lengths of episodes: [1600]
New longest episode length: 1600, previous longest: 497
Memory usage at done (index 0, length 1600, since_prev 1600): 1173.875 MiB (Increase: 486.46484375 MiB)
Memory usage before reset: 1173.875 MiB (Increase: 0.0 MiB)
Memory usage after reset: 1173.875 MiB (Increase: 0.0 MiB)
Training episode 12
Memory usage at middle: 1173.875 MiB (Increase: 0.0 MiB)
Memory usage before collect: 1174.16796875 MiB (Increase: 0.29296875 MiB)
Memory usage after collect: 1174.16796875 MiB (Increase: 0.0 MiB)
Memory usage before initialization: 1174.16796875 MiB (Increase: 0.0 MiB)
Memory usage after initialization: 1174.16796875 MiB (Increase: 0.0 MiB)
Current lengths of episodes: [108]
Memory usage at done (index 0, length 108, since_prev 108): 1174.16796875 MiB (Increase: 0.0 MiB)
Memory usage before reset: 1174.16796875 MiB (Increase: 0.0 MiB)
Memory usage after reset: 1174.16796875 MiB (Increase: 0.0 MiB)
Training episode 13
Memory usage at middle: 1174.16796875 MiB (Increase: 0.0 MiB)
Memory usage before collect: 1174.16796875 MiB (Increase: 0.0 MiB)
Memory usage after collect: 1174.16796875 MiB (Increase: 0.0 MiB)
Memory usage before initialization: 1174.16796875 MiB (Increase: 0.0 MiB)
Memory usage after initialization: 1174.16796875 MiB (Increase: 0.0 MiB)
Current lengths of episodes: [64]
Memory usage at done (index 0, length 64, since_prev 64): 1174.16796875 MiB (Increase: 0.0 MiB)
Memory usage before reset: 1174.16796875 MiB (Increase: 0.0 MiB)
Memory usage after reset: 1174.16796875 MiB (Increase: 0.0 MiB)
Training episode 14
Memory usage at middle: 1174.16796875 MiB (Increase: 0.0 MiB)
Memory usage before collect: 1174.16796875 MiB (Increase: 0.0 MiB)
Memory usage after collect: 1174.16796875 MiB (Increase: 0.0 MiB)
Memory usage before initialization: 1174.16796875 MiB (Increase: 0.0 MiB)
Memory usage after initialization: 1174.16796875 MiB (Increase: 0.0 MiB)
Current lengths of episodes: [78]
Memory usage at done (index 0, length 78, since_prev 78): 1174.16796875 MiB (Increase: 0.0 MiB)
Memory usage before reset: 1174.16796875 MiB (Increase: 0.0 MiB)
Memory usage after reset: 1174.16796875 MiB (Increase: 0.0 MiB)
Training episode 15
Memory usage at middle: 1174.16796875 MiB (Increase: 0.0 MiB)
Memory usage before collect: 1174.16796875 MiB (Increase: 0.0 MiB)
Memory usage after collect: 1174.16796875 MiB (Increase: 0.0 MiB)
Memory usage before initialization: 1174.16796875 MiB (Increase: 0.0 MiB)
Memory usage after initialization: 1174.16796875 MiB (Increase: 0.0 MiB)
Current lengths of episodes: [1600]
Memory usage at done (index 0, length 1600, since_prev 1600): 1174.16796875 MiB (Increase: 0.0 MiB)
Memory usage before reset: 1174.16796875 MiB (Increase: 0.0 MiB)
Memory usage after reset: 1174.16796875 MiB (Increase: 0.0 MiB)
Training episode 16
Memory usage at middle: 1174.16796875 MiB (Increase: 0.0 MiB)
Memory usage before collect: 1174.16796875 MiB (Increase: 0.0 MiB)
Memory usage after collect: 1174.16796875 MiB (Increase: 0.0 MiB)
Memory usage before initialization: 1174.16796875 MiB (Increase: 0.0 MiB)
Memory usage after initialization: 1174.16796875 MiB (Increase: 0.0 MiB)
Current lengths of episodes: [99]
Memory usage at done (index 0, length 99, since_prev 99): 1174.16796875 MiB (Increase: 0.0 MiB)
Memory usage before reset: 1174.16796875 MiB (Increase: 0.0 MiB)
Memory usage after reset: 1174.16796875 MiB (Increase: 0.0 MiB)
Training episode 17
Memory usage at middle: 1174.16796875 MiB (Increase: 0.0 MiB)
Memory usage before collect: 1174.16796875 MiB (Increase: 0.0 MiB)
Memory usage after collect: 1174.16796875 MiB (Increase: 0.0 MiB)
Memory usage before initialization: 1174.16796875 MiB (Increase: 0.0 MiB)
Memory usage after initialization: 1174.16796875 MiB (Increase: 0.0 MiB)
Current lengths of episodes: [113]
Memory usage at done (index 0, length 113, since_prev 113): 1174.16796875 MiB (Increase: 0.0 MiB)
Memory usage before reset: 1174.16796875 MiB (Increase: 0.0 MiB)
Memory usage after reset: 1174.16796875 MiB (Increase: 0.0 MiB)
Training episode 18
Memory usage at middle: 1174.16796875 MiB (Increase: 0.0 MiB)
Memory usage before collect: 1174.16796875 MiB (Increase: 0.0 MiB)
Memory usage after collect: 1174.16796875 MiB (Increase: 0.0 MiB)
Memory usage before initialization: 1174.16796875 MiB (Increase: 0.0 MiB)
Memory usage after initialization: 1174.16796875 MiB (Increase: 0.0 MiB)
Current lengths of episodes: [56]
Memory usage at done (index 0, length 56, since_prev 56): 1174.16796875 MiB (Increase: 0.0 MiB)
Memory usage before reset: 1174.16796875 MiB (Increase: 0.0 MiB)
Memory usage after reset: 1174.16796875 MiB (Increase: 0.0 MiB)
Training episode 19
Memory usage at middle: 1174.16796875 MiB (Increase: 0.0 MiB)
Memory usage before collect: 1174.16796875 MiB (Increase: 0.0 MiB)
Memory usage after collect: 1174.16796875 MiB (Increase: 0.0 MiB)
Memory usage before initialization: 1174.16796875 MiB (Increase: 0.0 MiB)
Memory usage after initialization: 1174.16796875 MiB (Increase: 0.0 MiB)
Current lengths of episodes: [96]
Memory usage at done (index 0, length 96, since_prev 96): 1174.16796875 MiB (Increase: 0.0 MiB)
Memory usage before reset: 1174.16796875 MiB (Increase: 0.0 MiB)
Memory usage after reset: 1174.16796875 MiB (Increase: 0.0 MiB)
Training episode 20
Memory usage at middle: 1174.16796875 MiB (Increase: 0.0 MiB)
Memory usage before collect: 1174.16796875 MiB (Increase: 0.0 MiB)
Memory usage after collect: 1174.16796875 MiB (Increase: 0.0 MiB)
Memory usage before initialization: 1174.16796875 MiB (Increase: 0.0 MiB)
Memory usage after initialization: 1174.16796875 MiB (Increase: 0.0 MiB)
Current lengths of episodes: [1600]
Memory usage at done (index 0, length 1600, since_prev 1600): 1174.16796875 MiB (Increase: 0.0 MiB)
Memory usage before reset: 1174.16796875 MiB (Increase: 0.0 MiB)
Memory usage after reset: 1174.16796875 MiB (Increase: 0.0 MiB)
Training episode 21
Memory usage at middle: 1174.16796875 MiB (Increase: 0.0 MiB)
Memory usage before collect: 1174.16796875 MiB (Increase: 0.0 MiB)
Memory usage after collect: 1174.16796875 MiB (Increase: 0.0 MiB)
Memory usage before initialization: 1174.16796875 MiB (Increase: 0.0 MiB)
Memory usage after initialization: 1174.16796875 MiB (Increase: 0.0 MiB)
Current lengths of episodes: [51]
Memory usage at done (index 0, length 51, since_prev 51): 1174.16796875 MiB (Increase: 0.0 MiB)
Memory usage before reset: 1174.16796875 MiB (Increase: 0.0 MiB)
Memory usage after reset: 1174.16796875 MiB (Increase: 0.0 MiB)
Training episode 22
Memory usage at middle: 1174.16796875 MiB (Increase: 0.0 MiB)
Memory usage before collect: 1174.16796875 MiB (Increase: 0.0 MiB)
Memory usage after collect: 1174.16796875 MiB (Increase: 0.0 MiB)
Memory usage before initialization: 1174.16796875 MiB (Increase: 0.0 MiB)
Memory usage after initialization: 1174.16796875 MiB (Increase: 0.0 MiB)
Current lengths of episodes: [72]
Memory usage at done (index 0, length 72, since_prev 72): 1174.16796875 MiB (Increase: 0.0 MiB)
Memory usage before reset: 1174.16796875 MiB (Increase: 0.0 MiB)
Memory usage after reset: 1174.16796875 MiB (Increase: 0.0 MiB)
Training episode 23
Memory usage at middle: 1174.16796875 MiB (Increase: 0.0 MiB)
Memory usage before collect: 1174.16796875 MiB (Increase: 0.0 MiB)
Memory usage after collect: 1174.16796875 MiB (Increase: 0.0 MiB)
Memory usage before initialization: 1174.16796875 MiB (Increase: 0.0 MiB)
Memory usage after initialization: 1174.16796875 MiB (Increase: 0.0 MiB)
Current lengths of episodes: [1600]
Memory usage at done (index 0, length 1600, since_prev 1600): 1174.16796875 MiB (Increase: 0.0 MiB)
Memory usage before reset: 1174.16796875 MiB (Increase: 0.0 MiB)
Memory usage after reset: 1174.16796875 MiB (Increase: 0.0 MiB)
Training episode 24
Memory usage at middle: 1174.16796875 MiB (Increase: 0.0 MiB)
Memory usage before collect: 1174.16796875 MiB (Increase: 0.0 MiB)
Memory usage after collect: 1174.16796875 MiB (Increase: 0.0 MiB)
Memory usage before initialization: 1174.16796875 MiB (Increase: 0.0 MiB)
Memory usage after initialization: 1174.16796875 MiB (Increase: 0.0 MiB)
Current lengths of episodes: [1600]
Memory usage at done (index 0, length 1600, since_prev 1600): 1435.85546875 MiB (Increase: 261.6875 MiB)
Memory usage before reset: 1435.85546875 MiB (Increase: 0.0 MiB)
Memory usage after reset: 1435.85546875 MiB (Increase: 0.0 MiB)
Training episode 25
Memory usage at middle: 1435.85546875 MiB (Increase: 0.0 MiB)
Memory usage before collect: 1436.015625 MiB (Increase: 0.16015625 MiB)
Memory usage after collect: 1436.015625 MiB (Increase: 0.0 MiB)
Memory usage before initialization: 1436.015625 MiB (Increase: 0.0 MiB)
Memory usage after initialization: 1436.015625 MiB (Increase: 0.0 MiB)
Current lengths of episodes: [1600]
Memory usage at done (index 0, length 1600, since_prev 1600): 1493.53125 MiB (Increase: 57.515625 MiB)
Memory usage before reset: 1493.53125 MiB (Increase: 0.0 MiB)
Memory usage after reset: 1493.53125 MiB (Increase: 0.0 MiB)
Training episode 26
Memory usage at middle: 1493.53125 MiB (Increase: 0.0 MiB)
Memory usage before collect: 1493.765625 MiB (Increase: 0.234375 MiB)
Memory usage after collect: 1493.765625 MiB (Increase: 0.0 MiB)
Memory usage before initialization: 1493.765625 MiB (Increase: 0.0 MiB)
Memory usage after initialization: 1493.765625 MiB (Increase: 0.0 MiB)
Current lengths of episodes: [92]
Memory usage at done (index 0, length 92, since_prev 92): 1493.765625 MiB (Increase: 0.0 MiB)
Memory usage before reset: 1493.765625 MiB (Increase: 0.0 MiB)
Memory usage after reset: 1493.765625 MiB (Increase: 0.0 MiB)
Training episode 27
Memory usage at middle: 1493.765625 MiB (Increase: 0.0 MiB)
Memory usage before collect: 1493.765625 MiB (Increase: 0.0 MiB)
Memory usage after collect: 1493.765625 MiB (Increase: 0.0 MiB)
Memory usage before initialization: 1493.765625 MiB (Increase: 0.0 MiB)
Memory usage after initialization: 1493.765625 MiB (Increase: 0.0 MiB)
Current lengths of episodes: [1600]
Memory usage at done (index 0, length 1600, since_prev 1600): 1493.765625 MiB (Increase: 0.0 MiB)
Memory usage before reset: 1493.765625 MiB (Increase: 0.0 MiB)
Memory usage after reset: 1493.765625 MiB (Increase: 0.0 MiB)
Training episode 28
Memory usage at middle: 1493.765625 MiB (Increase: 0.0 MiB)
Memory usage before collect: 1493.765625 MiB (Increase: 0.0 MiB)
Memory usage after collect: 1493.765625 MiB (Increase: 0.0 MiB)
Memory usage before initialization: 1493.765625 MiB (Increase: 0.0 MiB)
Memory usage after initialization: 1493.765625 MiB (Increase: 0.0 MiB)
Current lengths of episodes: [73]
Memory usage at done (index 0, length 73, since_prev 73): 1493.765625 MiB (Increase: 0.0 MiB)
Memory usage before reset: 1493.765625 MiB (Increase: 0.0 MiB)
Memory usage after reset: 1493.765625 MiB (Increase: 0.0 MiB)
Training episode 29
Memory usage at middle: 1493.765625 MiB (Increase: 0.0 MiB)
Memory usage before collect: 1493.765625 MiB (Increase: 0.0 MiB)
Memory usage after collect: 1493.765625 MiB (Increase: 0.0 MiB)
Memory usage before initialization: 1493.765625 MiB (Increase: 0.0 MiB)
Memory usage after initialization: 1493.765625 MiB (Increase: 0.0 MiB)
Current lengths of episodes: [71]
Memory usage at done (index 0, length 71, since_prev 71): 1493.765625 MiB (Increase: 0.0 MiB)
Memory usage before reset: 1493.765625 MiB (Increase: 0.0 MiB)
Memory usage after reset: 1493.765625 MiB (Increase: 0.0 MiB)
Training episode 30
Memory usage at middle: 1493.765625 MiB (Increase: 0.0 MiB)
Memory usage before collect: 1493.765625 MiB (Increase: 0.0 MiB)
Memory usage after collect: 1493.765625 MiB (Increase: 0.0 MiB)
Memory usage before initialization: 1493.765625 MiB (Increase: 0.0 MiB)
Memory usage after initialization: 1493.765625 MiB (Increase: 0.0 MiB)
Current lengths of episodes: [1600]
Memory usage at done (index 0, length 1600, since_prev 1600): 1493.765625 MiB (Increase: 0.0 MiB)
Memory usage before reset: 1493.765625 MiB (Increase: 0.0 MiB)
Memory usage after reset: 1493.765625 MiB (Increase: 0.0 MiB)
Training episode 31
Memory usage at middle: 1493.765625 MiB (Increase: 0.0 MiB)
Memory usage before collect: 1493.765625 MiB (Increase: 0.0 MiB)
Memory usage after collect: 1493.765625 MiB (Increase: 0.0 MiB)
Memory usage before initialization: 1493.765625 MiB (Increase: 0.0 MiB)
Memory usage after initialization: 1493.765625 MiB (Increase: 0.0 MiB)
Current lengths of episodes: [1348]
Memory usage at done (index 0, length 1348, since_prev 1348): 1493.765625 MiB (Increase: 0.0 MiB)
Memory usage before reset: 1493.765625 MiB (Increase: 0.0 MiB)
Memory usage after reset: 1493.765625 MiB (Increase: 0.0 MiB)
Training episode 32
Memory usage at middle: 1493.765625 MiB (Increase: 0.0 MiB)
Memory usage before collect: 1493.765625 MiB (Increase: 0.0 MiB)
Memory usage after collect: 1493.765625 MiB (Increase: 0.0 MiB)
Memory usage before initialization: 1493.765625 MiB (Increase: 0.0 MiB)
Memory usage after initialization: 1493.765625 MiB (Increase: 0.0 MiB)
Current lengths of episodes: [95]
Memory usage at done (index 0, length 95, since_prev 95): 1493.765625 MiB (Increase: 0.0 MiB)
Memory usage before reset: 1493.765625 MiB (Increase: 0.0 MiB)
Memory usage after reset: 1493.765625 MiB (Increase: 0.0 MiB)
Training episode 33
Memory usage at middle: 1493.765625 MiB (Increase: 0.0 MiB)
Memory usage before collect: 1493.765625 MiB (Increase: 0.0 MiB)
Memory usage after collect: 1493.765625 MiB (Increase: 0.0 MiB)
Memory usage before initialization: 1493.765625 MiB (Increase: 0.0 MiB)
Memory usage after initialization: 1493.765625 MiB (Increase: 0.0 MiB)
Current lengths of episodes: [1600]
Memory usage at done (index 0, length 1600, since_prev 1600): 1493.765625 MiB (Increase: 0.0 MiB)
Memory usage before reset: 1493.765625 MiB (Increase: 0.0 MiB)
Memory usage after reset: 1493.765625 MiB (Increase: 0.0 MiB)
Training episode 34
Memory usage at middle: 1493.765625 MiB (Increase: 0.0 MiB)
Memory usage before collect: 1493.765625 MiB (Increase: 0.0 MiB)
Memory usage after collect: 1493.765625 MiB (Increase: 0.0 MiB)
Memory usage before initialization: 1493.765625 MiB (Increase: 0.0 MiB)
Memory usage after initialization: 1493.765625 MiB (Increase: 0.0 MiB)
Current lengths of episodes: [117]
Memory usage at done (index 0, length 117, since_prev 117): 1493.765625 MiB (Increase: 0.0 MiB)
Memory usage before reset: 1493.765625 MiB (Increase: 0.0 MiB)
Memory usage after reset: 1493.765625 MiB (Increase: 0.0 MiB)
Training episode 35
Memory usage at middle: 1493.765625 MiB (Increase: 0.0 MiB)
Memory usage before collect: 1493.765625 MiB (Increase: 0.0 MiB)
Memory usage after collect: 1493.765625 MiB (Increase: 0.0 MiB)
Memory usage before initialization: 1493.765625 MiB (Increase: 0.0 MiB)
Memory usage after initialization: 1493.765625 MiB (Increase: 0.0 MiB)
Current lengths of episodes: [117]
Memory usage at done (index 0, length 117, since_prev 117): 1493.765625 MiB (Increase: 0.0 MiB)
Memory usage before reset: 1493.765625 MiB (Increase: 0.0 MiB)
Memory usage after reset: 1493.765625 MiB (Increase: 0.0 MiB)
Training episode 36
Memory usage at middle: 1493.765625 MiB (Increase: 0.0 MiB)
Memory usage before collect: 1493.765625 MiB (Increase: 0.0 MiB)
Memory usage after collect: 1493.765625 MiB (Increase: 0.0 MiB)
Memory usage before initialization: 1493.765625 MiB (Increase: 0.0 MiB)
Memory usage after initialization: 1493.765625 MiB (Increase: 0.0 MiB)
Current lengths of episodes: [736]
Memory usage at done (index 0, length 736, since_prev 736): 1493.765625 MiB (Increase: 0.0 MiB)
Memory usage before reset: 1493.765625 MiB (Increase: 0.0 MiB)
Memory usage after reset: 1493.765625 MiB (Increase: 0.0 MiB)
Training episode 37
Memory usage at middle: 1493.765625 MiB (Increase: 0.0 MiB)
Memory usage before collect: 1493.765625 MiB (Increase: 0.0 MiB)
Memory usage after collect: 1493.765625 MiB (Increase: 0.0 MiB)
Memory usage before initialization: 1493.765625 MiB (Increase: 0.0 MiB)
Memory usage after initialization: 1493.765625 MiB (Increase: 0.0 MiB)
Current lengths of episodes: [1600]
Memory usage at done (index 0, length 1600, since_prev 1600): 1493.765625 MiB (Increase: 0.0 MiB)
Memory usage before reset: 1493.765625 MiB (Increase: 0.0 MiB)
Memory usage after reset: 1493.765625 MiB (Increase: 0.0 MiB)
Training episode 38
Memory usage at middle: 1493.765625 MiB (Increase: 0.0 MiB)
Memory usage before collect: 1493.765625 MiB (Increase: 0.0 MiB)
Memory usage after collect: 1493.765625 MiB (Increase: 0.0 MiB)
Memory usage before initialization: 1493.765625 MiB (Increase: 0.0 MiB)
Memory usage after initialization: 1493.765625 MiB (Increase: 0.0 MiB)
Current lengths of episodes: [84]
Memory usage at done (index 0, length 84, since_prev 84): 1493.765625 MiB (Increase: 0.0 MiB)
Memory usage before reset: 1493.765625 MiB (Increase: 0.0 MiB)
Memory usage after reset: 1493.765625 MiB (Increase: 0.0 MiB)
Training episode 39
Memory usage at middle: 1493.765625 MiB (Increase: 0.0 MiB)
Memory usage before collect: 1493.765625 MiB (Increase: 0.0 MiB)
Memory usage after collect: 1493.765625 MiB (Increase: 0.0 MiB)
Memory usage before initialization: 1493.765625 MiB (Increase: 0.0 MiB)
Memory usage after initialization: 1493.765625 MiB (Increase: 0.0 MiB)
Current lengths of episodes: [1600]
Memory usage at done (index 0, length 1600, since_prev 1600): 1493.765625 MiB (Increase: 0.0 MiB)
Memory usage before reset: 1493.765625 MiB (Increase: 0.0 MiB)
Memory usage after reset: 1493.765625 MiB (Increase: 0.0 MiB)
Training episode 40
Memory usage at middle: 1493.765625 MiB (Increase: 0.0 MiB)
Memory usage before collect: 1493.765625 MiB (Increase: 0.0 MiB)
Memory usage after collect: 1493.765625 MiB (Increase: 0.0 MiB)
Memory usage before initialization: 1493.765625 MiB (Increase: 0.0 MiB)
Memory usage after initialization: 1493.765625 MiB (Increase: 0.0 MiB)
Current lengths of episodes: [111]
Memory usage at done (index 0, length 111, since_prev 111): 1493.765625 MiB (Increase: 0.0 MiB)
Memory usage before reset: 1493.765625 MiB (Increase: 0.0 MiB)
Memory usage after reset: 1493.765625 MiB (Increase: 0.0 MiB)
Training episode 41
Memory usage at middle: 1493.765625 MiB (Increase: 0.0 MiB)
Memory usage before collect: 1493.765625 MiB (Increase: 0.0 MiB)
Memory usage after collect: 1493.765625 MiB (Increase: 0.0 MiB)
Memory usage before initialization: 1493.765625 MiB (Increase: 0.0 MiB)
Memory usage after initialization: 1493.765625 MiB (Increase: 0.0 MiB)
Current lengths of episodes: [86]
Memory usage at done (index 0, length 86, since_prev 86): 1493.765625 MiB (Increase: 0.0 MiB)
Memory usage before reset: 1493.765625 MiB (Increase: 0.0 MiB)
Memory usage after reset: 1493.765625 MiB (Increase: 0.0 MiB)
Training episode 42
Memory usage at middle: 1493.765625 MiB (Increase: 0.0 MiB)
Memory usage before collect: 1493.765625 MiB (Increase: 0.0 MiB)
Memory usage after collect: 1493.765625 MiB (Increase: 0.0 MiB)
Memory usage before initialization: 1493.765625 MiB (Increase: 0.0 MiB)
Memory usage after initialization: 1493.765625 MiB (Increase: 0.0 MiB)
Current lengths of episodes: [869]
Memory usage at done (index 0, length 869, since_prev 869): 1493.765625 MiB (Increase: 0.0 MiB)
Memory usage before reset: 1493.765625 MiB (Increase: 0.0 MiB)
Memory usage after reset: 1493.765625 MiB (Increase: 0.0 MiB)
Training episode 43
Memory usage at middle: 1493.765625 MiB (Increase: 0.0 MiB)
Memory usage before collect: 1493.765625 MiB (Increase: 0.0 MiB)
Memory usage after collect: 1493.765625 MiB (Increase: 0.0 MiB)
Memory usage before initialization: 1493.765625 MiB (Increase: 0.0 MiB)
Memory usage after initialization: 1493.765625 MiB (Increase: 0.0 MiB)
Current lengths of episodes: [421]
Memory usage at done (index 0, length 421, since_prev 421): 1493.765625 MiB (Increase: 0.0 MiB)
Memory usage before reset: 1493.765625 MiB (Increase: 0.0 MiB)
Memory usage after reset: 1493.765625 MiB (Increase: 0.0 MiB)
Training episode 44
Memory usage at middle: 1493.765625 MiB (Increase: 0.0 MiB)
Memory usage before collect: 1493.765625 MiB (Increase: 0.0 MiB)
Memory usage after collect: 1493.765625 MiB (Increase: 0.0 MiB)
Memory usage before initialization: 1493.765625 MiB (Increase: 0.0 MiB)
Memory usage after initialization: 1493.765625 MiB (Increase: 0.0 MiB)
Current lengths of episodes: [126]
Memory usage at done (index 0, length 126, since_prev 126): 1493.765625 MiB (Increase: 0.0 MiB)
Memory usage before reset: 1493.765625 MiB (Increase: 0.0 MiB)
Memory usage after reset: 1493.765625 MiB (Increase: 0.0 MiB)
Training episode 45
Memory usage at middle: 1493.765625 MiB (Increase: 0.0 MiB)
Memory usage before collect: 1493.765625 MiB (Increase: 0.0 MiB)
Memory usage after collect: 1493.765625 MiB (Increase: 0.0 MiB)
Memory usage before initialization: 1493.765625 MiB (Increase: 0.0 MiB)
Memory usage after initialization: 1493.765625 MiB (Increase: 0.0 MiB)
Current lengths of episodes: [1600]
Memory usage at done (index 0, length 1600, since_prev 1600): 1493.765625 MiB (Increase: 0.0 MiB)
Memory usage before reset: 1493.765625 MiB (Increase: 0.0 MiB)
Memory usage after reset: 1493.765625 MiB (Increase: 0.0 MiB)
Training episode 46
Memory usage at middle: 1493.765625 MiB (Increase: 0.0 MiB)
Memory usage before collect: 1493.765625 MiB (Increase: 0.0 MiB)
Memory usage after collect: 1493.765625 MiB (Increase: 0.0 MiB)
Memory usage before initialization: 1493.765625 MiB (Increase: 0.0 MiB)
Memory usage after initialization: 1493.765625 MiB (Increase: 0.0 MiB)
Current lengths of episodes: [54]
Memory usage at done (index 0, length 54, since_prev 54): 1493.765625 MiB (Increase: 0.0 MiB)
Memory usage before reset: 1493.765625 MiB (Increase: 0.0 MiB)
Memory usage after reset: 1493.765625 MiB (Increase: 0.0 MiB)
Training episode 47
Memory usage at middle: 1493.765625 MiB (Increase: 0.0 MiB)
Memory usage before collect: 1493.765625 MiB (Increase: 0.0 MiB)
Memory usage after collect: 1493.765625 MiB (Increase: 0.0 MiB)
Memory usage before initialization: 1493.765625 MiB (Increase: 0.0 MiB)
Memory usage after initialization: 1493.765625 MiB (Increase: 0.0 MiB)
Current lengths of episodes: [76]
Memory usage at done (index 0, length 76, since_prev 76): 1493.765625 MiB (Increase: 0.0 MiB)
Memory usage before reset: 1493.765625 MiB (Increase: 0.0 MiB)
Memory usage after reset: 1493.765625 MiB (Increase: 0.0 MiB)
Training episode 48
Memory usage at middle: 1493.765625 MiB (Increase: 0.0 MiB)
Memory usage before collect: 1493.765625 MiB (Increase: 0.0 MiB)
Memory usage after collect: 1493.765625 MiB (Increase: 0.0 MiB)
Memory usage before initialization: 1493.765625 MiB (Increase: 0.0 MiB)
Memory usage after initialization: 1493.765625 MiB (Increase: 0.0 MiB)
Current lengths of episodes: [102]
Memory usage at done (index 0, length 102, since_prev 102): 1493.765625 MiB (Increase: 0.0 MiB)
Memory usage before reset: 1493.765625 MiB (Increase: 0.0 MiB)
Memory usage after reset: 1493.765625 MiB (Increase: 0.0 MiB)
Training episode 49
Memory usage at middle: 1493.765625 MiB (Increase: 0.0 MiB)
Memory usage before collect: 1493.765625 MiB (Increase: 0.0 MiB)
Memory usage after collect: 1493.765625 MiB (Increase: 0.0 MiB)
Memory usage before initialization: 1493.765625 MiB (Increase: 0.0 MiB)
Memory usage after initialization: 1493.765625 MiB (Increase: 0.0 MiB)
Current lengths of episodes: [1600]
Memory usage at done (index 0, length 1600, since_prev 1600): 1493.765625 MiB (Increase: 0.0 MiB)
Memory usage before reset: 1493.765625 MiB (Increase: 0.0 MiB)
Memory usage after reset: 1493.765625 MiB (Increase: 0.0 MiB)
Training episode 50
Memory usage at middle: 1493.765625 MiB (Increase: 0.0 MiB)
Memory usage before collect: 1493.765625 MiB (Increase: 0.0 MiB)
Memory usage after collect: 1493.765625 MiB (Increase: 0.0 MiB)
Episode 50	Average evaluation: -109.59948640172244
Memory usage before initialization: 1493.765625 MiB (Increase: 0.0 MiB)
Memory usage after initialization: 1493.765625 MiB (Increase: 0.0 MiB)
Current lengths of episodes: [80]
Memory usage at done (index 0, length 80, since_prev 80): 1493.765625 MiB (Increase: 0.0 MiB)
Memory usage before reset: 1493.765625 MiB (Increase: 0.0 MiB)
Memory usage after reset: 1493.765625 MiB (Increase: 0.0 MiB)
Training episode 51
Memory usage at middle: 1493.765625 MiB (Increase: 0.0 MiB)
Memory usage before collect: 1493.765625 MiB (Increase: 0.0 MiB)
Memory usage after collect: 1493.765625 MiB (Increase: 0.0 MiB)
Memory usage before initialization: 1493.765625 MiB (Increase: 0.0 MiB)
Memory usage after initialization: 1493.765625 MiB (Increase: 0.0 MiB)
Current lengths of episodes: [1600]
Memory usage at done (index 0, length 1600, since_prev 1600): 1493.765625 MiB (Increase: 0.0 MiB)
Memory usage before reset: 1493.765625 MiB (Increase: 0.0 MiB)
Memory usage after reset: 1493.765625 MiB (Increase: 0.0 MiB)
Training episode 52
Memory usage at middle: 1493.765625 MiB (Increase: 0.0 MiB)
Memory usage before collect: 1493.765625 MiB (Increase: 0.0 MiB)
Memory usage after collect: 1493.765625 MiB (Increase: 0.0 MiB)
Memory usage before initialization: 1493.765625 MiB (Increase: 0.0 MiB)
Memory usage after initialization: 1493.765625 MiB (Increase: 0.0 MiB)
Current lengths of episodes: [1600]
Memory usage at done (index 0, length 1600, since_prev 1600): 1493.765625 MiB (Increase: 0.0 MiB)
Memory usage before reset: 1493.765625 MiB (Increase: 0.0 MiB)
Memory usage after reset: 1493.765625 MiB (Increase: 0.0 MiB)
Training episode 53
Memory usage at middle: 1493.765625 MiB (Increase: 0.0 MiB)
Memory usage before collect: 1493.765625 MiB (Increase: 0.0 MiB)
Memory usage after collect: 1493.765625 MiB (Increase: 0.0 MiB)
Memory usage before initialization: 1493.765625 MiB (Increase: 0.0 MiB)
Memory usage after initialization: 1493.765625 MiB (Increase: 0.0 MiB)
Current lengths of episodes: [1600]
Memory usage at done (index 0, length 1600, since_prev 1600): 1493.765625 MiB (Increase: 0.0 MiB)
Memory usage before reset: 1493.765625 MiB (Increase: 0.0 MiB)
Memory usage after reset: 1493.765625 MiB (Increase: 0.0 MiB)
Training episode 54
Memory usage at middle: 1493.765625 MiB (Increase: 0.0 MiB)
Memory usage before collect: 1493.765625 MiB (Increase: 0.0 MiB)
Memory usage after collect: 1493.765625 MiB (Increase: 0.0 MiB)
Memory usage before initialization: 1493.765625 MiB (Increase: 0.0 MiB)
Memory usage after initialization: 1493.765625 MiB (Increase: 0.0 MiB)
Current lengths of episodes: [1600]
Memory usage at done (index 0, length 1600, since_prev 1600): 1580.5078125 MiB (Increase: 86.7421875 MiB)
Memory usage before reset: 1580.5078125 MiB (Increase: 0.0 MiB)
Memory usage after reset: 1580.5078125 MiB (Increase: 0.0 MiB)
Training episode 55
Memory usage at middle: 1580.5078125 MiB (Increase: 0.0 MiB)
Memory usage before collect: 1580.66015625 MiB (Increase: 0.15234375 MiB)
Memory usage after collect: 1580.66015625 MiB (Increase: 0.0 MiB)
Memory usage before initialization: 1580.66015625 MiB (Increase: 0.0 MiB)
Memory usage after initialization: 1580.66015625 MiB (Increase: 0.0 MiB)
Current lengths of episodes: [1600]
Memory usage at done (index 0, length 1600, since_prev 1600): 1622.71484375 MiB (Increase: 42.0546875 MiB)
Memory usage before reset: 1622.71484375 MiB (Increase: 0.0 MiB)
Memory usage after reset: 1622.71484375 MiB (Increase: 0.0 MiB)
Training episode 56
Memory usage at middle: 1622.71484375 MiB (Increase: 0.0 MiB)
Memory usage before collect: 1622.87109375 MiB (Increase: 0.15625 MiB)
Memory usage after collect: 1622.87109375 MiB (Increase: 0.0 MiB)
Memory usage before initialization: 1622.87109375 MiB (Increase: 0.0 MiB)
Memory usage after initialization: 1622.87109375 MiB (Increase: 0.0 MiB)
Current lengths of episodes: [1600]
Memory usage at done (index 0, length 1600, since_prev 1600): 1622.87109375 MiB (Increase: 0.0 MiB)
Memory usage before reset: 1622.87109375 MiB (Increase: 0.0 MiB)
Memory usage after reset: 1622.87109375 MiB (Increase: 0.0 MiB)
Training episode 57
Memory usage at middle: 1622.87109375 MiB (Increase: 0.0 MiB)
Memory usage before collect: 1622.87109375 MiB (Increase: 0.0 MiB)
Memory usage after collect: 1622.87109375 MiB (Increase: 0.0 MiB)
Memory usage before initialization: 1622.87109375 MiB (Increase: 0.0 MiB)
Memory usage after initialization: 1622.87109375 MiB (Increase: 0.0 MiB)
Current lengths of episodes: [1471]
Memory usage at done (index 0, length 1471, since_prev 1471): 1623.11328125 MiB (Increase: 0.2421875 MiB)
Memory usage before reset: 1623.11328125 MiB (Increase: 0.0 MiB)
Memory usage after reset: 1623.11328125 MiB (Increase: 0.0 MiB)
Training episode 58
Memory usage at middle: 1623.11328125 MiB (Increase: 0.0 MiB)
Memory usage before collect: 1623.11328125 MiB (Increase: 0.0 MiB)
Memory usage after collect: 1623.11328125 MiB (Increase: 0.0 MiB)
Memory usage before initialization: 1623.11328125 MiB (Increase: 0.0 MiB)
Memory usage after initialization: 1623.11328125 MiB (Increase: 0.0 MiB)
Current lengths of episodes: [65]
Memory usage at done (index 0, length 65, since_prev 65): 1623.11328125 MiB (Increase: 0.0 MiB)
Memory usage before reset: 1623.11328125 MiB (Increase: 0.0 MiB)
Memory usage after reset: 1623.11328125 MiB (Increase: 0.0 MiB)
Training episode 59
Memory usage at middle: 1623.11328125 MiB (Increase: 0.0 MiB)
Memory usage before collect: 1623.11328125 MiB (Increase: 0.0 MiB)
Memory usage after collect: 1623.11328125 MiB (Increase: 0.0 MiB)
Memory usage before initialization: 1623.11328125 MiB (Increase: 0.0 MiB)
Memory usage after initialization: 1623.11328125 MiB (Increase: 0.0 MiB)
Current lengths of episodes: [1600]
Memory usage at done (index 0, length 1600, since_prev 1600): 1623.11328125 MiB (Increase: 0.0 MiB)
Memory usage before reset: 1623.11328125 MiB (Increase: 0.0 MiB)
Memory usage after reset: 1623.11328125 MiB (Increase: 0.0 MiB)
Training episode 60
Memory usage at middle: 1623.11328125 MiB (Increase: 0.0 MiB)
Memory usage before collect: 1623.11328125 MiB (Increase: 0.0 MiB)
Memory usage after collect: 1623.11328125 MiB (Increase: 0.0 MiB)
Memory usage before initialization: 1623.11328125 MiB (Increase: 0.0 MiB)
Memory usage after initialization: 1623.11328125 MiB (Increase: 0.0 MiB)
Current lengths of episodes: [1600]
Memory usage at done (index 0, length 1600, since_prev 1600): 1623.11328125 MiB (Increase: 0.0 MiB)
Memory usage before reset: 1623.11328125 MiB (Increase: 0.0 MiB)
Memory usage after reset: 1623.11328125 MiB (Increase: 0.0 MiB)
Training episode 61
Memory usage at middle: 1623.11328125 MiB (Increase: 0.0 MiB)
Memory usage before collect: 1623.11328125 MiB (Increase: 0.0 MiB)
Memory usage after collect: 1623.11328125 MiB (Increase: 0.0 MiB)
Memory usage before initialization: 1623.11328125 MiB (Increase: 0.0 MiB)
Memory usage after initialization: 1623.11328125 MiB (Increase: 0.0 MiB)
Current lengths of episodes: [55]
Memory usage at done (index 0, length 55, since_prev 55): 1623.11328125 MiB (Increase: 0.0 MiB)
Memory usage before reset: 1623.11328125 MiB (Increase: 0.0 MiB)
Memory usage after reset: 1623.11328125 MiB (Increase: 0.0 MiB)
Training episode 62
Memory usage at middle: 1623.11328125 MiB (Increase: 0.0 MiB)
Memory usage before collect: 1623.11328125 MiB (Increase: 0.0 MiB)
Memory usage after collect: 1623.11328125 MiB (Increase: 0.0 MiB)
Memory usage before initialization: 1623.11328125 MiB (Increase: 0.0 MiB)
Memory usage after initialization: 1623.11328125 MiB (Increase: 0.0 MiB)
Current lengths of episodes: [125]
Memory usage at done (index 0, length 125, since_prev 125): 1623.11328125 MiB (Increase: 0.0 MiB)
Memory usage before reset: 1623.11328125 MiB (Increase: 0.0 MiB)
Memory usage after reset: 1623.11328125 MiB (Increase: 0.0 MiB)
Training episode 63
Memory usage at middle: 1623.11328125 MiB (Increase: 0.0 MiB)
Memory usage before collect: 1623.11328125 MiB (Increase: 0.0 MiB)
Memory usage after collect: 1623.11328125 MiB (Increase: 0.0 MiB)
Memory usage before initialization: 1623.11328125 MiB (Increase: 0.0 MiB)
Memory usage after initialization: 1623.11328125 MiB (Increase: 0.0 MiB)
Current lengths of episodes: [74]
Memory usage at done (index 0, length 74, since_prev 74): 1623.11328125 MiB (Increase: 0.0 MiB)
Memory usage before reset: 1623.11328125 MiB (Increase: 0.0 MiB)
Memory usage after reset: 1623.11328125 MiB (Increase: 0.0 MiB)
Training episode 64
Memory usage at middle: 1623.11328125 MiB (Increase: 0.0 MiB)
Memory usage before collect: 1623.11328125 MiB (Increase: 0.0 MiB)
Memory usage after collect: 1623.11328125 MiB (Increase: 0.0 MiB)
Memory usage before initialization: 1623.11328125 MiB (Increase: 0.0 MiB)
Memory usage after initialization: 1623.11328125 MiB (Increase: 0.0 MiB)
Current lengths of episodes: [62]
Memory usage at done (index 0, length 62, since_prev 62): 1623.11328125 MiB (Increase: 0.0 MiB)
Memory usage before reset: 1623.11328125 MiB (Increase: 0.0 MiB)
Memory usage after reset: 1623.11328125 MiB (Increase: 0.0 MiB)
Training episode 65
Memory usage at middle: 1623.11328125 MiB (Increase: 0.0 MiB)
Memory usage before collect: 1623.11328125 MiB (Increase: 0.0 MiB)
Memory usage after collect: 1623.11328125 MiB (Increase: 0.0 MiB)
Memory usage before initialization: 1623.11328125 MiB (Increase: 0.0 MiB)
Memory usage after initialization: 1623.11328125 MiB (Increase: 0.0 MiB)
Current lengths of episodes: [1600]
Memory usage at done (index 0, length 1600, since_prev 1600): 1623.11328125 MiB (Increase: 0.0 MiB)
Memory usage before reset: 1623.11328125 MiB (Increase: 0.0 MiB)
Memory usage after reset: 1623.11328125 MiB (Increase: 0.0 MiB)
Training episode 66
Memory usage at middle: 1623.11328125 MiB (Increase: 0.0 MiB)
Memory usage before collect: 1623.11328125 MiB (Increase: 0.0 MiB)
Memory usage after collect: 1623.11328125 MiB (Increase: 0.0 MiB)
Memory usage before initialization: 1623.11328125 MiB (Increase: 0.0 MiB)
Memory usage after initialization: 1623.11328125 MiB (Increase: 0.0 MiB)
Current lengths of episodes: [47]
Memory usage at done (index 0, length 47, since_prev 47): 1623.11328125 MiB (Increase: 0.0 MiB)
Memory usage before reset: 1623.11328125 MiB (Increase: 0.0 MiB)
Memory usage after reset: 1623.11328125 MiB (Increase: 0.0 MiB)
Training episode 67
Memory usage at middle: 1623.11328125 MiB (Increase: 0.0 MiB)
Memory usage before collect: 1623.11328125 MiB (Increase: 0.0 MiB)
Memory usage after collect: 1623.11328125 MiB (Increase: 0.0 MiB)
Memory usage before initialization: 1623.11328125 MiB (Increase: 0.0 MiB)
Memory usage after initialization: 1623.11328125 MiB (Increase: 0.0 MiB)
Current lengths of episodes: [1600]
Memory usage at done (index 0, length 1600, since_prev 1600): 1623.11328125 MiB (Increase: 0.0 MiB)
Memory usage before reset: 1623.11328125 MiB (Increase: 0.0 MiB)
Memory usage after reset: 1623.11328125 MiB (Increase: 0.0 MiB)
Training episode 68
Memory usage at middle: 1623.11328125 MiB (Increase: 0.0 MiB)
Memory usage before collect: 1623.11328125 MiB (Increase: 0.0 MiB)
Memory usage after collect: 1623.11328125 MiB (Increase: 0.0 MiB)
Memory usage before initialization: 1623.11328125 MiB (Increase: 0.0 MiB)
Memory usage after initialization: 1623.11328125 MiB (Increase: 0.0 MiB)
Current lengths of episodes: [1600]
Memory usage at done (index 0, length 1600, since_prev 1600): 1623.11328125 MiB (Increase: 0.0 MiB)
Memory usage before reset: 1623.11328125 MiB (Increase: 0.0 MiB)
Memory usage after reset: 1623.11328125 MiB (Increase: 0.0 MiB)
Training episode 69
Memory usage at middle: 1623.11328125 MiB (Increase: 0.0 MiB)
Memory usage before collect: 1623.11328125 MiB (Increase: 0.0 MiB)
Memory usage after collect: 1623.11328125 MiB (Increase: 0.0 MiB)
Memory usage before initialization: 1623.11328125 MiB (Increase: 0.0 MiB)
Memory usage after initialization: 1623.11328125 MiB (Increase: 0.0 MiB)
Current lengths of episodes: [1600]
Memory usage at done (index 0, length 1600, since_prev 1600): 1623.11328125 MiB (Increase: 0.0 MiB)
Memory usage before reset: 1623.11328125 MiB (Increase: 0.0 MiB)
Memory usage after reset: 1623.11328125 MiB (Increase: 0.0 MiB)
Training episode 70
Memory usage at middle: 1623.11328125 MiB (Increase: 0.0 MiB)
Memory usage before collect: 1623.11328125 MiB (Increase: 0.0 MiB)
Memory usage after collect: 1623.11328125 MiB (Increase: 0.0 MiB)
Memory usage before initialization: 1623.11328125 MiB (Increase: 0.0 MiB)
Memory usage after initialization: 1623.11328125 MiB (Increase: 0.0 MiB)
Current lengths of episodes: [796]
Memory usage at done (index 0, length 796, since_prev 796): 1623.11328125 MiB (Increase: 0.0 MiB)
Memory usage before reset: 1623.11328125 MiB (Increase: 0.0 MiB)
Memory usage after reset: 1623.11328125 MiB (Increase: 0.0 MiB)
Training episode 71
Memory usage at middle: 1623.11328125 MiB (Increase: 0.0 MiB)
Memory usage before collect: 1623.11328125 MiB (Increase: 0.0 MiB)
Memory usage after collect: 1623.11328125 MiB (Increase: 0.0 MiB)
Memory usage before initialization: 1623.11328125 MiB (Increase: 0.0 MiB)
Memory usage after initialization: 1623.11328125 MiB (Increase: 0.0 MiB)
Current lengths of episodes: [1600]
Memory usage at done (index 0, length 1600, since_prev 1600): 1623.11328125 MiB (Increase: 0.0 MiB)
Memory usage before reset: 1623.11328125 MiB (Increase: 0.0 MiB)
Memory usage after reset: 1623.11328125 MiB (Increase: 0.0 MiB)
Training episode 72
Memory usage at middle: 1623.11328125 MiB (Increase: 0.0 MiB)
Memory usage before collect: 1623.11328125 MiB (Increase: 0.0 MiB)
Memory usage after collect: 1623.11328125 MiB (Increase: 0.0 MiB)
Memory usage before initialization: 1623.11328125 MiB (Increase: 0.0 MiB)
Memory usage after initialization: 1623.11328125 MiB (Increase: 0.0 MiB)
Current lengths of episodes: [61]
Memory usage at done (index 0, length 61, since_prev 61): 1623.11328125 MiB (Increase: 0.0 MiB)
Memory usage before reset: 1623.11328125 MiB (Increase: 0.0 MiB)
Memory usage after reset: 1623.11328125 MiB (Increase: 0.0 MiB)
Training episode 73
Memory usage at middle: 1623.11328125 MiB (Increase: 0.0 MiB)
Memory usage before collect: 1623.11328125 MiB (Increase: 0.0 MiB)
Memory usage after collect: 1623.11328125 MiB (Increase: 0.0 MiB)
Memory usage before initialization: 1623.11328125 MiB (Increase: 0.0 MiB)
Memory usage after initialization: 1623.11328125 MiB (Increase: 0.0 MiB)
Current lengths of episodes: [39]
Memory usage at done (index 0, length 39, since_prev 39): 1623.11328125 MiB (Increase: 0.0 MiB)
Memory usage before reset: 1623.11328125 MiB (Increase: 0.0 MiB)
Memory usage after reset: 1623.11328125 MiB (Increase: 0.0 MiB)
Training episode 74
Memory usage at middle: 1623.11328125 MiB (Increase: 0.0 MiB)
Memory usage before collect: 1623.11328125 MiB (Increase: 0.0 MiB)
Memory usage after collect: 1623.11328125 MiB (Increase: 0.0 MiB)
Memory usage before initialization: 1623.11328125 MiB (Increase: 0.0 MiB)
Memory usage after initialization: 1623.11328125 MiB (Increase: 0.0 MiB)
Current lengths of episodes: [922]
Memory usage at done (index 0, length 922, since_prev 922): 1623.11328125 MiB (Increase: 0.0 MiB)
Memory usage before reset: 1623.11328125 MiB (Increase: 0.0 MiB)
Memory usage after reset: 1623.11328125 MiB (Increase: 0.0 MiB)
Training episode 75
Memory usage at middle: 1623.11328125 MiB (Increase: 0.0 MiB)
Memory usage before collect: 1623.11328125 MiB (Increase: 0.0 MiB)
Memory usage after collect: 1623.11328125 MiB (Increase: 0.0 MiB)
Memory usage before initialization: 1623.11328125 MiB (Increase: 0.0 MiB)
Memory usage after initialization: 1623.11328125 MiB (Increase: 0.0 MiB)
Current lengths of episodes: [99]
Memory usage at done (index 0, length 99, since_prev 99): 1623.11328125 MiB (Increase: 0.0 MiB)
Memory usage before reset: 1623.11328125 MiB (Increase: 0.0 MiB)
Memory usage after reset: 1623.11328125 MiB (Increase: 0.0 MiB)
Training episode 76
Memory usage at middle: 1623.11328125 MiB (Increase: 0.0 MiB)
Memory usage before collect: 1623.11328125 MiB (Increase: 0.0 MiB)
Memory usage after collect: 1623.11328125 MiB (Increase: 0.0 MiB)
Memory usage before initialization: 1623.11328125 MiB (Increase: 0.0 MiB)
Memory usage after initialization: 1623.11328125 MiB (Increase: 0.0 MiB)
Current lengths of episodes: [54]
Memory usage at done (index 0, length 54, since_prev 54): 1623.11328125 MiB (Increase: 0.0 MiB)
Memory usage before reset: 1623.11328125 MiB (Increase: 0.0 MiB)
Memory usage after reset: 1623.11328125 MiB (Increase: 0.0 MiB)
Training episode 77
Memory usage at middle: 1623.11328125 MiB (Increase: 0.0 MiB)
Memory usage before collect: 1623.11328125 MiB (Increase: 0.0 MiB)
Memory usage after collect: 1623.11328125 MiB (Increase: 0.0 MiB)
Memory usage before initialization: 1623.11328125 MiB (Increase: 0.0 MiB)
Memory usage after initialization: 1623.11328125 MiB (Increase: 0.0 MiB)
Current lengths of episodes: [92]
Memory usage at done (index 0, length 92, since_prev 92): 1623.11328125 MiB (Increase: 0.0 MiB)
Memory usage before reset: 1623.11328125 MiB (Increase: 0.0 MiB)
Memory usage after reset: 1623.11328125 MiB (Increase: 0.0 MiB)
Training episode 78
Memory usage at middle: 1623.11328125 MiB (Increase: 0.0 MiB)
Memory usage before collect: 1623.11328125 MiB (Increase: 0.0 MiB)
Memory usage after collect: 1623.11328125 MiB (Increase: 0.0 MiB)
Memory usage before initialization: 1623.11328125 MiB (Increase: 0.0 MiB)
Memory usage after initialization: 1623.11328125 MiB (Increase: 0.0 MiB)
Current lengths of episodes: [45]
Memory usage at done (index 0, length 45, since_prev 45): 1623.11328125 MiB (Increase: 0.0 MiB)
Memory usage before reset: 1623.11328125 MiB (Increase: 0.0 MiB)
Memory usage after reset: 1623.11328125 MiB (Increase: 0.0 MiB)
Training episode 79
Memory usage at middle: 1623.11328125 MiB (Increase: 0.0 MiB)
Memory usage before collect: 1623.11328125 MiB (Increase: 0.0 MiB)
Memory usage after collect: 1623.11328125 MiB (Increase: 0.0 MiB)
Memory usage before initialization: 1623.11328125 MiB (Increase: 0.0 MiB)
Memory usage after initialization: 1623.11328125 MiB (Increase: 0.0 MiB)
Current lengths of episodes: [112]
Memory usage at done (index 0, length 112, since_prev 112): 1623.11328125 MiB (Increase: 0.0 MiB)
Memory usage before reset: 1623.11328125 MiB (Increase: 0.0 MiB)
Memory usage after reset: 1623.11328125 MiB (Increase: 0.0 MiB)
Training episode 80
Memory usage at middle: 1623.11328125 MiB (Increase: 0.0 MiB)
Memory usage before collect: 1623.11328125 MiB (Increase: 0.0 MiB)
Memory usage after collect: 1623.11328125 MiB (Increase: 0.0 MiB)
Memory usage before initialization: 1623.11328125 MiB (Increase: 0.0 MiB)
Memory usage after initialization: 1623.11328125 MiB (Increase: 0.0 MiB)
Current lengths of episodes: [99]
Memory usage at done (index 0, length 99, since_prev 99): 1623.11328125 MiB (Increase: 0.0 MiB)
Memory usage before reset: 1623.11328125 MiB (Increase: 0.0 MiB)
Memory usage after reset: 1623.11328125 MiB (Increase: 0.0 MiB)
Training episode 81
Memory usage at middle: 1623.11328125 MiB (Increase: 0.0 MiB)
Memory usage before collect: 1623.11328125 MiB (Increase: 0.0 MiB)
Memory usage after collect: 1623.11328125 MiB (Increase: 0.0 MiB)
Memory usage before initialization: 1623.11328125 MiB (Increase: 0.0 MiB)
Memory usage after initialization: 1623.11328125 MiB (Increase: 0.0 MiB)
Current lengths of episodes: [1600]
Memory usage at done (index 0, length 1600, since_prev 1600): 1623.11328125 MiB (Increase: 0.0 MiB)
Memory usage before reset: 1623.11328125 MiB (Increase: 0.0 MiB)
Memory usage after reset: 1623.11328125 MiB (Increase: 0.0 MiB)
Training episode 82
Memory usage at middle: 1623.11328125 MiB (Increase: 0.0 MiB)
Memory usage before collect: 1623.11328125 MiB (Increase: 0.0 MiB)
Memory usage after collect: 1623.11328125 MiB (Increase: 0.0 MiB)
Memory usage before initialization: 1623.11328125 MiB (Increase: 0.0 MiB)
Memory usage after initialization: 1623.11328125 MiB (Increase: 0.0 MiB)
Current lengths of episodes: [58]
Memory usage at done (index 0, length 58, since_prev 58): 1623.11328125 MiB (Increase: 0.0 MiB)
Memory usage before reset: 1623.11328125 MiB (Increase: 0.0 MiB)
Memory usage after reset: 1623.11328125 MiB (Increase: 0.0 MiB)
Training episode 83
Memory usage at middle: 1623.11328125 MiB (Increase: 0.0 MiB)
Memory usage before collect: 1623.11328125 MiB (Increase: 0.0 MiB)
Memory usage after collect: 1623.11328125 MiB (Increase: 0.0 MiB)
Memory usage before initialization: 1623.11328125 MiB (Increase: 0.0 MiB)
Memory usage after initialization: 1623.11328125 MiB (Increase: 0.0 MiB)
Current lengths of episodes: [1600]
Memory usage at done (index 0, length 1600, since_prev 1600): 1623.11328125 MiB (Increase: 0.0 MiB)
Memory usage before reset: 1623.11328125 MiB (Increase: 0.0 MiB)
Memory usage after reset: 1623.11328125 MiB (Increase: 0.0 MiB)
Training episode 84
Memory usage at middle: 1623.11328125 MiB (Increase: 0.0 MiB)
Memory usage before collect: 1623.11328125 MiB (Increase: 0.0 MiB)
Memory usage after collect: 1623.11328125 MiB (Increase: 0.0 MiB)
Memory usage before initialization: 1623.11328125 MiB (Increase: 0.0 MiB)
Memory usage after initialization: 1623.11328125 MiB (Increase: 0.0 MiB)
Current lengths of episodes: [74]
Memory usage at done (index 0, length 74, since_prev 74): 1623.11328125 MiB (Increase: 0.0 MiB)
Memory usage before reset: 1623.11328125 MiB (Increase: 0.0 MiB)
Memory usage after reset: 1623.11328125 MiB (Increase: 0.0 MiB)
Training episode 85
Memory usage at middle: 1623.11328125 MiB (Increase: 0.0 MiB)
Memory usage before collect: 1623.11328125 MiB (Increase: 0.0 MiB)
Memory usage after collect: 1623.11328125 MiB (Increase: 0.0 MiB)
Memory usage before initialization: 1623.11328125 MiB (Increase: 0.0 MiB)
Memory usage after initialization: 1623.11328125 MiB (Increase: 0.0 MiB)
Current lengths of episodes: [49]
Memory usage at done (index 0, length 49, since_prev 49): 1623.11328125 MiB (Increase: 0.0 MiB)
Memory usage before reset: 1623.11328125 MiB (Increase: 0.0 MiB)
Memory usage after reset: 1623.11328125 MiB (Increase: 0.0 MiB)
Training episode 86
Memory usage at middle: 1623.11328125 MiB (Increase: 0.0 MiB)
Memory usage before collect: 1623.11328125 MiB (Increase: 0.0 MiB)
Memory usage after collect: 1623.11328125 MiB (Increase: 0.0 MiB)
Memory usage before initialization: 1623.11328125 MiB (Increase: 0.0 MiB)
Memory usage after initialization: 1623.11328125 MiB (Increase: 0.0 MiB)
Current lengths of episodes: [1600]
Memory usage at done (index 0, length 1600, since_prev 1600): 1623.11328125 MiB (Increase: 0.0 MiB)
Memory usage before reset: 1623.11328125 MiB (Increase: 0.0 MiB)
Memory usage after reset: 1623.11328125 MiB (Increase: 0.0 MiB)
Training episode 87
Memory usage at middle: 1623.11328125 MiB (Increase: 0.0 MiB)
Memory usage before collect: 1623.11328125 MiB (Increase: 0.0 MiB)
Memory usage after collect: 1623.11328125 MiB (Increase: 0.0 MiB)
Memory usage before initialization: 1623.11328125 MiB (Increase: 0.0 MiB)
Memory usage after initialization: 1623.11328125 MiB (Increase: 0.0 MiB)
Current lengths of episodes: [178]
Memory usage at done (index 0, length 178, since_prev 178): 1623.11328125 MiB (Increase: 0.0 MiB)
Memory usage before reset: 1623.11328125 MiB (Increase: 0.0 MiB)
Memory usage after reset: 1623.11328125 MiB (Increase: 0.0 MiB)
Training episode 88
Memory usage at middle: 1623.11328125 MiB (Increase: 0.0 MiB)
Memory usage before collect: 1623.11328125 MiB (Increase: 0.0 MiB)
Memory usage after collect: 1623.11328125 MiB (Increase: 0.0 MiB)
Memory usage before initialization: 1623.11328125 MiB (Increase: 0.0 MiB)
Memory usage after initialization: 1623.11328125 MiB (Increase: 0.0 MiB)
Current lengths of episodes: [73]
Memory usage at done (index 0, length 73, since_prev 73): 1623.11328125 MiB (Increase: 0.0 MiB)
Memory usage before reset: 1623.11328125 MiB (Increase: 0.0 MiB)
Memory usage after reset: 1623.11328125 MiB (Increase: 0.0 MiB)
Training episode 89
Memory usage at middle: 1623.11328125 MiB (Increase: 0.0 MiB)
Memory usage before collect: 1623.11328125 MiB (Increase: 0.0 MiB)
Memory usage after collect: 1623.11328125 MiB (Increase: 0.0 MiB)
Memory usage before initialization: 1623.11328125 MiB (Increase: 0.0 MiB)
Memory usage after initialization: 1623.11328125 MiB (Increase: 0.0 MiB)
Current lengths of episodes: [82]
Memory usage at done (index 0, length 82, since_prev 82): 1623.11328125 MiB (Increase: 0.0 MiB)
Memory usage before reset: 1623.11328125 MiB (Increase: 0.0 MiB)
Memory usage after reset: 1623.11328125 MiB (Increase: 0.0 MiB)
Training episode 90
Memory usage at middle: 1623.11328125 MiB (Increase: 0.0 MiB)
Memory usage before collect: 1623.11328125 MiB (Increase: 0.0 MiB)
Memory usage after collect: 1623.11328125 MiB (Increase: 0.0 MiB)
Memory usage before initialization: 1623.11328125 MiB (Increase: 0.0 MiB)
Memory usage after initialization: 1623.11328125 MiB (Increase: 0.0 MiB)
Current lengths of episodes: [1600]
Memory usage at done (index 0, length 1600, since_prev 1600): 1623.11328125 MiB (Increase: 0.0 MiB)
Memory usage before reset: 1623.11328125 MiB (Increase: 0.0 MiB)
Memory usage after reset: 1623.11328125 MiB (Increase: 0.0 MiB)
Training episode 91
Memory usage at middle: 1623.11328125 MiB (Increase: 0.0 MiB)
Memory usage before collect: 1623.11328125 MiB (Increase: 0.0 MiB)
Memory usage after collect: 1623.11328125 MiB (Increase: 0.0 MiB)
Memory usage before initialization: 1623.11328125 MiB (Increase: 0.0 MiB)
Memory usage after initialization: 1623.11328125 MiB (Increase: 0.0 MiB)
Current lengths of episodes: [1600]
Memory usage at done (index 0, length 1600, since_prev 1600): 1623.11328125 MiB (Increase: 0.0 MiB)
Memory usage before reset: 1623.11328125 MiB (Increase: 0.0 MiB)
Memory usage after reset: 1623.11328125 MiB (Increase: 0.0 MiB)
Training episode 92
Memory usage at middle: 1623.11328125 MiB (Increase: 0.0 MiB)
Memory usage before collect: 1623.11328125 MiB (Increase: 0.0 MiB)
Memory usage after collect: 1623.11328125 MiB (Increase: 0.0 MiB)
Memory usage before initialization: 1623.11328125 MiB (Increase: 0.0 MiB)
Memory usage after initialization: 1623.11328125 MiB (Increase: 0.0 MiB)
Current lengths of episodes: [1600]
Memory usage at done (index 0, length 1600, since_prev 1600): 1623.11328125 MiB (Increase: 0.0 MiB)
Memory usage before reset: 1623.11328125 MiB (Increase: 0.0 MiB)
Memory usage after reset: 1623.11328125 MiB (Increase: 0.0 MiB)
Training episode 93
Memory usage at middle: 1623.11328125 MiB (Increase: 0.0 MiB)
Memory usage before collect: 1623.11328125 MiB (Increase: 0.0 MiB)
Memory usage after collect: 1623.11328125 MiB (Increase: 0.0 MiB)
Memory usage before initialization: 1623.11328125 MiB (Increase: 0.0 MiB)
Memory usage after initialization: 1623.11328125 MiB (Increase: 0.0 MiB)
Current lengths of episodes: [1600]
Memory usage at done (index 0, length 1600, since_prev 1600): 1623.11328125 MiB (Increase: 0.0 MiB)
Memory usage before reset: 1623.11328125 MiB (Increase: 0.0 MiB)
Memory usage after reset: 1623.11328125 MiB (Increase: 0.0 MiB)
Training episode 94
Memory usage at middle: 1623.11328125 MiB (Increase: 0.0 MiB)
Memory usage before collect: 1623.11328125 MiB (Increase: 0.0 MiB)
Memory usage after collect: 1623.11328125 MiB (Increase: 0.0 MiB)
Memory usage before initialization: 1623.11328125 MiB (Increase: 0.0 MiB)
Memory usage after initialization: 1623.11328125 MiB (Increase: 0.0 MiB)
Current lengths of episodes: [209]
Memory usage at done (index 0, length 209, since_prev 209): 1623.11328125 MiB (Increase: 0.0 MiB)
Memory usage before reset: 1623.11328125 MiB (Increase: 0.0 MiB)
Memory usage after reset: 1623.11328125 MiB (Increase: 0.0 MiB)
Training episode 95
Memory usage at middle: 1623.11328125 MiB (Increase: 0.0 MiB)
Memory usage before collect: 1623.11328125 MiB (Increase: 0.0 MiB)
Memory usage after collect: 1623.11328125 MiB (Increase: 0.0 MiB)
Memory usage before initialization: 1623.11328125 MiB (Increase: 0.0 MiB)
Memory usage after initialization: 1623.11328125 MiB (Increase: 0.0 MiB)
Current lengths of episodes: [95]
Memory usage at done (index 0, length 95, since_prev 95): 1623.11328125 MiB (Increase: 0.0 MiB)
Memory usage before reset: 1623.11328125 MiB (Increase: 0.0 MiB)
Memory usage after reset: 1623.11328125 MiB (Increase: 0.0 MiB)
Training episode 96
Memory usage at middle: 1623.11328125 MiB (Increase: 0.0 MiB)
Memory usage before collect: 1623.11328125 MiB (Increase: 0.0 MiB)
Memory usage after collect: 1623.11328125 MiB (Increase: 0.0 MiB)
Memory usage before initialization: 1623.11328125 MiB (Increase: 0.0 MiB)
Memory usage after initialization: 1623.11328125 MiB (Increase: 0.0 MiB)
Current lengths of episodes: [1600]
Memory usage at done (index 0, length 1600, since_prev 1600): 1623.11328125 MiB (Increase: 0.0 MiB)
Memory usage before reset: 1623.11328125 MiB (Increase: 0.0 MiB)
Memory usage after reset: 1623.11328125 MiB (Increase: 0.0 MiB)
Training episode 97
Memory usage at middle: 1623.11328125 MiB (Increase: 0.0 MiB)
Memory usage before collect: 1623.11328125 MiB (Increase: 0.0 MiB)
Memory usage after collect: 1623.11328125 MiB (Increase: 0.0 MiB)
Memory usage before initialization: 1623.11328125 MiB (Increase: 0.0 MiB)
Memory usage after initialization: 1623.11328125 MiB (Increase: 0.0 MiB)
Current lengths of episodes: [1600]
Memory usage at done (index 0, length 1600, since_prev 1600): 1623.11328125 MiB (Increase: 0.0 MiB)
Memory usage before reset: 1623.11328125 MiB (Increase: 0.0 MiB)
Memory usage after reset: 1623.11328125 MiB (Increase: 0.0 MiB)
Training episode 98
Memory usage at middle: 1623.11328125 MiB (Increase: 0.0 MiB)
Memory usage before collect: 1623.11328125 MiB (Increase: 0.0 MiB)
Memory usage after collect: 1623.11328125 MiB (Increase: 0.0 MiB)
Memory usage before initialization: 1623.11328125 MiB (Increase: 0.0 MiB)
Memory usage after initialization: 1623.11328125 MiB (Increase: 0.0 MiB)
Current lengths of episodes: [1600]
Memory usage at done (index 0, length 1600, since_prev 1600): 1623.11328125 MiB (Increase: 0.0 MiB)
Memory usage before reset: 1623.11328125 MiB (Increase: 0.0 MiB)
Memory usage after reset: 1623.11328125 MiB (Increase: 0.0 MiB)
Training episode 99
Memory usage at middle: 1623.11328125 MiB (Increase: 0.0 MiB)
Memory usage before collect: 1623.11328125 MiB (Increase: 0.0 MiB)
Memory usage after collect: 1623.11328125 MiB (Increase: 0.0 MiB)
Memory usage before initialization: 1623.11328125 MiB (Increase: 0.0 MiB)
Memory usage after initialization: 1623.11328125 MiB (Increase: 0.0 MiB)
Current lengths of episodes: [78]
Memory usage at done (index 0, length 78, since_prev 78): 1623.11328125 MiB (Increase: 0.0 MiB)
Memory usage before reset: 1623.11328125 MiB (Increase: 0.0 MiB)
Memory usage after reset: 1623.11328125 MiB (Increase: 0.0 MiB)
Training episode 100
Memory usage at middle: 1623.11328125 MiB (Increase: 0.0 MiB)
Memory usage before collect: 1623.11328125 MiB (Increase: 0.0 MiB)
Memory usage after collect: 1623.11328125 MiB (Increase: 0.0 MiB)
Episode 100	Average evaluation: -40.26674162563843
Memory usage before initialization: 1623.11328125 MiB (Increase: 0.0 MiB)
Memory usage after initialization: 1623.11328125 MiB (Increase: 0.0 MiB)
Current lengths of episodes: [1600]
Memory usage at done (index 0, length 1600, since_prev 1600): 1623.11328125 MiB (Increase: 0.0 MiB)
Memory usage before reset: 1623.11328125 MiB (Increase: 0.0 MiB)
Memory usage after reset: 1623.11328125 MiB (Increase: 0.0 MiB)
Training episode 101
Memory usage at middle: 1623.11328125 MiB (Increase: 0.0 MiB)
Memory usage before collect: 1623.11328125 MiB (Increase: 0.0 MiB)
Memory usage after collect: 1623.11328125 MiB (Increase: 0.0 MiB)
Memory usage before initialization: 1623.11328125 MiB (Increase: 0.0 MiB)
Memory usage after initialization: 1623.11328125 MiB (Increase: 0.0 MiB)
Current lengths of episodes: [53]
Memory usage at done (index 0, length 53, since_prev 53): 1623.11328125 MiB (Increase: 0.0 MiB)
Memory usage before reset: 1623.11328125 MiB (Increase: 0.0 MiB)
Memory usage after reset: 1623.11328125 MiB (Increase: 0.0 MiB)
Training episode 102
Memory usage at middle: 1623.11328125 MiB (Increase: 0.0 MiB)
Memory usage before collect: 1623.11328125 MiB (Increase: 0.0 MiB)
Memory usage after collect: 1623.11328125 MiB (Increase: 0.0 MiB)
Memory usage before initialization: 1623.11328125 MiB (Increase: 0.0 MiB)
Memory usage after initialization: 1623.11328125 MiB (Increase: 0.0 MiB)
Current lengths of episodes: [144]
Memory usage at done (index 0, length 144, since_prev 144): 1623.11328125 MiB (Increase: 0.0 MiB)
Memory usage before reset: 1623.11328125 MiB (Increase: 0.0 MiB)
Memory usage after reset: 1623.11328125 MiB (Increase: 0.0 MiB)
Training episode 103
Memory usage at middle: 1623.11328125 MiB (Increase: 0.0 MiB)
Memory usage before collect: 1623.11328125 MiB (Increase: 0.0 MiB)
Memory usage after collect: 1623.11328125 MiB (Increase: 0.0 MiB)
Memory usage before initialization: 1623.11328125 MiB (Increase: 0.0 MiB)
Memory usage after initialization: 1623.11328125 MiB (Increase: 0.0 MiB)
Current lengths of episodes: [87]
Memory usage at done (index 0, length 87, since_prev 87): 1623.11328125 MiB (Increase: 0.0 MiB)
Memory usage before reset: 1623.11328125 MiB (Increase: 0.0 MiB)
Memory usage after reset: 1623.11328125 MiB (Increase: 0.0 MiB)
Training episode 104
Memory usage at middle: 1623.11328125 MiB (Increase: 0.0 MiB)
Memory usage before collect: 1623.11328125 MiB (Increase: 0.0 MiB)
Memory usage after collect: 1623.11328125 MiB (Increase: 0.0 MiB)
Memory usage before initialization: 1623.11328125 MiB (Increase: 0.0 MiB)
Memory usage after initialization: 1623.11328125 MiB (Increase: 0.0 MiB)
Current lengths of episodes: [1600]
Memory usage at done (index 0, length 1600, since_prev 1600): 1623.11328125 MiB (Increase: 0.0 MiB)
Memory usage before reset: 1623.11328125 MiB (Increase: 0.0 MiB)
Memory usage after reset: 1623.11328125 MiB (Increase: 0.0 MiB)
Training episode 105
Memory usage at middle: 1623.11328125 MiB (Increase: 0.0 MiB)
Memory usage before collect: 1623.11328125 MiB (Increase: 0.0 MiB)
Memory usage after collect: 1623.11328125 MiB (Increase: 0.0 MiB)
Memory usage before initialization: 1623.11328125 MiB (Increase: 0.0 MiB)
Memory usage after initialization: 1623.11328125 MiB (Increase: 0.0 MiB)
Current lengths of episodes: [1523]
Memory usage at done (index 0, length 1523, since_prev 1523): 1623.11328125 MiB (Increase: 0.0 MiB)
Memory usage before reset: 1623.11328125 MiB (Increase: 0.0 MiB)
Memory usage after reset: 1623.11328125 MiB (Increase: 0.0 MiB)
Training episode 106
Memory usage at middle: 1623.11328125 MiB (Increase: 0.0 MiB)
Memory usage before collect: 1623.11328125 MiB (Increase: 0.0 MiB)
Memory usage after collect: 1623.11328125 MiB (Increase: 0.0 MiB)
Memory usage before initialization: 1623.11328125 MiB (Increase: 0.0 MiB)
Memory usage after initialization: 1623.11328125 MiB (Increase: 0.0 MiB)
Current lengths of episodes: [73]
Memory usage at done (index 0, length 73, since_prev 73): 1623.11328125 MiB (Increase: 0.0 MiB)
Memory usage before reset: 1623.11328125 MiB (Increase: 0.0 MiB)
Memory usage after reset: 1623.11328125 MiB (Increase: 0.0 MiB)
Training episode 107
Memory usage at middle: 1623.11328125 MiB (Increase: 0.0 MiB)
Memory usage before collect: 1623.11328125 MiB (Increase: 0.0 MiB)
Memory usage after collect: 1623.11328125 MiB (Increase: 0.0 MiB)
Memory usage before initialization: 1623.11328125 MiB (Increase: 0.0 MiB)
Memory usage after initialization: 1623.11328125 MiB (Increase: 0.0 MiB)
Current lengths of episodes: [1600]
Memory usage at done (index 0, length 1600, since_prev 1600): 1623.11328125 MiB (Increase: 0.0 MiB)
Memory usage before reset: 1623.11328125 MiB (Increase: 0.0 MiB)
Memory usage after reset: 1623.11328125 MiB (Increase: 0.0 MiB)
Training episode 108
Memory usage at middle: 1623.11328125 MiB (Increase: 0.0 MiB)
Memory usage before collect: 1623.11328125 MiB (Increase: 0.0 MiB)
Memory usage after collect: 1623.11328125 MiB (Increase: 0.0 MiB)
Memory usage before initialization: 1623.11328125 MiB (Increase: 0.0 MiB)
Memory usage after initialization: 1623.11328125 MiB (Increase: 0.0 MiB)
Current lengths of episodes: [288]
Memory usage at done (index 0, length 288, since_prev 288): 1623.11328125 MiB (Increase: 0.0 MiB)
Memory usage before reset: 1623.11328125 MiB (Increase: 0.0 MiB)
Memory usage after reset: 1623.11328125 MiB (Increase: 0.0 MiB)
Training episode 109
Memory usage at middle: 1623.11328125 MiB (Increase: 0.0 MiB)
Memory usage before collect: 1623.11328125 MiB (Increase: 0.0 MiB)
Memory usage after collect: 1623.11328125 MiB (Increase: 0.0 MiB)
Memory usage before initialization: 1623.11328125 MiB (Increase: 0.0 MiB)
Memory usage after initialization: 1623.11328125 MiB (Increase: 0.0 MiB)
Current lengths of episodes: [1600]
Memory usage at done (index 0, length 1600, since_prev 1600): 1623.11328125 MiB (Increase: 0.0 MiB)
Memory usage before reset: 1623.11328125 MiB (Increase: 0.0 MiB)
Memory usage after reset: 1623.11328125 MiB (Increase: 0.0 MiB)
Training episode 110
Memory usage at middle: 1623.11328125 MiB (Increase: 0.0 MiB)
Memory usage before collect: 1623.11328125 MiB (Increase: 0.0 MiB)
Memory usage after collect: 1623.11328125 MiB (Increase: 0.0 MiB)
Memory usage before initialization: 1623.11328125 MiB (Increase: 0.0 MiB)
Memory usage after initialization: 1623.11328125 MiB (Increase: 0.0 MiB)
Current lengths of episodes: [1600]
Memory usage at done (index 0, length 1600, since_prev 1600): 1623.11328125 MiB (Increase: 0.0 MiB)
Memory usage before reset: 1623.11328125 MiB (Increase: 0.0 MiB)
Memory usage after reset: 1623.11328125 MiB (Increase: 0.0 MiB)
Training episode 111
Memory usage at middle: 1623.11328125 MiB (Increase: 0.0 MiB)
Memory usage before collect: 1623.11328125 MiB (Increase: 0.0 MiB)
Memory usage after collect: 1623.11328125 MiB (Increase: 0.0 MiB)
Memory usage before initialization: 1623.11328125 MiB (Increase: 0.0 MiB)
Memory usage after initialization: 1623.11328125 MiB (Increase: 0.0 MiB)
Current lengths of episodes: [48]
Memory usage at done (index 0, length 48, since_prev 48): 1623.11328125 MiB (Increase: 0.0 MiB)
Memory usage before reset: 1623.11328125 MiB (Increase: 0.0 MiB)
Memory usage after reset: 1623.11328125 MiB (Increase: 0.0 MiB)
Training episode 112
Memory usage at middle: 1623.11328125 MiB (Increase: 0.0 MiB)
Memory usage before collect: 1623.11328125 MiB (Increase: 0.0 MiB)
Memory usage after collect: 1623.11328125 MiB (Increase: 0.0 MiB)
Memory usage before initialization: 1623.11328125 MiB (Increase: 0.0 MiB)
Memory usage after initialization: 1623.11328125 MiB (Increase: 0.0 MiB)
Current lengths of episodes: [1600]
Memory usage at done (index 0, length 1600, since_prev 1600): 1623.11328125 MiB (Increase: 0.0 MiB)
Memory usage before reset: 1623.11328125 MiB (Increase: 0.0 MiB)
Memory usage after reset: 1623.11328125 MiB (Increase: 0.0 MiB)
Training episode 113
Memory usage at middle: 1623.11328125 MiB (Increase: 0.0 MiB)
Memory usage before collect: 1623.11328125 MiB (Increase: 0.0 MiB)
Memory usage after collect: 1623.11328125 MiB (Increase: 0.0 MiB)
Memory usage before initialization: 1623.11328125 MiB (Increase: 0.0 MiB)
Memory usage after initialization: 1623.11328125 MiB (Increase: 0.0 MiB)
Current lengths of episodes: [1600]
Memory usage at done (index 0, length 1600, since_prev 1600): 1623.11328125 MiB (Increase: 0.0 MiB)
Memory usage before reset: 1623.11328125 MiB (Increase: 0.0 MiB)
Memory usage after reset: 1623.11328125 MiB (Increase: 0.0 MiB)
Training episode 114
Memory usage at middle: 1623.11328125 MiB (Increase: 0.0 MiB)
Memory usage before collect: 1623.11328125 MiB (Increase: 0.0 MiB)
Memory usage after collect: 1623.11328125 MiB (Increase: 0.0 MiB)
Memory usage before initialization: 1623.11328125 MiB (Increase: 0.0 MiB)
Memory usage after initialization: 1623.11328125 MiB (Increase: 0.0 MiB)
Current lengths of episodes: [1600]
Memory usage at done (index 0, length 1600, since_prev 1600): 1623.11328125 MiB (Increase: 0.0 MiB)
Memory usage before reset: 1623.11328125 MiB (Increase: 0.0 MiB)
Memory usage after reset: 1623.11328125 MiB (Increase: 0.0 MiB)
Training episode 115
Memory usage at middle: 1623.11328125 MiB (Increase: 0.0 MiB)
Memory usage before collect: 1623.11328125 MiB (Increase: 0.0 MiB)
Memory usage after collect: 1623.11328125 MiB (Increase: 0.0 MiB)
Memory usage before initialization: 1623.11328125 MiB (Increase: 0.0 MiB)
Memory usage after initialization: 1623.11328125 MiB (Increase: 0.0 MiB)
Current lengths of episodes: [1600]
Memory usage at done (index 0, length 1600, since_prev 1600): 1623.11328125 MiB (Increase: 0.0 MiB)
Memory usage before reset: 1623.11328125 MiB (Increase: 0.0 MiB)
Memory usage after reset: 1623.11328125 MiB (Increase: 0.0 MiB)
Training episode 116
Memory usage at middle: 1623.11328125 MiB (Increase: 0.0 MiB)
Memory usage before collect: 1623.11328125 MiB (Increase: 0.0 MiB)
Memory usage after collect: 1623.11328125 MiB (Increase: 0.0 MiB)
Memory usage before initialization: 1623.11328125 MiB (Increase: 0.0 MiB)
Memory usage after initialization: 1623.11328125 MiB (Increase: 0.0 MiB)
Current lengths of episodes: [105]
Memory usage at done (index 0, length 105, since_prev 105): 1623.11328125 MiB (Increase: 0.0 MiB)
Memory usage before reset: 1623.11328125 MiB (Increase: 0.0 MiB)
Memory usage after reset: 1623.11328125 MiB (Increase: 0.0 MiB)
Training episode 117
Memory usage at middle: 1623.11328125 MiB (Increase: 0.0 MiB)
Memory usage before collect: 1623.11328125 MiB (Increase: 0.0 MiB)
Memory usage after collect: 1623.11328125 MiB (Increase: 0.0 MiB)
Memory usage before initialization: 1623.11328125 MiB (Increase: 0.0 MiB)
Memory usage after initialization: 1623.11328125 MiB (Increase: 0.0 MiB)
Current lengths of episodes: [1600]
Memory usage at done (index 0, length 1600, since_prev 1600): 1623.11328125 MiB (Increase: 0.0 MiB)
Memory usage before reset: 1623.11328125 MiB (Increase: 0.0 MiB)
Memory usage after reset: 1623.11328125 MiB (Increase: 0.0 MiB)
Training episode 118
Memory usage at middle: 1623.11328125 MiB (Increase: 0.0 MiB)
Memory usage before collect: 1623.11328125 MiB (Increase: 0.0 MiB)
Memory usage after collect: 1623.11328125 MiB (Increase: 0.0 MiB)
Memory usage before initialization: 1623.11328125 MiB (Increase: 0.0 MiB)
Memory usage after initialization: 1623.11328125 MiB (Increase: 0.0 MiB)
Current lengths of episodes: [1600]
Memory usage at done (index 0, length 1600, since_prev 1600): 1623.11328125 MiB (Increase: 0.0 MiB)
Memory usage before reset: 1623.11328125 MiB (Increase: 0.0 MiB)
Memory usage after reset: 1623.11328125 MiB (Increase: 0.0 MiB)
Training episode 119
Memory usage at middle: 1623.11328125 MiB (Increase: 0.0 MiB)
Memory usage before collect: 1623.11328125 MiB (Increase: 0.0 MiB)
Memory usage after collect: 1623.11328125 MiB (Increase: 0.0 MiB)
Memory usage before initialization: 1623.11328125 MiB (Increase: 0.0 MiB)
Memory usage after initialization: 1623.11328125 MiB (Increase: 0.0 MiB)
Current lengths of episodes: [64]
Memory usage at done (index 0, length 64, since_prev 64): 1623.11328125 MiB (Increase: 0.0 MiB)
Memory usage before reset: 1623.11328125 MiB (Increase: 0.0 MiB)
Memory usage after reset: 1623.11328125 MiB (Increase: 0.0 MiB)
Training episode 120
Memory usage at middle: 1623.11328125 MiB (Increase: 0.0 MiB)
Memory usage before collect: 1623.11328125 MiB (Increase: 0.0 MiB)
Memory usage after collect: 1623.11328125 MiB (Increase: 0.0 MiB)
Memory usage before initialization: 1623.11328125 MiB (Increase: 0.0 MiB)
Memory usage after initialization: 1623.11328125 MiB (Increase: 0.0 MiB)
Current lengths of episodes: [61]
Memory usage at done (index 0, length 61, since_prev 61): 1623.11328125 MiB (Increase: 0.0 MiB)
Memory usage before reset: 1623.11328125 MiB (Increase: 0.0 MiB)
Memory usage after reset: 1623.11328125 MiB (Increase: 0.0 MiB)
Training episode 121
Memory usage at middle: 1623.11328125 MiB (Increase: 0.0 MiB)
Memory usage before collect: 1623.11328125 MiB (Increase: 0.0 MiB)
Memory usage after collect: 1623.11328125 MiB (Increase: 0.0 MiB)
Memory usage before initialization: 1623.11328125 MiB (Increase: 0.0 MiB)
Memory usage after initialization: 1623.11328125 MiB (Increase: 0.0 MiB)
Current lengths of episodes: [1600]
Memory usage at done (index 0, length 1600, since_prev 1600): 1623.11328125 MiB (Increase: 0.0 MiB)
Memory usage before reset: 1623.11328125 MiB (Increase: 0.0 MiB)
Memory usage after reset: 1623.11328125 MiB (Increase: 0.0 MiB)
Training episode 122
Memory usage at middle: 1623.11328125 MiB (Increase: 0.0 MiB)
Memory usage before collect: 1623.11328125 MiB (Increase: 0.0 MiB)
Memory usage after collect: 1623.11328125 MiB (Increase: 0.0 MiB)
Memory usage before initialization: 1623.11328125 MiB (Increase: 0.0 MiB)
Memory usage after initialization: 1623.11328125 MiB (Increase: 0.0 MiB)
Current lengths of episodes: [1600]
Memory usage at done (index 0, length 1600, since_prev 1600): 1623.11328125 MiB (Increase: 0.0 MiB)
Memory usage before reset: 1623.11328125 MiB (Increase: 0.0 MiB)
Memory usage after reset: 1623.11328125 MiB (Increase: 0.0 MiB)
Training episode 123
Memory usage at middle: 1623.11328125 MiB (Increase: 0.0 MiB)
Memory usage before collect: 1623.11328125 MiB (Increase: 0.0 MiB)
Memory usage after collect: 1623.11328125 MiB (Increase: 0.0 MiB)
Memory usage before initialization: 1623.11328125 MiB (Increase: 0.0 MiB)
Memory usage after initialization: 1623.11328125 MiB (Increase: 0.0 MiB)
Current lengths of episodes: [106]
Memory usage at done (index 0, length 106, since_prev 106): 1623.11328125 MiB (Increase: 0.0 MiB)
Memory usage before reset: 1623.11328125 MiB (Increase: 0.0 MiB)
Memory usage after reset: 1623.11328125 MiB (Increase: 0.0 MiB)
Training episode 124
Memory usage at middle: 1623.11328125 MiB (Increase: 0.0 MiB)
Memory usage before collect: 1623.11328125 MiB (Increase: 0.0 MiB)
Memory usage after collect: 1623.11328125 MiB (Increase: 0.0 MiB)
Memory usage before initialization: 1623.11328125 MiB (Increase: 0.0 MiB)
Memory usage after initialization: 1623.11328125 MiB (Increase: 0.0 MiB)
Current lengths of episodes: [1600]
Memory usage at done (index 0, length 1600, since_prev 1600): 1623.11328125 MiB (Increase: 0.0 MiB)
Memory usage before reset: 1623.11328125 MiB (Increase: 0.0 MiB)
Memory usage after reset: 1623.11328125 MiB (Increase: 0.0 MiB)
Training episode 125
Memory usage at middle: 1623.11328125 MiB (Increase: 0.0 MiB)
Memory usage before collect: 1623.11328125 MiB (Increase: 0.0 MiB)
Memory usage after collect: 1623.11328125 MiB (Increase: 0.0 MiB)
Memory usage before initialization: 1623.11328125 MiB (Increase: 0.0 MiB)
Memory usage after initialization: 1623.11328125 MiB (Increase: 0.0 MiB)
Current lengths of episodes: [71]
Memory usage at done (index 0, length 71, since_prev 71): 1623.11328125 MiB (Increase: 0.0 MiB)
Memory usage before reset: 1623.11328125 MiB (Increase: 0.0 MiB)
Memory usage after reset: 1623.11328125 MiB (Increase: 0.0 MiB)
Training episode 126
Memory usage at middle: 1623.11328125 MiB (Increase: 0.0 MiB)
Memory usage before collect: 1623.11328125 MiB (Increase: 0.0 MiB)
Memory usage after collect: 1623.11328125 MiB (Increase: 0.0 MiB)
Memory usage before initialization: 1623.11328125 MiB (Increase: 0.0 MiB)
Memory usage after initialization: 1623.11328125 MiB (Increase: 0.0 MiB)
Current lengths of episodes: [60]
Memory usage at done (index 0, length 60, since_prev 60): 1623.11328125 MiB (Increase: 0.0 MiB)
Memory usage before reset: 1623.11328125 MiB (Increase: 0.0 MiB)
Memory usage after reset: 1623.11328125 MiB (Increase: 0.0 MiB)
Training episode 127
Memory usage at middle: 1623.11328125 MiB (Increase: 0.0 MiB)
Memory usage before collect: 1623.11328125 MiB (Increase: 0.0 MiB)
Memory usage after collect: 1623.11328125 MiB (Increase: 0.0 MiB)
Memory usage before initialization: 1623.11328125 MiB (Increase: 0.0 MiB)
Memory usage after initialization: 1623.11328125 MiB (Increase: 0.0 MiB)
Current lengths of episodes: [80]
Memory usage at done (index 0, length 80, since_prev 80): 1623.11328125 MiB (Increase: 0.0 MiB)
Memory usage before reset: 1623.11328125 MiB (Increase: 0.0 MiB)
Memory usage after reset: 1623.11328125 MiB (Increase: 0.0 MiB)
Training episode 128
Memory usage at middle: 1623.11328125 MiB (Increase: 0.0 MiB)
Memory usage before collect: 1623.11328125 MiB (Increase: 0.0 MiB)
Memory usage after collect: 1623.11328125 MiB (Increase: 0.0 MiB)
Memory usage before initialization: 1623.11328125 MiB (Increase: 0.0 MiB)
Memory usage after initialization: 1623.11328125 MiB (Increase: 0.0 MiB)
Current lengths of episodes: [1600]
Memory usage at done (index 0, length 1600, since_prev 1600): 1623.11328125 MiB (Increase: 0.0 MiB)
Memory usage before reset: 1623.11328125 MiB (Increase: 0.0 MiB)
Memory usage after reset: 1623.11328125 MiB (Increase: 0.0 MiB)
Training episode 129
Memory usage at middle: 1623.11328125 MiB (Increase: 0.0 MiB)
Memory usage before collect: 1623.11328125 MiB (Increase: 0.0 MiB)
Memory usage after collect: 1623.11328125 MiB (Increase: 0.0 MiB)
Memory usage before initialization: 1623.11328125 MiB (Increase: 0.0 MiB)
Memory usage after initialization: 1623.11328125 MiB (Increase: 0.0 MiB)
Current lengths of episodes: [1600]
Memory usage at done (index 0, length 1600, since_prev 1600): 1623.11328125 MiB (Increase: 0.0 MiB)
Memory usage before reset: 1623.11328125 MiB (Increase: 0.0 MiB)
Memory usage after reset: 1623.11328125 MiB (Increase: 0.0 MiB)
Training episode 130
Memory usage at middle: 1623.11328125 MiB (Increase: 0.0 MiB)
Memory usage before collect: 1623.11328125 MiB (Increase: 0.0 MiB)
Memory usage after collect: 1623.11328125 MiB (Increase: 0.0 MiB)
Memory usage before initialization: 1623.11328125 MiB (Increase: 0.0 MiB)
Memory usage after initialization: 1623.11328125 MiB (Increase: 0.0 MiB)
Current lengths of episodes: [117]
Memory usage at done (index 0, length 117, since_prev 117): 1623.11328125 MiB (Increase: 0.0 MiB)
Memory usage before reset: 1623.11328125 MiB (Increase: 0.0 MiB)
Memory usage after reset: 1623.11328125 MiB (Increase: 0.0 MiB)
Training episode 131
Memory usage at middle: 1623.11328125 MiB (Increase: 0.0 MiB)
Memory usage before collect: 1623.11328125 MiB (Increase: 0.0 MiB)
Memory usage after collect: 1623.11328125 MiB (Increase: 0.0 MiB)
Memory usage before initialization: 1623.11328125 MiB (Increase: 0.0 MiB)
Memory usage after initialization: 1623.11328125 MiB (Increase: 0.0 MiB)
Current lengths of episodes: [325]
Memory usage at done (index 0, length 325, since_prev 325): 1623.11328125 MiB (Increase: 0.0 MiB)
Memory usage before reset: 1623.11328125 MiB (Increase: 0.0 MiB)
Memory usage after reset: 1623.11328125 MiB (Increase: 0.0 MiB)
Training episode 132
Memory usage at middle: 1623.11328125 MiB (Increase: 0.0 MiB)
Memory usage before collect: 1623.11328125 MiB (Increase: 0.0 MiB)
Memory usage after collect: 1623.11328125 MiB (Increase: 0.0 MiB)
Memory usage before initialization: 1623.11328125 MiB (Increase: 0.0 MiB)
Memory usage after initialization: 1623.11328125 MiB (Increase: 0.0 MiB)
Current lengths of episodes: [1600]
Memory usage at done (index 0, length 1600, since_prev 1600): 1623.11328125 MiB (Increase: 0.0 MiB)
Memory usage before reset: 1623.11328125 MiB (Increase: 0.0 MiB)
Memory usage after reset: 1623.11328125 MiB (Increase: 0.0 MiB)
Training episode 133
Memory usage at middle: 1623.11328125 MiB (Increase: 0.0 MiB)
Memory usage before collect: 1623.11328125 MiB (Increase: 0.0 MiB)
Memory usage after collect: 1623.11328125 MiB (Increase: 0.0 MiB)
Memory usage before initialization: 1623.11328125 MiB (Increase: 0.0 MiB)
Memory usage after initialization: 1623.11328125 MiB (Increase: 0.0 MiB)
Current lengths of episodes: [1600]
Memory usage at done (index 0, length 1600, since_prev 1600): 1623.11328125 MiB (Increase: 0.0 MiB)
Memory usage before reset: 1623.11328125 MiB (Increase: 0.0 MiB)
Memory usage after reset: 1623.11328125 MiB (Increase: 0.0 MiB)
Training episode 134
Memory usage at middle: 1623.11328125 MiB (Increase: 0.0 MiB)
Memory usage before collect: 1623.11328125 MiB (Increase: 0.0 MiB)
Memory usage after collect: 1623.11328125 MiB (Increase: 0.0 MiB)
Memory usage before initialization: 1623.11328125 MiB (Increase: 0.0 MiB)
Memory usage after initialization: 1623.11328125 MiB (Increase: 0.0 MiB)
Current lengths of episodes: [49]
Memory usage at done (index 0, length 49, since_prev 49): 1623.11328125 MiB (Increase: 0.0 MiB)
Memory usage before reset: 1623.11328125 MiB (Increase: 0.0 MiB)
Memory usage after reset: 1623.11328125 MiB (Increase: 0.0 MiB)
Training episode 135
Memory usage at middle: 1623.11328125 MiB (Increase: 0.0 MiB)
Memory usage before collect: 1623.11328125 MiB (Increase: 0.0 MiB)
Memory usage after collect: 1623.11328125 MiB (Increase: 0.0 MiB)
Memory usage before initialization: 1623.11328125 MiB (Increase: 0.0 MiB)
Memory usage after initialization: 1623.11328125 MiB (Increase: 0.0 MiB)
Current lengths of episodes: [58]
Memory usage at done (index 0, length 58, since_prev 58): 1623.11328125 MiB (Increase: 0.0 MiB)
Memory usage before reset: 1623.11328125 MiB (Increase: 0.0 MiB)
Memory usage after reset: 1623.11328125 MiB (Increase: 0.0 MiB)
Training episode 136
Memory usage at middle: 1623.11328125 MiB (Increase: 0.0 MiB)
Memory usage before collect: 1623.11328125 MiB (Increase: 0.0 MiB)
Memory usage after collect: 1623.11328125 MiB (Increase: 0.0 MiB)
Memory usage before initialization: 1623.11328125 MiB (Increase: 0.0 MiB)
Memory usage after initialization: 1623.11328125 MiB (Increase: 0.0 MiB)
Current lengths of episodes: [1600]
Memory usage at done (index 0, length 1600, since_prev 1600): 1623.11328125 MiB (Increase: 0.0 MiB)
Memory usage before reset: 1623.11328125 MiB (Increase: 0.0 MiB)
Memory usage after reset: 1623.11328125 MiB (Increase: 0.0 MiB)
Training episode 137
Memory usage at middle: 1623.11328125 MiB (Increase: 0.0 MiB)
Memory usage before collect: 1623.11328125 MiB (Increase: 0.0 MiB)
Memory usage after collect: 1623.11328125 MiB (Increase: 0.0 MiB)
Memory usage before initialization: 1623.11328125 MiB (Increase: 0.0 MiB)
Memory usage after initialization: 1623.11328125 MiB (Increase: 0.0 MiB)
Current lengths of episodes: [72]
Memory usage at done (index 0, length 72, since_prev 72): 1623.11328125 MiB (Increase: 0.0 MiB)
Memory usage before reset: 1623.11328125 MiB (Increase: 0.0 MiB)
Memory usage after reset: 1623.11328125 MiB (Increase: 0.0 MiB)
Training episode 138
Memory usage at middle: 1623.11328125 MiB (Increase: 0.0 MiB)
Memory usage before collect: 1623.11328125 MiB (Increase: 0.0 MiB)
Memory usage after collect: 1623.11328125 MiB (Increase: 0.0 MiB)
Memory usage before initialization: 1623.11328125 MiB (Increase: 0.0 MiB)
Memory usage after initialization: 1623.11328125 MiB (Increase: 0.0 MiB)
Current lengths of episodes: [60]
Memory usage at done (index 0, length 60, since_prev 60): 1623.11328125 MiB (Increase: 0.0 MiB)
Memory usage before reset: 1623.11328125 MiB (Increase: 0.0 MiB)
Memory usage after reset: 1623.11328125 MiB (Increase: 0.0 MiB)
Training episode 139
Memory usage at middle: 1623.11328125 MiB (Increase: 0.0 MiB)
Memory usage before collect: 1623.11328125 MiB (Increase: 0.0 MiB)
Memory usage after collect: 1623.11328125 MiB (Increase: 0.0 MiB)
Memory usage before initialization: 1623.11328125 MiB (Increase: 0.0 MiB)
Memory usage after initialization: 1623.11328125 MiB (Increase: 0.0 MiB)
Current lengths of episodes: [1600]
Memory usage at done (index 0, length 1600, since_prev 1600): 1623.11328125 MiB (Increase: 0.0 MiB)
Memory usage before reset: 1623.11328125 MiB (Increase: 0.0 MiB)
Memory usage after reset: 1623.11328125 MiB (Increase: 0.0 MiB)
Training episode 140
Memory usage at middle: 1623.11328125 MiB (Increase: 0.0 MiB)
Memory usage before collect: 1623.11328125 MiB (Increase: 0.0 MiB)
Memory usage after collect: 1623.11328125 MiB (Increase: 0.0 MiB)
Memory usage before initialization: 1623.11328125 MiB (Increase: 0.0 MiB)
Memory usage after initialization: 1623.11328125 MiB (Increase: 0.0 MiB)
Current lengths of episodes: [339]
Memory usage at done (index 0, length 339, since_prev 339): 1623.11328125 MiB (Increase: 0.0 MiB)
Memory usage before reset: 1623.11328125 MiB (Increase: 0.0 MiB)
Memory usage after reset: 1623.11328125 MiB (Increase: 0.0 MiB)
Training episode 141
Memory usage at middle: 1623.11328125 MiB (Increase: 0.0 MiB)
Memory usage before collect: 1623.11328125 MiB (Increase: 0.0 MiB)
Memory usage after collect: 1623.11328125 MiB (Increase: 0.0 MiB)
Memory usage before initialization: 1623.11328125 MiB (Increase: 0.0 MiB)
Memory usage after initialization: 1623.11328125 MiB (Increase: 0.0 MiB)
Current lengths of episodes: [71]
Memory usage at done (index 0, length 71, since_prev 71): 1623.11328125 MiB (Increase: 0.0 MiB)
Memory usage before reset: 1623.11328125 MiB (Increase: 0.0 MiB)
Memory usage after reset: 1623.11328125 MiB (Increase: 0.0 MiB)
Training episode 142
Memory usage at middle: 1623.11328125 MiB (Increase: 0.0 MiB)
Memory usage before collect: 1623.11328125 MiB (Increase: 0.0 MiB)
Memory usage after collect: 1623.11328125 MiB (Increase: 0.0 MiB)
Memory usage before initialization: 1623.11328125 MiB (Increase: 0.0 MiB)
Memory usage after initialization: 1623.11328125 MiB (Increase: 0.0 MiB)
Current lengths of episodes: [92]
Memory usage at done (index 0, length 92, since_prev 92): 1623.11328125 MiB (Increase: 0.0 MiB)
Memory usage before reset: 1623.11328125 MiB (Increase: 0.0 MiB)
Memory usage after reset: 1623.11328125 MiB (Increase: 0.0 MiB)
Training episode 143
Memory usage at middle: 1623.11328125 MiB (Increase: 0.0 MiB)
Memory usage before collect: 1623.11328125 MiB (Increase: 0.0 MiB)
Memory usage after collect: 1623.11328125 MiB (Increase: 0.0 MiB)
Memory usage before initialization: 1623.11328125 MiB (Increase: 0.0 MiB)
Memory usage after initialization: 1623.11328125 MiB (Increase: 0.0 MiB)
Current lengths of episodes: [1600]
Memory usage at done (index 0, length 1600, since_prev 1600): 1623.11328125 MiB (Increase: 0.0 MiB)
Memory usage before reset: 1623.11328125 MiB (Increase: 0.0 MiB)
Memory usage after reset: 1623.11328125 MiB (Increase: 0.0 MiB)
Training episode 144
Memory usage at middle: 1623.11328125 MiB (Increase: 0.0 MiB)
Memory usage before collect: 1623.11328125 MiB (Increase: 0.0 MiB)
Memory usage after collect: 1623.11328125 MiB (Increase: 0.0 MiB)
Memory usage before initialization: 1623.11328125 MiB (Increase: 0.0 MiB)
Memory usage after initialization: 1623.11328125 MiB (Increase: 0.0 MiB)
Current lengths of episodes: [1600]
Memory usage at done (index 0, length 1600, since_prev 1600): 1623.11328125 MiB (Increase: 0.0 MiB)
Memory usage before reset: 1623.11328125 MiB (Increase: 0.0 MiB)
Memory usage after reset: 1623.11328125 MiB (Increase: 0.0 MiB)
Training episode 145
Memory usage at middle: 1623.11328125 MiB (Increase: 0.0 MiB)
Memory usage before collect: 1623.11328125 MiB (Increase: 0.0 MiB)
Memory usage after collect: 1623.11328125 MiB (Increase: 0.0 MiB)
Memory usage before initialization: 1623.11328125 MiB (Increase: 0.0 MiB)
Memory usage after initialization: 1623.11328125 MiB (Increase: 0.0 MiB)
Current lengths of episodes: [1600]
Memory usage at done (index 0, length 1600, since_prev 1600): 1623.11328125 MiB (Increase: 0.0 MiB)
Memory usage before reset: 1623.11328125 MiB (Increase: 0.0 MiB)
Memory usage after reset: 1623.11328125 MiB (Increase: 0.0 MiB)
Training episode 146
Memory usage at middle: 1623.11328125 MiB (Increase: 0.0 MiB)
Memory usage before collect: 1623.11328125 MiB (Increase: 0.0 MiB)
Memory usage after collect: 1623.11328125 MiB (Increase: 0.0 MiB)
Memory usage before initialization: 1623.11328125 MiB (Increase: 0.0 MiB)
Memory usage after initialization: 1623.11328125 MiB (Increase: 0.0 MiB)
Current lengths of episodes: [81]
Memory usage at done (index 0, length 81, since_prev 81): 1623.11328125 MiB (Increase: 0.0 MiB)
Memory usage before reset: 1623.11328125 MiB (Increase: 0.0 MiB)
Memory usage after reset: 1623.11328125 MiB (Increase: 0.0 MiB)
Training episode 147
Memory usage at middle: 1623.11328125 MiB (Increase: 0.0 MiB)
Memory usage before collect: 1623.11328125 MiB (Increase: 0.0 MiB)
Memory usage after collect: 1623.11328125 MiB (Increase: 0.0 MiB)
Memory usage before initialization: 1623.11328125 MiB (Increase: 0.0 MiB)
Memory usage after initialization: 1623.11328125 MiB (Increase: 0.0 MiB)
Current lengths of episodes: [1600]
Memory usage at done (index 0, length 1600, since_prev 1600): 1623.11328125 MiB (Increase: 0.0 MiB)
Memory usage before reset: 1623.11328125 MiB (Increase: 0.0 MiB)
Memory usage after reset: 1623.11328125 MiB (Increase: 0.0 MiB)
Training episode 148
Memory usage at middle: 1623.11328125 MiB (Increase: 0.0 MiB)
Memory usage before collect: 1623.11328125 MiB (Increase: 0.0 MiB)
Memory usage after collect: 1623.11328125 MiB (Increase: 0.0 MiB)
Memory usage before initialization: 1623.11328125 MiB (Increase: 0.0 MiB)
Memory usage after initialization: 1623.11328125 MiB (Increase: 0.0 MiB)
Current lengths of episodes: [102]
Memory usage at done (index 0, length 102, since_prev 102): 1623.11328125 MiB (Increase: 0.0 MiB)
Memory usage before reset: 1623.11328125 MiB (Increase: 0.0 MiB)
Memory usage after reset: 1623.11328125 MiB (Increase: 0.0 MiB)
Training episode 149
Memory usage at middle: 1623.11328125 MiB (Increase: 0.0 MiB)
Memory usage before collect: 1623.11328125 MiB (Increase: 0.0 MiB)
Memory usage after collect: 1623.11328125 MiB (Increase: 0.0 MiB)
Memory usage before initialization: 1623.11328125 MiB (Increase: 0.0 MiB)
Memory usage after initialization: 1623.11328125 MiB (Increase: 0.0 MiB)
Current lengths of episodes: [83]
Memory usage at done (index 0, length 83, since_prev 83): 1623.11328125 MiB (Increase: 0.0 MiB)
Memory usage before reset: 1623.11328125 MiB (Increase: 0.0 MiB)
Memory usage after reset: 1623.11328125 MiB (Increase: 0.0 MiB)
Training episode 150
Memory usage at middle: 1623.11328125 MiB (Increase: 0.0 MiB)
Memory usage before collect: 1623.11328125 MiB (Increase: 0.0 MiB)
Memory usage after collect: 1623.11328125 MiB (Increase: 0.0 MiB)
Episode 150	Average evaluation: -25.525010497207578
Memory usage before initialization: 1623.11328125 MiB (Increase: 0.0 MiB)
Memory usage after initialization: 1623.11328125 MiB (Increase: 0.0 MiB)
Current lengths of episodes: [1600]
Memory usage at done (index 0, length 1600, since_prev 1600): 1623.11328125 MiB (Increase: 0.0 MiB)
Memory usage before reset: 1623.11328125 MiB (Increase: 0.0 MiB)
Memory usage after reset: 1623.11328125 MiB (Increase: 0.0 MiB)
Training episode 151
Memory usage at middle: 1623.11328125 MiB (Increase: 0.0 MiB)
Memory usage before collect: 1623.11328125 MiB (Increase: 0.0 MiB)
Memory usage after collect: 1623.11328125 MiB (Increase: 0.0 MiB)
Memory usage before initialization: 1623.11328125 MiB (Increase: 0.0 MiB)
Memory usage after initialization: 1623.11328125 MiB (Increase: 0.0 MiB)
Current lengths of episodes: [1600]
Memory usage at done (index 0, length 1600, since_prev 1600): 1623.11328125 MiB (Increase: 0.0 MiB)
Memory usage before reset: 1623.11328125 MiB (Increase: 0.0 MiB)
Memory usage after reset: 1623.11328125 MiB (Increase: 0.0 MiB)
Training episode 152
Memory usage at middle: 1623.11328125 MiB (Increase: 0.0 MiB)
Memory usage before collect: 1623.11328125 MiB (Increase: 0.0 MiB)
Memory usage after collect: 1623.11328125 MiB (Increase: 0.0 MiB)
Memory usage before initialization: 1623.11328125 MiB (Increase: 0.0 MiB)
Memory usage after initialization: 1623.11328125 MiB (Increase: 0.0 MiB)
Current lengths of episodes: [1600]
Memory usage at done (index 0, length 1600, since_prev 1600): 1623.11328125 MiB (Increase: 0.0 MiB)
Memory usage before reset: 1623.11328125 MiB (Increase: 0.0 MiB)
Memory usage after reset: 1623.11328125 MiB (Increase: 0.0 MiB)
Training episode 153
Memory usage at middle: 1623.11328125 MiB (Increase: 0.0 MiB)
Memory usage before collect: 1623.11328125 MiB (Increase: 0.0 MiB)
Memory usage after collect: 1623.11328125 MiB (Increase: 0.0 MiB)
Memory usage before initialization: 1623.11328125 MiB (Increase: 0.0 MiB)
Memory usage after initialization: 1623.11328125 MiB (Increase: 0.0 MiB)
Current lengths of episodes: [1600]
Memory usage at done (index 0, length 1600, since_prev 1600): 1623.11328125 MiB (Increase: 0.0 MiB)
Memory usage before reset: 1623.11328125 MiB (Increase: 0.0 MiB)
Memory usage after reset: 1623.11328125 MiB (Increase: 0.0 MiB)
Training episode 154
Memory usage at middle: 1623.11328125 MiB (Increase: 0.0 MiB)
Memory usage before collect: 1623.11328125 MiB (Increase: 0.0 MiB)
Memory usage after collect: 1623.11328125 MiB (Increase: 0.0 MiB)
Memory usage before initialization: 1623.11328125 MiB (Increase: 0.0 MiB)
Memory usage after initialization: 1623.11328125 MiB (Increase: 0.0 MiB)
Current lengths of episodes: [1600]
Memory usage at done (index 0, length 1600, since_prev 1600): 1623.11328125 MiB (Increase: 0.0 MiB)
Memory usage before reset: 1623.11328125 MiB (Increase: 0.0 MiB)
Memory usage after reset: 1623.11328125 MiB (Increase: 0.0 MiB)
Training episode 155
Memory usage at middle: 1623.11328125 MiB (Increase: 0.0 MiB)
Memory usage before collect: 1623.11328125 MiB (Increase: 0.0 MiB)
Memory usage after collect: 1623.11328125 MiB (Increase: 0.0 MiB)
Memory usage before initialization: 1623.11328125 MiB (Increase: 0.0 MiB)
Memory usage after initialization: 1623.11328125 MiB (Increase: 0.0 MiB)
Current lengths of episodes: [1600]
Memory usage at done (index 0, length 1600, since_prev 1600): 1623.11328125 MiB (Increase: 0.0 MiB)
Memory usage before reset: 1623.11328125 MiB (Increase: 0.0 MiB)
Memory usage after reset: 1623.11328125 MiB (Increase: 0.0 MiB)
Training episode 156
Memory usage at middle: 1623.11328125 MiB (Increase: 0.0 MiB)
Memory usage before collect: 1623.11328125 MiB (Increase: 0.0 MiB)
Memory usage after collect: 1623.11328125 MiB (Increase: 0.0 MiB)
Memory usage before initialization: 1623.11328125 MiB (Increase: 0.0 MiB)
Memory usage after initialization: 1623.11328125 MiB (Increase: 0.0 MiB)
Current lengths of episodes: [1600]
Memory usage at done (index 0, length 1600, since_prev 1600): 1623.11328125 MiB (Increase: 0.0 MiB)
Memory usage before reset: 1623.11328125 MiB (Increase: 0.0 MiB)
Memory usage after reset: 1623.11328125 MiB (Increase: 0.0 MiB)
Training episode 157
Memory usage at middle: 1623.11328125 MiB (Increase: 0.0 MiB)
Memory usage before collect: 1623.11328125 MiB (Increase: 0.0 MiB)
Memory usage after collect: 1623.11328125 MiB (Increase: 0.0 MiB)
Memory usage before initialization: 1623.11328125 MiB (Increase: 0.0 MiB)
Memory usage after initialization: 1623.11328125 MiB (Increase: 0.0 MiB)
Current lengths of episodes: [1600]
Memory usage at done (index 0, length 1600, since_prev 1600): 1623.11328125 MiB (Increase: 0.0 MiB)
Memory usage before reset: 1623.11328125 MiB (Increase: 0.0 MiB)
Memory usage after reset: 1623.11328125 MiB (Increase: 0.0 MiB)
Training episode 158
Memory usage at middle: 1623.11328125 MiB (Increase: 0.0 MiB)
Memory usage before collect: 1623.11328125 MiB (Increase: 0.0 MiB)
Memory usage after collect: 1623.11328125 MiB (Increase: 0.0 MiB)
Memory usage before initialization: 1623.11328125 MiB (Increase: 0.0 MiB)
Memory usage after initialization: 1623.11328125 MiB (Increase: 0.0 MiB)
Current lengths of episodes: [94]
Memory usage at done (index 0, length 94, since_prev 94): 1623.11328125 MiB (Increase: 0.0 MiB)
Memory usage before reset: 1623.11328125 MiB (Increase: 0.0 MiB)
Memory usage after reset: 1623.11328125 MiB (Increase: 0.0 MiB)
Training episode 159
Memory usage at middle: 1623.11328125 MiB (Increase: 0.0 MiB)
Memory usage before collect: 1623.11328125 MiB (Increase: 0.0 MiB)
Memory usage after collect: 1623.11328125 MiB (Increase: 0.0 MiB)
Memory usage before initialization: 1623.11328125 MiB (Increase: 0.0 MiB)
Memory usage after initialization: 1623.11328125 MiB (Increase: 0.0 MiB)
Current lengths of episodes: [103]
Memory usage at done (index 0, length 103, since_prev 103): 1623.11328125 MiB (Increase: 0.0 MiB)
Memory usage before reset: 1623.11328125 MiB (Increase: 0.0 MiB)
Memory usage after reset: 1623.11328125 MiB (Increase: 0.0 MiB)
Training episode 160
Memory usage at middle: 1623.11328125 MiB (Increase: 0.0 MiB)
Memory usage before collect: 1623.11328125 MiB (Increase: 0.0 MiB)
Memory usage after collect: 1623.11328125 MiB (Increase: 0.0 MiB)
Memory usage before initialization: 1623.11328125 MiB (Increase: 0.0 MiB)
Memory usage after initialization: 1623.11328125 MiB (Increase: 0.0 MiB)
Current lengths of episodes: [1600]
Memory usage at done (index 0, length 1600, since_prev 1600): 1623.11328125 MiB (Increase: 0.0 MiB)
Memory usage before reset: 1623.11328125 MiB (Increase: 0.0 MiB)
Memory usage after reset: 1623.11328125 MiB (Increase: 0.0 MiB)
Training episode 161
Memory usage at middle: 1623.11328125 MiB (Increase: 0.0 MiB)
Memory usage before collect: 1623.11328125 MiB (Increase: 0.0 MiB)
Memory usage after collect: 1623.11328125 MiB (Increase: 0.0 MiB)
Memory usage before initialization: 1623.11328125 MiB (Increase: 0.0 MiB)
Memory usage after initialization: 1623.11328125 MiB (Increase: 0.0 MiB)
Current lengths of episodes: [1600]
Memory usage at done (index 0, length 1600, since_prev 1600): 1623.11328125 MiB (Increase: 0.0 MiB)
Memory usage before reset: 1623.11328125 MiB (Increase: 0.0 MiB)
Memory usage after reset: 1623.11328125 MiB (Increase: 0.0 MiB)
Training episode 162
Memory usage at middle: 1623.11328125 MiB (Increase: 0.0 MiB)
Memory usage before collect: 1623.11328125 MiB (Increase: 0.0 MiB)
Memory usage after collect: 1623.11328125 MiB (Increase: 0.0 MiB)
Memory usage before initialization: 1623.11328125 MiB (Increase: 0.0 MiB)
Memory usage after initialization: 1623.11328125 MiB (Increase: 0.0 MiB)
Current lengths of episodes: [74]
Memory usage at done (index 0, length 74, since_prev 74): 1623.11328125 MiB (Increase: 0.0 MiB)
Memory usage before reset: 1623.11328125 MiB (Increase: 0.0 MiB)
Memory usage after reset: 1623.11328125 MiB (Increase: 0.0 MiB)
Training episode 163
Memory usage at middle: 1623.11328125 MiB (Increase: 0.0 MiB)
Memory usage before collect: 1623.11328125 MiB (Increase: 0.0 MiB)
Memory usage after collect: 1623.11328125 MiB (Increase: 0.0 MiB)
Memory usage before initialization: 1623.11328125 MiB (Increase: 0.0 MiB)
Memory usage after initialization: 1623.11328125 MiB (Increase: 0.0 MiB)
Current lengths of episodes: [90]
Memory usage at done (index 0, length 90, since_prev 90): 1623.11328125 MiB (Increase: 0.0 MiB)
Memory usage before reset: 1623.11328125 MiB (Increase: 0.0 MiB)
Memory usage after reset: 1623.11328125 MiB (Increase: 0.0 MiB)
Training episode 164
Memory usage at middle: 1623.11328125 MiB (Increase: 0.0 MiB)
Memory usage before collect: 1623.11328125 MiB (Increase: 0.0 MiB)
Memory usage after collect: 1623.11328125 MiB (Increase: 0.0 MiB)
Memory usage before initialization: 1623.11328125 MiB (Increase: 0.0 MiB)
Memory usage after initialization: 1623.11328125 MiB (Increase: 0.0 MiB)
Current lengths of episodes: [1600]
Memory usage at done (index 0, length 1600, since_prev 1600): 1623.11328125 MiB (Increase: 0.0 MiB)
Memory usage before reset: 1623.11328125 MiB (Increase: 0.0 MiB)
Memory usage after reset: 1623.11328125 MiB (Increase: 0.0 MiB)
Training episode 165
Memory usage at middle: 1623.11328125 MiB (Increase: 0.0 MiB)
Memory usage before collect: 1623.11328125 MiB (Increase: 0.0 MiB)
Memory usage after collect: 1623.11328125 MiB (Increase: 0.0 MiB)
Memory usage before initialization: 1623.11328125 MiB (Increase: 0.0 MiB)
Memory usage after initialization: 1623.11328125 MiB (Increase: 0.0 MiB)
Current lengths of episodes: [1600]
Memory usage at done (index 0, length 1600, since_prev 1600): 1623.11328125 MiB (Increase: 0.0 MiB)
Memory usage before reset: 1623.11328125 MiB (Increase: 0.0 MiB)
Memory usage after reset: 1623.11328125 MiB (Increase: 0.0 MiB)
Training episode 166
Memory usage at middle: 1623.11328125 MiB (Increase: 0.0 MiB)
Memory usage before collect: 1623.11328125 MiB (Increase: 0.0 MiB)
Memory usage after collect: 1623.11328125 MiB (Increase: 0.0 MiB)
Memory usage before initialization: 1623.11328125 MiB (Increase: 0.0 MiB)
Memory usage after initialization: 1623.11328125 MiB (Increase: 0.0 MiB)
Current lengths of episodes: [1600]
Memory usage at done (index 0, length 1600, since_prev 1600): 1623.11328125 MiB (Increase: 0.0 MiB)
Memory usage before reset: 1623.11328125 MiB (Increase: 0.0 MiB)
Memory usage after reset: 1623.11328125 MiB (Increase: 0.0 MiB)
Training episode 167
Memory usage at middle: 1623.11328125 MiB (Increase: 0.0 MiB)
Memory usage before collect: 1623.11328125 MiB (Increase: 0.0 MiB)
Memory usage after collect: 1623.11328125 MiB (Increase: 0.0 MiB)
Memory usage before initialization: 1623.11328125 MiB (Increase: 0.0 MiB)
Memory usage after initialization: 1623.11328125 MiB (Increase: 0.0 MiB)
Current lengths of episodes: [57]
Memory usage at done (index 0, length 57, since_prev 57): 1623.11328125 MiB (Increase: 0.0 MiB)
Memory usage before reset: 1623.11328125 MiB (Increase: 0.0 MiB)
Memory usage after reset: 1623.11328125 MiB (Increase: 0.0 MiB)
Training episode 168
Memory usage at middle: 1623.11328125 MiB (Increase: 0.0 MiB)
Memory usage before collect: 1623.11328125 MiB (Increase: 0.0 MiB)
Memory usage after collect: 1623.11328125 MiB (Increase: 0.0 MiB)
Memory usage before initialization: 1623.11328125 MiB (Increase: 0.0 MiB)
Memory usage after initialization: 1623.11328125 MiB (Increase: 0.0 MiB)
Current lengths of episodes: [1600]
Memory usage at done (index 0, length 1600, since_prev 1600): 1623.11328125 MiB (Increase: 0.0 MiB)
Memory usage before reset: 1623.11328125 MiB (Increase: 0.0 MiB)
Memory usage after reset: 1623.11328125 MiB (Increase: 0.0 MiB)
Training episode 169
Memory usage at middle: 1623.11328125 MiB (Increase: 0.0 MiB)
Memory usage before collect: 1623.11328125 MiB (Increase: 0.0 MiB)
Memory usage after collect: 1623.11328125 MiB (Increase: 0.0 MiB)
Memory usage before initialization: 1623.11328125 MiB (Increase: 0.0 MiB)
Memory usage after initialization: 1623.11328125 MiB (Increase: 0.0 MiB)
Current lengths of episodes: [85]
Memory usage at done (index 0, length 85, since_prev 85): 1623.11328125 MiB (Increase: 0.0 MiB)
Memory usage before reset: 1623.11328125 MiB (Increase: 0.0 MiB)
Memory usage after reset: 1623.11328125 MiB (Increase: 0.0 MiB)
Training episode 170
Memory usage at middle: 1623.11328125 MiB (Increase: 0.0 MiB)
Memory usage before collect: 1623.11328125 MiB (Increase: 0.0 MiB)
Memory usage after collect: 1623.11328125 MiB (Increase: 0.0 MiB)
Memory usage before initialization: 1623.11328125 MiB (Increase: 0.0 MiB)
Memory usage after initialization: 1623.11328125 MiB (Increase: 0.0 MiB)
Current lengths of episodes: [78]
Memory usage at done (index 0, length 78, since_prev 78): 1623.11328125 MiB (Increase: 0.0 MiB)
Memory usage before reset: 1623.11328125 MiB (Increase: 0.0 MiB)
Memory usage after reset: 1623.11328125 MiB (Increase: 0.0 MiB)
Training episode 171
Memory usage at middle: 1623.11328125 MiB (Increase: 0.0 MiB)
Memory usage before collect: 1623.11328125 MiB (Increase: 0.0 MiB)
Memory usage after collect: 1623.11328125 MiB (Increase: 0.0 MiB)
Memory usage before initialization: 1623.11328125 MiB (Increase: 0.0 MiB)
Memory usage after initialization: 1623.11328125 MiB (Increase: 0.0 MiB)
Current lengths of episodes: [1600]
Memory usage at done (index 0, length 1600, since_prev 1600): 1623.11328125 MiB (Increase: 0.0 MiB)
Memory usage before reset: 1623.11328125 MiB (Increase: 0.0 MiB)
Memory usage after reset: 1623.11328125 MiB (Increase: 0.0 MiB)
Training episode 172
Memory usage at middle: 1623.11328125 MiB (Increase: 0.0 MiB)
Memory usage before collect: 1623.11328125 MiB (Increase: 0.0 MiB)
Memory usage after collect: 1623.11328125 MiB (Increase: 0.0 MiB)
Memory usage before initialization: 1623.11328125 MiB (Increase: 0.0 MiB)
Memory usage after initialization: 1623.11328125 MiB (Increase: 0.0 MiB)
Current lengths of episodes: [1600]
Memory usage at done (index 0, length 1600, since_prev 1600): 1623.11328125 MiB (Increase: 0.0 MiB)
Memory usage before reset: 1623.11328125 MiB (Increase: 0.0 MiB)
Memory usage after reset: 1623.11328125 MiB (Increase: 0.0 MiB)
Training episode 173
Memory usage at middle: 1623.11328125 MiB (Increase: 0.0 MiB)
Memory usage before collect: 1623.11328125 MiB (Increase: 0.0 MiB)
Memory usage after collect: 1623.11328125 MiB (Increase: 0.0 MiB)
Memory usage before initialization: 1623.11328125 MiB (Increase: 0.0 MiB)
Memory usage after initialization: 1623.11328125 MiB (Increase: 0.0 MiB)
Current lengths of episodes: [94]
Memory usage at done (index 0, length 94, since_prev 94): 1623.11328125 MiB (Increase: 0.0 MiB)
Memory usage before reset: 1623.11328125 MiB (Increase: 0.0 MiB)
Memory usage after reset: 1623.11328125 MiB (Increase: 0.0 MiB)
Training episode 174
Memory usage at middle: 1623.11328125 MiB (Increase: 0.0 MiB)
Memory usage before collect: 1623.11328125 MiB (Increase: 0.0 MiB)
Memory usage after collect: 1623.11328125 MiB (Increase: 0.0 MiB)
Memory usage before initialization: 1623.11328125 MiB (Increase: 0.0 MiB)
Memory usage after initialization: 1623.11328125 MiB (Increase: 0.0 MiB)
Current lengths of episodes: [56]
Memory usage at done (index 0, length 56, since_prev 56): 1623.11328125 MiB (Increase: 0.0 MiB)
Memory usage before reset: 1623.11328125 MiB (Increase: 0.0 MiB)
Memory usage after reset: 1623.11328125 MiB (Increase: 0.0 MiB)
Training episode 175
Memory usage at middle: 1623.11328125 MiB (Increase: 0.0 MiB)
Memory usage before collect: 1623.11328125 MiB (Increase: 0.0 MiB)
Memory usage after collect: 1623.11328125 MiB (Increase: 0.0 MiB)
Memory usage before initialization: 1623.11328125 MiB (Increase: 0.0 MiB)
Memory usage after initialization: 1623.11328125 MiB (Increase: 0.0 MiB)
Current lengths of episodes: [1600]
Memory usage at done (index 0, length 1600, since_prev 1600): 1623.11328125 MiB (Increase: 0.0 MiB)
Memory usage before reset: 1623.11328125 MiB (Increase: 0.0 MiB)
Memory usage after reset: 1623.11328125 MiB (Increase: 0.0 MiB)
Training episode 176
Memory usage at middle: 1623.11328125 MiB (Increase: 0.0 MiB)
Memory usage before collect: 1623.11328125 MiB (Increase: 0.0 MiB)
Memory usage after collect: 1623.11328125 MiB (Increase: 0.0 MiB)
Memory usage before initialization: 1623.11328125 MiB (Increase: 0.0 MiB)
Memory usage after initialization: 1623.11328125 MiB (Increase: 0.0 MiB)
Current lengths of episodes: [1600]
Memory usage at done (index 0, length 1600, since_prev 1600): 1623.11328125 MiB (Increase: 0.0 MiB)
Memory usage before reset: 1623.11328125 MiB (Increase: 0.0 MiB)
Memory usage after reset: 1623.11328125 MiB (Increase: 0.0 MiB)
Training episode 177
Memory usage at middle: 1623.11328125 MiB (Increase: 0.0 MiB)
Memory usage before collect: 1623.11328125 MiB (Increase: 0.0 MiB)
Memory usage after collect: 1623.11328125 MiB (Increase: 0.0 MiB)
Memory usage before initialization: 1623.11328125 MiB (Increase: 0.0 MiB)
Memory usage after initialization: 1623.11328125 MiB (Increase: 0.0 MiB)
Current lengths of episodes: [1600]
Memory usage at done (index 0, length 1600, since_prev 1600): 1623.11328125 MiB (Increase: 0.0 MiB)
Memory usage before reset: 1623.11328125 MiB (Increase: 0.0 MiB)
Memory usage after reset: 1623.11328125 MiB (Increase: 0.0 MiB)
Training episode 178
Memory usage at middle: 1623.11328125 MiB (Increase: 0.0 MiB)
Memory usage before collect: 1623.11328125 MiB (Increase: 0.0 MiB)
Memory usage after collect: 1623.11328125 MiB (Increase: 0.0 MiB)
Memory usage before initialization: 1623.11328125 MiB (Increase: 0.0 MiB)
Memory usage after initialization: 1623.11328125 MiB (Increase: 0.0 MiB)
Current lengths of episodes: [60]
Memory usage at done (index 0, length 60, since_prev 60): 1623.11328125 MiB (Increase: 0.0 MiB)
Memory usage before reset: 1623.11328125 MiB (Increase: 0.0 MiB)
Memory usage after reset: 1623.11328125 MiB (Increase: 0.0 MiB)
Training episode 179
Memory usage at middle: 1623.11328125 MiB (Increase: 0.0 MiB)
Memory usage before collect: 1623.11328125 MiB (Increase: 0.0 MiB)
Memory usage after collect: 1623.11328125 MiB (Increase: 0.0 MiB)
Memory usage before initialization: 1623.11328125 MiB (Increase: 0.0 MiB)
Memory usage after initialization: 1623.11328125 MiB (Increase: 0.0 MiB)
Current lengths of episodes: [1600]
Memory usage at done (index 0, length 1600, since_prev 1600): 1623.11328125 MiB (Increase: 0.0 MiB)
Memory usage before reset: 1623.11328125 MiB (Increase: 0.0 MiB)
Memory usage after reset: 1623.11328125 MiB (Increase: 0.0 MiB)
Training episode 180
Memory usage at middle: 1623.11328125 MiB (Increase: 0.0 MiB)
Memory usage before collect: 1623.11328125 MiB (Increase: 0.0 MiB)
Memory usage after collect: 1623.11328125 MiB (Increase: 0.0 MiB)
Memory usage before initialization: 1623.11328125 MiB (Increase: 0.0 MiB)
Memory usage after initialization: 1623.11328125 MiB (Increase: 0.0 MiB)
Current lengths of episodes: [1600]
Memory usage at done (index 0, length 1600, since_prev 1600): 1623.11328125 MiB (Increase: 0.0 MiB)
Memory usage before reset: 1623.11328125 MiB (Increase: 0.0 MiB)
Memory usage after reset: 1623.11328125 MiB (Increase: 0.0 MiB)
Training episode 181
Memory usage at middle: 1623.11328125 MiB (Increase: 0.0 MiB)
Memory usage before collect: 1623.11328125 MiB (Increase: 0.0 MiB)
Memory usage after collect: 1623.11328125 MiB (Increase: 0.0 MiB)
Memory usage before initialization: 1623.11328125 MiB (Increase: 0.0 MiB)
Memory usage after initialization: 1623.11328125 MiB (Increase: 0.0 MiB)
Current lengths of episodes: [1600]
Memory usage at done (index 0, length 1600, since_prev 1600): 1623.11328125 MiB (Increase: 0.0 MiB)
Memory usage before reset: 1623.11328125 MiB (Increase: 0.0 MiB)
Memory usage after reset: 1623.11328125 MiB (Increase: 0.0 MiB)
Training episode 182
Memory usage at middle: 1623.11328125 MiB (Increase: 0.0 MiB)
Memory usage before collect: 1623.11328125 MiB (Increase: 0.0 MiB)
Memory usage after collect: 1623.11328125 MiB (Increase: 0.0 MiB)
Memory usage before initialization: 1623.11328125 MiB (Increase: 0.0 MiB)
Memory usage after initialization: 1623.11328125 MiB (Increase: 0.0 MiB)
Current lengths of episodes: [74]
Memory usage at done (index 0, length 74, since_prev 74): 1623.11328125 MiB (Increase: 0.0 MiB)
Memory usage before reset: 1623.11328125 MiB (Increase: 0.0 MiB)
Memory usage after reset: 1623.11328125 MiB (Increase: 0.0 MiB)
Training episode 183
Memory usage at middle: 1623.11328125 MiB (Increase: 0.0 MiB)
Memory usage before collect: 1623.11328125 MiB (Increase: 0.0 MiB)
Memory usage after collect: 1623.11328125 MiB (Increase: 0.0 MiB)
Memory usage before initialization: 1623.11328125 MiB (Increase: 0.0 MiB)
Memory usage after initialization: 1623.11328125 MiB (Increase: 0.0 MiB)
Current lengths of episodes: [1600]
Memory usage at done (index 0, length 1600, since_prev 1600): 1623.11328125 MiB (Increase: 0.0 MiB)
Memory usage before reset: 1623.11328125 MiB (Increase: 0.0 MiB)
Memory usage after reset: 1623.11328125 MiB (Increase: 0.0 MiB)
Training episode 184
Memory usage at middle: 1623.11328125 MiB (Increase: 0.0 MiB)
Memory usage before collect: 1623.11328125 MiB (Increase: 0.0 MiB)
Memory usage after collect: 1623.11328125 MiB (Increase: 0.0 MiB)
Memory usage before initialization: 1623.11328125 MiB (Increase: 0.0 MiB)
Memory usage after initialization: 1623.11328125 MiB (Increase: 0.0 MiB)
Current lengths of episodes: [109]
Memory usage at done (index 0, length 109, since_prev 109): 1623.11328125 MiB (Increase: 0.0 MiB)
Memory usage before reset: 1623.11328125 MiB (Increase: 0.0 MiB)
Memory usage after reset: 1623.11328125 MiB (Increase: 0.0 MiB)
Training episode 185
Memory usage at middle: 1623.11328125 MiB (Increase: 0.0 MiB)
Memory usage before collect: 1623.11328125 MiB (Increase: 0.0 MiB)
Memory usage after collect: 1623.11328125 MiB (Increase: 0.0 MiB)
Memory usage before initialization: 1623.11328125 MiB (Increase: 0.0 MiB)
Memory usage after initialization: 1623.11328125 MiB (Increase: 0.0 MiB)
Current lengths of episodes: [1600]
Memory usage at done (index 0, length 1600, since_prev 1600): 1623.11328125 MiB (Increase: 0.0 MiB)
Memory usage before reset: 1623.11328125 MiB (Increase: 0.0 MiB)
Memory usage after reset: 1623.11328125 MiB (Increase: 0.0 MiB)
Training episode 186
Memory usage at middle: 1623.11328125 MiB (Increase: 0.0 MiB)
Memory usage before collect: 1623.11328125 MiB (Increase: 0.0 MiB)
Memory usage after collect: 1623.11328125 MiB (Increase: 0.0 MiB)
Memory usage before initialization: 1623.11328125 MiB (Increase: 0.0 MiB)
Memory usage after initialization: 1623.11328125 MiB (Increase: 0.0 MiB)
Current lengths of episodes: [56]
Memory usage at done (index 0, length 56, since_prev 56): 1623.11328125 MiB (Increase: 0.0 MiB)
Memory usage before reset: 1623.11328125 MiB (Increase: 0.0 MiB)
Memory usage after reset: 1623.11328125 MiB (Increase: 0.0 MiB)
Training episode 187
Memory usage at middle: 1623.11328125 MiB (Increase: 0.0 MiB)
Memory usage before collect: 1623.11328125 MiB (Increase: 0.0 MiB)
Memory usage after collect: 1623.11328125 MiB (Increase: 0.0 MiB)
Memory usage before initialization: 1623.11328125 MiB (Increase: 0.0 MiB)
Memory usage after initialization: 1623.11328125 MiB (Increase: 0.0 MiB)
Current lengths of episodes: [1600]
Memory usage at done (index 0, length 1600, since_prev 1600): 1623.11328125 MiB (Increase: 0.0 MiB)
Memory usage before reset: 1623.11328125 MiB (Increase: 0.0 MiB)
Memory usage after reset: 1623.11328125 MiB (Increase: 0.0 MiB)
Training episode 188
Memory usage at middle: 1623.11328125 MiB (Increase: 0.0 MiB)
Memory usage before collect: 1623.11328125 MiB (Increase: 0.0 MiB)
Memory usage after collect: 1623.11328125 MiB (Increase: 0.0 MiB)
Memory usage before initialization: 1623.11328125 MiB (Increase: 0.0 MiB)
Memory usage after initialization: 1623.11328125 MiB (Increase: 0.0 MiB)
Current lengths of episodes: [88]
Memory usage at done (index 0, length 88, since_prev 88): 1623.11328125 MiB (Increase: 0.0 MiB)
Memory usage before reset: 1623.11328125 MiB (Increase: 0.0 MiB)
Memory usage after reset: 1623.11328125 MiB (Increase: 0.0 MiB)
Training episode 189
Memory usage at middle: 1623.11328125 MiB (Increase: 0.0 MiB)
Memory usage before collect: 1623.11328125 MiB (Increase: 0.0 MiB)
Memory usage after collect: 1623.11328125 MiB (Increase: 0.0 MiB)
Memory usage before initialization: 1623.11328125 MiB (Increase: 0.0 MiB)
Memory usage after initialization: 1623.11328125 MiB (Increase: 0.0 MiB)
Current lengths of episodes: [1600]
Memory usage at done (index 0, length 1600, since_prev 1600): 1623.11328125 MiB (Increase: 0.0 MiB)
Memory usage before reset: 1623.11328125 MiB (Increase: 0.0 MiB)
Memory usage after reset: 1623.11328125 MiB (Increase: 0.0 MiB)
Training episode 190
Memory usage at middle: 1623.11328125 MiB (Increase: 0.0 MiB)
Memory usage before collect: 1623.11328125 MiB (Increase: 0.0 MiB)
Memory usage after collect: 1623.11328125 MiB (Increase: 0.0 MiB)
Memory usage before initialization: 1623.11328125 MiB (Increase: 0.0 MiB)
Memory usage after initialization: 1623.11328125 MiB (Increase: 0.0 MiB)
Current lengths of episodes: [60]
Memory usage at done (index 0, length 60, since_prev 60): 1623.11328125 MiB (Increase: 0.0 MiB)
Memory usage before reset: 1623.11328125 MiB (Increase: 0.0 MiB)
Memory usage after reset: 1623.11328125 MiB (Increase: 0.0 MiB)
Training episode 191
Memory usage at middle: 1623.11328125 MiB (Increase: 0.0 MiB)
Memory usage before collect: 1623.11328125 MiB (Increase: 0.0 MiB)
Memory usage after collect: 1623.11328125 MiB (Increase: 0.0 MiB)
Memory usage before initialization: 1623.11328125 MiB (Increase: 0.0 MiB)
Memory usage after initialization: 1623.11328125 MiB (Increase: 0.0 MiB)
Current lengths of episodes: [1600]
Memory usage at done (index 0, length 1600, since_prev 1600): 1623.11328125 MiB (Increase: 0.0 MiB)
Memory usage before reset: 1623.11328125 MiB (Increase: 0.0 MiB)
Memory usage after reset: 1623.11328125 MiB (Increase: 0.0 MiB)
Training episode 192
Memory usage at middle: 1623.11328125 MiB (Increase: 0.0 MiB)
Memory usage before collect: 1623.11328125 MiB (Increase: 0.0 MiB)
Memory usage after collect: 1623.11328125 MiB (Increase: 0.0 MiB)
Memory usage before initialization: 1623.11328125 MiB (Increase: 0.0 MiB)
Memory usage after initialization: 1623.11328125 MiB (Increase: 0.0 MiB)
Current lengths of episodes: [1600]
Memory usage at done (index 0, length 1600, since_prev 1600): 1623.11328125 MiB (Increase: 0.0 MiB)
Memory usage before reset: 1623.11328125 MiB (Increase: 0.0 MiB)
Memory usage after reset: 1623.11328125 MiB (Increase: 0.0 MiB)
Training episode 193
Memory usage at middle: 1623.11328125 MiB (Increase: 0.0 MiB)
Memory usage before collect: 1623.11328125 MiB (Increase: 0.0 MiB)
Memory usage after collect: 1623.11328125 MiB (Increase: 0.0 MiB)
Memory usage before initialization: 1623.11328125 MiB (Increase: 0.0 MiB)
Memory usage after initialization: 1623.11328125 MiB (Increase: 0.0 MiB)
Current lengths of episodes: [1600]
Memory usage at done (index 0, length 1600, since_prev 1600): 1623.11328125 MiB (Increase: 0.0 MiB)
Memory usage before reset: 1623.11328125 MiB (Increase: 0.0 MiB)
Memory usage after reset: 1623.11328125 MiB (Increase: 0.0 MiB)
Training episode 194
Memory usage at middle: 1623.11328125 MiB (Increase: 0.0 MiB)
Memory usage before collect: 1623.11328125 MiB (Increase: 0.0 MiB)
Memory usage after collect: 1623.11328125 MiB (Increase: 0.0 MiB)
Memory usage before initialization: 1623.11328125 MiB (Increase: 0.0 MiB)
Memory usage after initialization: 1623.11328125 MiB (Increase: 0.0 MiB)
Current lengths of episodes: [1600]
Memory usage at done (index 0, length 1600, since_prev 1600): 1623.11328125 MiB (Increase: 0.0 MiB)
Memory usage before reset: 1623.11328125 MiB (Increase: 0.0 MiB)
Memory usage after reset: 1623.11328125 MiB (Increase: 0.0 MiB)
Training episode 195
Memory usage at middle: 1623.11328125 MiB (Increase: 0.0 MiB)
Memory usage before collect: 1623.11328125 MiB (Increase: 0.0 MiB)
Memory usage after collect: 1623.11328125 MiB (Increase: 0.0 MiB)
Memory usage before initialization: 1623.11328125 MiB (Increase: 0.0 MiB)
Memory usage after initialization: 1623.11328125 MiB (Increase: 0.0 MiB)
Current lengths of episodes: [65]
Memory usage at done (index 0, length 65, since_prev 65): 1623.11328125 MiB (Increase: 0.0 MiB)
Memory usage before reset: 1623.11328125 MiB (Increase: 0.0 MiB)
Memory usage after reset: 1623.11328125 MiB (Increase: 0.0 MiB)
Training episode 196
Memory usage at middle: 1623.11328125 MiB (Increase: 0.0 MiB)
Memory usage before collect: 1623.11328125 MiB (Increase: 0.0 MiB)
Memory usage after collect: 1623.11328125 MiB (Increase: 0.0 MiB)
Memory usage before initialization: 1623.11328125 MiB (Increase: 0.0 MiB)
Memory usage after initialization: 1623.11328125 MiB (Increase: 0.0 MiB)
Current lengths of episodes: [1600]
Memory usage at done (index 0, length 1600, since_prev 1600): 1623.11328125 MiB (Increase: 0.0 MiB)
Memory usage before reset: 1623.11328125 MiB (Increase: 0.0 MiB)
Memory usage after reset: 1623.11328125 MiB (Increase: 0.0 MiB)
Training episode 197
Memory usage at middle: 1623.11328125 MiB (Increase: 0.0 MiB)
Memory usage before collect: 1623.11328125 MiB (Increase: 0.0 MiB)
Memory usage after collect: 1623.11328125 MiB (Increase: 0.0 MiB)
Memory usage before initialization: 1623.11328125 MiB (Increase: 0.0 MiB)
Memory usage after initialization: 1623.11328125 MiB (Increase: 0.0 MiB)
Current lengths of episodes: [1600]
Memory usage at done (index 0, length 1600, since_prev 1600): 1623.11328125 MiB (Increase: 0.0 MiB)
Memory usage before reset: 1623.11328125 MiB (Increase: 0.0 MiB)
Memory usage after reset: 1623.11328125 MiB (Increase: 0.0 MiB)
Training episode 198
Memory usage at middle: 1623.11328125 MiB (Increase: 0.0 MiB)
Memory usage before collect: 1623.11328125 MiB (Increase: 0.0 MiB)
Memory usage after collect: 1623.11328125 MiB (Increase: 0.0 MiB)
Memory usage before initialization: 1623.11328125 MiB (Increase: 0.0 MiB)
Memory usage after initialization: 1623.11328125 MiB (Increase: 0.0 MiB)
Current lengths of episodes: [1600]
Memory usage at done (index 0, length 1600, since_prev 1600): 1623.11328125 MiB (Increase: 0.0 MiB)
Memory usage before reset: 1623.11328125 MiB (Increase: 0.0 MiB)
Memory usage after reset: 1623.11328125 MiB (Increase: 0.0 MiB)
Training episode 199
Memory usage at middle: 1623.11328125 MiB (Increase: 0.0 MiB)
Memory usage before collect: 1623.11328125 MiB (Increase: 0.0 MiB)
Memory usage after collect: 1623.11328125 MiB (Increase: 0.0 MiB)
Memory usage before initialization: 1623.11328125 MiB (Increase: 0.0 MiB)
Memory usage after initialization: 1623.11328125 MiB (Increase: 0.0 MiB)
Current lengths of episodes: [1600]
Memory usage at done (index 0, length 1600, since_prev 1600): 1623.11328125 MiB (Increase: 0.0 MiB)
Memory usage before reset: 1623.11328125 MiB (Increase: 0.0 MiB)
Memory usage after reset: 1623.11328125 MiB (Increase: 0.0 MiB)
Training episode 200
Memory usage at middle: 1623.11328125 MiB (Increase: 0.0 MiB)
Memory usage before collect: 1623.11328125 MiB (Increase: 0.0 MiB)
Memory usage after collect: 1623.11328125 MiB (Increase: 0.0 MiB)
Episode 200	Average evaluation: -21.935248571210728
Memory usage before initialization: 1623.11328125 MiB (Increase: 0.0 MiB)
Memory usage after initialization: 1623.11328125 MiB (Increase: 0.0 MiB)
Current lengths of episodes: [1600]
Memory usage at done (index 0, length 1600, since_prev 1600): 1623.11328125 MiB (Increase: 0.0 MiB)
Memory usage before reset: 1623.11328125 MiB (Increase: 0.0 MiB)
Memory usage after reset: 1623.11328125 MiB (Increase: 0.0 MiB)
Training episode 201
Memory usage at middle: 1623.11328125 MiB (Increase: 0.0 MiB)
Memory usage before collect: 1623.11328125 MiB (Increase: 0.0 MiB)
Memory usage after collect: 1623.11328125 MiB (Increase: 0.0 MiB)
Memory usage before initialization: 1623.11328125 MiB (Increase: 0.0 MiB)
Memory usage after initialization: 1623.11328125 MiB (Increase: 0.0 MiB)
Current lengths of episodes: [90]
Memory usage at done (index 0, length 90, since_prev 90): 1623.11328125 MiB (Increase: 0.0 MiB)
Memory usage before reset: 1623.11328125 MiB (Increase: 0.0 MiB)
Memory usage after reset: 1623.11328125 MiB (Increase: 0.0 MiB)
Training episode 202
Memory usage at middle: 1623.11328125 MiB (Increase: 0.0 MiB)
Memory usage before collect: 1623.11328125 MiB (Increase: 0.0 MiB)
Memory usage after collect: 1623.11328125 MiB (Increase: 0.0 MiB)
Memory usage before initialization: 1623.11328125 MiB (Increase: 0.0 MiB)
Memory usage after initialization: 1623.11328125 MiB (Increase: 0.0 MiB)
Current lengths of episodes: [692]
Memory usage at done (index 0, length 692, since_prev 692): 1623.11328125 MiB (Increase: 0.0 MiB)
Memory usage before reset: 1623.11328125 MiB (Increase: 0.0 MiB)
Memory usage after reset: 1623.11328125 MiB (Increase: 0.0 MiB)
Training episode 203
Memory usage at middle: 1623.11328125 MiB (Increase: 0.0 MiB)
Memory usage before collect: 1623.11328125 MiB (Increase: 0.0 MiB)
Memory usage after collect: 1623.11328125 MiB (Increase: 0.0 MiB)
Memory usage before initialization: 1623.11328125 MiB (Increase: 0.0 MiB)
Memory usage after initialization: 1623.11328125 MiB (Increase: 0.0 MiB)
Current lengths of episodes: [106]
Memory usage at done (index 0, length 106, since_prev 106): 1623.11328125 MiB (Increase: 0.0 MiB)
Memory usage before reset: 1623.11328125 MiB (Increase: 0.0 MiB)
Memory usage after reset: 1623.11328125 MiB (Increase: 0.0 MiB)
Training episode 204
Memory usage at middle: 1623.11328125 MiB (Increase: 0.0 MiB)
Memory usage before collect: 1623.11328125 MiB (Increase: 0.0 MiB)
Memory usage after collect: 1623.11328125 MiB (Increase: 0.0 MiB)
Memory usage before initialization: 1623.11328125 MiB (Increase: 0.0 MiB)
Memory usage after initialization: 1623.11328125 MiB (Increase: 0.0 MiB)
Current lengths of episodes: [1600]
Memory usage at done (index 0, length 1600, since_prev 1600): 1623.11328125 MiB (Increase: 0.0 MiB)
Memory usage before reset: 1623.11328125 MiB (Increase: 0.0 MiB)
Memory usage after reset: 1623.11328125 MiB (Increase: 0.0 MiB)
Training episode 205
Memory usage at middle: 1623.11328125 MiB (Increase: 0.0 MiB)
Memory usage before collect: 1623.11328125 MiB (Increase: 0.0 MiB)
Memory usage after collect: 1623.11328125 MiB (Increase: 0.0 MiB)
Memory usage before initialization: 1623.11328125 MiB (Increase: 0.0 MiB)
Memory usage after initialization: 1623.11328125 MiB (Increase: 0.0 MiB)
Current lengths of episodes: [1600]
Memory usage at done (index 0, length 1600, since_prev 1600): 1623.11328125 MiB (Increase: 0.0 MiB)
Memory usage before reset: 1623.11328125 MiB (Increase: 0.0 MiB)
Memory usage after reset: 1623.11328125 MiB (Increase: 0.0 MiB)
Training episode 206
Memory usage at middle: 1623.11328125 MiB (Increase: 0.0 MiB)
Memory usage before collect: 1623.11328125 MiB (Increase: 0.0 MiB)
Memory usage after collect: 1623.11328125 MiB (Increase: 0.0 MiB)
Memory usage before initialization: 1623.11328125 MiB (Increase: 0.0 MiB)
Memory usage after initialization: 1623.11328125 MiB (Increase: 0.0 MiB)
Current lengths of episodes: [1600]
Memory usage at done (index 0, length 1600, since_prev 1600): 1623.11328125 MiB (Increase: 0.0 MiB)
Memory usage before reset: 1623.11328125 MiB (Increase: 0.0 MiB)
Memory usage after reset: 1623.11328125 MiB (Increase: 0.0 MiB)
Training episode 207
Memory usage at middle: 1623.11328125 MiB (Increase: 0.0 MiB)
Memory usage before collect: 1623.11328125 MiB (Increase: 0.0 MiB)
Memory usage after collect: 1623.11328125 MiB (Increase: 0.0 MiB)
Memory usage before initialization: 1623.11328125 MiB (Increase: 0.0 MiB)
Memory usage after initialization: 1623.11328125 MiB (Increase: 0.0 MiB)
Current lengths of episodes: [1600]
Memory usage at done (index 0, length 1600, since_prev 1600): 1623.11328125 MiB (Increase: 0.0 MiB)
Memory usage before reset: 1623.11328125 MiB (Increase: 0.0 MiB)
Memory usage after reset: 1623.11328125 MiB (Increase: 0.0 MiB)
Training episode 208
Memory usage at middle: 1623.11328125 MiB (Increase: 0.0 MiB)
Memory usage before collect: 1623.11328125 MiB (Increase: 0.0 MiB)
Memory usage after collect: 1623.11328125 MiB (Increase: 0.0 MiB)
Memory usage before initialization: 1623.11328125 MiB (Increase: 0.0 MiB)
Memory usage after initialization: 1623.11328125 MiB (Increase: 0.0 MiB)
Current lengths of episodes: [73]
Memory usage at done (index 0, length 73, since_prev 73): 1623.11328125 MiB (Increase: 0.0 MiB)
Memory usage before reset: 1623.11328125 MiB (Increase: 0.0 MiB)
Memory usage after reset: 1623.11328125 MiB (Increase: 0.0 MiB)
Training episode 209
Memory usage at middle: 1623.11328125 MiB (Increase: 0.0 MiB)
Memory usage before collect: 1623.11328125 MiB (Increase: 0.0 MiB)
Memory usage after collect: 1623.11328125 MiB (Increase: 0.0 MiB)
Memory usage before initialization: 1623.11328125 MiB (Increase: 0.0 MiB)
Memory usage after initialization: 1623.11328125 MiB (Increase: 0.0 MiB)
Current lengths of episodes: [76]
Memory usage at done (index 0, length 76, since_prev 76): 1623.11328125 MiB (Increase: 0.0 MiB)
Memory usage before reset: 1623.11328125 MiB (Increase: 0.0 MiB)
Memory usage after reset: 1623.11328125 MiB (Increase: 0.0 MiB)
Training episode 210
Memory usage at middle: 1623.11328125 MiB (Increase: 0.0 MiB)
Memory usage before collect: 1623.11328125 MiB (Increase: 0.0 MiB)
Memory usage after collect: 1623.11328125 MiB (Increase: 0.0 MiB)
Memory usage before initialization: 1623.11328125 MiB (Increase: 0.0 MiB)
Memory usage after initialization: 1623.11328125 MiB (Increase: 0.0 MiB)
Current lengths of episodes: [1600]
Memory usage at done (index 0, length 1600, since_prev 1600): 1623.11328125 MiB (Increase: 0.0 MiB)
Memory usage before reset: 1623.11328125 MiB (Increase: 0.0 MiB)
Memory usage after reset: 1623.11328125 MiB (Increase: 0.0 MiB)
Training episode 211
Memory usage at middle: 1623.11328125 MiB (Increase: 0.0 MiB)
Memory usage before collect: 1623.11328125 MiB (Increase: 0.0 MiB)
Memory usage after collect: 1623.11328125 MiB (Increase: 0.0 MiB)
Memory usage before initialization: 1623.11328125 MiB (Increase: 0.0 MiB)
Memory usage after initialization: 1623.11328125 MiB (Increase: 0.0 MiB)
Current lengths of episodes: [1600]
Memory usage at done (index 0, length 1600, since_prev 1600): 1623.11328125 MiB (Increase: 0.0 MiB)
Memory usage before reset: 1623.11328125 MiB (Increase: 0.0 MiB)
Memory usage after reset: 1623.11328125 MiB (Increase: 0.0 MiB)
Training episode 212
Memory usage at middle: 1623.11328125 MiB (Increase: 0.0 MiB)
Memory usage before collect: 1623.11328125 MiB (Increase: 0.0 MiB)
Memory usage after collect: 1623.11328125 MiB (Increase: 0.0 MiB)
Memory usage before initialization: 1623.11328125 MiB (Increase: 0.0 MiB)
Memory usage after initialization: 1623.11328125 MiB (Increase: 0.0 MiB)
Current lengths of episodes: [90]
Memory usage at done (index 0, length 90, since_prev 90): 1623.11328125 MiB (Increase: 0.0 MiB)
Memory usage before reset: 1623.11328125 MiB (Increase: 0.0 MiB)
Memory usage after reset: 1623.11328125 MiB (Increase: 0.0 MiB)
Training episode 213
Memory usage at middle: 1623.11328125 MiB (Increase: 0.0 MiB)
Memory usage before collect: 1623.11328125 MiB (Increase: 0.0 MiB)
Memory usage after collect: 1623.11328125 MiB (Increase: 0.0 MiB)
Memory usage before initialization: 1623.11328125 MiB (Increase: 0.0 MiB)
Memory usage after initialization: 1623.11328125 MiB (Increase: 0.0 MiB)
Current lengths of episodes: [1600]
Memory usage at done (index 0, length 1600, since_prev 1600): 1623.11328125 MiB (Increase: 0.0 MiB)
Memory usage before reset: 1623.11328125 MiB (Increase: 0.0 MiB)
Memory usage after reset: 1623.11328125 MiB (Increase: 0.0 MiB)
Training episode 214
Memory usage at middle: 1623.11328125 MiB (Increase: 0.0 MiB)
Memory usage before collect: 1623.11328125 MiB (Increase: 0.0 MiB)
Memory usage after collect: 1623.11328125 MiB (Increase: 0.0 MiB)
Memory usage before initialization: 1623.11328125 MiB (Increase: 0.0 MiB)
Memory usage after initialization: 1623.11328125 MiB (Increase: 0.0 MiB)
Current lengths of episodes: [1600]
Memory usage at done (index 0, length 1600, since_prev 1600): 1623.11328125 MiB (Increase: 0.0 MiB)
Memory usage before reset: 1623.11328125 MiB (Increase: 0.0 MiB)
Memory usage after reset: 1623.11328125 MiB (Increase: 0.0 MiB)
Training episode 215
Memory usage at middle: 1623.11328125 MiB (Increase: 0.0 MiB)
Memory usage before collect: 1623.11328125 MiB (Increase: 0.0 MiB)
Memory usage after collect: 1623.11328125 MiB (Increase: 0.0 MiB)
Memory usage before initialization: 1623.11328125 MiB (Increase: 0.0 MiB)
Memory usage after initialization: 1623.11328125 MiB (Increase: 0.0 MiB)
Current lengths of episodes: [1600]
Memory usage at done (index 0, length 1600, since_prev 1600): 1623.11328125 MiB (Increase: 0.0 MiB)
Memory usage before reset: 1623.11328125 MiB (Increase: 0.0 MiB)
Memory usage after reset: 1623.11328125 MiB (Increase: 0.0 MiB)
Training episode 216
Memory usage at middle: 1623.11328125 MiB (Increase: 0.0 MiB)
Memory usage before collect: 1623.11328125 MiB (Increase: 0.0 MiB)
Memory usage after collect: 1623.11328125 MiB (Increase: 0.0 MiB)
Memory usage before initialization: 1623.11328125 MiB (Increase: 0.0 MiB)
Memory usage after initialization: 1623.11328125 MiB (Increase: 0.0 MiB)
Current lengths of episodes: [1600]
Memory usage at done (index 0, length 1600, since_prev 1600): 1623.11328125 MiB (Increase: 0.0 MiB)
Memory usage before reset: 1623.11328125 MiB (Increase: 0.0 MiB)
Memory usage after reset: 1623.11328125 MiB (Increase: 0.0 MiB)
Training episode 217
Memory usage at middle: 1623.11328125 MiB (Increase: 0.0 MiB)
Memory usage before collect: 1623.11328125 MiB (Increase: 0.0 MiB)
Memory usage after collect: 1623.11328125 MiB (Increase: 0.0 MiB)
Memory usage before initialization: 1623.11328125 MiB (Increase: 0.0 MiB)
Memory usage after initialization: 1623.11328125 MiB (Increase: 0.0 MiB)
Current lengths of episodes: [1600]
Memory usage at done (index 0, length 1600, since_prev 1600): 1623.11328125 MiB (Increase: 0.0 MiB)
Memory usage before reset: 1623.11328125 MiB (Increase: 0.0 MiB)
Memory usage after reset: 1623.11328125 MiB (Increase: 0.0 MiB)
Training episode 218
Memory usage at middle: 1623.11328125 MiB (Increase: 0.0 MiB)
Memory usage before collect: 1623.11328125 MiB (Increase: 0.0 MiB)
Memory usage after collect: 1623.11328125 MiB (Increase: 0.0 MiB)
Memory usage before initialization: 1623.11328125 MiB (Increase: 0.0 MiB)
Memory usage after initialization: 1623.11328125 MiB (Increase: 0.0 MiB)
Current lengths of episodes: [1600]
Memory usage at done (index 0, length 1600, since_prev 1600): 1623.11328125 MiB (Increase: 0.0 MiB)
Memory usage before reset: 1623.11328125 MiB (Increase: 0.0 MiB)
Memory usage after reset: 1623.11328125 MiB (Increase: 0.0 MiB)
Training episode 219
Memory usage at middle: 1623.11328125 MiB (Increase: 0.0 MiB)
Memory usage before collect: 1623.11328125 MiB (Increase: 0.0 MiB)
Memory usage after collect: 1623.11328125 MiB (Increase: 0.0 MiB)
Memory usage before initialization: 1623.11328125 MiB (Increase: 0.0 MiB)
Memory usage after initialization: 1623.11328125 MiB (Increase: 0.0 MiB)
Current lengths of episodes: [56]
Memory usage at done (index 0, length 56, since_prev 56): 1623.11328125 MiB (Increase: 0.0 MiB)
Memory usage before reset: 1623.11328125 MiB (Increase: 0.0 MiB)
Memory usage after reset: 1623.11328125 MiB (Increase: 0.0 MiB)
Training episode 220
Memory usage at middle: 1623.11328125 MiB (Increase: 0.0 MiB)
Memory usage before collect: 1623.11328125 MiB (Increase: 0.0 MiB)
Memory usage after collect: 1623.11328125 MiB (Increase: 0.0 MiB)
Memory usage before initialization: 1623.11328125 MiB (Increase: 0.0 MiB)
Memory usage after initialization: 1623.11328125 MiB (Increase: 0.0 MiB)
Current lengths of episodes: [1504]
Memory usage at done (index 0, length 1504, since_prev 1504): 1623.11328125 MiB (Increase: 0.0 MiB)
Memory usage before reset: 1623.11328125 MiB (Increase: 0.0 MiB)
Memory usage after reset: 1623.11328125 MiB (Increase: 0.0 MiB)
Training episode 221
Memory usage at middle: 1623.11328125 MiB (Increase: 0.0 MiB)
Memory usage before collect: 1623.11328125 MiB (Increase: 0.0 MiB)
Memory usage after collect: 1623.11328125 MiB (Increase: 0.0 MiB)
Memory usage before initialization: 1623.11328125 MiB (Increase: 0.0 MiB)
Memory usage after initialization: 1623.11328125 MiB (Increase: 0.0 MiB)
Current lengths of episodes: [1600]
Memory usage at done (index 0, length 1600, since_prev 1600): 1623.11328125 MiB (Increase: 0.0 MiB)
Memory usage before reset: 1623.11328125 MiB (Increase: 0.0 MiB)
Memory usage after reset: 1623.11328125 MiB (Increase: 0.0 MiB)
Training episode 222
Memory usage at middle: 1623.11328125 MiB (Increase: 0.0 MiB)
Memory usage before collect: 1623.11328125 MiB (Increase: 0.0 MiB)
Memory usage after collect: 1623.11328125 MiB (Increase: 0.0 MiB)
Memory usage before initialization: 1623.11328125 MiB (Increase: 0.0 MiB)
Memory usage after initialization: 1623.11328125 MiB (Increase: 0.0 MiB)
Current lengths of episodes: [1600]
Memory usage at done (index 0, length 1600, since_prev 1600): 1623.11328125 MiB (Increase: 0.0 MiB)
Memory usage before reset: 1623.11328125 MiB (Increase: 0.0 MiB)
Memory usage after reset: 1623.11328125 MiB (Increase: 0.0 MiB)
Training episode 223
Memory usage at middle: 1623.11328125 MiB (Increase: 0.0 MiB)
Memory usage before collect: 1623.11328125 MiB (Increase: 0.0 MiB)
Memory usage after collect: 1623.11328125 MiB (Increase: 0.0 MiB)
Memory usage before initialization: 1623.11328125 MiB (Increase: 0.0 MiB)
Memory usage after initialization: 1623.11328125 MiB (Increase: 0.0 MiB)
Current lengths of episodes: [77]
Memory usage at done (index 0, length 77, since_prev 77): 1623.11328125 MiB (Increase: 0.0 MiB)
Memory usage before reset: 1623.11328125 MiB (Increase: 0.0 MiB)
Memory usage after reset: 1623.11328125 MiB (Increase: 0.0 MiB)
Training episode 224
Memory usage at middle: 1623.11328125 MiB (Increase: 0.0 MiB)
Memory usage before collect: 1623.11328125 MiB (Increase: 0.0 MiB)
Memory usage after collect: 1623.11328125 MiB (Increase: 0.0 MiB)
Memory usage before initialization: 1623.11328125 MiB (Increase: 0.0 MiB)
Memory usage after initialization: 1623.11328125 MiB (Increase: 0.0 MiB)
Current lengths of episodes: [1600]
Memory usage at done (index 0, length 1600, since_prev 1600): 1623.11328125 MiB (Increase: 0.0 MiB)
Memory usage before reset: 1623.11328125 MiB (Increase: 0.0 MiB)
Memory usage after reset: 1623.11328125 MiB (Increase: 0.0 MiB)
Training episode 225
Memory usage at middle: 1623.11328125 MiB (Increase: 0.0 MiB)
Memory usage before collect: 1623.11328125 MiB (Increase: 0.0 MiB)
Memory usage after collect: 1623.11328125 MiB (Increase: 0.0 MiB)
Memory usage before initialization: 1623.11328125 MiB (Increase: 0.0 MiB)
Memory usage after initialization: 1623.11328125 MiB (Increase: 0.0 MiB)
Current lengths of episodes: [1600]
Memory usage at done (index 0, length 1600, since_prev 1600): 1623.11328125 MiB (Increase: 0.0 MiB)
Memory usage before reset: 1623.11328125 MiB (Increase: 0.0 MiB)
Memory usage after reset: 1623.11328125 MiB (Increase: 0.0 MiB)
Training episode 226
Memory usage at middle: 1623.11328125 MiB (Increase: 0.0 MiB)
Memory usage before collect: 1623.11328125 MiB (Increase: 0.0 MiB)
Memory usage after collect: 1623.11328125 MiB (Increase: 0.0 MiB)
Memory usage before initialization: 1623.11328125 MiB (Increase: 0.0 MiB)
Memory usage after initialization: 1623.11328125 MiB (Increase: 0.0 MiB)
Current lengths of episodes: [118]
Memory usage at done (index 0, length 118, since_prev 118): 1623.11328125 MiB (Increase: 0.0 MiB)
Memory usage before reset: 1623.11328125 MiB (Increase: 0.0 MiB)
Memory usage after reset: 1623.11328125 MiB (Increase: 0.0 MiB)
Training episode 227
Memory usage at middle: 1623.11328125 MiB (Increase: 0.0 MiB)
Memory usage before collect: 1623.11328125 MiB (Increase: 0.0 MiB)
Memory usage after collect: 1623.11328125 MiB (Increase: 0.0 MiB)
Memory usage before initialization: 1623.11328125 MiB (Increase: 0.0 MiB)
Memory usage after initialization: 1623.11328125 MiB (Increase: 0.0 MiB)
Current lengths of episodes: [59]
Memory usage at done (index 0, length 59, since_prev 59): 1623.11328125 MiB (Increase: 0.0 MiB)
Memory usage before reset: 1623.11328125 MiB (Increase: 0.0 MiB)
Memory usage after reset: 1623.11328125 MiB (Increase: 0.0 MiB)
Training episode 228
Memory usage at middle: 1623.11328125 MiB (Increase: 0.0 MiB)
Memory usage before collect: 1623.11328125 MiB (Increase: 0.0 MiB)
Memory usage after collect: 1623.11328125 MiB (Increase: 0.0 MiB)
Memory usage before initialization: 1623.11328125 MiB (Increase: 0.0 MiB)
Memory usage after initialization: 1623.11328125 MiB (Increase: 0.0 MiB)
Current lengths of episodes: [1600]
Memory usage at done (index 0, length 1600, since_prev 1600): 1623.11328125 MiB (Increase: 0.0 MiB)
Memory usage before reset: 1623.11328125 MiB (Increase: 0.0 MiB)
Memory usage after reset: 1623.11328125 MiB (Increase: 0.0 MiB)
Training episode 229
Memory usage at middle: 1623.11328125 MiB (Increase: 0.0 MiB)
Memory usage before collect: 1623.11328125 MiB (Increase: 0.0 MiB)
Memory usage after collect: 1623.11328125 MiB (Increase: 0.0 MiB)
Memory usage before initialization: 1623.11328125 MiB (Increase: 0.0 MiB)
Memory usage after initialization: 1623.11328125 MiB (Increase: 0.0 MiB)
Current lengths of episodes: [1600]
Memory usage at done (index 0, length 1600, since_prev 1600): 1623.11328125 MiB (Increase: 0.0 MiB)
Memory usage before reset: 1623.11328125 MiB (Increase: 0.0 MiB)
Memory usage after reset: 1623.11328125 MiB (Increase: 0.0 MiB)
Training episode 230
Memory usage at middle: 1623.11328125 MiB (Increase: 0.0 MiB)
Memory usage before collect: 1623.11328125 MiB (Increase: 0.0 MiB)
Memory usage after collect: 1623.11328125 MiB (Increase: 0.0 MiB)
Memory usage before initialization: 1623.11328125 MiB (Increase: 0.0 MiB)
Memory usage after initialization: 1623.11328125 MiB (Increase: 0.0 MiB)
Current lengths of episodes: [1600]
Memory usage at done (index 0, length 1600, since_prev 1600): 1623.11328125 MiB (Increase: 0.0 MiB)
Memory usage before reset: 1623.11328125 MiB (Increase: 0.0 MiB)
Memory usage after reset: 1623.11328125 MiB (Increase: 0.0 MiB)
Training episode 231
Memory usage at middle: 1623.11328125 MiB (Increase: 0.0 MiB)
Memory usage before collect: 1623.11328125 MiB (Increase: 0.0 MiB)
Memory usage after collect: 1623.11328125 MiB (Increase: 0.0 MiB)
Memory usage before initialization: 1623.11328125 MiB (Increase: 0.0 MiB)
Memory usage after initialization: 1623.11328125 MiB (Increase: 0.0 MiB)
Current lengths of episodes: [59]
Memory usage at done (index 0, length 59, since_prev 59): 1623.11328125 MiB (Increase: 0.0 MiB)
Memory usage before reset: 1623.11328125 MiB (Increase: 0.0 MiB)
Memory usage after reset: 1623.11328125 MiB (Increase: 0.0 MiB)
Training episode 232
Memory usage at middle: 1623.11328125 MiB (Increase: 0.0 MiB)
Memory usage before collect: 1623.11328125 MiB (Increase: 0.0 MiB)
Memory usage after collect: 1623.11328125 MiB (Increase: 0.0 MiB)
Memory usage before initialization: 1623.11328125 MiB (Increase: 0.0 MiB)
Memory usage after initialization: 1623.11328125 MiB (Increase: 0.0 MiB)
Current lengths of episodes: [1600]
Memory usage at done (index 0, length 1600, since_prev 1600): 1623.11328125 MiB (Increase: 0.0 MiB)
Memory usage before reset: 1623.11328125 MiB (Increase: 0.0 MiB)
Memory usage after reset: 1623.11328125 MiB (Increase: 0.0 MiB)
Training episode 233
Memory usage at middle: 1623.11328125 MiB (Increase: 0.0 MiB)
Memory usage before collect: 1623.11328125 MiB (Increase: 0.0 MiB)
Memory usage after collect: 1623.11328125 MiB (Increase: 0.0 MiB)
Memory usage before initialization: 1623.11328125 MiB (Increase: 0.0 MiB)
Memory usage after initialization: 1623.11328125 MiB (Increase: 0.0 MiB)
Current lengths of episodes: [1600]
Memory usage at done (index 0, length 1600, since_prev 1600): 1623.11328125 MiB (Increase: 0.0 MiB)
Memory usage before reset: 1623.11328125 MiB (Increase: 0.0 MiB)
Memory usage after reset: 1623.11328125 MiB (Increase: 0.0 MiB)
Training episode 234
Memory usage at middle: 1623.11328125 MiB (Increase: 0.0 MiB)
Memory usage before collect: 1623.11328125 MiB (Increase: 0.0 MiB)
Memory usage after collect: 1623.11328125 MiB (Increase: 0.0 MiB)
Memory usage before initialization: 1623.11328125 MiB (Increase: 0.0 MiB)
Memory usage after initialization: 1623.11328125 MiB (Increase: 0.0 MiB)
Current lengths of episodes: [1600]
Memory usage at done (index 0, length 1600, since_prev 1600): 1623.11328125 MiB (Increase: 0.0 MiB)
Memory usage before reset: 1623.11328125 MiB (Increase: 0.0 MiB)
Memory usage after reset: 1623.11328125 MiB (Increase: 0.0 MiB)
Training episode 235
Memory usage at middle: 1623.11328125 MiB (Increase: 0.0 MiB)
Memory usage before collect: 1623.11328125 MiB (Increase: 0.0 MiB)
Memory usage after collect: 1623.11328125 MiB (Increase: 0.0 MiB)
Memory usage before initialization: 1623.11328125 MiB (Increase: 0.0 MiB)
Memory usage after initialization: 1623.11328125 MiB (Increase: 0.0 MiB)
Current lengths of episodes: [1600]
Memory usage at done (index 0, length 1600, since_prev 1600): 1623.11328125 MiB (Increase: 0.0 MiB)
Memory usage before reset: 1623.11328125 MiB (Increase: 0.0 MiB)
Memory usage after reset: 1623.11328125 MiB (Increase: 0.0 MiB)
Training episode 236
Memory usage at middle: 1623.11328125 MiB (Increase: 0.0 MiB)
Memory usage before collect: 1623.11328125 MiB (Increase: 0.0 MiB)
Memory usage after collect: 1623.11328125 MiB (Increase: 0.0 MiB)
Memory usage before initialization: 1623.11328125 MiB (Increase: 0.0 MiB)
Memory usage after initialization: 1623.11328125 MiB (Increase: 0.0 MiB)
Current lengths of episodes: [1600]
Memory usage at done (index 0, length 1600, since_prev 1600): 1623.11328125 MiB (Increase: 0.0 MiB)
Memory usage before reset: 1623.11328125 MiB (Increase: 0.0 MiB)
Memory usage after reset: 1623.11328125 MiB (Increase: 0.0 MiB)
Training episode 237
Memory usage at middle: 1623.11328125 MiB (Increase: 0.0 MiB)
Memory usage before collect: 1623.11328125 MiB (Increase: 0.0 MiB)
Memory usage after collect: 1623.11328125 MiB (Increase: 0.0 MiB)
Memory usage before initialization: 1623.11328125 MiB (Increase: 0.0 MiB)
Memory usage after initialization: 1623.11328125 MiB (Increase: 0.0 MiB)
Current lengths of episodes: [1600]
Memory usage at done (index 0, length 1600, since_prev 1600): 1623.11328125 MiB (Increase: 0.0 MiB)
Memory usage before reset: 1623.11328125 MiB (Increase: 0.0 MiB)
Memory usage after reset: 1623.11328125 MiB (Increase: 0.0 MiB)
Training episode 238
Memory usage at middle: 1623.11328125 MiB (Increase: 0.0 MiB)
Memory usage before collect: 1623.11328125 MiB (Increase: 0.0 MiB)
Memory usage after collect: 1623.11328125 MiB (Increase: 0.0 MiB)
Memory usage before initialization: 1623.11328125 MiB (Increase: 0.0 MiB)
Memory usage after initialization: 1623.11328125 MiB (Increase: 0.0 MiB)
Current lengths of episodes: [78]
Memory usage at done (index 0, length 78, since_prev 78): 1623.11328125 MiB (Increase: 0.0 MiB)
Memory usage before reset: 1623.11328125 MiB (Increase: 0.0 MiB)
Memory usage after reset: 1623.11328125 MiB (Increase: 0.0 MiB)
Training episode 239
Memory usage at middle: 1623.11328125 MiB (Increase: 0.0 MiB)
Memory usage before collect: 1623.11328125 MiB (Increase: 0.0 MiB)
Memory usage after collect: 1623.11328125 MiB (Increase: 0.0 MiB)
Memory usage before initialization: 1623.11328125 MiB (Increase: 0.0 MiB)
Memory usage after initialization: 1623.11328125 MiB (Increase: 0.0 MiB)
Current lengths of episodes: [1600]
Memory usage at done (index 0, length 1600, since_prev 1600): 1623.11328125 MiB (Increase: 0.0 MiB)
Memory usage before reset: 1623.11328125 MiB (Increase: 0.0 MiB)
Memory usage after reset: 1623.11328125 MiB (Increase: 0.0 MiB)
Training episode 240
Memory usage at middle: 1623.11328125 MiB (Increase: 0.0 MiB)
Memory usage before collect: 1623.11328125 MiB (Increase: 0.0 MiB)
Memory usage after collect: 1623.11328125 MiB (Increase: 0.0 MiB)
Memory usage before initialization: 1623.11328125 MiB (Increase: 0.0 MiB)
Memory usage after initialization: 1623.11328125 MiB (Increase: 0.0 MiB)
Current lengths of episodes: [42]
Memory usage at done (index 0, length 42, since_prev 42): 1623.11328125 MiB (Increase: 0.0 MiB)
Memory usage before reset: 1623.11328125 MiB (Increase: 0.0 MiB)
Memory usage after reset: 1623.11328125 MiB (Increase: 0.0 MiB)
Training episode 241
Memory usage at middle: 1623.11328125 MiB (Increase: 0.0 MiB)
Memory usage before collect: 1623.11328125 MiB (Increase: 0.0 MiB)
Memory usage after collect: 1623.11328125 MiB (Increase: 0.0 MiB)
Memory usage before initialization: 1623.11328125 MiB (Increase: 0.0 MiB)
Memory usage after initialization: 1623.11328125 MiB (Increase: 0.0 MiB)
Current lengths of episodes: [1600]
Memory usage at done (index 0, length 1600, since_prev 1600): 1623.11328125 MiB (Increase: 0.0 MiB)
Memory usage before reset: 1623.11328125 MiB (Increase: 0.0 MiB)
Memory usage after reset: 1623.11328125 MiB (Increase: 0.0 MiB)
Training episode 242
Memory usage at middle: 1623.11328125 MiB (Increase: 0.0 MiB)
Memory usage before collect: 1623.11328125 MiB (Increase: 0.0 MiB)
Memory usage after collect: 1623.11328125 MiB (Increase: 0.0 MiB)
Memory usage before initialization: 1623.11328125 MiB (Increase: 0.0 MiB)
Memory usage after initialization: 1623.11328125 MiB (Increase: 0.0 MiB)
Current lengths of episodes: [1600]
Memory usage at done (index 0, length 1600, since_prev 1600): 1623.11328125 MiB (Increase: 0.0 MiB)
Memory usage before reset: 1623.11328125 MiB (Increase: 0.0 MiB)
Memory usage after reset: 1623.11328125 MiB (Increase: 0.0 MiB)
Training episode 243
Memory usage at middle: 1623.11328125 MiB (Increase: 0.0 MiB)
Memory usage before collect: 1623.11328125 MiB (Increase: 0.0 MiB)
Memory usage after collect: 1623.11328125 MiB (Increase: 0.0 MiB)
Memory usage before initialization: 1623.11328125 MiB (Increase: 0.0 MiB)
Memory usage after initialization: 1623.11328125 MiB (Increase: 0.0 MiB)
Current lengths of episodes: [105]
Memory usage at done (index 0, length 105, since_prev 105): 1623.11328125 MiB (Increase: 0.0 MiB)
Memory usage before reset: 1623.11328125 MiB (Increase: 0.0 MiB)
Memory usage after reset: 1623.11328125 MiB (Increase: 0.0 MiB)
Training episode 244
Memory usage at middle: 1623.11328125 MiB (Increase: 0.0 MiB)
Memory usage before collect: 1623.11328125 MiB (Increase: 0.0 MiB)
Memory usage after collect: 1623.11328125 MiB (Increase: 0.0 MiB)
Memory usage before initialization: 1623.11328125 MiB (Increase: 0.0 MiB)
Memory usage after initialization: 1623.11328125 MiB (Increase: 0.0 MiB)
Current lengths of episodes: [1600]
Memory usage at done (index 0, length 1600, since_prev 1600): 1623.11328125 MiB (Increase: 0.0 MiB)
Memory usage before reset: 1623.11328125 MiB (Increase: 0.0 MiB)
Memory usage after reset: 1623.11328125 MiB (Increase: 0.0 MiB)
Training episode 245
Memory usage at middle: 1623.11328125 MiB (Increase: 0.0 MiB)
Memory usage before collect: 1623.11328125 MiB (Increase: 0.0 MiB)
Memory usage after collect: 1623.11328125 MiB (Increase: 0.0 MiB)
Memory usage before initialization: 1623.11328125 MiB (Increase: 0.0 MiB)
Memory usage after initialization: 1623.11328125 MiB (Increase: 0.0 MiB)
Current lengths of episodes: [123]
Memory usage at done (index 0, length 123, since_prev 123): 1623.11328125 MiB (Increase: 0.0 MiB)
Memory usage before reset: 1623.11328125 MiB (Increase: 0.0 MiB)
Memory usage after reset: 1623.11328125 MiB (Increase: 0.0 MiB)
Training episode 246
Memory usage at middle: 1623.11328125 MiB (Increase: 0.0 MiB)
Memory usage before collect: 1623.11328125 MiB (Increase: 0.0 MiB)
Memory usage after collect: 1623.11328125 MiB (Increase: 0.0 MiB)
Memory usage before initialization: 1623.11328125 MiB (Increase: 0.0 MiB)
Memory usage after initialization: 1623.11328125 MiB (Increase: 0.0 MiB)
Current lengths of episodes: [111]
Memory usage at done (index 0, length 111, since_prev 111): 1623.11328125 MiB (Increase: 0.0 MiB)
Memory usage before reset: 1623.11328125 MiB (Increase: 0.0 MiB)
Memory usage after reset: 1623.11328125 MiB (Increase: 0.0 MiB)
Training episode 247
Memory usage at middle: 1623.11328125 MiB (Increase: 0.0 MiB)
Memory usage before collect: 1623.11328125 MiB (Increase: 0.0 MiB)
Memory usage after collect: 1623.11328125 MiB (Increase: 0.0 MiB)
Memory usage before initialization: 1623.11328125 MiB (Increase: 0.0 MiB)
Memory usage after initialization: 1623.11328125 MiB (Increase: 0.0 MiB)
Current lengths of episodes: [1600]
Memory usage at done (index 0, length 1600, since_prev 1600): 1623.11328125 MiB (Increase: 0.0 MiB)
Memory usage before reset: 1623.11328125 MiB (Increase: 0.0 MiB)
Memory usage after reset: 1623.11328125 MiB (Increase: 0.0 MiB)
Training episode 248
Memory usage at middle: 1623.11328125 MiB (Increase: 0.0 MiB)
Memory usage before collect: 1623.11328125 MiB (Increase: 0.0 MiB)
Memory usage after collect: 1623.11328125 MiB (Increase: 0.0 MiB)
Memory usage before initialization: 1623.11328125 MiB (Increase: 0.0 MiB)
Memory usage after initialization: 1623.11328125 MiB (Increase: 0.0 MiB)
Current lengths of episodes: [1600]
Memory usage at done (index 0, length 1600, since_prev 1600): 1623.11328125 MiB (Increase: 0.0 MiB)
Memory usage before reset: 1623.11328125 MiB (Increase: 0.0 MiB)
Memory usage after reset: 1623.11328125 MiB (Increase: 0.0 MiB)
Training episode 249
Memory usage at middle: 1623.11328125 MiB (Increase: 0.0 MiB)
Memory usage before collect: 1623.11328125 MiB (Increase: 0.0 MiB)
Memory usage after collect: 1623.11328125 MiB (Increase: 0.0 MiB)
Memory usage before initialization: 1623.11328125 MiB (Increase: 0.0 MiB)
Memory usage after initialization: 1623.11328125 MiB (Increase: 0.0 MiB)
Current lengths of episodes: [1600]
Memory usage at done (index 0, length 1600, since_prev 1600): 1623.11328125 MiB (Increase: 0.0 MiB)
Memory usage before reset: 1623.11328125 MiB (Increase: 0.0 MiB)
Memory usage after reset: 1623.11328125 MiB (Increase: 0.0 MiB)
Training episode 250
Memory usage at middle: 1623.11328125 MiB (Increase: 0.0 MiB)
Memory usage before collect: 1623.11328125 MiB (Increase: 0.0 MiB)
Memory usage after collect: 1623.11328125 MiB (Increase: 0.0 MiB)
Episode 250	Average evaluation: -21.25558663180383
Memory usage before initialization: 1623.11328125 MiB (Increase: 0.0 MiB)
Memory usage after initialization: 1623.11328125 MiB (Increase: 0.0 MiB)
Current lengths of episodes: [76]
Memory usage at done (index 0, length 76, since_prev 76): 1623.11328125 MiB (Increase: 0.0 MiB)
Memory usage before reset: 1623.11328125 MiB (Increase: 0.0 MiB)
Memory usage after reset: 1623.11328125 MiB (Increase: 0.0 MiB)
Training episode 251
Memory usage at middle: 1623.11328125 MiB (Increase: 0.0 MiB)
Memory usage before collect: 1623.11328125 MiB (Increase: 0.0 MiB)
Memory usage after collect: 1623.11328125 MiB (Increase: 0.0 MiB)
Memory usage before initialization: 1623.11328125 MiB (Increase: 0.0 MiB)
Memory usage after initialization: 1623.11328125 MiB (Increase: 0.0 MiB)
Current lengths of episodes: [57]
Memory usage at done (index 0, length 57, since_prev 57): 1623.11328125 MiB (Increase: 0.0 MiB)
Memory usage before reset: 1623.11328125 MiB (Increase: 0.0 MiB)
Memory usage after reset: 1623.11328125 MiB (Increase: 0.0 MiB)
Training episode 252
Memory usage at middle: 1623.11328125 MiB (Increase: 0.0 MiB)
Memory usage before collect: 1623.11328125 MiB (Increase: 0.0 MiB)
Memory usage after collect: 1623.11328125 MiB (Increase: 0.0 MiB)
Memory usage before initialization: 1623.11328125 MiB (Increase: 0.0 MiB)
Memory usage after initialization: 1623.11328125 MiB (Increase: 0.0 MiB)
Current lengths of episodes: [61]
Memory usage at done (index 0, length 61, since_prev 61): 1623.11328125 MiB (Increase: 0.0 MiB)
Memory usage before reset: 1623.11328125 MiB (Increase: 0.0 MiB)
Memory usage after reset: 1623.11328125 MiB (Increase: 0.0 MiB)
Training episode 253
Memory usage at middle: 1623.11328125 MiB (Increase: 0.0 MiB)
Memory usage before collect: 1623.11328125 MiB (Increase: 0.0 MiB)
Memory usage after collect: 1623.11328125 MiB (Increase: 0.0 MiB)
Memory usage before initialization: 1623.11328125 MiB (Increase: 0.0 MiB)
Memory usage after initialization: 1623.11328125 MiB (Increase: 0.0 MiB)
Current lengths of episodes: [1600]
Memory usage at done (index 0, length 1600, since_prev 1600): 1623.11328125 MiB (Increase: 0.0 MiB)
Memory usage before reset: 1623.11328125 MiB (Increase: 0.0 MiB)
Memory usage after reset: 1623.11328125 MiB (Increase: 0.0 MiB)
Training episode 254
Memory usage at middle: 1623.11328125 MiB (Increase: 0.0 MiB)
Memory usage before collect: 1623.11328125 MiB (Increase: 0.0 MiB)
Memory usage after collect: 1623.11328125 MiB (Increase: 0.0 MiB)
Memory usage before initialization: 1623.11328125 MiB (Increase: 0.0 MiB)
Memory usage after initialization: 1623.11328125 MiB (Increase: 0.0 MiB)
Current lengths of episodes: [66]
Memory usage at done (index 0, length 66, since_prev 66): 1623.11328125 MiB (Increase: 0.0 MiB)
Memory usage before reset: 1623.11328125 MiB (Increase: 0.0 MiB)
Memory usage after reset: 1623.11328125 MiB (Increase: 0.0 MiB)
Training episode 255
Memory usage at middle: 1623.11328125 MiB (Increase: 0.0 MiB)
Memory usage before collect: 1623.11328125 MiB (Increase: 0.0 MiB)
Memory usage after collect: 1623.11328125 MiB (Increase: 0.0 MiB)
Memory usage before initialization: 1623.11328125 MiB (Increase: 0.0 MiB)
Memory usage after initialization: 1623.11328125 MiB (Increase: 0.0 MiB)
Current lengths of episodes: [1600]
Memory usage at done (index 0, length 1600, since_prev 1600): 1623.11328125 MiB (Increase: 0.0 MiB)
Memory usage before reset: 1623.11328125 MiB (Increase: 0.0 MiB)
Memory usage after reset: 1623.11328125 MiB (Increase: 0.0 MiB)
Training episode 256
Memory usage at middle: 1623.11328125 MiB (Increase: 0.0 MiB)
Memory usage before collect: 1623.11328125 MiB (Increase: 0.0 MiB)
Memory usage after collect: 1623.11328125 MiB (Increase: 0.0 MiB)
Memory usage before initialization: 1623.11328125 MiB (Increase: 0.0 MiB)
Memory usage after initialization: 1623.11328125 MiB (Increase: 0.0 MiB)
Current lengths of episodes: [92]
Memory usage at done (index 0, length 92, since_prev 92): 1623.11328125 MiB (Increase: 0.0 MiB)
Memory usage before reset: 1623.11328125 MiB (Increase: 0.0 MiB)
Memory usage after reset: 1623.11328125 MiB (Increase: 0.0 MiB)
Training episode 257
Memory usage at middle: 1623.11328125 MiB (Increase: 0.0 MiB)
Memory usage before collect: 1623.11328125 MiB (Increase: 0.0 MiB)
Memory usage after collect: 1623.11328125 MiB (Increase: 0.0 MiB)
Memory usage before initialization: 1623.11328125 MiB (Increase: 0.0 MiB)
Memory usage after initialization: 1623.11328125 MiB (Increase: 0.0 MiB)
Current lengths of episodes: [76]
Memory usage at done (index 0, length 76, since_prev 76): 1623.11328125 MiB (Increase: 0.0 MiB)
Memory usage before reset: 1623.11328125 MiB (Increase: 0.0 MiB)
Memory usage after reset: 1623.11328125 MiB (Increase: 0.0 MiB)
Training episode 258
Memory usage at middle: 1623.11328125 MiB (Increase: 0.0 MiB)
Memory usage before collect: 1623.11328125 MiB (Increase: 0.0 MiB)
Memory usage after collect: 1623.11328125 MiB (Increase: 0.0 MiB)
Memory usage before initialization: 1623.11328125 MiB (Increase: 0.0 MiB)
Memory usage after initialization: 1623.11328125 MiB (Increase: 0.0 MiB)
Current lengths of episodes: [1600]
Memory usage at done (index 0, length 1600, since_prev 1600): 1623.11328125 MiB (Increase: 0.0 MiB)
Memory usage before reset: 1623.11328125 MiB (Increase: 0.0 MiB)
Memory usage after reset: 1623.11328125 MiB (Increase: 0.0 MiB)
Training episode 259
Memory usage at middle: 1623.11328125 MiB (Increase: 0.0 MiB)
Memory usage before collect: 1623.11328125 MiB (Increase: 0.0 MiB)
Memory usage after collect: 1623.11328125 MiB (Increase: 0.0 MiB)
Memory usage before initialization: 1623.11328125 MiB (Increase: 0.0 MiB)
Memory usage after initialization: 1623.11328125 MiB (Increase: 0.0 MiB)
Current lengths of episodes: [1600]
Memory usage at done (index 0, length 1600, since_prev 1600): 1623.11328125 MiB (Increase: 0.0 MiB)
Memory usage before reset: 1623.11328125 MiB (Increase: 0.0 MiB)
Memory usage after reset: 1623.11328125 MiB (Increase: 0.0 MiB)
Training episode 260
Memory usage at middle: 1623.11328125 MiB (Increase: 0.0 MiB)
Memory usage before collect: 1623.11328125 MiB (Increase: 0.0 MiB)
Memory usage after collect: 1623.11328125 MiB (Increase: 0.0 MiB)
Memory usage before initialization: 1623.11328125 MiB (Increase: 0.0 MiB)
Memory usage after initialization: 1623.11328125 MiB (Increase: 0.0 MiB)
Current lengths of episodes: [91]
Memory usage at done (index 0, length 91, since_prev 91): 1623.11328125 MiB (Increase: 0.0 MiB)
Memory usage before reset: 1623.11328125 MiB (Increase: 0.0 MiB)
Memory usage after reset: 1623.11328125 MiB (Increase: 0.0 MiB)
Training episode 261
Memory usage at middle: 1623.11328125 MiB (Increase: 0.0 MiB)
Memory usage before collect: 1623.11328125 MiB (Increase: 0.0 MiB)
Memory usage after collect: 1623.11328125 MiB (Increase: 0.0 MiB)
Memory usage before initialization: 1623.11328125 MiB (Increase: 0.0 MiB)
Memory usage after initialization: 1623.11328125 MiB (Increase: 0.0 MiB)
Current lengths of episodes: [65]
Memory usage at done (index 0, length 65, since_prev 65): 1623.11328125 MiB (Increase: 0.0 MiB)
Memory usage before reset: 1623.11328125 MiB (Increase: 0.0 MiB)
Memory usage after reset: 1623.11328125 MiB (Increase: 0.0 MiB)
Training episode 262
Memory usage at middle: 1623.11328125 MiB (Increase: 0.0 MiB)
Memory usage before collect: 1623.11328125 MiB (Increase: 0.0 MiB)
Memory usage after collect: 1623.11328125 MiB (Increase: 0.0 MiB)
Memory usage before initialization: 1623.11328125 MiB (Increase: 0.0 MiB)
Memory usage after initialization: 1623.11328125 MiB (Increase: 0.0 MiB)
Current lengths of episodes: [67]
Memory usage at done (index 0, length 67, since_prev 67): 1623.11328125 MiB (Increase: 0.0 MiB)
Memory usage before reset: 1623.11328125 MiB (Increase: 0.0 MiB)
Memory usage after reset: 1623.11328125 MiB (Increase: 0.0 MiB)
Training episode 263
Memory usage at middle: 1623.11328125 MiB (Increase: 0.0 MiB)
Memory usage before collect: 1623.11328125 MiB (Increase: 0.0 MiB)
Memory usage after collect: 1623.11328125 MiB (Increase: 0.0 MiB)
Memory usage before initialization: 1623.11328125 MiB (Increase: 0.0 MiB)
Memory usage after initialization: 1623.11328125 MiB (Increase: 0.0 MiB)
Current lengths of episodes: [77]
Memory usage at done (index 0, length 77, since_prev 77): 1623.11328125 MiB (Increase: 0.0 MiB)
Memory usage before reset: 1623.11328125 MiB (Increase: 0.0 MiB)
Memory usage after reset: 1623.11328125 MiB (Increase: 0.0 MiB)
Training episode 264
Memory usage at middle: 1623.11328125 MiB (Increase: 0.0 MiB)
Memory usage before collect: 1623.11328125 MiB (Increase: 0.0 MiB)
Memory usage after collect: 1623.11328125 MiB (Increase: 0.0 MiB)
Memory usage before initialization: 1623.11328125 MiB (Increase: 0.0 MiB)
Memory usage after initialization: 1623.11328125 MiB (Increase: 0.0 MiB)
Current lengths of episodes: [62]
Memory usage at done (index 0, length 62, since_prev 62): 1623.11328125 MiB (Increase: 0.0 MiB)
Memory usage before reset: 1623.11328125 MiB (Increase: 0.0 MiB)
Memory usage after reset: 1623.11328125 MiB (Increase: 0.0 MiB)
Training episode 265
Memory usage at middle: 1623.11328125 MiB (Increase: 0.0 MiB)
Memory usage before collect: 1623.11328125 MiB (Increase: 0.0 MiB)
Memory usage after collect: 1623.11328125 MiB (Increase: 0.0 MiB)
Memory usage before initialization: 1623.11328125 MiB (Increase: 0.0 MiB)
Memory usage after initialization: 1623.11328125 MiB (Increase: 0.0 MiB)
Current lengths of episodes: [1600]
Memory usage at done (index 0, length 1600, since_prev 1600): 1623.11328125 MiB (Increase: 0.0 MiB)
Memory usage before reset: 1623.11328125 MiB (Increase: 0.0 MiB)
Memory usage after reset: 1623.11328125 MiB (Increase: 0.0 MiB)
Training episode 266
Memory usage at middle: 1623.11328125 MiB (Increase: 0.0 MiB)
Memory usage before collect: 1623.11328125 MiB (Increase: 0.0 MiB)
Memory usage after collect: 1623.11328125 MiB (Increase: 0.0 MiB)
Memory usage before initialization: 1623.11328125 MiB (Increase: 0.0 MiB)
Memory usage after initialization: 1623.11328125 MiB (Increase: 0.0 MiB)
Current lengths of episodes: [1600]
Memory usage at done (index 0, length 1600, since_prev 1600): 1623.11328125 MiB (Increase: 0.0 MiB)
Memory usage before reset: 1623.11328125 MiB (Increase: 0.0 MiB)
Memory usage after reset: 1623.11328125 MiB (Increase: 0.0 MiB)
Training episode 267
Memory usage at middle: 1623.11328125 MiB (Increase: 0.0 MiB)
Memory usage before collect: 1623.11328125 MiB (Increase: 0.0 MiB)
Memory usage after collect: 1623.11328125 MiB (Increase: 0.0 MiB)
Memory usage before initialization: 1623.11328125 MiB (Increase: 0.0 MiB)
Memory usage after initialization: 1623.11328125 MiB (Increase: 0.0 MiB)
Current lengths of episodes: [55]
Memory usage at done (index 0, length 55, since_prev 55): 1623.11328125 MiB (Increase: 0.0 MiB)
Memory usage before reset: 1623.11328125 MiB (Increase: 0.0 MiB)
Memory usage after reset: 1623.11328125 MiB (Increase: 0.0 MiB)
Training episode 268
Memory usage at middle: 1623.11328125 MiB (Increase: 0.0 MiB)
Memory usage before collect: 1623.11328125 MiB (Increase: 0.0 MiB)
Memory usage after collect: 1623.11328125 MiB (Increase: 0.0 MiB)
Memory usage before initialization: 1623.11328125 MiB (Increase: 0.0 MiB)
Memory usage after initialization: 1623.11328125 MiB (Increase: 0.0 MiB)
Current lengths of episodes: [1600]
Memory usage at done (index 0, length 1600, since_prev 1600): 1623.11328125 MiB (Increase: 0.0 MiB)
Memory usage before reset: 1623.11328125 MiB (Increase: 0.0 MiB)
Memory usage after reset: 1623.11328125 MiB (Increase: 0.0 MiB)
Training episode 269
Memory usage at middle: 1623.11328125 MiB (Increase: 0.0 MiB)
Memory usage before collect: 1623.11328125 MiB (Increase: 0.0 MiB)
Memory usage after collect: 1623.11328125 MiB (Increase: 0.0 MiB)
Memory usage before initialization: 1623.11328125 MiB (Increase: 0.0 MiB)
Memory usage after initialization: 1623.11328125 MiB (Increase: 0.0 MiB)
Current lengths of episodes: [65]
Memory usage at done (index 0, length 65, since_prev 65): 1623.11328125 MiB (Increase: 0.0 MiB)
Memory usage before reset: 1623.11328125 MiB (Increase: 0.0 MiB)
Memory usage after reset: 1623.11328125 MiB (Increase: 0.0 MiB)
Training episode 270
Memory usage at middle: 1623.11328125 MiB (Increase: 0.0 MiB)
Memory usage before collect: 1623.11328125 MiB (Increase: 0.0 MiB)
Memory usage after collect: 1623.11328125 MiB (Increase: 0.0 MiB)
Memory usage before initialization: 1623.11328125 MiB (Increase: 0.0 MiB)
Memory usage after initialization: 1623.11328125 MiB (Increase: 0.0 MiB)
Current lengths of episodes: [1600]
Memory usage at done (index 0, length 1600, since_prev 1600): 1623.11328125 MiB (Increase: 0.0 MiB)
Memory usage before reset: 1623.11328125 MiB (Increase: 0.0 MiB)
Memory usage after reset: 1623.11328125 MiB (Increase: 0.0 MiB)
Training episode 271
Memory usage at middle: 1623.11328125 MiB (Increase: 0.0 MiB)
Memory usage before collect: 1623.11328125 MiB (Increase: 0.0 MiB)
Memory usage after collect: 1623.11328125 MiB (Increase: 0.0 MiB)
Memory usage before initialization: 1623.11328125 MiB (Increase: 0.0 MiB)
Memory usage after initialization: 1623.11328125 MiB (Increase: 0.0 MiB)
Current lengths of episodes: [1600]
Memory usage at done (index 0, length 1600, since_prev 1600): 1623.11328125 MiB (Increase: 0.0 MiB)
Memory usage before reset: 1623.11328125 MiB (Increase: 0.0 MiB)
Memory usage after reset: 1623.11328125 MiB (Increase: 0.0 MiB)
Training episode 272
Memory usage at middle: 1623.11328125 MiB (Increase: 0.0 MiB)
Memory usage before collect: 1623.11328125 MiB (Increase: 0.0 MiB)
Memory usage after collect: 1623.11328125 MiB (Increase: 0.0 MiB)
Memory usage before initialization: 1623.11328125 MiB (Increase: 0.0 MiB)
Memory usage after initialization: 1623.11328125 MiB (Increase: 0.0 MiB)
Current lengths of episodes: [1600]
Memory usage at done (index 0, length 1600, since_prev 1600): 1623.11328125 MiB (Increase: 0.0 MiB)
Memory usage before reset: 1623.11328125 MiB (Increase: 0.0 MiB)
Memory usage after reset: 1623.11328125 MiB (Increase: 0.0 MiB)
Training episode 273
Memory usage at middle: 1623.11328125 MiB (Increase: 0.0 MiB)
Memory usage before collect: 1623.11328125 MiB (Increase: 0.0 MiB)
Memory usage after collect: 1623.11328125 MiB (Increase: 0.0 MiB)
Memory usage before initialization: 1623.11328125 MiB (Increase: 0.0 MiB)
Memory usage after initialization: 1623.11328125 MiB (Increase: 0.0 MiB)
Current lengths of episodes: [1600]
Memory usage at done (index 0, length 1600, since_prev 1600): 1623.11328125 MiB (Increase: 0.0 MiB)
Memory usage before reset: 1623.11328125 MiB (Increase: 0.0 MiB)
Memory usage after reset: 1623.11328125 MiB (Increase: 0.0 MiB)
Training episode 274
Memory usage at middle: 1623.11328125 MiB (Increase: 0.0 MiB)
Memory usage before collect: 1623.11328125 MiB (Increase: 0.0 MiB)
Memory usage after collect: 1623.11328125 MiB (Increase: 0.0 MiB)
Memory usage before initialization: 1623.11328125 MiB (Increase: 0.0 MiB)
Memory usage after initialization: 1623.11328125 MiB (Increase: 0.0 MiB)
Current lengths of episodes: [1600]
Memory usage at done (index 0, length 1600, since_prev 1600): 1623.11328125 MiB (Increase: 0.0 MiB)
Memory usage before reset: 1623.11328125 MiB (Increase: 0.0 MiB)
Memory usage after reset: 1623.11328125 MiB (Increase: 0.0 MiB)
Training episode 275
Memory usage at middle: 1623.11328125 MiB (Increase: 0.0 MiB)
Memory usage before collect: 1623.11328125 MiB (Increase: 0.0 MiB)
Memory usage after collect: 1623.11328125 MiB (Increase: 0.0 MiB)
Memory usage before initialization: 1623.11328125 MiB (Increase: 0.0 MiB)
Memory usage after initialization: 1623.11328125 MiB (Increase: 0.0 MiB)
Current lengths of episodes: [54]
Memory usage at done (index 0, length 54, since_prev 54): 1623.11328125 MiB (Increase: 0.0 MiB)
Memory usage before reset: 1623.11328125 MiB (Increase: 0.0 MiB)
Memory usage after reset: 1623.11328125 MiB (Increase: 0.0 MiB)
Training episode 276
Memory usage at middle: 1623.11328125 MiB (Increase: 0.0 MiB)
Memory usage before collect: 1623.11328125 MiB (Increase: 0.0 MiB)
Memory usage after collect: 1623.11328125 MiB (Increase: 0.0 MiB)
Memory usage before initialization: 1623.11328125 MiB (Increase: 0.0 MiB)
Memory usage after initialization: 1623.11328125 MiB (Increase: 0.0 MiB)
Current lengths of episodes: [112]
Memory usage at done (index 0, length 112, since_prev 112): 1623.11328125 MiB (Increase: 0.0 MiB)
Memory usage before reset: 1623.11328125 MiB (Increase: 0.0 MiB)
Memory usage after reset: 1623.11328125 MiB (Increase: 0.0 MiB)
Training episode 277
Memory usage at middle: 1623.11328125 MiB (Increase: 0.0 MiB)
Memory usage before collect: 1623.11328125 MiB (Increase: 0.0 MiB)
Memory usage after collect: 1623.11328125 MiB (Increase: 0.0 MiB)
Memory usage before initialization: 1623.11328125 MiB (Increase: 0.0 MiB)
Memory usage after initialization: 1623.11328125 MiB (Increase: 0.0 MiB)
Current lengths of episodes: [1600]
Memory usage at done (index 0, length 1600, since_prev 1600): 1623.11328125 MiB (Increase: 0.0 MiB)
Memory usage before reset: 1623.11328125 MiB (Increase: 0.0 MiB)
Memory usage after reset: 1623.11328125 MiB (Increase: 0.0 MiB)
Training episode 278
Memory usage at middle: 1623.11328125 MiB (Increase: 0.0 MiB)
Memory usage before collect: 1623.11328125 MiB (Increase: 0.0 MiB)
Memory usage after collect: 1623.11328125 MiB (Increase: 0.0 MiB)
Memory usage before initialization: 1623.11328125 MiB (Increase: 0.0 MiB)
Memory usage after initialization: 1623.11328125 MiB (Increase: 0.0 MiB)
Current lengths of episodes: [1600]
Memory usage at done (index 0, length 1600, since_prev 1600): 1623.11328125 MiB (Increase: 0.0 MiB)
Memory usage before reset: 1623.11328125 MiB (Increase: 0.0 MiB)
Memory usage after reset: 1623.11328125 MiB (Increase: 0.0 MiB)
Training episode 279
Memory usage at middle: 1623.11328125 MiB (Increase: 0.0 MiB)
Memory usage before collect: 1623.11328125 MiB (Increase: 0.0 MiB)
Memory usage after collect: 1623.11328125 MiB (Increase: 0.0 MiB)
Memory usage before initialization: 1623.11328125 MiB (Increase: 0.0 MiB)
Memory usage after initialization: 1623.11328125 MiB (Increase: 0.0 MiB)
Current lengths of episodes: [46]
Memory usage at done (index 0, length 46, since_prev 46): 1623.11328125 MiB (Increase: 0.0 MiB)
Memory usage before reset: 1623.11328125 MiB (Increase: 0.0 MiB)
Memory usage after reset: 1623.11328125 MiB (Increase: 0.0 MiB)
Training episode 280
Memory usage at middle: 1623.11328125 MiB (Increase: 0.0 MiB)
Memory usage before collect: 1623.11328125 MiB (Increase: 0.0 MiB)
Memory usage after collect: 1623.11328125 MiB (Increase: 0.0 MiB)
Memory usage before initialization: 1623.11328125 MiB (Increase: 0.0 MiB)
Memory usage after initialization: 1623.11328125 MiB (Increase: 0.0 MiB)
Current lengths of episodes: [93]
Memory usage at done (index 0, length 93, since_prev 93): 1623.11328125 MiB (Increase: 0.0 MiB)
Memory usage before reset: 1623.11328125 MiB (Increase: 0.0 MiB)
Memory usage after reset: 1623.11328125 MiB (Increase: 0.0 MiB)
Training episode 281
Memory usage at middle: 1623.11328125 MiB (Increase: 0.0 MiB)
Memory usage before collect: 1623.11328125 MiB (Increase: 0.0 MiB)
Memory usage after collect: 1623.11328125 MiB (Increase: 0.0 MiB)
Memory usage before initialization: 1623.11328125 MiB (Increase: 0.0 MiB)
Memory usage after initialization: 1623.11328125 MiB (Increase: 0.0 MiB)
Current lengths of episodes: [67]
Memory usage at done (index 0, length 67, since_prev 67): 1623.11328125 MiB (Increase: 0.0 MiB)
Memory usage before reset: 1623.11328125 MiB (Increase: 0.0 MiB)
Memory usage after reset: 1623.11328125 MiB (Increase: 0.0 MiB)
Training episode 282
Memory usage at middle: 1623.11328125 MiB (Increase: 0.0 MiB)
Memory usage before collect: 1623.11328125 MiB (Increase: 0.0 MiB)
Memory usage after collect: 1623.11328125 MiB (Increase: 0.0 MiB)
Memory usage before initialization: 1623.11328125 MiB (Increase: 0.0 MiB)
Memory usage after initialization: 1623.11328125 MiB (Increase: 0.0 MiB)
Current lengths of episodes: [1600]
Memory usage at done (index 0, length 1600, since_prev 1600): 1623.11328125 MiB (Increase: 0.0 MiB)
Memory usage before reset: 1623.11328125 MiB (Increase: 0.0 MiB)
Memory usage after reset: 1623.11328125 MiB (Increase: 0.0 MiB)
Training episode 283
Memory usage at middle: 1623.11328125 MiB (Increase: 0.0 MiB)
Memory usage before collect: 1623.11328125 MiB (Increase: 0.0 MiB)
Memory usage after collect: 1623.11328125 MiB (Increase: 0.0 MiB)
Memory usage before initialization: 1623.11328125 MiB (Increase: 0.0 MiB)
Memory usage after initialization: 1623.11328125 MiB (Increase: 0.0 MiB)
Current lengths of episodes: [1600]
Memory usage at done (index 0, length 1600, since_prev 1600): 1623.11328125 MiB (Increase: 0.0 MiB)
Memory usage before reset: 1623.11328125 MiB (Increase: 0.0 MiB)
Memory usage after reset: 1623.11328125 MiB (Increase: 0.0 MiB)
Training episode 284
Memory usage at middle: 1623.11328125 MiB (Increase: 0.0 MiB)
Memory usage before collect: 1623.11328125 MiB (Increase: 0.0 MiB)
Memory usage after collect: 1623.11328125 MiB (Increase: 0.0 MiB)
Memory usage before initialization: 1623.11328125 MiB (Increase: 0.0 MiB)
Memory usage after initialization: 1623.11328125 MiB (Increase: 0.0 MiB)
Current lengths of episodes: [1600]
Memory usage at done (index 0, length 1600, since_prev 1600): 1623.11328125 MiB (Increase: 0.0 MiB)
Memory usage before reset: 1623.11328125 MiB (Increase: 0.0 MiB)
Memory usage after reset: 1623.11328125 MiB (Increase: 0.0 MiB)
Training episode 285
Memory usage at middle: 1623.11328125 MiB (Increase: 0.0 MiB)
Memory usage before collect: 1623.11328125 MiB (Increase: 0.0 MiB)
Memory usage after collect: 1623.11328125 MiB (Increase: 0.0 MiB)
Memory usage before initialization: 1623.11328125 MiB (Increase: 0.0 MiB)
Memory usage after initialization: 1623.11328125 MiB (Increase: 0.0 MiB)
Current lengths of episodes: [1600]
Memory usage at done (index 0, length 1600, since_prev 1600): 1623.11328125 MiB (Increase: 0.0 MiB)
Memory usage before reset: 1623.11328125 MiB (Increase: 0.0 MiB)
Memory usage after reset: 1623.11328125 MiB (Increase: 0.0 MiB)
Training episode 286
Memory usage at middle: 1623.11328125 MiB (Increase: 0.0 MiB)
Memory usage before collect: 1623.11328125 MiB (Increase: 0.0 MiB)
Memory usage after collect: 1623.11328125 MiB (Increase: 0.0 MiB)
Memory usage before initialization: 1623.11328125 MiB (Increase: 0.0 MiB)
Memory usage after initialization: 1623.11328125 MiB (Increase: 0.0 MiB)
Current lengths of episodes: [76]
Memory usage at done (index 0, length 76, since_prev 76): 1623.11328125 MiB (Increase: 0.0 MiB)
Memory usage before reset: 1623.11328125 MiB (Increase: 0.0 MiB)
Memory usage after reset: 1623.11328125 MiB (Increase: 0.0 MiB)
Training episode 287
Memory usage at middle: 1623.11328125 MiB (Increase: 0.0 MiB)
Memory usage before collect: 1623.11328125 MiB (Increase: 0.0 MiB)
Memory usage after collect: 1623.11328125 MiB (Increase: 0.0 MiB)
Memory usage before initialization: 1623.11328125 MiB (Increase: 0.0 MiB)
Memory usage after initialization: 1623.11328125 MiB (Increase: 0.0 MiB)
Current lengths of episodes: [1600]
Memory usage at done (index 0, length 1600, since_prev 1600): 1623.11328125 MiB (Increase: 0.0 MiB)
Memory usage before reset: 1623.11328125 MiB (Increase: 0.0 MiB)
Memory usage after reset: 1623.11328125 MiB (Increase: 0.0 MiB)
Training episode 288
Memory usage at middle: 1623.11328125 MiB (Increase: 0.0 MiB)
Memory usage before collect: 1623.11328125 MiB (Increase: 0.0 MiB)
Memory usage after collect: 1623.11328125 MiB (Increase: 0.0 MiB)
Memory usage before initialization: 1623.11328125 MiB (Increase: 0.0 MiB)
Memory usage after initialization: 1623.11328125 MiB (Increase: 0.0 MiB)
Current lengths of episodes: [1600]
Memory usage at done (index 0, length 1600, since_prev 1600): 1623.11328125 MiB (Increase: 0.0 MiB)
Memory usage before reset: 1623.11328125 MiB (Increase: 0.0 MiB)
Memory usage after reset: 1623.11328125 MiB (Increase: 0.0 MiB)
Training episode 289
Memory usage at middle: 1623.11328125 MiB (Increase: 0.0 MiB)
Memory usage before collect: 1623.11328125 MiB (Increase: 0.0 MiB)
Memory usage after collect: 1623.11328125 MiB (Increase: 0.0 MiB)
Memory usage before initialization: 1623.11328125 MiB (Increase: 0.0 MiB)
Memory usage after initialization: 1623.11328125 MiB (Increase: 0.0 MiB)
Current lengths of episodes: [84]
Memory usage at done (index 0, length 84, since_prev 84): 1623.11328125 MiB (Increase: 0.0 MiB)
Memory usage before reset: 1623.11328125 MiB (Increase: 0.0 MiB)
Memory usage after reset: 1623.11328125 MiB (Increase: 0.0 MiB)
Training episode 290
Memory usage at middle: 1623.11328125 MiB (Increase: 0.0 MiB)
Memory usage before collect: 1623.11328125 MiB (Increase: 0.0 MiB)
Memory usage after collect: 1623.11328125 MiB (Increase: 0.0 MiB)
Memory usage before initialization: 1623.11328125 MiB (Increase: 0.0 MiB)
Memory usage after initialization: 1623.11328125 MiB (Increase: 0.0 MiB)
Current lengths of episodes: [1600]
Memory usage at done (index 0, length 1600, since_prev 1600): 1623.11328125 MiB (Increase: 0.0 MiB)
Memory usage before reset: 1623.11328125 MiB (Increase: 0.0 MiB)
Memory usage after reset: 1623.11328125 MiB (Increase: 0.0 MiB)
Training episode 291
Memory usage at middle: 1623.11328125 MiB (Increase: 0.0 MiB)
Memory usage before collect: 1623.11328125 MiB (Increase: 0.0 MiB)
Memory usage after collect: 1623.11328125 MiB (Increase: 0.0 MiB)
Memory usage before initialization: 1623.11328125 MiB (Increase: 0.0 MiB)
Memory usage after initialization: 1623.11328125 MiB (Increase: 0.0 MiB)
Current lengths of episodes: [1600]
Memory usage at done (index 0, length 1600, since_prev 1600): 1623.11328125 MiB (Increase: 0.0 MiB)
Memory usage before reset: 1623.11328125 MiB (Increase: 0.0 MiB)
Memory usage after reset: 1623.11328125 MiB (Increase: 0.0 MiB)
Training episode 292
Memory usage at middle: 1623.11328125 MiB (Increase: 0.0 MiB)
Memory usage before collect: 1623.11328125 MiB (Increase: 0.0 MiB)
Memory usage after collect: 1623.11328125 MiB (Increase: 0.0 MiB)
Memory usage before initialization: 1623.11328125 MiB (Increase: 0.0 MiB)
Memory usage after initialization: 1623.11328125 MiB (Increase: 0.0 MiB)
Current lengths of episodes: [298]
Memory usage at done (index 0, length 298, since_prev 298): 1623.11328125 MiB (Increase: 0.0 MiB)
Memory usage before reset: 1623.11328125 MiB (Increase: 0.0 MiB)
Memory usage after reset: 1623.11328125 MiB (Increase: 0.0 MiB)
Training episode 293
Memory usage at middle: 1623.11328125 MiB (Increase: 0.0 MiB)
Memory usage before collect: 1623.11328125 MiB (Increase: 0.0 MiB)
Memory usage after collect: 1623.11328125 MiB (Increase: 0.0 MiB)
Memory usage before initialization: 1623.11328125 MiB (Increase: 0.0 MiB)
Memory usage after initialization: 1623.11328125 MiB (Increase: 0.0 MiB)
Current lengths of episodes: [137]
Memory usage at done (index 0, length 137, since_prev 137): 1623.11328125 MiB (Increase: 0.0 MiB)
Memory usage before reset: 1623.11328125 MiB (Increase: 0.0 MiB)
Memory usage after reset: 1623.11328125 MiB (Increase: 0.0 MiB)
Training episode 294
Memory usage at middle: 1623.11328125 MiB (Increase: 0.0 MiB)
Memory usage before collect: 1623.11328125 MiB (Increase: 0.0 MiB)
Memory usage after collect: 1623.11328125 MiB (Increase: 0.0 MiB)
Memory usage before initialization: 1623.11328125 MiB (Increase: 0.0 MiB)
Memory usage after initialization: 1623.11328125 MiB (Increase: 0.0 MiB)
Current lengths of episodes: [1600]
Memory usage at done (index 0, length 1600, since_prev 1600): 1623.11328125 MiB (Increase: 0.0 MiB)
Memory usage before reset: 1623.11328125 MiB (Increase: 0.0 MiB)
Memory usage after reset: 1623.11328125 MiB (Increase: 0.0 MiB)
Training episode 295
Memory usage at middle: 1623.11328125 MiB (Increase: 0.0 MiB)
Memory usage before collect: 1623.11328125 MiB (Increase: 0.0 MiB)
Memory usage after collect: 1623.11328125 MiB (Increase: 0.0 MiB)
Memory usage before initialization: 1623.11328125 MiB (Increase: 0.0 MiB)
Memory usage after initialization: 1623.11328125 MiB (Increase: 0.0 MiB)
Current lengths of episodes: [92]
Memory usage at done (index 0, length 92, since_prev 92): 1623.11328125 MiB (Increase: 0.0 MiB)
Memory usage before reset: 1623.11328125 MiB (Increase: 0.0 MiB)
Memory usage after reset: 1623.11328125 MiB (Increase: 0.0 MiB)
Training episode 296
Memory usage at middle: 1623.11328125 MiB (Increase: 0.0 MiB)
Memory usage before collect: 1623.11328125 MiB (Increase: 0.0 MiB)
Memory usage after collect: 1623.11328125 MiB (Increase: 0.0 MiB)
Memory usage before initialization: 1623.11328125 MiB (Increase: 0.0 MiB)
Memory usage after initialization: 1623.11328125 MiB (Increase: 0.0 MiB)
Current lengths of episodes: [1600]
Memory usage at done (index 0, length 1600, since_prev 1600): 1623.11328125 MiB (Increase: 0.0 MiB)
Memory usage before reset: 1623.11328125 MiB (Increase: 0.0 MiB)
Memory usage after reset: 1623.11328125 MiB (Increase: 0.0 MiB)
Training episode 297
Memory usage at middle: 1623.11328125 MiB (Increase: 0.0 MiB)
Memory usage before collect: 1623.11328125 MiB (Increase: 0.0 MiB)
Memory usage after collect: 1623.11328125 MiB (Increase: 0.0 MiB)
Memory usage before initialization: 1623.11328125 MiB (Increase: 0.0 MiB)
Memory usage after initialization: 1623.11328125 MiB (Increase: 0.0 MiB)
Current lengths of episodes: [72]
Memory usage at done (index 0, length 72, since_prev 72): 1623.11328125 MiB (Increase: 0.0 MiB)
Memory usage before reset: 1623.11328125 MiB (Increase: 0.0 MiB)
Memory usage after reset: 1623.11328125 MiB (Increase: 0.0 MiB)
Training episode 298
Memory usage at middle: 1623.11328125 MiB (Increase: 0.0 MiB)
Memory usage before collect: 1623.11328125 MiB (Increase: 0.0 MiB)
Memory usage after collect: 1623.11328125 MiB (Increase: 0.0 MiB)
Memory usage before initialization: 1623.11328125 MiB (Increase: 0.0 MiB)
Memory usage after initialization: 1623.11328125 MiB (Increase: 0.0 MiB)
Current lengths of episodes: [62]
Memory usage at done (index 0, length 62, since_prev 62): 1623.11328125 MiB (Increase: 0.0 MiB)
Memory usage before reset: 1623.11328125 MiB (Increase: 0.0 MiB)
Memory usage after reset: 1623.11328125 MiB (Increase: 0.0 MiB)
Training episode 299
Memory usage at middle: 1623.11328125 MiB (Increase: 0.0 MiB)
Memory usage before collect: 1623.11328125 MiB (Increase: 0.0 MiB)
Memory usage after collect: 1623.11328125 MiB (Increase: 0.0 MiB)
Memory usage before initialization: 1623.11328125 MiB (Increase: 0.0 MiB)
Memory usage after initialization: 1623.11328125 MiB (Increase: 0.0 MiB)
Current lengths of episodes: [128]
Memory usage at done (index 0, length 128, since_prev 128): 1623.11328125 MiB (Increase: 0.0 MiB)
Memory usage before reset: 1623.11328125 MiB (Increase: 0.0 MiB)
Memory usage after reset: 1623.11328125 MiB (Increase: 0.0 MiB)
Training episode 300
Memory usage at middle: 1623.11328125 MiB (Increase: 0.0 MiB)
Memory usage before collect: 1623.11328125 MiB (Increase: 0.0 MiB)
Memory usage after collect: 1623.11328125 MiB (Increase: 0.0 MiB)
Episode 300	Average evaluation: -19.94796554992111
Memory usage before initialization: 1623.11328125 MiB (Increase: 0.0 MiB)
Memory usage after initialization: 1623.11328125 MiB (Increase: 0.0 MiB)
Current lengths of episodes: [91]
Memory usage at done (index 0, length 91, since_prev 91): 1623.11328125 MiB (Increase: 0.0 MiB)
Memory usage before reset: 1623.11328125 MiB (Increase: 0.0 MiB)
Memory usage after reset: 1623.11328125 MiB (Increase: 0.0 MiB)
Training episode 301
Memory usage at middle: 1623.11328125 MiB (Increase: 0.0 MiB)
Memory usage before collect: 1623.11328125 MiB (Increase: 0.0 MiB)
Memory usage after collect: 1623.11328125 MiB (Increase: 0.0 MiB)
Memory usage before initialization: 1623.11328125 MiB (Increase: 0.0 MiB)
Memory usage after initialization: 1623.11328125 MiB (Increase: 0.0 MiB)
Current lengths of episodes: [57]
Memory usage at done (index 0, length 57, since_prev 57): 1623.11328125 MiB (Increase: 0.0 MiB)
Memory usage before reset: 1623.11328125 MiB (Increase: 0.0 MiB)
Memory usage after reset: 1623.11328125 MiB (Increase: 0.0 MiB)
Training episode 302
Memory usage at middle: 1623.11328125 MiB (Increase: 0.0 MiB)
Memory usage before collect: 1623.11328125 MiB (Increase: 0.0 MiB)
Memory usage after collect: 1623.11328125 MiB (Increase: 0.0 MiB)
Memory usage before initialization: 1623.11328125 MiB (Increase: 0.0 MiB)
Memory usage after initialization: 1623.11328125 MiB (Increase: 0.0 MiB)
Current lengths of episodes: [1600]
Memory usage at done (index 0, length 1600, since_prev 1600): 1623.11328125 MiB (Increase: 0.0 MiB)
Memory usage before reset: 1623.11328125 MiB (Increase: 0.0 MiB)
Memory usage after reset: 1623.11328125 MiB (Increase: 0.0 MiB)
Training episode 303
Memory usage at middle: 1623.11328125 MiB (Increase: 0.0 MiB)
Memory usage before collect: 1623.11328125 MiB (Increase: 0.0 MiB)
Memory usage after collect: 1623.11328125 MiB (Increase: 0.0 MiB)
Memory usage before initialization: 1623.11328125 MiB (Increase: 0.0 MiB)
Memory usage after initialization: 1623.11328125 MiB (Increase: 0.0 MiB)
Current lengths of episodes: [1600]
Memory usage at done (index 0, length 1600, since_prev 1600): 1623.11328125 MiB (Increase: 0.0 MiB)
Memory usage before reset: 1623.11328125 MiB (Increase: 0.0 MiB)
Memory usage after reset: 1623.11328125 MiB (Increase: 0.0 MiB)
Training episode 304
Memory usage at middle: 1623.11328125 MiB (Increase: 0.0 MiB)
Memory usage before collect: 1623.11328125 MiB (Increase: 0.0 MiB)
Memory usage after collect: 1623.11328125 MiB (Increase: 0.0 MiB)
Memory usage before initialization: 1623.11328125 MiB (Increase: 0.0 MiB)
Memory usage after initialization: 1623.11328125 MiB (Increase: 0.0 MiB)
Current lengths of episodes: [1600]
Memory usage at done (index 0, length 1600, since_prev 1600): 1623.11328125 MiB (Increase: 0.0 MiB)
Memory usage before reset: 1623.11328125 MiB (Increase: 0.0 MiB)
Memory usage after reset: 1623.11328125 MiB (Increase: 0.0 MiB)
Training episode 305
Memory usage at middle: 1623.11328125 MiB (Increase: 0.0 MiB)
Memory usage before collect: 1623.11328125 MiB (Increase: 0.0 MiB)
Memory usage after collect: 1623.11328125 MiB (Increase: 0.0 MiB)
Memory usage before initialization: 1623.11328125 MiB (Increase: 0.0 MiB)
Memory usage after initialization: 1623.11328125 MiB (Increase: 0.0 MiB)
Current lengths of episodes: [1600]
Memory usage at done (index 0, length 1600, since_prev 1600): 1623.11328125 MiB (Increase: 0.0 MiB)
Memory usage before reset: 1623.11328125 MiB (Increase: 0.0 MiB)
Memory usage after reset: 1623.11328125 MiB (Increase: 0.0 MiB)
Training episode 306
Memory usage at middle: 1623.11328125 MiB (Increase: 0.0 MiB)
Memory usage before collect: 1623.11328125 MiB (Increase: 0.0 MiB)
Memory usage after collect: 1623.11328125 MiB (Increase: 0.0 MiB)
Memory usage before initialization: 1623.11328125 MiB (Increase: 0.0 MiB)
Memory usage after initialization: 1623.11328125 MiB (Increase: 0.0 MiB)
Current lengths of episodes: [53]
Memory usage at done (index 0, length 53, since_prev 53): 1623.11328125 MiB (Increase: 0.0 MiB)
Memory usage before reset: 1623.11328125 MiB (Increase: 0.0 MiB)
Memory usage after reset: 1623.11328125 MiB (Increase: 0.0 MiB)
Training episode 307
Memory usage at middle: 1623.11328125 MiB (Increase: 0.0 MiB)
Memory usage before collect: 1623.11328125 MiB (Increase: 0.0 MiB)
Memory usage after collect: 1623.11328125 MiB (Increase: 0.0 MiB)
Memory usage before initialization: 1623.11328125 MiB (Increase: 0.0 MiB)
Memory usage after initialization: 1623.11328125 MiB (Increase: 0.0 MiB)
Current lengths of episodes: [1600]
Memory usage at done (index 0, length 1600, since_prev 1600): 1623.11328125 MiB (Increase: 0.0 MiB)
Memory usage before reset: 1623.11328125 MiB (Increase: 0.0 MiB)
Memory usage after reset: 1623.11328125 MiB (Increase: 0.0 MiB)
Training episode 308
Memory usage at middle: 1623.11328125 MiB (Increase: 0.0 MiB)
Memory usage before collect: 1623.11328125 MiB (Increase: 0.0 MiB)
Memory usage after collect: 1623.11328125 MiB (Increase: 0.0 MiB)
Memory usage before initialization: 1623.11328125 MiB (Increase: 0.0 MiB)
Memory usage after initialization: 1623.11328125 MiB (Increase: 0.0 MiB)
Current lengths of episodes: [51]
Memory usage at done (index 0, length 51, since_prev 51): 1623.11328125 MiB (Increase: 0.0 MiB)
Memory usage before reset: 1623.11328125 MiB (Increase: 0.0 MiB)
Memory usage after reset: 1623.11328125 MiB (Increase: 0.0 MiB)
Training episode 309
Memory usage at middle: 1623.11328125 MiB (Increase: 0.0 MiB)
Memory usage before collect: 1623.11328125 MiB (Increase: 0.0 MiB)
Memory usage after collect: 1623.11328125 MiB (Increase: 0.0 MiB)
Memory usage before initialization: 1623.11328125 MiB (Increase: 0.0 MiB)
Memory usage after initialization: 1623.11328125 MiB (Increase: 0.0 MiB)
Current lengths of episodes: [1600]
Memory usage at done (index 0, length 1600, since_prev 1600): 1623.11328125 MiB (Increase: 0.0 MiB)
Memory usage before reset: 1623.11328125 MiB (Increase: 0.0 MiB)
Memory usage after reset: 1623.11328125 MiB (Increase: 0.0 MiB)
Training episode 310
Memory usage at middle: 1623.11328125 MiB (Increase: 0.0 MiB)
Memory usage before collect: 1623.11328125 MiB (Increase: 0.0 MiB)
Memory usage after collect: 1623.11328125 MiB (Increase: 0.0 MiB)
Memory usage before initialization: 1623.11328125 MiB (Increase: 0.0 MiB)
Memory usage after initialization: 1623.11328125 MiB (Increase: 0.0 MiB)
Current lengths of episodes: [89]
Memory usage at done (index 0, length 89, since_prev 89): 1623.11328125 MiB (Increase: 0.0 MiB)
Memory usage before reset: 1623.11328125 MiB (Increase: 0.0 MiB)
Memory usage after reset: 1623.11328125 MiB (Increase: 0.0 MiB)
Training episode 311
Memory usage at middle: 1623.11328125 MiB (Increase: 0.0 MiB)
Memory usage before collect: 1623.11328125 MiB (Increase: 0.0 MiB)
Memory usage after collect: 1623.11328125 MiB (Increase: 0.0 MiB)
Memory usage before initialization: 1623.11328125 MiB (Increase: 0.0 MiB)
Memory usage after initialization: 1623.11328125 MiB (Increase: 0.0 MiB)
Current lengths of episodes: [1600]
Memory usage at done (index 0, length 1600, since_prev 1600): 1623.11328125 MiB (Increase: 0.0 MiB)
Memory usage before reset: 1623.11328125 MiB (Increase: 0.0 MiB)
Memory usage after reset: 1623.11328125 MiB (Increase: 0.0 MiB)
Training episode 312
Memory usage at middle: 1623.11328125 MiB (Increase: 0.0 MiB)
Memory usage before collect: 1623.11328125 MiB (Increase: 0.0 MiB)
Memory usage after collect: 1623.11328125 MiB (Increase: 0.0 MiB)
Memory usage before initialization: 1623.11328125 MiB (Increase: 0.0 MiB)
Memory usage after initialization: 1623.11328125 MiB (Increase: 0.0 MiB)
Current lengths of episodes: [1600]
Memory usage at done (index 0, length 1600, since_prev 1600): 1623.11328125 MiB (Increase: 0.0 MiB)
Memory usage before reset: 1623.11328125 MiB (Increase: 0.0 MiB)
Memory usage after reset: 1623.11328125 MiB (Increase: 0.0 MiB)
Training episode 313
Memory usage at middle: 1623.11328125 MiB (Increase: 0.0 MiB)
Memory usage before collect: 1623.11328125 MiB (Increase: 0.0 MiB)
Memory usage after collect: 1623.11328125 MiB (Increase: 0.0 MiB)
Memory usage before initialization: 1623.11328125 MiB (Increase: 0.0 MiB)
Memory usage after initialization: 1623.11328125 MiB (Increase: 0.0 MiB)
Current lengths of episodes: [1600]
Memory usage at done (index 0, length 1600, since_prev 1600): 1623.11328125 MiB (Increase: 0.0 MiB)
Memory usage before reset: 1623.11328125 MiB (Increase: 0.0 MiB)
Memory usage after reset: 1623.11328125 MiB (Increase: 0.0 MiB)
Training episode 314
Memory usage at middle: 1623.11328125 MiB (Increase: 0.0 MiB)
Memory usage before collect: 1623.11328125 MiB (Increase: 0.0 MiB)
Memory usage after collect: 1623.11328125 MiB (Increase: 0.0 MiB)
Memory usage before initialization: 1623.11328125 MiB (Increase: 0.0 MiB)
Memory usage after initialization: 1623.11328125 MiB (Increase: 0.0 MiB)
Current lengths of episodes: [110]
Memory usage at done (index 0, length 110, since_prev 110): 1623.11328125 MiB (Increase: 0.0 MiB)
Memory usage before reset: 1623.11328125 MiB (Increase: 0.0 MiB)
Memory usage after reset: 1623.11328125 MiB (Increase: 0.0 MiB)
Training episode 315
Memory usage at middle: 1623.11328125 MiB (Increase: 0.0 MiB)
Memory usage before collect: 1623.11328125 MiB (Increase: 0.0 MiB)
Memory usage after collect: 1623.11328125 MiB (Increase: 0.0 MiB)
Memory usage before initialization: 1623.11328125 MiB (Increase: 0.0 MiB)
Memory usage after initialization: 1623.11328125 MiB (Increase: 0.0 MiB)
Current lengths of episodes: [61]
Memory usage at done (index 0, length 61, since_prev 61): 1623.11328125 MiB (Increase: 0.0 MiB)
Memory usage before reset: 1623.11328125 MiB (Increase: 0.0 MiB)
Memory usage after reset: 1623.11328125 MiB (Increase: 0.0 MiB)
Training episode 316
Memory usage at middle: 1623.11328125 MiB (Increase: 0.0 MiB)
Memory usage before collect: 1623.11328125 MiB (Increase: 0.0 MiB)
Memory usage after collect: 1623.11328125 MiB (Increase: 0.0 MiB)
Memory usage before initialization: 1623.11328125 MiB (Increase: 0.0 MiB)
Memory usage after initialization: 1623.11328125 MiB (Increase: 0.0 MiB)
Current lengths of episodes: [66]
Memory usage at done (index 0, length 66, since_prev 66): 1623.11328125 MiB (Increase: 0.0 MiB)
Memory usage before reset: 1623.11328125 MiB (Increase: 0.0 MiB)
Memory usage after reset: 1623.11328125 MiB (Increase: 0.0 MiB)
Training episode 317
Memory usage at middle: 1623.11328125 MiB (Increase: 0.0 MiB)
Memory usage before collect: 1623.11328125 MiB (Increase: 0.0 MiB)
Memory usage after collect: 1623.11328125 MiB (Increase: 0.0 MiB)
Memory usage before initialization: 1623.11328125 MiB (Increase: 0.0 MiB)
Memory usage after initialization: 1623.11328125 MiB (Increase: 0.0 MiB)
Current lengths of episodes: [1600]
Memory usage at done (index 0, length 1600, since_prev 1600): 1623.11328125 MiB (Increase: 0.0 MiB)
Memory usage before reset: 1623.11328125 MiB (Increase: 0.0 MiB)
Memory usage after reset: 1623.11328125 MiB (Increase: 0.0 MiB)
Training episode 318
Memory usage at middle: 1623.11328125 MiB (Increase: 0.0 MiB)
Memory usage before collect: 1623.11328125 MiB (Increase: 0.0 MiB)
Memory usage after collect: 1623.11328125 MiB (Increase: 0.0 MiB)
Memory usage before initialization: 1623.11328125 MiB (Increase: 0.0 MiB)
Memory usage after initialization: 1623.11328125 MiB (Increase: 0.0 MiB)
Current lengths of episodes: [1600]
Memory usage at done (index 0, length 1600, since_prev 1600): 1623.11328125 MiB (Increase: 0.0 MiB)
Memory usage before reset: 1623.11328125 MiB (Increase: 0.0 MiB)
Memory usage after reset: 1623.11328125 MiB (Increase: 0.0 MiB)
Training episode 319
Memory usage at middle: 1623.11328125 MiB (Increase: 0.0 MiB)
Memory usage before collect: 1623.11328125 MiB (Increase: 0.0 MiB)
Memory usage after collect: 1623.11328125 MiB (Increase: 0.0 MiB)
Memory usage before initialization: 1623.11328125 MiB (Increase: 0.0 MiB)
Memory usage after initialization: 1623.11328125 MiB (Increase: 0.0 MiB)
Current lengths of episodes: [1600]
Memory usage at done (index 0, length 1600, since_prev 1600): 1623.11328125 MiB (Increase: 0.0 MiB)
Memory usage before reset: 1623.11328125 MiB (Increase: 0.0 MiB)
Memory usage after reset: 1623.11328125 MiB (Increase: 0.0 MiB)
Training episode 320
Memory usage at middle: 1623.11328125 MiB (Increase: 0.0 MiB)
Memory usage before collect: 1623.11328125 MiB (Increase: 0.0 MiB)
Memory usage after collect: 1623.11328125 MiB (Increase: 0.0 MiB)
Memory usage before initialization: 1623.11328125 MiB (Increase: 0.0 MiB)
Memory usage after initialization: 1623.11328125 MiB (Increase: 0.0 MiB)
Current lengths of episodes: [85]
Memory usage at done (index 0, length 85, since_prev 85): 1623.11328125 MiB (Increase: 0.0 MiB)
Memory usage before reset: 1623.11328125 MiB (Increase: 0.0 MiB)
Memory usage after reset: 1623.11328125 MiB (Increase: 0.0 MiB)
Training episode 321
Memory usage at middle: 1623.11328125 MiB (Increase: 0.0 MiB)
Memory usage before collect: 1623.11328125 MiB (Increase: 0.0 MiB)
Memory usage after collect: 1623.11328125 MiB (Increase: 0.0 MiB)
Memory usage before initialization: 1623.11328125 MiB (Increase: 0.0 MiB)
Memory usage after initialization: 1623.11328125 MiB (Increase: 0.0 MiB)
Current lengths of episodes: [1600]
Memory usage at done (index 0, length 1600, since_prev 1600): 1623.11328125 MiB (Increase: 0.0 MiB)
Memory usage before reset: 1623.11328125 MiB (Increase: 0.0 MiB)
Memory usage after reset: 1623.11328125 MiB (Increase: 0.0 MiB)
Training episode 322
Memory usage at middle: 1623.11328125 MiB (Increase: 0.0 MiB)
Memory usage before collect: 1623.11328125 MiB (Increase: 0.0 MiB)
Memory usage after collect: 1623.11328125 MiB (Increase: 0.0 MiB)
Memory usage before initialization: 1623.11328125 MiB (Increase: 0.0 MiB)
Memory usage after initialization: 1623.11328125 MiB (Increase: 0.0 MiB)
Current lengths of episodes: [180]
Memory usage at done (index 0, length 180, since_prev 180): 1623.11328125 MiB (Increase: 0.0 MiB)
Memory usage before reset: 1623.11328125 MiB (Increase: 0.0 MiB)
Memory usage after reset: 1623.11328125 MiB (Increase: 0.0 MiB)
Training episode 323
Memory usage at middle: 1623.11328125 MiB (Increase: 0.0 MiB)
Memory usage before collect: 1623.11328125 MiB (Increase: 0.0 MiB)
Memory usage after collect: 1623.11328125 MiB (Increase: 0.0 MiB)
Memory usage before initialization: 1623.11328125 MiB (Increase: 0.0 MiB)
Memory usage after initialization: 1623.11328125 MiB (Increase: 0.0 MiB)
Current lengths of episodes: [67]
Memory usage at done (index 0, length 67, since_prev 67): 1623.11328125 MiB (Increase: 0.0 MiB)
Memory usage before reset: 1623.11328125 MiB (Increase: 0.0 MiB)
Memory usage after reset: 1623.11328125 MiB (Increase: 0.0 MiB)
Training episode 324
Memory usage at middle: 1623.11328125 MiB (Increase: 0.0 MiB)
Memory usage before collect: 1623.11328125 MiB (Increase: 0.0 MiB)
Memory usage after collect: 1623.11328125 MiB (Increase: 0.0 MiB)
Memory usage before initialization: 1623.11328125 MiB (Increase: 0.0 MiB)
Memory usage after initialization: 1623.11328125 MiB (Increase: 0.0 MiB)
Current lengths of episodes: [52]
Memory usage at done (index 0, length 52, since_prev 52): 1623.11328125 MiB (Increase: 0.0 MiB)
Memory usage before reset: 1623.11328125 MiB (Increase: 0.0 MiB)
Memory usage after reset: 1623.11328125 MiB (Increase: 0.0 MiB)
Training episode 325
Memory usage at middle: 1623.11328125 MiB (Increase: 0.0 MiB)
Memory usage before collect: 1623.11328125 MiB (Increase: 0.0 MiB)
Memory usage after collect: 1623.11328125 MiB (Increase: 0.0 MiB)
Memory usage before initialization: 1623.11328125 MiB (Increase: 0.0 MiB)
Memory usage after initialization: 1623.11328125 MiB (Increase: 0.0 MiB)
Current lengths of episodes: [33]
Memory usage at done (index 0, length 33, since_prev 33): 1623.11328125 MiB (Increase: 0.0 MiB)
Memory usage before reset: 1623.11328125 MiB (Increase: 0.0 MiB)
Memory usage after reset: 1623.11328125 MiB (Increase: 0.0 MiB)
Training episode 326
Memory usage at middle: 1623.11328125 MiB (Increase: 0.0 MiB)
Memory usage before collect: 1623.11328125 MiB (Increase: 0.0 MiB)
Memory usage after collect: 1623.11328125 MiB (Increase: 0.0 MiB)
Memory usage before initialization: 1623.11328125 MiB (Increase: 0.0 MiB)
Memory usage after initialization: 1623.11328125 MiB (Increase: 0.0 MiB)
Current lengths of episodes: [1600]
Memory usage at done (index 0, length 1600, since_prev 1600): 1623.11328125 MiB (Increase: 0.0 MiB)
Memory usage before reset: 1623.11328125 MiB (Increase: 0.0 MiB)
Memory usage after reset: 1623.11328125 MiB (Increase: 0.0 MiB)
Training episode 327
Memory usage at middle: 1623.11328125 MiB (Increase: 0.0 MiB)
Memory usage before collect: 1623.11328125 MiB (Increase: 0.0 MiB)
Memory usage after collect: 1623.11328125 MiB (Increase: 0.0 MiB)
Memory usage before initialization: 1623.11328125 MiB (Increase: 0.0 MiB)
Memory usage after initialization: 1623.11328125 MiB (Increase: 0.0 MiB)
Current lengths of episodes: [1600]
Memory usage at done (index 0, length 1600, since_prev 1600): 1623.11328125 MiB (Increase: 0.0 MiB)
Memory usage before reset: 1623.11328125 MiB (Increase: 0.0 MiB)
Memory usage after reset: 1623.11328125 MiB (Increase: 0.0 MiB)
Training episode 328
Memory usage at middle: 1623.11328125 MiB (Increase: 0.0 MiB)
Memory usage before collect: 1623.11328125 MiB (Increase: 0.0 MiB)
Memory usage after collect: 1623.11328125 MiB (Increase: 0.0 MiB)
Memory usage before initialization: 1623.11328125 MiB (Increase: 0.0 MiB)
Memory usage after initialization: 1623.11328125 MiB (Increase: 0.0 MiB)
Current lengths of episodes: [107]
Memory usage at done (index 0, length 107, since_prev 107): 1623.11328125 MiB (Increase: 0.0 MiB)
Memory usage before reset: 1623.11328125 MiB (Increase: 0.0 MiB)
Memory usage after reset: 1623.11328125 MiB (Increase: 0.0 MiB)
Training episode 329
Memory usage at middle: 1623.11328125 MiB (Increase: 0.0 MiB)
Memory usage before collect: 1623.11328125 MiB (Increase: 0.0 MiB)
Memory usage after collect: 1623.11328125 MiB (Increase: 0.0 MiB)
Memory usage before initialization: 1623.11328125 MiB (Increase: 0.0 MiB)
Memory usage after initialization: 1623.11328125 MiB (Increase: 0.0 MiB)
Current lengths of episodes: [281]
Memory usage at done (index 0, length 281, since_prev 281): 1623.11328125 MiB (Increase: 0.0 MiB)
Memory usage before reset: 1623.11328125 MiB (Increase: 0.0 MiB)
Memory usage after reset: 1623.11328125 MiB (Increase: 0.0 MiB)
Training episode 330
Memory usage at middle: 1623.11328125 MiB (Increase: 0.0 MiB)
Memory usage before collect: 1623.11328125 MiB (Increase: 0.0 MiB)
Memory usage after collect: 1623.11328125 MiB (Increase: 0.0 MiB)
Memory usage before initialization: 1623.11328125 MiB (Increase: 0.0 MiB)
Memory usage after initialization: 1623.11328125 MiB (Increase: 0.0 MiB)
Current lengths of episodes: [75]
Memory usage at done (index 0, length 75, since_prev 75): 1623.11328125 MiB (Increase: 0.0 MiB)
Memory usage before reset: 1623.11328125 MiB (Increase: 0.0 MiB)
Memory usage after reset: 1623.11328125 MiB (Increase: 0.0 MiB)
Training episode 331
Memory usage at middle: 1623.11328125 MiB (Increase: 0.0 MiB)
Memory usage before collect: 1623.11328125 MiB (Increase: 0.0 MiB)
Memory usage after collect: 1623.11328125 MiB (Increase: 0.0 MiB)
Memory usage before initialization: 1623.11328125 MiB (Increase: 0.0 MiB)
Memory usage after initialization: 1623.11328125 MiB (Increase: 0.0 MiB)
Current lengths of episodes: [1600]
Memory usage at done (index 0, length 1600, since_prev 1600): 1623.11328125 MiB (Increase: 0.0 MiB)
Memory usage before reset: 1623.11328125 MiB (Increase: 0.0 MiB)
Memory usage after reset: 1623.11328125 MiB (Increase: 0.0 MiB)
Training episode 332
Memory usage at middle: 1623.11328125 MiB (Increase: 0.0 MiB)
Memory usage before collect: 1623.11328125 MiB (Increase: 0.0 MiB)
Memory usage after collect: 1623.11328125 MiB (Increase: 0.0 MiB)
Memory usage before initialization: 1623.11328125 MiB (Increase: 0.0 MiB)
Memory usage after initialization: 1623.11328125 MiB (Increase: 0.0 MiB)
Current lengths of episodes: [1600]
Memory usage at done (index 0, length 1600, since_prev 1600): 1623.11328125 MiB (Increase: 0.0 MiB)
Memory usage before reset: 1623.11328125 MiB (Increase: 0.0 MiB)
Memory usage after reset: 1623.11328125 MiB (Increase: 0.0 MiB)
Training episode 333
Memory usage at middle: 1623.11328125 MiB (Increase: 0.0 MiB)
Memory usage before collect: 1623.11328125 MiB (Increase: 0.0 MiB)
Memory usage after collect: 1623.11328125 MiB (Increase: 0.0 MiB)
Memory usage before initialization: 1623.11328125 MiB (Increase: 0.0 MiB)
Memory usage after initialization: 1623.11328125 MiB (Increase: 0.0 MiB)
Current lengths of episodes: [1600]
Memory usage at done (index 0, length 1600, since_prev 1600): 1623.11328125 MiB (Increase: 0.0 MiB)
Memory usage before reset: 1623.11328125 MiB (Increase: 0.0 MiB)
Memory usage after reset: 1623.11328125 MiB (Increase: 0.0 MiB)
Training episode 334
Memory usage at middle: 1623.11328125 MiB (Increase: 0.0 MiB)
Memory usage before collect: 1623.11328125 MiB (Increase: 0.0 MiB)
Memory usage after collect: 1623.11328125 MiB (Increase: 0.0 MiB)
Memory usage before initialization: 1623.11328125 MiB (Increase: 0.0 MiB)
Memory usage after initialization: 1623.11328125 MiB (Increase: 0.0 MiB)
Current lengths of episodes: [1600]
Memory usage at done (index 0, length 1600, since_prev 1600): 1623.11328125 MiB (Increase: 0.0 MiB)
Memory usage before reset: 1623.11328125 MiB (Increase: 0.0 MiB)
Memory usage after reset: 1623.11328125 MiB (Increase: 0.0 MiB)
Training episode 335
Memory usage at middle: 1623.11328125 MiB (Increase: 0.0 MiB)
Memory usage before collect: 1623.11328125 MiB (Increase: 0.0 MiB)
Memory usage after collect: 1623.11328125 MiB (Increase: 0.0 MiB)
Memory usage before initialization: 1623.11328125 MiB (Increase: 0.0 MiB)
Memory usage after initialization: 1623.11328125 MiB (Increase: 0.0 MiB)
Current lengths of episodes: [1600]
Memory usage at done (index 0, length 1600, since_prev 1600): 1623.11328125 MiB (Increase: 0.0 MiB)
Memory usage before reset: 1623.11328125 MiB (Increase: 0.0 MiB)
Memory usage after reset: 1623.11328125 MiB (Increase: 0.0 MiB)
Training episode 336
Memory usage at middle: 1623.11328125 MiB (Increase: 0.0 MiB)
Memory usage before collect: 1623.11328125 MiB (Increase: 0.0 MiB)
Memory usage after collect: 1623.11328125 MiB (Increase: 0.0 MiB)
Memory usage before initialization: 1623.11328125 MiB (Increase: 0.0 MiB)
Memory usage after initialization: 1623.11328125 MiB (Increase: 0.0 MiB)
Current lengths of episodes: [94]
Memory usage at done (index 0, length 94, since_prev 94): 1623.11328125 MiB (Increase: 0.0 MiB)
Memory usage before reset: 1623.11328125 MiB (Increase: 0.0 MiB)
Memory usage after reset: 1623.11328125 MiB (Increase: 0.0 MiB)
Training episode 337
Memory usage at middle: 1623.11328125 MiB (Increase: 0.0 MiB)
Memory usage before collect: 1623.11328125 MiB (Increase: 0.0 MiB)
Memory usage after collect: 1623.11328125 MiB (Increase: 0.0 MiB)
Memory usage before initialization: 1623.11328125 MiB (Increase: 0.0 MiB)
Memory usage after initialization: 1623.11328125 MiB (Increase: 0.0 MiB)
Current lengths of episodes: [1600]
Memory usage at done (index 0, length 1600, since_prev 1600): 1623.11328125 MiB (Increase: 0.0 MiB)
Memory usage before reset: 1623.11328125 MiB (Increase: 0.0 MiB)
Memory usage after reset: 1623.11328125 MiB (Increase: 0.0 MiB)
Training episode 338
Memory usage at middle: 1623.11328125 MiB (Increase: 0.0 MiB)
Memory usage before collect: 1623.11328125 MiB (Increase: 0.0 MiB)
Memory usage after collect: 1623.11328125 MiB (Increase: 0.0 MiB)
Memory usage before initialization: 1623.11328125 MiB (Increase: 0.0 MiB)
Memory usage after initialization: 1623.11328125 MiB (Increase: 0.0 MiB)
Current lengths of episodes: [1600]
Memory usage at done (index 0, length 1600, since_prev 1600): 1623.11328125 MiB (Increase: 0.0 MiB)
Memory usage before reset: 1623.11328125 MiB (Increase: 0.0 MiB)
Memory usage after reset: 1623.11328125 MiB (Increase: 0.0 MiB)
Training episode 339
Memory usage at middle: 1623.11328125 MiB (Increase: 0.0 MiB)
Memory usage before collect: 1623.11328125 MiB (Increase: 0.0 MiB)
Memory usage after collect: 1623.11328125 MiB (Increase: 0.0 MiB)
Memory usage before initialization: 1623.11328125 MiB (Increase: 0.0 MiB)
Memory usage after initialization: 1623.11328125 MiB (Increase: 0.0 MiB)
Current lengths of episodes: [1600]
Memory usage at done (index 0, length 1600, since_prev 1600): 1623.11328125 MiB (Increase: 0.0 MiB)
Memory usage before reset: 1623.11328125 MiB (Increase: 0.0 MiB)
Memory usage after reset: 1623.11328125 MiB (Increase: 0.0 MiB)
Training episode 340
Memory usage at middle: 1623.11328125 MiB (Increase: 0.0 MiB)
Memory usage before collect: 1623.11328125 MiB (Increase: 0.0 MiB)
Memory usage after collect: 1623.11328125 MiB (Increase: 0.0 MiB)
Memory usage before initialization: 1623.11328125 MiB (Increase: 0.0 MiB)
Memory usage after initialization: 1623.11328125 MiB (Increase: 0.0 MiB)
Current lengths of episodes: [59]
Memory usage at done (index 0, length 59, since_prev 59): 1623.11328125 MiB (Increase: 0.0 MiB)
Memory usage before reset: 1623.11328125 MiB (Increase: 0.0 MiB)
Memory usage after reset: 1623.11328125 MiB (Increase: 0.0 MiB)
Training episode 341
Memory usage at middle: 1623.11328125 MiB (Increase: 0.0 MiB)
Memory usage before collect: 1623.11328125 MiB (Increase: 0.0 MiB)
Memory usage after collect: 1623.11328125 MiB (Increase: 0.0 MiB)
Memory usage before initialization: 1623.11328125 MiB (Increase: 0.0 MiB)
Memory usage after initialization: 1623.11328125 MiB (Increase: 0.0 MiB)
Current lengths of episodes: [1600]
Memory usage at done (index 0, length 1600, since_prev 1600): 1623.11328125 MiB (Increase: 0.0 MiB)
Memory usage before reset: 1623.11328125 MiB (Increase: 0.0 MiB)
Memory usage after reset: 1623.11328125 MiB (Increase: 0.0 MiB)
Training episode 342
Memory usage at middle: 1623.11328125 MiB (Increase: 0.0 MiB)
Memory usage before collect: 1623.11328125 MiB (Increase: 0.0 MiB)
Memory usage after collect: 1623.11328125 MiB (Increase: 0.0 MiB)
Memory usage before initialization: 1623.11328125 MiB (Increase: 0.0 MiB)
Memory usage after initialization: 1623.11328125 MiB (Increase: 0.0 MiB)
Current lengths of episodes: [1600]
Memory usage at done (index 0, length 1600, since_prev 1600): 1623.11328125 MiB (Increase: 0.0 MiB)
Memory usage before reset: 1623.11328125 MiB (Increase: 0.0 MiB)
Memory usage after reset: 1623.11328125 MiB (Increase: 0.0 MiB)
Training episode 343
Memory usage at middle: 1623.11328125 MiB (Increase: 0.0 MiB)
Memory usage before collect: 1623.11328125 MiB (Increase: 0.0 MiB)
Memory usage after collect: 1623.11328125 MiB (Increase: 0.0 MiB)
Memory usage before initialization: 1623.11328125 MiB (Increase: 0.0 MiB)
Memory usage after initialization: 1623.11328125 MiB (Increase: 0.0 MiB)
Current lengths of episodes: [57]
Memory usage at done (index 0, length 57, since_prev 57): 1623.11328125 MiB (Increase: 0.0 MiB)
Memory usage before reset: 1623.11328125 MiB (Increase: 0.0 MiB)
Memory usage after reset: 1623.11328125 MiB (Increase: 0.0 MiB)
Training episode 344
Memory usage at middle: 1623.11328125 MiB (Increase: 0.0 MiB)
Memory usage before collect: 1623.11328125 MiB (Increase: 0.0 MiB)
Memory usage after collect: 1623.11328125 MiB (Increase: 0.0 MiB)
Memory usage before initialization: 1623.11328125 MiB (Increase: 0.0 MiB)
Memory usage after initialization: 1623.11328125 MiB (Increase: 0.0 MiB)
Current lengths of episodes: [1600]
Memory usage at done (index 0, length 1600, since_prev 1600): 1623.11328125 MiB (Increase: 0.0 MiB)
Memory usage before reset: 1623.11328125 MiB (Increase: 0.0 MiB)
Memory usage after reset: 1623.11328125 MiB (Increase: 0.0 MiB)
Training episode 345
Memory usage at middle: 1623.11328125 MiB (Increase: 0.0 MiB)
Memory usage before collect: 1623.11328125 MiB (Increase: 0.0 MiB)
Memory usage after collect: 1623.11328125 MiB (Increase: 0.0 MiB)
Memory usage before initialization: 1623.11328125 MiB (Increase: 0.0 MiB)
Memory usage after initialization: 1623.11328125 MiB (Increase: 0.0 MiB)
Current lengths of episodes: [112]
Memory usage at done (index 0, length 112, since_prev 112): 1623.11328125 MiB (Increase: 0.0 MiB)
Memory usage before reset: 1623.11328125 MiB (Increase: 0.0 MiB)
Memory usage after reset: 1623.11328125 MiB (Increase: 0.0 MiB)
Training episode 346
Memory usage at middle: 1623.11328125 MiB (Increase: 0.0 MiB)
Memory usage before collect: 1623.11328125 MiB (Increase: 0.0 MiB)
Memory usage after collect: 1623.11328125 MiB (Increase: 0.0 MiB)
Memory usage before initialization: 1623.11328125 MiB (Increase: 0.0 MiB)
Memory usage after initialization: 1623.11328125 MiB (Increase: 0.0 MiB)
Current lengths of episodes: [1600]
Memory usage at done (index 0, length 1600, since_prev 1600): 1623.11328125 MiB (Increase: 0.0 MiB)
Memory usage before reset: 1623.11328125 MiB (Increase: 0.0 MiB)
Memory usage after reset: 1623.11328125 MiB (Increase: 0.0 MiB)
Training episode 347
Memory usage at middle: 1623.11328125 MiB (Increase: 0.0 MiB)
Memory usage before collect: 1623.11328125 MiB (Increase: 0.0 MiB)
Memory usage after collect: 1623.11328125 MiB (Increase: 0.0 MiB)
Memory usage before initialization: 1623.11328125 MiB (Increase: 0.0 MiB)
Memory usage after initialization: 1623.11328125 MiB (Increase: 0.0 MiB)
Current lengths of episodes: [1600]
Memory usage at done (index 0, length 1600, since_prev 1600): 1623.11328125 MiB (Increase: 0.0 MiB)
Memory usage before reset: 1623.11328125 MiB (Increase: 0.0 MiB)
Memory usage after reset: 1623.11328125 MiB (Increase: 0.0 MiB)
Training episode 348
Memory usage at middle: 1623.11328125 MiB (Increase: 0.0 MiB)
Memory usage before collect: 1623.11328125 MiB (Increase: 0.0 MiB)
Memory usage after collect: 1623.11328125 MiB (Increase: 0.0 MiB)
Memory usage before initialization: 1623.11328125 MiB (Increase: 0.0 MiB)
Memory usage after initialization: 1623.11328125 MiB (Increase: 0.0 MiB)
Current lengths of episodes: [211]
Memory usage at done (index 0, length 211, since_prev 211): 1623.11328125 MiB (Increase: 0.0 MiB)
Memory usage before reset: 1623.11328125 MiB (Increase: 0.0 MiB)
Memory usage after reset: 1623.11328125 MiB (Increase: 0.0 MiB)
Training episode 349
Memory usage at middle: 1623.11328125 MiB (Increase: 0.0 MiB)
Memory usage before collect: 1623.11328125 MiB (Increase: 0.0 MiB)
Memory usage after collect: 1623.11328125 MiB (Increase: 0.0 MiB)
Memory usage before initialization: 1623.11328125 MiB (Increase: 0.0 MiB)
Memory usage after initialization: 1623.11328125 MiB (Increase: 0.0 MiB)
Current lengths of episodes: [1600]
Memory usage at done (index 0, length 1600, since_prev 1600): 1623.11328125 MiB (Increase: 0.0 MiB)
Memory usage before reset: 1623.11328125 MiB (Increase: 0.0 MiB)
Memory usage after reset: 1623.11328125 MiB (Increase: 0.0 MiB)
Training episode 350
Memory usage at middle: 1623.11328125 MiB (Increase: 0.0 MiB)
Memory usage before collect: 1623.11328125 MiB (Increase: 0.0 MiB)
Memory usage after collect: 1623.11328125 MiB (Increase: 0.0 MiB)
Episode 350	Average evaluation: -37.80666493827229
Memory usage before initialization: 1623.11328125 MiB (Increase: 0.0 MiB)
Memory usage after initialization: 1623.11328125 MiB (Increase: 0.0 MiB)
Current lengths of episodes: [1600]
Memory usage at done (index 0, length 1600, since_prev 1600): 1623.11328125 MiB (Increase: 0.0 MiB)
Memory usage before reset: 1623.11328125 MiB (Increase: 0.0 MiB)
Memory usage after reset: 1623.11328125 MiB (Increase: 0.0 MiB)
Training episode 351
Memory usage at middle: 1623.11328125 MiB (Increase: 0.0 MiB)
Memory usage before collect: 1623.11328125 MiB (Increase: 0.0 MiB)
Memory usage after collect: 1623.11328125 MiB (Increase: 0.0 MiB)
Memory usage before initialization: 1623.11328125 MiB (Increase: 0.0 MiB)
Memory usage after initialization: 1623.11328125 MiB (Increase: 0.0 MiB)
Current lengths of episodes: [93]
Memory usage at done (index 0, length 93, since_prev 93): 1623.11328125 MiB (Increase: 0.0 MiB)
Memory usage before reset: 1623.11328125 MiB (Increase: 0.0 MiB)
Memory usage after reset: 1623.11328125 MiB (Increase: 0.0 MiB)
Training episode 352
Memory usage at middle: 1623.11328125 MiB (Increase: 0.0 MiB)
Memory usage before collect: 1623.11328125 MiB (Increase: 0.0 MiB)
Memory usage after collect: 1623.11328125 MiB (Increase: 0.0 MiB)
Memory usage before initialization: 1623.11328125 MiB (Increase: 0.0 MiB)
Memory usage after initialization: 1623.11328125 MiB (Increase: 0.0 MiB)
Current lengths of episodes: [60]
Memory usage at done (index 0, length 60, since_prev 60): 1623.11328125 MiB (Increase: 0.0 MiB)
Memory usage before reset: 1623.11328125 MiB (Increase: 0.0 MiB)
Memory usage after reset: 1623.11328125 MiB (Increase: 0.0 MiB)
Training episode 353
Memory usage at middle: 1623.11328125 MiB (Increase: 0.0 MiB)
Memory usage before collect: 1623.11328125 MiB (Increase: 0.0 MiB)
Memory usage after collect: 1623.11328125 MiB (Increase: 0.0 MiB)
Memory usage before initialization: 1623.11328125 MiB (Increase: 0.0 MiB)
Memory usage after initialization: 1623.11328125 MiB (Increase: 0.0 MiB)
Current lengths of episodes: [72]
Memory usage at done (index 0, length 72, since_prev 72): 1623.11328125 MiB (Increase: 0.0 MiB)
Memory usage before reset: 1623.11328125 MiB (Increase: 0.0 MiB)
Memory usage after reset: 1623.11328125 MiB (Increase: 0.0 MiB)
Training episode 354
Memory usage at middle: 1623.11328125 MiB (Increase: 0.0 MiB)
Memory usage before collect: 1623.11328125 MiB (Increase: 0.0 MiB)
Memory usage after collect: 1623.11328125 MiB (Increase: 0.0 MiB)
Memory usage before initialization: 1623.11328125 MiB (Increase: 0.0 MiB)
Memory usage after initialization: 1623.11328125 MiB (Increase: 0.0 MiB)
Current lengths of episodes: [1600]
Memory usage at done (index 0, length 1600, since_prev 1600): 1623.11328125 MiB (Increase: 0.0 MiB)
Memory usage before reset: 1623.11328125 MiB (Increase: 0.0 MiB)
Memory usage after reset: 1623.11328125 MiB (Increase: 0.0 MiB)
Training episode 355
Memory usage at middle: 1623.11328125 MiB (Increase: 0.0 MiB)
Memory usage before collect: 1623.11328125 MiB (Increase: 0.0 MiB)
Memory usage after collect: 1623.11328125 MiB (Increase: 0.0 MiB)
Memory usage before initialization: 1623.11328125 MiB (Increase: 0.0 MiB)
Memory usage after initialization: 1623.11328125 MiB (Increase: 0.0 MiB)
Current lengths of episodes: [1600]
Memory usage at done (index 0, length 1600, since_prev 1600): 1623.11328125 MiB (Increase: 0.0 MiB)
Memory usage before reset: 1623.11328125 MiB (Increase: 0.0 MiB)
Memory usage after reset: 1623.11328125 MiB (Increase: 0.0 MiB)
Training episode 356
Memory usage at middle: 1623.11328125 MiB (Increase: 0.0 MiB)
Memory usage before collect: 1623.11328125 MiB (Increase: 0.0 MiB)
Memory usage after collect: 1623.11328125 MiB (Increase: 0.0 MiB)
Memory usage before initialization: 1623.11328125 MiB (Increase: 0.0 MiB)
Memory usage after initialization: 1623.11328125 MiB (Increase: 0.0 MiB)
Current lengths of episodes: [1600]
Memory usage at done (index 0, length 1600, since_prev 1600): 1623.11328125 MiB (Increase: 0.0 MiB)
Memory usage before reset: 1623.11328125 MiB (Increase: 0.0 MiB)
Memory usage after reset: 1623.11328125 MiB (Increase: 0.0 MiB)
Training episode 357
Memory usage at middle: 1623.11328125 MiB (Increase: 0.0 MiB)
Memory usage before collect: 1623.11328125 MiB (Increase: 0.0 MiB)
Memory usage after collect: 1623.11328125 MiB (Increase: 0.0 MiB)
Memory usage before initialization: 1623.11328125 MiB (Increase: 0.0 MiB)
Memory usage after initialization: 1623.11328125 MiB (Increase: 0.0 MiB)
Current lengths of episodes: [1600]
Memory usage at done (index 0, length 1600, since_prev 1600): 1623.11328125 MiB (Increase: 0.0 MiB)
Memory usage before reset: 1623.11328125 MiB (Increase: 0.0 MiB)
Memory usage after reset: 1623.11328125 MiB (Increase: 0.0 MiB)
Training episode 358
Memory usage at middle: 1623.11328125 MiB (Increase: 0.0 MiB)
Memory usage before collect: 1623.11328125 MiB (Increase: 0.0 MiB)
Memory usage after collect: 1623.11328125 MiB (Increase: 0.0 MiB)
Memory usage before initialization: 1623.11328125 MiB (Increase: 0.0 MiB)
Memory usage after initialization: 1623.11328125 MiB (Increase: 0.0 MiB)
Current lengths of episodes: [1600]
Memory usage at done (index 0, length 1600, since_prev 1600): 1623.11328125 MiB (Increase: 0.0 MiB)
Memory usage before reset: 1623.11328125 MiB (Increase: 0.0 MiB)
Memory usage after reset: 1623.11328125 MiB (Increase: 0.0 MiB)
Training episode 359
Memory usage at middle: 1623.11328125 MiB (Increase: 0.0 MiB)
Memory usage before collect: 1623.11328125 MiB (Increase: 0.0 MiB)
Memory usage after collect: 1623.11328125 MiB (Increase: 0.0 MiB)
Memory usage before initialization: 1623.11328125 MiB (Increase: 0.0 MiB)
Memory usage after initialization: 1623.11328125 MiB (Increase: 0.0 MiB)
Current lengths of episodes: [1600]
Memory usage at done (index 0, length 1600, since_prev 1600): 1623.11328125 MiB (Increase: 0.0 MiB)
Memory usage before reset: 1623.11328125 MiB (Increase: 0.0 MiB)
Memory usage after reset: 1623.11328125 MiB (Increase: 0.0 MiB)
Training episode 360
Memory usage at middle: 1623.11328125 MiB (Increase: 0.0 MiB)
Memory usage before collect: 1623.11328125 MiB (Increase: 0.0 MiB)
Memory usage after collect: 1623.11328125 MiB (Increase: 0.0 MiB)
Memory usage before initialization: 1623.11328125 MiB (Increase: 0.0 MiB)
Memory usage after initialization: 1623.11328125 MiB (Increase: 0.0 MiB)
Current lengths of episodes: [105]
Memory usage at done (index 0, length 105, since_prev 105): 1623.11328125 MiB (Increase: 0.0 MiB)
Memory usage before reset: 1623.11328125 MiB (Increase: 0.0 MiB)
Memory usage after reset: 1623.11328125 MiB (Increase: 0.0 MiB)
Training episode 361
Memory usage at middle: 1623.11328125 MiB (Increase: 0.0 MiB)
Memory usage before collect: 1623.11328125 MiB (Increase: 0.0 MiB)
Memory usage after collect: 1623.11328125 MiB (Increase: 0.0 MiB)
Memory usage before initialization: 1623.11328125 MiB (Increase: 0.0 MiB)
Memory usage after initialization: 1623.11328125 MiB (Increase: 0.0 MiB)
Current lengths of episodes: [1600]
Memory usage at done (index 0, length 1600, since_prev 1600): 1623.11328125 MiB (Increase: 0.0 MiB)
Memory usage before reset: 1623.11328125 MiB (Increase: 0.0 MiB)
Memory usage after reset: 1623.11328125 MiB (Increase: 0.0 MiB)
Training episode 362
Memory usage at middle: 1623.11328125 MiB (Increase: 0.0 MiB)
Memory usage before collect: 1623.11328125 MiB (Increase: 0.0 MiB)
Memory usage after collect: 1623.11328125 MiB (Increase: 0.0 MiB)
Memory usage before initialization: 1623.11328125 MiB (Increase: 0.0 MiB)
Memory usage after initialization: 1623.11328125 MiB (Increase: 0.0 MiB)
Current lengths of episodes: [1600]
Memory usage at done (index 0, length 1600, since_prev 1600): 1623.11328125 MiB (Increase: 0.0 MiB)
Memory usage before reset: 1623.11328125 MiB (Increase: 0.0 MiB)
Memory usage after reset: 1623.11328125 MiB (Increase: 0.0 MiB)
Training episode 363
Memory usage at middle: 1623.11328125 MiB (Increase: 0.0 MiB)
Memory usage before collect: 1623.11328125 MiB (Increase: 0.0 MiB)
Memory usage after collect: 1623.11328125 MiB (Increase: 0.0 MiB)
Memory usage before initialization: 1623.11328125 MiB (Increase: 0.0 MiB)
Memory usage after initialization: 1623.11328125 MiB (Increase: 0.0 MiB)
Current lengths of episodes: [67]
Memory usage at done (index 0, length 67, since_prev 67): 1623.11328125 MiB (Increase: 0.0 MiB)
Memory usage before reset: 1623.11328125 MiB (Increase: 0.0 MiB)
Memory usage after reset: 1623.11328125 MiB (Increase: 0.0 MiB)
Training episode 364
Memory usage at middle: 1623.11328125 MiB (Increase: 0.0 MiB)
Memory usage before collect: 1623.11328125 MiB (Increase: 0.0 MiB)
Memory usage after collect: 1623.11328125 MiB (Increase: 0.0 MiB)
Memory usage before initialization: 1623.11328125 MiB (Increase: 0.0 MiB)
Memory usage after initialization: 1623.11328125 MiB (Increase: 0.0 MiB)
Current lengths of episodes: [1600]
Memory usage at done (index 0, length 1600, since_prev 1600): 1623.11328125 MiB (Increase: 0.0 MiB)
Memory usage before reset: 1623.11328125 MiB (Increase: 0.0 MiB)
Memory usage after reset: 1623.11328125 MiB (Increase: 0.0 MiB)
Training episode 365
Memory usage at middle: 1623.11328125 MiB (Increase: 0.0 MiB)
Memory usage before collect: 1623.11328125 MiB (Increase: 0.0 MiB)
Memory usage after collect: 1623.11328125 MiB (Increase: 0.0 MiB)
Memory usage before initialization: 1623.11328125 MiB (Increase: 0.0 MiB)
Memory usage after initialization: 1623.11328125 MiB (Increase: 0.0 MiB)
Current lengths of episodes: [154]
Memory usage at done (index 0, length 154, since_prev 154): 1623.11328125 MiB (Increase: 0.0 MiB)
Memory usage before reset: 1623.11328125 MiB (Increase: 0.0 MiB)
Memory usage after reset: 1623.11328125 MiB (Increase: 0.0 MiB)
Training episode 366
Memory usage at middle: 1623.11328125 MiB (Increase: 0.0 MiB)
Memory usage before collect: 1623.11328125 MiB (Increase: 0.0 MiB)
Memory usage after collect: 1623.11328125 MiB (Increase: 0.0 MiB)
Memory usage before initialization: 1623.11328125 MiB (Increase: 0.0 MiB)
Memory usage after initialization: 1623.11328125 MiB (Increase: 0.0 MiB)
Current lengths of episodes: [1600]
Memory usage at done (index 0, length 1600, since_prev 1600): 1623.11328125 MiB (Increase: 0.0 MiB)
Memory usage before reset: 1623.11328125 MiB (Increase: 0.0 MiB)
Memory usage after reset: 1623.11328125 MiB (Increase: 0.0 MiB)
Training episode 367
Memory usage at middle: 1623.11328125 MiB (Increase: 0.0 MiB)
Memory usage before collect: 1623.11328125 MiB (Increase: 0.0 MiB)
Memory usage after collect: 1623.11328125 MiB (Increase: 0.0 MiB)
Memory usage before initialization: 1623.11328125 MiB (Increase: 0.0 MiB)
Memory usage after initialization: 1623.11328125 MiB (Increase: 0.0 MiB)
Current lengths of episodes: [1600]
Memory usage at done (index 0, length 1600, since_prev 1600): 1623.11328125 MiB (Increase: 0.0 MiB)
Memory usage before reset: 1623.11328125 MiB (Increase: 0.0 MiB)
Memory usage after reset: 1623.11328125 MiB (Increase: 0.0 MiB)
Training episode 368
Memory usage at middle: 1623.11328125 MiB (Increase: 0.0 MiB)
Memory usage before collect: 1623.11328125 MiB (Increase: 0.0 MiB)
Memory usage after collect: 1623.11328125 MiB (Increase: 0.0 MiB)
Memory usage before initialization: 1623.11328125 MiB (Increase: 0.0 MiB)
Memory usage after initialization: 1623.11328125 MiB (Increase: 0.0 MiB)
Current lengths of episodes: [56]
Memory usage at done (index 0, length 56, since_prev 56): 1623.11328125 MiB (Increase: 0.0 MiB)
Memory usage before reset: 1623.11328125 MiB (Increase: 0.0 MiB)
Memory usage after reset: 1623.11328125 MiB (Increase: 0.0 MiB)
Training episode 369
Memory usage at middle: 1623.11328125 MiB (Increase: 0.0 MiB)
Memory usage before collect: 1623.11328125 MiB (Increase: 0.0 MiB)
Memory usage after collect: 1623.11328125 MiB (Increase: 0.0 MiB)
Memory usage before initialization: 1623.11328125 MiB (Increase: 0.0 MiB)
Memory usage after initialization: 1623.11328125 MiB (Increase: 0.0 MiB)
Current lengths of episodes: [1600]
Memory usage at done (index 0, length 1600, since_prev 1600): 1623.11328125 MiB (Increase: 0.0 MiB)
Memory usage before reset: 1623.11328125 MiB (Increase: 0.0 MiB)
Memory usage after reset: 1623.11328125 MiB (Increase: 0.0 MiB)
Training episode 370
Memory usage at middle: 1623.11328125 MiB (Increase: 0.0 MiB)
Memory usage before collect: 1623.11328125 MiB (Increase: 0.0 MiB)
Memory usage after collect: 1623.11328125 MiB (Increase: 0.0 MiB)
Memory usage before initialization: 1623.11328125 MiB (Increase: 0.0 MiB)
Memory usage after initialization: 1623.11328125 MiB (Increase: 0.0 MiB)
Current lengths of episodes: [77]
Memory usage at done (index 0, length 77, since_prev 77): 1623.11328125 MiB (Increase: 0.0 MiB)
Memory usage before reset: 1623.11328125 MiB (Increase: 0.0 MiB)
Memory usage after reset: 1623.11328125 MiB (Increase: 0.0 MiB)
Training episode 371
Memory usage at middle: 1623.11328125 MiB (Increase: 0.0 MiB)
Memory usage before collect: 1623.11328125 MiB (Increase: 0.0 MiB)
Memory usage after collect: 1623.11328125 MiB (Increase: 0.0 MiB)
Memory usage before initialization: 1623.11328125 MiB (Increase: 0.0 MiB)
Memory usage after initialization: 1623.11328125 MiB (Increase: 0.0 MiB)
Current lengths of episodes: [63]
Memory usage at done (index 0, length 63, since_prev 63): 1623.11328125 MiB (Increase: 0.0 MiB)
Memory usage before reset: 1623.11328125 MiB (Increase: 0.0 MiB)
Memory usage after reset: 1623.11328125 MiB (Increase: 0.0 MiB)
Training episode 372
Memory usage at middle: 1623.11328125 MiB (Increase: 0.0 MiB)
Memory usage before collect: 1623.11328125 MiB (Increase: 0.0 MiB)
Memory usage after collect: 1623.11328125 MiB (Increase: 0.0 MiB)
Memory usage before initialization: 1623.11328125 MiB (Increase: 0.0 MiB)
Memory usage after initialization: 1623.11328125 MiB (Increase: 0.0 MiB)
Current lengths of episodes: [85]
Memory usage at done (index 0, length 85, since_prev 85): 1623.11328125 MiB (Increase: 0.0 MiB)
Memory usage before reset: 1623.11328125 MiB (Increase: 0.0 MiB)
Memory usage after reset: 1623.11328125 MiB (Increase: 0.0 MiB)
Training episode 373
Memory usage at middle: 1623.11328125 MiB (Increase: 0.0 MiB)
Memory usage before collect: 1623.11328125 MiB (Increase: 0.0 MiB)
Memory usage after collect: 1623.11328125 MiB (Increase: 0.0 MiB)
Memory usage before initialization: 1623.11328125 MiB (Increase: 0.0 MiB)
Memory usage after initialization: 1623.11328125 MiB (Increase: 0.0 MiB)
Current lengths of episodes: [96]
Memory usage at done (index 0, length 96, since_prev 96): 1623.11328125 MiB (Increase: 0.0 MiB)
Memory usage before reset: 1623.11328125 MiB (Increase: 0.0 MiB)
Memory usage after reset: 1623.11328125 MiB (Increase: 0.0 MiB)
Training episode 374
Memory usage at middle: 1623.11328125 MiB (Increase: 0.0 MiB)
Memory usage before collect: 1623.11328125 MiB (Increase: 0.0 MiB)
Memory usage after collect: 1623.11328125 MiB (Increase: 0.0 MiB)
Memory usage before initialization: 1623.11328125 MiB (Increase: 0.0 MiB)
Memory usage after initialization: 1623.11328125 MiB (Increase: 0.0 MiB)
Current lengths of episodes: [78]
Memory usage at done (index 0, length 78, since_prev 78): 1623.11328125 MiB (Increase: 0.0 MiB)
Memory usage before reset: 1623.11328125 MiB (Increase: 0.0 MiB)
Memory usage after reset: 1623.11328125 MiB (Increase: 0.0 MiB)
Training episode 375
Memory usage at middle: 1623.11328125 MiB (Increase: 0.0 MiB)
Memory usage before collect: 1623.11328125 MiB (Increase: 0.0 MiB)
Memory usage after collect: 1623.11328125 MiB (Increase: 0.0 MiB)
Memory usage before initialization: 1623.11328125 MiB (Increase: 0.0 MiB)
Memory usage after initialization: 1623.11328125 MiB (Increase: 0.0 MiB)
Current lengths of episodes: [124]
Memory usage at done (index 0, length 124, since_prev 124): 1623.11328125 MiB (Increase: 0.0 MiB)
Memory usage before reset: 1623.11328125 MiB (Increase: 0.0 MiB)
Memory usage after reset: 1623.11328125 MiB (Increase: 0.0 MiB)
Training episode 376
Memory usage at middle: 1623.11328125 MiB (Increase: 0.0 MiB)
Memory usage before collect: 1623.11328125 MiB (Increase: 0.0 MiB)
Memory usage after collect: 1623.11328125 MiB (Increase: 0.0 MiB)
Memory usage before initialization: 1623.11328125 MiB (Increase: 0.0 MiB)
Memory usage after initialization: 1623.11328125 MiB (Increase: 0.0 MiB)
Current lengths of episodes: [1600]
Memory usage at done (index 0, length 1600, since_prev 1600): 1623.11328125 MiB (Increase: 0.0 MiB)
Memory usage before reset: 1623.11328125 MiB (Increase: 0.0 MiB)
Memory usage after reset: 1623.11328125 MiB (Increase: 0.0 MiB)
Training episode 377
Memory usage at middle: 1623.11328125 MiB (Increase: 0.0 MiB)
Memory usage before collect: 1623.11328125 MiB (Increase: 0.0 MiB)
Memory usage after collect: 1623.11328125 MiB (Increase: 0.0 MiB)
Memory usage before initialization: 1623.11328125 MiB (Increase: 0.0 MiB)
Memory usage after initialization: 1623.11328125 MiB (Increase: 0.0 MiB)
Current lengths of episodes: [1600]
Memory usage at done (index 0, length 1600, since_prev 1600): 1623.11328125 MiB (Increase: 0.0 MiB)
Memory usage before reset: 1623.11328125 MiB (Increase: 0.0 MiB)
Memory usage after reset: 1623.11328125 MiB (Increase: 0.0 MiB)
Training episode 378
Memory usage at middle: 1623.11328125 MiB (Increase: 0.0 MiB)
Memory usage before collect: 1623.11328125 MiB (Increase: 0.0 MiB)
Memory usage after collect: 1623.11328125 MiB (Increase: 0.0 MiB)
Memory usage before initialization: 1623.11328125 MiB (Increase: 0.0 MiB)
Memory usage after initialization: 1623.11328125 MiB (Increase: 0.0 MiB)
Current lengths of episodes: [99]
Memory usage at done (index 0, length 99, since_prev 99): 1623.11328125 MiB (Increase: 0.0 MiB)
Memory usage before reset: 1623.11328125 MiB (Increase: 0.0 MiB)
Memory usage after reset: 1623.11328125 MiB (Increase: 0.0 MiB)
Training episode 379
Memory usage at middle: 1623.11328125 MiB (Increase: 0.0 MiB)
Memory usage before collect: 1623.11328125 MiB (Increase: 0.0 MiB)
Memory usage after collect: 1623.11328125 MiB (Increase: 0.0 MiB)
Memory usage before initialization: 1623.11328125 MiB (Increase: 0.0 MiB)
Memory usage after initialization: 1623.11328125 MiB (Increase: 0.0 MiB)
Current lengths of episodes: [1600]
Memory usage at done (index 0, length 1600, since_prev 1600): 1623.11328125 MiB (Increase: 0.0 MiB)
Memory usage before reset: 1623.11328125 MiB (Increase: 0.0 MiB)
Memory usage after reset: 1623.11328125 MiB (Increase: 0.0 MiB)
Training episode 380
Memory usage at middle: 1623.11328125 MiB (Increase: 0.0 MiB)
Memory usage before collect: 1623.11328125 MiB (Increase: 0.0 MiB)
Memory usage after collect: 1623.11328125 MiB (Increase: 0.0 MiB)
Memory usage before initialization: 1623.11328125 MiB (Increase: 0.0 MiB)
Memory usage after initialization: 1623.11328125 MiB (Increase: 0.0 MiB)
Current lengths of episodes: [1600]
Memory usage at done (index 0, length 1600, since_prev 1600): 1623.11328125 MiB (Increase: 0.0 MiB)
Memory usage before reset: 1623.11328125 MiB (Increase: 0.0 MiB)
Memory usage after reset: 1623.11328125 MiB (Increase: 0.0 MiB)
Training episode 381
Memory usage at middle: 1623.11328125 MiB (Increase: 0.0 MiB)
Memory usage before collect: 1623.11328125 MiB (Increase: 0.0 MiB)
Memory usage after collect: 1623.11328125 MiB (Increase: 0.0 MiB)
Memory usage before initialization: 1623.11328125 MiB (Increase: 0.0 MiB)
Memory usage after initialization: 1623.11328125 MiB (Increase: 0.0 MiB)
Current lengths of episodes: [74]
Memory usage at done (index 0, length 74, since_prev 74): 1623.11328125 MiB (Increase: 0.0 MiB)
Memory usage before reset: 1623.11328125 MiB (Increase: 0.0 MiB)
Memory usage after reset: 1623.11328125 MiB (Increase: 0.0 MiB)
Training episode 382
Memory usage at middle: 1623.11328125 MiB (Increase: 0.0 MiB)
Memory usage before collect: 1623.11328125 MiB (Increase: 0.0 MiB)
Memory usage after collect: 1623.11328125 MiB (Increase: 0.0 MiB)
Memory usage before initialization: 1623.11328125 MiB (Increase: 0.0 MiB)
Memory usage after initialization: 1623.11328125 MiB (Increase: 0.0 MiB)
Current lengths of episodes: [58]
Memory usage at done (index 0, length 58, since_prev 58): 1623.11328125 MiB (Increase: 0.0 MiB)
Memory usage before reset: 1623.11328125 MiB (Increase: 0.0 MiB)
Memory usage after reset: 1623.11328125 MiB (Increase: 0.0 MiB)
Training episode 383
Memory usage at middle: 1623.11328125 MiB (Increase: 0.0 MiB)
Memory usage before collect: 1623.11328125 MiB (Increase: 0.0 MiB)
Memory usage after collect: 1623.11328125 MiB (Increase: 0.0 MiB)
Memory usage before initialization: 1623.11328125 MiB (Increase: 0.0 MiB)
Memory usage after initialization: 1623.11328125 MiB (Increase: 0.0 MiB)
Current lengths of episodes: [1600]
Memory usage at done (index 0, length 1600, since_prev 1600): 1623.11328125 MiB (Increase: 0.0 MiB)
Memory usage before reset: 1623.11328125 MiB (Increase: 0.0 MiB)
Memory usage after reset: 1623.11328125 MiB (Increase: 0.0 MiB)
Training episode 384
Memory usage at middle: 1623.11328125 MiB (Increase: 0.0 MiB)
Memory usage before collect: 1623.11328125 MiB (Increase: 0.0 MiB)
Memory usage after collect: 1623.11328125 MiB (Increase: 0.0 MiB)
Memory usage before initialization: 1623.11328125 MiB (Increase: 0.0 MiB)
Memory usage after initialization: 1623.11328125 MiB (Increase: 0.0 MiB)
Current lengths of episodes: [78]
Memory usage at done (index 0, length 78, since_prev 78): 1623.11328125 MiB (Increase: 0.0 MiB)
Memory usage before reset: 1623.11328125 MiB (Increase: 0.0 MiB)
Memory usage after reset: 1623.11328125 MiB (Increase: 0.0 MiB)
Training episode 385
Memory usage at middle: 1623.11328125 MiB (Increase: 0.0 MiB)
Memory usage before collect: 1623.11328125 MiB (Increase: 0.0 MiB)
Memory usage after collect: 1623.11328125 MiB (Increase: 0.0 MiB)
Memory usage before initialization: 1623.11328125 MiB (Increase: 0.0 MiB)
Memory usage after initialization: 1623.11328125 MiB (Increase: 0.0 MiB)
Current lengths of episodes: [53]
Memory usage at done (index 0, length 53, since_prev 53): 1623.11328125 MiB (Increase: 0.0 MiB)
Memory usage before reset: 1623.11328125 MiB (Increase: 0.0 MiB)
Memory usage after reset: 1623.11328125 MiB (Increase: 0.0 MiB)
Training episode 386
Memory usage at middle: 1623.11328125 MiB (Increase: 0.0 MiB)
Memory usage before collect: 1623.11328125 MiB (Increase: 0.0 MiB)
Memory usage after collect: 1623.11328125 MiB (Increase: 0.0 MiB)
Memory usage before initialization: 1623.11328125 MiB (Increase: 0.0 MiB)
Memory usage after initialization: 1623.11328125 MiB (Increase: 0.0 MiB)
Current lengths of episodes: [75]
Memory usage at done (index 0, length 75, since_prev 75): 1623.11328125 MiB (Increase: 0.0 MiB)
Memory usage before reset: 1623.11328125 MiB (Increase: 0.0 MiB)
Memory usage after reset: 1623.11328125 MiB (Increase: 0.0 MiB)
Training episode 387
Memory usage at middle: 1623.11328125 MiB (Increase: 0.0 MiB)
Memory usage before collect: 1623.11328125 MiB (Increase: 0.0 MiB)
Memory usage after collect: 1623.11328125 MiB (Increase: 0.0 MiB)
Memory usage before initialization: 1623.11328125 MiB (Increase: 0.0 MiB)
Memory usage after initialization: 1623.11328125 MiB (Increase: 0.0 MiB)
Current lengths of episodes: [1600]
Memory usage at done (index 0, length 1600, since_prev 1600): 1623.11328125 MiB (Increase: 0.0 MiB)
Memory usage before reset: 1623.11328125 MiB (Increase: 0.0 MiB)
Memory usage after reset: 1623.11328125 MiB (Increase: 0.0 MiB)
Training episode 388
Memory usage at middle: 1623.11328125 MiB (Increase: 0.0 MiB)
Memory usage before collect: 1623.11328125 MiB (Increase: 0.0 MiB)
Memory usage after collect: 1623.11328125 MiB (Increase: 0.0 MiB)
Memory usage before initialization: 1623.11328125 MiB (Increase: 0.0 MiB)
Memory usage after initialization: 1623.11328125 MiB (Increase: 0.0 MiB)
Current lengths of episodes: [1600]
Memory usage at done (index 0, length 1600, since_prev 1600): 1623.11328125 MiB (Increase: 0.0 MiB)
Memory usage before reset: 1623.11328125 MiB (Increase: 0.0 MiB)
Memory usage after reset: 1623.11328125 MiB (Increase: 0.0 MiB)
Training episode 389
Memory usage at middle: 1623.11328125 MiB (Increase: 0.0 MiB)
Memory usage before collect: 1623.11328125 MiB (Increase: 0.0 MiB)
Memory usage after collect: 1623.11328125 MiB (Increase: 0.0 MiB)
Memory usage before initialization: 1623.11328125 MiB (Increase: 0.0 MiB)
Memory usage after initialization: 1623.11328125 MiB (Increase: 0.0 MiB)
Current lengths of episodes: [104]
Memory usage at done (index 0, length 104, since_prev 104): 1623.11328125 MiB (Increase: 0.0 MiB)
Memory usage before reset: 1623.11328125 MiB (Increase: 0.0 MiB)
Memory usage after reset: 1623.11328125 MiB (Increase: 0.0 MiB)
Training episode 390
Memory usage at middle: 1623.11328125 MiB (Increase: 0.0 MiB)
Memory usage before collect: 1623.11328125 MiB (Increase: 0.0 MiB)
Memory usage after collect: 1623.11328125 MiB (Increase: 0.0 MiB)
Memory usage before initialization: 1623.11328125 MiB (Increase: 0.0 MiB)
Memory usage after initialization: 1623.11328125 MiB (Increase: 0.0 MiB)
Current lengths of episodes: [79]
Memory usage at done (index 0, length 79, since_prev 79): 1623.11328125 MiB (Increase: 0.0 MiB)
Memory usage before reset: 1623.11328125 MiB (Increase: 0.0 MiB)
Memory usage after reset: 1623.11328125 MiB (Increase: 0.0 MiB)
Training episode 391
Memory usage at middle: 1623.11328125 MiB (Increase: 0.0 MiB)
Memory usage before collect: 1623.11328125 MiB (Increase: 0.0 MiB)
Memory usage after collect: 1623.11328125 MiB (Increase: 0.0 MiB)
Memory usage before initialization: 1623.11328125 MiB (Increase: 0.0 MiB)
Memory usage after initialization: 1623.11328125 MiB (Increase: 0.0 MiB)
Current lengths of episodes: [81]
Memory usage at done (index 0, length 81, since_prev 81): 1623.11328125 MiB (Increase: 0.0 MiB)
Memory usage before reset: 1623.11328125 MiB (Increase: 0.0 MiB)
Memory usage after reset: 1623.11328125 MiB (Increase: 0.0 MiB)
Training episode 392
Memory usage at middle: 1623.11328125 MiB (Increase: 0.0 MiB)
Memory usage before collect: 1623.11328125 MiB (Increase: 0.0 MiB)
Memory usage after collect: 1623.11328125 MiB (Increase: 0.0 MiB)
Memory usage before initialization: 1623.11328125 MiB (Increase: 0.0 MiB)
Memory usage after initialization: 1623.11328125 MiB (Increase: 0.0 MiB)
Current lengths of episodes: [47]
Memory usage at done (index 0, length 47, since_prev 47): 1623.11328125 MiB (Increase: 0.0 MiB)
Memory usage before reset: 1623.11328125 MiB (Increase: 0.0 MiB)
Memory usage after reset: 1623.11328125 MiB (Increase: 0.0 MiB)
Training episode 393
Memory usage at middle: 1623.11328125 MiB (Increase: 0.0 MiB)
Memory usage before collect: 1623.11328125 MiB (Increase: 0.0 MiB)
Memory usage after collect: 1623.11328125 MiB (Increase: 0.0 MiB)
Memory usage before initialization: 1623.11328125 MiB (Increase: 0.0 MiB)
Memory usage after initialization: 1623.11328125 MiB (Increase: 0.0 MiB)
Current lengths of episodes: [1600]
Memory usage at done (index 0, length 1600, since_prev 1600): 1623.11328125 MiB (Increase: 0.0 MiB)
Memory usage before reset: 1623.11328125 MiB (Increase: 0.0 MiB)
Memory usage after reset: 1623.11328125 MiB (Increase: 0.0 MiB)
Training episode 394
Memory usage at middle: 1623.11328125 MiB (Increase: 0.0 MiB)
Memory usage before collect: 1623.11328125 MiB (Increase: 0.0 MiB)
Memory usage after collect: 1623.11328125 MiB (Increase: 0.0 MiB)
Memory usage before initialization: 1623.11328125 MiB (Increase: 0.0 MiB)
Memory usage after initialization: 1623.11328125 MiB (Increase: 0.0 MiB)
Current lengths of episodes: [1600]
Memory usage at done (index 0, length 1600, since_prev 1600): 1623.11328125 MiB (Increase: 0.0 MiB)
Memory usage before reset: 1623.11328125 MiB (Increase: 0.0 MiB)
Memory usage after reset: 1623.11328125 MiB (Increase: 0.0 MiB)
Training episode 395
Memory usage at middle: 1623.11328125 MiB (Increase: 0.0 MiB)
Memory usage before collect: 1623.11328125 MiB (Increase: 0.0 MiB)
Memory usage after collect: 1623.11328125 MiB (Increase: 0.0 MiB)
Memory usage before initialization: 1623.11328125 MiB (Increase: 0.0 MiB)
Memory usage after initialization: 1623.11328125 MiB (Increase: 0.0 MiB)
Current lengths of episodes: [61]
Memory usage at done (index 0, length 61, since_prev 61): 1623.11328125 MiB (Increase: 0.0 MiB)
Memory usage before reset: 1623.11328125 MiB (Increase: 0.0 MiB)
Memory usage after reset: 1623.11328125 MiB (Increase: 0.0 MiB)
Training episode 396
Memory usage at middle: 1623.11328125 MiB (Increase: 0.0 MiB)
Memory usage before collect: 1623.11328125 MiB (Increase: 0.0 MiB)
Memory usage after collect: 1623.11328125 MiB (Increase: 0.0 MiB)
Memory usage before initialization: 1623.11328125 MiB (Increase: 0.0 MiB)
Memory usage after initialization: 1623.11328125 MiB (Increase: 0.0 MiB)
Current lengths of episodes: [63]
Memory usage at done (index 0, length 63, since_prev 63): 1623.11328125 MiB (Increase: 0.0 MiB)
Memory usage before reset: 1623.11328125 MiB (Increase: 0.0 MiB)
Memory usage after reset: 1623.11328125 MiB (Increase: 0.0 MiB)
Training episode 397
Memory usage at middle: 1623.11328125 MiB (Increase: 0.0 MiB)
Memory usage before collect: 1623.11328125 MiB (Increase: 0.0 MiB)
Memory usage after collect: 1623.11328125 MiB (Increase: 0.0 MiB)
Memory usage before initialization: 1623.11328125 MiB (Increase: 0.0 MiB)
Memory usage after initialization: 1623.11328125 MiB (Increase: 0.0 MiB)
Current lengths of episodes: [46]
Memory usage at done (index 0, length 46, since_prev 46): 1623.11328125 MiB (Increase: 0.0 MiB)
Memory usage before reset: 1623.11328125 MiB (Increase: 0.0 MiB)
Memory usage after reset: 1623.11328125 MiB (Increase: 0.0 MiB)
Training episode 398
Memory usage at middle: 1623.11328125 MiB (Increase: 0.0 MiB)
Memory usage before collect: 1623.11328125 MiB (Increase: 0.0 MiB)
Memory usage after collect: 1623.11328125 MiB (Increase: 0.0 MiB)
Memory usage before initialization: 1623.11328125 MiB (Increase: 0.0 MiB)
Memory usage after initialization: 1623.11328125 MiB (Increase: 0.0 MiB)
Current lengths of episodes: [54]
Memory usage at done (index 0, length 54, since_prev 54): 1623.11328125 MiB (Increase: 0.0 MiB)
Memory usage before reset: 1623.11328125 MiB (Increase: 0.0 MiB)
Memory usage after reset: 1623.11328125 MiB (Increase: 0.0 MiB)
Training episode 399
Memory usage at middle: 1623.11328125 MiB (Increase: 0.0 MiB)
Memory usage before collect: 1623.11328125 MiB (Increase: 0.0 MiB)
Memory usage after collect: 1623.11328125 MiB (Increase: 0.0 MiB)
Memory usage before initialization: 1623.11328125 MiB (Increase: 0.0 MiB)
Memory usage after initialization: 1623.11328125 MiB (Increase: 0.0 MiB)
Current lengths of episodes: [1600]
Memory usage at done (index 0, length 1600, since_prev 1600): 1623.11328125 MiB (Increase: 0.0 MiB)
Memory usage before reset: 1623.11328125 MiB (Increase: 0.0 MiB)
Memory usage after reset: 1623.11328125 MiB (Increase: 0.0 MiB)
Training episode 400
Memory usage at middle: 1623.11328125 MiB (Increase: 0.0 MiB)
Memory usage before collect: 1623.11328125 MiB (Increase: 0.0 MiB)
Memory usage after collect: 1623.11328125 MiB (Increase: 0.0 MiB)
Episode 400	Average evaluation: -89.7307201516185
Memory usage before initialization: 1623.11328125 MiB (Increase: 0.0 MiB)
Memory usage after initialization: 1623.11328125 MiB (Increase: 0.0 MiB)
Current lengths of episodes: [1600]
Memory usage at done (index 0, length 1600, since_prev 1600): 1623.11328125 MiB (Increase: 0.0 MiB)
Memory usage before reset: 1623.11328125 MiB (Increase: 0.0 MiB)
Memory usage after reset: 1623.11328125 MiB (Increase: 0.0 MiB)
Training episode 401
Memory usage at middle: 1623.11328125 MiB (Increase: 0.0 MiB)
Memory usage before collect: 1623.11328125 MiB (Increase: 0.0 MiB)
Memory usage after collect: 1623.11328125 MiB (Increase: 0.0 MiB)
Memory usage before initialization: 1623.11328125 MiB (Increase: 0.0 MiB)
Memory usage after initialization: 1623.11328125 MiB (Increase: 0.0 MiB)
Current lengths of episodes: [73]
Memory usage at done (index 0, length 73, since_prev 73): 1623.11328125 MiB (Increase: 0.0 MiB)
Memory usage before reset: 1623.11328125 MiB (Increase: 0.0 MiB)
Memory usage after reset: 1623.11328125 MiB (Increase: 0.0 MiB)
Training episode 402
Memory usage at middle: 1623.11328125 MiB (Increase: 0.0 MiB)
Memory usage before collect: 1623.11328125 MiB (Increase: 0.0 MiB)
Memory usage after collect: 1623.11328125 MiB (Increase: 0.0 MiB)
Memory usage before initialization: 1623.11328125 MiB (Increase: 0.0 MiB)
Memory usage after initialization: 1623.11328125 MiB (Increase: 0.0 MiB)
Current lengths of episodes: [107]
Memory usage at done (index 0, length 107, since_prev 107): 1623.11328125 MiB (Increase: 0.0 MiB)
Memory usage before reset: 1623.11328125 MiB (Increase: 0.0 MiB)
Memory usage after reset: 1623.11328125 MiB (Increase: 0.0 MiB)
Training episode 403
Memory usage at middle: 1623.11328125 MiB (Increase: 0.0 MiB)
Memory usage before collect: 1623.11328125 MiB (Increase: 0.0 MiB)
Memory usage after collect: 1623.11328125 MiB (Increase: 0.0 MiB)
Memory usage before initialization: 1623.11328125 MiB (Increase: 0.0 MiB)
Memory usage after initialization: 1623.11328125 MiB (Increase: 0.0 MiB)
Current lengths of episodes: [64]
Memory usage at done (index 0, length 64, since_prev 64): 1623.11328125 MiB (Increase: 0.0 MiB)
Memory usage before reset: 1623.11328125 MiB (Increase: 0.0 MiB)
Memory usage after reset: 1623.11328125 MiB (Increase: 0.0 MiB)
Training episode 404
Memory usage at middle: 1623.11328125 MiB (Increase: 0.0 MiB)
Memory usage before collect: 1623.11328125 MiB (Increase: 0.0 MiB)
Memory usage after collect: 1623.11328125 MiB (Increase: 0.0 MiB)
Memory usage before initialization: 1623.11328125 MiB (Increase: 0.0 MiB)
Memory usage after initialization: 1623.11328125 MiB (Increase: 0.0 MiB)
Current lengths of episodes: [1600]
Memory usage at done (index 0, length 1600, since_prev 1600): 1623.11328125 MiB (Increase: 0.0 MiB)
Memory usage before reset: 1623.11328125 MiB (Increase: 0.0 MiB)
Memory usage after reset: 1623.11328125 MiB (Increase: 0.0 MiB)
Training episode 405
Memory usage at middle: 1623.11328125 MiB (Increase: 0.0 MiB)
Memory usage before collect: 1623.11328125 MiB (Increase: 0.0 MiB)
Memory usage after collect: 1623.11328125 MiB (Increase: 0.0 MiB)
Memory usage before initialization: 1623.11328125 MiB (Increase: 0.0 MiB)
Memory usage after initialization: 1623.11328125 MiB (Increase: 0.0 MiB)
Current lengths of episodes: [1600]
Memory usage at done (index 0, length 1600, since_prev 1600): 1623.11328125 MiB (Increase: 0.0 MiB)
Memory usage before reset: 1623.11328125 MiB (Increase: 0.0 MiB)
Memory usage after reset: 1623.11328125 MiB (Increase: 0.0 MiB)
Training episode 406
Memory usage at middle: 1623.11328125 MiB (Increase: 0.0 MiB)
Memory usage before collect: 1623.11328125 MiB (Increase: 0.0 MiB)
Memory usage after collect: 1623.11328125 MiB (Increase: 0.0 MiB)
Memory usage before initialization: 1623.11328125 MiB (Increase: 0.0 MiB)
Memory usage after initialization: 1623.11328125 MiB (Increase: 0.0 MiB)
Current lengths of episodes: [51]
Memory usage at done (index 0, length 51, since_prev 51): 1623.11328125 MiB (Increase: 0.0 MiB)
Memory usage before reset: 1623.11328125 MiB (Increase: 0.0 MiB)
Memory usage after reset: 1623.11328125 MiB (Increase: 0.0 MiB)
Training episode 407
Memory usage at middle: 1623.11328125 MiB (Increase: 0.0 MiB)
Memory usage before collect: 1623.11328125 MiB (Increase: 0.0 MiB)
Memory usage after collect: 1623.11328125 MiB (Increase: 0.0 MiB)
Memory usage before initialization: 1623.11328125 MiB (Increase: 0.0 MiB)
Memory usage after initialization: 1623.11328125 MiB (Increase: 0.0 MiB)
Current lengths of episodes: [143]
Memory usage at done (index 0, length 143, since_prev 143): 1623.11328125 MiB (Increase: 0.0 MiB)
Memory usage before reset: 1623.11328125 MiB (Increase: 0.0 MiB)
Memory usage after reset: 1623.11328125 MiB (Increase: 0.0 MiB)
Training episode 408
Memory usage at middle: 1623.11328125 MiB (Increase: 0.0 MiB)
Memory usage before collect: 1623.11328125 MiB (Increase: 0.0 MiB)
Memory usage after collect: 1623.11328125 MiB (Increase: 0.0 MiB)
Memory usage before initialization: 1623.11328125 MiB (Increase: 0.0 MiB)
Memory usage after initialization: 1623.11328125 MiB (Increase: 0.0 MiB)
Current lengths of episodes: [73]
Memory usage at done (index 0, length 73, since_prev 73): 1623.11328125 MiB (Increase: 0.0 MiB)
Memory usage before reset: 1623.11328125 MiB (Increase: 0.0 MiB)
Memory usage after reset: 1623.11328125 MiB (Increase: 0.0 MiB)
Training episode 409
Memory usage at middle: 1623.11328125 MiB (Increase: 0.0 MiB)
Memory usage before collect: 1623.11328125 MiB (Increase: 0.0 MiB)
Memory usage after collect: 1623.11328125 MiB (Increase: 0.0 MiB)
Memory usage before initialization: 1623.11328125 MiB (Increase: 0.0 MiB)
Memory usage after initialization: 1623.11328125 MiB (Increase: 0.0 MiB)
Current lengths of episodes: [1600]
Memory usage at done (index 0, length 1600, since_prev 1600): 1623.11328125 MiB (Increase: 0.0 MiB)
Memory usage before reset: 1623.11328125 MiB (Increase: 0.0 MiB)
Memory usage after reset: 1623.11328125 MiB (Increase: 0.0 MiB)
Training episode 410
Memory usage at middle: 1623.11328125 MiB (Increase: 0.0 MiB)
Memory usage before collect: 1623.11328125 MiB (Increase: 0.0 MiB)
Memory usage after collect: 1623.11328125 MiB (Increase: 0.0 MiB)
Memory usage before initialization: 1623.11328125 MiB (Increase: 0.0 MiB)
Memory usage after initialization: 1623.11328125 MiB (Increase: 0.0 MiB)
Current lengths of episodes: [56]
Memory usage at done (index 0, length 56, since_prev 56): 1623.11328125 MiB (Increase: 0.0 MiB)
Memory usage before reset: 1623.11328125 MiB (Increase: 0.0 MiB)
Memory usage after reset: 1623.11328125 MiB (Increase: 0.0 MiB)
Training episode 411
Memory usage at middle: 1623.11328125 MiB (Increase: 0.0 MiB)
Memory usage before collect: 1623.11328125 MiB (Increase: 0.0 MiB)
Memory usage after collect: 1623.11328125 MiB (Increase: 0.0 MiB)
Memory usage before initialization: 1623.11328125 MiB (Increase: 0.0 MiB)
Memory usage after initialization: 1623.11328125 MiB (Increase: 0.0 MiB)
Current lengths of episodes: [1600]
Memory usage at done (index 0, length 1600, since_prev 1600): 1623.11328125 MiB (Increase: 0.0 MiB)
Memory usage before reset: 1623.11328125 MiB (Increase: 0.0 MiB)
Memory usage after reset: 1623.11328125 MiB (Increase: 0.0 MiB)
Training episode 412
Memory usage at middle: 1623.11328125 MiB (Increase: 0.0 MiB)
Memory usage before collect: 1623.11328125 MiB (Increase: 0.0 MiB)
Memory usage after collect: 1623.11328125 MiB (Increase: 0.0 MiB)
Memory usage before initialization: 1623.11328125 MiB (Increase: 0.0 MiB)
Memory usage after initialization: 1623.11328125 MiB (Increase: 0.0 MiB)
Current lengths of episodes: [70]
Memory usage at done (index 0, length 70, since_prev 70): 1623.11328125 MiB (Increase: 0.0 MiB)
Memory usage before reset: 1623.11328125 MiB (Increase: 0.0 MiB)
Memory usage after reset: 1623.11328125 MiB (Increase: 0.0 MiB)
Training episode 413
Memory usage at middle: 1623.11328125 MiB (Increase: 0.0 MiB)
Memory usage before collect: 1623.11328125 MiB (Increase: 0.0 MiB)
Memory usage after collect: 1623.11328125 MiB (Increase: 0.0 MiB)
Memory usage before initialization: 1623.11328125 MiB (Increase: 0.0 MiB)
Memory usage after initialization: 1623.11328125 MiB (Increase: 0.0 MiB)
Current lengths of episodes: [48]
Memory usage at done (index 0, length 48, since_prev 48): 1623.11328125 MiB (Increase: 0.0 MiB)
Memory usage before reset: 1623.11328125 MiB (Increase: 0.0 MiB)
Memory usage after reset: 1623.11328125 MiB (Increase: 0.0 MiB)
Training episode 414
Memory usage at middle: 1623.11328125 MiB (Increase: 0.0 MiB)
Memory usage before collect: 1623.11328125 MiB (Increase: 0.0 MiB)
Memory usage after collect: 1623.11328125 MiB (Increase: 0.0 MiB)
Memory usage before initialization: 1623.11328125 MiB (Increase: 0.0 MiB)
Memory usage after initialization: 1623.11328125 MiB (Increase: 0.0 MiB)
Current lengths of episodes: [61]
Memory usage at done (index 0, length 61, since_prev 61): 1623.11328125 MiB (Increase: 0.0 MiB)
Memory usage before reset: 1623.11328125 MiB (Increase: 0.0 MiB)
Memory usage after reset: 1623.11328125 MiB (Increase: 0.0 MiB)
Training episode 415
Memory usage at middle: 1623.11328125 MiB (Increase: 0.0 MiB)
Memory usage before collect: 1623.11328125 MiB (Increase: 0.0 MiB)
Memory usage after collect: 1623.11328125 MiB (Increase: 0.0 MiB)
Memory usage before initialization: 1623.11328125 MiB (Increase: 0.0 MiB)
Memory usage after initialization: 1623.11328125 MiB (Increase: 0.0 MiB)
Current lengths of episodes: [49]
Memory usage at done (index 0, length 49, since_prev 49): 1623.11328125 MiB (Increase: 0.0 MiB)
Memory usage before reset: 1623.11328125 MiB (Increase: 0.0 MiB)
Memory usage after reset: 1623.11328125 MiB (Increase: 0.0 MiB)
Training episode 416
Memory usage at middle: 1623.11328125 MiB (Increase: 0.0 MiB)
Memory usage before collect: 1623.11328125 MiB (Increase: 0.0 MiB)
Memory usage after collect: 1623.11328125 MiB (Increase: 0.0 MiB)
Memory usage before initialization: 1623.11328125 MiB (Increase: 0.0 MiB)
Memory usage after initialization: 1623.11328125 MiB (Increase: 0.0 MiB)
Current lengths of episodes: [78]
Memory usage at done (index 0, length 78, since_prev 78): 1623.11328125 MiB (Increase: 0.0 MiB)
Memory usage before reset: 1623.11328125 MiB (Increase: 0.0 MiB)
Memory usage after reset: 1623.11328125 MiB (Increase: 0.0 MiB)
Training episode 417
Memory usage at middle: 1623.11328125 MiB (Increase: 0.0 MiB)
Memory usage before collect: 1623.11328125 MiB (Increase: 0.0 MiB)
Memory usage after collect: 1623.11328125 MiB (Increase: 0.0 MiB)
Memory usage before initialization: 1623.11328125 MiB (Increase: 0.0 MiB)
Memory usage after initialization: 1623.11328125 MiB (Increase: 0.0 MiB)
Current lengths of episodes: [72]
Memory usage at done (index 0, length 72, since_prev 72): 1623.11328125 MiB (Increase: 0.0 MiB)
Memory usage before reset: 1623.11328125 MiB (Increase: 0.0 MiB)
Memory usage after reset: 1623.11328125 MiB (Increase: 0.0 MiB)
Training episode 418
Memory usage at middle: 1623.11328125 MiB (Increase: 0.0 MiB)
Memory usage before collect: 1623.11328125 MiB (Increase: 0.0 MiB)
Memory usage after collect: 1623.11328125 MiB (Increase: 0.0 MiB)
Memory usage before initialization: 1623.11328125 MiB (Increase: 0.0 MiB)
Memory usage after initialization: 1623.11328125 MiB (Increase: 0.0 MiB)
Current lengths of episodes: [1600]
Memory usage at done (index 0, length 1600, since_prev 1600): 1623.11328125 MiB (Increase: 0.0 MiB)
Memory usage before reset: 1623.11328125 MiB (Increase: 0.0 MiB)
Memory usage after reset: 1623.11328125 MiB (Increase: 0.0 MiB)
Training episode 419
Memory usage at middle: 1623.11328125 MiB (Increase: 0.0 MiB)
Memory usage before collect: 1623.11328125 MiB (Increase: 0.0 MiB)
Memory usage after collect: 1623.11328125 MiB (Increase: 0.0 MiB)
Memory usage before initialization: 1623.11328125 MiB (Increase: 0.0 MiB)
Memory usage after initialization: 1623.11328125 MiB (Increase: 0.0 MiB)
Current lengths of episodes: [1600]
Memory usage at done (index 0, length 1600, since_prev 1600): 1623.11328125 MiB (Increase: 0.0 MiB)
Memory usage before reset: 1623.11328125 MiB (Increase: 0.0 MiB)
Memory usage after reset: 1623.11328125 MiB (Increase: 0.0 MiB)
Training episode 420
Memory usage at middle: 1623.11328125 MiB (Increase: 0.0 MiB)
Memory usage before collect: 1623.11328125 MiB (Increase: 0.0 MiB)
Memory usage after collect: 1623.11328125 MiB (Increase: 0.0 MiB)
Memory usage before initialization: 1623.11328125 MiB (Increase: 0.0 MiB)
Memory usage after initialization: 1623.11328125 MiB (Increase: 0.0 MiB)
Current lengths of episodes: [53]
Memory usage at done (index 0, length 53, since_prev 53): 1623.11328125 MiB (Increase: 0.0 MiB)
Memory usage before reset: 1623.11328125 MiB (Increase: 0.0 MiB)
Memory usage after reset: 1623.11328125 MiB (Increase: 0.0 MiB)
Training episode 421
Memory usage at middle: 1623.11328125 MiB (Increase: 0.0 MiB)
Memory usage before collect: 1623.11328125 MiB (Increase: 0.0 MiB)
Memory usage after collect: 1623.11328125 MiB (Increase: 0.0 MiB)
Memory usage before initialization: 1623.11328125 MiB (Increase: 0.0 MiB)
Memory usage after initialization: 1623.11328125 MiB (Increase: 0.0 MiB)
Current lengths of episodes: [1600]
Memory usage at done (index 0, length 1600, since_prev 1600): 1623.11328125 MiB (Increase: 0.0 MiB)
Memory usage before reset: 1623.11328125 MiB (Increase: 0.0 MiB)
Memory usage after reset: 1623.11328125 MiB (Increase: 0.0 MiB)
Training episode 422
Memory usage at middle: 1623.11328125 MiB (Increase: 0.0 MiB)
Memory usage before collect: 1623.11328125 MiB (Increase: 0.0 MiB)
Memory usage after collect: 1623.11328125 MiB (Increase: 0.0 MiB)
Memory usage before initialization: 1623.11328125 MiB (Increase: 0.0 MiB)
Memory usage after initialization: 1623.11328125 MiB (Increase: 0.0 MiB)
Current lengths of episodes: [137]
Memory usage at done (index 0, length 137, since_prev 137): 1623.11328125 MiB (Increase: 0.0 MiB)
Memory usage before reset: 1623.11328125 MiB (Increase: 0.0 MiB)
Memory usage after reset: 1623.11328125 MiB (Increase: 0.0 MiB)
Training episode 423
Memory usage at middle: 1623.11328125 MiB (Increase: 0.0 MiB)
Memory usage before collect: 1623.11328125 MiB (Increase: 0.0 MiB)
Memory usage after collect: 1623.11328125 MiB (Increase: 0.0 MiB)
Memory usage before initialization: 1623.11328125 MiB (Increase: 0.0 MiB)
Memory usage after initialization: 1623.11328125 MiB (Increase: 0.0 MiB)
Current lengths of episodes: [49]
Memory usage at done (index 0, length 49, since_prev 49): 1623.11328125 MiB (Increase: 0.0 MiB)
Memory usage before reset: 1623.11328125 MiB (Increase: 0.0 MiB)
Memory usage after reset: 1623.11328125 MiB (Increase: 0.0 MiB)
Training episode 424
Memory usage at middle: 1623.11328125 MiB (Increase: 0.0 MiB)
Memory usage before collect: 1623.11328125 MiB (Increase: 0.0 MiB)
Memory usage after collect: 1623.11328125 MiB (Increase: 0.0 MiB)
Memory usage before initialization: 1623.11328125 MiB (Increase: 0.0 MiB)
Memory usage after initialization: 1623.11328125 MiB (Increase: 0.0 MiB)
Current lengths of episodes: [201]
Memory usage at done (index 0, length 201, since_prev 201): 1623.11328125 MiB (Increase: 0.0 MiB)
Memory usage before reset: 1623.11328125 MiB (Increase: 0.0 MiB)
Memory usage after reset: 1623.11328125 MiB (Increase: 0.0 MiB)
Training episode 425
Memory usage at middle: 1623.11328125 MiB (Increase: 0.0 MiB)
Memory usage before collect: 1623.11328125 MiB (Increase: 0.0 MiB)
Memory usage after collect: 1623.11328125 MiB (Increase: 0.0 MiB)
Memory usage before initialization: 1623.11328125 MiB (Increase: 0.0 MiB)
Memory usage after initialization: 1623.11328125 MiB (Increase: 0.0 MiB)
Current lengths of episodes: [58]
Memory usage at done (index 0, length 58, since_prev 58): 1623.11328125 MiB (Increase: 0.0 MiB)
Memory usage before reset: 1623.11328125 MiB (Increase: 0.0 MiB)
Memory usage after reset: 1623.11328125 MiB (Increase: 0.0 MiB)
Training episode 426
Memory usage at middle: 1623.11328125 MiB (Increase: 0.0 MiB)
Memory usage before collect: 1623.11328125 MiB (Increase: 0.0 MiB)
Memory usage after collect: 1623.11328125 MiB (Increase: 0.0 MiB)
Memory usage before initialization: 1623.11328125 MiB (Increase: 0.0 MiB)
Memory usage after initialization: 1623.11328125 MiB (Increase: 0.0 MiB)
Current lengths of episodes: [44]
Memory usage at done (index 0, length 44, since_prev 44): 1623.11328125 MiB (Increase: 0.0 MiB)
Memory usage before reset: 1623.11328125 MiB (Increase: 0.0 MiB)
Memory usage after reset: 1623.11328125 MiB (Increase: 0.0 MiB)
Training episode 427
Memory usage at middle: 1623.11328125 MiB (Increase: 0.0 MiB)
Memory usage before collect: 1623.11328125 MiB (Increase: 0.0 MiB)
Memory usage after collect: 1623.11328125 MiB (Increase: 0.0 MiB)
Memory usage before initialization: 1623.11328125 MiB (Increase: 0.0 MiB)
Memory usage after initialization: 1623.11328125 MiB (Increase: 0.0 MiB)
Current lengths of episodes: [1600]
Memory usage at done (index 0, length 1600, since_prev 1600): 1623.11328125 MiB (Increase: 0.0 MiB)
Memory usage before reset: 1623.11328125 MiB (Increase: 0.0 MiB)
Memory usage after reset: 1623.11328125 MiB (Increase: 0.0 MiB)
Training episode 428
Memory usage at middle: 1623.11328125 MiB (Increase: 0.0 MiB)
Memory usage before collect: 1623.11328125 MiB (Increase: 0.0 MiB)
Memory usage after collect: 1623.11328125 MiB (Increase: 0.0 MiB)
Memory usage before initialization: 1623.11328125 MiB (Increase: 0.0 MiB)
Memory usage after initialization: 1623.11328125 MiB (Increase: 0.0 MiB)
Current lengths of episodes: [90]
Memory usage at done (index 0, length 90, since_prev 90): 1623.11328125 MiB (Increase: 0.0 MiB)
Memory usage before reset: 1623.11328125 MiB (Increase: 0.0 MiB)
Memory usage after reset: 1623.11328125 MiB (Increase: 0.0 MiB)
Training episode 429
Memory usage at middle: 1623.11328125 MiB (Increase: 0.0 MiB)
Memory usage before collect: 1623.11328125 MiB (Increase: 0.0 MiB)
Memory usage after collect: 1623.11328125 MiB (Increase: 0.0 MiB)
Memory usage before initialization: 1623.11328125 MiB (Increase: 0.0 MiB)
Memory usage after initialization: 1623.11328125 MiB (Increase: 0.0 MiB)
Current lengths of episodes: [1600]
Memory usage at done (index 0, length 1600, since_prev 1600): 1623.11328125 MiB (Increase: 0.0 MiB)
Memory usage before reset: 1623.11328125 MiB (Increase: 0.0 MiB)
Memory usage after reset: 1623.11328125 MiB (Increase: 0.0 MiB)
Training episode 430
Memory usage at middle: 1623.11328125 MiB (Increase: 0.0 MiB)
Memory usage before collect: 1623.11328125 MiB (Increase: 0.0 MiB)
Memory usage after collect: 1623.11328125 MiB (Increase: 0.0 MiB)
Memory usage before initialization: 1623.11328125 MiB (Increase: 0.0 MiB)
Memory usage after initialization: 1623.11328125 MiB (Increase: 0.0 MiB)
Current lengths of episodes: [1600]
Memory usage at done (index 0, length 1600, since_prev 1600): 1623.11328125 MiB (Increase: 0.0 MiB)
Memory usage before reset: 1623.11328125 MiB (Increase: 0.0 MiB)
Memory usage after reset: 1623.11328125 MiB (Increase: 0.0 MiB)
Training episode 431
Memory usage at middle: 1623.11328125 MiB (Increase: 0.0 MiB)
Memory usage before collect: 1623.11328125 MiB (Increase: 0.0 MiB)
Memory usage after collect: 1623.11328125 MiB (Increase: 0.0 MiB)
Memory usage before initialization: 1623.11328125 MiB (Increase: 0.0 MiB)
Memory usage after initialization: 1623.11328125 MiB (Increase: 0.0 MiB)
Current lengths of episodes: [65]
Memory usage at done (index 0, length 65, since_prev 65): 1623.11328125 MiB (Increase: 0.0 MiB)
Memory usage before reset: 1623.11328125 MiB (Increase: 0.0 MiB)
Memory usage after reset: 1623.11328125 MiB (Increase: 0.0 MiB)
Training episode 432
Memory usage at middle: 1623.11328125 MiB (Increase: 0.0 MiB)
Memory usage before collect: 1623.11328125 MiB (Increase: 0.0 MiB)
Memory usage after collect: 1623.11328125 MiB (Increase: 0.0 MiB)
Memory usage before initialization: 1623.11328125 MiB (Increase: 0.0 MiB)
Memory usage after initialization: 1623.11328125 MiB (Increase: 0.0 MiB)
Current lengths of episodes: [1600]
Memory usage at done (index 0, length 1600, since_prev 1600): 1623.11328125 MiB (Increase: 0.0 MiB)
Memory usage before reset: 1623.11328125 MiB (Increase: 0.0 MiB)
Memory usage after reset: 1623.11328125 MiB (Increase: 0.0 MiB)
Training episode 433
Memory usage at middle: 1623.11328125 MiB (Increase: 0.0 MiB)
Memory usage before collect: 1623.11328125 MiB (Increase: 0.0 MiB)
Memory usage after collect: 1623.11328125 MiB (Increase: 0.0 MiB)
Memory usage before initialization: 1623.11328125 MiB (Increase: 0.0 MiB)
Memory usage after initialization: 1623.11328125 MiB (Increase: 0.0 MiB)
Current lengths of episodes: [1600]
Memory usage at done (index 0, length 1600, since_prev 1600): 1623.11328125 MiB (Increase: 0.0 MiB)
Memory usage before reset: 1623.11328125 MiB (Increase: 0.0 MiB)
Memory usage after reset: 1623.11328125 MiB (Increase: 0.0 MiB)
Training episode 434
Memory usage at middle: 1623.11328125 MiB (Increase: 0.0 MiB)
Memory usage before collect: 1623.11328125 MiB (Increase: 0.0 MiB)
Memory usage after collect: 1623.11328125 MiB (Increase: 0.0 MiB)
Memory usage before initialization: 1623.11328125 MiB (Increase: 0.0 MiB)
Memory usage after initialization: 1623.11328125 MiB (Increase: 0.0 MiB)
Current lengths of episodes: [122]
Memory usage at done (index 0, length 122, since_prev 122): 1623.11328125 MiB (Increase: 0.0 MiB)
Memory usage before reset: 1623.11328125 MiB (Increase: 0.0 MiB)
Memory usage after reset: 1623.11328125 MiB (Increase: 0.0 MiB)
Training episode 435
Memory usage at middle: 1623.11328125 MiB (Increase: 0.0 MiB)
Memory usage before collect: 1623.11328125 MiB (Increase: 0.0 MiB)
Memory usage after collect: 1623.11328125 MiB (Increase: 0.0 MiB)
Memory usage before initialization: 1623.11328125 MiB (Increase: 0.0 MiB)
Memory usage after initialization: 1623.11328125 MiB (Increase: 0.0 MiB)
Current lengths of episodes: [1600]
Memory usage at done (index 0, length 1600, since_prev 1600): 1623.11328125 MiB (Increase: 0.0 MiB)
Memory usage before reset: 1623.11328125 MiB (Increase: 0.0 MiB)
Memory usage after reset: 1623.11328125 MiB (Increase: 0.0 MiB)
Training episode 436
Memory usage at middle: 1623.11328125 MiB (Increase: 0.0 MiB)
Memory usage before collect: 1623.11328125 MiB (Increase: 0.0 MiB)
Memory usage after collect: 1623.11328125 MiB (Increase: 0.0 MiB)
Memory usage before initialization: 1623.11328125 MiB (Increase: 0.0 MiB)
Memory usage after initialization: 1623.11328125 MiB (Increase: 0.0 MiB)
Current lengths of episodes: [615]
Memory usage at done (index 0, length 615, since_prev 615): 1623.11328125 MiB (Increase: 0.0 MiB)
Memory usage before reset: 1623.11328125 MiB (Increase: 0.0 MiB)
Memory usage after reset: 1623.11328125 MiB (Increase: 0.0 MiB)
Training episode 437
Memory usage at middle: 1623.11328125 MiB (Increase: 0.0 MiB)
Memory usage before collect: 1623.11328125 MiB (Increase: 0.0 MiB)
Memory usage after collect: 1623.11328125 MiB (Increase: 0.0 MiB)
Memory usage before initialization: 1623.11328125 MiB (Increase: 0.0 MiB)
Memory usage after initialization: 1623.11328125 MiB (Increase: 0.0 MiB)
Current lengths of episodes: [88]
Memory usage at done (index 0, length 88, since_prev 88): 1623.11328125 MiB (Increase: 0.0 MiB)
Memory usage before reset: 1623.11328125 MiB (Increase: 0.0 MiB)
Memory usage after reset: 1623.11328125 MiB (Increase: 0.0 MiB)
Training episode 438
Memory usage at middle: 1623.11328125 MiB (Increase: 0.0 MiB)
Memory usage before collect: 1623.11328125 MiB (Increase: 0.0 MiB)
Memory usage after collect: 1623.11328125 MiB (Increase: 0.0 MiB)
Memory usage before initialization: 1623.11328125 MiB (Increase: 0.0 MiB)
Memory usage after initialization: 1623.11328125 MiB (Increase: 0.0 MiB)
Current lengths of episodes: [62]
Memory usage at done (index 0, length 62, since_prev 62): 1623.11328125 MiB (Increase: 0.0 MiB)
Memory usage before reset: 1623.11328125 MiB (Increase: 0.0 MiB)
Memory usage after reset: 1623.11328125 MiB (Increase: 0.0 MiB)
Training episode 439
Memory usage at middle: 1623.11328125 MiB (Increase: 0.0 MiB)
Memory usage before collect: 1623.11328125 MiB (Increase: 0.0 MiB)
Memory usage after collect: 1623.11328125 MiB (Increase: 0.0 MiB)
Memory usage before initialization: 1623.11328125 MiB (Increase: 0.0 MiB)
Memory usage after initialization: 1623.11328125 MiB (Increase: 0.0 MiB)
Current lengths of episodes: [1600]
Memory usage at done (index 0, length 1600, since_prev 1600): 1623.11328125 MiB (Increase: 0.0 MiB)
Memory usage before reset: 1623.11328125 MiB (Increase: 0.0 MiB)
Memory usage after reset: 1623.11328125 MiB (Increase: 0.0 MiB)
Training episode 440
Memory usage at middle: 1623.11328125 MiB (Increase: 0.0 MiB)
Memory usage before collect: 1623.11328125 MiB (Increase: 0.0 MiB)
Memory usage after collect: 1623.11328125 MiB (Increase: 0.0 MiB)
Memory usage before initialization: 1623.11328125 MiB (Increase: 0.0 MiB)
Memory usage after initialization: 1623.11328125 MiB (Increase: 0.0 MiB)
Current lengths of episodes: [1600]
Memory usage at done (index 0, length 1600, since_prev 1600): 1623.11328125 MiB (Increase: 0.0 MiB)
Memory usage before reset: 1623.11328125 MiB (Increase: 0.0 MiB)
Memory usage after reset: 1623.11328125 MiB (Increase: 0.0 MiB)
Training episode 441
Memory usage at middle: 1623.11328125 MiB (Increase: 0.0 MiB)
Memory usage before collect: 1623.11328125 MiB (Increase: 0.0 MiB)
Memory usage after collect: 1623.11328125 MiB (Increase: 0.0 MiB)
Memory usage before initialization: 1623.11328125 MiB (Increase: 0.0 MiB)
Memory usage after initialization: 1623.11328125 MiB (Increase: 0.0 MiB)
Current lengths of episodes: [1600]
Memory usage at done (index 0, length 1600, since_prev 1600): 1623.11328125 MiB (Increase: 0.0 MiB)
Memory usage before reset: 1623.11328125 MiB (Increase: 0.0 MiB)
Memory usage after reset: 1623.11328125 MiB (Increase: 0.0 MiB)
Training episode 442
Memory usage at middle: 1623.11328125 MiB (Increase: 0.0 MiB)
Memory usage before collect: 1623.11328125 MiB (Increase: 0.0 MiB)
Memory usage after collect: 1623.11328125 MiB (Increase: 0.0 MiB)
Memory usage before initialization: 1623.11328125 MiB (Increase: 0.0 MiB)
Memory usage after initialization: 1623.11328125 MiB (Increase: 0.0 MiB)
Current lengths of episodes: [48]
Memory usage at done (index 0, length 48, since_prev 48): 1623.11328125 MiB (Increase: 0.0 MiB)
Memory usage before reset: 1623.11328125 MiB (Increase: 0.0 MiB)
Memory usage after reset: 1623.11328125 MiB (Increase: 0.0 MiB)
Training episode 443
Memory usage at middle: 1623.11328125 MiB (Increase: 0.0 MiB)
Memory usage before collect: 1623.11328125 MiB (Increase: 0.0 MiB)
Memory usage after collect: 1623.11328125 MiB (Increase: 0.0 MiB)
Memory usage before initialization: 1623.11328125 MiB (Increase: 0.0 MiB)
Memory usage after initialization: 1623.11328125 MiB (Increase: 0.0 MiB)
Current lengths of episodes: [1600]
Memory usage at done (index 0, length 1600, since_prev 1600): 1623.11328125 MiB (Increase: 0.0 MiB)
Memory usage before reset: 1623.11328125 MiB (Increase: 0.0 MiB)
Memory usage after reset: 1623.11328125 MiB (Increase: 0.0 MiB)
Training episode 444
Memory usage at middle: 1623.11328125 MiB (Increase: 0.0 MiB)
Memory usage before collect: 1623.11328125 MiB (Increase: 0.0 MiB)
Memory usage after collect: 1623.11328125 MiB (Increase: 0.0 MiB)
Memory usage before initialization: 1623.11328125 MiB (Increase: 0.0 MiB)
Memory usage after initialization: 1623.11328125 MiB (Increase: 0.0 MiB)
Current lengths of episodes: [86]
Memory usage at done (index 0, length 86, since_prev 86): 1623.11328125 MiB (Increase: 0.0 MiB)
Memory usage before reset: 1623.11328125 MiB (Increase: 0.0 MiB)
Memory usage after reset: 1623.11328125 MiB (Increase: 0.0 MiB)
Training episode 445
Memory usage at middle: 1623.11328125 MiB (Increase: 0.0 MiB)
Memory usage before collect: 1623.11328125 MiB (Increase: 0.0 MiB)
Memory usage after collect: 1623.11328125 MiB (Increase: 0.0 MiB)
Memory usage before initialization: 1623.11328125 MiB (Increase: 0.0 MiB)
Memory usage after initialization: 1623.11328125 MiB (Increase: 0.0 MiB)
Current lengths of episodes: [1600]
Memory usage at done (index 0, length 1600, since_prev 1600): 1623.11328125 MiB (Increase: 0.0 MiB)
Memory usage before reset: 1623.11328125 MiB (Increase: 0.0 MiB)
Memory usage after reset: 1623.11328125 MiB (Increase: 0.0 MiB)
Training episode 446
Memory usage at middle: 1623.11328125 MiB (Increase: 0.0 MiB)
Memory usage before collect: 1623.11328125 MiB (Increase: 0.0 MiB)
Memory usage after collect: 1623.11328125 MiB (Increase: 0.0 MiB)
Memory usage before initialization: 1623.11328125 MiB (Increase: 0.0 MiB)
Memory usage after initialization: 1623.11328125 MiB (Increase: 0.0 MiB)
Current lengths of episodes: [89]
Memory usage at done (index 0, length 89, since_prev 89): 1623.11328125 MiB (Increase: 0.0 MiB)
Memory usage before reset: 1623.11328125 MiB (Increase: 0.0 MiB)
Memory usage after reset: 1623.11328125 MiB (Increase: 0.0 MiB)
Training episode 447
Memory usage at middle: 1623.11328125 MiB (Increase: 0.0 MiB)
Memory usage before collect: 1623.11328125 MiB (Increase: 0.0 MiB)
Memory usage after collect: 1623.11328125 MiB (Increase: 0.0 MiB)
Memory usage before initialization: 1623.11328125 MiB (Increase: 0.0 MiB)
Memory usage after initialization: 1623.11328125 MiB (Increase: 0.0 MiB)
Current lengths of episodes: [1600]
Memory usage at done (index 0, length 1600, since_prev 1600): 1623.11328125 MiB (Increase: 0.0 MiB)
Memory usage before reset: 1623.11328125 MiB (Increase: 0.0 MiB)
Memory usage after reset: 1623.11328125 MiB (Increase: 0.0 MiB)
Training episode 448
Memory usage at middle: 1623.11328125 MiB (Increase: 0.0 MiB)
Memory usage before collect: 1623.11328125 MiB (Increase: 0.0 MiB)
Memory usage after collect: 1623.11328125 MiB (Increase: 0.0 MiB)
Memory usage before initialization: 1623.11328125 MiB (Increase: 0.0 MiB)
Memory usage after initialization: 1623.11328125 MiB (Increase: 0.0 MiB)
Current lengths of episodes: [1600]
Memory usage at done (index 0, length 1600, since_prev 1600): 1623.11328125 MiB (Increase: 0.0 MiB)
Memory usage before reset: 1623.11328125 MiB (Increase: 0.0 MiB)
Memory usage after reset: 1623.11328125 MiB (Increase: 0.0 MiB)
Training episode 449
Memory usage at middle: 1623.11328125 MiB (Increase: 0.0 MiB)
Memory usage before collect: 1623.11328125 MiB (Increase: 0.0 MiB)
Memory usage after collect: 1623.11328125 MiB (Increase: 0.0 MiB)
Memory usage before initialization: 1623.11328125 MiB (Increase: 0.0 MiB)
Memory usage after initialization: 1623.11328125 MiB (Increase: 0.0 MiB)
Current lengths of episodes: [78]
Memory usage at done (index 0, length 78, since_prev 78): 1623.11328125 MiB (Increase: 0.0 MiB)
Memory usage before reset: 1623.11328125 MiB (Increase: 0.0 MiB)
Memory usage after reset: 1623.11328125 MiB (Increase: 0.0 MiB)
Training episode 450
Memory usage at middle: 1623.11328125 MiB (Increase: 0.0 MiB)
Memory usage before collect: 1623.11328125 MiB (Increase: 0.0 MiB)
Memory usage after collect: 1623.11328125 MiB (Increase: 0.0 MiB)
Episode 450	Average evaluation: -109.95306377774241
Memory usage before initialization: 1623.11328125 MiB (Increase: 0.0 MiB)
Memory usage after initialization: 1623.11328125 MiB (Increase: 0.0 MiB)
Current lengths of episodes: [97]
Memory usage at done (index 0, length 97, since_prev 97): 1623.11328125 MiB (Increase: 0.0 MiB)
Memory usage before reset: 1623.11328125 MiB (Increase: 0.0 MiB)
Memory usage after reset: 1623.11328125 MiB (Increase: 0.0 MiB)
Training episode 451
Memory usage at middle: 1623.11328125 MiB (Increase: 0.0 MiB)
Memory usage before collect: 1623.11328125 MiB (Increase: 0.0 MiB)
Memory usage after collect: 1623.11328125 MiB (Increase: 0.0 MiB)
Memory usage before initialization: 1623.11328125 MiB (Increase: 0.0 MiB)
Memory usage after initialization: 1623.11328125 MiB (Increase: 0.0 MiB)
Current lengths of episodes: [1600]
Memory usage at done (index 0, length 1600, since_prev 1600): 1623.11328125 MiB (Increase: 0.0 MiB)
Memory usage before reset: 1623.11328125 MiB (Increase: 0.0 MiB)
Memory usage after reset: 1623.11328125 MiB (Increase: 0.0 MiB)
Training episode 452
Memory usage at middle: 1623.11328125 MiB (Increase: 0.0 MiB)
Memory usage before collect: 1623.11328125 MiB (Increase: 0.0 MiB)
Memory usage after collect: 1623.11328125 MiB (Increase: 0.0 MiB)
Memory usage before initialization: 1623.11328125 MiB (Increase: 0.0 MiB)
Memory usage after initialization: 1623.11328125 MiB (Increase: 0.0 MiB)
Current lengths of episodes: [1600]
Memory usage at done (index 0, length 1600, since_prev 1600): 1623.11328125 MiB (Increase: 0.0 MiB)
Memory usage before reset: 1623.11328125 MiB (Increase: 0.0 MiB)
Memory usage after reset: 1623.11328125 MiB (Increase: 0.0 MiB)
Training episode 453
Memory usage at middle: 1623.11328125 MiB (Increase: 0.0 MiB)
Memory usage before collect: 1623.11328125 MiB (Increase: 0.0 MiB)
Memory usage after collect: 1623.11328125 MiB (Increase: 0.0 MiB)
Memory usage before initialization: 1623.11328125 MiB (Increase: 0.0 MiB)
Memory usage after initialization: 1623.11328125 MiB (Increase: 0.0 MiB)
Current lengths of episodes: [1600]
Memory usage at done (index 0, length 1600, since_prev 1600): 1623.11328125 MiB (Increase: 0.0 MiB)
Memory usage before reset: 1623.11328125 MiB (Increase: 0.0 MiB)
Memory usage after reset: 1623.11328125 MiB (Increase: 0.0 MiB)
Training episode 454
Memory usage at middle: 1623.11328125 MiB (Increase: 0.0 MiB)
Memory usage before collect: 1623.11328125 MiB (Increase: 0.0 MiB)
Memory usage after collect: 1623.11328125 MiB (Increase: 0.0 MiB)
Memory usage before initialization: 1623.11328125 MiB (Increase: 0.0 MiB)
Memory usage after initialization: 1623.11328125 MiB (Increase: 0.0 MiB)
Current lengths of episodes: [55]
Memory usage at done (index 0, length 55, since_prev 55): 1623.11328125 MiB (Increase: 0.0 MiB)
Memory usage before reset: 1623.11328125 MiB (Increase: 0.0 MiB)
Memory usage after reset: 1623.11328125 MiB (Increase: 0.0 MiB)
Training episode 455
Memory usage at middle: 1623.11328125 MiB (Increase: 0.0 MiB)
Memory usage before collect: 1623.11328125 MiB (Increase: 0.0 MiB)
Memory usage after collect: 1623.11328125 MiB (Increase: 0.0 MiB)
Memory usage before initialization: 1623.11328125 MiB (Increase: 0.0 MiB)
Memory usage after initialization: 1623.11328125 MiB (Increase: 0.0 MiB)
Current lengths of episodes: [1600]
Memory usage at done (index 0, length 1600, since_prev 1600): 1623.11328125 MiB (Increase: 0.0 MiB)
Memory usage before reset: 1623.11328125 MiB (Increase: 0.0 MiB)
Memory usage after reset: 1623.11328125 MiB (Increase: 0.0 MiB)
Training episode 456
Memory usage at middle: 1623.11328125 MiB (Increase: 0.0 MiB)
Memory usage before collect: 1623.11328125 MiB (Increase: 0.0 MiB)
Memory usage after collect: 1623.11328125 MiB (Increase: 0.0 MiB)
Memory usage before initialization: 1623.11328125 MiB (Increase: 0.0 MiB)
Memory usage after initialization: 1623.11328125 MiB (Increase: 0.0 MiB)
Current lengths of episodes: [65]
Memory usage at done (index 0, length 65, since_prev 65): 1623.11328125 MiB (Increase: 0.0 MiB)
Memory usage before reset: 1623.11328125 MiB (Increase: 0.0 MiB)
Memory usage after reset: 1623.11328125 MiB (Increase: 0.0 MiB)
Training episode 457
Memory usage at middle: 1623.11328125 MiB (Increase: 0.0 MiB)
Memory usage before collect: 1623.11328125 MiB (Increase: 0.0 MiB)
Memory usage after collect: 1623.11328125 MiB (Increase: 0.0 MiB)
Memory usage before initialization: 1623.11328125 MiB (Increase: 0.0 MiB)
Memory usage after initialization: 1623.11328125 MiB (Increase: 0.0 MiB)
Current lengths of episodes: [1600]
Memory usage at done (index 0, length 1600, since_prev 1600): 1623.11328125 MiB (Increase: 0.0 MiB)
Memory usage before reset: 1623.11328125 MiB (Increase: 0.0 MiB)
Memory usage after reset: 1623.11328125 MiB (Increase: 0.0 MiB)
Training episode 458
Memory usage at middle: 1623.11328125 MiB (Increase: 0.0 MiB)
Memory usage before collect: 1623.11328125 MiB (Increase: 0.0 MiB)
Memory usage after collect: 1623.11328125 MiB (Increase: 0.0 MiB)
Memory usage before initialization: 1623.11328125 MiB (Increase: 0.0 MiB)
Memory usage after initialization: 1623.11328125 MiB (Increase: 0.0 MiB)
Current lengths of episodes: [858]
Memory usage at done (index 0, length 858, since_prev 858): 1623.11328125 MiB (Increase: 0.0 MiB)
Memory usage before reset: 1623.11328125 MiB (Increase: 0.0 MiB)
Memory usage after reset: 1623.11328125 MiB (Increase: 0.0 MiB)
Training episode 459
Memory usage at middle: 1623.11328125 MiB (Increase: 0.0 MiB)
Memory usage before collect: 1623.11328125 MiB (Increase: 0.0 MiB)
Memory usage after collect: 1623.11328125 MiB (Increase: 0.0 MiB)
Memory usage before initialization: 1623.11328125 MiB (Increase: 0.0 MiB)
Memory usage after initialization: 1623.11328125 MiB (Increase: 0.0 MiB)
Current lengths of episodes: [48]
Memory usage at done (index 0, length 48, since_prev 48): 1623.11328125 MiB (Increase: 0.0 MiB)
Memory usage before reset: 1623.11328125 MiB (Increase: 0.0 MiB)
Memory usage after reset: 1623.11328125 MiB (Increase: 0.0 MiB)
Training episode 460
Memory usage at middle: 1623.11328125 MiB (Increase: 0.0 MiB)
Memory usage before collect: 1623.11328125 MiB (Increase: 0.0 MiB)
Memory usage after collect: 1623.11328125 MiB (Increase: 0.0 MiB)
Memory usage before initialization: 1623.11328125 MiB (Increase: 0.0 MiB)
Memory usage after initialization: 1623.11328125 MiB (Increase: 0.0 MiB)
Current lengths of episodes: [78]
Memory usage at done (index 0, length 78, since_prev 78): 1623.11328125 MiB (Increase: 0.0 MiB)
Memory usage before reset: 1623.11328125 MiB (Increase: 0.0 MiB)
Memory usage after reset: 1623.11328125 MiB (Increase: 0.0 MiB)
Training episode 461
Memory usage at middle: 1623.11328125 MiB (Increase: 0.0 MiB)
Memory usage before collect: 1623.11328125 MiB (Increase: 0.0 MiB)
Memory usage after collect: 1623.11328125 MiB (Increase: 0.0 MiB)
Memory usage before initialization: 1623.11328125 MiB (Increase: 0.0 MiB)
Memory usage after initialization: 1623.11328125 MiB (Increase: 0.0 MiB)
Current lengths of episodes: [1600]
Memory usage at done (index 0, length 1600, since_prev 1600): 1623.11328125 MiB (Increase: 0.0 MiB)
Memory usage before reset: 1623.11328125 MiB (Increase: 0.0 MiB)
Memory usage after reset: 1623.11328125 MiB (Increase: 0.0 MiB)
Training episode 462
Memory usage at middle: 1623.11328125 MiB (Increase: 0.0 MiB)
Memory usage before collect: 1623.11328125 MiB (Increase: 0.0 MiB)
Memory usage after collect: 1623.11328125 MiB (Increase: 0.0 MiB)
Memory usage before initialization: 1623.11328125 MiB (Increase: 0.0 MiB)
Memory usage after initialization: 1623.11328125 MiB (Increase: 0.0 MiB)
Current lengths of episodes: [1600]
Memory usage at done (index 0, length 1600, since_prev 1600): 1623.11328125 MiB (Increase: 0.0 MiB)
Memory usage before reset: 1623.11328125 MiB (Increase: 0.0 MiB)
Memory usage after reset: 1623.11328125 MiB (Increase: 0.0 MiB)
Training episode 463
Memory usage at middle: 1623.11328125 MiB (Increase: 0.0 MiB)
Memory usage before collect: 1623.11328125 MiB (Increase: 0.0 MiB)
Memory usage after collect: 1623.11328125 MiB (Increase: 0.0 MiB)
Memory usage before initialization: 1623.11328125 MiB (Increase: 0.0 MiB)
Memory usage after initialization: 1623.11328125 MiB (Increase: 0.0 MiB)
Current lengths of episodes: [1600]
Memory usage at done (index 0, length 1600, since_prev 1600): 1623.11328125 MiB (Increase: 0.0 MiB)
Memory usage before reset: 1623.11328125 MiB (Increase: 0.0 MiB)
Memory usage after reset: 1623.11328125 MiB (Increase: 0.0 MiB)
Training episode 464
Memory usage at middle: 1623.11328125 MiB (Increase: 0.0 MiB)
Memory usage before collect: 1623.11328125 MiB (Increase: 0.0 MiB)
Memory usage after collect: 1623.11328125 MiB (Increase: 0.0 MiB)
Memory usage before initialization: 1623.11328125 MiB (Increase: 0.0 MiB)
Memory usage after initialization: 1623.11328125 MiB (Increase: 0.0 MiB)
Current lengths of episodes: [1600]
Memory usage at done (index 0, length 1600, since_prev 1600): 1623.11328125 MiB (Increase: 0.0 MiB)
Memory usage before reset: 1623.11328125 MiB (Increase: 0.0 MiB)
Memory usage after reset: 1623.11328125 MiB (Increase: 0.0 MiB)
Training episode 465
Memory usage at middle: 1623.11328125 MiB (Increase: 0.0 MiB)
Memory usage before collect: 1623.11328125 MiB (Increase: 0.0 MiB)
Memory usage after collect: 1623.11328125 MiB (Increase: 0.0 MiB)
Memory usage before initialization: 1623.11328125 MiB (Increase: 0.0 MiB)
Memory usage after initialization: 1623.11328125 MiB (Increase: 0.0 MiB)
Current lengths of episodes: [1600]
Memory usage at done (index 0, length 1600, since_prev 1600): 1623.11328125 MiB (Increase: 0.0 MiB)
Memory usage before reset: 1623.11328125 MiB (Increase: 0.0 MiB)
Memory usage after reset: 1623.11328125 MiB (Increase: 0.0 MiB)
Training episode 466
Memory usage at middle: 1623.11328125 MiB (Increase: 0.0 MiB)
Memory usage before collect: 1623.11328125 MiB (Increase: 0.0 MiB)
Memory usage after collect: 1623.11328125 MiB (Increase: 0.0 MiB)
Memory usage before initialization: 1623.11328125 MiB (Increase: 0.0 MiB)
Memory usage after initialization: 1623.11328125 MiB (Increase: 0.0 MiB)
Current lengths of episodes: [110]
Memory usage at done (index 0, length 110, since_prev 110): 1623.11328125 MiB (Increase: 0.0 MiB)
Memory usage before reset: 1623.11328125 MiB (Increase: 0.0 MiB)
Memory usage after reset: 1623.11328125 MiB (Increase: 0.0 MiB)
Training episode 467
Memory usage at middle: 1623.11328125 MiB (Increase: 0.0 MiB)
Memory usage before collect: 1623.11328125 MiB (Increase: 0.0 MiB)
Memory usage after collect: 1623.11328125 MiB (Increase: 0.0 MiB)
Memory usage before initialization: 1623.11328125 MiB (Increase: 0.0 MiB)
Memory usage after initialization: 1623.11328125 MiB (Increase: 0.0 MiB)
Current lengths of episodes: [1600]
Memory usage at done (index 0, length 1600, since_prev 1600): 1623.11328125 MiB (Increase: 0.0 MiB)
Memory usage before reset: 1623.11328125 MiB (Increase: 0.0 MiB)
Memory usage after reset: 1623.11328125 MiB (Increase: 0.0 MiB)
Training episode 468
Memory usage at middle: 1623.11328125 MiB (Increase: 0.0 MiB)
Memory usage before collect: 1623.11328125 MiB (Increase: 0.0 MiB)
Memory usage after collect: 1623.11328125 MiB (Increase: 0.0 MiB)
Memory usage before initialization: 1623.11328125 MiB (Increase: 0.0 MiB)
Memory usage after initialization: 1623.11328125 MiB (Increase: 0.0 MiB)
Current lengths of episodes: [1600]
Memory usage at done (index 0, length 1600, since_prev 1600): 1623.11328125 MiB (Increase: 0.0 MiB)
Memory usage before reset: 1623.11328125 MiB (Increase: 0.0 MiB)
Memory usage after reset: 1623.11328125 MiB (Increase: 0.0 MiB)
Training episode 469
Memory usage at middle: 1623.11328125 MiB (Increase: 0.0 MiB)
Memory usage before collect: 1623.11328125 MiB (Increase: 0.0 MiB)
Memory usage after collect: 1623.11328125 MiB (Increase: 0.0 MiB)
Memory usage before initialization: 1623.11328125 MiB (Increase: 0.0 MiB)
Memory usage after initialization: 1623.11328125 MiB (Increase: 0.0 MiB)
Current lengths of episodes: [1600]
Memory usage at done (index 0, length 1600, since_prev 1600): 1623.11328125 MiB (Increase: 0.0 MiB)
Memory usage before reset: 1623.11328125 MiB (Increase: 0.0 MiB)
Memory usage after reset: 1623.11328125 MiB (Increase: 0.0 MiB)
Training episode 470
Memory usage at middle: 1623.11328125 MiB (Increase: 0.0 MiB)
Memory usage before collect: 1623.11328125 MiB (Increase: 0.0 MiB)
Memory usage after collect: 1623.11328125 MiB (Increase: 0.0 MiB)
Memory usage before initialization: 1623.11328125 MiB (Increase: 0.0 MiB)
Memory usage after initialization: 1623.11328125 MiB (Increase: 0.0 MiB)
Current lengths of episodes: [60]
Memory usage at done (index 0, length 60, since_prev 60): 1623.11328125 MiB (Increase: 0.0 MiB)
Memory usage before reset: 1623.11328125 MiB (Increase: 0.0 MiB)
Memory usage after reset: 1623.11328125 MiB (Increase: 0.0 MiB)
Training episode 471
Memory usage at middle: 1623.11328125 MiB (Increase: 0.0 MiB)
Memory usage before collect: 1623.11328125 MiB (Increase: 0.0 MiB)
Memory usage after collect: 1623.11328125 MiB (Increase: 0.0 MiB)
Memory usage before initialization: 1623.11328125 MiB (Increase: 0.0 MiB)
Memory usage after initialization: 1623.11328125 MiB (Increase: 0.0 MiB)
Current lengths of episodes: [1600]
Memory usage at done (index 0, length 1600, since_prev 1600): 1623.11328125 MiB (Increase: 0.0 MiB)
Memory usage before reset: 1623.11328125 MiB (Increase: 0.0 MiB)
Memory usage after reset: 1623.11328125 MiB (Increase: 0.0 MiB)
Training episode 472
Memory usage at middle: 1623.11328125 MiB (Increase: 0.0 MiB)
Memory usage before collect: 1623.11328125 MiB (Increase: 0.0 MiB)
Memory usage after collect: 1623.11328125 MiB (Increase: 0.0 MiB)
Memory usage before initialization: 1623.11328125 MiB (Increase: 0.0 MiB)
Memory usage after initialization: 1623.11328125 MiB (Increase: 0.0 MiB)
Current lengths of episodes: [1338]
Memory usage at done (index 0, length 1338, since_prev 1338): 1623.11328125 MiB (Increase: 0.0 MiB)
Memory usage before reset: 1623.11328125 MiB (Increase: 0.0 MiB)
Memory usage after reset: 1623.11328125 MiB (Increase: 0.0 MiB)
Training episode 473
Memory usage at middle: 1623.11328125 MiB (Increase: 0.0 MiB)
Memory usage before collect: 1623.11328125 MiB (Increase: 0.0 MiB)
Memory usage after collect: 1623.11328125 MiB (Increase: 0.0 MiB)
Memory usage before initialization: 1623.11328125 MiB (Increase: 0.0 MiB)
Memory usage after initialization: 1623.11328125 MiB (Increase: 0.0 MiB)
Current lengths of episodes: [1600]
Memory usage at done (index 0, length 1600, since_prev 1600): 1623.11328125 MiB (Increase: 0.0 MiB)
Memory usage before reset: 1623.11328125 MiB (Increase: 0.0 MiB)
Memory usage after reset: 1623.11328125 MiB (Increase: 0.0 MiB)
Training episode 474
Memory usage at middle: 1623.11328125 MiB (Increase: 0.0 MiB)
Memory usage before collect: 1623.11328125 MiB (Increase: 0.0 MiB)
Memory usage after collect: 1623.11328125 MiB (Increase: 0.0 MiB)
Memory usage before initialization: 1623.11328125 MiB (Increase: 0.0 MiB)
Memory usage after initialization: 1623.11328125 MiB (Increase: 0.0 MiB)
Current lengths of episodes: [69]
Memory usage at done (index 0, length 69, since_prev 69): 1623.11328125 MiB (Increase: 0.0 MiB)
Memory usage before reset: 1623.11328125 MiB (Increase: 0.0 MiB)
Memory usage after reset: 1623.11328125 MiB (Increase: 0.0 MiB)
Training episode 475
Memory usage at middle: 1623.11328125 MiB (Increase: 0.0 MiB)
Memory usage before collect: 1623.11328125 MiB (Increase: 0.0 MiB)
Memory usage after collect: 1623.11328125 MiB (Increase: 0.0 MiB)
Memory usage before initialization: 1623.11328125 MiB (Increase: 0.0 MiB)
Memory usage after initialization: 1623.11328125 MiB (Increase: 0.0 MiB)
Current lengths of episodes: [1600]
Memory usage at done (index 0, length 1600, since_prev 1600): 1623.11328125 MiB (Increase: 0.0 MiB)
Memory usage before reset: 1623.11328125 MiB (Increase: 0.0 MiB)
Memory usage after reset: 1623.11328125 MiB (Increase: 0.0 MiB)
Training episode 476
Memory usage at middle: 1623.11328125 MiB (Increase: 0.0 MiB)
Memory usage before collect: 1623.11328125 MiB (Increase: 0.0 MiB)
Memory usage after collect: 1623.11328125 MiB (Increase: 0.0 MiB)
Memory usage before initialization: 1623.11328125 MiB (Increase: 0.0 MiB)
Memory usage after initialization: 1623.11328125 MiB (Increase: 0.0 MiB)
Current lengths of episodes: [53]
Memory usage at done (index 0, length 53, since_prev 53): 1623.11328125 MiB (Increase: 0.0 MiB)
Memory usage before reset: 1623.11328125 MiB (Increase: 0.0 MiB)
Memory usage after reset: 1623.11328125 MiB (Increase: 0.0 MiB)
Training episode 477
Memory usage at middle: 1623.11328125 MiB (Increase: 0.0 MiB)
Memory usage before collect: 1623.11328125 MiB (Increase: 0.0 MiB)
Memory usage after collect: 1623.11328125 MiB (Increase: 0.0 MiB)
Memory usage before initialization: 1623.11328125 MiB (Increase: 0.0 MiB)
Memory usage after initialization: 1623.11328125 MiB (Increase: 0.0 MiB)
Current lengths of episodes: [38]
Memory usage at done (index 0, length 38, since_prev 38): 1623.11328125 MiB (Increase: 0.0 MiB)
Memory usage before reset: 1623.11328125 MiB (Increase: 0.0 MiB)
Memory usage after reset: 1623.11328125 MiB (Increase: 0.0 MiB)
Training episode 478
Memory usage at middle: 1623.11328125 MiB (Increase: 0.0 MiB)
Memory usage before collect: 1623.11328125 MiB (Increase: 0.0 MiB)
Memory usage after collect: 1623.11328125 MiB (Increase: 0.0 MiB)
Memory usage before initialization: 1623.11328125 MiB (Increase: 0.0 MiB)
Memory usage after initialization: 1623.11328125 MiB (Increase: 0.0 MiB)
Current lengths of episodes: [1600]
Memory usage at done (index 0, length 1600, since_prev 1600): 1623.11328125 MiB (Increase: 0.0 MiB)
Memory usage before reset: 1623.11328125 MiB (Increase: 0.0 MiB)
Memory usage after reset: 1623.11328125 MiB (Increase: 0.0 MiB)
Training episode 479
Memory usage at middle: 1623.11328125 MiB (Increase: 0.0 MiB)
Memory usage before collect: 1623.11328125 MiB (Increase: 0.0 MiB)
Memory usage after collect: 1623.11328125 MiB (Increase: 0.0 MiB)
Memory usage before initialization: 1623.11328125 MiB (Increase: 0.0 MiB)
Memory usage after initialization: 1623.11328125 MiB (Increase: 0.0 MiB)
Current lengths of episodes: [1600]
Memory usage at done (index 0, length 1600, since_prev 1600): 1623.11328125 MiB (Increase: 0.0 MiB)
Memory usage before reset: 1623.11328125 MiB (Increase: 0.0 MiB)
Memory usage after reset: 1623.11328125 MiB (Increase: 0.0 MiB)
Training episode 480
Memory usage at middle: 1623.11328125 MiB (Increase: 0.0 MiB)
Memory usage before collect: 1623.11328125 MiB (Increase: 0.0 MiB)
Memory usage after collect: 1623.11328125 MiB (Increase: 0.0 MiB)
Memory usage before initialization: 1623.11328125 MiB (Increase: 0.0 MiB)
Memory usage after initialization: 1623.11328125 MiB (Increase: 0.0 MiB)
Current lengths of episodes: [64]
Memory usage at done (index 0, length 64, since_prev 64): 1623.11328125 MiB (Increase: 0.0 MiB)
Memory usage before reset: 1623.11328125 MiB (Increase: 0.0 MiB)
Memory usage after reset: 1623.11328125 MiB (Increase: 0.0 MiB)
Training episode 481
Memory usage at middle: 1623.11328125 MiB (Increase: 0.0 MiB)
Memory usage before collect: 1623.11328125 MiB (Increase: 0.0 MiB)
Memory usage after collect: 1623.11328125 MiB (Increase: 0.0 MiB)
Memory usage before initialization: 1623.11328125 MiB (Increase: 0.0 MiB)
Memory usage after initialization: 1623.11328125 MiB (Increase: 0.0 MiB)
Current lengths of episodes: [1600]
Memory usage at done (index 0, length 1600, since_prev 1600): 1623.11328125 MiB (Increase: 0.0 MiB)
Memory usage before reset: 1623.11328125 MiB (Increase: 0.0 MiB)
Memory usage after reset: 1623.11328125 MiB (Increase: 0.0 MiB)
Training episode 482
Memory usage at middle: 1623.11328125 MiB (Increase: 0.0 MiB)
Memory usage before collect: 1623.11328125 MiB (Increase: 0.0 MiB)
Memory usage after collect: 1623.11328125 MiB (Increase: 0.0 MiB)
Memory usage before initialization: 1623.11328125 MiB (Increase: 0.0 MiB)
Memory usage after initialization: 1623.11328125 MiB (Increase: 0.0 MiB)
Current lengths of episodes: [70]
Memory usage at done (index 0, length 70, since_prev 70): 1623.11328125 MiB (Increase: 0.0 MiB)
Memory usage before reset: 1623.11328125 MiB (Increase: 0.0 MiB)
Memory usage after reset: 1623.11328125 MiB (Increase: 0.0 MiB)
Training episode 483
Memory usage at middle: 1623.11328125 MiB (Increase: 0.0 MiB)
Memory usage before collect: 1623.11328125 MiB (Increase: 0.0 MiB)
Memory usage after collect: 1623.11328125 MiB (Increase: 0.0 MiB)
Memory usage before initialization: 1623.11328125 MiB (Increase: 0.0 MiB)
Memory usage after initialization: 1623.11328125 MiB (Increase: 0.0 MiB)
Current lengths of episodes: [1600]
Memory usage at done (index 0, length 1600, since_prev 1600): 1623.11328125 MiB (Increase: 0.0 MiB)
Memory usage before reset: 1623.11328125 MiB (Increase: 0.0 MiB)
Memory usage after reset: 1623.11328125 MiB (Increase: 0.0 MiB)
Training episode 484
Memory usage at middle: 1623.11328125 MiB (Increase: 0.0 MiB)
Memory usage before collect: 1623.11328125 MiB (Increase: 0.0 MiB)
Memory usage after collect: 1623.11328125 MiB (Increase: 0.0 MiB)
Memory usage before initialization: 1623.11328125 MiB (Increase: 0.0 MiB)
Memory usage after initialization: 1623.11328125 MiB (Increase: 0.0 MiB)
Current lengths of episodes: [1600]
Memory usage at done (index 0, length 1600, since_prev 1600): 1623.11328125 MiB (Increase: 0.0 MiB)
Memory usage before reset: 1623.11328125 MiB (Increase: 0.0 MiB)
Memory usage after reset: 1623.11328125 MiB (Increase: 0.0 MiB)
Training episode 485
Memory usage at middle: 1623.11328125 MiB (Increase: 0.0 MiB)
Memory usage before collect: 1623.11328125 MiB (Increase: 0.0 MiB)
Memory usage after collect: 1623.11328125 MiB (Increase: 0.0 MiB)
Memory usage before initialization: 1623.11328125 MiB (Increase: 0.0 MiB)
Memory usage after initialization: 1623.11328125 MiB (Increase: 0.0 MiB)
Current lengths of episodes: [1600]
Memory usage at done (index 0, length 1600, since_prev 1600): 1623.11328125 MiB (Increase: 0.0 MiB)
Memory usage before reset: 1623.11328125 MiB (Increase: 0.0 MiB)
Memory usage after reset: 1623.11328125 MiB (Increase: 0.0 MiB)
Training episode 486
Memory usage at middle: 1623.11328125 MiB (Increase: 0.0 MiB)
Memory usage before collect: 1623.11328125 MiB (Increase: 0.0 MiB)
Memory usage after collect: 1623.11328125 MiB (Increase: 0.0 MiB)
Memory usage before initialization: 1623.11328125 MiB (Increase: 0.0 MiB)
Memory usage after initialization: 1623.11328125 MiB (Increase: 0.0 MiB)
Current lengths of episodes: [55]
Memory usage at done (index 0, length 55, since_prev 55): 1623.11328125 MiB (Increase: 0.0 MiB)
Memory usage before reset: 1623.11328125 MiB (Increase: 0.0 MiB)
Memory usage after reset: 1623.11328125 MiB (Increase: 0.0 MiB)
Training episode 487
Memory usage at middle: 1623.11328125 MiB (Increase: 0.0 MiB)
Memory usage before collect: 1623.11328125 MiB (Increase: 0.0 MiB)
Memory usage after collect: 1623.11328125 MiB (Increase: 0.0 MiB)
Memory usage before initialization: 1623.11328125 MiB (Increase: 0.0 MiB)
Memory usage after initialization: 1623.11328125 MiB (Increase: 0.0 MiB)
Current lengths of episodes: [1600]
Memory usage at done (index 0, length 1600, since_prev 1600): 1623.11328125 MiB (Increase: 0.0 MiB)
Memory usage before reset: 1623.11328125 MiB (Increase: 0.0 MiB)
Memory usage after reset: 1623.11328125 MiB (Increase: 0.0 MiB)
Training episode 488
Memory usage at middle: 1623.11328125 MiB (Increase: 0.0 MiB)
Memory usage before collect: 1623.11328125 MiB (Increase: 0.0 MiB)
Memory usage after collect: 1623.11328125 MiB (Increase: 0.0 MiB)
Memory usage before initialization: 1623.11328125 MiB (Increase: 0.0 MiB)
Memory usage after initialization: 1623.11328125 MiB (Increase: 0.0 MiB)
Current lengths of episodes: [1600]
Memory usage at done (index 0, length 1600, since_prev 1600): 1623.11328125 MiB (Increase: 0.0 MiB)
Memory usage before reset: 1623.11328125 MiB (Increase: 0.0 MiB)
Memory usage after reset: 1623.11328125 MiB (Increase: 0.0 MiB)
Training episode 489
Memory usage at middle: 1623.11328125 MiB (Increase: 0.0 MiB)
Memory usage before collect: 1623.11328125 MiB (Increase: 0.0 MiB)
Memory usage after collect: 1623.11328125 MiB (Increase: 0.0 MiB)
Memory usage before initialization: 1623.11328125 MiB (Increase: 0.0 MiB)
Memory usage after initialization: 1623.11328125 MiB (Increase: 0.0 MiB)
Current lengths of episodes: [68]
Memory usage at done (index 0, length 68, since_prev 68): 1623.11328125 MiB (Increase: 0.0 MiB)
Memory usage before reset: 1623.11328125 MiB (Increase: 0.0 MiB)
Memory usage after reset: 1623.11328125 MiB (Increase: 0.0 MiB)
Training episode 490
Memory usage at middle: 1623.11328125 MiB (Increase: 0.0 MiB)
Memory usage before collect: 1623.11328125 MiB (Increase: 0.0 MiB)
Memory usage after collect: 1623.11328125 MiB (Increase: 0.0 MiB)
Memory usage before initialization: 1623.11328125 MiB (Increase: 0.0 MiB)
Memory usage after initialization: 1623.11328125 MiB (Increase: 0.0 MiB)
Current lengths of episodes: [68]
Memory usage at done (index 0, length 68, since_prev 68): 1623.11328125 MiB (Increase: 0.0 MiB)
Memory usage before reset: 1623.11328125 MiB (Increase: 0.0 MiB)
Memory usage after reset: 1623.11328125 MiB (Increase: 0.0 MiB)
Training episode 491
Memory usage at middle: 1623.11328125 MiB (Increase: 0.0 MiB)
Memory usage before collect: 1623.11328125 MiB (Increase: 0.0 MiB)
Memory usage after collect: 1623.11328125 MiB (Increase: 0.0 MiB)
Memory usage before initialization: 1623.11328125 MiB (Increase: 0.0 MiB)
Memory usage after initialization: 1623.11328125 MiB (Increase: 0.0 MiB)
Current lengths of episodes: [1600]
Memory usage at done (index 0, length 1600, since_prev 1600): 1623.11328125 MiB (Increase: 0.0 MiB)
Memory usage before reset: 1623.11328125 MiB (Increase: 0.0 MiB)
Memory usage after reset: 1623.11328125 MiB (Increase: 0.0 MiB)
Training episode 492
Memory usage at middle: 1623.11328125 MiB (Increase: 0.0 MiB)
Memory usage before collect: 1623.11328125 MiB (Increase: 0.0 MiB)
Memory usage after collect: 1623.11328125 MiB (Increase: 0.0 MiB)
Memory usage before initialization: 1623.11328125 MiB (Increase: 0.0 MiB)
Memory usage after initialization: 1623.11328125 MiB (Increase: 0.0 MiB)
Current lengths of episodes: [1600]
Memory usage at done (index 0, length 1600, since_prev 1600): 1623.11328125 MiB (Increase: 0.0 MiB)
Memory usage before reset: 1623.11328125 MiB (Increase: 0.0 MiB)
Memory usage after reset: 1623.11328125 MiB (Increase: 0.0 MiB)
Training episode 493
Memory usage at middle: 1623.11328125 MiB (Increase: 0.0 MiB)
Memory usage before collect: 1623.11328125 MiB (Increase: 0.0 MiB)
Memory usage after collect: 1623.11328125 MiB (Increase: 0.0 MiB)
Memory usage before initialization: 1623.11328125 MiB (Increase: 0.0 MiB)
Memory usage after initialization: 1623.11328125 MiB (Increase: 0.0 MiB)
Current lengths of episodes: [72]
Memory usage at done (index 0, length 72, since_prev 72): 1623.11328125 MiB (Increase: 0.0 MiB)
Memory usage before reset: 1623.11328125 MiB (Increase: 0.0 MiB)
Memory usage after reset: 1623.11328125 MiB (Increase: 0.0 MiB)
Training episode 494
Memory usage at middle: 1623.11328125 MiB (Increase: 0.0 MiB)
Memory usage before collect: 1623.11328125 MiB (Increase: 0.0 MiB)
Memory usage after collect: 1623.11328125 MiB (Increase: 0.0 MiB)
Memory usage before initialization: 1623.11328125 MiB (Increase: 0.0 MiB)
Memory usage after initialization: 1623.11328125 MiB (Increase: 0.0 MiB)
Current lengths of episodes: [129]
Memory usage at done (index 0, length 129, since_prev 129): 1623.11328125 MiB (Increase: 0.0 MiB)
Memory usage before reset: 1623.11328125 MiB (Increase: 0.0 MiB)
Memory usage after reset: 1623.11328125 MiB (Increase: 0.0 MiB)
Training episode 495
Memory usage at middle: 1623.11328125 MiB (Increase: 0.0 MiB)
Memory usage before collect: 1623.11328125 MiB (Increase: 0.0 MiB)
Memory usage after collect: 1623.11328125 MiB (Increase: 0.0 MiB)
Memory usage before initialization: 1623.11328125 MiB (Increase: 0.0 MiB)
Memory usage after initialization: 1623.11328125 MiB (Increase: 0.0 MiB)
Current lengths of episodes: [38]
Memory usage at done (index 0, length 38, since_prev 38): 1623.11328125 MiB (Increase: 0.0 MiB)
Memory usage before reset: 1623.11328125 MiB (Increase: 0.0 MiB)
Memory usage after reset: 1623.11328125 MiB (Increase: 0.0 MiB)
Training episode 496
Memory usage at middle: 1623.11328125 MiB (Increase: 0.0 MiB)
Memory usage before collect: 1623.11328125 MiB (Increase: 0.0 MiB)
Memory usage after collect: 1623.11328125 MiB (Increase: 0.0 MiB)
Memory usage before initialization: 1623.11328125 MiB (Increase: 0.0 MiB)
Memory usage after initialization: 1623.11328125 MiB (Increase: 0.0 MiB)
Current lengths of episodes: [1600]
Memory usage at done (index 0, length 1600, since_prev 1600): 1623.11328125 MiB (Increase: 0.0 MiB)
Memory usage before reset: 1623.11328125 MiB (Increase: 0.0 MiB)
Memory usage after reset: 1623.11328125 MiB (Increase: 0.0 MiB)
Training episode 497
Memory usage at middle: 1623.11328125 MiB (Increase: 0.0 MiB)
Memory usage before collect: 1623.11328125 MiB (Increase: 0.0 MiB)
Memory usage after collect: 1623.11328125 MiB (Increase: 0.0 MiB)
Memory usage before initialization: 1623.11328125 MiB (Increase: 0.0 MiB)
Memory usage after initialization: 1623.11328125 MiB (Increase: 0.0 MiB)
Current lengths of episodes: [387]
Memory usage at done (index 0, length 387, since_prev 387): 1623.11328125 MiB (Increase: 0.0 MiB)
Memory usage before reset: 1623.11328125 MiB (Increase: 0.0 MiB)
Memory usage after reset: 1623.11328125 MiB (Increase: 0.0 MiB)
Training episode 498
Memory usage at middle: 1623.11328125 MiB (Increase: 0.0 MiB)
Memory usage before collect: 1623.11328125 MiB (Increase: 0.0 MiB)
Memory usage after collect: 1623.11328125 MiB (Increase: 0.0 MiB)
Memory usage before initialization: 1623.11328125 MiB (Increase: 0.0 MiB)
Memory usage after initialization: 1623.11328125 MiB (Increase: 0.0 MiB)
Current lengths of episodes: [64]
Memory usage at done (index 0, length 64, since_prev 64): 1623.11328125 MiB (Increase: 0.0 MiB)
Memory usage before reset: 1623.11328125 MiB (Increase: 0.0 MiB)
Memory usage after reset: 1623.11328125 MiB (Increase: 0.0 MiB)
Training episode 499
Memory usage at middle: 1623.11328125 MiB (Increase: 0.0 MiB)
Memory usage before collect: 1623.11328125 MiB (Increase: 0.0 MiB)
Memory usage after collect: 1623.11328125 MiB (Increase: 0.0 MiB)
Memory usage before initialization: 1623.11328125 MiB (Increase: 0.0 MiB)
Memory usage after initialization: 1623.11328125 MiB (Increase: 0.0 MiB)
Current lengths of episodes: [51]
Memory usage at done (index 0, length 51, since_prev 51): 1623.11328125 MiB (Increase: 0.0 MiB)
Memory usage before reset: 1623.11328125 MiB (Increase: 0.0 MiB)
Memory usage after reset: 1623.11328125 MiB (Increase: 0.0 MiB)
Training episode 500
Memory usage at middle: 1623.11328125 MiB (Increase: 0.0 MiB)
Memory usage before collect: 1623.11328125 MiB (Increase: 0.0 MiB)
Memory usage after collect: 1623.11328125 MiB (Increase: 0.0 MiB)
Episode 500	Average evaluation: -52.0652427482353
Memory usage before initialization: 1623.11328125 MiB (Increase: 0.0 MiB)
Memory usage after initialization: 1623.11328125 MiB (Increase: 0.0 MiB)
Current lengths of episodes: [1600]
Memory usage at done (index 0, length 1600, since_prev 1600): 1623.11328125 MiB (Increase: 0.0 MiB)
Memory usage before reset: 1623.11328125 MiB (Increase: 0.0 MiB)
Memory usage after reset: 1623.11328125 MiB (Increase: 0.0 MiB)
Training episode 501
Memory usage at middle: 1623.11328125 MiB (Increase: 0.0 MiB)
Memory usage before collect: 1623.11328125 MiB (Increase: 0.0 MiB)
Memory usage after collect: 1623.11328125 MiB (Increase: 0.0 MiB)
Memory usage before initialization: 1623.11328125 MiB (Increase: 0.0 MiB)
Memory usage after initialization: 1623.11328125 MiB (Increase: 0.0 MiB)
Current lengths of episodes: [1600]
Memory usage at done (index 0, length 1600, since_prev 1600): 1623.11328125 MiB (Increase: 0.0 MiB)
Memory usage before reset: 1623.11328125 MiB (Increase: 0.0 MiB)
Memory usage after reset: 1623.11328125 MiB (Increase: 0.0 MiB)
Training episode 502
Memory usage at middle: 1623.11328125 MiB (Increase: 0.0 MiB)
Memory usage before collect: 1623.11328125 MiB (Increase: 0.0 MiB)
Memory usage after collect: 1623.11328125 MiB (Increase: 0.0 MiB)
Memory usage before initialization: 1623.11328125 MiB (Increase: 0.0 MiB)
Memory usage after initialization: 1623.11328125 MiB (Increase: 0.0 MiB)
Current lengths of episodes: [1600]
Memory usage at done (index 0, length 1600, since_prev 1600): 1623.11328125 MiB (Increase: 0.0 MiB)
Memory usage before reset: 1623.11328125 MiB (Increase: 0.0 MiB)
Memory usage after reset: 1623.11328125 MiB (Increase: 0.0 MiB)
Training episode 503
Memory usage at middle: 1623.11328125 MiB (Increase: 0.0 MiB)
Memory usage before collect: 1623.11328125 MiB (Increase: 0.0 MiB)
Memory usage after collect: 1623.11328125 MiB (Increase: 0.0 MiB)
Memory usage before initialization: 1623.11328125 MiB (Increase: 0.0 MiB)
Memory usage after initialization: 1623.11328125 MiB (Increase: 0.0 MiB)
Current lengths of episodes: [1600]
Memory usage at done (index 0, length 1600, since_prev 1600): 1623.11328125 MiB (Increase: 0.0 MiB)
Memory usage before reset: 1623.11328125 MiB (Increase: 0.0 MiB)
Memory usage after reset: 1623.11328125 MiB (Increase: 0.0 MiB)
Training episode 504
Memory usage at middle: 1623.11328125 MiB (Increase: 0.0 MiB)
Memory usage before collect: 1623.11328125 MiB (Increase: 0.0 MiB)
Memory usage after collect: 1623.11328125 MiB (Increase: 0.0 MiB)
Memory usage before initialization: 1623.11328125 MiB (Increase: 0.0 MiB)
Memory usage after initialization: 1623.11328125 MiB (Increase: 0.0 MiB)
Current lengths of episodes: [596]
Memory usage at done (index 0, length 596, since_prev 596): 1623.11328125 MiB (Increase: 0.0 MiB)
Memory usage before reset: 1623.11328125 MiB (Increase: 0.0 MiB)
Memory usage after reset: 1623.11328125 MiB (Increase: 0.0 MiB)
Training episode 505
Memory usage at middle: 1623.11328125 MiB (Increase: 0.0 MiB)
Memory usage before collect: 1623.11328125 MiB (Increase: 0.0 MiB)
Memory usage after collect: 1623.11328125 MiB (Increase: 0.0 MiB)
Memory usage before initialization: 1623.11328125 MiB (Increase: 0.0 MiB)
Memory usage after initialization: 1623.11328125 MiB (Increase: 0.0 MiB)
Current lengths of episodes: [1600]
Memory usage at done (index 0, length 1600, since_prev 1600): 1623.11328125 MiB (Increase: 0.0 MiB)
Memory usage before reset: 1623.11328125 MiB (Increase: 0.0 MiB)
Memory usage after reset: 1623.11328125 MiB (Increase: 0.0 MiB)
Training episode 506
Memory usage at middle: 1623.11328125 MiB (Increase: 0.0 MiB)
Memory usage before collect: 1623.11328125 MiB (Increase: 0.0 MiB)
Memory usage after collect: 1623.11328125 MiB (Increase: 0.0 MiB)
Memory usage before initialization: 1623.11328125 MiB (Increase: 0.0 MiB)
Memory usage after initialization: 1623.11328125 MiB (Increase: 0.0 MiB)
Current lengths of episodes: [1600]
Memory usage at done (index 0, length 1600, since_prev 1600): 1623.11328125 MiB (Increase: 0.0 MiB)
Memory usage before reset: 1623.11328125 MiB (Increase: 0.0 MiB)
Memory usage after reset: 1623.11328125 MiB (Increase: 0.0 MiB)
Training episode 507
Memory usage at middle: 1623.11328125 MiB (Increase: 0.0 MiB)
Memory usage before collect: 1623.11328125 MiB (Increase: 0.0 MiB)
Memory usage after collect: 1623.11328125 MiB (Increase: 0.0 MiB)
Memory usage before initialization: 1623.11328125 MiB (Increase: 0.0 MiB)
Memory usage after initialization: 1623.11328125 MiB (Increase: 0.0 MiB)
Current lengths of episodes: [73]
Memory usage at done (index 0, length 73, since_prev 73): 1623.11328125 MiB (Increase: 0.0 MiB)
Memory usage before reset: 1623.11328125 MiB (Increase: 0.0 MiB)
Memory usage after reset: 1623.11328125 MiB (Increase: 0.0 MiB)
Training episode 508
Memory usage at middle: 1623.11328125 MiB (Increase: 0.0 MiB)
Memory usage before collect: 1623.11328125 MiB (Increase: 0.0 MiB)
Memory usage after collect: 1623.11328125 MiB (Increase: 0.0 MiB)
Memory usage before initialization: 1623.11328125 MiB (Increase: 0.0 MiB)
Memory usage after initialization: 1623.11328125 MiB (Increase: 0.0 MiB)
Current lengths of episodes: [214]
Memory usage at done (index 0, length 214, since_prev 214): 1623.11328125 MiB (Increase: 0.0 MiB)
Memory usage before reset: 1623.11328125 MiB (Increase: 0.0 MiB)
Memory usage after reset: 1623.11328125 MiB (Increase: 0.0 MiB)
Training episode 509
Memory usage at middle: 1623.11328125 MiB (Increase: 0.0 MiB)
Memory usage before collect: 1623.11328125 MiB (Increase: 0.0 MiB)
Memory usage after collect: 1623.11328125 MiB (Increase: 0.0 MiB)
Memory usage before initialization: 1623.11328125 MiB (Increase: 0.0 MiB)
Memory usage after initialization: 1623.11328125 MiB (Increase: 0.0 MiB)
Current lengths of episodes: [1600]
Memory usage at done (index 0, length 1600, since_prev 1600): 1623.11328125 MiB (Increase: 0.0 MiB)
Memory usage before reset: 1623.11328125 MiB (Increase: 0.0 MiB)
Memory usage after reset: 1623.11328125 MiB (Increase: 0.0 MiB)
Training episode 510
Memory usage at middle: 1623.11328125 MiB (Increase: 0.0 MiB)
Memory usage before collect: 1623.11328125 MiB (Increase: 0.0 MiB)
Memory usage after collect: 1623.11328125 MiB (Increase: 0.0 MiB)
Memory usage before initialization: 1623.11328125 MiB (Increase: 0.0 MiB)
Memory usage after initialization: 1623.11328125 MiB (Increase: 0.0 MiB)
Current lengths of episodes: [67]
Memory usage at done (index 0, length 67, since_prev 67): 1623.11328125 MiB (Increase: 0.0 MiB)
Memory usage before reset: 1623.11328125 MiB (Increase: 0.0 MiB)
Memory usage after reset: 1623.11328125 MiB (Increase: 0.0 MiB)
Training episode 511
Memory usage at middle: 1623.11328125 MiB (Increase: 0.0 MiB)
Memory usage before collect: 1623.11328125 MiB (Increase: 0.0 MiB)
Memory usage after collect: 1623.11328125 MiB (Increase: 0.0 MiB)
Memory usage before initialization: 1623.11328125 MiB (Increase: 0.0 MiB)
Memory usage after initialization: 1623.11328125 MiB (Increase: 0.0 MiB)
Current lengths of episodes: [84]
Memory usage at done (index 0, length 84, since_prev 84): 1623.11328125 MiB (Increase: 0.0 MiB)
Memory usage before reset: 1623.11328125 MiB (Increase: 0.0 MiB)
Memory usage after reset: 1623.11328125 MiB (Increase: 0.0 MiB)
Training episode 512
Memory usage at middle: 1623.11328125 MiB (Increase: 0.0 MiB)
Memory usage before collect: 1623.11328125 MiB (Increase: 0.0 MiB)
Memory usage after collect: 1623.11328125 MiB (Increase: 0.0 MiB)
Memory usage before initialization: 1623.11328125 MiB (Increase: 0.0 MiB)
Memory usage after initialization: 1623.11328125 MiB (Increase: 0.0 MiB)
Current lengths of episodes: [1600]
Memory usage at done (index 0, length 1600, since_prev 1600): 1623.11328125 MiB (Increase: 0.0 MiB)
Memory usage before reset: 1623.11328125 MiB (Increase: 0.0 MiB)
Memory usage after reset: 1623.11328125 MiB (Increase: 0.0 MiB)
Training episode 513
Memory usage at middle: 1623.11328125 MiB (Increase: 0.0 MiB)
Memory usage before collect: 1623.11328125 MiB (Increase: 0.0 MiB)
Memory usage after collect: 1623.11328125 MiB (Increase: 0.0 MiB)
Memory usage before initialization: 1623.11328125 MiB (Increase: 0.0 MiB)
Memory usage after initialization: 1623.11328125 MiB (Increase: 0.0 MiB)
Current lengths of episodes: [51]
Memory usage at done (index 0, length 51, since_prev 51): 1623.11328125 MiB (Increase: 0.0 MiB)
Memory usage before reset: 1623.11328125 MiB (Increase: 0.0 MiB)
Memory usage after reset: 1623.11328125 MiB (Increase: 0.0 MiB)
Training episode 514
Memory usage at middle: 1623.11328125 MiB (Increase: 0.0 MiB)
Memory usage before collect: 1623.11328125 MiB (Increase: 0.0 MiB)
Memory usage after collect: 1623.11328125 MiB (Increase: 0.0 MiB)
Memory usage before initialization: 1623.11328125 MiB (Increase: 0.0 MiB)
Memory usage after initialization: 1623.11328125 MiB (Increase: 0.0 MiB)
Current lengths of episodes: [1600]
Memory usage at done (index 0, length 1600, since_prev 1600): 1623.11328125 MiB (Increase: 0.0 MiB)
Memory usage before reset: 1623.11328125 MiB (Increase: 0.0 MiB)
Memory usage after reset: 1623.11328125 MiB (Increase: 0.0 MiB)
Training episode 515
Memory usage at middle: 1623.11328125 MiB (Increase: 0.0 MiB)
Memory usage before collect: 1623.11328125 MiB (Increase: 0.0 MiB)
Memory usage after collect: 1623.11328125 MiB (Increase: 0.0 MiB)
Memory usage before initialization: 1623.11328125 MiB (Increase: 0.0 MiB)
Memory usage after initialization: 1623.11328125 MiB (Increase: 0.0 MiB)
Current lengths of episodes: [38]
Memory usage at done (index 0, length 38, since_prev 38): 1623.11328125 MiB (Increase: 0.0 MiB)
Memory usage before reset: 1623.11328125 MiB (Increase: 0.0 MiB)
Memory usage after reset: 1623.11328125 MiB (Increase: 0.0 MiB)
Training episode 516
Memory usage at middle: 1623.11328125 MiB (Increase: 0.0 MiB)
Memory usage before collect: 1623.11328125 MiB (Increase: 0.0 MiB)
Memory usage after collect: 1623.11328125 MiB (Increase: 0.0 MiB)
Memory usage before initialization: 1623.11328125 MiB (Increase: 0.0 MiB)
Memory usage after initialization: 1623.11328125 MiB (Increase: 0.0 MiB)
Current lengths of episodes: [58]
Memory usage at done (index 0, length 58, since_prev 58): 1623.11328125 MiB (Increase: 0.0 MiB)
Memory usage before reset: 1623.11328125 MiB (Increase: 0.0 MiB)
Memory usage after reset: 1623.11328125 MiB (Increase: 0.0 MiB)
Training episode 517
Memory usage at middle: 1623.11328125 MiB (Increase: 0.0 MiB)
Memory usage before collect: 1623.11328125 MiB (Increase: 0.0 MiB)
Memory usage after collect: 1623.11328125 MiB (Increase: 0.0 MiB)
Memory usage before initialization: 1623.11328125 MiB (Increase: 0.0 MiB)
Memory usage after initialization: 1623.11328125 MiB (Increase: 0.0 MiB)
Current lengths of episodes: [1600]
Memory usage at done (index 0, length 1600, since_prev 1600): 1623.11328125 MiB (Increase: 0.0 MiB)
Memory usage before reset: 1623.11328125 MiB (Increase: 0.0 MiB)
Memory usage after reset: 1623.11328125 MiB (Increase: 0.0 MiB)
Training episode 518
Memory usage at middle: 1623.11328125 MiB (Increase: 0.0 MiB)
Memory usage before collect: 1623.11328125 MiB (Increase: 0.0 MiB)
Memory usage after collect: 1623.11328125 MiB (Increase: 0.0 MiB)
Memory usage before initialization: 1623.11328125 MiB (Increase: 0.0 MiB)
Memory usage after initialization: 1623.11328125 MiB (Increase: 0.0 MiB)
Current lengths of episodes: [1600]
Memory usage at done (index 0, length 1600, since_prev 1600): 1623.11328125 MiB (Increase: 0.0 MiB)
Memory usage before reset: 1623.11328125 MiB (Increase: 0.0 MiB)
Memory usage after reset: 1623.11328125 MiB (Increase: 0.0 MiB)
Training episode 519
Memory usage at middle: 1623.11328125 MiB (Increase: 0.0 MiB)
Memory usage before collect: 1623.11328125 MiB (Increase: 0.0 MiB)
Memory usage after collect: 1623.11328125 MiB (Increase: 0.0 MiB)
Memory usage before initialization: 1623.11328125 MiB (Increase: 0.0 MiB)
Memory usage after initialization: 1623.11328125 MiB (Increase: 0.0 MiB)
Current lengths of episodes: [90]
Memory usage at done (index 0, length 90, since_prev 90): 1623.11328125 MiB (Increase: 0.0 MiB)
Memory usage before reset: 1623.11328125 MiB (Increase: 0.0 MiB)
Memory usage after reset: 1623.11328125 MiB (Increase: 0.0 MiB)
Training episode 520
Memory usage at middle: 1623.11328125 MiB (Increase: 0.0 MiB)
Memory usage before collect: 1623.11328125 MiB (Increase: 0.0 MiB)
Memory usage after collect: 1623.11328125 MiB (Increase: 0.0 MiB)
Memory usage before initialization: 1623.11328125 MiB (Increase: 0.0 MiB)
Memory usage after initialization: 1623.11328125 MiB (Increase: 0.0 MiB)
Current lengths of episodes: [1600]
Memory usage at done (index 0, length 1600, since_prev 1600): 1623.11328125 MiB (Increase: 0.0 MiB)
Memory usage before reset: 1623.11328125 MiB (Increase: 0.0 MiB)
Memory usage after reset: 1623.11328125 MiB (Increase: 0.0 MiB)
Training episode 521
Memory usage at middle: 1623.11328125 MiB (Increase: 0.0 MiB)
Memory usage before collect: 1623.11328125 MiB (Increase: 0.0 MiB)
Memory usage after collect: 1623.11328125 MiB (Increase: 0.0 MiB)
Memory usage before initialization: 1623.11328125 MiB (Increase: 0.0 MiB)
Memory usage after initialization: 1623.11328125 MiB (Increase: 0.0 MiB)
Current lengths of episodes: [56]
Memory usage at done (index 0, length 56, since_prev 56): 1623.11328125 MiB (Increase: 0.0 MiB)
Memory usage before reset: 1623.11328125 MiB (Increase: 0.0 MiB)
Memory usage after reset: 1623.11328125 MiB (Increase: 0.0 MiB)
Training episode 522
Memory usage at middle: 1623.11328125 MiB (Increase: 0.0 MiB)
Memory usage before collect: 1623.11328125 MiB (Increase: 0.0 MiB)
Memory usage after collect: 1623.11328125 MiB (Increase: 0.0 MiB)
Memory usage before initialization: 1623.11328125 MiB (Increase: 0.0 MiB)
Memory usage after initialization: 1623.11328125 MiB (Increase: 0.0 MiB)
Current lengths of episodes: [399]
Memory usage at done (index 0, length 399, since_prev 399): 1623.11328125 MiB (Increase: 0.0 MiB)
Memory usage before reset: 1623.11328125 MiB (Increase: 0.0 MiB)
Memory usage after reset: 1623.11328125 MiB (Increase: 0.0 MiB)
Training episode 523
Memory usage at middle: 1623.11328125 MiB (Increase: 0.0 MiB)
Memory usage before collect: 1623.11328125 MiB (Increase: 0.0 MiB)
Memory usage after collect: 1623.11328125 MiB (Increase: 0.0 MiB)
Memory usage before initialization: 1623.11328125 MiB (Increase: 0.0 MiB)
Memory usage after initialization: 1623.11328125 MiB (Increase: 0.0 MiB)
Current lengths of episodes: [1600]
Memory usage at done (index 0, length 1600, since_prev 1600): 1623.11328125 MiB (Increase: 0.0 MiB)
Memory usage before reset: 1623.11328125 MiB (Increase: 0.0 MiB)
Memory usage after reset: 1623.11328125 MiB (Increase: 0.0 MiB)
Training episode 524
Memory usage at middle: 1623.11328125 MiB (Increase: 0.0 MiB)
Memory usage before collect: 1623.11328125 MiB (Increase: 0.0 MiB)
Memory usage after collect: 1623.11328125 MiB (Increase: 0.0 MiB)
Memory usage before initialization: 1623.11328125 MiB (Increase: 0.0 MiB)
Memory usage after initialization: 1623.11328125 MiB (Increase: 0.0 MiB)
Current lengths of episodes: [62]
Memory usage at done (index 0, length 62, since_prev 62): 1623.11328125 MiB (Increase: 0.0 MiB)
Memory usage before reset: 1623.11328125 MiB (Increase: 0.0 MiB)
Memory usage after reset: 1623.11328125 MiB (Increase: 0.0 MiB)
Training episode 525
Memory usage at middle: 1623.11328125 MiB (Increase: 0.0 MiB)
Memory usage before collect: 1623.11328125 MiB (Increase: 0.0 MiB)
Memory usage after collect: 1623.11328125 MiB (Increase: 0.0 MiB)
Memory usage before initialization: 1623.11328125 MiB (Increase: 0.0 MiB)
Memory usage after initialization: 1623.11328125 MiB (Increase: 0.0 MiB)
Current lengths of episodes: [56]
Memory usage at done (index 0, length 56, since_prev 56): 1623.11328125 MiB (Increase: 0.0 MiB)
Memory usage before reset: 1623.11328125 MiB (Increase: 0.0 MiB)
Memory usage after reset: 1623.11328125 MiB (Increase: 0.0 MiB)
Training episode 526
Memory usage at middle: 1623.11328125 MiB (Increase: 0.0 MiB)
Memory usage before collect: 1623.11328125 MiB (Increase: 0.0 MiB)
Memory usage after collect: 1623.11328125 MiB (Increase: 0.0 MiB)
Memory usage before initialization: 1623.11328125 MiB (Increase: 0.0 MiB)
Memory usage after initialization: 1623.11328125 MiB (Increase: 0.0 MiB)
Current lengths of episodes: [65]
Memory usage at done (index 0, length 65, since_prev 65): 1623.11328125 MiB (Increase: 0.0 MiB)
Memory usage before reset: 1623.11328125 MiB (Increase: 0.0 MiB)
Memory usage after reset: 1623.11328125 MiB (Increase: 0.0 MiB)
Training episode 527
Memory usage at middle: 1623.11328125 MiB (Increase: 0.0 MiB)
Memory usage before collect: 1623.11328125 MiB (Increase: 0.0 MiB)
Memory usage after collect: 1623.11328125 MiB (Increase: 0.0 MiB)
Memory usage before initialization: 1623.11328125 MiB (Increase: 0.0 MiB)
Memory usage after initialization: 1623.11328125 MiB (Increase: 0.0 MiB)
Current lengths of episodes: [1600]
Memory usage at done (index 0, length 1600, since_prev 1600): 1623.11328125 MiB (Increase: 0.0 MiB)
Memory usage before reset: 1623.11328125 MiB (Increase: 0.0 MiB)
Memory usage after reset: 1623.11328125 MiB (Increase: 0.0 MiB)
Training episode 528
Memory usage at middle: 1623.11328125 MiB (Increase: 0.0 MiB)
Memory usage before collect: 1623.11328125 MiB (Increase: 0.0 MiB)
Memory usage after collect: 1623.11328125 MiB (Increase: 0.0 MiB)
Memory usage before initialization: 1623.11328125 MiB (Increase: 0.0 MiB)
Memory usage after initialization: 1623.11328125 MiB (Increase: 0.0 MiB)
Current lengths of episodes: [1600]
Memory usage at done (index 0, length 1600, since_prev 1600): 1623.11328125 MiB (Increase: 0.0 MiB)
Memory usage before reset: 1623.11328125 MiB (Increase: 0.0 MiB)
Memory usage after reset: 1623.11328125 MiB (Increase: 0.0 MiB)
Training episode 529
Memory usage at middle: 1623.11328125 MiB (Increase: 0.0 MiB)
Memory usage before collect: 1623.11328125 MiB (Increase: 0.0 MiB)
Memory usage after collect: 1623.11328125 MiB (Increase: 0.0 MiB)
Memory usage before initialization: 1623.11328125 MiB (Increase: 0.0 MiB)
Memory usage after initialization: 1623.11328125 MiB (Increase: 0.0 MiB)
Current lengths of episodes: [1600]
Memory usage at done (index 0, length 1600, since_prev 1600): 1623.11328125 MiB (Increase: 0.0 MiB)
Memory usage before reset: 1623.11328125 MiB (Increase: 0.0 MiB)
Memory usage after reset: 1623.11328125 MiB (Increase: 0.0 MiB)
Training episode 530
Memory usage at middle: 1623.11328125 MiB (Increase: 0.0 MiB)
Memory usage before collect: 1623.11328125 MiB (Increase: 0.0 MiB)
Memory usage after collect: 1623.11328125 MiB (Increase: 0.0 MiB)
Memory usage before initialization: 1623.11328125 MiB (Increase: 0.0 MiB)
Memory usage after initialization: 1623.11328125 MiB (Increase: 0.0 MiB)
Current lengths of episodes: [109]
Memory usage at done (index 0, length 109, since_prev 109): 1623.11328125 MiB (Increase: 0.0 MiB)
Memory usage before reset: 1623.11328125 MiB (Increase: 0.0 MiB)
Memory usage after reset: 1623.11328125 MiB (Increase: 0.0 MiB)
Training episode 531
Memory usage at middle: 1623.11328125 MiB (Increase: 0.0 MiB)
Memory usage before collect: 1623.11328125 MiB (Increase: 0.0 MiB)
Memory usage after collect: 1623.11328125 MiB (Increase: 0.0 MiB)
Memory usage before initialization: 1623.11328125 MiB (Increase: 0.0 MiB)
Memory usage after initialization: 1623.11328125 MiB (Increase: 0.0 MiB)
Current lengths of episodes: [105]
Memory usage at done (index 0, length 105, since_prev 105): 1623.11328125 MiB (Increase: 0.0 MiB)
Memory usage before reset: 1623.11328125 MiB (Increase: 0.0 MiB)
Memory usage after reset: 1623.11328125 MiB (Increase: 0.0 MiB)
Training episode 532
Memory usage at middle: 1623.11328125 MiB (Increase: 0.0 MiB)
Memory usage before collect: 1623.11328125 MiB (Increase: 0.0 MiB)
Memory usage after collect: 1623.11328125 MiB (Increase: 0.0 MiB)
Memory usage before initialization: 1623.11328125 MiB (Increase: 0.0 MiB)
Memory usage after initialization: 1623.11328125 MiB (Increase: 0.0 MiB)
Current lengths of episodes: [1600]
Memory usage at done (index 0, length 1600, since_prev 1600): 1623.11328125 MiB (Increase: 0.0 MiB)
Memory usage before reset: 1623.11328125 MiB (Increase: 0.0 MiB)
Memory usage after reset: 1623.11328125 MiB (Increase: 0.0 MiB)
Training episode 533
Memory usage at middle: 1623.11328125 MiB (Increase: 0.0 MiB)
Memory usage before collect: 1623.11328125 MiB (Increase: 0.0 MiB)
Memory usage after collect: 1623.11328125 MiB (Increase: 0.0 MiB)
Memory usage before initialization: 1623.11328125 MiB (Increase: 0.0 MiB)
Memory usage after initialization: 1623.11328125 MiB (Increase: 0.0 MiB)
Current lengths of episodes: [1600]
Memory usage at done (index 0, length 1600, since_prev 1600): 1623.11328125 MiB (Increase: 0.0 MiB)
Memory usage before reset: 1623.11328125 MiB (Increase: 0.0 MiB)
Memory usage after reset: 1623.11328125 MiB (Increase: 0.0 MiB)
Training episode 534
Memory usage at middle: 1623.11328125 MiB (Increase: 0.0 MiB)
Memory usage before collect: 1623.11328125 MiB (Increase: 0.0 MiB)
Memory usage after collect: 1623.11328125 MiB (Increase: 0.0 MiB)
Memory usage before initialization: 1623.11328125 MiB (Increase: 0.0 MiB)
Memory usage after initialization: 1623.11328125 MiB (Increase: 0.0 MiB)
Current lengths of episodes: [117]
Memory usage at done (index 0, length 117, since_prev 117): 1623.11328125 MiB (Increase: 0.0 MiB)
Memory usage before reset: 1623.11328125 MiB (Increase: 0.0 MiB)
Memory usage after reset: 1623.11328125 MiB (Increase: 0.0 MiB)
Training episode 535
Memory usage at middle: 1623.11328125 MiB (Increase: 0.0 MiB)
Memory usage before collect: 1623.11328125 MiB (Increase: 0.0 MiB)
Memory usage after collect: 1623.11328125 MiB (Increase: 0.0 MiB)
Memory usage before initialization: 1623.11328125 MiB (Increase: 0.0 MiB)
Memory usage after initialization: 1623.11328125 MiB (Increase: 0.0 MiB)
Current lengths of episodes: [77]
Memory usage at done (index 0, length 77, since_prev 77): 1623.11328125 MiB (Increase: 0.0 MiB)
Memory usage before reset: 1623.11328125 MiB (Increase: 0.0 MiB)
Memory usage after reset: 1623.11328125 MiB (Increase: 0.0 MiB)
Training episode 536
Memory usage at middle: 1623.11328125 MiB (Increase: 0.0 MiB)
Memory usage before collect: 1623.11328125 MiB (Increase: 0.0 MiB)
Memory usage after collect: 1623.11328125 MiB (Increase: 0.0 MiB)
Memory usage before initialization: 1623.11328125 MiB (Increase: 0.0 MiB)
Memory usage after initialization: 1623.11328125 MiB (Increase: 0.0 MiB)
Current lengths of episodes: [1600]
Memory usage at done (index 0, length 1600, since_prev 1600): 1623.11328125 MiB (Increase: 0.0 MiB)
Memory usage before reset: 1623.11328125 MiB (Increase: 0.0 MiB)
Memory usage after reset: 1623.11328125 MiB (Increase: 0.0 MiB)
Training episode 537
Memory usage at middle: 1623.11328125 MiB (Increase: 0.0 MiB)
Memory usage before collect: 1623.11328125 MiB (Increase: 0.0 MiB)
Memory usage after collect: 1623.11328125 MiB (Increase: 0.0 MiB)
Memory usage before initialization: 1623.11328125 MiB (Increase: 0.0 MiB)
Memory usage after initialization: 1623.11328125 MiB (Increase: 0.0 MiB)
Current lengths of episodes: [1600]
Memory usage at done (index 0, length 1600, since_prev 1600): 1623.11328125 MiB (Increase: 0.0 MiB)
Memory usage before reset: 1623.11328125 MiB (Increase: 0.0 MiB)
Memory usage after reset: 1623.11328125 MiB (Increase: 0.0 MiB)
Training episode 538
Memory usage at middle: 1623.11328125 MiB (Increase: 0.0 MiB)
Memory usage before collect: 1623.11328125 MiB (Increase: 0.0 MiB)
Memory usage after collect: 1623.11328125 MiB (Increase: 0.0 MiB)
Memory usage before initialization: 1623.11328125 MiB (Increase: 0.0 MiB)
Memory usage after initialization: 1623.11328125 MiB (Increase: 0.0 MiB)
Current lengths of episodes: [59]
Memory usage at done (index 0, length 59, since_prev 59): 1623.11328125 MiB (Increase: 0.0 MiB)
Memory usage before reset: 1623.11328125 MiB (Increase: 0.0 MiB)
Memory usage after reset: 1623.11328125 MiB (Increase: 0.0 MiB)
Training episode 539
Memory usage at middle: 1623.11328125 MiB (Increase: 0.0 MiB)
Memory usage before collect: 1623.11328125 MiB (Increase: 0.0 MiB)
Memory usage after collect: 1623.11328125 MiB (Increase: 0.0 MiB)
Memory usage before initialization: 1623.11328125 MiB (Increase: 0.0 MiB)
Memory usage after initialization: 1623.11328125 MiB (Increase: 0.0 MiB)
Current lengths of episodes: [1600]
Memory usage at done (index 0, length 1600, since_prev 1600): 1623.11328125 MiB (Increase: 0.0 MiB)
Memory usage before reset: 1623.11328125 MiB (Increase: 0.0 MiB)
Memory usage after reset: 1623.11328125 MiB (Increase: 0.0 MiB)
Training episode 540
Memory usage at middle: 1623.11328125 MiB (Increase: 0.0 MiB)
Memory usage before collect: 1623.11328125 MiB (Increase: 0.0 MiB)
Memory usage after collect: 1623.11328125 MiB (Increase: 0.0 MiB)
Memory usage before initialization: 1623.11328125 MiB (Increase: 0.0 MiB)
Memory usage after initialization: 1623.11328125 MiB (Increase: 0.0 MiB)
Current lengths of episodes: [65]
Memory usage at done (index 0, length 65, since_prev 65): 1623.11328125 MiB (Increase: 0.0 MiB)
Memory usage before reset: 1623.11328125 MiB (Increase: 0.0 MiB)
Memory usage after reset: 1623.11328125 MiB (Increase: 0.0 MiB)
Training episode 541
Memory usage at middle: 1623.11328125 MiB (Increase: 0.0 MiB)
Memory usage before collect: 1623.11328125 MiB (Increase: 0.0 MiB)
Memory usage after collect: 1623.11328125 MiB (Increase: 0.0 MiB)
Memory usage before initialization: 1623.11328125 MiB (Increase: 0.0 MiB)
Memory usage after initialization: 1623.11328125 MiB (Increase: 0.0 MiB)
Current lengths of episodes: [1600]
Memory usage at done (index 0, length 1600, since_prev 1600): 1623.11328125 MiB (Increase: 0.0 MiB)
Memory usage before reset: 1623.11328125 MiB (Increase: 0.0 MiB)
Memory usage after reset: 1623.11328125 MiB (Increase: 0.0 MiB)
Training episode 542
Memory usage at middle: 1623.11328125 MiB (Increase: 0.0 MiB)
Memory usage before collect: 1623.11328125 MiB (Increase: 0.0 MiB)
Memory usage after collect: 1623.11328125 MiB (Increase: 0.0 MiB)
Memory usage before initialization: 1623.11328125 MiB (Increase: 0.0 MiB)
Memory usage after initialization: 1623.11328125 MiB (Increase: 0.0 MiB)
Current lengths of episodes: [59]
Memory usage at done (index 0, length 59, since_prev 59): 1623.11328125 MiB (Increase: 0.0 MiB)
Memory usage before reset: 1623.11328125 MiB (Increase: 0.0 MiB)
Memory usage after reset: 1623.11328125 MiB (Increase: 0.0 MiB)
Training episode 543
Memory usage at middle: 1623.11328125 MiB (Increase: 0.0 MiB)
Memory usage before collect: 1623.11328125 MiB (Increase: 0.0 MiB)
Memory usage after collect: 1623.11328125 MiB (Increase: 0.0 MiB)
Memory usage before initialization: 1623.11328125 MiB (Increase: 0.0 MiB)
Memory usage after initialization: 1623.11328125 MiB (Increase: 0.0 MiB)
Current lengths of episodes: [932]
Memory usage at done (index 0, length 932, since_prev 932): 1623.11328125 MiB (Increase: 0.0 MiB)
Memory usage before reset: 1623.11328125 MiB (Increase: 0.0 MiB)
Memory usage after reset: 1623.11328125 MiB (Increase: 0.0 MiB)
Training episode 544
Memory usage at middle: 1623.11328125 MiB (Increase: 0.0 MiB)
Memory usage before collect: 1623.11328125 MiB (Increase: 0.0 MiB)
Memory usage after collect: 1623.11328125 MiB (Increase: 0.0 MiB)
Memory usage before initialization: 1623.11328125 MiB (Increase: 0.0 MiB)
Memory usage after initialization: 1623.11328125 MiB (Increase: 0.0 MiB)
Current lengths of episodes: [1600]
Memory usage at done (index 0, length 1600, since_prev 1600): 1623.11328125 MiB (Increase: 0.0 MiB)
Memory usage before reset: 1623.11328125 MiB (Increase: 0.0 MiB)
Memory usage after reset: 1623.11328125 MiB (Increase: 0.0 MiB)
Training episode 545
Memory usage at middle: 1623.11328125 MiB (Increase: 0.0 MiB)
Memory usage before collect: 1623.11328125 MiB (Increase: 0.0 MiB)
Memory usage after collect: 1623.11328125 MiB (Increase: 0.0 MiB)
Memory usage before initialization: 1623.11328125 MiB (Increase: 0.0 MiB)
Memory usage after initialization: 1623.11328125 MiB (Increase: 0.0 MiB)
Current lengths of episodes: [1600]
Memory usage at done (index 0, length 1600, since_prev 1600): 1623.11328125 MiB (Increase: 0.0 MiB)
Memory usage before reset: 1623.11328125 MiB (Increase: 0.0 MiB)
Memory usage after reset: 1623.11328125 MiB (Increase: 0.0 MiB)
Training episode 546
Memory usage at middle: 1623.11328125 MiB (Increase: 0.0 MiB)
Memory usage before collect: 1623.11328125 MiB (Increase: 0.0 MiB)
Memory usage after collect: 1623.11328125 MiB (Increase: 0.0 MiB)
Memory usage before initialization: 1623.11328125 MiB (Increase: 0.0 MiB)
Memory usage after initialization: 1623.11328125 MiB (Increase: 0.0 MiB)
Current lengths of episodes: [1600]
Memory usage at done (index 0, length 1600, since_prev 1600): 1623.11328125 MiB (Increase: 0.0 MiB)
Memory usage before reset: 1623.11328125 MiB (Increase: 0.0 MiB)
Memory usage after reset: 1623.11328125 MiB (Increase: 0.0 MiB)
Training episode 547
Memory usage at middle: 1623.11328125 MiB (Increase: 0.0 MiB)
Memory usage before collect: 1623.11328125 MiB (Increase: 0.0 MiB)
Memory usage after collect: 1623.11328125 MiB (Increase: 0.0 MiB)
Memory usage before initialization: 1623.11328125 MiB (Increase: 0.0 MiB)
Memory usage after initialization: 1623.11328125 MiB (Increase: 0.0 MiB)
Current lengths of episodes: [78]
Memory usage at done (index 0, length 78, since_prev 78): 1623.11328125 MiB (Increase: 0.0 MiB)
Memory usage before reset: 1623.11328125 MiB (Increase: 0.0 MiB)
Memory usage after reset: 1623.11328125 MiB (Increase: 0.0 MiB)
Training episode 548
Memory usage at middle: 1623.11328125 MiB (Increase: 0.0 MiB)
Memory usage before collect: 1623.11328125 MiB (Increase: 0.0 MiB)
Memory usage after collect: 1623.11328125 MiB (Increase: 0.0 MiB)
Memory usage before initialization: 1623.11328125 MiB (Increase: 0.0 MiB)
Memory usage after initialization: 1623.11328125 MiB (Increase: 0.0 MiB)
Current lengths of episodes: [109]
Memory usage at done (index 0, length 109, since_prev 109): 1623.11328125 MiB (Increase: 0.0 MiB)
Memory usage before reset: 1623.11328125 MiB (Increase: 0.0 MiB)
Memory usage after reset: 1623.11328125 MiB (Increase: 0.0 MiB)
Training episode 549
Memory usage at middle: 1623.11328125 MiB (Increase: 0.0 MiB)
Memory usage before collect: 1623.11328125 MiB (Increase: 0.0 MiB)
Memory usage after collect: 1623.11328125 MiB (Increase: 0.0 MiB)
Memory usage before initialization: 1623.11328125 MiB (Increase: 0.0 MiB)
Memory usage after initialization: 1623.11328125 MiB (Increase: 0.0 MiB)
Current lengths of episodes: [69]
Memory usage at done (index 0, length 69, since_prev 69): 1623.11328125 MiB (Increase: 0.0 MiB)
Memory usage before reset: 1623.11328125 MiB (Increase: 0.0 MiB)
Memory usage after reset: 1623.11328125 MiB (Increase: 0.0 MiB)
Training episode 550
Memory usage at middle: 1623.11328125 MiB (Increase: 0.0 MiB)
Memory usage before collect: 1623.11328125 MiB (Increase: 0.0 MiB)
Memory usage after collect: 1623.11328125 MiB (Increase: 0.0 MiB)
Episode 550	Average evaluation: -42.94830080101374
Memory usage before initialization: 1623.11328125 MiB (Increase: 0.0 MiB)
Memory usage after initialization: 1623.11328125 MiB (Increase: 0.0 MiB)
Current lengths of episodes: [68]
Memory usage at done (index 0, length 68, since_prev 68): 1623.11328125 MiB (Increase: 0.0 MiB)
Memory usage before reset: 1623.11328125 MiB (Increase: 0.0 MiB)
Memory usage after reset: 1623.11328125 MiB (Increase: 0.0 MiB)
Training episode 551
Memory usage at middle: 1623.11328125 MiB (Increase: 0.0 MiB)
Memory usage before collect: 1623.11328125 MiB (Increase: 0.0 MiB)
Memory usage after collect: 1623.11328125 MiB (Increase: 0.0 MiB)
Memory usage before initialization: 1623.11328125 MiB (Increase: 0.0 MiB)
Memory usage after initialization: 1623.11328125 MiB (Increase: 0.0 MiB)
Current lengths of episodes: [1600]
Memory usage at done (index 0, length 1600, since_prev 1600): 1623.11328125 MiB (Increase: 0.0 MiB)
Memory usage before reset: 1623.11328125 MiB (Increase: 0.0 MiB)
Memory usage after reset: 1623.11328125 MiB (Increase: 0.0 MiB)
Training episode 552
Memory usage at middle: 1623.11328125 MiB (Increase: 0.0 MiB)
Memory usage before collect: 1623.11328125 MiB (Increase: 0.0 MiB)
Memory usage after collect: 1623.11328125 MiB (Increase: 0.0 MiB)
Memory usage before initialization: 1623.11328125 MiB (Increase: 0.0 MiB)
Memory usage after initialization: 1623.11328125 MiB (Increase: 0.0 MiB)
Current lengths of episodes: [1600]
Memory usage at done (index 0, length 1600, since_prev 1600): 1623.11328125 MiB (Increase: 0.0 MiB)
Memory usage before reset: 1623.11328125 MiB (Increase: 0.0 MiB)
Memory usage after reset: 1623.11328125 MiB (Increase: 0.0 MiB)
Training episode 553
Memory usage at middle: 1623.11328125 MiB (Increase: 0.0 MiB)
Memory usage before collect: 1623.11328125 MiB (Increase: 0.0 MiB)
Memory usage after collect: 1623.11328125 MiB (Increase: 0.0 MiB)
Memory usage before initialization: 1623.11328125 MiB (Increase: 0.0 MiB)
Memory usage after initialization: 1623.11328125 MiB (Increase: 0.0 MiB)
Current lengths of episodes: [1600]
Memory usage at done (index 0, length 1600, since_prev 1600): 1623.11328125 MiB (Increase: 0.0 MiB)
Memory usage before reset: 1623.11328125 MiB (Increase: 0.0 MiB)
Memory usage after reset: 1623.11328125 MiB (Increase: 0.0 MiB)
Training episode 554
Memory usage at middle: 1623.11328125 MiB (Increase: 0.0 MiB)
Memory usage before collect: 1623.11328125 MiB (Increase: 0.0 MiB)
Memory usage after collect: 1623.11328125 MiB (Increase: 0.0 MiB)
Memory usage before initialization: 1623.11328125 MiB (Increase: 0.0 MiB)
Memory usage after initialization: 1623.11328125 MiB (Increase: 0.0 MiB)
Current lengths of episodes: [80]
Memory usage at done (index 0, length 80, since_prev 80): 1623.11328125 MiB (Increase: 0.0 MiB)
Memory usage before reset: 1623.11328125 MiB (Increase: 0.0 MiB)
Memory usage after reset: 1623.11328125 MiB (Increase: 0.0 MiB)
Training episode 555
Memory usage at middle: 1623.11328125 MiB (Increase: 0.0 MiB)
Memory usage before collect: 1623.11328125 MiB (Increase: 0.0 MiB)
Memory usage after collect: 1623.11328125 MiB (Increase: 0.0 MiB)
Memory usage before initialization: 1623.11328125 MiB (Increase: 0.0 MiB)
Memory usage after initialization: 1623.11328125 MiB (Increase: 0.0 MiB)
Current lengths of episodes: [82]
Memory usage at done (index 0, length 82, since_prev 82): 1623.11328125 MiB (Increase: 0.0 MiB)
Memory usage before reset: 1623.11328125 MiB (Increase: 0.0 MiB)
Memory usage after reset: 1623.11328125 MiB (Increase: 0.0 MiB)
Training episode 556
Memory usage at middle: 1623.11328125 MiB (Increase: 0.0 MiB)
Memory usage before collect: 1623.11328125 MiB (Increase: 0.0 MiB)
Memory usage after collect: 1623.11328125 MiB (Increase: 0.0 MiB)
Memory usage before initialization: 1623.11328125 MiB (Increase: 0.0 MiB)
Memory usage after initialization: 1623.11328125 MiB (Increase: 0.0 MiB)
Current lengths of episodes: [1600]
Memory usage at done (index 0, length 1600, since_prev 1600): 1623.11328125 MiB (Increase: 0.0 MiB)
Memory usage before reset: 1623.11328125 MiB (Increase: 0.0 MiB)
Memory usage after reset: 1623.11328125 MiB (Increase: 0.0 MiB)
Training episode 557
Memory usage at middle: 1623.11328125 MiB (Increase: 0.0 MiB)
Memory usage before collect: 1623.11328125 MiB (Increase: 0.0 MiB)
Memory usage after collect: 1623.11328125 MiB (Increase: 0.0 MiB)
Memory usage before initialization: 1623.11328125 MiB (Increase: 0.0 MiB)
Memory usage after initialization: 1623.11328125 MiB (Increase: 0.0 MiB)
Current lengths of episodes: [1600]
Memory usage at done (index 0, length 1600, since_prev 1600): 1623.11328125 MiB (Increase: 0.0 MiB)
Memory usage before reset: 1623.11328125 MiB (Increase: 0.0 MiB)
Memory usage after reset: 1623.11328125 MiB (Increase: 0.0 MiB)
Training episode 558
Memory usage at middle: 1623.11328125 MiB (Increase: 0.0 MiB)
Memory usage before collect: 1623.11328125 MiB (Increase: 0.0 MiB)
Memory usage after collect: 1623.11328125 MiB (Increase: 0.0 MiB)
Memory usage before initialization: 1623.11328125 MiB (Increase: 0.0 MiB)
Memory usage after initialization: 1623.11328125 MiB (Increase: 0.0 MiB)
Current lengths of episodes: [70]
Memory usage at done (index 0, length 70, since_prev 70): 1623.11328125 MiB (Increase: 0.0 MiB)
Memory usage before reset: 1623.11328125 MiB (Increase: 0.0 MiB)
Memory usage after reset: 1623.11328125 MiB (Increase: 0.0 MiB)
Training episode 559
Memory usage at middle: 1623.11328125 MiB (Increase: 0.0 MiB)
Memory usage before collect: 1623.11328125 MiB (Increase: 0.0 MiB)
Memory usage after collect: 1623.11328125 MiB (Increase: 0.0 MiB)
Memory usage before initialization: 1623.11328125 MiB (Increase: 0.0 MiB)
Memory usage after initialization: 1623.11328125 MiB (Increase: 0.0 MiB)
Current lengths of episodes: [61]
Memory usage at done (index 0, length 61, since_prev 61): 1623.11328125 MiB (Increase: 0.0 MiB)
Memory usage before reset: 1623.11328125 MiB (Increase: 0.0 MiB)
Memory usage after reset: 1623.11328125 MiB (Increase: 0.0 MiB)
Training episode 560
Memory usage at middle: 1623.11328125 MiB (Increase: 0.0 MiB)
Memory usage before collect: 1623.11328125 MiB (Increase: 0.0 MiB)
Memory usage after collect: 1623.11328125 MiB (Increase: 0.0 MiB)
Memory usage before initialization: 1623.11328125 MiB (Increase: 0.0 MiB)
Memory usage after initialization: 1623.11328125 MiB (Increase: 0.0 MiB)
Current lengths of episodes: [1600]
Memory usage at done (index 0, length 1600, since_prev 1600): 1623.11328125 MiB (Increase: 0.0 MiB)
Memory usage before reset: 1623.11328125 MiB (Increase: 0.0 MiB)
Memory usage after reset: 1623.11328125 MiB (Increase: 0.0 MiB)
Training episode 561
Memory usage at middle: 1623.11328125 MiB (Increase: 0.0 MiB)
Memory usage before collect: 1623.11328125 MiB (Increase: 0.0 MiB)
Memory usage after collect: 1623.11328125 MiB (Increase: 0.0 MiB)
Memory usage before initialization: 1623.11328125 MiB (Increase: 0.0 MiB)
Memory usage after initialization: 1623.11328125 MiB (Increase: 0.0 MiB)
Current lengths of episodes: [59]
Memory usage at done (index 0, length 59, since_prev 59): 1623.11328125 MiB (Increase: 0.0 MiB)
Memory usage before reset: 1623.11328125 MiB (Increase: 0.0 MiB)
Memory usage after reset: 1623.11328125 MiB (Increase: 0.0 MiB)
Training episode 562
Memory usage at middle: 1623.11328125 MiB (Increase: 0.0 MiB)
Memory usage before collect: 1623.11328125 MiB (Increase: 0.0 MiB)
Memory usage after collect: 1623.11328125 MiB (Increase: 0.0 MiB)
Memory usage before initialization: 1623.11328125 MiB (Increase: 0.0 MiB)
Memory usage after initialization: 1623.11328125 MiB (Increase: 0.0 MiB)
Current lengths of episodes: [40]
Memory usage at done (index 0, length 40, since_prev 40): 1623.11328125 MiB (Increase: 0.0 MiB)
Memory usage before reset: 1623.11328125 MiB (Increase: 0.0 MiB)
Memory usage after reset: 1623.11328125 MiB (Increase: 0.0 MiB)
Training episode 563
Memory usage at middle: 1623.11328125 MiB (Increase: 0.0 MiB)
Memory usage before collect: 1623.11328125 MiB (Increase: 0.0 MiB)
Memory usage after collect: 1623.11328125 MiB (Increase: 0.0 MiB)
Memory usage before initialization: 1623.11328125 MiB (Increase: 0.0 MiB)
Memory usage after initialization: 1623.11328125 MiB (Increase: 0.0 MiB)
Current lengths of episodes: [68]
Memory usage at done (index 0, length 68, since_prev 68): 1623.11328125 MiB (Increase: 0.0 MiB)
Memory usage before reset: 1623.11328125 MiB (Increase: 0.0 MiB)
Memory usage after reset: 1623.11328125 MiB (Increase: 0.0 MiB)
Training episode 564
Memory usage at middle: 1623.11328125 MiB (Increase: 0.0 MiB)
Memory usage before collect: 1623.11328125 MiB (Increase: 0.0 MiB)
Memory usage after collect: 1623.11328125 MiB (Increase: 0.0 MiB)
Memory usage before initialization: 1623.11328125 MiB (Increase: 0.0 MiB)
Memory usage after initialization: 1623.11328125 MiB (Increase: 0.0 MiB)
Current lengths of episodes: [60]
Memory usage at done (index 0, length 60, since_prev 60): 1623.11328125 MiB (Increase: 0.0 MiB)
Memory usage before reset: 1623.11328125 MiB (Increase: 0.0 MiB)
Memory usage after reset: 1623.11328125 MiB (Increase: 0.0 MiB)
Training episode 565
Memory usage at middle: 1623.11328125 MiB (Increase: 0.0 MiB)
Memory usage before collect: 1623.11328125 MiB (Increase: 0.0 MiB)
Memory usage after collect: 1623.11328125 MiB (Increase: 0.0 MiB)
Memory usage before initialization: 1623.11328125 MiB (Increase: 0.0 MiB)
Memory usage after initialization: 1623.11328125 MiB (Increase: 0.0 MiB)
Current lengths of episodes: [60]
Memory usage at done (index 0, length 60, since_prev 60): 1623.11328125 MiB (Increase: 0.0 MiB)
Memory usage before reset: 1623.11328125 MiB (Increase: 0.0 MiB)
Memory usage after reset: 1623.11328125 MiB (Increase: 0.0 MiB)
Training episode 566
Memory usage at middle: 1623.11328125 MiB (Increase: 0.0 MiB)
Memory usage before collect: 1623.11328125 MiB (Increase: 0.0 MiB)
Memory usage after collect: 1623.11328125 MiB (Increase: 0.0 MiB)
Memory usage before initialization: 1623.11328125 MiB (Increase: 0.0 MiB)
Memory usage after initialization: 1623.11328125 MiB (Increase: 0.0 MiB)
Current lengths of episodes: [1600]
Memory usage at done (index 0, length 1600, since_prev 1600): 1623.11328125 MiB (Increase: 0.0 MiB)
Memory usage before reset: 1623.11328125 MiB (Increase: 0.0 MiB)
Memory usage after reset: 1623.11328125 MiB (Increase: 0.0 MiB)
Training episode 567
Memory usage at middle: 1623.11328125 MiB (Increase: 0.0 MiB)
Memory usage before collect: 1623.11328125 MiB (Increase: 0.0 MiB)
Memory usage after collect: 1623.11328125 MiB (Increase: 0.0 MiB)
Memory usage before initialization: 1623.11328125 MiB (Increase: 0.0 MiB)
Memory usage after initialization: 1623.11328125 MiB (Increase: 0.0 MiB)
Current lengths of episodes: [54]
Memory usage at done (index 0, length 54, since_prev 54): 1623.11328125 MiB (Increase: 0.0 MiB)
Memory usage before reset: 1623.11328125 MiB (Increase: 0.0 MiB)
Memory usage after reset: 1623.11328125 MiB (Increase: 0.0 MiB)
Training episode 568
Memory usage at middle: 1623.11328125 MiB (Increase: 0.0 MiB)
Memory usage before collect: 1623.11328125 MiB (Increase: 0.0 MiB)
Memory usage after collect: 1623.11328125 MiB (Increase: 0.0 MiB)
Memory usage before initialization: 1623.11328125 MiB (Increase: 0.0 MiB)
Memory usage after initialization: 1623.11328125 MiB (Increase: 0.0 MiB)
Current lengths of episodes: [68]
Memory usage at done (index 0, length 68, since_prev 68): 1623.11328125 MiB (Increase: 0.0 MiB)
Memory usage before reset: 1623.11328125 MiB (Increase: 0.0 MiB)
Memory usage after reset: 1623.11328125 MiB (Increase: 0.0 MiB)
Training episode 569
Memory usage at middle: 1623.11328125 MiB (Increase: 0.0 MiB)
Memory usage before collect: 1623.11328125 MiB (Increase: 0.0 MiB)
Memory usage after collect: 1623.11328125 MiB (Increase: 0.0 MiB)
Memory usage before initialization: 1623.11328125 MiB (Increase: 0.0 MiB)
Memory usage after initialization: 1623.11328125 MiB (Increase: 0.0 MiB)
Current lengths of episodes: [64]
Memory usage at done (index 0, length 64, since_prev 64): 1623.11328125 MiB (Increase: 0.0 MiB)
Memory usage before reset: 1623.11328125 MiB (Increase: 0.0 MiB)
Memory usage after reset: 1623.11328125 MiB (Increase: 0.0 MiB)
Training episode 570
Memory usage at middle: 1623.11328125 MiB (Increase: 0.0 MiB)
Memory usage before collect: 1623.11328125 MiB (Increase: 0.0 MiB)
Memory usage after collect: 1623.11328125 MiB (Increase: 0.0 MiB)
Memory usage before initialization: 1623.11328125 MiB (Increase: 0.0 MiB)
Memory usage after initialization: 1623.11328125 MiB (Increase: 0.0 MiB)
Current lengths of episodes: [248]
Memory usage at done (index 0, length 248, since_prev 248): 1623.11328125 MiB (Increase: 0.0 MiB)
Memory usage before reset: 1623.11328125 MiB (Increase: 0.0 MiB)
Memory usage after reset: 1623.11328125 MiB (Increase: 0.0 MiB)
Training episode 571
Memory usage at middle: 1623.11328125 MiB (Increase: 0.0 MiB)
Memory usage before collect: 1623.11328125 MiB (Increase: 0.0 MiB)
Memory usage after collect: 1623.11328125 MiB (Increase: 0.0 MiB)
Memory usage before initialization: 1623.11328125 MiB (Increase: 0.0 MiB)
Memory usage after initialization: 1623.11328125 MiB (Increase: 0.0 MiB)
Current lengths of episodes: [90]
Memory usage at done (index 0, length 90, since_prev 90): 1623.11328125 MiB (Increase: 0.0 MiB)
Memory usage before reset: 1623.11328125 MiB (Increase: 0.0 MiB)
Memory usage after reset: 1623.11328125 MiB (Increase: 0.0 MiB)
Training episode 572
Memory usage at middle: 1623.11328125 MiB (Increase: 0.0 MiB)
Memory usage before collect: 1623.11328125 MiB (Increase: 0.0 MiB)
Memory usage after collect: 1623.11328125 MiB (Increase: 0.0 MiB)
Memory usage before initialization: 1623.11328125 MiB (Increase: 0.0 MiB)
Memory usage after initialization: 1623.11328125 MiB (Increase: 0.0 MiB)
Current lengths of episodes: [73]
Memory usage at done (index 0, length 73, since_prev 73): 1623.11328125 MiB (Increase: 0.0 MiB)
Memory usage before reset: 1623.11328125 MiB (Increase: 0.0 MiB)
Memory usage after reset: 1623.11328125 MiB (Increase: 0.0 MiB)
Training episode 573
Memory usage at middle: 1623.11328125 MiB (Increase: 0.0 MiB)
Memory usage before collect: 1623.11328125 MiB (Increase: 0.0 MiB)
Memory usage after collect: 1623.11328125 MiB (Increase: 0.0 MiB)
Memory usage before initialization: 1623.11328125 MiB (Increase: 0.0 MiB)
Memory usage after initialization: 1623.11328125 MiB (Increase: 0.0 MiB)
Current lengths of episodes: [1600]
Memory usage at done (index 0, length 1600, since_prev 1600): 1623.11328125 MiB (Increase: 0.0 MiB)
Memory usage before reset: 1623.11328125 MiB (Increase: 0.0 MiB)
Memory usage after reset: 1623.11328125 MiB (Increase: 0.0 MiB)
Training episode 574
Memory usage at middle: 1623.11328125 MiB (Increase: 0.0 MiB)
Memory usage before collect: 1623.11328125 MiB (Increase: 0.0 MiB)
Memory usage after collect: 1623.11328125 MiB (Increase: 0.0 MiB)
Memory usage before initialization: 1623.11328125 MiB (Increase: 0.0 MiB)
Memory usage after initialization: 1623.11328125 MiB (Increase: 0.0 MiB)
Current lengths of episodes: [1600]
Memory usage at done (index 0, length 1600, since_prev 1600): 1623.11328125 MiB (Increase: 0.0 MiB)
Memory usage before reset: 1623.11328125 MiB (Increase: 0.0 MiB)
Memory usage after reset: 1623.11328125 MiB (Increase: 0.0 MiB)
Training episode 575
Memory usage at middle: 1623.11328125 MiB (Increase: 0.0 MiB)
Memory usage before collect: 1623.11328125 MiB (Increase: 0.0 MiB)
Memory usage after collect: 1623.11328125 MiB (Increase: 0.0 MiB)
Memory usage before initialization: 1623.11328125 MiB (Increase: 0.0 MiB)
Memory usage after initialization: 1623.11328125 MiB (Increase: 0.0 MiB)
Current lengths of episodes: [89]
Memory usage at done (index 0, length 89, since_prev 89): 1623.11328125 MiB (Increase: 0.0 MiB)
Memory usage before reset: 1623.11328125 MiB (Increase: 0.0 MiB)
Memory usage after reset: 1623.11328125 MiB (Increase: 0.0 MiB)
Training episode 576
Memory usage at middle: 1623.11328125 MiB (Increase: 0.0 MiB)
Memory usage before collect: 1623.11328125 MiB (Increase: 0.0 MiB)
Memory usage after collect: 1623.11328125 MiB (Increase: 0.0 MiB)
Memory usage before initialization: 1623.11328125 MiB (Increase: 0.0 MiB)
Memory usage after initialization: 1623.11328125 MiB (Increase: 0.0 MiB)
Current lengths of episodes: [1600]
Memory usage at done (index 0, length 1600, since_prev 1600): 1623.11328125 MiB (Increase: 0.0 MiB)
Memory usage before reset: 1623.11328125 MiB (Increase: 0.0 MiB)
Memory usage after reset: 1623.11328125 MiB (Increase: 0.0 MiB)
Training episode 577
Memory usage at middle: 1623.11328125 MiB (Increase: 0.0 MiB)
Memory usage before collect: 1623.11328125 MiB (Increase: 0.0 MiB)
Memory usage after collect: 1623.11328125 MiB (Increase: 0.0 MiB)
Memory usage before initialization: 1623.11328125 MiB (Increase: 0.0 MiB)
Memory usage after initialization: 1623.11328125 MiB (Increase: 0.0 MiB)
Current lengths of episodes: [52]
Memory usage at done (index 0, length 52, since_prev 52): 1623.11328125 MiB (Increase: 0.0 MiB)
Memory usage before reset: 1623.11328125 MiB (Increase: 0.0 MiB)
Memory usage after reset: 1623.11328125 MiB (Increase: 0.0 MiB)
Training episode 578
Memory usage at middle: 1623.11328125 MiB (Increase: 0.0 MiB)
Memory usage before collect: 1623.11328125 MiB (Increase: 0.0 MiB)
Memory usage after collect: 1623.11328125 MiB (Increase: 0.0 MiB)
Memory usage before initialization: 1623.11328125 MiB (Increase: 0.0 MiB)
Memory usage after initialization: 1623.11328125 MiB (Increase: 0.0 MiB)
Current lengths of episodes: [1600]
Memory usage at done (index 0, length 1600, since_prev 1600): 1623.11328125 MiB (Increase: 0.0 MiB)
Memory usage before reset: 1623.11328125 MiB (Increase: 0.0 MiB)
Memory usage after reset: 1623.11328125 MiB (Increase: 0.0 MiB)
Training episode 579
Memory usage at middle: 1623.11328125 MiB (Increase: 0.0 MiB)
Memory usage before collect: 1623.11328125 MiB (Increase: 0.0 MiB)
Memory usage after collect: 1623.11328125 MiB (Increase: 0.0 MiB)
Memory usage before initialization: 1623.11328125 MiB (Increase: 0.0 MiB)
Memory usage after initialization: 1623.11328125 MiB (Increase: 0.0 MiB)
Current lengths of episodes: [1600]
Memory usage at done (index 0, length 1600, since_prev 1600): 1623.11328125 MiB (Increase: 0.0 MiB)
Memory usage before reset: 1623.11328125 MiB (Increase: 0.0 MiB)
Memory usage after reset: 1623.11328125 MiB (Increase: 0.0 MiB)
Training episode 580
Memory usage at middle: 1623.11328125 MiB (Increase: 0.0 MiB)
Memory usage before collect: 1623.11328125 MiB (Increase: 0.0 MiB)
Memory usage after collect: 1623.11328125 MiB (Increase: 0.0 MiB)
Memory usage before initialization: 1623.11328125 MiB (Increase: 0.0 MiB)
Memory usage after initialization: 1623.11328125 MiB (Increase: 0.0 MiB)
Current lengths of episodes: [114]
Memory usage at done (index 0, length 114, since_prev 114): 1623.11328125 MiB (Increase: 0.0 MiB)
Memory usage before reset: 1623.11328125 MiB (Increase: 0.0 MiB)
Memory usage after reset: 1623.11328125 MiB (Increase: 0.0 MiB)
Training episode 581
Memory usage at middle: 1623.11328125 MiB (Increase: 0.0 MiB)
Memory usage before collect: 1623.11328125 MiB (Increase: 0.0 MiB)
Memory usage after collect: 1623.11328125 MiB (Increase: 0.0 MiB)
Memory usage before initialization: 1623.11328125 MiB (Increase: 0.0 MiB)
Memory usage after initialization: 1623.11328125 MiB (Increase: 0.0 MiB)
Current lengths of episodes: [69]
Memory usage at done (index 0, length 69, since_prev 69): 1623.11328125 MiB (Increase: 0.0 MiB)
Memory usage before reset: 1623.11328125 MiB (Increase: 0.0 MiB)
Memory usage after reset: 1623.11328125 MiB (Increase: 0.0 MiB)
Training episode 582
Memory usage at middle: 1623.11328125 MiB (Increase: 0.0 MiB)
Memory usage before collect: 1623.11328125 MiB (Increase: 0.0 MiB)
Memory usage after collect: 1623.11328125 MiB (Increase: 0.0 MiB)
Memory usage before initialization: 1623.11328125 MiB (Increase: 0.0 MiB)
Memory usage after initialization: 1623.11328125 MiB (Increase: 0.0 MiB)
Current lengths of episodes: [1600]
Memory usage at done (index 0, length 1600, since_prev 1600): 1623.11328125 MiB (Increase: 0.0 MiB)
Memory usage before reset: 1623.11328125 MiB (Increase: 0.0 MiB)
Memory usage after reset: 1623.11328125 MiB (Increase: 0.0 MiB)
Training episode 583
Memory usage at middle: 1623.11328125 MiB (Increase: 0.0 MiB)
Memory usage before collect: 1623.11328125 MiB (Increase: 0.0 MiB)
Memory usage after collect: 1623.11328125 MiB (Increase: 0.0 MiB)
Memory usage before initialization: 1623.11328125 MiB (Increase: 0.0 MiB)
Memory usage after initialization: 1623.11328125 MiB (Increase: 0.0 MiB)
Current lengths of episodes: [1600]
Memory usage at done (index 0, length 1600, since_prev 1600): 1623.11328125 MiB (Increase: 0.0 MiB)
Memory usage before reset: 1623.11328125 MiB (Increase: 0.0 MiB)
Memory usage after reset: 1623.11328125 MiB (Increase: 0.0 MiB)
Training episode 584
Memory usage at middle: 1623.11328125 MiB (Increase: 0.0 MiB)
Memory usage before collect: 1623.11328125 MiB (Increase: 0.0 MiB)
Memory usage after collect: 1623.11328125 MiB (Increase: 0.0 MiB)
Memory usage before initialization: 1623.11328125 MiB (Increase: 0.0 MiB)
Memory usage after initialization: 1623.11328125 MiB (Increase: 0.0 MiB)
Current lengths of episodes: [61]
Memory usage at done (index 0, length 61, since_prev 61): 1623.11328125 MiB (Increase: 0.0 MiB)
Memory usage before reset: 1623.11328125 MiB (Increase: 0.0 MiB)
Memory usage after reset: 1623.11328125 MiB (Increase: 0.0 MiB)
Training episode 585
Memory usage at middle: 1623.11328125 MiB (Increase: 0.0 MiB)
Memory usage before collect: 1623.11328125 MiB (Increase: 0.0 MiB)
Memory usage after collect: 1623.11328125 MiB (Increase: 0.0 MiB)
Memory usage before initialization: 1623.11328125 MiB (Increase: 0.0 MiB)
Memory usage after initialization: 1623.11328125 MiB (Increase: 0.0 MiB)
Current lengths of episodes: [40]
Memory usage at done (index 0, length 40, since_prev 40): 1623.11328125 MiB (Increase: 0.0 MiB)
Memory usage before reset: 1623.11328125 MiB (Increase: 0.0 MiB)
Memory usage after reset: 1623.11328125 MiB (Increase: 0.0 MiB)
Training episode 586
Memory usage at middle: 1623.11328125 MiB (Increase: 0.0 MiB)
Memory usage before collect: 1623.11328125 MiB (Increase: 0.0 MiB)
Memory usage after collect: 1623.11328125 MiB (Increase: 0.0 MiB)
Memory usage before initialization: 1623.11328125 MiB (Increase: 0.0 MiB)
Memory usage after initialization: 1623.11328125 MiB (Increase: 0.0 MiB)
Current lengths of episodes: [93]
Memory usage at done (index 0, length 93, since_prev 93): 1623.11328125 MiB (Increase: 0.0 MiB)
Memory usage before reset: 1623.11328125 MiB (Increase: 0.0 MiB)
Memory usage after reset: 1623.11328125 MiB (Increase: 0.0 MiB)
Training episode 587
Memory usage at middle: 1623.11328125 MiB (Increase: 0.0 MiB)
Memory usage before collect: 1623.11328125 MiB (Increase: 0.0 MiB)
Memory usage after collect: 1623.11328125 MiB (Increase: 0.0 MiB)
Memory usage before initialization: 1623.11328125 MiB (Increase: 0.0 MiB)
Memory usage after initialization: 1623.11328125 MiB (Increase: 0.0 MiB)
Current lengths of episodes: [1600]
Memory usage at done (index 0, length 1600, since_prev 1600): 1623.11328125 MiB (Increase: 0.0 MiB)
Memory usage before reset: 1623.11328125 MiB (Increase: 0.0 MiB)
Memory usage after reset: 1623.11328125 MiB (Increase: 0.0 MiB)
Training episode 588
Memory usage at middle: 1623.11328125 MiB (Increase: 0.0 MiB)
Memory usage before collect: 1623.11328125 MiB (Increase: 0.0 MiB)
Memory usage after collect: 1623.11328125 MiB (Increase: 0.0 MiB)
Memory usage before initialization: 1623.11328125 MiB (Increase: 0.0 MiB)
Memory usage after initialization: 1623.11328125 MiB (Increase: 0.0 MiB)
Current lengths of episodes: [1600]
Memory usage at done (index 0, length 1600, since_prev 1600): 1623.11328125 MiB (Increase: 0.0 MiB)
Memory usage before reset: 1623.11328125 MiB (Increase: 0.0 MiB)
Memory usage after reset: 1623.11328125 MiB (Increase: 0.0 MiB)
Training episode 589
Memory usage at middle: 1623.11328125 MiB (Increase: 0.0 MiB)
Memory usage before collect: 1623.11328125 MiB (Increase: 0.0 MiB)
Memory usage after collect: 1623.11328125 MiB (Increase: 0.0 MiB)
Memory usage before initialization: 1623.11328125 MiB (Increase: 0.0 MiB)
Memory usage after initialization: 1623.11328125 MiB (Increase: 0.0 MiB)
Current lengths of episodes: [46]
Memory usage at done (index 0, length 46, since_prev 46): 1623.11328125 MiB (Increase: 0.0 MiB)
Memory usage before reset: 1623.11328125 MiB (Increase: 0.0 MiB)
Memory usage after reset: 1623.11328125 MiB (Increase: 0.0 MiB)
Training episode 590
Memory usage at middle: 1623.11328125 MiB (Increase: 0.0 MiB)
Memory usage before collect: 1623.11328125 MiB (Increase: 0.0 MiB)
Memory usage after collect: 1623.11328125 MiB (Increase: 0.0 MiB)
Memory usage before initialization: 1623.11328125 MiB (Increase: 0.0 MiB)
Memory usage after initialization: 1623.11328125 MiB (Increase: 0.0 MiB)
Current lengths of episodes: [58]
Memory usage at done (index 0, length 58, since_prev 58): 1623.11328125 MiB (Increase: 0.0 MiB)
Memory usage before reset: 1623.11328125 MiB (Increase: 0.0 MiB)
Memory usage after reset: 1623.11328125 MiB (Increase: 0.0 MiB)
Training episode 591
Memory usage at middle: 1623.11328125 MiB (Increase: 0.0 MiB)
Memory usage before collect: 1623.11328125 MiB (Increase: 0.0 MiB)
Memory usage after collect: 1623.11328125 MiB (Increase: 0.0 MiB)
Memory usage before initialization: 1623.11328125 MiB (Increase: 0.0 MiB)
Memory usage after initialization: 1623.11328125 MiB (Increase: 0.0 MiB)
Current lengths of episodes: [169]
Memory usage at done (index 0, length 169, since_prev 169): 1623.11328125 MiB (Increase: 0.0 MiB)
Memory usage before reset: 1623.11328125 MiB (Increase: 0.0 MiB)
Memory usage after reset: 1623.11328125 MiB (Increase: 0.0 MiB)
Training episode 592
Memory usage at middle: 1623.11328125 MiB (Increase: 0.0 MiB)
Memory usage before collect: 1623.11328125 MiB (Increase: 0.0 MiB)
Memory usage after collect: 1623.11328125 MiB (Increase: 0.0 MiB)
Memory usage before initialization: 1623.11328125 MiB (Increase: 0.0 MiB)
Memory usage after initialization: 1623.11328125 MiB (Increase: 0.0 MiB)
Current lengths of episodes: [45]
Memory usage at done (index 0, length 45, since_prev 45): 1623.11328125 MiB (Increase: 0.0 MiB)
Memory usage before reset: 1623.11328125 MiB (Increase: 0.0 MiB)
Memory usage after reset: 1623.11328125 MiB (Increase: 0.0 MiB)
Training episode 593
Memory usage at middle: 1623.11328125 MiB (Increase: 0.0 MiB)
Memory usage before collect: 1623.11328125 MiB (Increase: 0.0 MiB)
Memory usage after collect: 1623.11328125 MiB (Increase: 0.0 MiB)
Memory usage before initialization: 1623.11328125 MiB (Increase: 0.0 MiB)
Memory usage after initialization: 1623.11328125 MiB (Increase: 0.0 MiB)
Current lengths of episodes: [1600]
Memory usage at done (index 0, length 1600, since_prev 1600): 1623.11328125 MiB (Increase: 0.0 MiB)
Memory usage before reset: 1623.11328125 MiB (Increase: 0.0 MiB)
Memory usage after reset: 1623.11328125 MiB (Increase: 0.0 MiB)
Training episode 594
Memory usage at middle: 1623.11328125 MiB (Increase: 0.0 MiB)
Memory usage before collect: 1623.11328125 MiB (Increase: 0.0 MiB)
Memory usage after collect: 1623.11328125 MiB (Increase: 0.0 MiB)
Memory usage before initialization: 1623.11328125 MiB (Increase: 0.0 MiB)
Memory usage after initialization: 1623.11328125 MiB (Increase: 0.0 MiB)
Current lengths of episodes: [56]
Memory usage at done (index 0, length 56, since_prev 56): 1623.11328125 MiB (Increase: 0.0 MiB)
Memory usage before reset: 1623.11328125 MiB (Increase: 0.0 MiB)
Memory usage after reset: 1623.11328125 MiB (Increase: 0.0 MiB)
Training episode 595
Memory usage at middle: 1623.11328125 MiB (Increase: 0.0 MiB)
Memory usage before collect: 1623.11328125 MiB (Increase: 0.0 MiB)
Memory usage after collect: 1623.11328125 MiB (Increase: 0.0 MiB)
Memory usage before initialization: 1623.11328125 MiB (Increase: 0.0 MiB)
Memory usage after initialization: 1623.11328125 MiB (Increase: 0.0 MiB)
Current lengths of episodes: [59]
Memory usage at done (index 0, length 59, since_prev 59): 1623.11328125 MiB (Increase: 0.0 MiB)
Memory usage before reset: 1623.11328125 MiB (Increase: 0.0 MiB)
Memory usage after reset: 1623.11328125 MiB (Increase: 0.0 MiB)
Training episode 596
Memory usage at middle: 1623.11328125 MiB (Increase: 0.0 MiB)
Memory usage before collect: 1623.11328125 MiB (Increase: 0.0 MiB)
Memory usage after collect: 1623.11328125 MiB (Increase: 0.0 MiB)
Memory usage before initialization: 1623.11328125 MiB (Increase: 0.0 MiB)
Memory usage after initialization: 1623.11328125 MiB (Increase: 0.0 MiB)
Current lengths of episodes: [1600]
Memory usage at done (index 0, length 1600, since_prev 1600): 1623.11328125 MiB (Increase: 0.0 MiB)
Memory usage before reset: 1623.11328125 MiB (Increase: 0.0 MiB)
Memory usage after reset: 1623.11328125 MiB (Increase: 0.0 MiB)
Training episode 597
Memory usage at middle: 1623.11328125 MiB (Increase: 0.0 MiB)
Memory usage before collect: 1623.11328125 MiB (Increase: 0.0 MiB)
Memory usage after collect: 1623.11328125 MiB (Increase: 0.0 MiB)
Memory usage before initialization: 1623.11328125 MiB (Increase: 0.0 MiB)
Memory usage after initialization: 1623.11328125 MiB (Increase: 0.0 MiB)
Current lengths of episodes: [1600]
Memory usage at done (index 0, length 1600, since_prev 1600): 1623.11328125 MiB (Increase: 0.0 MiB)
Memory usage before reset: 1623.11328125 MiB (Increase: 0.0 MiB)
Memory usage after reset: 1623.11328125 MiB (Increase: 0.0 MiB)
Training episode 598
Memory usage at middle: 1623.11328125 MiB (Increase: 0.0 MiB)
Memory usage before collect: 1623.11328125 MiB (Increase: 0.0 MiB)
Memory usage after collect: 1623.11328125 MiB (Increase: 0.0 MiB)
Memory usage before initialization: 1623.11328125 MiB (Increase: 0.0 MiB)
Memory usage after initialization: 1623.11328125 MiB (Increase: 0.0 MiB)
Current lengths of episodes: [1600]
Memory usage at done (index 0, length 1600, since_prev 1600): 1623.11328125 MiB (Increase: 0.0 MiB)
Memory usage before reset: 1623.11328125 MiB (Increase: 0.0 MiB)
Memory usage after reset: 1623.11328125 MiB (Increase: 0.0 MiB)
Training episode 599
Memory usage at middle: 1623.11328125 MiB (Increase: 0.0 MiB)
Memory usage before collect: 1623.11328125 MiB (Increase: 0.0 MiB)
Memory usage after collect: 1623.11328125 MiB (Increase: 0.0 MiB)
Memory usage before initialization: 1623.11328125 MiB (Increase: 0.0 MiB)
Memory usage after initialization: 1623.11328125 MiB (Increase: 0.0 MiB)
Current lengths of episodes: [1600]
Memory usage at done (index 0, length 1600, since_prev 1600): 1623.11328125 MiB (Increase: 0.0 MiB)
Memory usage before reset: 1623.11328125 MiB (Increase: 0.0 MiB)
Memory usage after reset: 1623.11328125 MiB (Increase: 0.0 MiB)
Training episode 600
Memory usage at middle: 1623.11328125 MiB (Increase: 0.0 MiB)
Memory usage before collect: 1623.11328125 MiB (Increase: 0.0 MiB)
Memory usage after collect: 1623.11328125 MiB (Increase: 0.0 MiB)
Episode 600	Average evaluation: -15.991181369788881
Memory usage before initialization: 1623.11328125 MiB (Increase: 0.0 MiB)
Memory usage after initialization: 1623.11328125 MiB (Increase: 0.0 MiB)
Current lengths of episodes: [1600]
Memory usage at done (index 0, length 1600, since_prev 1600): 1623.11328125 MiB (Increase: 0.0 MiB)
Memory usage before reset: 1623.11328125 MiB (Increase: 0.0 MiB)
Memory usage after reset: 1623.11328125 MiB (Increase: 0.0 MiB)
Training episode 601
Memory usage at middle: 1623.11328125 MiB (Increase: 0.0 MiB)
Memory usage before collect: 1623.11328125 MiB (Increase: 0.0 MiB)
Memory usage after collect: 1623.11328125 MiB (Increase: 0.0 MiB)
Memory usage before initialization: 1623.11328125 MiB (Increase: 0.0 MiB)
Memory usage after initialization: 1623.11328125 MiB (Increase: 0.0 MiB)
Current lengths of episodes: [90]
Memory usage at done (index 0, length 90, since_prev 90): 1623.11328125 MiB (Increase: 0.0 MiB)
Memory usage before reset: 1623.11328125 MiB (Increase: 0.0 MiB)
Memory usage after reset: 1623.11328125 MiB (Increase: 0.0 MiB)
Training episode 602
Memory usage at middle: 1623.11328125 MiB (Increase: 0.0 MiB)
Memory usage before collect: 1623.11328125 MiB (Increase: 0.0 MiB)
Memory usage after collect: 1623.11328125 MiB (Increase: 0.0 MiB)
Memory usage before initialization: 1623.11328125 MiB (Increase: 0.0 MiB)
Memory usage after initialization: 1623.11328125 MiB (Increase: 0.0 MiB)
Current lengths of episodes: [306]
Memory usage at done (index 0, length 306, since_prev 306): 1623.11328125 MiB (Increase: 0.0 MiB)
Memory usage before reset: 1623.11328125 MiB (Increase: 0.0 MiB)
Memory usage after reset: 1623.11328125 MiB (Increase: 0.0 MiB)
Training episode 603
Memory usage at middle: 1623.11328125 MiB (Increase: 0.0 MiB)
Memory usage before collect: 1623.11328125 MiB (Increase: 0.0 MiB)
Memory usage after collect: 1623.11328125 MiB (Increase: 0.0 MiB)
Memory usage before initialization: 1623.11328125 MiB (Increase: 0.0 MiB)
Memory usage after initialization: 1623.11328125 MiB (Increase: 0.0 MiB)
Current lengths of episodes: [1600]
Memory usage at done (index 0, length 1600, since_prev 1600): 1623.11328125 MiB (Increase: 0.0 MiB)
Memory usage before reset: 1623.11328125 MiB (Increase: 0.0 MiB)
Memory usage after reset: 1623.11328125 MiB (Increase: 0.0 MiB)
Training episode 604
Memory usage at middle: 1623.11328125 MiB (Increase: 0.0 MiB)
Memory usage before collect: 1623.11328125 MiB (Increase: 0.0 MiB)
Memory usage after collect: 1623.11328125 MiB (Increase: 0.0 MiB)
Memory usage before initialization: 1623.11328125 MiB (Increase: 0.0 MiB)
Memory usage after initialization: 1623.11328125 MiB (Increase: 0.0 MiB)
Current lengths of episodes: [65]
Memory usage at done (index 0, length 65, since_prev 65): 1623.11328125 MiB (Increase: 0.0 MiB)
Memory usage before reset: 1623.11328125 MiB (Increase: 0.0 MiB)
Memory usage after reset: 1623.11328125 MiB (Increase: 0.0 MiB)
Training episode 605
Memory usage at middle: 1623.11328125 MiB (Increase: 0.0 MiB)
Memory usage before collect: 1623.11328125 MiB (Increase: 0.0 MiB)
Memory usage after collect: 1623.11328125 MiB (Increase: 0.0 MiB)
Memory usage before initialization: 1623.11328125 MiB (Increase: 0.0 MiB)
Memory usage after initialization: 1623.11328125 MiB (Increase: 0.0 MiB)
Current lengths of episodes: [1600]
Memory usage at done (index 0, length 1600, since_prev 1600): 1623.11328125 MiB (Increase: 0.0 MiB)
Memory usage before reset: 1623.11328125 MiB (Increase: 0.0 MiB)
Memory usage after reset: 1623.11328125 MiB (Increase: 0.0 MiB)
Training episode 606
Memory usage at middle: 1623.11328125 MiB (Increase: 0.0 MiB)
Memory usage before collect: 1623.11328125 MiB (Increase: 0.0 MiB)
Memory usage after collect: 1623.11328125 MiB (Increase: 0.0 MiB)
Memory usage before initialization: 1623.11328125 MiB (Increase: 0.0 MiB)
Memory usage after initialization: 1623.11328125 MiB (Increase: 0.0 MiB)
Current lengths of episodes: [81]
Memory usage at done (index 0, length 81, since_prev 81): 1623.11328125 MiB (Increase: 0.0 MiB)
Memory usage before reset: 1623.11328125 MiB (Increase: 0.0 MiB)
Memory usage after reset: 1623.11328125 MiB (Increase: 0.0 MiB)
Training episode 607
Memory usage at middle: 1623.11328125 MiB (Increase: 0.0 MiB)
Memory usage before collect: 1623.11328125 MiB (Increase: 0.0 MiB)
Memory usage after collect: 1623.11328125 MiB (Increase: 0.0 MiB)
Memory usage before initialization: 1623.11328125 MiB (Increase: 0.0 MiB)
Memory usage after initialization: 1623.11328125 MiB (Increase: 0.0 MiB)
Current lengths of episodes: [242]
Memory usage at done (index 0, length 242, since_prev 242): 1623.11328125 MiB (Increase: 0.0 MiB)
Memory usage before reset: 1623.11328125 MiB (Increase: 0.0 MiB)
Memory usage after reset: 1623.11328125 MiB (Increase: 0.0 MiB)
Training episode 608
Memory usage at middle: 1623.11328125 MiB (Increase: 0.0 MiB)
Memory usage before collect: 1623.11328125 MiB (Increase: 0.0 MiB)
Memory usage after collect: 1623.11328125 MiB (Increase: 0.0 MiB)
Memory usage before initialization: 1623.11328125 MiB (Increase: 0.0 MiB)
Memory usage after initialization: 1623.11328125 MiB (Increase: 0.0 MiB)
Current lengths of episodes: [1600]
Memory usage at done (index 0, length 1600, since_prev 1600): 1623.11328125 MiB (Increase: 0.0 MiB)
Memory usage before reset: 1623.11328125 MiB (Increase: 0.0 MiB)
Memory usage after reset: 1623.11328125 MiB (Increase: 0.0 MiB)
Training episode 609
Memory usage at middle: 1623.11328125 MiB (Increase: 0.0 MiB)
Memory usage before collect: 1623.11328125 MiB (Increase: 0.0 MiB)
Memory usage after collect: 1623.11328125 MiB (Increase: 0.0 MiB)
Memory usage before initialization: 1623.11328125 MiB (Increase: 0.0 MiB)
Memory usage after initialization: 1623.11328125 MiB (Increase: 0.0 MiB)
Current lengths of episodes: [74]
Memory usage at done (index 0, length 74, since_prev 74): 1623.11328125 MiB (Increase: 0.0 MiB)
Memory usage before reset: 1623.11328125 MiB (Increase: 0.0 MiB)
Memory usage after reset: 1623.11328125 MiB (Increase: 0.0 MiB)
Training episode 610
Memory usage at middle: 1623.11328125 MiB (Increase: 0.0 MiB)
Memory usage before collect: 1623.11328125 MiB (Increase: 0.0 MiB)
Memory usage after collect: 1623.11328125 MiB (Increase: 0.0 MiB)
Memory usage before initialization: 1623.11328125 MiB (Increase: 0.0 MiB)
Memory usage after initialization: 1623.11328125 MiB (Increase: 0.0 MiB)
Current lengths of episodes: [180]
Memory usage at done (index 0, length 180, since_prev 180): 1623.11328125 MiB (Increase: 0.0 MiB)
Memory usage before reset: 1623.11328125 MiB (Increase: 0.0 MiB)
Memory usage after reset: 1623.11328125 MiB (Increase: 0.0 MiB)
Training episode 611
Memory usage at middle: 1623.11328125 MiB (Increase: 0.0 MiB)
Memory usage before collect: 1623.11328125 MiB (Increase: 0.0 MiB)
Memory usage after collect: 1623.11328125 MiB (Increase: 0.0 MiB)
Memory usage before initialization: 1623.11328125 MiB (Increase: 0.0 MiB)
Memory usage after initialization: 1623.11328125 MiB (Increase: 0.0 MiB)
Current lengths of episodes: [56]
Memory usage at done (index 0, length 56, since_prev 56): 1623.11328125 MiB (Increase: 0.0 MiB)
Memory usage before reset: 1623.11328125 MiB (Increase: 0.0 MiB)
Memory usage after reset: 1623.11328125 MiB (Increase: 0.0 MiB)
Training episode 612
Memory usage at middle: 1623.11328125 MiB (Increase: 0.0 MiB)
Memory usage before collect: 1623.11328125 MiB (Increase: 0.0 MiB)
Memory usage after collect: 1623.11328125 MiB (Increase: 0.0 MiB)
Memory usage before initialization: 1623.11328125 MiB (Increase: 0.0 MiB)
Memory usage after initialization: 1623.11328125 MiB (Increase: 0.0 MiB)
Current lengths of episodes: [1600]
Memory usage at done (index 0, length 1600, since_prev 1600): 1623.11328125 MiB (Increase: 0.0 MiB)
Memory usage before reset: 1623.11328125 MiB (Increase: 0.0 MiB)
Memory usage after reset: 1623.11328125 MiB (Increase: 0.0 MiB)
Training episode 613
Memory usage at middle: 1623.11328125 MiB (Increase: 0.0 MiB)
Memory usage before collect: 1623.11328125 MiB (Increase: 0.0 MiB)
Memory usage after collect: 1623.11328125 MiB (Increase: 0.0 MiB)
Memory usage before initialization: 1623.11328125 MiB (Increase: 0.0 MiB)
Memory usage after initialization: 1623.11328125 MiB (Increase: 0.0 MiB)
Current lengths of episodes: [75]
Memory usage at done (index 0, length 75, since_prev 75): 1623.11328125 MiB (Increase: 0.0 MiB)
Memory usage before reset: 1623.11328125 MiB (Increase: 0.0 MiB)
Memory usage after reset: 1623.11328125 MiB (Increase: 0.0 MiB)
Training episode 614
Memory usage at middle: 1623.11328125 MiB (Increase: 0.0 MiB)
Memory usage before collect: 1623.11328125 MiB (Increase: 0.0 MiB)
Memory usage after collect: 1623.11328125 MiB (Increase: 0.0 MiB)
Memory usage before initialization: 1623.11328125 MiB (Increase: 0.0 MiB)
Memory usage after initialization: 1623.11328125 MiB (Increase: 0.0 MiB)
Current lengths of episodes: [50]
Memory usage at done (index 0, length 50, since_prev 50): 1623.11328125 MiB (Increase: 0.0 MiB)
Memory usage before reset: 1623.11328125 MiB (Increase: 0.0 MiB)
Memory usage after reset: 1623.11328125 MiB (Increase: 0.0 MiB)
Training episode 615
Memory usage at middle: 1623.11328125 MiB (Increase: 0.0 MiB)
Memory usage before collect: 1623.11328125 MiB (Increase: 0.0 MiB)
Memory usage after collect: 1623.11328125 MiB (Increase: 0.0 MiB)
Memory usage before initialization: 1623.11328125 MiB (Increase: 0.0 MiB)
Memory usage after initialization: 1623.11328125 MiB (Increase: 0.0 MiB)
Current lengths of episodes: [1600]
Memory usage at done (index 0, length 1600, since_prev 1600): 1623.11328125 MiB (Increase: 0.0 MiB)
Memory usage before reset: 1623.11328125 MiB (Increase: 0.0 MiB)
Memory usage after reset: 1623.11328125 MiB (Increase: 0.0 MiB)
Training episode 616
Memory usage at middle: 1623.11328125 MiB (Increase: 0.0 MiB)
Memory usage before collect: 1623.11328125 MiB (Increase: 0.0 MiB)
Memory usage after collect: 1623.11328125 MiB (Increase: 0.0 MiB)
Memory usage before initialization: 1623.11328125 MiB (Increase: 0.0 MiB)
Memory usage after initialization: 1623.11328125 MiB (Increase: 0.0 MiB)
Current lengths of episodes: [42]
Memory usage at done (index 0, length 42, since_prev 42): 1623.11328125 MiB (Increase: 0.0 MiB)
Memory usage before reset: 1623.11328125 MiB (Increase: 0.0 MiB)
Memory usage after reset: 1623.11328125 MiB (Increase: 0.0 MiB)
Training episode 617
Memory usage at middle: 1623.11328125 MiB (Increase: 0.0 MiB)
Memory usage before collect: 1623.11328125 MiB (Increase: 0.0 MiB)
Memory usage after collect: 1623.11328125 MiB (Increase: 0.0 MiB)
Memory usage before initialization: 1623.11328125 MiB (Increase: 0.0 MiB)
Memory usage after initialization: 1623.11328125 MiB (Increase: 0.0 MiB)
Current lengths of episodes: [1600]
Memory usage at done (index 0, length 1600, since_prev 1600): 1623.11328125 MiB (Increase: 0.0 MiB)
Memory usage before reset: 1623.11328125 MiB (Increase: 0.0 MiB)
Memory usage after reset: 1623.11328125 MiB (Increase: 0.0 MiB)
Training episode 618
Memory usage at middle: 1623.11328125 MiB (Increase: 0.0 MiB)
Memory usage before collect: 1623.11328125 MiB (Increase: 0.0 MiB)
Memory usage after collect: 1623.11328125 MiB (Increase: 0.0 MiB)
Memory usage before initialization: 1623.11328125 MiB (Increase: 0.0 MiB)
Memory usage after initialization: 1623.11328125 MiB (Increase: 0.0 MiB)
Current lengths of episodes: [1600]
Memory usage at done (index 0, length 1600, since_prev 1600): 1623.11328125 MiB (Increase: 0.0 MiB)
Memory usage before reset: 1623.11328125 MiB (Increase: 0.0 MiB)
Memory usage after reset: 1623.11328125 MiB (Increase: 0.0 MiB)
Training episode 619
Memory usage at middle: 1623.11328125 MiB (Increase: 0.0 MiB)
Memory usage before collect: 1623.11328125 MiB (Increase: 0.0 MiB)
Memory usage after collect: 1623.11328125 MiB (Increase: 0.0 MiB)
Memory usage before initialization: 1623.11328125 MiB (Increase: 0.0 MiB)
Memory usage after initialization: 1623.11328125 MiB (Increase: 0.0 MiB)
Current lengths of episodes: [62]
Memory usage at done (index 0, length 62, since_prev 62): 1623.11328125 MiB (Increase: 0.0 MiB)
Memory usage before reset: 1623.11328125 MiB (Increase: 0.0 MiB)
Memory usage after reset: 1623.11328125 MiB (Increase: 0.0 MiB)
Training episode 620
Memory usage at middle: 1623.11328125 MiB (Increase: 0.0 MiB)
Memory usage before collect: 1623.11328125 MiB (Increase: 0.0 MiB)
Memory usage after collect: 1623.11328125 MiB (Increase: 0.0 MiB)
Memory usage before initialization: 1623.11328125 MiB (Increase: 0.0 MiB)
Memory usage after initialization: 1623.11328125 MiB (Increase: 0.0 MiB)
Current lengths of episodes: [90]
Memory usage at done (index 0, length 90, since_prev 90): 1623.11328125 MiB (Increase: 0.0 MiB)
Memory usage before reset: 1623.11328125 MiB (Increase: 0.0 MiB)
Memory usage after reset: 1623.11328125 MiB (Increase: 0.0 MiB)
Training episode 621
Memory usage at middle: 1623.11328125 MiB (Increase: 0.0 MiB)
Memory usage before collect: 1623.11328125 MiB (Increase: 0.0 MiB)
Memory usage after collect: 1623.11328125 MiB (Increase: 0.0 MiB)
Memory usage before initialization: 1623.11328125 MiB (Increase: 0.0 MiB)
Memory usage after initialization: 1623.11328125 MiB (Increase: 0.0 MiB)
Current lengths of episodes: [1600]
Memory usage at done (index 0, length 1600, since_prev 1600): 1623.11328125 MiB (Increase: 0.0 MiB)
Memory usage before reset: 1623.11328125 MiB (Increase: 0.0 MiB)
Memory usage after reset: 1623.11328125 MiB (Increase: 0.0 MiB)
Training episode 622
Memory usage at middle: 1623.11328125 MiB (Increase: 0.0 MiB)
Memory usage before collect: 1623.11328125 MiB (Increase: 0.0 MiB)
Memory usage after collect: 1623.11328125 MiB (Increase: 0.0 MiB)
Memory usage before initialization: 1623.11328125 MiB (Increase: 0.0 MiB)
Memory usage after initialization: 1623.11328125 MiB (Increase: 0.0 MiB)
Current lengths of episodes: [1600]
Memory usage at done (index 0, length 1600, since_prev 1600): 1623.11328125 MiB (Increase: 0.0 MiB)
Memory usage before reset: 1623.11328125 MiB (Increase: 0.0 MiB)
Memory usage after reset: 1623.11328125 MiB (Increase: 0.0 MiB)
Training episode 623
Memory usage at middle: 1623.11328125 MiB (Increase: 0.0 MiB)
Memory usage before collect: 1623.11328125 MiB (Increase: 0.0 MiB)
Memory usage after collect: 1623.11328125 MiB (Increase: 0.0 MiB)
Memory usage before initialization: 1623.11328125 MiB (Increase: 0.0 MiB)
Memory usage after initialization: 1623.11328125 MiB (Increase: 0.0 MiB)
Current lengths of episodes: [1600]
Memory usage at done (index 0, length 1600, since_prev 1600): 1623.11328125 MiB (Increase: 0.0 MiB)
Memory usage before reset: 1623.11328125 MiB (Increase: 0.0 MiB)
Memory usage after reset: 1623.11328125 MiB (Increase: 0.0 MiB)
Training episode 624
Memory usage at middle: 1623.11328125 MiB (Increase: 0.0 MiB)
Memory usage before collect: 1623.11328125 MiB (Increase: 0.0 MiB)
Memory usage after collect: 1623.11328125 MiB (Increase: 0.0 MiB)
Memory usage before initialization: 1623.11328125 MiB (Increase: 0.0 MiB)
Memory usage after initialization: 1623.11328125 MiB (Increase: 0.0 MiB)
Current lengths of episodes: [72]
Memory usage at done (index 0, length 72, since_prev 72): 1623.11328125 MiB (Increase: 0.0 MiB)
Memory usage before reset: 1623.11328125 MiB (Increase: 0.0 MiB)
Memory usage after reset: 1623.11328125 MiB (Increase: 0.0 MiB)
Training episode 625
Memory usage at middle: 1623.11328125 MiB (Increase: 0.0 MiB)
Memory usage before collect: 1623.11328125 MiB (Increase: 0.0 MiB)
Memory usage after collect: 1623.11328125 MiB (Increase: 0.0 MiB)
Memory usage before initialization: 1623.11328125 MiB (Increase: 0.0 MiB)
Memory usage after initialization: 1623.11328125 MiB (Increase: 0.0 MiB)
Current lengths of episodes: [1600]
Memory usage at done (index 0, length 1600, since_prev 1600): 1623.11328125 MiB (Increase: 0.0 MiB)
Memory usage before reset: 1623.11328125 MiB (Increase: 0.0 MiB)
Memory usage after reset: 1623.11328125 MiB (Increase: 0.0 MiB)
Training episode 626
Memory usage at middle: 1623.11328125 MiB (Increase: 0.0 MiB)
Memory usage before collect: 1623.11328125 MiB (Increase: 0.0 MiB)
Memory usage after collect: 1623.11328125 MiB (Increase: 0.0 MiB)
Memory usage before initialization: 1623.11328125 MiB (Increase: 0.0 MiB)
Memory usage after initialization: 1623.11328125 MiB (Increase: 0.0 MiB)
Current lengths of episodes: [59]
Memory usage at done (index 0, length 59, since_prev 59): 1623.11328125 MiB (Increase: 0.0 MiB)
Memory usage before reset: 1623.11328125 MiB (Increase: 0.0 MiB)
Memory usage after reset: 1623.11328125 MiB (Increase: 0.0 MiB)
Training episode 627
Memory usage at middle: 1623.11328125 MiB (Increase: 0.0 MiB)
Memory usage before collect: 1623.11328125 MiB (Increase: 0.0 MiB)
Memory usage after collect: 1623.11328125 MiB (Increase: 0.0 MiB)
Memory usage before initialization: 1623.11328125 MiB (Increase: 0.0 MiB)
Memory usage after initialization: 1623.11328125 MiB (Increase: 0.0 MiB)
Current lengths of episodes: [1600]
Memory usage at done (index 0, length 1600, since_prev 1600): 1623.11328125 MiB (Increase: 0.0 MiB)
Memory usage before reset: 1623.11328125 MiB (Increase: 0.0 MiB)
Memory usage after reset: 1623.11328125 MiB (Increase: 0.0 MiB)
Training episode 628
Memory usage at middle: 1623.11328125 MiB (Increase: 0.0 MiB)
Memory usage before collect: 1623.11328125 MiB (Increase: 0.0 MiB)
Memory usage after collect: 1623.11328125 MiB (Increase: 0.0 MiB)
Memory usage before initialization: 1623.11328125 MiB (Increase: 0.0 MiB)
Memory usage after initialization: 1623.11328125 MiB (Increase: 0.0 MiB)
Current lengths of episodes: [1600]
Memory usage at done (index 0, length 1600, since_prev 1600): 1623.11328125 MiB (Increase: 0.0 MiB)
Memory usage before reset: 1623.11328125 MiB (Increase: 0.0 MiB)
Memory usage after reset: 1623.11328125 MiB (Increase: 0.0 MiB)
Training episode 629
Memory usage at middle: 1623.11328125 MiB (Increase: 0.0 MiB)
Memory usage before collect: 1623.11328125 MiB (Increase: 0.0 MiB)
Memory usage after collect: 1623.11328125 MiB (Increase: 0.0 MiB)
Memory usage before initialization: 1623.11328125 MiB (Increase: 0.0 MiB)
Memory usage after initialization: 1623.11328125 MiB (Increase: 0.0 MiB)
Current lengths of episodes: [1600]
Memory usage at done (index 0, length 1600, since_prev 1600): 1623.11328125 MiB (Increase: 0.0 MiB)
Memory usage before reset: 1623.11328125 MiB (Increase: 0.0 MiB)
Memory usage after reset: 1623.11328125 MiB (Increase: 0.0 MiB)
Training episode 630
Memory usage at middle: 1623.11328125 MiB (Increase: 0.0 MiB)
Memory usage before collect: 1623.11328125 MiB (Increase: 0.0 MiB)
Memory usage after collect: 1623.11328125 MiB (Increase: 0.0 MiB)
Memory usage before initialization: 1623.11328125 MiB (Increase: 0.0 MiB)
Memory usage after initialization: 1623.11328125 MiB (Increase: 0.0 MiB)
Current lengths of episodes: [72]
Memory usage at done (index 0, length 72, since_prev 72): 1623.11328125 MiB (Increase: 0.0 MiB)
Memory usage before reset: 1623.11328125 MiB (Increase: 0.0 MiB)
Memory usage after reset: 1623.11328125 MiB (Increase: 0.0 MiB)
Training episode 631
Memory usage at middle: 1623.11328125 MiB (Increase: 0.0 MiB)
Memory usage before collect: 1623.11328125 MiB (Increase: 0.0 MiB)
Memory usage after collect: 1623.11328125 MiB (Increase: 0.0 MiB)
Memory usage before initialization: 1623.11328125 MiB (Increase: 0.0 MiB)
Memory usage after initialization: 1623.11328125 MiB (Increase: 0.0 MiB)
Current lengths of episodes: [48]
Memory usage at done (index 0, length 48, since_prev 48): 1623.11328125 MiB (Increase: 0.0 MiB)
Memory usage before reset: 1623.11328125 MiB (Increase: 0.0 MiB)
Memory usage after reset: 1623.11328125 MiB (Increase: 0.0 MiB)
Training episode 632
Memory usage at middle: 1623.11328125 MiB (Increase: 0.0 MiB)
Memory usage before collect: 1623.11328125 MiB (Increase: 0.0 MiB)
Memory usage after collect: 1623.11328125 MiB (Increase: 0.0 MiB)
Memory usage before initialization: 1623.11328125 MiB (Increase: 0.0 MiB)
Memory usage after initialization: 1623.11328125 MiB (Increase: 0.0 MiB)
Current lengths of episodes: [1600]
Memory usage at done (index 0, length 1600, since_prev 1600): 1623.11328125 MiB (Increase: 0.0 MiB)
Memory usage before reset: 1623.11328125 MiB (Increase: 0.0 MiB)
Memory usage after reset: 1623.11328125 MiB (Increase: 0.0 MiB)
Training episode 633
Memory usage at middle: 1623.11328125 MiB (Increase: 0.0 MiB)
Memory usage before collect: 1623.11328125 MiB (Increase: 0.0 MiB)
Memory usage after collect: 1623.11328125 MiB (Increase: 0.0 MiB)
Memory usage before initialization: 1623.11328125 MiB (Increase: 0.0 MiB)
Memory usage after initialization: 1623.11328125 MiB (Increase: 0.0 MiB)
Current lengths of episodes: [56]
Memory usage at done (index 0, length 56, since_prev 56): 1623.11328125 MiB (Increase: 0.0 MiB)
Memory usage before reset: 1623.11328125 MiB (Increase: 0.0 MiB)
Memory usage after reset: 1623.11328125 MiB (Increase: 0.0 MiB)
Training episode 634
Memory usage at middle: 1623.11328125 MiB (Increase: 0.0 MiB)
Memory usage before collect: 1623.11328125 MiB (Increase: 0.0 MiB)
Memory usage after collect: 1623.11328125 MiB (Increase: 0.0 MiB)
Memory usage before initialization: 1623.11328125 MiB (Increase: 0.0 MiB)
Memory usage after initialization: 1623.11328125 MiB (Increase: 0.0 MiB)
Current lengths of episodes: [1600]
Memory usage at done (index 0, length 1600, since_prev 1600): 1623.11328125 MiB (Increase: 0.0 MiB)
Memory usage before reset: 1623.11328125 MiB (Increase: 0.0 MiB)
Memory usage after reset: 1623.11328125 MiB (Increase: 0.0 MiB)
Training episode 635
Memory usage at middle: 1623.11328125 MiB (Increase: 0.0 MiB)
Memory usage before collect: 1623.11328125 MiB (Increase: 0.0 MiB)
Memory usage after collect: 1623.11328125 MiB (Increase: 0.0 MiB)
Memory usage before initialization: 1623.11328125 MiB (Increase: 0.0 MiB)
Memory usage after initialization: 1623.11328125 MiB (Increase: 0.0 MiB)
Current lengths of episodes: [94]
Memory usage at done (index 0, length 94, since_prev 94): 1623.11328125 MiB (Increase: 0.0 MiB)
Memory usage before reset: 1623.11328125 MiB (Increase: 0.0 MiB)
Memory usage after reset: 1623.11328125 MiB (Increase: 0.0 MiB)
Training episode 636
Memory usage at middle: 1623.11328125 MiB (Increase: 0.0 MiB)
Memory usage before collect: 1623.11328125 MiB (Increase: 0.0 MiB)
Memory usage after collect: 1623.11328125 MiB (Increase: 0.0 MiB)
Memory usage before initialization: 1623.11328125 MiB (Increase: 0.0 MiB)
Memory usage after initialization: 1623.11328125 MiB (Increase: 0.0 MiB)
Current lengths of episodes: [1600]
Memory usage at done (index 0, length 1600, since_prev 1600): 1623.11328125 MiB (Increase: 0.0 MiB)
Memory usage before reset: 1623.11328125 MiB (Increase: 0.0 MiB)
Memory usage after reset: 1623.11328125 MiB (Increase: 0.0 MiB)
Training episode 637
Memory usage at middle: 1623.11328125 MiB (Increase: 0.0 MiB)
Memory usage before collect: 1623.11328125 MiB (Increase: 0.0 MiB)
Memory usage after collect: 1623.11328125 MiB (Increase: 0.0 MiB)
Memory usage before initialization: 1623.11328125 MiB (Increase: 0.0 MiB)
Memory usage after initialization: 1623.11328125 MiB (Increase: 0.0 MiB)
Current lengths of episodes: [50]
Memory usage at done (index 0, length 50, since_prev 50): 1623.11328125 MiB (Increase: 0.0 MiB)
Memory usage before reset: 1623.11328125 MiB (Increase: 0.0 MiB)
Memory usage after reset: 1623.11328125 MiB (Increase: 0.0 MiB)
Training episode 638
Memory usage at middle: 1623.11328125 MiB (Increase: 0.0 MiB)
Memory usage before collect: 1623.11328125 MiB (Increase: 0.0 MiB)
Memory usage after collect: 1623.11328125 MiB (Increase: 0.0 MiB)
Memory usage before initialization: 1623.11328125 MiB (Increase: 0.0 MiB)
Memory usage after initialization: 1623.11328125 MiB (Increase: 0.0 MiB)
Current lengths of episodes: [1600]
Memory usage at done (index 0, length 1600, since_prev 1600): 1623.11328125 MiB (Increase: 0.0 MiB)
Memory usage before reset: 1623.11328125 MiB (Increase: 0.0 MiB)
Memory usage after reset: 1623.11328125 MiB (Increase: 0.0 MiB)
Training episode 639
Memory usage at middle: 1623.11328125 MiB (Increase: 0.0 MiB)
Memory usage before collect: 1623.11328125 MiB (Increase: 0.0 MiB)
Memory usage after collect: 1623.11328125 MiB (Increase: 0.0 MiB)
Memory usage before initialization: 1623.11328125 MiB (Increase: 0.0 MiB)
Memory usage after initialization: 1623.11328125 MiB (Increase: 0.0 MiB)
Current lengths of episodes: [1600]
Memory usage at done (index 0, length 1600, since_prev 1600): 1623.11328125 MiB (Increase: 0.0 MiB)
Memory usage before reset: 1623.11328125 MiB (Increase: 0.0 MiB)
Memory usage after reset: 1623.11328125 MiB (Increase: 0.0 MiB)
Training episode 640
Memory usage at middle: 1623.11328125 MiB (Increase: 0.0 MiB)
Memory usage before collect: 1623.11328125 MiB (Increase: 0.0 MiB)
Memory usage after collect: 1623.11328125 MiB (Increase: 0.0 MiB)
Memory usage before initialization: 1623.11328125 MiB (Increase: 0.0 MiB)
Memory usage after initialization: 1623.11328125 MiB (Increase: 0.0 MiB)
Current lengths of episodes: [54]
Memory usage at done (index 0, length 54, since_prev 54): 1623.11328125 MiB (Increase: 0.0 MiB)
Memory usage before reset: 1623.11328125 MiB (Increase: 0.0 MiB)
Memory usage after reset: 1623.11328125 MiB (Increase: 0.0 MiB)
Training episode 641
Memory usage at middle: 1623.11328125 MiB (Increase: 0.0 MiB)
Memory usage before collect: 1623.11328125 MiB (Increase: 0.0 MiB)
Memory usage after collect: 1623.11328125 MiB (Increase: 0.0 MiB)
Memory usage before initialization: 1623.11328125 MiB (Increase: 0.0 MiB)
Memory usage after initialization: 1623.11328125 MiB (Increase: 0.0 MiB)
Current lengths of episodes: [68]
Memory usage at done (index 0, length 68, since_prev 68): 1623.11328125 MiB (Increase: 0.0 MiB)
Memory usage before reset: 1623.11328125 MiB (Increase: 0.0 MiB)
Memory usage after reset: 1623.11328125 MiB (Increase: 0.0 MiB)
Training episode 642
Memory usage at middle: 1623.11328125 MiB (Increase: 0.0 MiB)
Memory usage before collect: 1623.11328125 MiB (Increase: 0.0 MiB)
Memory usage after collect: 1623.11328125 MiB (Increase: 0.0 MiB)
Memory usage before initialization: 1623.11328125 MiB (Increase: 0.0 MiB)
Memory usage after initialization: 1623.11328125 MiB (Increase: 0.0 MiB)
Current lengths of episodes: [1600]
Memory usage at done (index 0, length 1600, since_prev 1600): 1623.11328125 MiB (Increase: 0.0 MiB)
Memory usage before reset: 1623.11328125 MiB (Increase: 0.0 MiB)
Memory usage after reset: 1623.11328125 MiB (Increase: 0.0 MiB)
Training episode 643
Memory usage at middle: 1623.11328125 MiB (Increase: 0.0 MiB)
Memory usage before collect: 1623.11328125 MiB (Increase: 0.0 MiB)
Memory usage after collect: 1623.11328125 MiB (Increase: 0.0 MiB)
Memory usage before initialization: 1623.11328125 MiB (Increase: 0.0 MiB)
Memory usage after initialization: 1623.11328125 MiB (Increase: 0.0 MiB)
Current lengths of episodes: [1600]
Memory usage at done (index 0, length 1600, since_prev 1600): 1623.11328125 MiB (Increase: 0.0 MiB)
Memory usage before reset: 1623.11328125 MiB (Increase: 0.0 MiB)
Memory usage after reset: 1623.11328125 MiB (Increase: 0.0 MiB)
Training episode 644
Memory usage at middle: 1623.11328125 MiB (Increase: 0.0 MiB)
Memory usage before collect: 1623.11328125 MiB (Increase: 0.0 MiB)
Memory usage after collect: 1623.11328125 MiB (Increase: 0.0 MiB)
Memory usage before initialization: 1623.11328125 MiB (Increase: 0.0 MiB)
Memory usage after initialization: 1623.11328125 MiB (Increase: 0.0 MiB)
Current lengths of episodes: [93]
Memory usage at done (index 0, length 93, since_prev 93): 1623.11328125 MiB (Increase: 0.0 MiB)
Memory usage before reset: 1623.11328125 MiB (Increase: 0.0 MiB)
Memory usage after reset: 1623.11328125 MiB (Increase: 0.0 MiB)
Training episode 645
Memory usage at middle: 1623.11328125 MiB (Increase: 0.0 MiB)
Memory usage before collect: 1623.11328125 MiB (Increase: 0.0 MiB)
Memory usage after collect: 1623.11328125 MiB (Increase: 0.0 MiB)
Memory usage before initialization: 1623.11328125 MiB (Increase: 0.0 MiB)
Memory usage after initialization: 1623.11328125 MiB (Increase: 0.0 MiB)
Current lengths of episodes: [73]
Memory usage at done (index 0, length 73, since_prev 73): 1623.11328125 MiB (Increase: 0.0 MiB)
Memory usage before reset: 1623.11328125 MiB (Increase: 0.0 MiB)
Memory usage after reset: 1623.11328125 MiB (Increase: 0.0 MiB)
Training episode 646
Memory usage at middle: 1623.11328125 MiB (Increase: 0.0 MiB)
Memory usage before collect: 1623.11328125 MiB (Increase: 0.0 MiB)
Memory usage after collect: 1623.11328125 MiB (Increase: 0.0 MiB)
Memory usage before initialization: 1623.11328125 MiB (Increase: 0.0 MiB)
Memory usage after initialization: 1623.11328125 MiB (Increase: 0.0 MiB)
Current lengths of episodes: [112]
Memory usage at done (index 0, length 112, since_prev 112): 1623.11328125 MiB (Increase: 0.0 MiB)
Memory usage before reset: 1623.11328125 MiB (Increase: 0.0 MiB)
Memory usage after reset: 1623.11328125 MiB (Increase: 0.0 MiB)
Training episode 647
Memory usage at middle: 1623.11328125 MiB (Increase: 0.0 MiB)
Memory usage before collect: 1623.11328125 MiB (Increase: 0.0 MiB)
Memory usage after collect: 1623.11328125 MiB (Increase: 0.0 MiB)
Memory usage before initialization: 1623.11328125 MiB (Increase: 0.0 MiB)
Memory usage after initialization: 1623.11328125 MiB (Increase: 0.0 MiB)
Current lengths of episodes: [64]
Memory usage at done (index 0, length 64, since_prev 64): 1623.11328125 MiB (Increase: 0.0 MiB)
Memory usage before reset: 1623.11328125 MiB (Increase: 0.0 MiB)
Memory usage after reset: 1623.11328125 MiB (Increase: 0.0 MiB)
Training episode 648
Memory usage at middle: 1623.11328125 MiB (Increase: 0.0 MiB)
Memory usage before collect: 1623.11328125 MiB (Increase: 0.0 MiB)
Memory usage after collect: 1623.11328125 MiB (Increase: 0.0 MiB)
Memory usage before initialization: 1623.11328125 MiB (Increase: 0.0 MiB)
Memory usage after initialization: 1623.11328125 MiB (Increase: 0.0 MiB)
Current lengths of episodes: [73]
Memory usage at done (index 0, length 73, since_prev 73): 1623.11328125 MiB (Increase: 0.0 MiB)
Memory usage before reset: 1623.11328125 MiB (Increase: 0.0 MiB)
Memory usage after reset: 1623.11328125 MiB (Increase: 0.0 MiB)
Training episode 649
Memory usage at middle: 1623.11328125 MiB (Increase: 0.0 MiB)
Memory usage before collect: 1623.11328125 MiB (Increase: 0.0 MiB)
Memory usage after collect: 1623.11328125 MiB (Increase: 0.0 MiB)
Memory usage before initialization: 1623.11328125 MiB (Increase: 0.0 MiB)
Memory usage after initialization: 1623.11328125 MiB (Increase: 0.0 MiB)
Current lengths of episodes: [68]
Memory usage at done (index 0, length 68, since_prev 68): 1623.11328125 MiB (Increase: 0.0 MiB)
Memory usage before reset: 1623.11328125 MiB (Increase: 0.0 MiB)
Memory usage after reset: 1623.11328125 MiB (Increase: 0.0 MiB)
Training episode 650
Memory usage at middle: 1623.11328125 MiB (Increase: 0.0 MiB)
Memory usage before collect: 1623.11328125 MiB (Increase: 0.0 MiB)
Memory usage after collect: 1623.11328125 MiB (Increase: 0.0 MiB)
Episode 650	Average evaluation: -28.98143773274627
Memory usage before initialization: 1623.11328125 MiB (Increase: 0.0 MiB)
Memory usage after initialization: 1623.11328125 MiB (Increase: 0.0 MiB)
Current lengths of episodes: [79]
Memory usage at done (index 0, length 79, since_prev 79): 1623.11328125 MiB (Increase: 0.0 MiB)
Memory usage before reset: 1623.11328125 MiB (Increase: 0.0 MiB)
Memory usage after reset: 1623.11328125 MiB (Increase: 0.0 MiB)
Training episode 651
Memory usage at middle: 1623.11328125 MiB (Increase: 0.0 MiB)
Memory usage before collect: 1623.11328125 MiB (Increase: 0.0 MiB)
Memory usage after collect: 1623.11328125 MiB (Increase: 0.0 MiB)
Memory usage before initialization: 1623.11328125 MiB (Increase: 0.0 MiB)
Memory usage after initialization: 1623.11328125 MiB (Increase: 0.0 MiB)
Current lengths of episodes: [63]
Memory usage at done (index 0, length 63, since_prev 63): 1623.11328125 MiB (Increase: 0.0 MiB)
Memory usage before reset: 1623.11328125 MiB (Increase: 0.0 MiB)
Memory usage after reset: 1623.11328125 MiB (Increase: 0.0 MiB)
Training episode 652
Memory usage at middle: 1623.11328125 MiB (Increase: 0.0 MiB)
Memory usage before collect: 1623.11328125 MiB (Increase: 0.0 MiB)
Memory usage after collect: 1623.11328125 MiB (Increase: 0.0 MiB)
Memory usage before initialization: 1623.11328125 MiB (Increase: 0.0 MiB)
Memory usage after initialization: 1623.11328125 MiB (Increase: 0.0 MiB)
Current lengths of episodes: [1600]
Memory usage at done (index 0, length 1600, since_prev 1600): 1623.11328125 MiB (Increase: 0.0 MiB)
Memory usage before reset: 1623.11328125 MiB (Increase: 0.0 MiB)
Memory usage after reset: 1623.11328125 MiB (Increase: 0.0 MiB)
Training episode 653
Memory usage at middle: 1623.11328125 MiB (Increase: 0.0 MiB)
Memory usage before collect: 1623.11328125 MiB (Increase: 0.0 MiB)
Memory usage after collect: 1623.11328125 MiB (Increase: 0.0 MiB)
Memory usage before initialization: 1623.11328125 MiB (Increase: 0.0 MiB)
Memory usage after initialization: 1623.11328125 MiB (Increase: 0.0 MiB)
Current lengths of episodes: [1600]
Memory usage at done (index 0, length 1600, since_prev 1600): 1623.11328125 MiB (Increase: 0.0 MiB)
Memory usage before reset: 1623.11328125 MiB (Increase: 0.0 MiB)
Memory usage after reset: 1623.11328125 MiB (Increase: 0.0 MiB)
Training episode 654
Memory usage at middle: 1623.11328125 MiB (Increase: 0.0 MiB)
Memory usage before collect: 1623.11328125 MiB (Increase: 0.0 MiB)
Memory usage after collect: 1623.11328125 MiB (Increase: 0.0 MiB)
Memory usage before initialization: 1623.11328125 MiB (Increase: 0.0 MiB)
Memory usage after initialization: 1623.11328125 MiB (Increase: 0.0 MiB)
Current lengths of episodes: [1600]
Memory usage at done (index 0, length 1600, since_prev 1600): 1623.11328125 MiB (Increase: 0.0 MiB)
Memory usage before reset: 1623.11328125 MiB (Increase: 0.0 MiB)
Memory usage after reset: 1623.11328125 MiB (Increase: 0.0 MiB)
Training episode 655
Memory usage at middle: 1623.11328125 MiB (Increase: 0.0 MiB)
Memory usage before collect: 1623.11328125 MiB (Increase: 0.0 MiB)
Memory usage after collect: 1623.11328125 MiB (Increase: 0.0 MiB)
Memory usage before initialization: 1623.11328125 MiB (Increase: 0.0 MiB)
Memory usage after initialization: 1623.11328125 MiB (Increase: 0.0 MiB)
Current lengths of episodes: [1600]
Memory usage at done (index 0, length 1600, since_prev 1600): 1623.11328125 MiB (Increase: 0.0 MiB)
Memory usage before reset: 1623.11328125 MiB (Increase: 0.0 MiB)
Memory usage after reset: 1623.11328125 MiB (Increase: 0.0 MiB)
Training episode 656
Memory usage at middle: 1623.11328125 MiB (Increase: 0.0 MiB)
Memory usage before collect: 1623.11328125 MiB (Increase: 0.0 MiB)
Memory usage after collect: 1623.11328125 MiB (Increase: 0.0 MiB)
Memory usage before initialization: 1623.11328125 MiB (Increase: 0.0 MiB)
Memory usage after initialization: 1623.11328125 MiB (Increase: 0.0 MiB)
Current lengths of episodes: [63]
Memory usage at done (index 0, length 63, since_prev 63): 1623.11328125 MiB (Increase: 0.0 MiB)
Memory usage before reset: 1623.11328125 MiB (Increase: 0.0 MiB)
Memory usage after reset: 1623.11328125 MiB (Increase: 0.0 MiB)
Training episode 657
Memory usage at middle: 1623.11328125 MiB (Increase: 0.0 MiB)
Memory usage before collect: 1623.11328125 MiB (Increase: 0.0 MiB)
Memory usage after collect: 1623.11328125 MiB (Increase: 0.0 MiB)
Memory usage before initialization: 1623.11328125 MiB (Increase: 0.0 MiB)
Memory usage after initialization: 1623.11328125 MiB (Increase: 0.0 MiB)
Current lengths of episodes: [1600]
Memory usage at done (index 0, length 1600, since_prev 1600): 1623.11328125 MiB (Increase: 0.0 MiB)
Memory usage before reset: 1623.11328125 MiB (Increase: 0.0 MiB)
Memory usage after reset: 1623.11328125 MiB (Increase: 0.0 MiB)
Training episode 658
Memory usage at middle: 1623.11328125 MiB (Increase: 0.0 MiB)
Memory usage before collect: 1623.11328125 MiB (Increase: 0.0 MiB)
Memory usage after collect: 1623.11328125 MiB (Increase: 0.0 MiB)
Memory usage before initialization: 1623.11328125 MiB (Increase: 0.0 MiB)
Memory usage after initialization: 1623.11328125 MiB (Increase: 0.0 MiB)
Current lengths of episodes: [49]
Memory usage at done (index 0, length 49, since_prev 49): 1623.11328125 MiB (Increase: 0.0 MiB)
Memory usage before reset: 1623.11328125 MiB (Increase: 0.0 MiB)
Memory usage after reset: 1623.11328125 MiB (Increase: 0.0 MiB)
Training episode 659
Memory usage at middle: 1623.11328125 MiB (Increase: 0.0 MiB)
Memory usage before collect: 1623.11328125 MiB (Increase: 0.0 MiB)
Memory usage after collect: 1623.11328125 MiB (Increase: 0.0 MiB)
Memory usage before initialization: 1623.11328125 MiB (Increase: 0.0 MiB)
Memory usage after initialization: 1623.11328125 MiB (Increase: 0.0 MiB)
Current lengths of episodes: [51]
Memory usage at done (index 0, length 51, since_prev 51): 1623.11328125 MiB (Increase: 0.0 MiB)
Memory usage before reset: 1623.11328125 MiB (Increase: 0.0 MiB)
Memory usage after reset: 1623.11328125 MiB (Increase: 0.0 MiB)
Training episode 660
Memory usage at middle: 1623.11328125 MiB (Increase: 0.0 MiB)
Memory usage before collect: 1623.11328125 MiB (Increase: 0.0 MiB)
Memory usage after collect: 1623.11328125 MiB (Increase: 0.0 MiB)
Memory usage before initialization: 1623.11328125 MiB (Increase: 0.0 MiB)
Memory usage after initialization: 1623.11328125 MiB (Increase: 0.0 MiB)
Current lengths of episodes: [1600]
Memory usage at done (index 0, length 1600, since_prev 1600): 1623.11328125 MiB (Increase: 0.0 MiB)
Memory usage before reset: 1623.11328125 MiB (Increase: 0.0 MiB)
Memory usage after reset: 1623.11328125 MiB (Increase: 0.0 MiB)
Training episode 661
Memory usage at middle: 1623.11328125 MiB (Increase: 0.0 MiB)
Memory usage before collect: 1623.11328125 MiB (Increase: 0.0 MiB)
Memory usage after collect: 1623.11328125 MiB (Increase: 0.0 MiB)
Memory usage before initialization: 1623.11328125 MiB (Increase: 0.0 MiB)
Memory usage after initialization: 1623.11328125 MiB (Increase: 0.0 MiB)
Current lengths of episodes: [55]
Memory usage at done (index 0, length 55, since_prev 55): 1623.11328125 MiB (Increase: 0.0 MiB)
Memory usage before reset: 1623.11328125 MiB (Increase: 0.0 MiB)
Memory usage after reset: 1623.11328125 MiB (Increase: 0.0 MiB)
Training episode 662
Memory usage at middle: 1623.11328125 MiB (Increase: 0.0 MiB)
Memory usage before collect: 1623.11328125 MiB (Increase: 0.0 MiB)
Memory usage after collect: 1623.11328125 MiB (Increase: 0.0 MiB)
Memory usage before initialization: 1623.11328125 MiB (Increase: 0.0 MiB)
Memory usage after initialization: 1623.11328125 MiB (Increase: 0.0 MiB)
Current lengths of episodes: [79]
Memory usage at done (index 0, length 79, since_prev 79): 1623.11328125 MiB (Increase: 0.0 MiB)
Memory usage before reset: 1623.11328125 MiB (Increase: 0.0 MiB)
Memory usage after reset: 1623.11328125 MiB (Increase: 0.0 MiB)
Training episode 663
Memory usage at middle: 1623.11328125 MiB (Increase: 0.0 MiB)
Memory usage before collect: 1623.11328125 MiB (Increase: 0.0 MiB)
Memory usage after collect: 1623.11328125 MiB (Increase: 0.0 MiB)
Memory usage before initialization: 1623.11328125 MiB (Increase: 0.0 MiB)
Memory usage after initialization: 1623.11328125 MiB (Increase: 0.0 MiB)
Current lengths of episodes: [147]
Memory usage at done (index 0, length 147, since_prev 147): 1623.11328125 MiB (Increase: 0.0 MiB)
Memory usage before reset: 1623.11328125 MiB (Increase: 0.0 MiB)
Memory usage after reset: 1623.11328125 MiB (Increase: 0.0 MiB)
Training episode 664
Memory usage at middle: 1623.11328125 MiB (Increase: 0.0 MiB)
Memory usage before collect: 1623.11328125 MiB (Increase: 0.0 MiB)
Memory usage after collect: 1623.11328125 MiB (Increase: 0.0 MiB)
Memory usage before initialization: 1623.11328125 MiB (Increase: 0.0 MiB)
Memory usage after initialization: 1623.11328125 MiB (Increase: 0.0 MiB)
Current lengths of episodes: [56]
Memory usage at done (index 0, length 56, since_prev 56): 1623.11328125 MiB (Increase: 0.0 MiB)
Memory usage before reset: 1623.11328125 MiB (Increase: 0.0 MiB)
Memory usage after reset: 1623.11328125 MiB (Increase: 0.0 MiB)
Training episode 665
Memory usage at middle: 1623.11328125 MiB (Increase: 0.0 MiB)
Memory usage before collect: 1623.11328125 MiB (Increase: 0.0 MiB)
Memory usage after collect: 1623.11328125 MiB (Increase: 0.0 MiB)
Memory usage before initialization: 1623.11328125 MiB (Increase: 0.0 MiB)
Memory usage after initialization: 1623.11328125 MiB (Increase: 0.0 MiB)
Current lengths of episodes: [1600]
Memory usage at done (index 0, length 1600, since_prev 1600): 1623.11328125 MiB (Increase: 0.0 MiB)
Memory usage before reset: 1623.11328125 MiB (Increase: 0.0 MiB)
Memory usage after reset: 1623.11328125 MiB (Increase: 0.0 MiB)
Training episode 666
Memory usage at middle: 1623.11328125 MiB (Increase: 0.0 MiB)
Memory usage before collect: 1623.11328125 MiB (Increase: 0.0 MiB)
Memory usage after collect: 1623.11328125 MiB (Increase: 0.0 MiB)
Memory usage before initialization: 1623.11328125 MiB (Increase: 0.0 MiB)
Memory usage after initialization: 1623.11328125 MiB (Increase: 0.0 MiB)
Current lengths of episodes: [1600]
Memory usage at done (index 0, length 1600, since_prev 1600): 1623.11328125 MiB (Increase: 0.0 MiB)
Memory usage before reset: 1623.11328125 MiB (Increase: 0.0 MiB)
Memory usage after reset: 1623.11328125 MiB (Increase: 0.0 MiB)
Training episode 667
Memory usage at middle: 1623.11328125 MiB (Increase: 0.0 MiB)
Memory usage before collect: 1623.11328125 MiB (Increase: 0.0 MiB)
Memory usage after collect: 1623.11328125 MiB (Increase: 0.0 MiB)
Memory usage before initialization: 1623.11328125 MiB (Increase: 0.0 MiB)
Memory usage after initialization: 1623.11328125 MiB (Increase: 0.0 MiB)
Current lengths of episodes: [1600]
Memory usage at done (index 0, length 1600, since_prev 1600): 1623.11328125 MiB (Increase: 0.0 MiB)
Memory usage before reset: 1623.11328125 MiB (Increase: 0.0 MiB)
Memory usage after reset: 1623.11328125 MiB (Increase: 0.0 MiB)
Training episode 668
Memory usage at middle: 1623.11328125 MiB (Increase: 0.0 MiB)
Memory usage before collect: 1623.11328125 MiB (Increase: 0.0 MiB)
Memory usage after collect: 1623.11328125 MiB (Increase: 0.0 MiB)
Memory usage before initialization: 1623.11328125 MiB (Increase: 0.0 MiB)
Memory usage after initialization: 1623.11328125 MiB (Increase: 0.0 MiB)
Current lengths of episodes: [84]
Memory usage at done (index 0, length 84, since_prev 84): 1623.11328125 MiB (Increase: 0.0 MiB)
Memory usage before reset: 1623.11328125 MiB (Increase: 0.0 MiB)
Memory usage after reset: 1623.11328125 MiB (Increase: 0.0 MiB)
Training episode 669
Memory usage at middle: 1623.11328125 MiB (Increase: 0.0 MiB)
Memory usage before collect: 1623.11328125 MiB (Increase: 0.0 MiB)
Memory usage after collect: 1623.11328125 MiB (Increase: 0.0 MiB)
Memory usage before initialization: 1623.11328125 MiB (Increase: 0.0 MiB)
Memory usage after initialization: 1623.11328125 MiB (Increase: 0.0 MiB)
Current lengths of episodes: [1600]
Memory usage at done (index 0, length 1600, since_prev 1600): 1623.11328125 MiB (Increase: 0.0 MiB)
Memory usage before reset: 1623.11328125 MiB (Increase: 0.0 MiB)
Memory usage after reset: 1623.11328125 MiB (Increase: 0.0 MiB)
Training episode 670
Memory usage at middle: 1623.11328125 MiB (Increase: 0.0 MiB)
Memory usage before collect: 1623.11328125 MiB (Increase: 0.0 MiB)
Memory usage after collect: 1623.11328125 MiB (Increase: 0.0 MiB)
Memory usage before initialization: 1623.11328125 MiB (Increase: 0.0 MiB)
Memory usage after initialization: 1623.11328125 MiB (Increase: 0.0 MiB)
Current lengths of episodes: [81]
Memory usage at done (index 0, length 81, since_prev 81): 1623.11328125 MiB (Increase: 0.0 MiB)
Memory usage before reset: 1623.11328125 MiB (Increase: 0.0 MiB)
Memory usage after reset: 1623.11328125 MiB (Increase: 0.0 MiB)
Training episode 671
Memory usage at middle: 1623.11328125 MiB (Increase: 0.0 MiB)
Memory usage before collect: 1623.11328125 MiB (Increase: 0.0 MiB)
Memory usage after collect: 1623.11328125 MiB (Increase: 0.0 MiB)
Memory usage before initialization: 1623.11328125 MiB (Increase: 0.0 MiB)
Memory usage after initialization: 1623.11328125 MiB (Increase: 0.0 MiB)
Current lengths of episodes: [79]
Memory usage at done (index 0, length 79, since_prev 79): 1623.11328125 MiB (Increase: 0.0 MiB)
Memory usage before reset: 1623.11328125 MiB (Increase: 0.0 MiB)
Memory usage after reset: 1623.11328125 MiB (Increase: 0.0 MiB)
Training episode 672
Memory usage at middle: 1623.11328125 MiB (Increase: 0.0 MiB)
Memory usage before collect: 1623.11328125 MiB (Increase: 0.0 MiB)
Memory usage after collect: 1623.11328125 MiB (Increase: 0.0 MiB)
Memory usage before initialization: 1623.11328125 MiB (Increase: 0.0 MiB)
Memory usage after initialization: 1623.11328125 MiB (Increase: 0.0 MiB)
Current lengths of episodes: [60]
Memory usage at done (index 0, length 60, since_prev 60): 1623.11328125 MiB (Increase: 0.0 MiB)
Memory usage before reset: 1623.11328125 MiB (Increase: 0.0 MiB)
Memory usage after reset: 1623.11328125 MiB (Increase: 0.0 MiB)
Training episode 673
Memory usage at middle: 1623.11328125 MiB (Increase: 0.0 MiB)
Memory usage before collect: 1623.11328125 MiB (Increase: 0.0 MiB)
Memory usage after collect: 1623.11328125 MiB (Increase: 0.0 MiB)
Memory usage before initialization: 1623.11328125 MiB (Increase: 0.0 MiB)
Memory usage after initialization: 1623.11328125 MiB (Increase: 0.0 MiB)
Current lengths of episodes: [58]
Memory usage at done (index 0, length 58, since_prev 58): 1623.11328125 MiB (Increase: 0.0 MiB)
Memory usage before reset: 1623.11328125 MiB (Increase: 0.0 MiB)
Memory usage after reset: 1623.11328125 MiB (Increase: 0.0 MiB)
Training episode 674
Memory usage at middle: 1623.11328125 MiB (Increase: 0.0 MiB)
Memory usage before collect: 1623.11328125 MiB (Increase: 0.0 MiB)
Memory usage after collect: 1623.11328125 MiB (Increase: 0.0 MiB)
Memory usage before initialization: 1623.11328125 MiB (Increase: 0.0 MiB)
Memory usage after initialization: 1623.11328125 MiB (Increase: 0.0 MiB)
Current lengths of episodes: [1600]
Memory usage at done (index 0, length 1600, since_prev 1600): 1623.11328125 MiB (Increase: 0.0 MiB)
Memory usage before reset: 1623.11328125 MiB (Increase: 0.0 MiB)
Memory usage after reset: 1623.11328125 MiB (Increase: 0.0 MiB)
Training episode 675
Memory usage at middle: 1623.11328125 MiB (Increase: 0.0 MiB)
Memory usage before collect: 1623.11328125 MiB (Increase: 0.0 MiB)
Memory usage after collect: 1623.11328125 MiB (Increase: 0.0 MiB)
Memory usage before initialization: 1623.11328125 MiB (Increase: 0.0 MiB)
Memory usage after initialization: 1623.11328125 MiB (Increase: 0.0 MiB)
Current lengths of episodes: [192]
Memory usage at done (index 0, length 192, since_prev 192): 1623.11328125 MiB (Increase: 0.0 MiB)
Memory usage before reset: 1623.11328125 MiB (Increase: 0.0 MiB)
Memory usage after reset: 1623.11328125 MiB (Increase: 0.0 MiB)
Training episode 676
Memory usage at middle: 1623.11328125 MiB (Increase: 0.0 MiB)
Memory usage before collect: 1623.11328125 MiB (Increase: 0.0 MiB)
Memory usage after collect: 1623.11328125 MiB (Increase: 0.0 MiB)
Memory usage before initialization: 1623.11328125 MiB (Increase: 0.0 MiB)
Memory usage after initialization: 1623.11328125 MiB (Increase: 0.0 MiB)
Current lengths of episodes: [41]
Memory usage at done (index 0, length 41, since_prev 41): 1623.11328125 MiB (Increase: 0.0 MiB)
Memory usage before reset: 1623.11328125 MiB (Increase: 0.0 MiB)
Memory usage after reset: 1623.11328125 MiB (Increase: 0.0 MiB)
Training episode 677
Memory usage at middle: 1623.11328125 MiB (Increase: 0.0 MiB)
Memory usage before collect: 1623.11328125 MiB (Increase: 0.0 MiB)
Memory usage after collect: 1623.11328125 MiB (Increase: 0.0 MiB)
Memory usage before initialization: 1623.11328125 MiB (Increase: 0.0 MiB)
Memory usage after initialization: 1623.11328125 MiB (Increase: 0.0 MiB)
Current lengths of episodes: [70]
Memory usage at done (index 0, length 70, since_prev 70): 1623.11328125 MiB (Increase: 0.0 MiB)
Memory usage before reset: 1623.11328125 MiB (Increase: 0.0 MiB)
Memory usage after reset: 1623.11328125 MiB (Increase: 0.0 MiB)
Training episode 678
Memory usage at middle: 1623.11328125 MiB (Increase: 0.0 MiB)
Memory usage before collect: 1623.11328125 MiB (Increase: 0.0 MiB)
Memory usage after collect: 1623.11328125 MiB (Increase: 0.0 MiB)
Memory usage before initialization: 1623.11328125 MiB (Increase: 0.0 MiB)
Memory usage after initialization: 1623.11328125 MiB (Increase: 0.0 MiB)
Current lengths of episodes: [1600]
Memory usage at done (index 0, length 1600, since_prev 1600): 1623.11328125 MiB (Increase: 0.0 MiB)
Memory usage before reset: 1623.11328125 MiB (Increase: 0.0 MiB)
Memory usage after reset: 1623.11328125 MiB (Increase: 0.0 MiB)
Training episode 679
Memory usage at middle: 1623.11328125 MiB (Increase: 0.0 MiB)
Memory usage before collect: 1623.11328125 MiB (Increase: 0.0 MiB)
Memory usage after collect: 1623.11328125 MiB (Increase: 0.0 MiB)
Memory usage before initialization: 1623.11328125 MiB (Increase: 0.0 MiB)
Memory usage after initialization: 1623.11328125 MiB (Increase: 0.0 MiB)
Current lengths of episodes: [108]
Memory usage at done (index 0, length 108, since_prev 108): 1623.11328125 MiB (Increase: 0.0 MiB)
Memory usage before reset: 1623.11328125 MiB (Increase: 0.0 MiB)
Memory usage after reset: 1623.11328125 MiB (Increase: 0.0 MiB)
Training episode 680
Memory usage at middle: 1623.11328125 MiB (Increase: 0.0 MiB)
Memory usage before collect: 1623.11328125 MiB (Increase: 0.0 MiB)
Memory usage after collect: 1623.11328125 MiB (Increase: 0.0 MiB)
Memory usage before initialization: 1623.11328125 MiB (Increase: 0.0 MiB)
Memory usage after initialization: 1623.11328125 MiB (Increase: 0.0 MiB)
Current lengths of episodes: [1600]
Memory usage at done (index 0, length 1600, since_prev 1600): 1623.11328125 MiB (Increase: 0.0 MiB)
Memory usage before reset: 1623.11328125 MiB (Increase: 0.0 MiB)
Memory usage after reset: 1623.11328125 MiB (Increase: 0.0 MiB)
Training episode 681
Memory usage at middle: 1623.11328125 MiB (Increase: 0.0 MiB)
Memory usage before collect: 1623.11328125 MiB (Increase: 0.0 MiB)
Memory usage after collect: 1623.11328125 MiB (Increase: 0.0 MiB)
Memory usage before initialization: 1623.11328125 MiB (Increase: 0.0 MiB)
Memory usage after initialization: 1623.11328125 MiB (Increase: 0.0 MiB)
Current lengths of episodes: [1600]
Memory usage at done (index 0, length 1600, since_prev 1600): 1623.11328125 MiB (Increase: 0.0 MiB)
Memory usage before reset: 1623.11328125 MiB (Increase: 0.0 MiB)
Memory usage after reset: 1623.11328125 MiB (Increase: 0.0 MiB)
Training episode 682
Memory usage at middle: 1623.11328125 MiB (Increase: 0.0 MiB)
Memory usage before collect: 1623.11328125 MiB (Increase: 0.0 MiB)
Memory usage after collect: 1623.11328125 MiB (Increase: 0.0 MiB)
Memory usage before initialization: 1623.11328125 MiB (Increase: 0.0 MiB)
Memory usage after initialization: 1623.11328125 MiB (Increase: 0.0 MiB)
Current lengths of episodes: [1600]
Memory usage at done (index 0, length 1600, since_prev 1600): 1623.11328125 MiB (Increase: 0.0 MiB)
Memory usage before reset: 1623.11328125 MiB (Increase: 0.0 MiB)
Memory usage after reset: 1623.11328125 MiB (Increase: 0.0 MiB)
Training episode 683
Memory usage at middle: 1623.11328125 MiB (Increase: 0.0 MiB)
Memory usage before collect: 1623.11328125 MiB (Increase: 0.0 MiB)
Memory usage after collect: 1623.11328125 MiB (Increase: 0.0 MiB)
Memory usage before initialization: 1623.11328125 MiB (Increase: 0.0 MiB)
Memory usage after initialization: 1623.11328125 MiB (Increase: 0.0 MiB)
Current lengths of episodes: [69]
Memory usage at done (index 0, length 69, since_prev 69): 1623.11328125 MiB (Increase: 0.0 MiB)
Memory usage before reset: 1623.11328125 MiB (Increase: 0.0 MiB)
Memory usage after reset: 1623.11328125 MiB (Increase: 0.0 MiB)
Training episode 684
Memory usage at middle: 1623.11328125 MiB (Increase: 0.0 MiB)
Memory usage before collect: 1623.11328125 MiB (Increase: 0.0 MiB)
Memory usage after collect: 1623.11328125 MiB (Increase: 0.0 MiB)
Memory usage before initialization: 1623.11328125 MiB (Increase: 0.0 MiB)
Memory usage after initialization: 1623.11328125 MiB (Increase: 0.0 MiB)
Current lengths of episodes: [1600]
Memory usage at done (index 0, length 1600, since_prev 1600): 1623.11328125 MiB (Increase: 0.0 MiB)
Memory usage before reset: 1623.11328125 MiB (Increase: 0.0 MiB)
Memory usage after reset: 1623.11328125 MiB (Increase: 0.0 MiB)
Training episode 685
Memory usage at middle: 1623.11328125 MiB (Increase: 0.0 MiB)
Memory usage before collect: 1623.11328125 MiB (Increase: 0.0 MiB)
Memory usage after collect: 1623.11328125 MiB (Increase: 0.0 MiB)
Memory usage before initialization: 1623.11328125 MiB (Increase: 0.0 MiB)
Memory usage after initialization: 1623.11328125 MiB (Increase: 0.0 MiB)
Current lengths of episodes: [69]
Memory usage at done (index 0, length 69, since_prev 69): 1623.11328125 MiB (Increase: 0.0 MiB)
Memory usage before reset: 1623.11328125 MiB (Increase: 0.0 MiB)
Memory usage after reset: 1623.11328125 MiB (Increase: 0.0 MiB)
Training episode 686
Memory usage at middle: 1623.11328125 MiB (Increase: 0.0 MiB)
Memory usage before collect: 1623.11328125 MiB (Increase: 0.0 MiB)
Memory usage after collect: 1623.11328125 MiB (Increase: 0.0 MiB)
Memory usage before initialization: 1623.11328125 MiB (Increase: 0.0 MiB)
Memory usage after initialization: 1623.11328125 MiB (Increase: 0.0 MiB)
Current lengths of episodes: [1600]
Memory usage at done (index 0, length 1600, since_prev 1600): 1623.11328125 MiB (Increase: 0.0 MiB)
Memory usage before reset: 1623.11328125 MiB (Increase: 0.0 MiB)
Memory usage after reset: 1623.11328125 MiB (Increase: 0.0 MiB)
Training episode 687
Memory usage at middle: 1623.11328125 MiB (Increase: 0.0 MiB)
Memory usage before collect: 1623.11328125 MiB (Increase: 0.0 MiB)
Memory usage after collect: 1623.11328125 MiB (Increase: 0.0 MiB)
Memory usage before initialization: 1623.11328125 MiB (Increase: 0.0 MiB)
Memory usage after initialization: 1623.11328125 MiB (Increase: 0.0 MiB)
Current lengths of episodes: [68]
Memory usage at done (index 0, length 68, since_prev 68): 1623.11328125 MiB (Increase: 0.0 MiB)
Memory usage before reset: 1623.11328125 MiB (Increase: 0.0 MiB)
Memory usage after reset: 1623.11328125 MiB (Increase: 0.0 MiB)
Training episode 688
Memory usage at middle: 1623.11328125 MiB (Increase: 0.0 MiB)
Memory usage before collect: 1623.11328125 MiB (Increase: 0.0 MiB)
Memory usage after collect: 1623.11328125 MiB (Increase: 0.0 MiB)
Memory usage before initialization: 1623.11328125 MiB (Increase: 0.0 MiB)
Memory usage after initialization: 1623.11328125 MiB (Increase: 0.0 MiB)
Current lengths of episodes: [1600]
Memory usage at done (index 0, length 1600, since_prev 1600): 1623.11328125 MiB (Increase: 0.0 MiB)
Memory usage before reset: 1623.11328125 MiB (Increase: 0.0 MiB)
Memory usage after reset: 1623.11328125 MiB (Increase: 0.0 MiB)
Training episode 689
Memory usage at middle: 1623.11328125 MiB (Increase: 0.0 MiB)
Memory usage before collect: 1623.11328125 MiB (Increase: 0.0 MiB)
Memory usage after collect: 1623.11328125 MiB (Increase: 0.0 MiB)
Memory usage before initialization: 1623.11328125 MiB (Increase: 0.0 MiB)
Memory usage after initialization: 1623.11328125 MiB (Increase: 0.0 MiB)
Current lengths of episodes: [61]
Memory usage at done (index 0, length 61, since_prev 61): 1623.11328125 MiB (Increase: 0.0 MiB)
Memory usage before reset: 1623.11328125 MiB (Increase: 0.0 MiB)
Memory usage after reset: 1623.11328125 MiB (Increase: 0.0 MiB)
Training episode 690
Memory usage at middle: 1623.11328125 MiB (Increase: 0.0 MiB)
Memory usage before collect: 1623.11328125 MiB (Increase: 0.0 MiB)
Memory usage after collect: 1623.11328125 MiB (Increase: 0.0 MiB)
Memory usage before initialization: 1623.11328125 MiB (Increase: 0.0 MiB)
Memory usage after initialization: 1623.11328125 MiB (Increase: 0.0 MiB)
Current lengths of episodes: [97]
Memory usage at done (index 0, length 97, since_prev 97): 1623.11328125 MiB (Increase: 0.0 MiB)
Memory usage before reset: 1623.11328125 MiB (Increase: 0.0 MiB)
Memory usage after reset: 1623.11328125 MiB (Increase: 0.0 MiB)
Training episode 691
Memory usage at middle: 1623.11328125 MiB (Increase: 0.0 MiB)
Memory usage before collect: 1623.11328125 MiB (Increase: 0.0 MiB)
Memory usage after collect: 1623.11328125 MiB (Increase: 0.0 MiB)
Memory usage before initialization: 1623.11328125 MiB (Increase: 0.0 MiB)
Memory usage after initialization: 1623.11328125 MiB (Increase: 0.0 MiB)
Current lengths of episodes: [1600]
Memory usage at done (index 0, length 1600, since_prev 1600): 1623.11328125 MiB (Increase: 0.0 MiB)
Memory usage before reset: 1623.11328125 MiB (Increase: 0.0 MiB)
Memory usage after reset: 1623.11328125 MiB (Increase: 0.0 MiB)
Training episode 692
Memory usage at middle: 1623.11328125 MiB (Increase: 0.0 MiB)
Memory usage before collect: 1623.11328125 MiB (Increase: 0.0 MiB)
Memory usage after collect: 1623.11328125 MiB (Increase: 0.0 MiB)
Memory usage before initialization: 1623.11328125 MiB (Increase: 0.0 MiB)
Memory usage after initialization: 1623.11328125 MiB (Increase: 0.0 MiB)
Current lengths of episodes: [55]
Memory usage at done (index 0, length 55, since_prev 55): 1623.11328125 MiB (Increase: 0.0 MiB)
Memory usage before reset: 1623.11328125 MiB (Increase: 0.0 MiB)
Memory usage after reset: 1623.11328125 MiB (Increase: 0.0 MiB)
Training episode 693
Memory usage at middle: 1623.11328125 MiB (Increase: 0.0 MiB)
Memory usage before collect: 1623.11328125 MiB (Increase: 0.0 MiB)
Memory usage after collect: 1623.11328125 MiB (Increase: 0.0 MiB)
Memory usage before initialization: 1623.11328125 MiB (Increase: 0.0 MiB)
Memory usage after initialization: 1623.11328125 MiB (Increase: 0.0 MiB)
Current lengths of episodes: [49]
Memory usage at done (index 0, length 49, since_prev 49): 1623.11328125 MiB (Increase: 0.0 MiB)
Memory usage before reset: 1623.11328125 MiB (Increase: 0.0 MiB)
Memory usage after reset: 1623.11328125 MiB (Increase: 0.0 MiB)
Training episode 694
Memory usage at middle: 1623.11328125 MiB (Increase: 0.0 MiB)
Memory usage before collect: 1623.11328125 MiB (Increase: 0.0 MiB)
Memory usage after collect: 1623.11328125 MiB (Increase: 0.0 MiB)
Memory usage before initialization: 1623.11328125 MiB (Increase: 0.0 MiB)
Memory usage after initialization: 1623.11328125 MiB (Increase: 0.0 MiB)
Current lengths of episodes: [1600]
Memory usage at done (index 0, length 1600, since_prev 1600): 1623.11328125 MiB (Increase: 0.0 MiB)
Memory usage before reset: 1623.11328125 MiB (Increase: 0.0 MiB)
Memory usage after reset: 1623.11328125 MiB (Increase: 0.0 MiB)
Training episode 695
Memory usage at middle: 1623.11328125 MiB (Increase: 0.0 MiB)
Memory usage before collect: 1623.11328125 MiB (Increase: 0.0 MiB)
Memory usage after collect: 1623.11328125 MiB (Increase: 0.0 MiB)
Memory usage before initialization: 1623.11328125 MiB (Increase: 0.0 MiB)
Memory usage after initialization: 1623.11328125 MiB (Increase: 0.0 MiB)
Current lengths of episodes: [74]
Memory usage at done (index 0, length 74, since_prev 74): 1623.11328125 MiB (Increase: 0.0 MiB)
Memory usage before reset: 1623.11328125 MiB (Increase: 0.0 MiB)
Memory usage after reset: 1623.11328125 MiB (Increase: 0.0 MiB)
Training episode 696
Memory usage at middle: 1623.11328125 MiB (Increase: 0.0 MiB)
Memory usage before collect: 1623.11328125 MiB (Increase: 0.0 MiB)
Memory usage after collect: 1623.11328125 MiB (Increase: 0.0 MiB)
Memory usage before initialization: 1623.11328125 MiB (Increase: 0.0 MiB)
Memory usage after initialization: 1623.11328125 MiB (Increase: 0.0 MiB)
Current lengths of episodes: [58]
Memory usage at done (index 0, length 58, since_prev 58): 1623.11328125 MiB (Increase: 0.0 MiB)
Memory usage before reset: 1623.11328125 MiB (Increase: 0.0 MiB)
Memory usage after reset: 1623.11328125 MiB (Increase: 0.0 MiB)
Training episode 697
Memory usage at middle: 1623.11328125 MiB (Increase: 0.0 MiB)
Memory usage before collect: 1623.11328125 MiB (Increase: 0.0 MiB)
Memory usage after collect: 1623.11328125 MiB (Increase: 0.0 MiB)
Memory usage before initialization: 1623.11328125 MiB (Increase: 0.0 MiB)
Memory usage after initialization: 1623.11328125 MiB (Increase: 0.0 MiB)
Current lengths of episodes: [1600]
Memory usage at done (index 0, length 1600, since_prev 1600): 1623.11328125 MiB (Increase: 0.0 MiB)
Memory usage before reset: 1623.11328125 MiB (Increase: 0.0 MiB)
Memory usage after reset: 1623.11328125 MiB (Increase: 0.0 MiB)
Training episode 698
Memory usage at middle: 1623.11328125 MiB (Increase: 0.0 MiB)
Memory usage before collect: 1623.11328125 MiB (Increase: 0.0 MiB)
Memory usage after collect: 1623.11328125 MiB (Increase: 0.0 MiB)
Memory usage before initialization: 1623.11328125 MiB (Increase: 0.0 MiB)
Memory usage after initialization: 1623.11328125 MiB (Increase: 0.0 MiB)
Current lengths of episodes: [96]
Memory usage at done (index 0, length 96, since_prev 96): 1623.11328125 MiB (Increase: 0.0 MiB)
Memory usage before reset: 1623.11328125 MiB (Increase: 0.0 MiB)
Memory usage after reset: 1623.11328125 MiB (Increase: 0.0 MiB)
Training episode 699
Memory usage at middle: 1623.11328125 MiB (Increase: 0.0 MiB)
Memory usage before collect: 1623.11328125 MiB (Increase: 0.0 MiB)
Memory usage after collect: 1623.11328125 MiB (Increase: 0.0 MiB)
Memory usage before initialization: 1623.11328125 MiB (Increase: 0.0 MiB)
Memory usage after initialization: 1623.11328125 MiB (Increase: 0.0 MiB)
Current lengths of episodes: [1600]
Memory usage at done (index 0, length 1600, since_prev 1600): 1623.11328125 MiB (Increase: 0.0 MiB)
Memory usage before reset: 1623.11328125 MiB (Increase: 0.0 MiB)
Memory usage after reset: 1623.11328125 MiB (Increase: 0.0 MiB)
Training episode 700
Memory usage at middle: 1623.11328125 MiB (Increase: 0.0 MiB)
Memory usage before collect: 1623.11328125 MiB (Increase: 0.0 MiB)
Memory usage after collect: 1623.11328125 MiB (Increase: 0.0 MiB)
Episode 700	Average evaluation: -27.331947994366413
Memory usage before initialization: 1623.11328125 MiB (Increase: 0.0 MiB)
Memory usage after initialization: 1623.11328125 MiB (Increase: 0.0 MiB)
Current lengths of episodes: [62]
Memory usage at done (index 0, length 62, since_prev 62): 1623.11328125 MiB (Increase: 0.0 MiB)
Memory usage before reset: 1623.11328125 MiB (Increase: 0.0 MiB)
Memory usage after reset: 1623.11328125 MiB (Increase: 0.0 MiB)
Training episode 701
Memory usage at middle: 1623.11328125 MiB (Increase: 0.0 MiB)
Memory usage before collect: 1623.11328125 MiB (Increase: 0.0 MiB)
Memory usage after collect: 1623.11328125 MiB (Increase: 0.0 MiB)
Memory usage before initialization: 1623.11328125 MiB (Increase: 0.0 MiB)
Memory usage after initialization: 1623.11328125 MiB (Increase: 0.0 MiB)
Current lengths of episodes: [150]
Memory usage at done (index 0, length 150, since_prev 150): 1623.11328125 MiB (Increase: 0.0 MiB)
Memory usage before reset: 1623.11328125 MiB (Increase: 0.0 MiB)
Memory usage after reset: 1623.11328125 MiB (Increase: 0.0 MiB)
Training episode 702
Memory usage at middle: 1623.11328125 MiB (Increase: 0.0 MiB)
Memory usage before collect: 1623.11328125 MiB (Increase: 0.0 MiB)
Memory usage after collect: 1623.11328125 MiB (Increase: 0.0 MiB)
Memory usage before initialization: 1623.11328125 MiB (Increase: 0.0 MiB)
Memory usage after initialization: 1623.11328125 MiB (Increase: 0.0 MiB)
Current lengths of episodes: [1600]
Memory usage at done (index 0, length 1600, since_prev 1600): 1623.11328125 MiB (Increase: 0.0 MiB)
Memory usage before reset: 1623.11328125 MiB (Increase: 0.0 MiB)
Memory usage after reset: 1623.11328125 MiB (Increase: 0.0 MiB)
Training episode 703
Memory usage at middle: 1623.11328125 MiB (Increase: 0.0 MiB)
Memory usage before collect: 1623.11328125 MiB (Increase: 0.0 MiB)
Memory usage after collect: 1623.11328125 MiB (Increase: 0.0 MiB)
Memory usage before initialization: 1623.11328125 MiB (Increase: 0.0 MiB)
Memory usage after initialization: 1623.11328125 MiB (Increase: 0.0 MiB)
Current lengths of episodes: [66]
Memory usage at done (index 0, length 66, since_prev 66): 1623.11328125 MiB (Increase: 0.0 MiB)
Memory usage before reset: 1623.11328125 MiB (Increase: 0.0 MiB)
Memory usage after reset: 1623.11328125 MiB (Increase: 0.0 MiB)
Training episode 704
Memory usage at middle: 1623.11328125 MiB (Increase: 0.0 MiB)
Memory usage before collect: 1623.11328125 MiB (Increase: 0.0 MiB)
Memory usage after collect: 1623.11328125 MiB (Increase: 0.0 MiB)
Memory usage before initialization: 1623.11328125 MiB (Increase: 0.0 MiB)
Memory usage after initialization: 1623.11328125 MiB (Increase: 0.0 MiB)
Current lengths of episodes: [129]
Memory usage at done (index 0, length 129, since_prev 129): 1623.11328125 MiB (Increase: 0.0 MiB)
Memory usage before reset: 1623.11328125 MiB (Increase: 0.0 MiB)
Memory usage after reset: 1623.11328125 MiB (Increase: 0.0 MiB)
Training episode 705
Memory usage at middle: 1623.11328125 MiB (Increase: 0.0 MiB)
Memory usage before collect: 1623.11328125 MiB (Increase: 0.0 MiB)
Memory usage after collect: 1623.11328125 MiB (Increase: 0.0 MiB)
Memory usage before initialization: 1623.11328125 MiB (Increase: 0.0 MiB)
Memory usage after initialization: 1623.11328125 MiB (Increase: 0.0 MiB)
Current lengths of episodes: [1600]
Memory usage at done (index 0, length 1600, since_prev 1600): 1623.11328125 MiB (Increase: 0.0 MiB)
Memory usage before reset: 1623.11328125 MiB (Increase: 0.0 MiB)
Memory usage after reset: 1623.11328125 MiB (Increase: 0.0 MiB)
Training episode 706
Memory usage at middle: 1623.11328125 MiB (Increase: 0.0 MiB)
Memory usage before collect: 1623.11328125 MiB (Increase: 0.0 MiB)
Memory usage after collect: 1623.11328125 MiB (Increase: 0.0 MiB)
Memory usage before initialization: 1623.11328125 MiB (Increase: 0.0 MiB)
Memory usage after initialization: 1623.11328125 MiB (Increase: 0.0 MiB)
Current lengths of episodes: [794]
Memory usage at done (index 0, length 794, since_prev 794): 1623.11328125 MiB (Increase: 0.0 MiB)
Memory usage before reset: 1623.11328125 MiB (Increase: 0.0 MiB)
Memory usage after reset: 1623.11328125 MiB (Increase: 0.0 MiB)
Training episode 707
Memory usage at middle: 1623.11328125 MiB (Increase: 0.0 MiB)
Memory usage before collect: 1623.11328125 MiB (Increase: 0.0 MiB)
Memory usage after collect: 1623.11328125 MiB (Increase: 0.0 MiB)
Memory usage before initialization: 1623.11328125 MiB (Increase: 0.0 MiB)
Memory usage after initialization: 1623.11328125 MiB (Increase: 0.0 MiB)
Current lengths of episodes: [1600]
Memory usage at done (index 0, length 1600, since_prev 1600): 1623.11328125 MiB (Increase: 0.0 MiB)
Memory usage before reset: 1623.11328125 MiB (Increase: 0.0 MiB)
Memory usage after reset: 1623.11328125 MiB (Increase: 0.0 MiB)
Training episode 708
Memory usage at middle: 1623.11328125 MiB (Increase: 0.0 MiB)
Memory usage before collect: 1623.11328125 MiB (Increase: 0.0 MiB)
Memory usage after collect: 1623.11328125 MiB (Increase: 0.0 MiB)
Memory usage before initialization: 1623.11328125 MiB (Increase: 0.0 MiB)
Memory usage after initialization: 1623.11328125 MiB (Increase: 0.0 MiB)
Current lengths of episodes: [1600]
Memory usage at done (index 0, length 1600, since_prev 1600): 1623.11328125 MiB (Increase: 0.0 MiB)
Memory usage before reset: 1623.11328125 MiB (Increase: 0.0 MiB)
Memory usage after reset: 1623.11328125 MiB (Increase: 0.0 MiB)
Training episode 709
Memory usage at middle: 1623.11328125 MiB (Increase: 0.0 MiB)
Memory usage before collect: 1623.11328125 MiB (Increase: 0.0 MiB)
Memory usage after collect: 1623.11328125 MiB (Increase: 0.0 MiB)
Memory usage before initialization: 1623.11328125 MiB (Increase: 0.0 MiB)
Memory usage after initialization: 1623.11328125 MiB (Increase: 0.0 MiB)
Current lengths of episodes: [48]
Memory usage at done (index 0, length 48, since_prev 48): 1623.11328125 MiB (Increase: 0.0 MiB)
Memory usage before reset: 1623.11328125 MiB (Increase: 0.0 MiB)
Memory usage after reset: 1623.11328125 MiB (Increase: 0.0 MiB)
Training episode 710
Memory usage at middle: 1623.11328125 MiB (Increase: 0.0 MiB)
Memory usage before collect: 1623.11328125 MiB (Increase: 0.0 MiB)
Memory usage after collect: 1623.11328125 MiB (Increase: 0.0 MiB)
Memory usage before initialization: 1623.11328125 MiB (Increase: 0.0 MiB)
Memory usage after initialization: 1623.11328125 MiB (Increase: 0.0 MiB)
Current lengths of episodes: [1600]
Memory usage at done (index 0, length 1600, since_prev 1600): 1623.11328125 MiB (Increase: 0.0 MiB)
Memory usage before reset: 1623.11328125 MiB (Increase: 0.0 MiB)
Memory usage after reset: 1623.11328125 MiB (Increase: 0.0 MiB)
Training episode 711
Memory usage at middle: 1623.11328125 MiB (Increase: 0.0 MiB)
Memory usage before collect: 1623.11328125 MiB (Increase: 0.0 MiB)
Memory usage after collect: 1623.11328125 MiB (Increase: 0.0 MiB)
Memory usage before initialization: 1623.11328125 MiB (Increase: 0.0 MiB)
Memory usage after initialization: 1623.11328125 MiB (Increase: 0.0 MiB)
Current lengths of episodes: [1600]
Memory usage at done (index 0, length 1600, since_prev 1600): 1623.11328125 MiB (Increase: 0.0 MiB)
Memory usage before reset: 1623.11328125 MiB (Increase: 0.0 MiB)
Memory usage after reset: 1623.11328125 MiB (Increase: 0.0 MiB)
Training episode 712
Memory usage at middle: 1623.11328125 MiB (Increase: 0.0 MiB)
Memory usage before collect: 1623.11328125 MiB (Increase: 0.0 MiB)
Memory usage after collect: 1623.11328125 MiB (Increase: 0.0 MiB)
Memory usage before initialization: 1623.11328125 MiB (Increase: 0.0 MiB)
Memory usage after initialization: 1623.11328125 MiB (Increase: 0.0 MiB)
Current lengths of episodes: [1600]
Memory usage at done (index 0, length 1600, since_prev 1600): 1623.11328125 MiB (Increase: 0.0 MiB)
Memory usage before reset: 1623.11328125 MiB (Increase: 0.0 MiB)
Memory usage after reset: 1623.11328125 MiB (Increase: 0.0 MiB)
Training episode 713
Memory usage at middle: 1623.11328125 MiB (Increase: 0.0 MiB)
Memory usage before collect: 1623.11328125 MiB (Increase: 0.0 MiB)
Memory usage after collect: 1623.11328125 MiB (Increase: 0.0 MiB)
Memory usage before initialization: 1623.11328125 MiB (Increase: 0.0 MiB)
Memory usage after initialization: 1623.11328125 MiB (Increase: 0.0 MiB)
Current lengths of episodes: [217]
Memory usage at done (index 0, length 217, since_prev 217): 1623.11328125 MiB (Increase: 0.0 MiB)
Memory usage before reset: 1623.11328125 MiB (Increase: 0.0 MiB)
Memory usage after reset: 1623.11328125 MiB (Increase: 0.0 MiB)
Training episode 714
Memory usage at middle: 1623.11328125 MiB (Increase: 0.0 MiB)
Memory usage before collect: 1623.11328125 MiB (Increase: 0.0 MiB)
Memory usage after collect: 1623.11328125 MiB (Increase: 0.0 MiB)
Memory usage before initialization: 1623.11328125 MiB (Increase: 0.0 MiB)
Memory usage after initialization: 1623.11328125 MiB (Increase: 0.0 MiB)
Current lengths of episodes: [75]
Memory usage at done (index 0, length 75, since_prev 75): 1623.11328125 MiB (Increase: 0.0 MiB)
Memory usage before reset: 1623.11328125 MiB (Increase: 0.0 MiB)
Memory usage after reset: 1623.11328125 MiB (Increase: 0.0 MiB)
Training episode 715
Memory usage at middle: 1623.11328125 MiB (Increase: 0.0 MiB)
Memory usage before collect: 1623.11328125 MiB (Increase: 0.0 MiB)
Memory usage after collect: 1623.11328125 MiB (Increase: 0.0 MiB)
Memory usage before initialization: 1623.11328125 MiB (Increase: 0.0 MiB)
Memory usage after initialization: 1623.11328125 MiB (Increase: 0.0 MiB)
Current lengths of episodes: [1600]
Memory usage at done (index 0, length 1600, since_prev 1600): 1623.11328125 MiB (Increase: 0.0 MiB)
Memory usage before reset: 1623.11328125 MiB (Increase: 0.0 MiB)
Memory usage after reset: 1623.11328125 MiB (Increase: 0.0 MiB)
Training episode 716
Memory usage at middle: 1623.11328125 MiB (Increase: 0.0 MiB)
Memory usage before collect: 1623.11328125 MiB (Increase: 0.0 MiB)
Memory usage after collect: 1623.11328125 MiB (Increase: 0.0 MiB)
Memory usage before initialization: 1623.11328125 MiB (Increase: 0.0 MiB)
Memory usage after initialization: 1623.11328125 MiB (Increase: 0.0 MiB)
Current lengths of episodes: [1600]
Memory usage at done (index 0, length 1600, since_prev 1600): 1623.11328125 MiB (Increase: 0.0 MiB)
Memory usage before reset: 1623.11328125 MiB (Increase: 0.0 MiB)
Memory usage after reset: 1623.11328125 MiB (Increase: 0.0 MiB)
Training episode 717
Memory usage at middle: 1623.11328125 MiB (Increase: 0.0 MiB)
Memory usage before collect: 1623.11328125 MiB (Increase: 0.0 MiB)
Memory usage after collect: 1623.11328125 MiB (Increase: 0.0 MiB)
Memory usage before initialization: 1623.11328125 MiB (Increase: 0.0 MiB)
Memory usage after initialization: 1623.11328125 MiB (Increase: 0.0 MiB)
Current lengths of episodes: [154]
Memory usage at done (index 0, length 154, since_prev 154): 1623.11328125 MiB (Increase: 0.0 MiB)
Memory usage before reset: 1623.11328125 MiB (Increase: 0.0 MiB)
Memory usage after reset: 1623.11328125 MiB (Increase: 0.0 MiB)
Training episode 718
Memory usage at middle: 1623.11328125 MiB (Increase: 0.0 MiB)
Memory usage before collect: 1623.11328125 MiB (Increase: 0.0 MiB)
Memory usage after collect: 1623.11328125 MiB (Increase: 0.0 MiB)
Memory usage before initialization: 1623.11328125 MiB (Increase: 0.0 MiB)
Memory usage after initialization: 1623.11328125 MiB (Increase: 0.0 MiB)
Current lengths of episodes: [115]
Memory usage at done (index 0, length 115, since_prev 115): 1623.11328125 MiB (Increase: 0.0 MiB)
Memory usage before reset: 1623.11328125 MiB (Increase: 0.0 MiB)
Memory usage after reset: 1623.11328125 MiB (Increase: 0.0 MiB)
Training episode 719
Memory usage at middle: 1623.11328125 MiB (Increase: 0.0 MiB)
Memory usage before collect: 1623.11328125 MiB (Increase: 0.0 MiB)
Memory usage after collect: 1623.11328125 MiB (Increase: 0.0 MiB)
Memory usage before initialization: 1623.11328125 MiB (Increase: 0.0 MiB)
Memory usage after initialization: 1623.11328125 MiB (Increase: 0.0 MiB)
Current lengths of episodes: [1600]
Memory usage at done (index 0, length 1600, since_prev 1600): 1623.11328125 MiB (Increase: 0.0 MiB)
Memory usage before reset: 1623.11328125 MiB (Increase: 0.0 MiB)
Memory usage after reset: 1623.11328125 MiB (Increase: 0.0 MiB)
Training episode 720
Memory usage at middle: 1623.11328125 MiB (Increase: 0.0 MiB)
Memory usage before collect: 1623.11328125 MiB (Increase: 0.0 MiB)
Memory usage after collect: 1623.11328125 MiB (Increase: 0.0 MiB)
Memory usage before initialization: 1623.11328125 MiB (Increase: 0.0 MiB)
Memory usage after initialization: 1623.11328125 MiB (Increase: 0.0 MiB)
Current lengths of episodes: [1600]
Memory usage at done (index 0, length 1600, since_prev 1600): 1623.11328125 MiB (Increase: 0.0 MiB)
Memory usage before reset: 1623.11328125 MiB (Increase: 0.0 MiB)
Memory usage after reset: 1623.11328125 MiB (Increase: 0.0 MiB)
Training episode 721
Memory usage at middle: 1623.11328125 MiB (Increase: 0.0 MiB)
Memory usage before collect: 1623.11328125 MiB (Increase: 0.0 MiB)
Memory usage after collect: 1623.11328125 MiB (Increase: 0.0 MiB)
Memory usage before initialization: 1623.11328125 MiB (Increase: 0.0 MiB)
Memory usage after initialization: 1623.11328125 MiB (Increase: 0.0 MiB)
Current lengths of episodes: [1600]
Memory usage at done (index 0, length 1600, since_prev 1600): 1623.11328125 MiB (Increase: 0.0 MiB)
Memory usage before reset: 1623.11328125 MiB (Increase: 0.0 MiB)
Memory usage after reset: 1623.11328125 MiB (Increase: 0.0 MiB)
Training episode 722
Memory usage at middle: 1623.11328125 MiB (Increase: 0.0 MiB)
Memory usage before collect: 1623.11328125 MiB (Increase: 0.0 MiB)
Memory usage after collect: 1623.11328125 MiB (Increase: 0.0 MiB)
Memory usage before initialization: 1623.11328125 MiB (Increase: 0.0 MiB)
Memory usage after initialization: 1623.11328125 MiB (Increase: 0.0 MiB)
Current lengths of episodes: [1600]
Memory usage at done (index 0, length 1600, since_prev 1600): 1623.11328125 MiB (Increase: 0.0 MiB)
Memory usage before reset: 1623.11328125 MiB (Increase: 0.0 MiB)
Memory usage after reset: 1623.11328125 MiB (Increase: 0.0 MiB)
Training episode 723
Memory usage at middle: 1623.11328125 MiB (Increase: 0.0 MiB)
Memory usage before collect: 1623.11328125 MiB (Increase: 0.0 MiB)
Memory usage after collect: 1623.11328125 MiB (Increase: 0.0 MiB)
Memory usage before initialization: 1623.11328125 MiB (Increase: 0.0 MiB)
Memory usage after initialization: 1623.11328125 MiB (Increase: 0.0 MiB)
Current lengths of episodes: [1600]
Memory usage at done (index 0, length 1600, since_prev 1600): 1623.11328125 MiB (Increase: 0.0 MiB)
Memory usage before reset: 1623.11328125 MiB (Increase: 0.0 MiB)
Memory usage after reset: 1623.11328125 MiB (Increase: 0.0 MiB)
Training episode 724
Memory usage at middle: 1623.11328125 MiB (Increase: 0.0 MiB)
Memory usage before collect: 1623.11328125 MiB (Increase: 0.0 MiB)
Memory usage after collect: 1623.11328125 MiB (Increase: 0.0 MiB)
Memory usage before initialization: 1623.11328125 MiB (Increase: 0.0 MiB)
Memory usage after initialization: 1623.11328125 MiB (Increase: 0.0 MiB)
Current lengths of episodes: [70]
Memory usage at done (index 0, length 70, since_prev 70): 1623.11328125 MiB (Increase: 0.0 MiB)
Memory usage before reset: 1623.11328125 MiB (Increase: 0.0 MiB)
Memory usage after reset: 1623.11328125 MiB (Increase: 0.0 MiB)
Training episode 725
Memory usage at middle: 1623.11328125 MiB (Increase: 0.0 MiB)
Memory usage before collect: 1623.11328125 MiB (Increase: 0.0 MiB)
Memory usage after collect: 1623.11328125 MiB (Increase: 0.0 MiB)
Memory usage before initialization: 1623.11328125 MiB (Increase: 0.0 MiB)
Memory usage after initialization: 1623.11328125 MiB (Increase: 0.0 MiB)
Current lengths of episodes: [79]
Memory usage at done (index 0, length 79, since_prev 79): 1623.11328125 MiB (Increase: 0.0 MiB)
Memory usage before reset: 1623.11328125 MiB (Increase: 0.0 MiB)
Memory usage after reset: 1623.11328125 MiB (Increase: 0.0 MiB)
Training episode 726
Memory usage at middle: 1623.11328125 MiB (Increase: 0.0 MiB)
Memory usage before collect: 1623.11328125 MiB (Increase: 0.0 MiB)
Memory usage after collect: 1623.11328125 MiB (Increase: 0.0 MiB)
Memory usage before initialization: 1623.11328125 MiB (Increase: 0.0 MiB)
Memory usage after initialization: 1623.11328125 MiB (Increase: 0.0 MiB)
Current lengths of episodes: [1600]
Memory usage at done (index 0, length 1600, since_prev 1600): 1623.11328125 MiB (Increase: 0.0 MiB)
Memory usage before reset: 1623.11328125 MiB (Increase: 0.0 MiB)
Memory usage after reset: 1623.11328125 MiB (Increase: 0.0 MiB)
Training episode 727
Memory usage at middle: 1623.11328125 MiB (Increase: 0.0 MiB)
Memory usage before collect: 1623.11328125 MiB (Increase: 0.0 MiB)
Memory usage after collect: 1623.11328125 MiB (Increase: 0.0 MiB)
Memory usage before initialization: 1623.11328125 MiB (Increase: 0.0 MiB)
Memory usage after initialization: 1623.11328125 MiB (Increase: 0.0 MiB)
Current lengths of episodes: [1600]
Memory usage at done (index 0, length 1600, since_prev 1600): 1623.11328125 MiB (Increase: 0.0 MiB)
Memory usage before reset: 1623.11328125 MiB (Increase: 0.0 MiB)
Memory usage after reset: 1623.11328125 MiB (Increase: 0.0 MiB)
Training episode 728
Memory usage at middle: 1623.11328125 MiB (Increase: 0.0 MiB)
Memory usage before collect: 1623.11328125 MiB (Increase: 0.0 MiB)
Memory usage after collect: 1623.11328125 MiB (Increase: 0.0 MiB)
Memory usage before initialization: 1623.11328125 MiB (Increase: 0.0 MiB)
Memory usage after initialization: 1623.11328125 MiB (Increase: 0.0 MiB)
Current lengths of episodes: [1600]
Memory usage at done (index 0, length 1600, since_prev 1600): 1623.11328125 MiB (Increase: 0.0 MiB)
Memory usage before reset: 1623.11328125 MiB (Increase: 0.0 MiB)
Memory usage after reset: 1623.11328125 MiB (Increase: 0.0 MiB)
Training episode 729
Memory usage at middle: 1623.11328125 MiB (Increase: 0.0 MiB)
Memory usage before collect: 1623.11328125 MiB (Increase: 0.0 MiB)
Memory usage after collect: 1623.11328125 MiB (Increase: 0.0 MiB)
Memory usage before initialization: 1623.11328125 MiB (Increase: 0.0 MiB)
Memory usage after initialization: 1623.11328125 MiB (Increase: 0.0 MiB)
Current lengths of episodes: [1600]
Memory usage at done (index 0, length 1600, since_prev 1600): 1623.11328125 MiB (Increase: 0.0 MiB)
Memory usage before reset: 1623.11328125 MiB (Increase: 0.0 MiB)
Memory usage after reset: 1623.11328125 MiB (Increase: 0.0 MiB)
Training episode 730
Memory usage at middle: 1623.11328125 MiB (Increase: 0.0 MiB)
Memory usage before collect: 1623.11328125 MiB (Increase: 0.0 MiB)
Memory usage after collect: 1623.11328125 MiB (Increase: 0.0 MiB)
Memory usage before initialization: 1623.11328125 MiB (Increase: 0.0 MiB)
Memory usage after initialization: 1623.11328125 MiB (Increase: 0.0 MiB)
Current lengths of episodes: [1600]
Memory usage at done (index 0, length 1600, since_prev 1600): 1623.11328125 MiB (Increase: 0.0 MiB)
Memory usage before reset: 1623.11328125 MiB (Increase: 0.0 MiB)
Memory usage after reset: 1623.11328125 MiB (Increase: 0.0 MiB)
Training episode 731
Memory usage at middle: 1623.11328125 MiB (Increase: 0.0 MiB)
Memory usage before collect: 1623.11328125 MiB (Increase: 0.0 MiB)
Memory usage after collect: 1623.11328125 MiB (Increase: 0.0 MiB)
Memory usage before initialization: 1623.11328125 MiB (Increase: 0.0 MiB)
Memory usage after initialization: 1623.11328125 MiB (Increase: 0.0 MiB)
Current lengths of episodes: [1600]
Memory usage at done (index 0, length 1600, since_prev 1600): 1623.11328125 MiB (Increase: 0.0 MiB)
Memory usage before reset: 1623.11328125 MiB (Increase: 0.0 MiB)
Memory usage after reset: 1623.11328125 MiB (Increase: 0.0 MiB)
Training episode 732
Memory usage at middle: 1623.11328125 MiB (Increase: 0.0 MiB)
Memory usage before collect: 1623.11328125 MiB (Increase: 0.0 MiB)
Memory usage after collect: 1623.11328125 MiB (Increase: 0.0 MiB)
Memory usage before initialization: 1623.11328125 MiB (Increase: 0.0 MiB)
Memory usage after initialization: 1623.11328125 MiB (Increase: 0.0 MiB)
Current lengths of episodes: [1600]
Memory usage at done (index 0, length 1600, since_prev 1600): 1623.11328125 MiB (Increase: 0.0 MiB)
Memory usage before reset: 1623.11328125 MiB (Increase: 0.0 MiB)
Memory usage after reset: 1623.11328125 MiB (Increase: 0.0 MiB)
Training episode 733
Memory usage at middle: 1623.11328125 MiB (Increase: 0.0 MiB)
Memory usage before collect: 1623.11328125 MiB (Increase: 0.0 MiB)
Memory usage after collect: 1623.11328125 MiB (Increase: 0.0 MiB)
Memory usage before initialization: 1623.11328125 MiB (Increase: 0.0 MiB)
Memory usage after initialization: 1623.11328125 MiB (Increase: 0.0 MiB)
Current lengths of episodes: [57]
Memory usage at done (index 0, length 57, since_prev 57): 1623.11328125 MiB (Increase: 0.0 MiB)
Memory usage before reset: 1623.11328125 MiB (Increase: 0.0 MiB)
Memory usage after reset: 1623.11328125 MiB (Increase: 0.0 MiB)
Training episode 734
Memory usage at middle: 1623.11328125 MiB (Increase: 0.0 MiB)
Memory usage before collect: 1623.11328125 MiB (Increase: 0.0 MiB)
Memory usage after collect: 1623.11328125 MiB (Increase: 0.0 MiB)
Memory usage before initialization: 1623.11328125 MiB (Increase: 0.0 MiB)
Memory usage after initialization: 1623.11328125 MiB (Increase: 0.0 MiB)
Current lengths of episodes: [79]
Memory usage at done (index 0, length 79, since_prev 79): 1623.11328125 MiB (Increase: 0.0 MiB)
Memory usage before reset: 1623.11328125 MiB (Increase: 0.0 MiB)
Memory usage after reset: 1623.11328125 MiB (Increase: 0.0 MiB)
Training episode 735
Memory usage at middle: 1623.11328125 MiB (Increase: 0.0 MiB)
Memory usage before collect: 1623.11328125 MiB (Increase: 0.0 MiB)
Memory usage after collect: 1623.11328125 MiB (Increase: 0.0 MiB)
Memory usage before initialization: 1623.11328125 MiB (Increase: 0.0 MiB)
Memory usage after initialization: 1623.11328125 MiB (Increase: 0.0 MiB)
Current lengths of episodes: [1600]
Memory usage at done (index 0, length 1600, since_prev 1600): 1623.11328125 MiB (Increase: 0.0 MiB)
Memory usage before reset: 1623.11328125 MiB (Increase: 0.0 MiB)
Memory usage after reset: 1623.11328125 MiB (Increase: 0.0 MiB)
Training episode 736
Memory usage at middle: 1623.11328125 MiB (Increase: 0.0 MiB)
Memory usage before collect: 1623.11328125 MiB (Increase: 0.0 MiB)
Memory usage after collect: 1623.11328125 MiB (Increase: 0.0 MiB)
Memory usage before initialization: 1623.11328125 MiB (Increase: 0.0 MiB)
Memory usage after initialization: 1623.11328125 MiB (Increase: 0.0 MiB)
Current lengths of episodes: [1600]
Memory usage at done (index 0, length 1600, since_prev 1600): 1623.11328125 MiB (Increase: 0.0 MiB)
Memory usage before reset: 1623.11328125 MiB (Increase: 0.0 MiB)
Memory usage after reset: 1623.11328125 MiB (Increase: 0.0 MiB)
Training episode 737
Memory usage at middle: 1623.11328125 MiB (Increase: 0.0 MiB)
Memory usage before collect: 1623.11328125 MiB (Increase: 0.0 MiB)
Memory usage after collect: 1623.11328125 MiB (Increase: 0.0 MiB)
Memory usage before initialization: 1623.11328125 MiB (Increase: 0.0 MiB)
Memory usage after initialization: 1623.11328125 MiB (Increase: 0.0 MiB)
Current lengths of episodes: [66]
Memory usage at done (index 0, length 66, since_prev 66): 1623.11328125 MiB (Increase: 0.0 MiB)
Memory usage before reset: 1623.11328125 MiB (Increase: 0.0 MiB)
Memory usage after reset: 1623.11328125 MiB (Increase: 0.0 MiB)
Training episode 738
Memory usage at middle: 1623.11328125 MiB (Increase: 0.0 MiB)
Memory usage before collect: 1623.11328125 MiB (Increase: 0.0 MiB)
Memory usage after collect: 1623.11328125 MiB (Increase: 0.0 MiB)
Memory usage before initialization: 1623.11328125 MiB (Increase: 0.0 MiB)
Memory usage after initialization: 1623.11328125 MiB (Increase: 0.0 MiB)
Current lengths of episodes: [1600]
Memory usage at done (index 0, length 1600, since_prev 1600): 1623.11328125 MiB (Increase: 0.0 MiB)
Memory usage before reset: 1623.11328125 MiB (Increase: 0.0 MiB)
Memory usage after reset: 1623.11328125 MiB (Increase: 0.0 MiB)
Training episode 739
Memory usage at middle: 1623.11328125 MiB (Increase: 0.0 MiB)
Memory usage before collect: 1623.11328125 MiB (Increase: 0.0 MiB)
Memory usage after collect: 1623.11328125 MiB (Increase: 0.0 MiB)
Memory usage before initialization: 1623.11328125 MiB (Increase: 0.0 MiB)
Memory usage after initialization: 1623.11328125 MiB (Increase: 0.0 MiB)
Current lengths of episodes: [1600]
Memory usage at done (index 0, length 1600, since_prev 1600): 1623.11328125 MiB (Increase: 0.0 MiB)
Memory usage before reset: 1623.11328125 MiB (Increase: 0.0 MiB)
Memory usage after reset: 1623.11328125 MiB (Increase: 0.0 MiB)
Training episode 740
Memory usage at middle: 1623.11328125 MiB (Increase: 0.0 MiB)
Memory usage before collect: 1623.11328125 MiB (Increase: 0.0 MiB)
Memory usage after collect: 1623.11328125 MiB (Increase: 0.0 MiB)
Memory usage before initialization: 1623.11328125 MiB (Increase: 0.0 MiB)
Memory usage after initialization: 1623.11328125 MiB (Increase: 0.0 MiB)
Current lengths of episodes: [73]
Memory usage at done (index 0, length 73, since_prev 73): 1623.11328125 MiB (Increase: 0.0 MiB)
Memory usage before reset: 1623.11328125 MiB (Increase: 0.0 MiB)
Memory usage after reset: 1623.11328125 MiB (Increase: 0.0 MiB)
Training episode 741
Memory usage at middle: 1623.11328125 MiB (Increase: 0.0 MiB)
Memory usage before collect: 1623.11328125 MiB (Increase: 0.0 MiB)
Memory usage after collect: 1623.11328125 MiB (Increase: 0.0 MiB)
Memory usage before initialization: 1623.11328125 MiB (Increase: 0.0 MiB)
Memory usage after initialization: 1623.11328125 MiB (Increase: 0.0 MiB)
Current lengths of episodes: [75]
Memory usage at done (index 0, length 75, since_prev 75): 1623.11328125 MiB (Increase: 0.0 MiB)
Memory usage before reset: 1623.11328125 MiB (Increase: 0.0 MiB)
Memory usage after reset: 1623.11328125 MiB (Increase: 0.0 MiB)
Training episode 742
Memory usage at middle: 1623.11328125 MiB (Increase: 0.0 MiB)
Memory usage before collect: 1623.11328125 MiB (Increase: 0.0 MiB)
Memory usage after collect: 1623.11328125 MiB (Increase: 0.0 MiB)
Memory usage before initialization: 1623.11328125 MiB (Increase: 0.0 MiB)
Memory usage after initialization: 1623.11328125 MiB (Increase: 0.0 MiB)
Current lengths of episodes: [1600]
Memory usage at done (index 0, length 1600, since_prev 1600): 1623.11328125 MiB (Increase: 0.0 MiB)
Memory usage before reset: 1623.11328125 MiB (Increase: 0.0 MiB)
Memory usage after reset: 1623.11328125 MiB (Increase: 0.0 MiB)
Training episode 743
Memory usage at middle: 1623.11328125 MiB (Increase: 0.0 MiB)
Memory usage before collect: 1623.11328125 MiB (Increase: 0.0 MiB)
Memory usage after collect: 1623.11328125 MiB (Increase: 0.0 MiB)
Memory usage before initialization: 1623.11328125 MiB (Increase: 0.0 MiB)
Memory usage after initialization: 1623.11328125 MiB (Increase: 0.0 MiB)
Current lengths of episodes: [1600]
Memory usage at done (index 0, length 1600, since_prev 1600): 1623.11328125 MiB (Increase: 0.0 MiB)
Memory usage before reset: 1623.11328125 MiB (Increase: 0.0 MiB)
Memory usage after reset: 1623.11328125 MiB (Increase: 0.0 MiB)
Training episode 744
Memory usage at middle: 1623.11328125 MiB (Increase: 0.0 MiB)
Memory usage before collect: 1623.11328125 MiB (Increase: 0.0 MiB)
Memory usage after collect: 1623.11328125 MiB (Increase: 0.0 MiB)
Memory usage before initialization: 1623.11328125 MiB (Increase: 0.0 MiB)
Memory usage after initialization: 1623.11328125 MiB (Increase: 0.0 MiB)
Current lengths of episodes: [1309]
Memory usage at done (index 0, length 1309, since_prev 1309): 1623.11328125 MiB (Increase: 0.0 MiB)
Memory usage before reset: 1623.11328125 MiB (Increase: 0.0 MiB)
Memory usage after reset: 1623.11328125 MiB (Increase: 0.0 MiB)
Training episode 745
Memory usage at middle: 1623.11328125 MiB (Increase: 0.0 MiB)
Memory usage before collect: 1623.11328125 MiB (Increase: 0.0 MiB)
Memory usage after collect: 1623.11328125 MiB (Increase: 0.0 MiB)
Memory usage before initialization: 1623.11328125 MiB (Increase: 0.0 MiB)
Memory usage after initialization: 1623.11328125 MiB (Increase: 0.0 MiB)
Current lengths of episodes: [80]
Memory usage at done (index 0, length 80, since_prev 80): 1623.11328125 MiB (Increase: 0.0 MiB)
Memory usage before reset: 1623.11328125 MiB (Increase: 0.0 MiB)
Memory usage after reset: 1623.11328125 MiB (Increase: 0.0 MiB)
Training episode 746
Memory usage at middle: 1623.11328125 MiB (Increase: 0.0 MiB)
Memory usage before collect: 1623.11328125 MiB (Increase: 0.0 MiB)
Memory usage after collect: 1623.11328125 MiB (Increase: 0.0 MiB)
Memory usage before initialization: 1623.11328125 MiB (Increase: 0.0 MiB)
Memory usage after initialization: 1623.11328125 MiB (Increase: 0.0 MiB)
Current lengths of episodes: [43]
Memory usage at done (index 0, length 43, since_prev 43): 1623.11328125 MiB (Increase: 0.0 MiB)
Memory usage before reset: 1623.11328125 MiB (Increase: 0.0 MiB)
Memory usage after reset: 1623.11328125 MiB (Increase: 0.0 MiB)
Training episode 747
Memory usage at middle: 1623.11328125 MiB (Increase: 0.0 MiB)
Memory usage before collect: 1623.11328125 MiB (Increase: 0.0 MiB)
Memory usage after collect: 1623.11328125 MiB (Increase: 0.0 MiB)
Memory usage before initialization: 1623.11328125 MiB (Increase: 0.0 MiB)
Memory usage after initialization: 1623.11328125 MiB (Increase: 0.0 MiB)
Current lengths of episodes: [1600]
Memory usage at done (index 0, length 1600, since_prev 1600): 1623.11328125 MiB (Increase: 0.0 MiB)
Memory usage before reset: 1623.11328125 MiB (Increase: 0.0 MiB)
Memory usage after reset: 1623.11328125 MiB (Increase: 0.0 MiB)
Training episode 748
Memory usage at middle: 1623.11328125 MiB (Increase: 0.0 MiB)
Memory usage before collect: 1623.11328125 MiB (Increase: 0.0 MiB)
Memory usage after collect: 1623.11328125 MiB (Increase: 0.0 MiB)
Memory usage before initialization: 1623.11328125 MiB (Increase: 0.0 MiB)
Memory usage after initialization: 1623.11328125 MiB (Increase: 0.0 MiB)
Current lengths of episodes: [53]
Memory usage at done (index 0, length 53, since_prev 53): 1623.11328125 MiB (Increase: 0.0 MiB)
Memory usage before reset: 1623.11328125 MiB (Increase: 0.0 MiB)
Memory usage after reset: 1623.11328125 MiB (Increase: 0.0 MiB)
Training episode 749
Memory usage at middle: 1623.11328125 MiB (Increase: 0.0 MiB)
Memory usage before collect: 1623.11328125 MiB (Increase: 0.0 MiB)
Memory usage after collect: 1623.11328125 MiB (Increase: 0.0 MiB)
Memory usage before initialization: 1623.11328125 MiB (Increase: 0.0 MiB)
Memory usage after initialization: 1623.11328125 MiB (Increase: 0.0 MiB)
Current lengths of episodes: [290]
Memory usage at done (index 0, length 290, since_prev 290): 1623.11328125 MiB (Increase: 0.0 MiB)
Memory usage before reset: 1623.11328125 MiB (Increase: 0.0 MiB)
Memory usage after reset: 1623.11328125 MiB (Increase: 0.0 MiB)
Training episode 750
Memory usage at middle: 1623.11328125 MiB (Increase: 0.0 MiB)
Memory usage before collect: 1623.11328125 MiB (Increase: 0.0 MiB)
Memory usage after collect: 1623.11328125 MiB (Increase: 0.0 MiB)
Episode 750	Average evaluation: -20.843574244794432
Memory usage before initialization: 1623.11328125 MiB (Increase: 0.0 MiB)
Memory usage after initialization: 1623.11328125 MiB (Increase: 0.0 MiB)
Current lengths of episodes: [1600]
Memory usage at done (index 0, length 1600, since_prev 1600): 1623.11328125 MiB (Increase: 0.0 MiB)
Memory usage before reset: 1623.11328125 MiB (Increase: 0.0 MiB)
Memory usage after reset: 1623.11328125 MiB (Increase: 0.0 MiB)
Training episode 751
Memory usage at middle: 1623.11328125 MiB (Increase: 0.0 MiB)
Memory usage before collect: 1623.11328125 MiB (Increase: 0.0 MiB)
Memory usage after collect: 1623.11328125 MiB (Increase: 0.0 MiB)
Memory usage before initialization: 1623.11328125 MiB (Increase: 0.0 MiB)
Memory usage after initialization: 1623.11328125 MiB (Increase: 0.0 MiB)
Current lengths of episodes: [92]
Memory usage at done (index 0, length 92, since_prev 92): 1623.11328125 MiB (Increase: 0.0 MiB)
Memory usage before reset: 1623.11328125 MiB (Increase: 0.0 MiB)
Memory usage after reset: 1623.11328125 MiB (Increase: 0.0 MiB)
Training episode 752
Memory usage at middle: 1623.11328125 MiB (Increase: 0.0 MiB)
Memory usage before collect: 1623.11328125 MiB (Increase: 0.0 MiB)
Memory usage after collect: 1623.11328125 MiB (Increase: 0.0 MiB)
Memory usage before initialization: 1623.11328125 MiB (Increase: 0.0 MiB)
Memory usage after initialization: 1623.11328125 MiB (Increase: 0.0 MiB)
Current lengths of episodes: [1600]
Memory usage at done (index 0, length 1600, since_prev 1600): 1623.11328125 MiB (Increase: 0.0 MiB)
Memory usage before reset: 1623.11328125 MiB (Increase: 0.0 MiB)
Memory usage after reset: 1623.11328125 MiB (Increase: 0.0 MiB)
Training episode 753
Memory usage at middle: 1623.11328125 MiB (Increase: 0.0 MiB)
Memory usage before collect: 1623.11328125 MiB (Increase: 0.0 MiB)
Memory usage after collect: 1623.11328125 MiB (Increase: 0.0 MiB)
Memory usage before initialization: 1623.11328125 MiB (Increase: 0.0 MiB)
Memory usage after initialization: 1623.11328125 MiB (Increase: 0.0 MiB)
Current lengths of episodes: [1600]
Memory usage at done (index 0, length 1600, since_prev 1600): 1623.11328125 MiB (Increase: 0.0 MiB)
Memory usage before reset: 1623.11328125 MiB (Increase: 0.0 MiB)
Memory usage after reset: 1623.11328125 MiB (Increase: 0.0 MiB)
Training episode 754
Memory usage at middle: 1623.11328125 MiB (Increase: 0.0 MiB)
Memory usage before collect: 1623.11328125 MiB (Increase: 0.0 MiB)
Memory usage after collect: 1623.11328125 MiB (Increase: 0.0 MiB)
Memory usage before initialization: 1623.11328125 MiB (Increase: 0.0 MiB)
Memory usage after initialization: 1623.11328125 MiB (Increase: 0.0 MiB)
Current lengths of episodes: [77]
Memory usage at done (index 0, length 77, since_prev 77): 1623.11328125 MiB (Increase: 0.0 MiB)
Memory usage before reset: 1623.11328125 MiB (Increase: 0.0 MiB)
Memory usage after reset: 1623.11328125 MiB (Increase: 0.0 MiB)
Training episode 755
Memory usage at middle: 1623.11328125 MiB (Increase: 0.0 MiB)
Memory usage before collect: 1623.11328125 MiB (Increase: 0.0 MiB)
Memory usage after collect: 1623.11328125 MiB (Increase: 0.0 MiB)
Memory usage before initialization: 1623.11328125 MiB (Increase: 0.0 MiB)
Memory usage after initialization: 1623.11328125 MiB (Increase: 0.0 MiB)
Current lengths of episodes: [1600]
Memory usage at done (index 0, length 1600, since_prev 1600): 1623.11328125 MiB (Increase: 0.0 MiB)
Memory usage before reset: 1623.11328125 MiB (Increase: 0.0 MiB)
Memory usage after reset: 1623.11328125 MiB (Increase: 0.0 MiB)
Training episode 756
Memory usage at middle: 1623.11328125 MiB (Increase: 0.0 MiB)
Memory usage before collect: 1623.11328125 MiB (Increase: 0.0 MiB)
Memory usage after collect: 1623.11328125 MiB (Increase: 0.0 MiB)
Memory usage before initialization: 1623.11328125 MiB (Increase: 0.0 MiB)
Memory usage after initialization: 1623.11328125 MiB (Increase: 0.0 MiB)
Current lengths of episodes: [58]
Memory usage at done (index 0, length 58, since_prev 58): 1623.11328125 MiB (Increase: 0.0 MiB)
Memory usage before reset: 1623.11328125 MiB (Increase: 0.0 MiB)
Memory usage after reset: 1623.11328125 MiB (Increase: 0.0 MiB)
Training episode 757
Memory usage at middle: 1623.11328125 MiB (Increase: 0.0 MiB)
Memory usage before collect: 1623.11328125 MiB (Increase: 0.0 MiB)
Memory usage after collect: 1623.11328125 MiB (Increase: 0.0 MiB)
Memory usage before initialization: 1623.11328125 MiB (Increase: 0.0 MiB)
Memory usage after initialization: 1623.11328125 MiB (Increase: 0.0 MiB)
Current lengths of episodes: [87]
Memory usage at done (index 0, length 87, since_prev 87): 1623.11328125 MiB (Increase: 0.0 MiB)
Memory usage before reset: 1623.11328125 MiB (Increase: 0.0 MiB)
Memory usage after reset: 1623.11328125 MiB (Increase: 0.0 MiB)
Training episode 758
Memory usage at middle: 1623.11328125 MiB (Increase: 0.0 MiB)
Memory usage before collect: 1623.11328125 MiB (Increase: 0.0 MiB)
Memory usage after collect: 1623.11328125 MiB (Increase: 0.0 MiB)
Memory usage before initialization: 1623.11328125 MiB (Increase: 0.0 MiB)
Memory usage after initialization: 1623.11328125 MiB (Increase: 0.0 MiB)
Current lengths of episodes: [75]
Memory usage at done (index 0, length 75, since_prev 75): 1623.11328125 MiB (Increase: 0.0 MiB)
Memory usage before reset: 1623.11328125 MiB (Increase: 0.0 MiB)
Memory usage after reset: 1623.11328125 MiB (Increase: 0.0 MiB)
Training episode 759
Memory usage at middle: 1623.11328125 MiB (Increase: 0.0 MiB)
Memory usage before collect: 1623.11328125 MiB (Increase: 0.0 MiB)
Memory usage after collect: 1623.11328125 MiB (Increase: 0.0 MiB)
Memory usage before initialization: 1623.11328125 MiB (Increase: 0.0 MiB)
Memory usage after initialization: 1623.11328125 MiB (Increase: 0.0 MiB)
Current lengths of episodes: [89]
Memory usage at done (index 0, length 89, since_prev 89): 1623.11328125 MiB (Increase: 0.0 MiB)
Memory usage before reset: 1623.11328125 MiB (Increase: 0.0 MiB)
Memory usage after reset: 1623.11328125 MiB (Increase: 0.0 MiB)
Training episode 760
Memory usage at middle: 1623.11328125 MiB (Increase: 0.0 MiB)
Memory usage before collect: 1623.11328125 MiB (Increase: 0.0 MiB)
Memory usage after collect: 1623.11328125 MiB (Increase: 0.0 MiB)
Memory usage before initialization: 1623.11328125 MiB (Increase: 0.0 MiB)
Memory usage after initialization: 1623.11328125 MiB (Increase: 0.0 MiB)
Current lengths of episodes: [68]
Memory usage at done (index 0, length 68, since_prev 68): 1623.11328125 MiB (Increase: 0.0 MiB)
Memory usage before reset: 1623.11328125 MiB (Increase: 0.0 MiB)
Memory usage after reset: 1623.11328125 MiB (Increase: 0.0 MiB)
Training episode 761
Memory usage at middle: 1623.11328125 MiB (Increase: 0.0 MiB)
Memory usage before collect: 1623.11328125 MiB (Increase: 0.0 MiB)
Memory usage after collect: 1623.11328125 MiB (Increase: 0.0 MiB)
Memory usage before initialization: 1623.11328125 MiB (Increase: 0.0 MiB)
Memory usage after initialization: 1623.11328125 MiB (Increase: 0.0 MiB)
Current lengths of episodes: [1600]
Memory usage at done (index 0, length 1600, since_prev 1600): 1623.11328125 MiB (Increase: 0.0 MiB)
Memory usage before reset: 1623.11328125 MiB (Increase: 0.0 MiB)
Memory usage after reset: 1623.11328125 MiB (Increase: 0.0 MiB)
Training episode 762
Memory usage at middle: 1623.11328125 MiB (Increase: 0.0 MiB)
Memory usage before collect: 1623.11328125 MiB (Increase: 0.0 MiB)
Memory usage after collect: 1623.11328125 MiB (Increase: 0.0 MiB)
Memory usage before initialization: 1623.11328125 MiB (Increase: 0.0 MiB)
Memory usage after initialization: 1623.11328125 MiB (Increase: 0.0 MiB)
Current lengths of episodes: [1600]
Memory usage at done (index 0, length 1600, since_prev 1600): 1623.11328125 MiB (Increase: 0.0 MiB)
Memory usage before reset: 1623.11328125 MiB (Increase: 0.0 MiB)
Memory usage after reset: 1623.11328125 MiB (Increase: 0.0 MiB)
Training episode 763
Memory usage at middle: 1623.11328125 MiB (Increase: 0.0 MiB)
Memory usage before collect: 1623.11328125 MiB (Increase: 0.0 MiB)
Memory usage after collect: 1623.11328125 MiB (Increase: 0.0 MiB)
Memory usage before initialization: 1623.11328125 MiB (Increase: 0.0 MiB)
Memory usage after initialization: 1623.11328125 MiB (Increase: 0.0 MiB)
Current lengths of episodes: [63]
Memory usage at done (index 0, length 63, since_prev 63): 1623.11328125 MiB (Increase: 0.0 MiB)
Memory usage before reset: 1623.11328125 MiB (Increase: 0.0 MiB)
Memory usage after reset: 1623.11328125 MiB (Increase: 0.0 MiB)
Training episode 764
Memory usage at middle: 1623.11328125 MiB (Increase: 0.0 MiB)
Memory usage before collect: 1623.11328125 MiB (Increase: 0.0 MiB)
Memory usage after collect: 1623.11328125 MiB (Increase: 0.0 MiB)
Memory usage before initialization: 1623.11328125 MiB (Increase: 0.0 MiB)
Memory usage after initialization: 1623.11328125 MiB (Increase: 0.0 MiB)
Current lengths of episodes: [1600]
Memory usage at done (index 0, length 1600, since_prev 1600): 1623.11328125 MiB (Increase: 0.0 MiB)
Memory usage before reset: 1623.11328125 MiB (Increase: 0.0 MiB)
Memory usage after reset: 1623.11328125 MiB (Increase: 0.0 MiB)
Training episode 765
Memory usage at middle: 1623.11328125 MiB (Increase: 0.0 MiB)
Memory usage before collect: 1623.11328125 MiB (Increase: 0.0 MiB)
Memory usage after collect: 1623.11328125 MiB (Increase: 0.0 MiB)
Memory usage before initialization: 1623.11328125 MiB (Increase: 0.0 MiB)
Memory usage after initialization: 1623.11328125 MiB (Increase: 0.0 MiB)
Current lengths of episodes: [1600]
Memory usage at done (index 0, length 1600, since_prev 1600): 1623.11328125 MiB (Increase: 0.0 MiB)
Memory usage before reset: 1623.11328125 MiB (Increase: 0.0 MiB)
Memory usage after reset: 1623.11328125 MiB (Increase: 0.0 MiB)
Training episode 766
Memory usage at middle: 1623.11328125 MiB (Increase: 0.0 MiB)
Memory usage before collect: 1623.11328125 MiB (Increase: 0.0 MiB)
Memory usage after collect: 1623.11328125 MiB (Increase: 0.0 MiB)
Memory usage before initialization: 1623.11328125 MiB (Increase: 0.0 MiB)
Memory usage after initialization: 1623.11328125 MiB (Increase: 0.0 MiB)
Current lengths of episodes: [1600]
Memory usage at done (index 0, length 1600, since_prev 1600): 1623.11328125 MiB (Increase: 0.0 MiB)
Memory usage before reset: 1623.11328125 MiB (Increase: 0.0 MiB)
Memory usage after reset: 1623.11328125 MiB (Increase: 0.0 MiB)
Training episode 767
Memory usage at middle: 1623.11328125 MiB (Increase: 0.0 MiB)
Memory usage before collect: 1623.11328125 MiB (Increase: 0.0 MiB)
Memory usage after collect: 1623.11328125 MiB (Increase: 0.0 MiB)
Memory usage before initialization: 1623.11328125 MiB (Increase: 0.0 MiB)
Memory usage after initialization: 1623.11328125 MiB (Increase: 0.0 MiB)
Current lengths of episodes: [82]
Memory usage at done (index 0, length 82, since_prev 82): 1623.11328125 MiB (Increase: 0.0 MiB)
Memory usage before reset: 1623.11328125 MiB (Increase: 0.0 MiB)
Memory usage after reset: 1623.11328125 MiB (Increase: 0.0 MiB)
Training episode 768
Memory usage at middle: 1623.11328125 MiB (Increase: 0.0 MiB)
Memory usage before collect: 1623.11328125 MiB (Increase: 0.0 MiB)
Memory usage after collect: 1623.11328125 MiB (Increase: 0.0 MiB)
Memory usage before initialization: 1623.11328125 MiB (Increase: 0.0 MiB)
Memory usage after initialization: 1623.11328125 MiB (Increase: 0.0 MiB)
Current lengths of episodes: [68]
Memory usage at done (index 0, length 68, since_prev 68): 1623.11328125 MiB (Increase: 0.0 MiB)
Memory usage before reset: 1623.11328125 MiB (Increase: 0.0 MiB)
Memory usage after reset: 1623.11328125 MiB (Increase: 0.0 MiB)
Training episode 769
Memory usage at middle: 1623.11328125 MiB (Increase: 0.0 MiB)
Memory usage before collect: 1623.11328125 MiB (Increase: 0.0 MiB)
Memory usage after collect: 1623.11328125 MiB (Increase: 0.0 MiB)
Memory usage before initialization: 1623.11328125 MiB (Increase: 0.0 MiB)
Memory usage after initialization: 1623.11328125 MiB (Increase: 0.0 MiB)
Current lengths of episodes: [106]
Memory usage at done (index 0, length 106, since_prev 106): 1623.11328125 MiB (Increase: 0.0 MiB)
Memory usage before reset: 1623.11328125 MiB (Increase: 0.0 MiB)
Memory usage after reset: 1623.11328125 MiB (Increase: 0.0 MiB)
Training episode 770
Memory usage at middle: 1623.11328125 MiB (Increase: 0.0 MiB)
Memory usage before collect: 1623.11328125 MiB (Increase: 0.0 MiB)
Memory usage after collect: 1623.11328125 MiB (Increase: 0.0 MiB)
Memory usage before initialization: 1623.11328125 MiB (Increase: 0.0 MiB)
Memory usage after initialization: 1623.11328125 MiB (Increase: 0.0 MiB)
Current lengths of episodes: [54]
Memory usage at done (index 0, length 54, since_prev 54): 1623.11328125 MiB (Increase: 0.0 MiB)
Memory usage before reset: 1623.11328125 MiB (Increase: 0.0 MiB)
Memory usage after reset: 1623.11328125 MiB (Increase: 0.0 MiB)
Training episode 771
Memory usage at middle: 1623.11328125 MiB (Increase: 0.0 MiB)
Memory usage before collect: 1623.11328125 MiB (Increase: 0.0 MiB)
Memory usage after collect: 1623.11328125 MiB (Increase: 0.0 MiB)
Memory usage before initialization: 1623.11328125 MiB (Increase: 0.0 MiB)
Memory usage after initialization: 1623.11328125 MiB (Increase: 0.0 MiB)
Current lengths of episodes: [57]
Memory usage at done (index 0, length 57, since_prev 57): 1623.11328125 MiB (Increase: 0.0 MiB)
Memory usage before reset: 1623.11328125 MiB (Increase: 0.0 MiB)
Memory usage after reset: 1623.11328125 MiB (Increase: 0.0 MiB)
Training episode 772
Memory usage at middle: 1623.11328125 MiB (Increase: 0.0 MiB)
Memory usage before collect: 1623.11328125 MiB (Increase: 0.0 MiB)
Memory usage after collect: 1623.11328125 MiB (Increase: 0.0 MiB)
Memory usage before initialization: 1623.11328125 MiB (Increase: 0.0 MiB)
Memory usage after initialization: 1623.11328125 MiB (Increase: 0.0 MiB)
Current lengths of episodes: [65]
Memory usage at done (index 0, length 65, since_prev 65): 1623.11328125 MiB (Increase: 0.0 MiB)
Memory usage before reset: 1623.11328125 MiB (Increase: 0.0 MiB)
Memory usage after reset: 1623.11328125 MiB (Increase: 0.0 MiB)
Training episode 773
Memory usage at middle: 1623.11328125 MiB (Increase: 0.0 MiB)
Memory usage before collect: 1623.11328125 MiB (Increase: 0.0 MiB)
Memory usage after collect: 1623.11328125 MiB (Increase: 0.0 MiB)
Memory usage before initialization: 1623.11328125 MiB (Increase: 0.0 MiB)
Memory usage after initialization: 1623.11328125 MiB (Increase: 0.0 MiB)
Current lengths of episodes: [59]
Memory usage at done (index 0, length 59, since_prev 59): 1623.11328125 MiB (Increase: 0.0 MiB)
Memory usage before reset: 1623.11328125 MiB (Increase: 0.0 MiB)
Memory usage after reset: 1623.11328125 MiB (Increase: 0.0 MiB)
Training episode 774
Memory usage at middle: 1623.11328125 MiB (Increase: 0.0 MiB)
Memory usage before collect: 1623.11328125 MiB (Increase: 0.0 MiB)
Memory usage after collect: 1623.11328125 MiB (Increase: 0.0 MiB)
Memory usage before initialization: 1623.11328125 MiB (Increase: 0.0 MiB)
Memory usage after initialization: 1623.11328125 MiB (Increase: 0.0 MiB)
Current lengths of episodes: [70]
Memory usage at done (index 0, length 70, since_prev 70): 1623.11328125 MiB (Increase: 0.0 MiB)
Memory usage before reset: 1623.11328125 MiB (Increase: 0.0 MiB)
Memory usage after reset: 1623.11328125 MiB (Increase: 0.0 MiB)
Training episode 775
Memory usage at middle: 1623.11328125 MiB (Increase: 0.0 MiB)
Memory usage before collect: 1623.11328125 MiB (Increase: 0.0 MiB)
Memory usage after collect: 1623.11328125 MiB (Increase: 0.0 MiB)
Memory usage before initialization: 1623.11328125 MiB (Increase: 0.0 MiB)
Memory usage after initialization: 1623.11328125 MiB (Increase: 0.0 MiB)
Current lengths of episodes: [47]
Memory usage at done (index 0, length 47, since_prev 47): 1623.11328125 MiB (Increase: 0.0 MiB)
Memory usage before reset: 1623.11328125 MiB (Increase: 0.0 MiB)
Memory usage after reset: 1623.11328125 MiB (Increase: 0.0 MiB)
Training episode 776
Memory usage at middle: 1623.11328125 MiB (Increase: 0.0 MiB)
Memory usage before collect: 1623.11328125 MiB (Increase: 0.0 MiB)
Memory usage after collect: 1623.11328125 MiB (Increase: 0.0 MiB)
Memory usage before initialization: 1623.11328125 MiB (Increase: 0.0 MiB)
Memory usage after initialization: 1623.11328125 MiB (Increase: 0.0 MiB)
Current lengths of episodes: [1600]
Memory usage at done (index 0, length 1600, since_prev 1600): 1623.11328125 MiB (Increase: 0.0 MiB)
Memory usage before reset: 1623.11328125 MiB (Increase: 0.0 MiB)
Memory usage after reset: 1623.11328125 MiB (Increase: 0.0 MiB)
Training episode 777
Memory usage at middle: 1623.11328125 MiB (Increase: 0.0 MiB)
Memory usage before collect: 1623.11328125 MiB (Increase: 0.0 MiB)
Memory usage after collect: 1623.11328125 MiB (Increase: 0.0 MiB)
Memory usage before initialization: 1623.11328125 MiB (Increase: 0.0 MiB)
Memory usage after initialization: 1623.11328125 MiB (Increase: 0.0 MiB)
Current lengths of episodes: [75]
Memory usage at done (index 0, length 75, since_prev 75): 1623.11328125 MiB (Increase: 0.0 MiB)
Memory usage before reset: 1623.11328125 MiB (Increase: 0.0 MiB)
Memory usage after reset: 1623.11328125 MiB (Increase: 0.0 MiB)
Training episode 778
Memory usage at middle: 1623.11328125 MiB (Increase: 0.0 MiB)
Memory usage before collect: 1623.11328125 MiB (Increase: 0.0 MiB)
Memory usage after collect: 1623.11328125 MiB (Increase: 0.0 MiB)
Memory usage before initialization: 1623.11328125 MiB (Increase: 0.0 MiB)
Memory usage after initialization: 1623.11328125 MiB (Increase: 0.0 MiB)
Current lengths of episodes: [62]
Memory usage at done (index 0, length 62, since_prev 62): 1623.11328125 MiB (Increase: 0.0 MiB)
Memory usage before reset: 1623.11328125 MiB (Increase: 0.0 MiB)
Memory usage after reset: 1623.11328125 MiB (Increase: 0.0 MiB)
Training episode 779
Memory usage at middle: 1623.11328125 MiB (Increase: 0.0 MiB)
Memory usage before collect: 1623.11328125 MiB (Increase: 0.0 MiB)
Memory usage after collect: 1623.11328125 MiB (Increase: 0.0 MiB)
Memory usage before initialization: 1623.11328125 MiB (Increase: 0.0 MiB)
Memory usage after initialization: 1623.11328125 MiB (Increase: 0.0 MiB)
Current lengths of episodes: [1600]
Memory usage at done (index 0, length 1600, since_prev 1600): 1623.11328125 MiB (Increase: 0.0 MiB)
Memory usage before reset: 1623.11328125 MiB (Increase: 0.0 MiB)
Memory usage after reset: 1623.11328125 MiB (Increase: 0.0 MiB)
Training episode 780
Memory usage at middle: 1623.11328125 MiB (Increase: 0.0 MiB)
Memory usage before collect: 1623.11328125 MiB (Increase: 0.0 MiB)
Memory usage after collect: 1623.11328125 MiB (Increase: 0.0 MiB)
Memory usage before initialization: 1623.11328125 MiB (Increase: 0.0 MiB)
Memory usage after initialization: 1623.11328125 MiB (Increase: 0.0 MiB)
Current lengths of episodes: [66]
Memory usage at done (index 0, length 66, since_prev 66): 1623.11328125 MiB (Increase: 0.0 MiB)
Memory usage before reset: 1623.11328125 MiB (Increase: 0.0 MiB)
Memory usage after reset: 1623.11328125 MiB (Increase: 0.0 MiB)
Training episode 781
Memory usage at middle: 1623.11328125 MiB (Increase: 0.0 MiB)
Memory usage before collect: 1623.11328125 MiB (Increase: 0.0 MiB)
Memory usage after collect: 1623.11328125 MiB (Increase: 0.0 MiB)
Memory usage before initialization: 1623.11328125 MiB (Increase: 0.0 MiB)
Memory usage after initialization: 1623.11328125 MiB (Increase: 0.0 MiB)
Current lengths of episodes: [61]
Memory usage at done (index 0, length 61, since_prev 61): 1623.11328125 MiB (Increase: 0.0 MiB)
Memory usage before reset: 1623.11328125 MiB (Increase: 0.0 MiB)
Memory usage after reset: 1623.11328125 MiB (Increase: 0.0 MiB)
Training episode 782
Memory usage at middle: 1623.11328125 MiB (Increase: 0.0 MiB)
Memory usage before collect: 1623.11328125 MiB (Increase: 0.0 MiB)
Memory usage after collect: 1623.11328125 MiB (Increase: 0.0 MiB)
Memory usage before initialization: 1623.11328125 MiB (Increase: 0.0 MiB)
Memory usage after initialization: 1623.11328125 MiB (Increase: 0.0 MiB)
Current lengths of episodes: [1600]
Memory usage at done (index 0, length 1600, since_prev 1600): 1623.11328125 MiB (Increase: 0.0 MiB)
Memory usage before reset: 1623.11328125 MiB (Increase: 0.0 MiB)
Memory usage after reset: 1623.11328125 MiB (Increase: 0.0 MiB)
Training episode 783
Memory usage at middle: 1623.11328125 MiB (Increase: 0.0 MiB)
Memory usage before collect: 1623.11328125 MiB (Increase: 0.0 MiB)
Memory usage after collect: 1623.11328125 MiB (Increase: 0.0 MiB)
Memory usage before initialization: 1623.11328125 MiB (Increase: 0.0 MiB)
Memory usage after initialization: 1623.11328125 MiB (Increase: 0.0 MiB)
Current lengths of episodes: [110]
Memory usage at done (index 0, length 110, since_prev 110): 1623.11328125 MiB (Increase: 0.0 MiB)
Memory usage before reset: 1623.11328125 MiB (Increase: 0.0 MiB)
Memory usage after reset: 1623.11328125 MiB (Increase: 0.0 MiB)
Training episode 784
Memory usage at middle: 1623.11328125 MiB (Increase: 0.0 MiB)
Memory usage before collect: 1623.11328125 MiB (Increase: 0.0 MiB)
Memory usage after collect: 1623.11328125 MiB (Increase: 0.0 MiB)
Memory usage before initialization: 1623.11328125 MiB (Increase: 0.0 MiB)
Memory usage after initialization: 1623.11328125 MiB (Increase: 0.0 MiB)
Current lengths of episodes: [1600]
Memory usage at done (index 0, length 1600, since_prev 1600): 1623.11328125 MiB (Increase: 0.0 MiB)
Memory usage before reset: 1623.11328125 MiB (Increase: 0.0 MiB)
Memory usage after reset: 1623.11328125 MiB (Increase: 0.0 MiB)
Training episode 785
Memory usage at middle: 1623.11328125 MiB (Increase: 0.0 MiB)
Memory usage before collect: 1623.11328125 MiB (Increase: 0.0 MiB)
Memory usage after collect: 1623.11328125 MiB (Increase: 0.0 MiB)
Memory usage before initialization: 1623.11328125 MiB (Increase: 0.0 MiB)
Memory usage after initialization: 1623.11328125 MiB (Increase: 0.0 MiB)
Current lengths of episodes: [1600]
Memory usage at done (index 0, length 1600, since_prev 1600): 1623.11328125 MiB (Increase: 0.0 MiB)
Memory usage before reset: 1623.11328125 MiB (Increase: 0.0 MiB)
Memory usage after reset: 1623.11328125 MiB (Increase: 0.0 MiB)
Training episode 786
Memory usage at middle: 1623.11328125 MiB (Increase: 0.0 MiB)
Memory usage before collect: 1623.11328125 MiB (Increase: 0.0 MiB)
Memory usage after collect: 1623.11328125 MiB (Increase: 0.0 MiB)
Memory usage before initialization: 1623.11328125 MiB (Increase: 0.0 MiB)
Memory usage after initialization: 1623.11328125 MiB (Increase: 0.0 MiB)
Current lengths of episodes: [98]
Memory usage at done (index 0, length 98, since_prev 98): 1623.11328125 MiB (Increase: 0.0 MiB)
Memory usage before reset: 1623.11328125 MiB (Increase: 0.0 MiB)
Memory usage after reset: 1623.11328125 MiB (Increase: 0.0 MiB)
Training episode 787
Memory usage at middle: 1623.11328125 MiB (Increase: 0.0 MiB)
Memory usage before collect: 1623.11328125 MiB (Increase: 0.0 MiB)
Memory usage after collect: 1623.11328125 MiB (Increase: 0.0 MiB)
Memory usage before initialization: 1623.11328125 MiB (Increase: 0.0 MiB)
Memory usage after initialization: 1623.11328125 MiB (Increase: 0.0 MiB)
Current lengths of episodes: [85]
Memory usage at done (index 0, length 85, since_prev 85): 1623.11328125 MiB (Increase: 0.0 MiB)
Memory usage before reset: 1623.11328125 MiB (Increase: 0.0 MiB)
Memory usage after reset: 1623.11328125 MiB (Increase: 0.0 MiB)
Training episode 788
Memory usage at middle: 1623.11328125 MiB (Increase: 0.0 MiB)
Memory usage before collect: 1623.11328125 MiB (Increase: 0.0 MiB)
Memory usage after collect: 1623.11328125 MiB (Increase: 0.0 MiB)
Memory usage before initialization: 1623.11328125 MiB (Increase: 0.0 MiB)
Memory usage after initialization: 1623.11328125 MiB (Increase: 0.0 MiB)
Current lengths of episodes: [1600]
Memory usage at done (index 0, length 1600, since_prev 1600): 1623.11328125 MiB (Increase: 0.0 MiB)
Memory usage before reset: 1623.11328125 MiB (Increase: 0.0 MiB)
Memory usage after reset: 1623.11328125 MiB (Increase: 0.0 MiB)
Training episode 789
Memory usage at middle: 1623.11328125 MiB (Increase: 0.0 MiB)
Memory usage before collect: 1623.11328125 MiB (Increase: 0.0 MiB)
Memory usage after collect: 1623.11328125 MiB (Increase: 0.0 MiB)
Memory usage before initialization: 1623.11328125 MiB (Increase: 0.0 MiB)
Memory usage after initialization: 1623.11328125 MiB (Increase: 0.0 MiB)
Current lengths of episodes: [67]
Memory usage at done (index 0, length 67, since_prev 67): 1623.11328125 MiB (Increase: 0.0 MiB)
Memory usage before reset: 1623.11328125 MiB (Increase: 0.0 MiB)
Memory usage after reset: 1623.11328125 MiB (Increase: 0.0 MiB)
Training episode 790
Memory usage at middle: 1623.11328125 MiB (Increase: 0.0 MiB)
Memory usage before collect: 1623.11328125 MiB (Increase: 0.0 MiB)
Memory usage after collect: 1623.11328125 MiB (Increase: 0.0 MiB)
Memory usage before initialization: 1623.11328125 MiB (Increase: 0.0 MiB)
Memory usage after initialization: 1623.11328125 MiB (Increase: 0.0 MiB)
Current lengths of episodes: [90]
Memory usage at done (index 0, length 90, since_prev 90): 1623.11328125 MiB (Increase: 0.0 MiB)
Memory usage before reset: 1623.11328125 MiB (Increase: 0.0 MiB)
Memory usage after reset: 1623.11328125 MiB (Increase: 0.0 MiB)
Training episode 791
Memory usage at middle: 1623.11328125 MiB (Increase: 0.0 MiB)
Memory usage before collect: 1623.11328125 MiB (Increase: 0.0 MiB)
Memory usage after collect: 1623.11328125 MiB (Increase: 0.0 MiB)
Memory usage before initialization: 1623.11328125 MiB (Increase: 0.0 MiB)
Memory usage after initialization: 1623.11328125 MiB (Increase: 0.0 MiB)
Current lengths of episodes: [1600]
Memory usage at done (index 0, length 1600, since_prev 1600): 1623.11328125 MiB (Increase: 0.0 MiB)
Memory usage before reset: 1623.11328125 MiB (Increase: 0.0 MiB)
Memory usage after reset: 1623.11328125 MiB (Increase: 0.0 MiB)
Training episode 792
Memory usage at middle: 1623.11328125 MiB (Increase: 0.0 MiB)
Memory usage before collect: 1623.11328125 MiB (Increase: 0.0 MiB)
Memory usage after collect: 1623.11328125 MiB (Increase: 0.0 MiB)
Memory usage before initialization: 1623.11328125 MiB (Increase: 0.0 MiB)
Memory usage after initialization: 1623.11328125 MiB (Increase: 0.0 MiB)
Current lengths of episodes: [1600]
Memory usage at done (index 0, length 1600, since_prev 1600): 1623.11328125 MiB (Increase: 0.0 MiB)
Memory usage before reset: 1623.11328125 MiB (Increase: 0.0 MiB)
Memory usage after reset: 1623.11328125 MiB (Increase: 0.0 MiB)
Training episode 793
Memory usage at middle: 1623.11328125 MiB (Increase: 0.0 MiB)
Memory usage before collect: 1623.11328125 MiB (Increase: 0.0 MiB)
Memory usage after collect: 1623.11328125 MiB (Increase: 0.0 MiB)
Memory usage before initialization: 1623.11328125 MiB (Increase: 0.0 MiB)
Memory usage after initialization: 1623.11328125 MiB (Increase: 0.0 MiB)
Current lengths of episodes: [63]
Memory usage at done (index 0, length 63, since_prev 63): 1623.11328125 MiB (Increase: 0.0 MiB)
Memory usage before reset: 1623.11328125 MiB (Increase: 0.0 MiB)
Memory usage after reset: 1623.11328125 MiB (Increase: 0.0 MiB)
Training episode 794
Memory usage at middle: 1623.11328125 MiB (Increase: 0.0 MiB)
Memory usage before collect: 1623.11328125 MiB (Increase: 0.0 MiB)
Memory usage after collect: 1623.11328125 MiB (Increase: 0.0 MiB)
Memory usage before initialization: 1623.11328125 MiB (Increase: 0.0 MiB)
Memory usage after initialization: 1623.11328125 MiB (Increase: 0.0 MiB)
Current lengths of episodes: [1600]
Memory usage at done (index 0, length 1600, since_prev 1600): 1623.11328125 MiB (Increase: 0.0 MiB)
Memory usage before reset: 1623.11328125 MiB (Increase: 0.0 MiB)
Memory usage after reset: 1623.11328125 MiB (Increase: 0.0 MiB)
Training episode 795
Memory usage at middle: 1623.11328125 MiB (Increase: 0.0 MiB)
Memory usage before collect: 1623.11328125 MiB (Increase: 0.0 MiB)
Memory usage after collect: 1623.11328125 MiB (Increase: 0.0 MiB)
Memory usage before initialization: 1623.11328125 MiB (Increase: 0.0 MiB)
Memory usage after initialization: 1623.11328125 MiB (Increase: 0.0 MiB)
Current lengths of episodes: [1600]
Memory usage at done (index 0, length 1600, since_prev 1600): 1623.11328125 MiB (Increase: 0.0 MiB)
Memory usage before reset: 1623.11328125 MiB (Increase: 0.0 MiB)
Memory usage after reset: 1623.11328125 MiB (Increase: 0.0 MiB)
Training episode 796
Memory usage at middle: 1623.11328125 MiB (Increase: 0.0 MiB)
Memory usage before collect: 1623.11328125 MiB (Increase: 0.0 MiB)
Memory usage after collect: 1623.11328125 MiB (Increase: 0.0 MiB)
Memory usage before initialization: 1623.11328125 MiB (Increase: 0.0 MiB)
Memory usage after initialization: 1623.11328125 MiB (Increase: 0.0 MiB)
Current lengths of episodes: [1337]
Memory usage at done (index 0, length 1337, since_prev 1337): 1623.11328125 MiB (Increase: 0.0 MiB)
Memory usage before reset: 1623.11328125 MiB (Increase: 0.0 MiB)
Memory usage after reset: 1623.11328125 MiB (Increase: 0.0 MiB)
Training episode 797
Memory usage at middle: 1623.11328125 MiB (Increase: 0.0 MiB)
Memory usage before collect: 1623.11328125 MiB (Increase: 0.0 MiB)
Memory usage after collect: 1623.11328125 MiB (Increase: 0.0 MiB)
Memory usage before initialization: 1623.11328125 MiB (Increase: 0.0 MiB)
Memory usage after initialization: 1623.11328125 MiB (Increase: 0.0 MiB)
Current lengths of episodes: [1600]
Memory usage at done (index 0, length 1600, since_prev 1600): 1623.11328125 MiB (Increase: 0.0 MiB)
Memory usage before reset: 1623.11328125 MiB (Increase: 0.0 MiB)
Memory usage after reset: 1623.11328125 MiB (Increase: 0.0 MiB)
Training episode 798
Memory usage at middle: 1623.11328125 MiB (Increase: 0.0 MiB)
Memory usage before collect: 1623.11328125 MiB (Increase: 0.0 MiB)
Memory usage after collect: 1623.11328125 MiB (Increase: 0.0 MiB)
Memory usage before initialization: 1623.11328125 MiB (Increase: 0.0 MiB)
Memory usage after initialization: 1623.11328125 MiB (Increase: 0.0 MiB)
Current lengths of episodes: [1600]
Memory usage at done (index 0, length 1600, since_prev 1600): 1623.11328125 MiB (Increase: 0.0 MiB)
Memory usage before reset: 1623.11328125 MiB (Increase: 0.0 MiB)
Memory usage after reset: 1623.11328125 MiB (Increase: 0.0 MiB)
Training episode 799
Memory usage at middle: 1623.11328125 MiB (Increase: 0.0 MiB)
Memory usage before collect: 1623.11328125 MiB (Increase: 0.0 MiB)
Memory usage after collect: 1623.11328125 MiB (Increase: 0.0 MiB)
Memory usage before initialization: 1623.11328125 MiB (Increase: 0.0 MiB)
Memory usage after initialization: 1623.11328125 MiB (Increase: 0.0 MiB)
Current lengths of episodes: [280]
Memory usage at done (index 0, length 280, since_prev 280): 1623.11328125 MiB (Increase: 0.0 MiB)
Memory usage before reset: 1623.11328125 MiB (Increase: 0.0 MiB)
Memory usage after reset: 1623.11328125 MiB (Increase: 0.0 MiB)
Training episode 800
Memory usage at middle: 1623.11328125 MiB (Increase: 0.0 MiB)
Memory usage before collect: 1623.11328125 MiB (Increase: 0.0 MiB)
Memory usage after collect: 1623.11328125 MiB (Increase: 0.0 MiB)
Episode 800	Average evaluation: -22.69573406668753
Memory usage before initialization: 1623.11328125 MiB (Increase: 0.0 MiB)
Memory usage after initialization: 1623.11328125 MiB (Increase: 0.0 MiB)
Current lengths of episodes: [1600]
Memory usage at done (index 0, length 1600, since_prev 1600): 1623.11328125 MiB (Increase: 0.0 MiB)
Memory usage before reset: 1623.11328125 MiB (Increase: 0.0 MiB)
Memory usage after reset: 1623.11328125 MiB (Increase: 0.0 MiB)
Training episode 801
Memory usage at middle: 1623.11328125 MiB (Increase: 0.0 MiB)
Memory usage before collect: 1623.11328125 MiB (Increase: 0.0 MiB)
Memory usage after collect: 1623.11328125 MiB (Increase: 0.0 MiB)
Memory usage before initialization: 1623.11328125 MiB (Increase: 0.0 MiB)
Memory usage after initialization: 1623.11328125 MiB (Increase: 0.0 MiB)
Current lengths of episodes: [1600]
Memory usage at done (index 0, length 1600, since_prev 1600): 1623.11328125 MiB (Increase: 0.0 MiB)
Memory usage before reset: 1623.11328125 MiB (Increase: 0.0 MiB)
Memory usage after reset: 1623.11328125 MiB (Increase: 0.0 MiB)
Training episode 802
Memory usage at middle: 1623.11328125 MiB (Increase: 0.0 MiB)
Memory usage before collect: 1623.11328125 MiB (Increase: 0.0 MiB)
Memory usage after collect: 1623.11328125 MiB (Increase: 0.0 MiB)
Memory usage before initialization: 1623.11328125 MiB (Increase: 0.0 MiB)
Memory usage after initialization: 1623.11328125 MiB (Increase: 0.0 MiB)
Current lengths of episodes: [1600]
Memory usage at done (index 0, length 1600, since_prev 1600): 1623.11328125 MiB (Increase: 0.0 MiB)
Memory usage before reset: 1623.11328125 MiB (Increase: 0.0 MiB)
Memory usage after reset: 1623.11328125 MiB (Increase: 0.0 MiB)
Training episode 803
Memory usage at middle: 1623.11328125 MiB (Increase: 0.0 MiB)
Memory usage before collect: 1623.11328125 MiB (Increase: 0.0 MiB)
Memory usage after collect: 1623.11328125 MiB (Increase: 0.0 MiB)
Memory usage before initialization: 1623.11328125 MiB (Increase: 0.0 MiB)
Memory usage after initialization: 1623.11328125 MiB (Increase: 0.0 MiB)
Current lengths of episodes: [1600]
Memory usage at done (index 0, length 1600, since_prev 1600): 1623.11328125 MiB (Increase: 0.0 MiB)
Memory usage before reset: 1623.11328125 MiB (Increase: 0.0 MiB)
Memory usage after reset: 1623.11328125 MiB (Increase: 0.0 MiB)
Training episode 804
Memory usage at middle: 1623.11328125 MiB (Increase: 0.0 MiB)
Memory usage before collect: 1623.11328125 MiB (Increase: 0.0 MiB)
Memory usage after collect: 1623.11328125 MiB (Increase: 0.0 MiB)
Memory usage before initialization: 1623.11328125 MiB (Increase: 0.0 MiB)
Memory usage after initialization: 1623.11328125 MiB (Increase: 0.0 MiB)
Current lengths of episodes: [1600]
Memory usage at done (index 0, length 1600, since_prev 1600): 1623.11328125 MiB (Increase: 0.0 MiB)
Memory usage before reset: 1623.11328125 MiB (Increase: 0.0 MiB)
Memory usage after reset: 1623.11328125 MiB (Increase: 0.0 MiB)
Training episode 805
Memory usage at middle: 1623.11328125 MiB (Increase: 0.0 MiB)
Memory usage before collect: 1623.11328125 MiB (Increase: 0.0 MiB)
Memory usage after collect: 1623.11328125 MiB (Increase: 0.0 MiB)
Memory usage before initialization: 1623.11328125 MiB (Increase: 0.0 MiB)
Memory usage after initialization: 1623.11328125 MiB (Increase: 0.0 MiB)
Current lengths of episodes: [115]
Memory usage at done (index 0, length 115, since_prev 115): 1623.11328125 MiB (Increase: 0.0 MiB)
Memory usage before reset: 1623.11328125 MiB (Increase: 0.0 MiB)
Memory usage after reset: 1623.11328125 MiB (Increase: 0.0 MiB)
Training episode 806
Memory usage at middle: 1623.11328125 MiB (Increase: 0.0 MiB)
Memory usage before collect: 1623.11328125 MiB (Increase: 0.0 MiB)
Memory usage after collect: 1623.11328125 MiB (Increase: 0.0 MiB)
Memory usage before initialization: 1623.11328125 MiB (Increase: 0.0 MiB)
Memory usage after initialization: 1623.11328125 MiB (Increase: 0.0 MiB)
Current lengths of episodes: [1600]
Memory usage at done (index 0, length 1600, since_prev 1600): 1623.11328125 MiB (Increase: 0.0 MiB)
Memory usage before reset: 1623.11328125 MiB (Increase: 0.0 MiB)
Memory usage after reset: 1623.11328125 MiB (Increase: 0.0 MiB)
Training episode 807
Memory usage at middle: 1623.11328125 MiB (Increase: 0.0 MiB)
Memory usage before collect: 1623.11328125 MiB (Increase: 0.0 MiB)
Memory usage after collect: 1623.11328125 MiB (Increase: 0.0 MiB)
Memory usage before initialization: 1623.11328125 MiB (Increase: 0.0 MiB)
Memory usage after initialization: 1623.11328125 MiB (Increase: 0.0 MiB)
Current lengths of episodes: [1600]
Memory usage at done (index 0, length 1600, since_prev 1600): 1623.11328125 MiB (Increase: 0.0 MiB)
Memory usage before reset: 1623.11328125 MiB (Increase: 0.0 MiB)
Memory usage after reset: 1623.11328125 MiB (Increase: 0.0 MiB)
Training episode 808
Memory usage at middle: 1623.11328125 MiB (Increase: 0.0 MiB)
Memory usage before collect: 1623.11328125 MiB (Increase: 0.0 MiB)
Memory usage after collect: 1623.11328125 MiB (Increase: 0.0 MiB)
Memory usage before initialization: 1623.11328125 MiB (Increase: 0.0 MiB)
Memory usage after initialization: 1623.11328125 MiB (Increase: 0.0 MiB)
Current lengths of episodes: [1600]
Memory usage at done (index 0, length 1600, since_prev 1600): 1623.11328125 MiB (Increase: 0.0 MiB)
Memory usage before reset: 1623.11328125 MiB (Increase: 0.0 MiB)
Memory usage after reset: 1623.11328125 MiB (Increase: 0.0 MiB)
Training episode 809
Memory usage at middle: 1623.11328125 MiB (Increase: 0.0 MiB)
Memory usage before collect: 1623.11328125 MiB (Increase: 0.0 MiB)
Memory usage after collect: 1623.11328125 MiB (Increase: 0.0 MiB)
Memory usage before initialization: 1623.11328125 MiB (Increase: 0.0 MiB)
Memory usage after initialization: 1623.11328125 MiB (Increase: 0.0 MiB)
Current lengths of episodes: [1600]
Memory usage at done (index 0, length 1600, since_prev 1600): 1623.11328125 MiB (Increase: 0.0 MiB)
Memory usage before reset: 1623.11328125 MiB (Increase: 0.0 MiB)
Memory usage after reset: 1623.11328125 MiB (Increase: 0.0 MiB)
Training episode 810
Memory usage at middle: 1623.11328125 MiB (Increase: 0.0 MiB)
Memory usage before collect: 1623.11328125 MiB (Increase: 0.0 MiB)
Memory usage after collect: 1623.11328125 MiB (Increase: 0.0 MiB)
Memory usage before initialization: 1623.11328125 MiB (Increase: 0.0 MiB)
Memory usage after initialization: 1623.11328125 MiB (Increase: 0.0 MiB)
Current lengths of episodes: [1600]
Memory usage at done (index 0, length 1600, since_prev 1600): 1623.11328125 MiB (Increase: 0.0 MiB)
Memory usage before reset: 1623.11328125 MiB (Increase: 0.0 MiB)
Memory usage after reset: 1623.11328125 MiB (Increase: 0.0 MiB)
Training episode 811
Memory usage at middle: 1623.11328125 MiB (Increase: 0.0 MiB)
Memory usage before collect: 1623.11328125 MiB (Increase: 0.0 MiB)
Memory usage after collect: 1623.11328125 MiB (Increase: 0.0 MiB)
Memory usage before initialization: 1623.11328125 MiB (Increase: 0.0 MiB)
Memory usage after initialization: 1623.11328125 MiB (Increase: 0.0 MiB)
Current lengths of episodes: [54]
Memory usage at done (index 0, length 54, since_prev 54): 1623.11328125 MiB (Increase: 0.0 MiB)
Memory usage before reset: 1623.11328125 MiB (Increase: 0.0 MiB)
Memory usage after reset: 1623.11328125 MiB (Increase: 0.0 MiB)
Training episode 812
Memory usage at middle: 1623.11328125 MiB (Increase: 0.0 MiB)
Memory usage before collect: 1623.11328125 MiB (Increase: 0.0 MiB)
Memory usage after collect: 1623.11328125 MiB (Increase: 0.0 MiB)
Memory usage before initialization: 1623.11328125 MiB (Increase: 0.0 MiB)
Memory usage after initialization: 1623.11328125 MiB (Increase: 0.0 MiB)
Current lengths of episodes: [70]
Memory usage at done (index 0, length 70, since_prev 70): 1623.11328125 MiB (Increase: 0.0 MiB)
Memory usage before reset: 1623.11328125 MiB (Increase: 0.0 MiB)
Memory usage after reset: 1623.11328125 MiB (Increase: 0.0 MiB)
Training episode 813
Memory usage at middle: 1623.11328125 MiB (Increase: 0.0 MiB)
Memory usage before collect: 1623.11328125 MiB (Increase: 0.0 MiB)
Memory usage after collect: 1623.11328125 MiB (Increase: 0.0 MiB)
Memory usage before initialization: 1623.11328125 MiB (Increase: 0.0 MiB)
Memory usage after initialization: 1623.11328125 MiB (Increase: 0.0 MiB)
Current lengths of episodes: [119]
Memory usage at done (index 0, length 119, since_prev 119): 1623.11328125 MiB (Increase: 0.0 MiB)
Memory usage before reset: 1623.11328125 MiB (Increase: 0.0 MiB)
Memory usage after reset: 1623.11328125 MiB (Increase: 0.0 MiB)
Training episode 814
Memory usage at middle: 1623.11328125 MiB (Increase: 0.0 MiB)
Memory usage before collect: 1623.11328125 MiB (Increase: 0.0 MiB)
Memory usage after collect: 1623.11328125 MiB (Increase: 0.0 MiB)
Memory usage before initialization: 1623.11328125 MiB (Increase: 0.0 MiB)
Memory usage after initialization: 1623.11328125 MiB (Increase: 0.0 MiB)
Current lengths of episodes: [1600]
Memory usage at done (index 0, length 1600, since_prev 1600): 1623.11328125 MiB (Increase: 0.0 MiB)
Memory usage before reset: 1623.11328125 MiB (Increase: 0.0 MiB)
Memory usage after reset: 1623.11328125 MiB (Increase: 0.0 MiB)
Training episode 815
Memory usage at middle: 1623.11328125 MiB (Increase: 0.0 MiB)
Memory usage before collect: 1623.11328125 MiB (Increase: 0.0 MiB)
Memory usage after collect: 1623.11328125 MiB (Increase: 0.0 MiB)
Memory usage before initialization: 1623.11328125 MiB (Increase: 0.0 MiB)
Memory usage after initialization: 1623.11328125 MiB (Increase: 0.0 MiB)
Current lengths of episodes: [258]
Memory usage at done (index 0, length 258, since_prev 258): 1623.11328125 MiB (Increase: 0.0 MiB)
Memory usage before reset: 1623.11328125 MiB (Increase: 0.0 MiB)
Memory usage after reset: 1623.11328125 MiB (Increase: 0.0 MiB)
Training episode 816
Memory usage at middle: 1623.11328125 MiB (Increase: 0.0 MiB)
Memory usage before collect: 1623.11328125 MiB (Increase: 0.0 MiB)
Memory usage after collect: 1623.11328125 MiB (Increase: 0.0 MiB)
Memory usage before initialization: 1623.11328125 MiB (Increase: 0.0 MiB)
Memory usage after initialization: 1623.11328125 MiB (Increase: 0.0 MiB)
Current lengths of episodes: [1600]
Memory usage at done (index 0, length 1600, since_prev 1600): 1623.11328125 MiB (Increase: 0.0 MiB)
Memory usage before reset: 1623.11328125 MiB (Increase: 0.0 MiB)
Memory usage after reset: 1623.11328125 MiB (Increase: 0.0 MiB)
Training episode 817
Memory usage at middle: 1623.11328125 MiB (Increase: 0.0 MiB)
Memory usage before collect: 1623.11328125 MiB (Increase: 0.0 MiB)
Memory usage after collect: 1623.11328125 MiB (Increase: 0.0 MiB)
Memory usage before initialization: 1623.11328125 MiB (Increase: 0.0 MiB)
Memory usage after initialization: 1623.11328125 MiB (Increase: 0.0 MiB)
Current lengths of episodes: [51]
Memory usage at done (index 0, length 51, since_prev 51): 1623.11328125 MiB (Increase: 0.0 MiB)
Memory usage before reset: 1623.11328125 MiB (Increase: 0.0 MiB)
Memory usage after reset: 1623.11328125 MiB (Increase: 0.0 MiB)
Training episode 818
Memory usage at middle: 1623.11328125 MiB (Increase: 0.0 MiB)
Memory usage before collect: 1623.11328125 MiB (Increase: 0.0 MiB)
Memory usage after collect: 1623.11328125 MiB (Increase: 0.0 MiB)
Memory usage before initialization: 1623.11328125 MiB (Increase: 0.0 MiB)
Memory usage after initialization: 1623.11328125 MiB (Increase: 0.0 MiB)
Current lengths of episodes: [1600]
Memory usage at done (index 0, length 1600, since_prev 1600): 1623.11328125 MiB (Increase: 0.0 MiB)
Memory usage before reset: 1623.11328125 MiB (Increase: 0.0 MiB)
Memory usage after reset: 1623.11328125 MiB (Increase: 0.0 MiB)
Training episode 819
Memory usage at middle: 1623.11328125 MiB (Increase: 0.0 MiB)
Memory usage before collect: 1623.11328125 MiB (Increase: 0.0 MiB)
Memory usage after collect: 1623.11328125 MiB (Increase: 0.0 MiB)
Memory usage before initialization: 1623.11328125 MiB (Increase: 0.0 MiB)
Memory usage after initialization: 1623.11328125 MiB (Increase: 0.0 MiB)
Current lengths of episodes: [1600]
Memory usage at done (index 0, length 1600, since_prev 1600): 1623.11328125 MiB (Increase: 0.0 MiB)
Memory usage before reset: 1623.11328125 MiB (Increase: 0.0 MiB)
Memory usage after reset: 1623.11328125 MiB (Increase: 0.0 MiB)
Training episode 820
Memory usage at middle: 1623.11328125 MiB (Increase: 0.0 MiB)
Memory usage before collect: 1623.11328125 MiB (Increase: 0.0 MiB)
Memory usage after collect: 1623.11328125 MiB (Increase: 0.0 MiB)
Memory usage before initialization: 1623.11328125 MiB (Increase: 0.0 MiB)
Memory usage after initialization: 1623.11328125 MiB (Increase: 0.0 MiB)
Current lengths of episodes: [186]
Memory usage at done (index 0, length 186, since_prev 186): 1623.11328125 MiB (Increase: 0.0 MiB)
Memory usage before reset: 1623.11328125 MiB (Increase: 0.0 MiB)
Memory usage after reset: 1623.11328125 MiB (Increase: 0.0 MiB)
Training episode 821
Memory usage at middle: 1623.11328125 MiB (Increase: 0.0 MiB)
Memory usage before collect: 1623.11328125 MiB (Increase: 0.0 MiB)
Memory usage after collect: 1623.11328125 MiB (Increase: 0.0 MiB)
Memory usage before initialization: 1623.11328125 MiB (Increase: 0.0 MiB)
Memory usage after initialization: 1623.11328125 MiB (Increase: 0.0 MiB)
Current lengths of episodes: [1600]
Memory usage at done (index 0, length 1600, since_prev 1600): 1623.11328125 MiB (Increase: 0.0 MiB)
Memory usage before reset: 1623.11328125 MiB (Increase: 0.0 MiB)
Memory usage after reset: 1623.11328125 MiB (Increase: 0.0 MiB)
Training episode 822
Memory usage at middle: 1623.11328125 MiB (Increase: 0.0 MiB)
Memory usage before collect: 1623.11328125 MiB (Increase: 0.0 MiB)
Memory usage after collect: 1623.11328125 MiB (Increase: 0.0 MiB)
Memory usage before initialization: 1623.11328125 MiB (Increase: 0.0 MiB)
Memory usage after initialization: 1623.11328125 MiB (Increase: 0.0 MiB)
Current lengths of episodes: [1600]
Memory usage at done (index 0, length 1600, since_prev 1600): 1623.11328125 MiB (Increase: 0.0 MiB)
Memory usage before reset: 1623.11328125 MiB (Increase: 0.0 MiB)
Memory usage after reset: 1623.11328125 MiB (Increase: 0.0 MiB)
Training episode 823
Memory usage at middle: 1623.11328125 MiB (Increase: 0.0 MiB)
Memory usage before collect: 1623.11328125 MiB (Increase: 0.0 MiB)
Memory usage after collect: 1623.11328125 MiB (Increase: 0.0 MiB)
Memory usage before initialization: 1623.11328125 MiB (Increase: 0.0 MiB)
Memory usage after initialization: 1623.11328125 MiB (Increase: 0.0 MiB)
Current lengths of episodes: [1600]
Memory usage at done (index 0, length 1600, since_prev 1600): 1623.11328125 MiB (Increase: 0.0 MiB)
Memory usage before reset: 1623.11328125 MiB (Increase: 0.0 MiB)
Memory usage after reset: 1623.11328125 MiB (Increase: 0.0 MiB)
Training episode 824
Memory usage at middle: 1623.11328125 MiB (Increase: 0.0 MiB)
Memory usage before collect: 1623.11328125 MiB (Increase: 0.0 MiB)
Memory usage after collect: 1623.11328125 MiB (Increase: 0.0 MiB)
Memory usage before initialization: 1623.11328125 MiB (Increase: 0.0 MiB)
Memory usage after initialization: 1623.11328125 MiB (Increase: 0.0 MiB)
Current lengths of episodes: [78]
Memory usage at done (index 0, length 78, since_prev 78): 1623.11328125 MiB (Increase: 0.0 MiB)
Memory usage before reset: 1623.11328125 MiB (Increase: 0.0 MiB)
Memory usage after reset: 1623.11328125 MiB (Increase: 0.0 MiB)
Training episode 825
Memory usage at middle: 1623.11328125 MiB (Increase: 0.0 MiB)
Memory usage before collect: 1623.11328125 MiB (Increase: 0.0 MiB)
Memory usage after collect: 1623.11328125 MiB (Increase: 0.0 MiB)
Memory usage before initialization: 1623.11328125 MiB (Increase: 0.0 MiB)
Memory usage after initialization: 1623.11328125 MiB (Increase: 0.0 MiB)
Current lengths of episodes: [93]
Memory usage at done (index 0, length 93, since_prev 93): 1623.11328125 MiB (Increase: 0.0 MiB)
Memory usage before reset: 1623.11328125 MiB (Increase: 0.0 MiB)
Memory usage after reset: 1623.11328125 MiB (Increase: 0.0 MiB)
Training episode 826
Memory usage at middle: 1623.11328125 MiB (Increase: 0.0 MiB)
Memory usage before collect: 1623.11328125 MiB (Increase: 0.0 MiB)
Memory usage after collect: 1623.11328125 MiB (Increase: 0.0 MiB)
Memory usage before initialization: 1623.11328125 MiB (Increase: 0.0 MiB)
Memory usage after initialization: 1623.11328125 MiB (Increase: 0.0 MiB)
Current lengths of episodes: [76]
Memory usage at done (index 0, length 76, since_prev 76): 1623.11328125 MiB (Increase: 0.0 MiB)
Memory usage before reset: 1623.11328125 MiB (Increase: 0.0 MiB)
Memory usage after reset: 1623.11328125 MiB (Increase: 0.0 MiB)
Training episode 827
Memory usage at middle: 1623.11328125 MiB (Increase: 0.0 MiB)
Memory usage before collect: 1623.11328125 MiB (Increase: 0.0 MiB)
Memory usage after collect: 1623.11328125 MiB (Increase: 0.0 MiB)
Memory usage before initialization: 1623.11328125 MiB (Increase: 0.0 MiB)
Memory usage after initialization: 1623.11328125 MiB (Increase: 0.0 MiB)
Current lengths of episodes: [1600]
Memory usage at done (index 0, length 1600, since_prev 1600): 1623.11328125 MiB (Increase: 0.0 MiB)
Memory usage before reset: 1623.11328125 MiB (Increase: 0.0 MiB)
Memory usage after reset: 1623.11328125 MiB (Increase: 0.0 MiB)
Training episode 828
Memory usage at middle: 1623.11328125 MiB (Increase: 0.0 MiB)
Memory usage before collect: 1623.11328125 MiB (Increase: 0.0 MiB)
Memory usage after collect: 1623.11328125 MiB (Increase: 0.0 MiB)
Memory usage before initialization: 1623.11328125 MiB (Increase: 0.0 MiB)
Memory usage after initialization: 1623.11328125 MiB (Increase: 0.0 MiB)
Current lengths of episodes: [54]
Memory usage at done (index 0, length 54, since_prev 54): 1623.11328125 MiB (Increase: 0.0 MiB)
Memory usage before reset: 1623.11328125 MiB (Increase: 0.0 MiB)
Memory usage after reset: 1623.11328125 MiB (Increase: 0.0 MiB)
Training episode 829
Memory usage at middle: 1623.11328125 MiB (Increase: 0.0 MiB)
Memory usage before collect: 1623.11328125 MiB (Increase: 0.0 MiB)
Memory usage after collect: 1623.11328125 MiB (Increase: 0.0 MiB)
Memory usage before initialization: 1623.11328125 MiB (Increase: 0.0 MiB)
Memory usage after initialization: 1623.11328125 MiB (Increase: 0.0 MiB)
Current lengths of episodes: [1600]
Memory usage at done (index 0, length 1600, since_prev 1600): 1623.11328125 MiB (Increase: 0.0 MiB)
Memory usage before reset: 1623.11328125 MiB (Increase: 0.0 MiB)
Memory usage after reset: 1623.11328125 MiB (Increase: 0.0 MiB)
Training episode 830
Memory usage at middle: 1623.11328125 MiB (Increase: 0.0 MiB)
Memory usage before collect: 1623.11328125 MiB (Increase: 0.0 MiB)
Memory usage after collect: 1623.11328125 MiB (Increase: 0.0 MiB)
Memory usage before initialization: 1623.11328125 MiB (Increase: 0.0 MiB)
Memory usage after initialization: 1623.11328125 MiB (Increase: 0.0 MiB)
Current lengths of episodes: [91]
Memory usage at done (index 0, length 91, since_prev 91): 1623.11328125 MiB (Increase: 0.0 MiB)
Memory usage before reset: 1623.11328125 MiB (Increase: 0.0 MiB)
Memory usage after reset: 1623.11328125 MiB (Increase: 0.0 MiB)
Training episode 831
Memory usage at middle: 1623.11328125 MiB (Increase: 0.0 MiB)
Memory usage before collect: 1623.11328125 MiB (Increase: 0.0 MiB)
Memory usage after collect: 1623.11328125 MiB (Increase: 0.0 MiB)
Memory usage before initialization: 1623.11328125 MiB (Increase: 0.0 MiB)
Memory usage after initialization: 1623.11328125 MiB (Increase: 0.0 MiB)
Current lengths of episodes: [93]
Memory usage at done (index 0, length 93, since_prev 93): 1623.11328125 MiB (Increase: 0.0 MiB)
Memory usage before reset: 1623.11328125 MiB (Increase: 0.0 MiB)
Memory usage after reset: 1623.11328125 MiB (Increase: 0.0 MiB)
Training episode 832
Memory usage at middle: 1623.11328125 MiB (Increase: 0.0 MiB)
Memory usage before collect: 1623.11328125 MiB (Increase: 0.0 MiB)
Memory usage after collect: 1623.11328125 MiB (Increase: 0.0 MiB)
Memory usage before initialization: 1623.11328125 MiB (Increase: 0.0 MiB)
Memory usage after initialization: 1623.11328125 MiB (Increase: 0.0 MiB)
Current lengths of episodes: [1600]
Memory usage at done (index 0, length 1600, since_prev 1600): 1623.11328125 MiB (Increase: 0.0 MiB)
Memory usage before reset: 1623.11328125 MiB (Increase: 0.0 MiB)
Memory usage after reset: 1623.11328125 MiB (Increase: 0.0 MiB)
Training episode 833
Memory usage at middle: 1623.11328125 MiB (Increase: 0.0 MiB)
Memory usage before collect: 1623.11328125 MiB (Increase: 0.0 MiB)
Memory usage after collect: 1623.11328125 MiB (Increase: 0.0 MiB)
Memory usage before initialization: 1623.11328125 MiB (Increase: 0.0 MiB)
Memory usage after initialization: 1623.11328125 MiB (Increase: 0.0 MiB)
Current lengths of episodes: [100]
Memory usage at done (index 0, length 100, since_prev 100): 1623.11328125 MiB (Increase: 0.0 MiB)
Memory usage before reset: 1623.11328125 MiB (Increase: 0.0 MiB)
Memory usage after reset: 1623.11328125 MiB (Increase: 0.0 MiB)
Training episode 834
Memory usage at middle: 1623.11328125 MiB (Increase: 0.0 MiB)
Memory usage before collect: 1623.11328125 MiB (Increase: 0.0 MiB)
Memory usage after collect: 1623.11328125 MiB (Increase: 0.0 MiB)
Memory usage before initialization: 1623.11328125 MiB (Increase: 0.0 MiB)
Memory usage after initialization: 1623.11328125 MiB (Increase: 0.0 MiB)
Current lengths of episodes: [1600]
Memory usage at done (index 0, length 1600, since_prev 1600): 1623.11328125 MiB (Increase: 0.0 MiB)
Memory usage before reset: 1623.11328125 MiB (Increase: 0.0 MiB)
Memory usage after reset: 1623.11328125 MiB (Increase: 0.0 MiB)
Training episode 835
Memory usage at middle: 1623.11328125 MiB (Increase: 0.0 MiB)
Memory usage before collect: 1623.11328125 MiB (Increase: 0.0 MiB)
Memory usage after collect: 1623.11328125 MiB (Increase: 0.0 MiB)
Memory usage before initialization: 1623.11328125 MiB (Increase: 0.0 MiB)
Memory usage after initialization: 1623.11328125 MiB (Increase: 0.0 MiB)
Current lengths of episodes: [108]
Memory usage at done (index 0, length 108, since_prev 108): 1623.11328125 MiB (Increase: 0.0 MiB)
Memory usage before reset: 1623.11328125 MiB (Increase: 0.0 MiB)
Memory usage after reset: 1623.11328125 MiB (Increase: 0.0 MiB)
Training episode 836
Memory usage at middle: 1623.11328125 MiB (Increase: 0.0 MiB)
Memory usage before collect: 1623.11328125 MiB (Increase: 0.0 MiB)
Memory usage after collect: 1623.11328125 MiB (Increase: 0.0 MiB)
Memory usage before initialization: 1623.11328125 MiB (Increase: 0.0 MiB)
Memory usage after initialization: 1623.11328125 MiB (Increase: 0.0 MiB)
Current lengths of episodes: [1600]
Memory usage at done (index 0, length 1600, since_prev 1600): 1623.11328125 MiB (Increase: 0.0 MiB)
Memory usage before reset: 1623.11328125 MiB (Increase: 0.0 MiB)
Memory usage after reset: 1623.11328125 MiB (Increase: 0.0 MiB)
Training episode 837
Memory usage at middle: 1623.11328125 MiB (Increase: 0.0 MiB)
Memory usage before collect: 1623.11328125 MiB (Increase: 0.0 MiB)
Memory usage after collect: 1623.11328125 MiB (Increase: 0.0 MiB)
Memory usage before initialization: 1623.11328125 MiB (Increase: 0.0 MiB)
Memory usage after initialization: 1623.11328125 MiB (Increase: 0.0 MiB)
Current lengths of episodes: [1600]
Memory usage at done (index 0, length 1600, since_prev 1600): 1623.11328125 MiB (Increase: 0.0 MiB)
Memory usage before reset: 1623.11328125 MiB (Increase: 0.0 MiB)
Memory usage after reset: 1623.11328125 MiB (Increase: 0.0 MiB)
Training episode 838
Memory usage at middle: 1623.11328125 MiB (Increase: 0.0 MiB)
Memory usage before collect: 1623.11328125 MiB (Increase: 0.0 MiB)
Memory usage after collect: 1623.11328125 MiB (Increase: 0.0 MiB)
Memory usage before initialization: 1623.11328125 MiB (Increase: 0.0 MiB)
Memory usage after initialization: 1623.11328125 MiB (Increase: 0.0 MiB)
Current lengths of episodes: [1600]
Memory usage at done (index 0, length 1600, since_prev 1600): 1623.11328125 MiB (Increase: 0.0 MiB)
Memory usage before reset: 1623.11328125 MiB (Increase: 0.0 MiB)
Memory usage after reset: 1623.11328125 MiB (Increase: 0.0 MiB)
Training episode 839
Memory usage at middle: 1623.11328125 MiB (Increase: 0.0 MiB)
Memory usage before collect: 1623.11328125 MiB (Increase: 0.0 MiB)
Memory usage after collect: 1623.11328125 MiB (Increase: 0.0 MiB)
Memory usage before initialization: 1623.11328125 MiB (Increase: 0.0 MiB)
Memory usage after initialization: 1623.11328125 MiB (Increase: 0.0 MiB)
Current lengths of episodes: [1600]
Memory usage at done (index 0, length 1600, since_prev 1600): 1623.11328125 MiB (Increase: 0.0 MiB)
Memory usage before reset: 1623.11328125 MiB (Increase: 0.0 MiB)
Memory usage after reset: 1623.11328125 MiB (Increase: 0.0 MiB)
Training episode 840
Memory usage at middle: 1623.11328125 MiB (Increase: 0.0 MiB)
Memory usage before collect: 1623.11328125 MiB (Increase: 0.0 MiB)
Memory usage after collect: 1623.11328125 MiB (Increase: 0.0 MiB)
Memory usage before initialization: 1623.11328125 MiB (Increase: 0.0 MiB)
Memory usage after initialization: 1623.11328125 MiB (Increase: 0.0 MiB)
Current lengths of episodes: [1600]
Memory usage at done (index 0, length 1600, since_prev 1600): 1623.11328125 MiB (Increase: 0.0 MiB)
Memory usage before reset: 1623.11328125 MiB (Increase: 0.0 MiB)
Memory usage after reset: 1623.11328125 MiB (Increase: 0.0 MiB)
Training episode 841
Memory usage at middle: 1623.11328125 MiB (Increase: 0.0 MiB)
Memory usage before collect: 1623.11328125 MiB (Increase: 0.0 MiB)
Memory usage after collect: 1623.11328125 MiB (Increase: 0.0 MiB)
Memory usage before initialization: 1623.11328125 MiB (Increase: 0.0 MiB)
Memory usage after initialization: 1623.11328125 MiB (Increase: 0.0 MiB)
Current lengths of episodes: [1600]
Memory usage at done (index 0, length 1600, since_prev 1600): 1623.11328125 MiB (Increase: 0.0 MiB)
Memory usage before reset: 1623.11328125 MiB (Increase: 0.0 MiB)
Memory usage after reset: 1623.11328125 MiB (Increase: 0.0 MiB)
Training episode 842
Memory usage at middle: 1623.11328125 MiB (Increase: 0.0 MiB)
Memory usage before collect: 1623.11328125 MiB (Increase: 0.0 MiB)
Memory usage after collect: 1623.11328125 MiB (Increase: 0.0 MiB)
Memory usage before initialization: 1623.11328125 MiB (Increase: 0.0 MiB)
Memory usage after initialization: 1623.11328125 MiB (Increase: 0.0 MiB)
Current lengths of episodes: [67]
Memory usage at done (index 0, length 67, since_prev 67): 1623.11328125 MiB (Increase: 0.0 MiB)
Memory usage before reset: 1623.11328125 MiB (Increase: 0.0 MiB)
Memory usage after reset: 1623.11328125 MiB (Increase: 0.0 MiB)
Training episode 843
Memory usage at middle: 1623.11328125 MiB (Increase: 0.0 MiB)
Memory usage before collect: 1623.11328125 MiB (Increase: 0.0 MiB)
Memory usage after collect: 1623.11328125 MiB (Increase: 0.0 MiB)
Memory usage before initialization: 1623.11328125 MiB (Increase: 0.0 MiB)
Memory usage after initialization: 1623.11328125 MiB (Increase: 0.0 MiB)
Current lengths of episodes: [178]
Memory usage at done (index 0, length 178, since_prev 178): 1623.11328125 MiB (Increase: 0.0 MiB)
Memory usage before reset: 1623.11328125 MiB (Increase: 0.0 MiB)
Memory usage after reset: 1623.11328125 MiB (Increase: 0.0 MiB)
Training episode 844
Memory usage at middle: 1623.11328125 MiB (Increase: 0.0 MiB)
Memory usage before collect: 1623.11328125 MiB (Increase: 0.0 MiB)
Memory usage after collect: 1623.11328125 MiB (Increase: 0.0 MiB)
Memory usage before initialization: 1623.11328125 MiB (Increase: 0.0 MiB)
Memory usage after initialization: 1623.11328125 MiB (Increase: 0.0 MiB)
Current lengths of episodes: [86]
Memory usage at done (index 0, length 86, since_prev 86): 1623.11328125 MiB (Increase: 0.0 MiB)
Memory usage before reset: 1623.11328125 MiB (Increase: 0.0 MiB)
Memory usage after reset: 1623.11328125 MiB (Increase: 0.0 MiB)
Training episode 845
Memory usage at middle: 1623.11328125 MiB (Increase: 0.0 MiB)
Memory usage before collect: 1623.11328125 MiB (Increase: 0.0 MiB)
Memory usage after collect: 1623.11328125 MiB (Increase: 0.0 MiB)
Memory usage before initialization: 1623.11328125 MiB (Increase: 0.0 MiB)
Memory usage after initialization: 1623.11328125 MiB (Increase: 0.0 MiB)
Current lengths of episodes: [1600]
Memory usage at done (index 0, length 1600, since_prev 1600): 1623.11328125 MiB (Increase: 0.0 MiB)
Memory usage before reset: 1623.11328125 MiB (Increase: 0.0 MiB)
Memory usage after reset: 1623.11328125 MiB (Increase: 0.0 MiB)
Training episode 846
Memory usage at middle: 1623.11328125 MiB (Increase: 0.0 MiB)
Memory usage before collect: 1623.11328125 MiB (Increase: 0.0 MiB)
Memory usage after collect: 1623.11328125 MiB (Increase: 0.0 MiB)
Memory usage before initialization: 1623.11328125 MiB (Increase: 0.0 MiB)
Memory usage after initialization: 1623.11328125 MiB (Increase: 0.0 MiB)
Current lengths of episodes: [151]
Memory usage at done (index 0, length 151, since_prev 151): 1623.11328125 MiB (Increase: 0.0 MiB)
Memory usage before reset: 1623.11328125 MiB (Increase: 0.0 MiB)
Memory usage after reset: 1623.11328125 MiB (Increase: 0.0 MiB)
Training episode 847
Memory usage at middle: 1623.11328125 MiB (Increase: 0.0 MiB)
Memory usage before collect: 1623.11328125 MiB (Increase: 0.0 MiB)
Memory usage after collect: 1623.11328125 MiB (Increase: 0.0 MiB)
Memory usage before initialization: 1623.11328125 MiB (Increase: 0.0 MiB)
Memory usage after initialization: 1623.11328125 MiB (Increase: 0.0 MiB)
Current lengths of episodes: [1600]
Memory usage at done (index 0, length 1600, since_prev 1600): 1623.11328125 MiB (Increase: 0.0 MiB)
Memory usage before reset: 1623.11328125 MiB (Increase: 0.0 MiB)
Memory usage after reset: 1623.11328125 MiB (Increase: 0.0 MiB)
Training episode 848
Memory usage at middle: 1623.11328125 MiB (Increase: 0.0 MiB)
Memory usage before collect: 1623.11328125 MiB (Increase: 0.0 MiB)
Memory usage after collect: 1623.11328125 MiB (Increase: 0.0 MiB)
Memory usage before initialization: 1623.11328125 MiB (Increase: 0.0 MiB)
Memory usage after initialization: 1623.11328125 MiB (Increase: 0.0 MiB)
Current lengths of episodes: [142]
Memory usage at done (index 0, length 142, since_prev 142): 1623.11328125 MiB (Increase: 0.0 MiB)
Memory usage before reset: 1623.11328125 MiB (Increase: 0.0 MiB)
Memory usage after reset: 1623.11328125 MiB (Increase: 0.0 MiB)
Training episode 849
Memory usage at middle: 1623.11328125 MiB (Increase: 0.0 MiB)
Memory usage before collect: 1623.11328125 MiB (Increase: 0.0 MiB)
Memory usage after collect: 1623.11328125 MiB (Increase: 0.0 MiB)
Memory usage before initialization: 1623.11328125 MiB (Increase: 0.0 MiB)
Memory usage after initialization: 1623.11328125 MiB (Increase: 0.0 MiB)
Current lengths of episodes: [103]
Memory usage at done (index 0, length 103, since_prev 103): 1623.11328125 MiB (Increase: 0.0 MiB)
Memory usage before reset: 1623.11328125 MiB (Increase: 0.0 MiB)
Memory usage after reset: 1623.11328125 MiB (Increase: 0.0 MiB)
Training episode 850
Memory usage at middle: 1623.11328125 MiB (Increase: 0.0 MiB)
Memory usage before collect: 1623.11328125 MiB (Increase: 0.0 MiB)
Memory usage after collect: 1623.11328125 MiB (Increase: 0.0 MiB)
Episode 850	Average evaluation: -65.93447327414012
Memory usage before initialization: 1623.11328125 MiB (Increase: 0.0 MiB)
Memory usage after initialization: 1623.11328125 MiB (Increase: 0.0 MiB)
Current lengths of episodes: [66]
Memory usage at done (index 0, length 66, since_prev 66): 1623.11328125 MiB (Increase: 0.0 MiB)
Memory usage before reset: 1623.11328125 MiB (Increase: 0.0 MiB)
Memory usage after reset: 1623.11328125 MiB (Increase: 0.0 MiB)
Training episode 851
Memory usage at middle: 1623.11328125 MiB (Increase: 0.0 MiB)
Memory usage before collect: 1623.11328125 MiB (Increase: 0.0 MiB)
Memory usage after collect: 1623.11328125 MiB (Increase: 0.0 MiB)
Memory usage before initialization: 1623.11328125 MiB (Increase: 0.0 MiB)
Memory usage after initialization: 1623.11328125 MiB (Increase: 0.0 MiB)
Current lengths of episodes: [71]
Memory usage at done (index 0, length 71, since_prev 71): 1623.11328125 MiB (Increase: 0.0 MiB)
Memory usage before reset: 1623.11328125 MiB (Increase: 0.0 MiB)
Memory usage after reset: 1623.11328125 MiB (Increase: 0.0 MiB)
Training episode 852
Memory usage at middle: 1623.11328125 MiB (Increase: 0.0 MiB)
Memory usage before collect: 1623.11328125 MiB (Increase: 0.0 MiB)
Memory usage after collect: 1623.11328125 MiB (Increase: 0.0 MiB)
Memory usage before initialization: 1623.11328125 MiB (Increase: 0.0 MiB)
Memory usage after initialization: 1623.11328125 MiB (Increase: 0.0 MiB)
Current lengths of episodes: [99]
Memory usage at done (index 0, length 99, since_prev 99): 1623.11328125 MiB (Increase: 0.0 MiB)
Memory usage before reset: 1623.11328125 MiB (Increase: 0.0 MiB)
Memory usage after reset: 1623.11328125 MiB (Increase: 0.0 MiB)
Training episode 853
Memory usage at middle: 1623.11328125 MiB (Increase: 0.0 MiB)
Memory usage before collect: 1623.11328125 MiB (Increase: 0.0 MiB)
Memory usage after collect: 1623.11328125 MiB (Increase: 0.0 MiB)
Memory usage before initialization: 1623.11328125 MiB (Increase: 0.0 MiB)
Memory usage after initialization: 1623.11328125 MiB (Increase: 0.0 MiB)
Current lengths of episodes: [1600]
Memory usage at done (index 0, length 1600, since_prev 1600): 1623.11328125 MiB (Increase: 0.0 MiB)
Memory usage before reset: 1623.11328125 MiB (Increase: 0.0 MiB)
Memory usage after reset: 1623.11328125 MiB (Increase: 0.0 MiB)
Training episode 854
Memory usage at middle: 1623.11328125 MiB (Increase: 0.0 MiB)
Memory usage before collect: 1623.11328125 MiB (Increase: 0.0 MiB)
Memory usage after collect: 1623.11328125 MiB (Increase: 0.0 MiB)
Memory usage before initialization: 1623.11328125 MiB (Increase: 0.0 MiB)
Memory usage after initialization: 1623.11328125 MiB (Increase: 0.0 MiB)
Current lengths of episodes: [694]
Memory usage at done (index 0, length 694, since_prev 694): 1623.11328125 MiB (Increase: 0.0 MiB)
Memory usage before reset: 1623.11328125 MiB (Increase: 0.0 MiB)
Memory usage after reset: 1623.11328125 MiB (Increase: 0.0 MiB)
Training episode 855
Memory usage at middle: 1623.11328125 MiB (Increase: 0.0 MiB)
Memory usage before collect: 1623.11328125 MiB (Increase: 0.0 MiB)
Memory usage after collect: 1623.11328125 MiB (Increase: 0.0 MiB)
Memory usage before initialization: 1623.11328125 MiB (Increase: 0.0 MiB)
Memory usage after initialization: 1623.11328125 MiB (Increase: 0.0 MiB)
Current lengths of episodes: [39]
Memory usage at done (index 0, length 39, since_prev 39): 1623.11328125 MiB (Increase: 0.0 MiB)
Memory usage before reset: 1623.11328125 MiB (Increase: 0.0 MiB)
Memory usage after reset: 1623.11328125 MiB (Increase: 0.0 MiB)
Training episode 856
Memory usage at middle: 1623.11328125 MiB (Increase: 0.0 MiB)
Memory usage before collect: 1623.11328125 MiB (Increase: 0.0 MiB)
Memory usage after collect: 1623.11328125 MiB (Increase: 0.0 MiB)
Memory usage before initialization: 1623.11328125 MiB (Increase: 0.0 MiB)
Memory usage after initialization: 1623.11328125 MiB (Increase: 0.0 MiB)
Current lengths of episodes: [774]
Memory usage at done (index 0, length 774, since_prev 774): 1623.11328125 MiB (Increase: 0.0 MiB)
Memory usage before reset: 1623.11328125 MiB (Increase: 0.0 MiB)
Memory usage after reset: 1623.11328125 MiB (Increase: 0.0 MiB)
Training episode 857
Memory usage at middle: 1623.11328125 MiB (Increase: 0.0 MiB)
Memory usage before collect: 1623.11328125 MiB (Increase: 0.0 MiB)
Memory usage after collect: 1623.11328125 MiB (Increase: 0.0 MiB)
Memory usage before initialization: 1623.11328125 MiB (Increase: 0.0 MiB)
Memory usage after initialization: 1623.11328125 MiB (Increase: 0.0 MiB)
Current lengths of episodes: [1600]
Memory usage at done (index 0, length 1600, since_prev 1600): 1623.11328125 MiB (Increase: 0.0 MiB)
Memory usage before reset: 1623.11328125 MiB (Increase: 0.0 MiB)
Memory usage after reset: 1623.11328125 MiB (Increase: 0.0 MiB)
Training episode 858
Memory usage at middle: 1623.11328125 MiB (Increase: 0.0 MiB)
Memory usage before collect: 1623.11328125 MiB (Increase: 0.0 MiB)
Memory usage after collect: 1623.11328125 MiB (Increase: 0.0 MiB)
Memory usage before initialization: 1623.11328125 MiB (Increase: 0.0 MiB)
Memory usage after initialization: 1623.11328125 MiB (Increase: 0.0 MiB)
Current lengths of episodes: [150]
Memory usage at done (index 0, length 150, since_prev 150): 1623.11328125 MiB (Increase: 0.0 MiB)
Memory usage before reset: 1623.11328125 MiB (Increase: 0.0 MiB)
Memory usage after reset: 1623.11328125 MiB (Increase: 0.0 MiB)
Training episode 859
Memory usage at middle: 1623.11328125 MiB (Increase: 0.0 MiB)
Memory usage before collect: 1623.11328125 MiB (Increase: 0.0 MiB)
Memory usage after collect: 1623.11328125 MiB (Increase: 0.0 MiB)
Memory usage before initialization: 1623.11328125 MiB (Increase: 0.0 MiB)
Memory usage after initialization: 1623.11328125 MiB (Increase: 0.0 MiB)
Current lengths of episodes: [1600]
Memory usage at done (index 0, length 1600, since_prev 1600): 1623.11328125 MiB (Increase: 0.0 MiB)
Memory usage before reset: 1623.11328125 MiB (Increase: 0.0 MiB)
Memory usage after reset: 1623.11328125 MiB (Increase: 0.0 MiB)
Training episode 860
Memory usage at middle: 1623.11328125 MiB (Increase: 0.0 MiB)
Memory usage before collect: 1623.11328125 MiB (Increase: 0.0 MiB)
Memory usage after collect: 1623.11328125 MiB (Increase: 0.0 MiB)
Memory usage before initialization: 1623.11328125 MiB (Increase: 0.0 MiB)
Memory usage after initialization: 1623.11328125 MiB (Increase: 0.0 MiB)
Current lengths of episodes: [1049]
Memory usage at done (index 0, length 1049, since_prev 1049): 1623.11328125 MiB (Increase: 0.0 MiB)
Memory usage before reset: 1623.11328125 MiB (Increase: 0.0 MiB)
Memory usage after reset: 1623.11328125 MiB (Increase: 0.0 MiB)
Training episode 861
Memory usage at middle: 1623.11328125 MiB (Increase: 0.0 MiB)
Memory usage before collect: 1623.11328125 MiB (Increase: 0.0 MiB)
Memory usage after collect: 1623.11328125 MiB (Increase: 0.0 MiB)
Memory usage before initialization: 1623.11328125 MiB (Increase: 0.0 MiB)
Memory usage after initialization: 1623.11328125 MiB (Increase: 0.0 MiB)
Current lengths of episodes: [199]
Memory usage at done (index 0, length 199, since_prev 199): 1623.11328125 MiB (Increase: 0.0 MiB)
Memory usage before reset: 1623.11328125 MiB (Increase: 0.0 MiB)
Memory usage after reset: 1623.11328125 MiB (Increase: 0.0 MiB)
Training episode 862
Memory usage at middle: 1623.11328125 MiB (Increase: 0.0 MiB)
Memory usage before collect: 1623.11328125 MiB (Increase: 0.0 MiB)
Memory usage after collect: 1623.11328125 MiB (Increase: 0.0 MiB)
Memory usage before initialization: 1623.11328125 MiB (Increase: 0.0 MiB)
Memory usage after initialization: 1623.11328125 MiB (Increase: 0.0 MiB)
Current lengths of episodes: [1600]
Memory usage at done (index 0, length 1600, since_prev 1600): 1623.11328125 MiB (Increase: 0.0 MiB)
Memory usage before reset: 1623.11328125 MiB (Increase: 0.0 MiB)
Memory usage after reset: 1623.11328125 MiB (Increase: 0.0 MiB)
Training episode 863
Memory usage at middle: 1623.11328125 MiB (Increase: 0.0 MiB)
Memory usage before collect: 1623.11328125 MiB (Increase: 0.0 MiB)
Memory usage after collect: 1623.11328125 MiB (Increase: 0.0 MiB)
Memory usage before initialization: 1623.11328125 MiB (Increase: 0.0 MiB)
Memory usage after initialization: 1623.11328125 MiB (Increase: 0.0 MiB)
Current lengths of episodes: [1600]
Memory usage at done (index 0, length 1600, since_prev 1600): 1623.11328125 MiB (Increase: 0.0 MiB)
Memory usage before reset: 1623.11328125 MiB (Increase: 0.0 MiB)
Memory usage after reset: 1623.11328125 MiB (Increase: 0.0 MiB)
Training episode 864
Memory usage at middle: 1623.11328125 MiB (Increase: 0.0 MiB)
Memory usage before collect: 1623.11328125 MiB (Increase: 0.0 MiB)
Memory usage after collect: 1623.11328125 MiB (Increase: 0.0 MiB)
Memory usage before initialization: 1623.11328125 MiB (Increase: 0.0 MiB)
Memory usage after initialization: 1623.11328125 MiB (Increase: 0.0 MiB)
Current lengths of episodes: [1600]
Memory usage at done (index 0, length 1600, since_prev 1600): 1623.11328125 MiB (Increase: 0.0 MiB)
Memory usage before reset: 1623.11328125 MiB (Increase: 0.0 MiB)
Memory usage after reset: 1623.11328125 MiB (Increase: 0.0 MiB)
Training episode 865
Memory usage at middle: 1623.11328125 MiB (Increase: 0.0 MiB)
Memory usage before collect: 1623.11328125 MiB (Increase: 0.0 MiB)
Memory usage after collect: 1623.11328125 MiB (Increase: 0.0 MiB)
Memory usage before initialization: 1623.11328125 MiB (Increase: 0.0 MiB)
Memory usage after initialization: 1623.11328125 MiB (Increase: 0.0 MiB)
Current lengths of episodes: [82]
Memory usage at done (index 0, length 82, since_prev 82): 1623.11328125 MiB (Increase: 0.0 MiB)
Memory usage before reset: 1623.11328125 MiB (Increase: 0.0 MiB)
Memory usage after reset: 1623.11328125 MiB (Increase: 0.0 MiB)
Training episode 866
Memory usage at middle: 1623.11328125 MiB (Increase: 0.0 MiB)
Memory usage before collect: 1623.11328125 MiB (Increase: 0.0 MiB)
Memory usage after collect: 1623.11328125 MiB (Increase: 0.0 MiB)
Memory usage before initialization: 1623.11328125 MiB (Increase: 0.0 MiB)
Memory usage after initialization: 1623.11328125 MiB (Increase: 0.0 MiB)
Current lengths of episodes: [1600]
Memory usage at done (index 0, length 1600, since_prev 1600): 1623.11328125 MiB (Increase: 0.0 MiB)
Memory usage before reset: 1623.11328125 MiB (Increase: 0.0 MiB)
Memory usage after reset: 1623.11328125 MiB (Increase: 0.0 MiB)
Training episode 867
Memory usage at middle: 1623.11328125 MiB (Increase: 0.0 MiB)
Memory usage before collect: 1623.11328125 MiB (Increase: 0.0 MiB)
Memory usage after collect: 1623.11328125 MiB (Increase: 0.0 MiB)
Memory usage before initialization: 1623.11328125 MiB (Increase: 0.0 MiB)
Memory usage after initialization: 1623.11328125 MiB (Increase: 0.0 MiB)
Current lengths of episodes: [1600]
Memory usage at done (index 0, length 1600, since_prev 1600): 1623.11328125 MiB (Increase: 0.0 MiB)
Memory usage before reset: 1623.11328125 MiB (Increase: 0.0 MiB)
Memory usage after reset: 1623.11328125 MiB (Increase: 0.0 MiB)
Training episode 868
Memory usage at middle: 1623.11328125 MiB (Increase: 0.0 MiB)
Memory usage before collect: 1623.11328125 MiB (Increase: 0.0 MiB)
Memory usage after collect: 1623.11328125 MiB (Increase: 0.0 MiB)
Memory usage before initialization: 1623.11328125 MiB (Increase: 0.0 MiB)
Memory usage after initialization: 1623.11328125 MiB (Increase: 0.0 MiB)
Current lengths of episodes: [1600]
Memory usage at done (index 0, length 1600, since_prev 1600): 1623.11328125 MiB (Increase: 0.0 MiB)
Memory usage before reset: 1623.11328125 MiB (Increase: 0.0 MiB)
Memory usage after reset: 1623.11328125 MiB (Increase: 0.0 MiB)
Training episode 869
Memory usage at middle: 1623.11328125 MiB (Increase: 0.0 MiB)
Memory usage before collect: 1623.11328125 MiB (Increase: 0.0 MiB)
Memory usage after collect: 1623.11328125 MiB (Increase: 0.0 MiB)
Memory usage before initialization: 1623.11328125 MiB (Increase: 0.0 MiB)
Memory usage after initialization: 1623.11328125 MiB (Increase: 0.0 MiB)
Current lengths of episodes: [1600]
Memory usage at done (index 0, length 1600, since_prev 1600): 1623.11328125 MiB (Increase: 0.0 MiB)
Memory usage before reset: 1623.11328125 MiB (Increase: 0.0 MiB)
Memory usage after reset: 1623.11328125 MiB (Increase: 0.0 MiB)
Training episode 870
Memory usage at middle: 1623.11328125 MiB (Increase: 0.0 MiB)
Memory usage before collect: 1623.11328125 MiB (Increase: 0.0 MiB)
Memory usage after collect: 1623.11328125 MiB (Increase: 0.0 MiB)
Memory usage before initialization: 1623.11328125 MiB (Increase: 0.0 MiB)
Memory usage after initialization: 1623.11328125 MiB (Increase: 0.0 MiB)
Current lengths of episodes: [1600]
Memory usage at done (index 0, length 1600, since_prev 1600): 1623.11328125 MiB (Increase: 0.0 MiB)
Memory usage before reset: 1623.11328125 MiB (Increase: 0.0 MiB)
Memory usage after reset: 1623.11328125 MiB (Increase: 0.0 MiB)
Training episode 871
Memory usage at middle: 1623.11328125 MiB (Increase: 0.0 MiB)
Memory usage before collect: 1623.11328125 MiB (Increase: 0.0 MiB)
Memory usage after collect: 1623.11328125 MiB (Increase: 0.0 MiB)
Memory usage before initialization: 1623.11328125 MiB (Increase: 0.0 MiB)
Memory usage after initialization: 1623.11328125 MiB (Increase: 0.0 MiB)
Current lengths of episodes: [288]
Memory usage at done (index 0, length 288, since_prev 288): 1623.11328125 MiB (Increase: 0.0 MiB)
Memory usage before reset: 1623.11328125 MiB (Increase: 0.0 MiB)
Memory usage after reset: 1623.11328125 MiB (Increase: 0.0 MiB)
Training episode 872
Memory usage at middle: 1623.11328125 MiB (Increase: 0.0 MiB)
Memory usage before collect: 1623.11328125 MiB (Increase: 0.0 MiB)
Memory usage after collect: 1623.11328125 MiB (Increase: 0.0 MiB)
Memory usage before initialization: 1623.11328125 MiB (Increase: 0.0 MiB)
Memory usage after initialization: 1623.11328125 MiB (Increase: 0.0 MiB)
Current lengths of episodes: [1600]
Memory usage at done (index 0, length 1600, since_prev 1600): 1623.11328125 MiB (Increase: 0.0 MiB)
Memory usage before reset: 1623.11328125 MiB (Increase: 0.0 MiB)
Memory usage after reset: 1623.11328125 MiB (Increase: 0.0 MiB)
Training episode 873
Memory usage at middle: 1623.11328125 MiB (Increase: 0.0 MiB)
Memory usage before collect: 1623.11328125 MiB (Increase: 0.0 MiB)
Memory usage after collect: 1623.11328125 MiB (Increase: 0.0 MiB)
Memory usage before initialization: 1623.11328125 MiB (Increase: 0.0 MiB)
Memory usage after initialization: 1623.11328125 MiB (Increase: 0.0 MiB)
Current lengths of episodes: [367]
Memory usage at done (index 0, length 367, since_prev 367): 1623.11328125 MiB (Increase: 0.0 MiB)
Memory usage before reset: 1623.11328125 MiB (Increase: 0.0 MiB)
Memory usage after reset: 1623.11328125 MiB (Increase: 0.0 MiB)
Training episode 874
Memory usage at middle: 1623.11328125 MiB (Increase: 0.0 MiB)
Memory usage before collect: 1623.11328125 MiB (Increase: 0.0 MiB)
Memory usage after collect: 1623.11328125 MiB (Increase: 0.0 MiB)
Memory usage before initialization: 1623.11328125 MiB (Increase: 0.0 MiB)
Memory usage after initialization: 1623.11328125 MiB (Increase: 0.0 MiB)
Current lengths of episodes: [1600]
Memory usage at done (index 0, length 1600, since_prev 1600): 1623.11328125 MiB (Increase: 0.0 MiB)
Memory usage before reset: 1623.11328125 MiB (Increase: 0.0 MiB)
Memory usage after reset: 1623.11328125 MiB (Increase: 0.0 MiB)
Training episode 875
Memory usage at middle: 1623.11328125 MiB (Increase: 0.0 MiB)
Memory usage before collect: 1623.11328125 MiB (Increase: 0.0 MiB)
Memory usage after collect: 1623.11328125 MiB (Increase: 0.0 MiB)
Memory usage before initialization: 1623.11328125 MiB (Increase: 0.0 MiB)
Memory usage after initialization: 1623.11328125 MiB (Increase: 0.0 MiB)
Current lengths of episodes: [627]
Memory usage at done (index 0, length 627, since_prev 627): 1623.11328125 MiB (Increase: 0.0 MiB)
Memory usage before reset: 1623.11328125 MiB (Increase: 0.0 MiB)
Memory usage after reset: 1623.11328125 MiB (Increase: 0.0 MiB)
Training episode 876
Memory usage at middle: 1623.11328125 MiB (Increase: 0.0 MiB)
Memory usage before collect: 1623.11328125 MiB (Increase: 0.0 MiB)
Memory usage after collect: 1623.11328125 MiB (Increase: 0.0 MiB)
Memory usage before initialization: 1623.11328125 MiB (Increase: 0.0 MiB)
Memory usage after initialization: 1623.11328125 MiB (Increase: 0.0 MiB)
Current lengths of episodes: [1600]
Memory usage at done (index 0, length 1600, since_prev 1600): 1623.11328125 MiB (Increase: 0.0 MiB)
Memory usage before reset: 1623.11328125 MiB (Increase: 0.0 MiB)
Memory usage after reset: 1623.11328125 MiB (Increase: 0.0 MiB)
Training episode 877
Memory usage at middle: 1623.11328125 MiB (Increase: 0.0 MiB)
Memory usage before collect: 1623.11328125 MiB (Increase: 0.0 MiB)
Memory usage after collect: 1623.11328125 MiB (Increase: 0.0 MiB)
Memory usage before initialization: 1623.11328125 MiB (Increase: 0.0 MiB)
Memory usage after initialization: 1623.11328125 MiB (Increase: 0.0 MiB)
Current lengths of episodes: [61]
Memory usage at done (index 0, length 61, since_prev 61): 1623.11328125 MiB (Increase: 0.0 MiB)
Memory usage before reset: 1623.11328125 MiB (Increase: 0.0 MiB)
Memory usage after reset: 1623.11328125 MiB (Increase: 0.0 MiB)
Training episode 878
Memory usage at middle: 1623.11328125 MiB (Increase: 0.0 MiB)
Memory usage before collect: 1623.11328125 MiB (Increase: 0.0 MiB)
Memory usage after collect: 1623.11328125 MiB (Increase: 0.0 MiB)
Memory usage before initialization: 1623.11328125 MiB (Increase: 0.0 MiB)
Memory usage after initialization: 1623.11328125 MiB (Increase: 0.0 MiB)
Current lengths of episodes: [1600]
Memory usage at done (index 0, length 1600, since_prev 1600): 1623.11328125 MiB (Increase: 0.0 MiB)
Memory usage before reset: 1623.11328125 MiB (Increase: 0.0 MiB)
Memory usage after reset: 1623.11328125 MiB (Increase: 0.0 MiB)
Training episode 879
Memory usage at middle: 1623.11328125 MiB (Increase: 0.0 MiB)
Memory usage before collect: 1623.11328125 MiB (Increase: 0.0 MiB)
Memory usage after collect: 1623.11328125 MiB (Increase: 0.0 MiB)
Memory usage before initialization: 1623.11328125 MiB (Increase: 0.0 MiB)
Memory usage after initialization: 1623.11328125 MiB (Increase: 0.0 MiB)
Current lengths of episodes: [70]
Memory usage at done (index 0, length 70, since_prev 70): 1623.11328125 MiB (Increase: 0.0 MiB)
Memory usage before reset: 1623.11328125 MiB (Increase: 0.0 MiB)
Memory usage after reset: 1623.11328125 MiB (Increase: 0.0 MiB)
Training episode 880
Memory usage at middle: 1623.11328125 MiB (Increase: 0.0 MiB)
Memory usage before collect: 1623.11328125 MiB (Increase: 0.0 MiB)
Memory usage after collect: 1623.11328125 MiB (Increase: 0.0 MiB)
Memory usage before initialization: 1623.11328125 MiB (Increase: 0.0 MiB)
Memory usage after initialization: 1623.11328125 MiB (Increase: 0.0 MiB)
Current lengths of episodes: [1600]
Memory usage at done (index 0, length 1600, since_prev 1600): 1623.11328125 MiB (Increase: 0.0 MiB)
Memory usage before reset: 1623.11328125 MiB (Increase: 0.0 MiB)
Memory usage after reset: 1623.11328125 MiB (Increase: 0.0 MiB)
Training episode 881
Memory usage at middle: 1623.11328125 MiB (Increase: 0.0 MiB)
Memory usage before collect: 1623.11328125 MiB (Increase: 0.0 MiB)
Memory usage after collect: 1623.11328125 MiB (Increase: 0.0 MiB)
Memory usage before initialization: 1623.11328125 MiB (Increase: 0.0 MiB)
Memory usage after initialization: 1623.11328125 MiB (Increase: 0.0 MiB)
Current lengths of episodes: [1600]
Memory usage at done (index 0, length 1600, since_prev 1600): 1623.11328125 MiB (Increase: 0.0 MiB)
Memory usage before reset: 1623.11328125 MiB (Increase: 0.0 MiB)
Memory usage after reset: 1623.11328125 MiB (Increase: 0.0 MiB)
Training episode 882
Memory usage at middle: 1623.11328125 MiB (Increase: 0.0 MiB)
Memory usage before collect: 1623.11328125 MiB (Increase: 0.0 MiB)
Memory usage after collect: 1623.11328125 MiB (Increase: 0.0 MiB)
Memory usage before initialization: 1623.11328125 MiB (Increase: 0.0 MiB)
Memory usage after initialization: 1623.11328125 MiB (Increase: 0.0 MiB)
Current lengths of episodes: [88]
Memory usage at done (index 0, length 88, since_prev 88): 1623.11328125 MiB (Increase: 0.0 MiB)
Memory usage before reset: 1623.11328125 MiB (Increase: 0.0 MiB)
Memory usage after reset: 1623.11328125 MiB (Increase: 0.0 MiB)
Training episode 883
Memory usage at middle: 1623.11328125 MiB (Increase: 0.0 MiB)
Memory usage before collect: 1623.11328125 MiB (Increase: 0.0 MiB)
Memory usage after collect: 1623.11328125 MiB (Increase: 0.0 MiB)
Memory usage before initialization: 1623.11328125 MiB (Increase: 0.0 MiB)
Memory usage after initialization: 1623.11328125 MiB (Increase: 0.0 MiB)
Current lengths of episodes: [125]
Memory usage at done (index 0, length 125, since_prev 125): 1623.11328125 MiB (Increase: 0.0 MiB)
Memory usage before reset: 1623.11328125 MiB (Increase: 0.0 MiB)
Memory usage after reset: 1623.11328125 MiB (Increase: 0.0 MiB)
Training episode 884
Memory usage at middle: 1623.11328125 MiB (Increase: 0.0 MiB)
Memory usage before collect: 1623.11328125 MiB (Increase: 0.0 MiB)
Memory usage after collect: 1623.11328125 MiB (Increase: 0.0 MiB)
Memory usage before initialization: 1623.11328125 MiB (Increase: 0.0 MiB)
Memory usage after initialization: 1623.11328125 MiB (Increase: 0.0 MiB)
Current lengths of episodes: [56]
Memory usage at done (index 0, length 56, since_prev 56): 1623.11328125 MiB (Increase: 0.0 MiB)
Memory usage before reset: 1623.11328125 MiB (Increase: 0.0 MiB)
Memory usage after reset: 1623.11328125 MiB (Increase: 0.0 MiB)
Training episode 885
Memory usage at middle: 1623.11328125 MiB (Increase: 0.0 MiB)
Memory usage before collect: 1623.11328125 MiB (Increase: 0.0 MiB)
Memory usage after collect: 1623.11328125 MiB (Increase: 0.0 MiB)
Memory usage before initialization: 1623.11328125 MiB (Increase: 0.0 MiB)
Memory usage after initialization: 1623.11328125 MiB (Increase: 0.0 MiB)
Current lengths of episodes: [334]
Memory usage at done (index 0, length 334, since_prev 334): 1623.11328125 MiB (Increase: 0.0 MiB)
Memory usage before reset: 1623.11328125 MiB (Increase: 0.0 MiB)
Memory usage after reset: 1623.11328125 MiB (Increase: 0.0 MiB)
Training episode 886
Memory usage at middle: 1623.11328125 MiB (Increase: 0.0 MiB)
Memory usage before collect: 1623.11328125 MiB (Increase: 0.0 MiB)
Memory usage after collect: 1623.11328125 MiB (Increase: 0.0 MiB)
Memory usage before initialization: 1623.11328125 MiB (Increase: 0.0 MiB)
Memory usage after initialization: 1623.11328125 MiB (Increase: 0.0 MiB)
Current lengths of episodes: [421]
Memory usage at done (index 0, length 421, since_prev 421): 1623.11328125 MiB (Increase: 0.0 MiB)
Memory usage before reset: 1623.11328125 MiB (Increase: 0.0 MiB)
Memory usage after reset: 1623.11328125 MiB (Increase: 0.0 MiB)
Training episode 887
Memory usage at middle: 1623.11328125 MiB (Increase: 0.0 MiB)
Memory usage before collect: 1623.11328125 MiB (Increase: 0.0 MiB)
Memory usage after collect: 1623.11328125 MiB (Increase: 0.0 MiB)
Memory usage before initialization: 1623.11328125 MiB (Increase: 0.0 MiB)
Memory usage after initialization: 1623.11328125 MiB (Increase: 0.0 MiB)
Current lengths of episodes: [1600]
Memory usage at done (index 0, length 1600, since_prev 1600): 1623.11328125 MiB (Increase: 0.0 MiB)
Memory usage before reset: 1623.11328125 MiB (Increase: 0.0 MiB)
Memory usage after reset: 1623.11328125 MiB (Increase: 0.0 MiB)
Training episode 888
Memory usage at middle: 1623.11328125 MiB (Increase: 0.0 MiB)
Memory usage before collect: 1623.11328125 MiB (Increase: 0.0 MiB)
Memory usage after collect: 1623.11328125 MiB (Increase: 0.0 MiB)
Memory usage before initialization: 1623.11328125 MiB (Increase: 0.0 MiB)
Memory usage after initialization: 1623.11328125 MiB (Increase: 0.0 MiB)
Current lengths of episodes: [74]
Memory usage at done (index 0, length 74, since_prev 74): 1623.11328125 MiB (Increase: 0.0 MiB)
Memory usage before reset: 1623.11328125 MiB (Increase: 0.0 MiB)
Memory usage after reset: 1623.11328125 MiB (Increase: 0.0 MiB)
Training episode 889
Memory usage at middle: 1623.11328125 MiB (Increase: 0.0 MiB)
Memory usage before collect: 1623.11328125 MiB (Increase: 0.0 MiB)
Memory usage after collect: 1623.11328125 MiB (Increase: 0.0 MiB)
Memory usage before initialization: 1623.11328125 MiB (Increase: 0.0 MiB)
Memory usage after initialization: 1623.11328125 MiB (Increase: 0.0 MiB)
Current lengths of episodes: [95]
Memory usage at done (index 0, length 95, since_prev 95): 1623.11328125 MiB (Increase: 0.0 MiB)
Memory usage before reset: 1623.11328125 MiB (Increase: 0.0 MiB)
Memory usage after reset: 1623.11328125 MiB (Increase: 0.0 MiB)
Training episode 890
Memory usage at middle: 1623.11328125 MiB (Increase: 0.0 MiB)
Memory usage before collect: 1623.11328125 MiB (Increase: 0.0 MiB)
Memory usage after collect: 1623.11328125 MiB (Increase: 0.0 MiB)
Memory usage before initialization: 1623.11328125 MiB (Increase: 0.0 MiB)
Memory usage after initialization: 1623.11328125 MiB (Increase: 0.0 MiB)
Current lengths of episodes: [82]
Memory usage at done (index 0, length 82, since_prev 82): 1623.11328125 MiB (Increase: 0.0 MiB)
Memory usage before reset: 1623.11328125 MiB (Increase: 0.0 MiB)
Memory usage after reset: 1623.11328125 MiB (Increase: 0.0 MiB)
Training episode 891
Memory usage at middle: 1623.11328125 MiB (Increase: 0.0 MiB)
Memory usage before collect: 1623.11328125 MiB (Increase: 0.0 MiB)
Memory usage after collect: 1623.11328125 MiB (Increase: 0.0 MiB)
Memory usage before initialization: 1623.11328125 MiB (Increase: 0.0 MiB)
Memory usage after initialization: 1623.11328125 MiB (Increase: 0.0 MiB)
Current lengths of episodes: [1600]
Memory usage at done (index 0, length 1600, since_prev 1600): 1623.11328125 MiB (Increase: 0.0 MiB)
Memory usage before reset: 1623.11328125 MiB (Increase: 0.0 MiB)
Memory usage after reset: 1623.11328125 MiB (Increase: 0.0 MiB)
Training episode 892
Memory usage at middle: 1623.11328125 MiB (Increase: 0.0 MiB)
Memory usage before collect: 1623.11328125 MiB (Increase: 0.0 MiB)
Memory usage after collect: 1623.11328125 MiB (Increase: 0.0 MiB)
Memory usage before initialization: 1623.11328125 MiB (Increase: 0.0 MiB)
Memory usage after initialization: 1623.11328125 MiB (Increase: 0.0 MiB)
Current lengths of episodes: [67]
Memory usage at done (index 0, length 67, since_prev 67): 1623.11328125 MiB (Increase: 0.0 MiB)
Memory usage before reset: 1623.11328125 MiB (Increase: 0.0 MiB)
Memory usage after reset: 1623.11328125 MiB (Increase: 0.0 MiB)
Training episode 893
Memory usage at middle: 1623.11328125 MiB (Increase: 0.0 MiB)
Memory usage before collect: 1623.11328125 MiB (Increase: 0.0 MiB)
Memory usage after collect: 1623.11328125 MiB (Increase: 0.0 MiB)
Memory usage before initialization: 1623.11328125 MiB (Increase: 0.0 MiB)
Memory usage after initialization: 1623.11328125 MiB (Increase: 0.0 MiB)
Current lengths of episodes: [676]
Memory usage at done (index 0, length 676, since_prev 676): 1623.11328125 MiB (Increase: 0.0 MiB)
Memory usage before reset: 1623.11328125 MiB (Increase: 0.0 MiB)
Memory usage after reset: 1623.11328125 MiB (Increase: 0.0 MiB)
Training episode 894
Memory usage at middle: 1623.11328125 MiB (Increase: 0.0 MiB)
Memory usage before collect: 1623.11328125 MiB (Increase: 0.0 MiB)
Memory usage after collect: 1623.11328125 MiB (Increase: 0.0 MiB)
Memory usage before initialization: 1623.11328125 MiB (Increase: 0.0 MiB)
Memory usage after initialization: 1623.11328125 MiB (Increase: 0.0 MiB)
Current lengths of episodes: [40]
Memory usage at done (index 0, length 40, since_prev 40): 1623.11328125 MiB (Increase: 0.0 MiB)
Memory usage before reset: 1623.11328125 MiB (Increase: 0.0 MiB)
Memory usage after reset: 1623.11328125 MiB (Increase: 0.0 MiB)
Training episode 895
Memory usage at middle: 1623.11328125 MiB (Increase: 0.0 MiB)
Memory usage before collect: 1623.11328125 MiB (Increase: 0.0 MiB)
Memory usage after collect: 1623.11328125 MiB (Increase: 0.0 MiB)
Memory usage before initialization: 1623.11328125 MiB (Increase: 0.0 MiB)
Memory usage after initialization: 1623.11328125 MiB (Increase: 0.0 MiB)
Current lengths of episodes: [42]
Memory usage at done (index 0, length 42, since_prev 42): 1623.11328125 MiB (Increase: 0.0 MiB)
Memory usage before reset: 1623.11328125 MiB (Increase: 0.0 MiB)
Memory usage after reset: 1623.11328125 MiB (Increase: 0.0 MiB)
Training episode 896
Memory usage at middle: 1623.11328125 MiB (Increase: 0.0 MiB)
Memory usage before collect: 1623.11328125 MiB (Increase: 0.0 MiB)
Memory usage after collect: 1623.11328125 MiB (Increase: 0.0 MiB)
Memory usage before initialization: 1623.11328125 MiB (Increase: 0.0 MiB)
Memory usage after initialization: 1623.11328125 MiB (Increase: 0.0 MiB)
Current lengths of episodes: [78]
Memory usage at done (index 0, length 78, since_prev 78): 1623.11328125 MiB (Increase: 0.0 MiB)
Memory usage before reset: 1623.11328125 MiB (Increase: 0.0 MiB)
Memory usage after reset: 1623.11328125 MiB (Increase: 0.0 MiB)
Training episode 897
Memory usage at middle: 1623.11328125 MiB (Increase: 0.0 MiB)
Memory usage before collect: 1623.11328125 MiB (Increase: 0.0 MiB)
Memory usage after collect: 1623.11328125 MiB (Increase: 0.0 MiB)
Memory usage before initialization: 1623.11328125 MiB (Increase: 0.0 MiB)
Memory usage after initialization: 1623.11328125 MiB (Increase: 0.0 MiB)
Current lengths of episodes: [1600]
Memory usage at done (index 0, length 1600, since_prev 1600): 1623.11328125 MiB (Increase: 0.0 MiB)
Memory usage before reset: 1623.11328125 MiB (Increase: 0.0 MiB)
Memory usage after reset: 1623.11328125 MiB (Increase: 0.0 MiB)
Training episode 898
Memory usage at middle: 1623.11328125 MiB (Increase: 0.0 MiB)
Memory usage before collect: 1623.11328125 MiB (Increase: 0.0 MiB)
Memory usage after collect: 1623.11328125 MiB (Increase: 0.0 MiB)
Memory usage before initialization: 1623.11328125 MiB (Increase: 0.0 MiB)
Memory usage after initialization: 1623.11328125 MiB (Increase: 0.0 MiB)
Current lengths of episodes: [1600]
Memory usage at done (index 0, length 1600, since_prev 1600): 1623.11328125 MiB (Increase: 0.0 MiB)
Memory usage before reset: 1623.11328125 MiB (Increase: 0.0 MiB)
Memory usage after reset: 1623.11328125 MiB (Increase: 0.0 MiB)
Training episode 899
Memory usage at middle: 1623.11328125 MiB (Increase: 0.0 MiB)
Memory usage before collect: 1623.11328125 MiB (Increase: 0.0 MiB)
Memory usage after collect: 1623.11328125 MiB (Increase: 0.0 MiB)
Memory usage before initialization: 1623.11328125 MiB (Increase: 0.0 MiB)
Memory usage after initialization: 1623.11328125 MiB (Increase: 0.0 MiB)
Current lengths of episodes: [1565]
Memory usage at done (index 0, length 1565, since_prev 1565): 1623.11328125 MiB (Increase: 0.0 MiB)
Memory usage before reset: 1623.11328125 MiB (Increase: 0.0 MiB)
Memory usage after reset: 1623.11328125 MiB (Increase: 0.0 MiB)
Training episode 900
Memory usage at middle: 1623.11328125 MiB (Increase: 0.0 MiB)
Memory usage before collect: 1623.11328125 MiB (Increase: 0.0 MiB)
Memory usage after collect: 1623.11328125 MiB (Increase: 0.0 MiB)
Episode 900	Average evaluation: -46.494218317306924
Memory usage before initialization: 1623.11328125 MiB (Increase: 0.0 MiB)
Memory usage after initialization: 1623.11328125 MiB (Increase: 0.0 MiB)
Current lengths of episodes: [1600]
Memory usage at done (index 0, length 1600, since_prev 1600): 1623.11328125 MiB (Increase: 0.0 MiB)
Memory usage before reset: 1623.11328125 MiB (Increase: 0.0 MiB)
Memory usage after reset: 1623.11328125 MiB (Increase: 0.0 MiB)
Training episode 901
Memory usage at middle: 1623.11328125 MiB (Increase: 0.0 MiB)
Memory usage before collect: 1623.11328125 MiB (Increase: 0.0 MiB)
Memory usage after collect: 1623.11328125 MiB (Increase: 0.0 MiB)
Memory usage before initialization: 1623.11328125 MiB (Increase: 0.0 MiB)
Memory usage after initialization: 1623.11328125 MiB (Increase: 0.0 MiB)
Current lengths of episodes: [69]
Memory usage at done (index 0, length 69, since_prev 69): 1623.11328125 MiB (Increase: 0.0 MiB)
Memory usage before reset: 1623.11328125 MiB (Increase: 0.0 MiB)
Memory usage after reset: 1623.11328125 MiB (Increase: 0.0 MiB)
Training episode 902
Memory usage at middle: 1623.11328125 MiB (Increase: 0.0 MiB)
Memory usage before collect: 1623.11328125 MiB (Increase: 0.0 MiB)
Memory usage after collect: 1623.11328125 MiB (Increase: 0.0 MiB)
Memory usage before initialization: 1623.11328125 MiB (Increase: 0.0 MiB)
Memory usage after initialization: 1623.11328125 MiB (Increase: 0.0 MiB)
Current lengths of episodes: [53]
Memory usage at done (index 0, length 53, since_prev 53): 1623.11328125 MiB (Increase: 0.0 MiB)
Memory usage before reset: 1623.11328125 MiB (Increase: 0.0 MiB)
Memory usage after reset: 1623.11328125 MiB (Increase: 0.0 MiB)
Training episode 903
Memory usage at middle: 1623.11328125 MiB (Increase: 0.0 MiB)
Memory usage before collect: 1623.11328125 MiB (Increase: 0.0 MiB)
Memory usage after collect: 1623.11328125 MiB (Increase: 0.0 MiB)
Memory usage before initialization: 1623.11328125 MiB (Increase: 0.0 MiB)
Memory usage after initialization: 1623.11328125 MiB (Increase: 0.0 MiB)
Current lengths of episodes: [85]
Memory usage at done (index 0, length 85, since_prev 85): 1623.11328125 MiB (Increase: 0.0 MiB)
Memory usage before reset: 1623.11328125 MiB (Increase: 0.0 MiB)
Memory usage after reset: 1623.11328125 MiB (Increase: 0.0 MiB)
Training episode 904
Memory usage at middle: 1623.11328125 MiB (Increase: 0.0 MiB)
Memory usage before collect: 1623.11328125 MiB (Increase: 0.0 MiB)
Memory usage after collect: 1623.11328125 MiB (Increase: 0.0 MiB)
Memory usage before initialization: 1623.11328125 MiB (Increase: 0.0 MiB)
Memory usage after initialization: 1623.11328125 MiB (Increase: 0.0 MiB)
Current lengths of episodes: [1600]
Memory usage at done (index 0, length 1600, since_prev 1600): 1623.11328125 MiB (Increase: 0.0 MiB)
Memory usage before reset: 1623.11328125 MiB (Increase: 0.0 MiB)
Memory usage after reset: 1623.11328125 MiB (Increase: 0.0 MiB)
Training episode 905
Memory usage at middle: 1623.11328125 MiB (Increase: 0.0 MiB)
Memory usage before collect: 1623.11328125 MiB (Increase: 0.0 MiB)
Memory usage after collect: 1623.11328125 MiB (Increase: 0.0 MiB)
Memory usage before initialization: 1623.11328125 MiB (Increase: 0.0 MiB)
Memory usage after initialization: 1623.11328125 MiB (Increase: 0.0 MiB)
Current lengths of episodes: [98]
Memory usage at done (index 0, length 98, since_prev 98): 1623.11328125 MiB (Increase: 0.0 MiB)
Memory usage before reset: 1623.11328125 MiB (Increase: 0.0 MiB)
Memory usage after reset: 1623.11328125 MiB (Increase: 0.0 MiB)
Training episode 906
Memory usage at middle: 1623.11328125 MiB (Increase: 0.0 MiB)
Memory usage before collect: 1623.11328125 MiB (Increase: 0.0 MiB)
Memory usage after collect: 1623.11328125 MiB (Increase: 0.0 MiB)
Memory usage before initialization: 1623.11328125 MiB (Increase: 0.0 MiB)
Memory usage after initialization: 1623.11328125 MiB (Increase: 0.0 MiB)
Current lengths of episodes: [1600]
Memory usage at done (index 0, length 1600, since_prev 1600): 1623.11328125 MiB (Increase: 0.0 MiB)
Memory usage before reset: 1623.11328125 MiB (Increase: 0.0 MiB)
Memory usage after reset: 1623.11328125 MiB (Increase: 0.0 MiB)
Training episode 907
Memory usage at middle: 1623.11328125 MiB (Increase: 0.0 MiB)
Memory usage before collect: 1623.11328125 MiB (Increase: 0.0 MiB)
Memory usage after collect: 1623.11328125 MiB (Increase: 0.0 MiB)
Memory usage before initialization: 1623.11328125 MiB (Increase: 0.0 MiB)
Memory usage after initialization: 1623.11328125 MiB (Increase: 0.0 MiB)
Current lengths of episodes: [1600]
Memory usage at done (index 0, length 1600, since_prev 1600): 1623.11328125 MiB (Increase: 0.0 MiB)
Memory usage before reset: 1623.11328125 MiB (Increase: 0.0 MiB)
Memory usage after reset: 1623.11328125 MiB (Increase: 0.0 MiB)
Training episode 908
Memory usage at middle: 1623.11328125 MiB (Increase: 0.0 MiB)
Memory usage before collect: 1623.11328125 MiB (Increase: 0.0 MiB)
Memory usage after collect: 1623.11328125 MiB (Increase: 0.0 MiB)
Memory usage before initialization: 1623.11328125 MiB (Increase: 0.0 MiB)
Memory usage after initialization: 1623.11328125 MiB (Increase: 0.0 MiB)
Current lengths of episodes: [46]
Memory usage at done (index 0, length 46, since_prev 46): 1623.11328125 MiB (Increase: 0.0 MiB)
Memory usage before reset: 1623.11328125 MiB (Increase: 0.0 MiB)
Memory usage after reset: 1623.11328125 MiB (Increase: 0.0 MiB)
Training episode 909
Memory usage at middle: 1623.11328125 MiB (Increase: 0.0 MiB)
Memory usage before collect: 1623.11328125 MiB (Increase: 0.0 MiB)
Memory usage after collect: 1623.11328125 MiB (Increase: 0.0 MiB)
Memory usage before initialization: 1623.11328125 MiB (Increase: 0.0 MiB)
Memory usage after initialization: 1623.11328125 MiB (Increase: 0.0 MiB)
Current lengths of episodes: [524]
Memory usage at done (index 0, length 524, since_prev 524): 1623.11328125 MiB (Increase: 0.0 MiB)
Memory usage before reset: 1623.11328125 MiB (Increase: 0.0 MiB)
Memory usage after reset: 1623.11328125 MiB (Increase: 0.0 MiB)
Training episode 910
Memory usage at middle: 1623.11328125 MiB (Increase: 0.0 MiB)
Memory usage before collect: 1623.11328125 MiB (Increase: 0.0 MiB)
Memory usage after collect: 1623.11328125 MiB (Increase: 0.0 MiB)
Memory usage before initialization: 1623.11328125 MiB (Increase: 0.0 MiB)
Memory usage after initialization: 1623.11328125 MiB (Increase: 0.0 MiB)
Current lengths of episodes: [182]
Memory usage at done (index 0, length 182, since_prev 182): 1623.11328125 MiB (Increase: 0.0 MiB)
Memory usage before reset: 1623.11328125 MiB (Increase: 0.0 MiB)
Memory usage after reset: 1623.11328125 MiB (Increase: 0.0 MiB)
Training episode 911
Memory usage at middle: 1623.11328125 MiB (Increase: 0.0 MiB)
Memory usage before collect: 1623.11328125 MiB (Increase: 0.0 MiB)
Memory usage after collect: 1623.11328125 MiB (Increase: 0.0 MiB)
Memory usage before initialization: 1623.11328125 MiB (Increase: 0.0 MiB)
Memory usage after initialization: 1623.11328125 MiB (Increase: 0.0 MiB)
Current lengths of episodes: [1600]
Memory usage at done (index 0, length 1600, since_prev 1600): 1623.11328125 MiB (Increase: 0.0 MiB)
Memory usage before reset: 1623.11328125 MiB (Increase: 0.0 MiB)
Memory usage after reset: 1623.11328125 MiB (Increase: 0.0 MiB)
Training episode 912
Memory usage at middle: 1623.11328125 MiB (Increase: 0.0 MiB)
Memory usage before collect: 1623.11328125 MiB (Increase: 0.0 MiB)
Memory usage after collect: 1623.11328125 MiB (Increase: 0.0 MiB)
Memory usage before initialization: 1623.11328125 MiB (Increase: 0.0 MiB)
Memory usage after initialization: 1623.11328125 MiB (Increase: 0.0 MiB)
Current lengths of episodes: [1600]
Memory usage at done (index 0, length 1600, since_prev 1600): 1623.11328125 MiB (Increase: 0.0 MiB)
Memory usage before reset: 1623.11328125 MiB (Increase: 0.0 MiB)
Memory usage after reset: 1623.11328125 MiB (Increase: 0.0 MiB)
Training episode 913
Memory usage at middle: 1623.11328125 MiB (Increase: 0.0 MiB)
Memory usage before collect: 1623.11328125 MiB (Increase: 0.0 MiB)
Memory usage after collect: 1623.11328125 MiB (Increase: 0.0 MiB)
Memory usage before initialization: 1623.11328125 MiB (Increase: 0.0 MiB)
Memory usage after initialization: 1623.11328125 MiB (Increase: 0.0 MiB)
Current lengths of episodes: [75]
Memory usage at done (index 0, length 75, since_prev 75): 1623.11328125 MiB (Increase: 0.0 MiB)
Memory usage before reset: 1623.11328125 MiB (Increase: 0.0 MiB)
Memory usage after reset: 1623.11328125 MiB (Increase: 0.0 MiB)
Training episode 914
Memory usage at middle: 1623.11328125 MiB (Increase: 0.0 MiB)
Memory usage before collect: 1623.11328125 MiB (Increase: 0.0 MiB)
Memory usage after collect: 1623.11328125 MiB (Increase: 0.0 MiB)
Memory usage before initialization: 1623.11328125 MiB (Increase: 0.0 MiB)
Memory usage after initialization: 1623.11328125 MiB (Increase: 0.0 MiB)
Current lengths of episodes: [82]
Memory usage at done (index 0, length 82, since_prev 82): 1623.11328125 MiB (Increase: 0.0 MiB)
Memory usage before reset: 1623.11328125 MiB (Increase: 0.0 MiB)
Memory usage after reset: 1623.11328125 MiB (Increase: 0.0 MiB)
Training episode 915
Memory usage at middle: 1623.11328125 MiB (Increase: 0.0 MiB)
Memory usage before collect: 1623.11328125 MiB (Increase: 0.0 MiB)
Memory usage after collect: 1623.11328125 MiB (Increase: 0.0 MiB)
Memory usage before initialization: 1623.11328125 MiB (Increase: 0.0 MiB)
Memory usage after initialization: 1623.11328125 MiB (Increase: 0.0 MiB)
Current lengths of episodes: [247]
Memory usage at done (index 0, length 247, since_prev 247): 1623.11328125 MiB (Increase: 0.0 MiB)
Memory usage before reset: 1623.11328125 MiB (Increase: 0.0 MiB)
Memory usage after reset: 1623.11328125 MiB (Increase: 0.0 MiB)
Training episode 916
Memory usage at middle: 1623.11328125 MiB (Increase: 0.0 MiB)
Memory usage before collect: 1623.11328125 MiB (Increase: 0.0 MiB)
Memory usage after collect: 1623.11328125 MiB (Increase: 0.0 MiB)
Memory usage before initialization: 1623.11328125 MiB (Increase: 0.0 MiB)
Memory usage after initialization: 1623.11328125 MiB (Increase: 0.0 MiB)
Current lengths of episodes: [52]
Memory usage at done (index 0, length 52, since_prev 52): 1623.11328125 MiB (Increase: 0.0 MiB)
Memory usage before reset: 1623.11328125 MiB (Increase: 0.0 MiB)
Memory usage after reset: 1623.11328125 MiB (Increase: 0.0 MiB)
Training episode 917
Memory usage at middle: 1623.11328125 MiB (Increase: 0.0 MiB)
Memory usage before collect: 1623.11328125 MiB (Increase: 0.0 MiB)
Memory usage after collect: 1623.11328125 MiB (Increase: 0.0 MiB)
Memory usage before initialization: 1623.11328125 MiB (Increase: 0.0 MiB)
Memory usage after initialization: 1623.11328125 MiB (Increase: 0.0 MiB)
Current lengths of episodes: [1600]
Memory usage at done (index 0, length 1600, since_prev 1600): 1623.11328125 MiB (Increase: 0.0 MiB)
Memory usage before reset: 1623.11328125 MiB (Increase: 0.0 MiB)
Memory usage after reset: 1623.11328125 MiB (Increase: 0.0 MiB)
Training episode 918
Memory usage at middle: 1623.11328125 MiB (Increase: 0.0 MiB)
Memory usage before collect: 1623.11328125 MiB (Increase: 0.0 MiB)
Memory usage after collect: 1623.11328125 MiB (Increase: 0.0 MiB)
Memory usage before initialization: 1623.11328125 MiB (Increase: 0.0 MiB)
Memory usage after initialization: 1623.11328125 MiB (Increase: 0.0 MiB)
Current lengths of episodes: [1600]
Memory usage at done (index 0, length 1600, since_prev 1600): 1623.11328125 MiB (Increase: 0.0 MiB)
Memory usage before reset: 1623.11328125 MiB (Increase: 0.0 MiB)
Memory usage after reset: 1623.11328125 MiB (Increase: 0.0 MiB)
Training episode 919
Memory usage at middle: 1623.11328125 MiB (Increase: 0.0 MiB)
Memory usage before collect: 1623.11328125 MiB (Increase: 0.0 MiB)
Memory usage after collect: 1623.11328125 MiB (Increase: 0.0 MiB)
Memory usage before initialization: 1623.11328125 MiB (Increase: 0.0 MiB)
Memory usage after initialization: 1623.11328125 MiB (Increase: 0.0 MiB)
Current lengths of episodes: [71]
Memory usage at done (index 0, length 71, since_prev 71): 1623.11328125 MiB (Increase: 0.0 MiB)
Memory usage before reset: 1623.11328125 MiB (Increase: 0.0 MiB)
Memory usage after reset: 1623.11328125 MiB (Increase: 0.0 MiB)
Training episode 920
Memory usage at middle: 1623.11328125 MiB (Increase: 0.0 MiB)
Memory usage before collect: 1623.11328125 MiB (Increase: 0.0 MiB)
Memory usage after collect: 1623.11328125 MiB (Increase: 0.0 MiB)
Memory usage before initialization: 1623.11328125 MiB (Increase: 0.0 MiB)
Memory usage after initialization: 1623.11328125 MiB (Increase: 0.0 MiB)
Current lengths of episodes: [1600]
Memory usage at done (index 0, length 1600, since_prev 1600): 1623.11328125 MiB (Increase: 0.0 MiB)
Memory usage before reset: 1623.11328125 MiB (Increase: 0.0 MiB)
Memory usage after reset: 1623.11328125 MiB (Increase: 0.0 MiB)
Training episode 921
Memory usage at middle: 1623.11328125 MiB (Increase: 0.0 MiB)
Memory usage before collect: 1623.11328125 MiB (Increase: 0.0 MiB)
Memory usage after collect: 1623.11328125 MiB (Increase: 0.0 MiB)
Memory usage before initialization: 1623.11328125 MiB (Increase: 0.0 MiB)
Memory usage after initialization: 1623.11328125 MiB (Increase: 0.0 MiB)
Current lengths of episodes: [58]
Memory usage at done (index 0, length 58, since_prev 58): 1623.11328125 MiB (Increase: 0.0 MiB)
Memory usage before reset: 1623.11328125 MiB (Increase: 0.0 MiB)
Memory usage after reset: 1623.11328125 MiB (Increase: 0.0 MiB)
Training episode 922
Memory usage at middle: 1623.11328125 MiB (Increase: 0.0 MiB)
Memory usage before collect: 1623.11328125 MiB (Increase: 0.0 MiB)
Memory usage after collect: 1623.11328125 MiB (Increase: 0.0 MiB)
Memory usage before initialization: 1623.11328125 MiB (Increase: 0.0 MiB)
Memory usage after initialization: 1623.11328125 MiB (Increase: 0.0 MiB)
Current lengths of episodes: [1600]
Memory usage at done (index 0, length 1600, since_prev 1600): 1623.11328125 MiB (Increase: 0.0 MiB)
Memory usage before reset: 1623.11328125 MiB (Increase: 0.0 MiB)
Memory usage after reset: 1623.11328125 MiB (Increase: 0.0 MiB)
Training episode 923
Memory usage at middle: 1623.11328125 MiB (Increase: 0.0 MiB)
Memory usage before collect: 1623.11328125 MiB (Increase: 0.0 MiB)
Memory usage after collect: 1623.11328125 MiB (Increase: 0.0 MiB)
Memory usage before initialization: 1623.11328125 MiB (Increase: 0.0 MiB)
Memory usage after initialization: 1623.11328125 MiB (Increase: 0.0 MiB)
Current lengths of episodes: [1600]
Memory usage at done (index 0, length 1600, since_prev 1600): 1623.11328125 MiB (Increase: 0.0 MiB)
Memory usage before reset: 1623.11328125 MiB (Increase: 0.0 MiB)
Memory usage after reset: 1623.11328125 MiB (Increase: 0.0 MiB)
Training episode 924
Memory usage at middle: 1623.11328125 MiB (Increase: 0.0 MiB)
Memory usage before collect: 1623.11328125 MiB (Increase: 0.0 MiB)
Memory usage after collect: 1623.11328125 MiB (Increase: 0.0 MiB)
Memory usage before initialization: 1623.11328125 MiB (Increase: 0.0 MiB)
Memory usage after initialization: 1623.11328125 MiB (Increase: 0.0 MiB)
Current lengths of episodes: [1600]
Memory usage at done (index 0, length 1600, since_prev 1600): 1623.11328125 MiB (Increase: 0.0 MiB)
Memory usage before reset: 1623.11328125 MiB (Increase: 0.0 MiB)
Memory usage after reset: 1623.11328125 MiB (Increase: 0.0 MiB)
Training episode 925
Memory usage at middle: 1623.11328125 MiB (Increase: 0.0 MiB)
Memory usage before collect: 1623.11328125 MiB (Increase: 0.0 MiB)
Memory usage after collect: 1623.11328125 MiB (Increase: 0.0 MiB)
Memory usage before initialization: 1623.11328125 MiB (Increase: 0.0 MiB)
Memory usage after initialization: 1623.11328125 MiB (Increase: 0.0 MiB)
Current lengths of episodes: [1599]
Memory usage at done (index 0, length 1599, since_prev 1599): 1623.11328125 MiB (Increase: 0.0 MiB)
Memory usage before reset: 1623.11328125 MiB (Increase: 0.0 MiB)
Memory usage after reset: 1623.11328125 MiB (Increase: 0.0 MiB)
Training episode 926
Memory usage at middle: 1623.11328125 MiB (Increase: 0.0 MiB)
Memory usage before collect: 1623.11328125 MiB (Increase: 0.0 MiB)
Memory usage after collect: 1623.11328125 MiB (Increase: 0.0 MiB)
Memory usage before initialization: 1623.11328125 MiB (Increase: 0.0 MiB)
Memory usage after initialization: 1623.11328125 MiB (Increase: 0.0 MiB)
Current lengths of episodes: [1600]
Memory usage at done (index 0, length 1600, since_prev 1600): 1623.11328125 MiB (Increase: 0.0 MiB)
Memory usage before reset: 1623.11328125 MiB (Increase: 0.0 MiB)
Memory usage after reset: 1623.11328125 MiB (Increase: 0.0 MiB)
Training episode 927
Memory usage at middle: 1623.11328125 MiB (Increase: 0.0 MiB)
Memory usage before collect: 1623.11328125 MiB (Increase: 0.0 MiB)
Memory usage after collect: 1623.11328125 MiB (Increase: 0.0 MiB)
Memory usage before initialization: 1623.11328125 MiB (Increase: 0.0 MiB)
Memory usage after initialization: 1623.11328125 MiB (Increase: 0.0 MiB)
Current lengths of episodes: [1600]
Memory usage at done (index 0, length 1600, since_prev 1600): 1623.11328125 MiB (Increase: 0.0 MiB)
Memory usage before reset: 1623.11328125 MiB (Increase: 0.0 MiB)
Memory usage after reset: 1623.11328125 MiB (Increase: 0.0 MiB)
Training episode 928
Memory usage at middle: 1623.11328125 MiB (Increase: 0.0 MiB)
Memory usage before collect: 1623.11328125 MiB (Increase: 0.0 MiB)
Memory usage after collect: 1623.11328125 MiB (Increase: 0.0 MiB)
Memory usage before initialization: 1623.11328125 MiB (Increase: 0.0 MiB)
Memory usage after initialization: 1623.11328125 MiB (Increase: 0.0 MiB)
Current lengths of episodes: [113]
Memory usage at done (index 0, length 113, since_prev 113): 1623.11328125 MiB (Increase: 0.0 MiB)
Memory usage before reset: 1623.11328125 MiB (Increase: 0.0 MiB)
Memory usage after reset: 1623.11328125 MiB (Increase: 0.0 MiB)
Training episode 929
Memory usage at middle: 1623.11328125 MiB (Increase: 0.0 MiB)
Memory usage before collect: 1623.11328125 MiB (Increase: 0.0 MiB)
Memory usage after collect: 1623.11328125 MiB (Increase: 0.0 MiB)
Memory usage before initialization: 1623.11328125 MiB (Increase: 0.0 MiB)
Memory usage after initialization: 1623.11328125 MiB (Increase: 0.0 MiB)
Current lengths of episodes: [1600]
Memory usage at done (index 0, length 1600, since_prev 1600): 1623.11328125 MiB (Increase: 0.0 MiB)
Memory usage before reset: 1623.11328125 MiB (Increase: 0.0 MiB)
Memory usage after reset: 1623.11328125 MiB (Increase: 0.0 MiB)
Training episode 930
Memory usage at middle: 1623.11328125 MiB (Increase: 0.0 MiB)
Memory usage before collect: 1623.11328125 MiB (Increase: 0.0 MiB)
Memory usage after collect: 1623.11328125 MiB (Increase: 0.0 MiB)
Memory usage before initialization: 1623.11328125 MiB (Increase: 0.0 MiB)
Memory usage after initialization: 1623.11328125 MiB (Increase: 0.0 MiB)
Current lengths of episodes: [1600]
Memory usage at done (index 0, length 1600, since_prev 1600): 1623.11328125 MiB (Increase: 0.0 MiB)
Memory usage before reset: 1623.11328125 MiB (Increase: 0.0 MiB)
Memory usage after reset: 1623.11328125 MiB (Increase: 0.0 MiB)
Training episode 931
Memory usage at middle: 1623.11328125 MiB (Increase: 0.0 MiB)
Memory usage before collect: 1623.11328125 MiB (Increase: 0.0 MiB)
Memory usage after collect: 1623.11328125 MiB (Increase: 0.0 MiB)
Memory usage before initialization: 1623.11328125 MiB (Increase: 0.0 MiB)
Memory usage after initialization: 1623.11328125 MiB (Increase: 0.0 MiB)
Current lengths of episodes: [40]
Memory usage at done (index 0, length 40, since_prev 40): 1623.11328125 MiB (Increase: 0.0 MiB)
Memory usage before reset: 1623.11328125 MiB (Increase: 0.0 MiB)
Memory usage after reset: 1623.11328125 MiB (Increase: 0.0 MiB)
Training episode 932
Memory usage at middle: 1623.11328125 MiB (Increase: 0.0 MiB)
Memory usage before collect: 1623.11328125 MiB (Increase: 0.0 MiB)
Memory usage after collect: 1623.11328125 MiB (Increase: 0.0 MiB)
Memory usage before initialization: 1623.11328125 MiB (Increase: 0.0 MiB)
Memory usage after initialization: 1623.11328125 MiB (Increase: 0.0 MiB)
Current lengths of episodes: [800]
Memory usage at done (index 0, length 800, since_prev 800): 1623.11328125 MiB (Increase: 0.0 MiB)
Memory usage before reset: 1623.11328125 MiB (Increase: 0.0 MiB)
Memory usage after reset: 1623.11328125 MiB (Increase: 0.0 MiB)
Training episode 933
Memory usage at middle: 1623.11328125 MiB (Increase: 0.0 MiB)
Memory usage before collect: 1623.11328125 MiB (Increase: 0.0 MiB)
Memory usage after collect: 1623.11328125 MiB (Increase: 0.0 MiB)
Memory usage before initialization: 1623.11328125 MiB (Increase: 0.0 MiB)
Memory usage after initialization: 1623.11328125 MiB (Increase: 0.0 MiB)
Current lengths of episodes: [73]
Memory usage at done (index 0, length 73, since_prev 73): 1623.11328125 MiB (Increase: 0.0 MiB)
Memory usage before reset: 1623.11328125 MiB (Increase: 0.0 MiB)
Memory usage after reset: 1623.11328125 MiB (Increase: 0.0 MiB)
Training episode 934
Memory usage at middle: 1623.11328125 MiB (Increase: 0.0 MiB)
Memory usage before collect: 1623.11328125 MiB (Increase: 0.0 MiB)
Memory usage after collect: 1623.11328125 MiB (Increase: 0.0 MiB)
Memory usage before initialization: 1623.11328125 MiB (Increase: 0.0 MiB)
Memory usage after initialization: 1623.11328125 MiB (Increase: 0.0 MiB)
Current lengths of episodes: [1600]
Memory usage at done (index 0, length 1600, since_prev 1600): 1623.11328125 MiB (Increase: 0.0 MiB)
Memory usage before reset: 1623.11328125 MiB (Increase: 0.0 MiB)
Memory usage after reset: 1623.11328125 MiB (Increase: 0.0 MiB)
Training episode 935
Memory usage at middle: 1623.11328125 MiB (Increase: 0.0 MiB)
Memory usage before collect: 1623.11328125 MiB (Increase: 0.0 MiB)
Memory usage after collect: 1623.11328125 MiB (Increase: 0.0 MiB)
Memory usage before initialization: 1623.11328125 MiB (Increase: 0.0 MiB)
Memory usage after initialization: 1623.11328125 MiB (Increase: 0.0 MiB)
Current lengths of episodes: [126]
Memory usage at done (index 0, length 126, since_prev 126): 1623.11328125 MiB (Increase: 0.0 MiB)
Memory usage before reset: 1623.11328125 MiB (Increase: 0.0 MiB)
Memory usage after reset: 1623.11328125 MiB (Increase: 0.0 MiB)
Training episode 936
Memory usage at middle: 1623.11328125 MiB (Increase: 0.0 MiB)
Memory usage before collect: 1623.11328125 MiB (Increase: 0.0 MiB)
Memory usage after collect: 1623.11328125 MiB (Increase: 0.0 MiB)
Memory usage before initialization: 1623.11328125 MiB (Increase: 0.0 MiB)
Memory usage after initialization: 1623.11328125 MiB (Increase: 0.0 MiB)
Current lengths of episodes: [1600]
Memory usage at done (index 0, length 1600, since_prev 1600): 1623.11328125 MiB (Increase: 0.0 MiB)
Memory usage before reset: 1623.11328125 MiB (Increase: 0.0 MiB)
Memory usage after reset: 1623.11328125 MiB (Increase: 0.0 MiB)
Training episode 937
Memory usage at middle: 1623.11328125 MiB (Increase: 0.0 MiB)
Memory usage before collect: 1623.11328125 MiB (Increase: 0.0 MiB)
Memory usage after collect: 1623.11328125 MiB (Increase: 0.0 MiB)
Memory usage before initialization: 1623.11328125 MiB (Increase: 0.0 MiB)
Memory usage after initialization: 1623.11328125 MiB (Increase: 0.0 MiB)
Current lengths of episodes: [1600]
Memory usage at done (index 0, length 1600, since_prev 1600): 1623.11328125 MiB (Increase: 0.0 MiB)
Memory usage before reset: 1623.11328125 MiB (Increase: 0.0 MiB)
Memory usage after reset: 1623.11328125 MiB (Increase: 0.0 MiB)
Training episode 938
Memory usage at middle: 1623.11328125 MiB (Increase: 0.0 MiB)
Memory usage before collect: 1623.11328125 MiB (Increase: 0.0 MiB)
Memory usage after collect: 1623.11328125 MiB (Increase: 0.0 MiB)
Memory usage before initialization: 1623.11328125 MiB (Increase: 0.0 MiB)
Memory usage after initialization: 1623.11328125 MiB (Increase: 0.0 MiB)
Current lengths of episodes: [1600]
Memory usage at done (index 0, length 1600, since_prev 1600): 1623.11328125 MiB (Increase: 0.0 MiB)
Memory usage before reset: 1623.11328125 MiB (Increase: 0.0 MiB)
Memory usage after reset: 1623.11328125 MiB (Increase: 0.0 MiB)
Training episode 939
Memory usage at middle: 1623.11328125 MiB (Increase: 0.0 MiB)
Memory usage before collect: 1623.11328125 MiB (Increase: 0.0 MiB)
Memory usage after collect: 1623.11328125 MiB (Increase: 0.0 MiB)
Memory usage before initialization: 1623.11328125 MiB (Increase: 0.0 MiB)
Memory usage after initialization: 1623.11328125 MiB (Increase: 0.0 MiB)
Current lengths of episodes: [242]
Memory usage at done (index 0, length 242, since_prev 242): 1623.11328125 MiB (Increase: 0.0 MiB)
Memory usage before reset: 1623.11328125 MiB (Increase: 0.0 MiB)
Memory usage after reset: 1623.11328125 MiB (Increase: 0.0 MiB)
Training episode 940
Memory usage at middle: 1623.11328125 MiB (Increase: 0.0 MiB)
Memory usage before collect: 1623.11328125 MiB (Increase: 0.0 MiB)
Memory usage after collect: 1623.11328125 MiB (Increase: 0.0 MiB)
Memory usage before initialization: 1623.11328125 MiB (Increase: 0.0 MiB)
Memory usage after initialization: 1623.11328125 MiB (Increase: 0.0 MiB)
Current lengths of episodes: [1600]
Memory usage at done (index 0, length 1600, since_prev 1600): 1623.11328125 MiB (Increase: 0.0 MiB)
Memory usage before reset: 1623.11328125 MiB (Increase: 0.0 MiB)
Memory usage after reset: 1623.11328125 MiB (Increase: 0.0 MiB)
Training episode 941
Memory usage at middle: 1623.11328125 MiB (Increase: 0.0 MiB)
Memory usage before collect: 1623.11328125 MiB (Increase: 0.0 MiB)
Memory usage after collect: 1623.11328125 MiB (Increase: 0.0 MiB)
Memory usage before initialization: 1623.11328125 MiB (Increase: 0.0 MiB)
Memory usage after initialization: 1623.11328125 MiB (Increase: 0.0 MiB)
Current lengths of episodes: [67]
Memory usage at done (index 0, length 67, since_prev 67): 1623.11328125 MiB (Increase: 0.0 MiB)
Memory usage before reset: 1623.11328125 MiB (Increase: 0.0 MiB)
Memory usage after reset: 1623.11328125 MiB (Increase: 0.0 MiB)
Training episode 942
Memory usage at middle: 1623.11328125 MiB (Increase: 0.0 MiB)
Memory usage before collect: 1623.11328125 MiB (Increase: 0.0 MiB)
Memory usage after collect: 1623.11328125 MiB (Increase: 0.0 MiB)
Memory usage before initialization: 1623.11328125 MiB (Increase: 0.0 MiB)
Memory usage after initialization: 1623.11328125 MiB (Increase: 0.0 MiB)
Current lengths of episodes: [1600]
Memory usage at done (index 0, length 1600, since_prev 1600): 1623.11328125 MiB (Increase: 0.0 MiB)
Memory usage before reset: 1623.11328125 MiB (Increase: 0.0 MiB)
Memory usage after reset: 1623.11328125 MiB (Increase: 0.0 MiB)
Training episode 943
Memory usage at middle: 1623.11328125 MiB (Increase: 0.0 MiB)
Memory usage before collect: 1623.11328125 MiB (Increase: 0.0 MiB)
Memory usage after collect: 1623.11328125 MiB (Increase: 0.0 MiB)
Memory usage before initialization: 1623.11328125 MiB (Increase: 0.0 MiB)
Memory usage after initialization: 1623.11328125 MiB (Increase: 0.0 MiB)
Current lengths of episodes: [297]
Memory usage at done (index 0, length 297, since_prev 297): 1623.11328125 MiB (Increase: 0.0 MiB)
Memory usage before reset: 1623.11328125 MiB (Increase: 0.0 MiB)
Memory usage after reset: 1623.11328125 MiB (Increase: 0.0 MiB)
Training episode 944
Memory usage at middle: 1623.11328125 MiB (Increase: 0.0 MiB)
Memory usage before collect: 1623.11328125 MiB (Increase: 0.0 MiB)
Memory usage after collect: 1623.11328125 MiB (Increase: 0.0 MiB)
Memory usage before initialization: 1623.11328125 MiB (Increase: 0.0 MiB)
Memory usage after initialization: 1623.11328125 MiB (Increase: 0.0 MiB)
Current lengths of episodes: [1600]
Memory usage at done (index 0, length 1600, since_prev 1600): 1623.11328125 MiB (Increase: 0.0 MiB)
Memory usage before reset: 1623.11328125 MiB (Increase: 0.0 MiB)
Memory usage after reset: 1623.11328125 MiB (Increase: 0.0 MiB)
Training episode 945
Memory usage at middle: 1623.11328125 MiB (Increase: 0.0 MiB)
Memory usage before collect: 1623.11328125 MiB (Increase: 0.0 MiB)
Memory usage after collect: 1623.11328125 MiB (Increase: 0.0 MiB)
Memory usage before initialization: 1623.11328125 MiB (Increase: 0.0 MiB)
Memory usage after initialization: 1623.11328125 MiB (Increase: 0.0 MiB)
Current lengths of episodes: [1600]
Memory usage at done (index 0, length 1600, since_prev 1600): 1623.11328125 MiB (Increase: 0.0 MiB)
Memory usage before reset: 1623.11328125 MiB (Increase: 0.0 MiB)
Memory usage after reset: 1623.11328125 MiB (Increase: 0.0 MiB)
Training episode 946
Memory usage at middle: 1623.11328125 MiB (Increase: 0.0 MiB)
Memory usage before collect: 1623.11328125 MiB (Increase: 0.0 MiB)
Memory usage after collect: 1623.11328125 MiB (Increase: 0.0 MiB)
Memory usage before initialization: 1623.11328125 MiB (Increase: 0.0 MiB)
Memory usage after initialization: 1623.11328125 MiB (Increase: 0.0 MiB)
Current lengths of episodes: [1600]
Memory usage at done (index 0, length 1600, since_prev 1600): 1623.11328125 MiB (Increase: 0.0 MiB)
Memory usage before reset: 1623.11328125 MiB (Increase: 0.0 MiB)
Memory usage after reset: 1623.11328125 MiB (Increase: 0.0 MiB)
Training episode 947
Memory usage at middle: 1623.11328125 MiB (Increase: 0.0 MiB)
Memory usage before collect: 1623.11328125 MiB (Increase: 0.0 MiB)
Memory usage after collect: 1623.11328125 MiB (Increase: 0.0 MiB)
Memory usage before initialization: 1623.11328125 MiB (Increase: 0.0 MiB)
Memory usage after initialization: 1623.11328125 MiB (Increase: 0.0 MiB)
Current lengths of episodes: [1600]
Memory usage at done (index 0, length 1600, since_prev 1600): 1623.11328125 MiB (Increase: 0.0 MiB)
Memory usage before reset: 1623.11328125 MiB (Increase: 0.0 MiB)
Memory usage after reset: 1623.11328125 MiB (Increase: 0.0 MiB)
Training episode 948
Memory usage at middle: 1623.11328125 MiB (Increase: 0.0 MiB)
Memory usage before collect: 1623.11328125 MiB (Increase: 0.0 MiB)
Memory usage after collect: 1623.11328125 MiB (Increase: 0.0 MiB)
Memory usage before initialization: 1623.11328125 MiB (Increase: 0.0 MiB)
Memory usage after initialization: 1623.11328125 MiB (Increase: 0.0 MiB)
Current lengths of episodes: [1600]
Memory usage at done (index 0, length 1600, since_prev 1600): 1623.11328125 MiB (Increase: 0.0 MiB)
Memory usage before reset: 1623.11328125 MiB (Increase: 0.0 MiB)
Memory usage after reset: 1623.11328125 MiB (Increase: 0.0 MiB)
Training episode 949
Memory usage at middle: 1623.11328125 MiB (Increase: 0.0 MiB)
Memory usage before collect: 1623.11328125 MiB (Increase: 0.0 MiB)
Memory usage after collect: 1623.11328125 MiB (Increase: 0.0 MiB)
Memory usage before initialization: 1623.11328125 MiB (Increase: 0.0 MiB)
Memory usage after initialization: 1623.11328125 MiB (Increase: 0.0 MiB)
Current lengths of episodes: [77]
Memory usage at done (index 0, length 77, since_prev 77): 1623.11328125 MiB (Increase: 0.0 MiB)
Memory usage before reset: 1623.11328125 MiB (Increase: 0.0 MiB)
Memory usage after reset: 1623.11328125 MiB (Increase: 0.0 MiB)
Training episode 950
Memory usage at middle: 1623.11328125 MiB (Increase: 0.0 MiB)
Memory usage before collect: 1623.11328125 MiB (Increase: 0.0 MiB)
Memory usage after collect: 1623.11328125 MiB (Increase: 0.0 MiB)
Episode 950	Average evaluation: -52.9808732623741
Memory usage before initialization: 1623.11328125 MiB (Increase: 0.0 MiB)
Memory usage after initialization: 1623.11328125 MiB (Increase: 0.0 MiB)
Current lengths of episodes: [1600]
Memory usage at done (index 0, length 1600, since_prev 1600): 1623.11328125 MiB (Increase: 0.0 MiB)
Memory usage before reset: 1623.11328125 MiB (Increase: 0.0 MiB)
Memory usage after reset: 1623.11328125 MiB (Increase: 0.0 MiB)
Training episode 951
Memory usage at middle: 1623.11328125 MiB (Increase: 0.0 MiB)
Memory usage before collect: 1623.11328125 MiB (Increase: 0.0 MiB)
Memory usage after collect: 1623.11328125 MiB (Increase: 0.0 MiB)
Memory usage before initialization: 1623.11328125 MiB (Increase: 0.0 MiB)
Memory usage after initialization: 1623.11328125 MiB (Increase: 0.0 MiB)
Current lengths of episodes: [1600]
Memory usage at done (index 0, length 1600, since_prev 1600): 1623.11328125 MiB (Increase: 0.0 MiB)
Memory usage before reset: 1623.11328125 MiB (Increase: 0.0 MiB)
Memory usage after reset: 1623.11328125 MiB (Increase: 0.0 MiB)
Training episode 952
Memory usage at middle: 1623.11328125 MiB (Increase: 0.0 MiB)
Memory usage before collect: 1623.11328125 MiB (Increase: 0.0 MiB)
Memory usage after collect: 1623.11328125 MiB (Increase: 0.0 MiB)
Memory usage before initialization: 1623.11328125 MiB (Increase: 0.0 MiB)
Memory usage after initialization: 1623.11328125 MiB (Increase: 0.0 MiB)
Current lengths of episodes: [1600]
Memory usage at done (index 0, length 1600, since_prev 1600): 1623.11328125 MiB (Increase: 0.0 MiB)
Memory usage before reset: 1623.11328125 MiB (Increase: 0.0 MiB)
Memory usage after reset: 1623.11328125 MiB (Increase: 0.0 MiB)
Training episode 953
Memory usage at middle: 1623.11328125 MiB (Increase: 0.0 MiB)
Memory usage before collect: 1623.11328125 MiB (Increase: 0.0 MiB)
Memory usage after collect: 1623.11328125 MiB (Increase: 0.0 MiB)
Memory usage before initialization: 1623.11328125 MiB (Increase: 0.0 MiB)
Memory usage after initialization: 1623.11328125 MiB (Increase: 0.0 MiB)
Current lengths of episodes: [1600]
Memory usage at done (index 0, length 1600, since_prev 1600): 1623.11328125 MiB (Increase: 0.0 MiB)
Memory usage before reset: 1623.11328125 MiB (Increase: 0.0 MiB)
Memory usage after reset: 1623.11328125 MiB (Increase: 0.0 MiB)
Training episode 954
Memory usage at middle: 1623.11328125 MiB (Increase: 0.0 MiB)
Memory usage before collect: 1623.11328125 MiB (Increase: 0.0 MiB)
Memory usage after collect: 1623.11328125 MiB (Increase: 0.0 MiB)
Memory usage before initialization: 1623.11328125 MiB (Increase: 0.0 MiB)
Memory usage after initialization: 1623.11328125 MiB (Increase: 0.0 MiB)
Current lengths of episodes: [1600]
Memory usage at done (index 0, length 1600, since_prev 1600): 1623.11328125 MiB (Increase: 0.0 MiB)
Memory usage before reset: 1623.11328125 MiB (Increase: 0.0 MiB)
Memory usage after reset: 1623.11328125 MiB (Increase: 0.0 MiB)
Training episode 955
Memory usage at middle: 1623.11328125 MiB (Increase: 0.0 MiB)
Memory usage before collect: 1623.11328125 MiB (Increase: 0.0 MiB)
Memory usage after collect: 1623.11328125 MiB (Increase: 0.0 MiB)
Memory usage before initialization: 1623.11328125 MiB (Increase: 0.0 MiB)
Memory usage after initialization: 1623.11328125 MiB (Increase: 0.0 MiB)
Current lengths of episodes: [1600]
Memory usage at done (index 0, length 1600, since_prev 1600): 1623.11328125 MiB (Increase: 0.0 MiB)
Memory usage before reset: 1623.11328125 MiB (Increase: 0.0 MiB)
Memory usage after reset: 1623.11328125 MiB (Increase: 0.0 MiB)
Training episode 956
Memory usage at middle: 1623.11328125 MiB (Increase: 0.0 MiB)
Memory usage before collect: 1623.11328125 MiB (Increase: 0.0 MiB)
Memory usage after collect: 1623.11328125 MiB (Increase: 0.0 MiB)
Memory usage before initialization: 1623.11328125 MiB (Increase: 0.0 MiB)
Memory usage after initialization: 1623.11328125 MiB (Increase: 0.0 MiB)
Current lengths of episodes: [1600]
Memory usage at done (index 0, length 1600, since_prev 1600): 1623.11328125 MiB (Increase: 0.0 MiB)
Memory usage before reset: 1623.11328125 MiB (Increase: 0.0 MiB)
Memory usage after reset: 1623.11328125 MiB (Increase: 0.0 MiB)
Training episode 957
Memory usage at middle: 1623.11328125 MiB (Increase: 0.0 MiB)
Memory usage before collect: 1623.11328125 MiB (Increase: 0.0 MiB)
Memory usage after collect: 1623.11328125 MiB (Increase: 0.0 MiB)
Memory usage before initialization: 1623.11328125 MiB (Increase: 0.0 MiB)
Memory usage after initialization: 1623.11328125 MiB (Increase: 0.0 MiB)
Current lengths of episodes: [1600]
Memory usage at done (index 0, length 1600, since_prev 1600): 1623.11328125 MiB (Increase: 0.0 MiB)
Memory usage before reset: 1623.11328125 MiB (Increase: 0.0 MiB)
Memory usage after reset: 1623.11328125 MiB (Increase: 0.0 MiB)
Training episode 958
Memory usage at middle: 1623.11328125 MiB (Increase: 0.0 MiB)
Memory usage before collect: 1623.11328125 MiB (Increase: 0.0 MiB)
Memory usage after collect: 1623.11328125 MiB (Increase: 0.0 MiB)
Memory usage before initialization: 1623.11328125 MiB (Increase: 0.0 MiB)
Memory usage after initialization: 1623.11328125 MiB (Increase: 0.0 MiB)
Current lengths of episodes: [74]
Memory usage at done (index 0, length 74, since_prev 74): 1623.11328125 MiB (Increase: 0.0 MiB)
Memory usage before reset: 1623.11328125 MiB (Increase: 0.0 MiB)
Memory usage after reset: 1623.11328125 MiB (Increase: 0.0 MiB)
Training episode 959
Memory usage at middle: 1623.11328125 MiB (Increase: 0.0 MiB)
Memory usage before collect: 1623.11328125 MiB (Increase: 0.0 MiB)
Memory usage after collect: 1623.11328125 MiB (Increase: 0.0 MiB)
Memory usage before initialization: 1623.11328125 MiB (Increase: 0.0 MiB)
Memory usage after initialization: 1623.11328125 MiB (Increase: 0.0 MiB)
Current lengths of episodes: [1600]
Memory usage at done (index 0, length 1600, since_prev 1600): 1623.11328125 MiB (Increase: 0.0 MiB)
Memory usage before reset: 1623.11328125 MiB (Increase: 0.0 MiB)
Memory usage after reset: 1623.11328125 MiB (Increase: 0.0 MiB)
Training episode 960
Memory usage at middle: 1623.11328125 MiB (Increase: 0.0 MiB)
Memory usage before collect: 1623.11328125 MiB (Increase: 0.0 MiB)
Memory usage after collect: 1623.11328125 MiB (Increase: 0.0 MiB)
Memory usage before initialization: 1623.11328125 MiB (Increase: 0.0 MiB)
Memory usage after initialization: 1623.11328125 MiB (Increase: 0.0 MiB)
Current lengths of episodes: [66]
Memory usage at done (index 0, length 66, since_prev 66): 1623.11328125 MiB (Increase: 0.0 MiB)
Memory usage before reset: 1623.11328125 MiB (Increase: 0.0 MiB)
Memory usage after reset: 1623.11328125 MiB (Increase: 0.0 MiB)
Training episode 961
Memory usage at middle: 1623.11328125 MiB (Increase: 0.0 MiB)
Memory usage before collect: 1623.11328125 MiB (Increase: 0.0 MiB)
Memory usage after collect: 1623.11328125 MiB (Increase: 0.0 MiB)
Memory usage before initialization: 1623.11328125 MiB (Increase: 0.0 MiB)
Memory usage after initialization: 1623.11328125 MiB (Increase: 0.0 MiB)
Current lengths of episodes: [71]
Memory usage at done (index 0, length 71, since_prev 71): 1623.11328125 MiB (Increase: 0.0 MiB)
Memory usage before reset: 1623.11328125 MiB (Increase: 0.0 MiB)
Memory usage after reset: 1623.11328125 MiB (Increase: 0.0 MiB)
Training episode 962
Memory usage at middle: 1623.11328125 MiB (Increase: 0.0 MiB)
Memory usage before collect: 1623.11328125 MiB (Increase: 0.0 MiB)
Memory usage after collect: 1623.11328125 MiB (Increase: 0.0 MiB)
Memory usage before initialization: 1623.11328125 MiB (Increase: 0.0 MiB)
Memory usage after initialization: 1623.11328125 MiB (Increase: 0.0 MiB)
Current lengths of episodes: [58]
Memory usage at done (index 0, length 58, since_prev 58): 1623.11328125 MiB (Increase: 0.0 MiB)
Memory usage before reset: 1623.11328125 MiB (Increase: 0.0 MiB)
Memory usage after reset: 1623.11328125 MiB (Increase: 0.0 MiB)
Training episode 963
Memory usage at middle: 1623.11328125 MiB (Increase: 0.0 MiB)
Memory usage before collect: 1623.11328125 MiB (Increase: 0.0 MiB)
Memory usage after collect: 1623.11328125 MiB (Increase: 0.0 MiB)
Memory usage before initialization: 1623.11328125 MiB (Increase: 0.0 MiB)
Memory usage after initialization: 1623.11328125 MiB (Increase: 0.0 MiB)
Current lengths of episodes: [1600]
Memory usage at done (index 0, length 1600, since_prev 1600): 1623.11328125 MiB (Increase: 0.0 MiB)
Memory usage before reset: 1623.11328125 MiB (Increase: 0.0 MiB)
Memory usage after reset: 1623.11328125 MiB (Increase: 0.0 MiB)
Training episode 964
Memory usage at middle: 1623.11328125 MiB (Increase: 0.0 MiB)
Memory usage before collect: 1623.11328125 MiB (Increase: 0.0 MiB)
Memory usage after collect: 1623.11328125 MiB (Increase: 0.0 MiB)
Memory usage before initialization: 1623.11328125 MiB (Increase: 0.0 MiB)
Memory usage after initialization: 1623.11328125 MiB (Increase: 0.0 MiB)
Current lengths of episodes: [1600]
Memory usage at done (index 0, length 1600, since_prev 1600): 1623.11328125 MiB (Increase: 0.0 MiB)
Memory usage before reset: 1623.11328125 MiB (Increase: 0.0 MiB)
Memory usage after reset: 1623.11328125 MiB (Increase: 0.0 MiB)
Training episode 965
Memory usage at middle: 1623.11328125 MiB (Increase: 0.0 MiB)
Memory usage before collect: 1623.11328125 MiB (Increase: 0.0 MiB)
Memory usage after collect: 1623.11328125 MiB (Increase: 0.0 MiB)
Memory usage before initialization: 1623.11328125 MiB (Increase: 0.0 MiB)
Memory usage after initialization: 1623.11328125 MiB (Increase: 0.0 MiB)
Current lengths of episodes: [1600]
Memory usage at done (index 0, length 1600, since_prev 1600): 1623.11328125 MiB (Increase: 0.0 MiB)
Memory usage before reset: 1623.11328125 MiB (Increase: 0.0 MiB)
Memory usage after reset: 1623.11328125 MiB (Increase: 0.0 MiB)
Training episode 966
Memory usage at middle: 1623.11328125 MiB (Increase: 0.0 MiB)
Memory usage before collect: 1623.11328125 MiB (Increase: 0.0 MiB)
Memory usage after collect: 1623.11328125 MiB (Increase: 0.0 MiB)
Memory usage before initialization: 1623.11328125 MiB (Increase: 0.0 MiB)
Memory usage after initialization: 1623.11328125 MiB (Increase: 0.0 MiB)
Current lengths of episodes: [89]
Memory usage at done (index 0, length 89, since_prev 89): 1623.11328125 MiB (Increase: 0.0 MiB)
Memory usage before reset: 1623.11328125 MiB (Increase: 0.0 MiB)
Memory usage after reset: 1623.11328125 MiB (Increase: 0.0 MiB)
Training episode 967
Memory usage at middle: 1623.11328125 MiB (Increase: 0.0 MiB)
Memory usage before collect: 1623.11328125 MiB (Increase: 0.0 MiB)
Memory usage after collect: 1623.11328125 MiB (Increase: 0.0 MiB)
Memory usage before initialization: 1623.11328125 MiB (Increase: 0.0 MiB)
Memory usage after initialization: 1623.11328125 MiB (Increase: 0.0 MiB)
Current lengths of episodes: [1600]
Memory usage at done (index 0, length 1600, since_prev 1600): 1623.11328125 MiB (Increase: 0.0 MiB)
Memory usage before reset: 1623.11328125 MiB (Increase: 0.0 MiB)
Memory usage after reset: 1623.11328125 MiB (Increase: 0.0 MiB)
Training episode 968
Memory usage at middle: 1623.11328125 MiB (Increase: 0.0 MiB)
Memory usage before collect: 1623.11328125 MiB (Increase: 0.0 MiB)
Memory usage after collect: 1623.11328125 MiB (Increase: 0.0 MiB)
Memory usage before initialization: 1623.11328125 MiB (Increase: 0.0 MiB)
Memory usage after initialization: 1623.11328125 MiB (Increase: 0.0 MiB)
Current lengths of episodes: [84]
Memory usage at done (index 0, length 84, since_prev 84): 1623.11328125 MiB (Increase: 0.0 MiB)
Memory usage before reset: 1623.11328125 MiB (Increase: 0.0 MiB)
Memory usage after reset: 1623.11328125 MiB (Increase: 0.0 MiB)
Training episode 969
Memory usage at middle: 1623.11328125 MiB (Increase: 0.0 MiB)
Memory usage before collect: 1623.11328125 MiB (Increase: 0.0 MiB)
Memory usage after collect: 1623.11328125 MiB (Increase: 0.0 MiB)
Memory usage before initialization: 1623.11328125 MiB (Increase: 0.0 MiB)
Memory usage after initialization: 1623.11328125 MiB (Increase: 0.0 MiB)
Current lengths of episodes: [72]
Memory usage at done (index 0, length 72, since_prev 72): 1623.11328125 MiB (Increase: 0.0 MiB)
Memory usage before reset: 1623.11328125 MiB (Increase: 0.0 MiB)
Memory usage after reset: 1623.11328125 MiB (Increase: 0.0 MiB)
Training episode 970
Memory usage at middle: 1623.11328125 MiB (Increase: 0.0 MiB)
Memory usage before collect: 1623.11328125 MiB (Increase: 0.0 MiB)
Memory usage after collect: 1623.11328125 MiB (Increase: 0.0 MiB)
Memory usage before initialization: 1623.11328125 MiB (Increase: 0.0 MiB)
Memory usage after initialization: 1623.11328125 MiB (Increase: 0.0 MiB)
Current lengths of episodes: [65]
Memory usage at done (index 0, length 65, since_prev 65): 1623.11328125 MiB (Increase: 0.0 MiB)
Memory usage before reset: 1623.11328125 MiB (Increase: 0.0 MiB)
Memory usage after reset: 1623.11328125 MiB (Increase: 0.0 MiB)
Training episode 971
Memory usage at middle: 1623.11328125 MiB (Increase: 0.0 MiB)
Memory usage before collect: 1623.11328125 MiB (Increase: 0.0 MiB)
Memory usage after collect: 1623.11328125 MiB (Increase: 0.0 MiB)
Memory usage before initialization: 1623.11328125 MiB (Increase: 0.0 MiB)
Memory usage after initialization: 1623.11328125 MiB (Increase: 0.0 MiB)
Current lengths of episodes: [1600]
Memory usage at done (index 0, length 1600, since_prev 1600): 1623.11328125 MiB (Increase: 0.0 MiB)
Memory usage before reset: 1623.11328125 MiB (Increase: 0.0 MiB)
Memory usage after reset: 1623.11328125 MiB (Increase: 0.0 MiB)
Training episode 972
Memory usage at middle: 1623.11328125 MiB (Increase: 0.0 MiB)
Memory usage before collect: 1623.11328125 MiB (Increase: 0.0 MiB)
Memory usage after collect: 1623.11328125 MiB (Increase: 0.0 MiB)
Memory usage before initialization: 1623.11328125 MiB (Increase: 0.0 MiB)
Memory usage after initialization: 1623.11328125 MiB (Increase: 0.0 MiB)
Current lengths of episodes: [62]
Memory usage at done (index 0, length 62, since_prev 62): 1623.11328125 MiB (Increase: 0.0 MiB)
Memory usage before reset: 1623.11328125 MiB (Increase: 0.0 MiB)
Memory usage after reset: 1623.11328125 MiB (Increase: 0.0 MiB)
Training episode 973
Memory usage at middle: 1623.11328125 MiB (Increase: 0.0 MiB)
Memory usage before collect: 1623.11328125 MiB (Increase: 0.0 MiB)
Memory usage after collect: 1623.11328125 MiB (Increase: 0.0 MiB)
Memory usage before initialization: 1623.11328125 MiB (Increase: 0.0 MiB)
Memory usage after initialization: 1623.11328125 MiB (Increase: 0.0 MiB)
Current lengths of episodes: [1600]
Memory usage at done (index 0, length 1600, since_prev 1600): 1623.11328125 MiB (Increase: 0.0 MiB)
Memory usage before reset: 1623.11328125 MiB (Increase: 0.0 MiB)
Memory usage after reset: 1623.11328125 MiB (Increase: 0.0 MiB)
Training episode 974
Memory usage at middle: 1623.11328125 MiB (Increase: 0.0 MiB)
Memory usage before collect: 1623.11328125 MiB (Increase: 0.0 MiB)
Memory usage after collect: 1623.11328125 MiB (Increase: 0.0 MiB)
Memory usage before initialization: 1623.11328125 MiB (Increase: 0.0 MiB)
Memory usage after initialization: 1623.11328125 MiB (Increase: 0.0 MiB)
Current lengths of episodes: [672]
Memory usage at done (index 0, length 672, since_prev 672): 1623.11328125 MiB (Increase: 0.0 MiB)
Memory usage before reset: 1623.11328125 MiB (Increase: 0.0 MiB)
Memory usage after reset: 1623.11328125 MiB (Increase: 0.0 MiB)
Training episode 975
Memory usage at middle: 1623.11328125 MiB (Increase: 0.0 MiB)
Memory usage before collect: 1623.11328125 MiB (Increase: 0.0 MiB)
Memory usage after collect: 1623.11328125 MiB (Increase: 0.0 MiB)
Memory usage before initialization: 1623.11328125 MiB (Increase: 0.0 MiB)
Memory usage after initialization: 1623.11328125 MiB (Increase: 0.0 MiB)
Current lengths of episodes: [1600]
Memory usage at done (index 0, length 1600, since_prev 1600): 1623.11328125 MiB (Increase: 0.0 MiB)
Memory usage before reset: 1623.11328125 MiB (Increase: 0.0 MiB)
Memory usage after reset: 1623.11328125 MiB (Increase: 0.0 MiB)
Training episode 976
Memory usage at middle: 1623.11328125 MiB (Increase: 0.0 MiB)
Memory usage before collect: 1623.11328125 MiB (Increase: 0.0 MiB)
Memory usage after collect: 1623.11328125 MiB (Increase: 0.0 MiB)
Memory usage before initialization: 1623.11328125 MiB (Increase: 0.0 MiB)
Memory usage after initialization: 1623.11328125 MiB (Increase: 0.0 MiB)
Current lengths of episodes: [1600]
Memory usage at done (index 0, length 1600, since_prev 1600): 1623.11328125 MiB (Increase: 0.0 MiB)
Memory usage before reset: 1623.11328125 MiB (Increase: 0.0 MiB)
Memory usage after reset: 1623.11328125 MiB (Increase: 0.0 MiB)
Training episode 977
Memory usage at middle: 1623.11328125 MiB (Increase: 0.0 MiB)
Memory usage before collect: 1623.11328125 MiB (Increase: 0.0 MiB)
Memory usage after collect: 1623.11328125 MiB (Increase: 0.0 MiB)
Memory usage before initialization: 1623.11328125 MiB (Increase: 0.0 MiB)
Memory usage after initialization: 1623.11328125 MiB (Increase: 0.0 MiB)
Current lengths of episodes: [1600]
Memory usage at done (index 0, length 1600, since_prev 1600): 1623.11328125 MiB (Increase: 0.0 MiB)
Memory usage before reset: 1623.11328125 MiB (Increase: 0.0 MiB)
Memory usage after reset: 1623.11328125 MiB (Increase: 0.0 MiB)
Training episode 978
Memory usage at middle: 1623.11328125 MiB (Increase: 0.0 MiB)
Memory usage before collect: 1623.11328125 MiB (Increase: 0.0 MiB)
Memory usage after collect: 1623.11328125 MiB (Increase: 0.0 MiB)
Memory usage before initialization: 1623.11328125 MiB (Increase: 0.0 MiB)
Memory usage after initialization: 1623.11328125 MiB (Increase: 0.0 MiB)
Current lengths of episodes: [66]
Memory usage at done (index 0, length 66, since_prev 66): 1623.11328125 MiB (Increase: 0.0 MiB)
Memory usage before reset: 1623.11328125 MiB (Increase: 0.0 MiB)
Memory usage after reset: 1623.11328125 MiB (Increase: 0.0 MiB)
Training episode 979
Memory usage at middle: 1623.11328125 MiB (Increase: 0.0 MiB)
Memory usage before collect: 1623.11328125 MiB (Increase: 0.0 MiB)
Memory usage after collect: 1623.11328125 MiB (Increase: 0.0 MiB)
Memory usage before initialization: 1623.11328125 MiB (Increase: 0.0 MiB)
Memory usage after initialization: 1623.11328125 MiB (Increase: 0.0 MiB)
Current lengths of episodes: [60]
Memory usage at done (index 0, length 60, since_prev 60): 1623.11328125 MiB (Increase: 0.0 MiB)
Memory usage before reset: 1623.11328125 MiB (Increase: 0.0 MiB)
Memory usage after reset: 1623.11328125 MiB (Increase: 0.0 MiB)
Training episode 980
Memory usage at middle: 1623.11328125 MiB (Increase: 0.0 MiB)
Memory usage before collect: 1623.11328125 MiB (Increase: 0.0 MiB)
Memory usage after collect: 1623.11328125 MiB (Increase: 0.0 MiB)
Memory usage before initialization: 1623.11328125 MiB (Increase: 0.0 MiB)
Memory usage after initialization: 1623.11328125 MiB (Increase: 0.0 MiB)
Current lengths of episodes: [82]
Memory usage at done (index 0, length 82, since_prev 82): 1623.11328125 MiB (Increase: 0.0 MiB)
Memory usage before reset: 1623.11328125 MiB (Increase: 0.0 MiB)
Memory usage after reset: 1623.11328125 MiB (Increase: 0.0 MiB)
Training episode 981
Memory usage at middle: 1623.11328125 MiB (Increase: 0.0 MiB)
Memory usage before collect: 1623.11328125 MiB (Increase: 0.0 MiB)
Memory usage after collect: 1623.11328125 MiB (Increase: 0.0 MiB)
Memory usage before initialization: 1623.11328125 MiB (Increase: 0.0 MiB)
Memory usage after initialization: 1623.11328125 MiB (Increase: 0.0 MiB)
Current lengths of episodes: [95]
Memory usage at done (index 0, length 95, since_prev 95): 1623.11328125 MiB (Increase: 0.0 MiB)
Memory usage before reset: 1623.11328125 MiB (Increase: 0.0 MiB)
Memory usage after reset: 1623.11328125 MiB (Increase: 0.0 MiB)
Training episode 982
Memory usage at middle: 1623.11328125 MiB (Increase: 0.0 MiB)
Memory usage before collect: 1623.11328125 MiB (Increase: 0.0 MiB)
Memory usage after collect: 1623.11328125 MiB (Increase: 0.0 MiB)
Memory usage before initialization: 1623.11328125 MiB (Increase: 0.0 MiB)
Memory usage after initialization: 1623.11328125 MiB (Increase: 0.0 MiB)
Current lengths of episodes: [1600]
Memory usage at done (index 0, length 1600, since_prev 1600): 1623.11328125 MiB (Increase: 0.0 MiB)
Memory usage before reset: 1623.11328125 MiB (Increase: 0.0 MiB)
Memory usage after reset: 1623.11328125 MiB (Increase: 0.0 MiB)
Training episode 983
Memory usage at middle: 1623.11328125 MiB (Increase: 0.0 MiB)
Memory usage before collect: 1623.11328125 MiB (Increase: 0.0 MiB)
Memory usage after collect: 1623.11328125 MiB (Increase: 0.0 MiB)
Memory usage before initialization: 1623.11328125 MiB (Increase: 0.0 MiB)
Memory usage after initialization: 1623.11328125 MiB (Increase: 0.0 MiB)
Current lengths of episodes: [62]
Memory usage at done (index 0, length 62, since_prev 62): 1623.11328125 MiB (Increase: 0.0 MiB)
Memory usage before reset: 1623.11328125 MiB (Increase: 0.0 MiB)
Memory usage after reset: 1623.11328125 MiB (Increase: 0.0 MiB)
Training episode 984
Memory usage at middle: 1623.11328125 MiB (Increase: 0.0 MiB)
Memory usage before collect: 1623.11328125 MiB (Increase: 0.0 MiB)
Memory usage after collect: 1623.11328125 MiB (Increase: 0.0 MiB)
Memory usage before initialization: 1623.11328125 MiB (Increase: 0.0 MiB)
Memory usage after initialization: 1623.11328125 MiB (Increase: 0.0 MiB)
Current lengths of episodes: [66]
Memory usage at done (index 0, length 66, since_prev 66): 1623.11328125 MiB (Increase: 0.0 MiB)
Memory usage before reset: 1623.11328125 MiB (Increase: 0.0 MiB)
Memory usage after reset: 1623.11328125 MiB (Increase: 0.0 MiB)
Training episode 985
Memory usage at middle: 1623.11328125 MiB (Increase: 0.0 MiB)
Memory usage before collect: 1623.11328125 MiB (Increase: 0.0 MiB)
Memory usage after collect: 1623.11328125 MiB (Increase: 0.0 MiB)
Memory usage before initialization: 1623.11328125 MiB (Increase: 0.0 MiB)
Memory usage after initialization: 1623.11328125 MiB (Increase: 0.0 MiB)
Current lengths of episodes: [1600]
Memory usage at done (index 0, length 1600, since_prev 1600): 1623.11328125 MiB (Increase: 0.0 MiB)
Memory usage before reset: 1623.11328125 MiB (Increase: 0.0 MiB)
Memory usage after reset: 1623.11328125 MiB (Increase: 0.0 MiB)
Training episode 986
Memory usage at middle: 1623.11328125 MiB (Increase: 0.0 MiB)
Memory usage before collect: 1623.11328125 MiB (Increase: 0.0 MiB)
Memory usage after collect: 1623.11328125 MiB (Increase: 0.0 MiB)
Memory usage before initialization: 1623.11328125 MiB (Increase: 0.0 MiB)
Memory usage after initialization: 1623.11328125 MiB (Increase: 0.0 MiB)
Current lengths of episodes: [111]
Memory usage at done (index 0, length 111, since_prev 111): 1623.11328125 MiB (Increase: 0.0 MiB)
Memory usage before reset: 1623.11328125 MiB (Increase: 0.0 MiB)
Memory usage after reset: 1623.11328125 MiB (Increase: 0.0 MiB)
Training episode 987
Memory usage at middle: 1623.11328125 MiB (Increase: 0.0 MiB)
Memory usage before collect: 1623.11328125 MiB (Increase: 0.0 MiB)
Memory usage after collect: 1623.11328125 MiB (Increase: 0.0 MiB)
Memory usage before initialization: 1623.11328125 MiB (Increase: 0.0 MiB)
Memory usage after initialization: 1623.11328125 MiB (Increase: 0.0 MiB)
Current lengths of episodes: [50]
Memory usage at done (index 0, length 50, since_prev 50): 1623.11328125 MiB (Increase: 0.0 MiB)
Memory usage before reset: 1623.11328125 MiB (Increase: 0.0 MiB)
Memory usage after reset: 1623.11328125 MiB (Increase: 0.0 MiB)
Training episode 988
Memory usage at middle: 1623.11328125 MiB (Increase: 0.0 MiB)
Memory usage before collect: 1623.11328125 MiB (Increase: 0.0 MiB)
Memory usage after collect: 1623.11328125 MiB (Increase: 0.0 MiB)
Memory usage before initialization: 1623.11328125 MiB (Increase: 0.0 MiB)
Memory usage after initialization: 1623.11328125 MiB (Increase: 0.0 MiB)
Current lengths of episodes: [1600]
Memory usage at done (index 0, length 1600, since_prev 1600): 1623.11328125 MiB (Increase: 0.0 MiB)
Memory usage before reset: 1623.11328125 MiB (Increase: 0.0 MiB)
Memory usage after reset: 1623.11328125 MiB (Increase: 0.0 MiB)
Training episode 989
Memory usage at middle: 1623.11328125 MiB (Increase: 0.0 MiB)
Memory usage before collect: 1623.11328125 MiB (Increase: 0.0 MiB)
Memory usage after collect: 1623.11328125 MiB (Increase: 0.0 MiB)
Memory usage before initialization: 1623.11328125 MiB (Increase: 0.0 MiB)
Memory usage after initialization: 1623.11328125 MiB (Increase: 0.0 MiB)
Current lengths of episodes: [1600]
Memory usage at done (index 0, length 1600, since_prev 1600): 1623.11328125 MiB (Increase: 0.0 MiB)
Memory usage before reset: 1623.11328125 MiB (Increase: 0.0 MiB)
Memory usage after reset: 1623.11328125 MiB (Increase: 0.0 MiB)
Training episode 990
Memory usage at middle: 1623.11328125 MiB (Increase: 0.0 MiB)
Memory usage before collect: 1623.11328125 MiB (Increase: 0.0 MiB)
Memory usage after collect: 1623.11328125 MiB (Increase: 0.0 MiB)
Memory usage before initialization: 1623.11328125 MiB (Increase: 0.0 MiB)
Memory usage after initialization: 1623.11328125 MiB (Increase: 0.0 MiB)
Current lengths of episodes: [70]
Memory usage at done (index 0, length 70, since_prev 70): 1623.11328125 MiB (Increase: 0.0 MiB)
Memory usage before reset: 1623.11328125 MiB (Increase: 0.0 MiB)
Memory usage after reset: 1623.11328125 MiB (Increase: 0.0 MiB)
Training episode 991
Memory usage at middle: 1623.11328125 MiB (Increase: 0.0 MiB)
Memory usage before collect: 1623.11328125 MiB (Increase: 0.0 MiB)
Memory usage after collect: 1623.11328125 MiB (Increase: 0.0 MiB)
Memory usage before initialization: 1623.11328125 MiB (Increase: 0.0 MiB)
Memory usage after initialization: 1623.11328125 MiB (Increase: 0.0 MiB)
Current lengths of episodes: [1600]
Memory usage at done (index 0, length 1600, since_prev 1600): 1623.11328125 MiB (Increase: 0.0 MiB)
Memory usage before reset: 1623.11328125 MiB (Increase: 0.0 MiB)
Memory usage after reset: 1623.11328125 MiB (Increase: 0.0 MiB)
Training episode 992
Memory usage at middle: 1623.11328125 MiB (Increase: 0.0 MiB)
Memory usage before collect: 1623.11328125 MiB (Increase: 0.0 MiB)
Memory usage after collect: 1623.11328125 MiB (Increase: 0.0 MiB)
Memory usage before initialization: 1623.11328125 MiB (Increase: 0.0 MiB)
Memory usage after initialization: 1623.11328125 MiB (Increase: 0.0 MiB)
Current lengths of episodes: [1600]
Memory usage at done (index 0, length 1600, since_prev 1600): 1623.11328125 MiB (Increase: 0.0 MiB)
Memory usage before reset: 1623.11328125 MiB (Increase: 0.0 MiB)
Memory usage after reset: 1623.11328125 MiB (Increase: 0.0 MiB)
Training episode 993
Memory usage at middle: 1623.11328125 MiB (Increase: 0.0 MiB)
Memory usage before collect: 1623.11328125 MiB (Increase: 0.0 MiB)
Memory usage after collect: 1623.11328125 MiB (Increase: 0.0 MiB)
Memory usage before initialization: 1623.11328125 MiB (Increase: 0.0 MiB)
Memory usage after initialization: 1623.11328125 MiB (Increase: 0.0 MiB)
Current lengths of episodes: [1600]
Memory usage at done (index 0, length 1600, since_prev 1600): 1623.11328125 MiB (Increase: 0.0 MiB)
Memory usage before reset: 1623.11328125 MiB (Increase: 0.0 MiB)
Memory usage after reset: 1623.11328125 MiB (Increase: 0.0 MiB)
Training episode 994
Memory usage at middle: 1623.11328125 MiB (Increase: 0.0 MiB)
Memory usage before collect: 1623.11328125 MiB (Increase: 0.0 MiB)
Memory usage after collect: 1623.11328125 MiB (Increase: 0.0 MiB)
Memory usage before initialization: 1623.11328125 MiB (Increase: 0.0 MiB)
Memory usage after initialization: 1623.11328125 MiB (Increase: 0.0 MiB)
Current lengths of episodes: [66]
Memory usage at done (index 0, length 66, since_prev 66): 1623.11328125 MiB (Increase: 0.0 MiB)
Memory usage before reset: 1623.11328125 MiB (Increase: 0.0 MiB)
Memory usage after reset: 1623.11328125 MiB (Increase: 0.0 MiB)
Training episode 995
Memory usage at middle: 1623.11328125 MiB (Increase: 0.0 MiB)
Memory usage before collect: 1623.11328125 MiB (Increase: 0.0 MiB)
Memory usage after collect: 1623.11328125 MiB (Increase: 0.0 MiB)
Memory usage before initialization: 1623.11328125 MiB (Increase: 0.0 MiB)
Memory usage after initialization: 1623.11328125 MiB (Increase: 0.0 MiB)
Current lengths of episodes: [1600]
Memory usage at done (index 0, length 1600, since_prev 1600): 1623.11328125 MiB (Increase: 0.0 MiB)
Memory usage before reset: 1623.11328125 MiB (Increase: 0.0 MiB)
Memory usage after reset: 1623.11328125 MiB (Increase: 0.0 MiB)
Training episode 996
Memory usage at middle: 1623.11328125 MiB (Increase: 0.0 MiB)
Memory usage before collect: 1623.11328125 MiB (Increase: 0.0 MiB)
Memory usage after collect: 1623.11328125 MiB (Increase: 0.0 MiB)
Memory usage before initialization: 1623.11328125 MiB (Increase: 0.0 MiB)
Memory usage after initialization: 1623.11328125 MiB (Increase: 0.0 MiB)
Current lengths of episodes: [66]
Memory usage at done (index 0, length 66, since_prev 66): 1623.11328125 MiB (Increase: 0.0 MiB)
Memory usage before reset: 1623.11328125 MiB (Increase: 0.0 MiB)
Memory usage after reset: 1623.11328125 MiB (Increase: 0.0 MiB)
Training episode 997
Memory usage at middle: 1623.11328125 MiB (Increase: 0.0 MiB)
Memory usage before collect: 1623.11328125 MiB (Increase: 0.0 MiB)
Memory usage after collect: 1623.11328125 MiB (Increase: 0.0 MiB)
Memory usage before initialization: 1623.11328125 MiB (Increase: 0.0 MiB)
Memory usage after initialization: 1623.11328125 MiB (Increase: 0.0 MiB)
Current lengths of episodes: [292]
Memory usage at done (index 0, length 292, since_prev 292): 1623.11328125 MiB (Increase: 0.0 MiB)
Memory usage before reset: 1623.11328125 MiB (Increase: 0.0 MiB)
Memory usage after reset: 1623.11328125 MiB (Increase: 0.0 MiB)
Training episode 998
Memory usage at middle: 1623.11328125 MiB (Increase: 0.0 MiB)
Memory usage before collect: 1623.11328125 MiB (Increase: 0.0 MiB)
Memory usage after collect: 1623.11328125 MiB (Increase: 0.0 MiB)
Memory usage before initialization: 1623.11328125 MiB (Increase: 0.0 MiB)
Memory usage after initialization: 1623.11328125 MiB (Increase: 0.0 MiB)
Current lengths of episodes: [1600]
Memory usage at done (index 0, length 1600, since_prev 1600): 1623.11328125 MiB (Increase: 0.0 MiB)
Memory usage before reset: 1623.11328125 MiB (Increase: 0.0 MiB)
Memory usage after reset: 1623.11328125 MiB (Increase: 0.0 MiB)
Training episode 999
Memory usage at middle: 1623.11328125 MiB (Increase: 0.0 MiB)
Memory usage before collect: 1623.11328125 MiB (Increase: 0.0 MiB)
Memory usage after collect: 1623.11328125 MiB (Increase: 0.0 MiB)
Memory usage before initialization: 1623.11328125 MiB (Increase: 0.0 MiB)
Memory usage after initialization: 1623.11328125 MiB (Increase: 0.0 MiB)
Current lengths of episodes: [1600]
Memory usage at done (index 0, length 1600, since_prev 1600): 1623.11328125 MiB (Increase: 0.0 MiB)
Memory usage before reset: 1623.11328125 MiB (Increase: 0.0 MiB)
Memory usage after reset: 1623.11328125 MiB (Increase: 0.0 MiB)
Training episode 1000
Memory usage at middle: 1623.11328125 MiB (Increase: 0.0 MiB)
Memory usage before collect: 1623.11328125 MiB (Increase: 0.0 MiB)
Memory usage after collect: 1623.11328125 MiB (Increase: 0.0 MiB)
Episode 1000	Average evaluation: -55.06970805616826
Current best exp_BW_validation:  -15.991181369788881  reached at episode  600 .
Memory usage at end: 1623.11328125 MiB (Increase: 0.0 MiB)
Memory used by function: 1235.75390625 MiB
Best average after 600 episodes: -15.991181369788881
Training took 10353.689380407333 seconds

###############################################################################
Hábrók Cluster
Job 9076339 for user s3512290
Finished at: Mon May 20 02:06:41 CEST 2024

Job details:
============

Job ID              : 9076339
Name                : batchBWtest.sh
User                : s3512290
Partition           : regularmedium
Nodes               : node95
Number of Nodes     : 1
Cores               : 1
Number of Tasks     : 1
State               : RUNNING
Submit              : 2024-05-19T23:12:00
Start               : 2024-05-19T23:13:31
End                 : --
Reserved walltime   : 12:00:00
Used walltime       : 02:53:10
Used CPU time       : --
% User (Computation): --
% System (I/O)      : --
Mem reserved        : 10000M
Max Mem (Node/step) : 0.00  (Node unknown, N/A)
Full Max Mem usage  : 0.00  (Until last completed step)
Total Disk Read     : 0.00  (Until last completed step)
Total Disk Write    : 0.00  (Until last completed step)

Acknowledgements:
=================

Please see this page for information about acknowledging Hábrók in your publications:

https://wiki.hpc.rug.nl/habrok/introduction/scientific_output

################################################################################
