The following modules were not unloaded:
  (Use "module --force purge" to unload all):

  1) 2023.01   2) StdEnv
Created Directory Master_Thesis_Code/BP_A2C/bipedal_walker/exploration/BP_RNN_a2c_result_44_2024519_entropycoef_0.0001_valuepredcoef_0.0001_learningrate_1e-05_numtrainepisodes_1000_selectionmethod_exp_BW_validation_trainingmethod_original_numneurons_96 to store the results in
Run # 0
WARNING: Batch size larger than 1 not implemented yet for all training algorithms.
Section 1 out of 1 sections
GPU is not available
Memory usage at start: 373.609375 MiB
/home3/s3512290/venvs/LTC/lib/python3.8/site-packages/gym/logger.py:30: UserWarning: [33mWARN: Box bound precision lowered by casting to float32[0m
  warnings.warn(colorize('%s: %s'%('WARN', msg % args), 'yellow'))
Memory usage before initialization: 374.43359375 MiB (Increase: 0.82421875 MiB)
Memory usage after initialization: 374.43359375 MiB (Increase: 0.0 MiB)
Current lengths of episodes: [1600, 1599]
New longest episode length: 1600, previous longest: 0
Memory usage at done (index 0, length 1600, since_prev 1599): 1296.74609375 MiB (Increase: 922.3125 MiB)
Memory usage before reset: 1296.74609375 MiB (Increase: 0.0 MiB)
Memory usage after reset: 1296.74609375 MiB (Increase: 0.0 MiB)
Current lengths of episodes: [0, 1600]
Memory usage at done (index 1, length 1600, since_prev 0): 1296.74609375 MiB (Increase: 0.0 MiB)
Memory usage before reset: 1296.74609375 MiB (Increase: 0.0 MiB)
Memory usage after reset: 1296.9765625 MiB (Increase: 0.23046875 MiB)
Training episode 2
Memory usage at middle: 1296.9765625 MiB (Increase: 0.0 MiB)
Memory usage before collect: 1303.33203125 MiB (Increase: 6.35546875 MiB)
Memory usage after collect: 1303.33203125 MiB (Increase: 0.0 MiB)
Memory usage before initialization: 1303.33203125 MiB (Increase: 0.0 MiB)
Memory usage after initialization: 1303.33203125 MiB (Increase: 0.0 MiB)
Current lengths of episodes: [56, 55]
Memory usage at done (index 0, length 56, since_prev 56): 1306.984375 MiB (Increase: 3.65234375 MiB)
Memory usage before reset: 1306.984375 MiB (Increase: 0.0 MiB)
Memory usage after reset: 1306.984375 MiB (Increase: 0.0 MiB)
Current lengths of episodes: [23, 79]
Memory usage at done (index 1, length 79, since_prev 23): 1318.2578125 MiB (Increase: 11.2734375 MiB)
Memory usage before reset: 1318.2578125 MiB (Increase: 0.0 MiB)
Memory usage after reset: 1318.2578125 MiB (Increase: 0.0 MiB)
Training episode 4
Memory usage at middle: 1318.2578125 MiB (Increase: 0.0 MiB)
Memory usage before collect: 1318.2578125 MiB (Increase: 0.0 MiB)
Memory usage after collect: 1318.2578125 MiB (Increase: 0.0 MiB)
Memory usage before initialization: 1318.2578125 MiB (Increase: 0.0 MiB)
Memory usage after initialization: 1318.2578125 MiB (Increase: 0.0 MiB)
Current lengths of episodes: [51, 50]
Memory usage at done (index 0, length 51, since_prev 51): 1318.2578125 MiB (Increase: 0.0 MiB)
Memory usage before reset: 1318.2578125 MiB (Increase: 0.0 MiB)
Memory usage after reset: 1318.2578125 MiB (Increase: 0.0 MiB)
Current lengths of episodes: [84, 134]
Memory usage at done (index 0, length 84, since_prev 84): 1318.2578125 MiB (Increase: 0.0 MiB)
Memory usage before reset: 1318.2578125 MiB (Increase: 0.0 MiB)
Memory usage after reset: 1318.2578125 MiB (Increase: 0.0 MiB)
Training episode 6
Memory usage at middle: 1318.2578125 MiB (Increase: 0.0 MiB)
Memory usage before collect: 1318.2578125 MiB (Increase: 0.0 MiB)
Memory usage after collect: 1318.2578125 MiB (Increase: 0.0 MiB)
Memory usage before initialization: 1318.2578125 MiB (Increase: 0.0 MiB)
Memory usage after initialization: 1318.2578125 MiB (Increase: 0.0 MiB)
Current lengths of episodes: [142, 142]
Memory usage at done (index 1, length 142, since_prev 142): 1318.2578125 MiB (Increase: 0.0 MiB)
Memory usage before reset: 1318.2578125 MiB (Increase: 0.0 MiB)
Memory usage after reset: 1318.2578125 MiB (Increase: 0.0 MiB)
Current lengths of episodes: [149, 6]
Memory usage at done (index 0, length 149, since_prev 7): 1318.2578125 MiB (Increase: 0.0 MiB)
Memory usage before reset: 1318.2578125 MiB (Increase: 0.0 MiB)
Memory usage after reset: 1318.2578125 MiB (Increase: 0.0 MiB)
Training episode 8
Memory usage at middle: 1318.2578125 MiB (Increase: 0.0 MiB)
Memory usage before collect: 1318.2578125 MiB (Increase: 0.0 MiB)
Memory usage after collect: 1318.2578125 MiB (Increase: 0.0 MiB)
Memory usage before initialization: 1318.2578125 MiB (Increase: 0.0 MiB)
Memory usage after initialization: 1318.2578125 MiB (Increase: 0.0 MiB)
Current lengths of episodes: [68, 68]
Memory usage at done (index 1, length 68, since_prev 68): 1318.2578125 MiB (Increase: 0.0 MiB)
Memory usage before reset: 1318.2578125 MiB (Increase: 0.0 MiB)
Memory usage after reset: 1318.2578125 MiB (Increase: 0.0 MiB)
Current lengths of episodes: [113, 45]
Memory usage at done (index 1, length 45, since_prev 45): 1318.2578125 MiB (Increase: 0.0 MiB)
Memory usage before reset: 1318.2578125 MiB (Increase: 0.0 MiB)
Memory usage after reset: 1318.2578125 MiB (Increase: 0.0 MiB)
Training episode 10
Memory usage at middle: 1318.2578125 MiB (Increase: 0.0 MiB)
Memory usage before collect: 1318.2578125 MiB (Increase: 0.0 MiB)
Memory usage after collect: 1318.2578125 MiB (Increase: 0.0 MiB)
Memory usage before initialization: 1318.2578125 MiB (Increase: 0.0 MiB)
Memory usage after initialization: 1318.2578125 MiB (Increase: 0.0 MiB)
Current lengths of episodes: [66, 66]
Memory usage at done (index 1, length 66, since_prev 66): 1318.2578125 MiB (Increase: 0.0 MiB)
Memory usage before reset: 1318.2578125 MiB (Increase: 0.0 MiB)
Memory usage after reset: 1318.2578125 MiB (Increase: 0.0 MiB)
Current lengths of episodes: [99, 32]
Memory usage at done (index 0, length 99, since_prev 33): 1318.2578125 MiB (Increase: 0.0 MiB)
Memory usage before reset: 1318.2578125 MiB (Increase: 0.0 MiB)
Memory usage after reset: 1318.2578125 MiB (Increase: 0.0 MiB)
Training episode 12
Memory usage at middle: 1318.2578125 MiB (Increase: 0.0 MiB)
Memory usage before collect: 1318.2578125 MiB (Increase: 0.0 MiB)
Memory usage after collect: 1318.2578125 MiB (Increase: 0.0 MiB)
Memory usage before initialization: 1318.2578125 MiB (Increase: 0.0 MiB)
Memory usage after initialization: 1318.2578125 MiB (Increase: 0.0 MiB)
Current lengths of episodes: [73, 72]
Memory usage at done (index 0, length 73, since_prev 73): 1318.2578125 MiB (Increase: 0.0 MiB)
Memory usage before reset: 1318.2578125 MiB (Increase: 0.0 MiB)
Memory usage after reset: 1318.2578125 MiB (Increase: 0.0 MiB)
Current lengths of episodes: [74, 147]
Memory usage at done (index 1, length 147, since_prev 74): 1318.2578125 MiB (Increase: 0.0 MiB)
Memory usage before reset: 1318.2578125 MiB (Increase: 0.0 MiB)
Memory usage after reset: 1318.2578125 MiB (Increase: 0.0 MiB)
Training episode 14
Memory usage at middle: 1318.2578125 MiB (Increase: 0.0 MiB)
Memory usage before collect: 1318.2578125 MiB (Increase: 0.0 MiB)
Memory usage after collect: 1318.2578125 MiB (Increase: 0.0 MiB)
Memory usage before initialization: 1318.2578125 MiB (Increase: 0.0 MiB)
Memory usage after initialization: 1318.2578125 MiB (Increase: 0.0 MiB)
Current lengths of episodes: [84, 83]
Memory usage at done (index 0, length 84, since_prev 84): 1318.2578125 MiB (Increase: 0.0 MiB)
Memory usage before reset: 1318.2578125 MiB (Increase: 0.0 MiB)
Memory usage after reset: 1318.2578125 MiB (Increase: 0.0 MiB)
Current lengths of episodes: [79, 162]
Memory usage at done (index 0, length 79, since_prev 79): 1318.2578125 MiB (Increase: 0.0 MiB)
Memory usage before reset: 1318.2578125 MiB (Increase: 0.0 MiB)
Memory usage after reset: 1318.2578125 MiB (Increase: 0.0 MiB)
Training episode 16
Memory usage at middle: 1318.2578125 MiB (Increase: 0.0 MiB)
Memory usage before collect: 1318.2578125 MiB (Increase: 0.0 MiB)
Memory usage after collect: 1318.2578125 MiB (Increase: 0.0 MiB)
Memory usage before initialization: 1318.2578125 MiB (Increase: 0.0 MiB)
Memory usage after initialization: 1318.2578125 MiB (Increase: 0.0 MiB)
Current lengths of episodes: [60, 60]
Memory usage at done (index 1, length 60, since_prev 60): 1318.2578125 MiB (Increase: 0.0 MiB)
Memory usage before reset: 1318.2578125 MiB (Increase: 0.0 MiB)
Memory usage after reset: 1318.2578125 MiB (Increase: 0.0 MiB)
Current lengths of episodes: [82, 21]
Memory usage at done (index 0, length 82, since_prev 22): 1318.2578125 MiB (Increase: 0.0 MiB)
Memory usage before reset: 1318.2578125 MiB (Increase: 0.0 MiB)
Memory usage after reset: 1318.2578125 MiB (Increase: 0.0 MiB)
Training episode 18
Memory usage at middle: 1318.2578125 MiB (Increase: 0.0 MiB)
Memory usage before collect: 1318.2578125 MiB (Increase: 0.0 MiB)
Memory usage after collect: 1318.2578125 MiB (Increase: 0.0 MiB)
Memory usage before initialization: 1318.2578125 MiB (Increase: 0.0 MiB)
Memory usage after initialization: 1318.2578125 MiB (Increase: 0.0 MiB)
Current lengths of episodes: [71, 71]
Memory usage at done (index 1, length 71, since_prev 71): 1318.2578125 MiB (Increase: 0.0 MiB)
Memory usage before reset: 1318.2578125 MiB (Increase: 0.0 MiB)
Memory usage after reset: 1318.2578125 MiB (Increase: 0.0 MiB)
Current lengths of episodes: [88, 16]
Memory usage at done (index 0, length 88, since_prev 17): 1318.2578125 MiB (Increase: 0.0 MiB)
Memory usage before reset: 1318.2578125 MiB (Increase: 0.0 MiB)
Memory usage after reset: 1318.2578125 MiB (Increase: 0.0 MiB)
Training episode 20
Memory usage at middle: 1318.2578125 MiB (Increase: 0.0 MiB)
Memory usage before collect: 1318.2578125 MiB (Increase: 0.0 MiB)
Memory usage after collect: 1318.2578125 MiB (Increase: 0.0 MiB)
Memory usage before initialization: 1318.2578125 MiB (Increase: 0.0 MiB)
Memory usage after initialization: 1318.2578125 MiB (Increase: 0.0 MiB)
Current lengths of episodes: [90, 89]
Memory usage at done (index 0, length 90, since_prev 90): 1318.2578125 MiB (Increase: 0.0 MiB)
Memory usage before reset: 1318.2578125 MiB (Increase: 0.0 MiB)
Memory usage after reset: 1318.2578125 MiB (Increase: 0.0 MiB)
Current lengths of episodes: [79, 168]
Memory usage at done (index 0, length 79, since_prev 79): 1318.2578125 MiB (Increase: 0.0 MiB)
Memory usage before reset: 1318.2578125 MiB (Increase: 0.0 MiB)
Memory usage after reset: 1318.2578125 MiB (Increase: 0.0 MiB)
Training episode 22
Memory usage at middle: 1318.2578125 MiB (Increase: 0.0 MiB)
Memory usage before collect: 1318.2578125 MiB (Increase: 0.0 MiB)
Memory usage after collect: 1318.2578125 MiB (Increase: 0.0 MiB)
Memory usage before initialization: 1318.2578125 MiB (Increase: 0.0 MiB)
Memory usage after initialization: 1318.2578125 MiB (Increase: 0.0 MiB)
Current lengths of episodes: [104, 103]
Memory usage at done (index 0, length 104, since_prev 104): 1318.2578125 MiB (Increase: 0.0 MiB)
Memory usage before reset: 1318.2578125 MiB (Increase: 0.0 MiB)
Memory usage after reset: 1318.2578125 MiB (Increase: 0.0 MiB)
Current lengths of episodes: [1496, 1600]
Memory usage at done (index 1, length 1600, since_prev 1496): 1326.71484375 MiB (Increase: 8.45703125 MiB)
Memory usage before reset: 1326.71484375 MiB (Increase: 0.0 MiB)
Memory usage after reset: 1326.71484375 MiB (Increase: 0.0 MiB)
Training episode 24
Memory usage at middle: 1326.71484375 MiB (Increase: 0.0 MiB)
Memory usage before collect: 1330.45703125 MiB (Increase: 3.7421875 MiB)
Memory usage after collect: 1330.45703125 MiB (Increase: 0.0 MiB)
Memory usage before initialization: 1330.45703125 MiB (Increase: 0.0 MiB)
Memory usage after initialization: 1330.45703125 MiB (Increase: 0.0 MiB)
Current lengths of episodes: [73, 73]
Memory usage at done (index 1, length 73, since_prev 73): 1330.45703125 MiB (Increase: 0.0 MiB)
Memory usage before reset: 1330.45703125 MiB (Increase: 0.0 MiB)
Memory usage after reset: 1330.45703125 MiB (Increase: 0.0 MiB)
Current lengths of episodes: [143, 69]
Memory usage at done (index 0, length 143, since_prev 70): 1330.45703125 MiB (Increase: 0.0 MiB)
Memory usage before reset: 1330.45703125 MiB (Increase: 0.0 MiB)
Memory usage after reset: 1330.45703125 MiB (Increase: 0.0 MiB)
Training episode 26
Memory usage at middle: 1330.45703125 MiB (Increase: 0.0 MiB)
Memory usage before collect: 1330.45703125 MiB (Increase: 0.0 MiB)
Memory usage after collect: 1330.45703125 MiB (Increase: 0.0 MiB)
Memory usage before initialization: 1330.45703125 MiB (Increase: 0.0 MiB)
Memory usage after initialization: 1330.45703125 MiB (Increase: 0.0 MiB)
Current lengths of episodes: [911, 911]
Memory usage at done (index 1, length 911, since_prev 911): 1330.45703125 MiB (Increase: 0.0 MiB)
Memory usage before reset: 1330.45703125 MiB (Increase: 0.0 MiB)
Memory usage after reset: 1330.45703125 MiB (Increase: 0.0 MiB)
Current lengths of episodes: [975, 64]
Memory usage at done (index 1, length 64, since_prev 64): 1330.45703125 MiB (Increase: 0.0 MiB)
Memory usage before reset: 1330.45703125 MiB (Increase: 0.0 MiB)
Memory usage after reset: 1330.45703125 MiB (Increase: 0.0 MiB)
Training episode 28
Memory usage at middle: 1330.45703125 MiB (Increase: 0.0 MiB)
Memory usage before collect: 1330.45703125 MiB (Increase: 0.0 MiB)
Memory usage after collect: 1330.45703125 MiB (Increase: 0.0 MiB)
Memory usage before initialization: 1330.45703125 MiB (Increase: 0.0 MiB)
Memory usage after initialization: 1330.45703125 MiB (Increase: 0.0 MiB)
Current lengths of episodes: [1600, 1599]
Memory usage at done (index 0, length 1600, since_prev 1600): 1751.125 MiB (Increase: 420.66796875 MiB)
Memory usage before reset: 1751.125 MiB (Increase: 0.0 MiB)
Memory usage after reset: 1751.125 MiB (Increase: 0.0 MiB)
Current lengths of episodes: [0, 1600]
Memory usage at done (index 1, length 1600, since_prev 0): 1751.125 MiB (Increase: 0.0 MiB)
Memory usage before reset: 1751.125 MiB (Increase: 0.0 MiB)
Memory usage after reset: 1751.1953125 MiB (Increase: 0.0703125 MiB)
Training episode 30
Memory usage at middle: 1751.1953125 MiB (Increase: 0.0 MiB)
Memory usage before collect: 1751.265625 MiB (Increase: 0.0703125 MiB)
Memory usage after collect: 1751.265625 MiB (Increase: 0.0 MiB)
Memory usage before initialization: 1751.265625 MiB (Increase: 0.0 MiB)
Memory usage after initialization: 1751.265625 MiB (Increase: 0.0 MiB)
Current lengths of episodes: [880, 880]
Memory usage at done (index 1, length 880, since_prev 880): 1751.421875 MiB (Increase: 0.15625 MiB)
Memory usage before reset: 1751.421875 MiB (Increase: 0.0 MiB)
Memory usage after reset: 1751.421875 MiB (Increase: 0.0 MiB)
Current lengths of episodes: [956, 76]
Memory usage at done (index 1, length 76, since_prev 76): 1751.421875 MiB (Increase: 0.0 MiB)
Memory usage before reset: 1751.421875 MiB (Increase: 0.0 MiB)
Memory usage after reset: 1751.421875 MiB (Increase: 0.0 MiB)
Training episode 32
Memory usage at middle: 1751.421875 MiB (Increase: 0.0 MiB)
Memory usage before collect: 1751.421875 MiB (Increase: 0.0 MiB)
Memory usage after collect: 1751.421875 MiB (Increase: 0.0 MiB)
Memory usage before initialization: 1751.421875 MiB (Increase: 0.0 MiB)
Memory usage after initialization: 1751.421875 MiB (Increase: 0.0 MiB)
Current lengths of episodes: [87, 87]
Memory usage at done (index 1, length 87, since_prev 87): 1751.421875 MiB (Increase: 0.0 MiB)
Memory usage before reset: 1751.421875 MiB (Increase: 0.0 MiB)
Memory usage after reset: 1751.421875 MiB (Increase: 0.0 MiB)
Current lengths of episodes: [89, 1]
Memory usage at done (index 0, length 89, since_prev 2): 1751.421875 MiB (Increase: 0.0 MiB)
Memory usage before reset: 1751.421875 MiB (Increase: 0.0 MiB)
Memory usage after reset: 1751.421875 MiB (Increase: 0.0 MiB)
Training episode 34
Memory usage at middle: 1751.421875 MiB (Increase: 0.0 MiB)
Memory usage before collect: 1751.421875 MiB (Increase: 0.0 MiB)
Memory usage after collect: 1751.421875 MiB (Increase: 0.0 MiB)
Memory usage before initialization: 1751.421875 MiB (Increase: 0.0 MiB)
Memory usage after initialization: 1751.421875 MiB (Increase: 0.0 MiB)
Current lengths of episodes: [125, 125]
Memory usage at done (index 1, length 125, since_prev 125): 1751.421875 MiB (Increase: 0.0 MiB)
Memory usage before reset: 1751.421875 MiB (Increase: 0.0 MiB)
Memory usage after reset: 1751.421875 MiB (Increase: 0.0 MiB)
Current lengths of episodes: [1229, 1103]
Memory usage at done (index 0, length 1229, since_prev 1104): 1751.421875 MiB (Increase: 0.0 MiB)
Memory usage before reset: 1751.421875 MiB (Increase: 0.0 MiB)
Memory usage after reset: 1751.421875 MiB (Increase: 0.0 MiB)
Training episode 36
Memory usage at middle: 1751.421875 MiB (Increase: 0.0 MiB)
Memory usage before collect: 1751.421875 MiB (Increase: 0.0 MiB)
Memory usage after collect: 1751.421875 MiB (Increase: 0.0 MiB)
Memory usage before initialization: 1751.421875 MiB (Increase: 0.0 MiB)
Memory usage after initialization: 1751.421875 MiB (Increase: 0.0 MiB)
Current lengths of episodes: [1600, 1599]
Memory usage at done (index 0, length 1600, since_prev 1600): 1810.6484375 MiB (Increase: 59.2265625 MiB)
Memory usage before reset: 1810.6484375 MiB (Increase: 0.0 MiB)
Memory usage after reset: 1810.6484375 MiB (Increase: 0.0 MiB)
Current lengths of episodes: [0, 1600]
Memory usage at done (index 1, length 1600, since_prev 0): 1810.6484375 MiB (Increase: 0.0 MiB)
Memory usage before reset: 1810.6484375 MiB (Increase: 0.0 MiB)
Memory usage after reset: 1810.734375 MiB (Increase: 0.0859375 MiB)
Training episode 38
Memory usage at middle: 1810.734375 MiB (Increase: 0.0 MiB)
Memory usage before collect: 1810.7734375 MiB (Increase: 0.0390625 MiB)
Memory usage after collect: 1810.7734375 MiB (Increase: 0.0 MiB)
Memory usage before initialization: 1810.7734375 MiB (Increase: 0.0 MiB)
Memory usage after initialization: 1810.7734375 MiB (Increase: 0.0 MiB)
Current lengths of episodes: [1600, 1599]
Memory usage at done (index 0, length 1600, since_prev 1600): 2085.44140625 MiB (Increase: 274.66796875 MiB)
Memory usage before reset: 2085.44140625 MiB (Increase: 0.0 MiB)
Memory usage after reset: 2085.51953125 MiB (Increase: 0.078125 MiB)
Current lengths of episodes: [0, 1600]
Memory usage at done (index 1, length 1600, since_prev 0): 2085.51953125 MiB (Increase: 0.0 MiB)
Memory usage before reset: 2085.51953125 MiB (Increase: 0.0 MiB)
Memory usage after reset: 2085.51953125 MiB (Increase: 0.0 MiB)
Training episode 40
Memory usage at middle: 2085.51953125 MiB (Increase: 0.0 MiB)
Memory usage before collect: 2085.546875 MiB (Increase: 0.02734375 MiB)
Memory usage after collect: 2085.546875 MiB (Increase: 0.0 MiB)
Memory usage before initialization: 2085.546875 MiB (Increase: 0.0 MiB)
Memory usage after initialization: 2085.546875 MiB (Increase: 0.0 MiB)
Current lengths of episodes: [1600, 1599]
Memory usage at done (index 0, length 1600, since_prev 1600): 2120.13671875 MiB (Increase: 34.58984375 MiB)
Memory usage before reset: 2120.13671875 MiB (Increase: 0.0 MiB)
Memory usage after reset: 2120.13671875 MiB (Increase: 0.0 MiB)
Current lengths of episodes: [0, 1600]
Memory usage at done (index 1, length 1600, since_prev 0): 2120.13671875 MiB (Increase: 0.0 MiB)
Memory usage before reset: 2120.13671875 MiB (Increase: 0.0 MiB)
Memory usage after reset: 2120.13671875 MiB (Increase: 0.0 MiB)
Training episode 42
Memory usage at middle: 2120.13671875 MiB (Increase: 0.0 MiB)
Memory usage before collect: 2120.24609375 MiB (Increase: 0.109375 MiB)
Memory usage after collect: 2120.24609375 MiB (Increase: 0.0 MiB)
Memory usage before initialization: 2120.24609375 MiB (Increase: 0.0 MiB)
Memory usage after initialization: 2120.24609375 MiB (Increase: 0.0 MiB)
Current lengths of episodes: [1600, 1599]
Memory usage at done (index 0, length 1600, since_prev 1600): 2210.59375 MiB (Increase: 90.34765625 MiB)
Memory usage before reset: 2210.59375 MiB (Increase: 0.0 MiB)
Memory usage after reset: 2210.59375 MiB (Increase: 0.0 MiB)
Current lengths of episodes: [0, 1600]
Memory usage at done (index 1, length 1600, since_prev 0): 2210.59375 MiB (Increase: 0.0 MiB)
Memory usage before reset: 2210.59375 MiB (Increase: 0.0 MiB)
Memory usage after reset: 2210.59375 MiB (Increase: 0.0 MiB)
Training episode 44
Memory usage at middle: 2210.59375 MiB (Increase: 0.0 MiB)
Memory usage before collect: 2210.69921875 MiB (Increase: 0.10546875 MiB)
Memory usage after collect: 2210.69921875 MiB (Increase: 0.0 MiB)
Memory usage before initialization: 2210.69921875 MiB (Increase: 0.0 MiB)
Memory usage after initialization: 2210.69921875 MiB (Increase: 0.0 MiB)
Current lengths of episodes: [1600, 1599]
Memory usage at done (index 0, length 1600, since_prev 1600): 2242.83203125 MiB (Increase: 32.1328125 MiB)
Memory usage before reset: 2242.83203125 MiB (Increase: 0.0 MiB)
Memory usage after reset: 2242.83203125 MiB (Increase: 0.0 MiB)
Current lengths of episodes: [0, 1600]
Memory usage at done (index 1, length 1600, since_prev 0): 2242.83203125 MiB (Increase: 0.0 MiB)
Memory usage before reset: 2242.83203125 MiB (Increase: 0.0 MiB)
Memory usage after reset: 2242.83203125 MiB (Increase: 0.0 MiB)
Training episode 46
Memory usage at middle: 2242.83203125 MiB (Increase: 0.0 MiB)
Memory usage before collect: 2242.875 MiB (Increase: 0.04296875 MiB)
Memory usage after collect: 2242.875 MiB (Increase: 0.0 MiB)
Memory usage before initialization: 2242.875 MiB (Increase: 0.0 MiB)
Memory usage after initialization: 2242.875 MiB (Increase: 0.0 MiB)
Current lengths of episodes: [95, 95]
Memory usage at done (index 1, length 95, since_prev 95): 2242.875 MiB (Increase: 0.0 MiB)
Memory usage before reset: 2242.875 MiB (Increase: 0.0 MiB)
Memory usage after reset: 2242.875 MiB (Increase: 0.0 MiB)
Current lengths of episodes: [217, 121]
Memory usage at done (index 0, length 217, since_prev 122): 2242.875 MiB (Increase: 0.0 MiB)
Memory usage before reset: 2242.875 MiB (Increase: 0.0 MiB)
Memory usage after reset: 2242.875 MiB (Increase: 0.0 MiB)
Training episode 48
Memory usage at middle: 2242.875 MiB (Increase: 0.0 MiB)
Memory usage before collect: 2242.875 MiB (Increase: 0.0 MiB)
Memory usage after collect: 2242.875 MiB (Increase: 0.0 MiB)
Memory usage before initialization: 2242.875 MiB (Increase: 0.0 MiB)
Memory usage after initialization: 2242.875 MiB (Increase: 0.0 MiB)
Current lengths of episodes: [1553, 1552]
Memory usage at done (index 0, length 1553, since_prev 1553): 2242.875 MiB (Increase: 0.0 MiB)
Memory usage before reset: 2242.875 MiB (Increase: 0.0 MiB)
Memory usage after reset: 2242.875 MiB (Increase: 0.0 MiB)
Current lengths of episodes: [47, 1600]
Memory usage at done (index 1, length 1600, since_prev 47): 2242.875 MiB (Increase: 0.0 MiB)
Memory usage before reset: 2242.875 MiB (Increase: 0.0 MiB)
Memory usage after reset: 2242.875 MiB (Increase: 0.0 MiB)
Training episode 50
Memory usage at middle: 2242.875 MiB (Increase: 0.0 MiB)
Memory usage before collect: 2242.875 MiB (Increase: 0.0 MiB)
Memory usage after collect: 2242.875 MiB (Increase: 0.0 MiB)
Episode 50	Average evaluation: -98.42057971437933
Memory usage before initialization: 2242.875 MiB (Increase: 0.0 MiB)
Memory usage after initialization: 2242.875 MiB (Increase: 0.0 MiB)
Current lengths of episodes: [48, 47]
Memory usage at done (index 0, length 48, since_prev 48): 2242.875 MiB (Increase: 0.0 MiB)
Memory usage before reset: 2242.875 MiB (Increase: 0.0 MiB)
Memory usage after reset: 2242.875 MiB (Increase: 0.0 MiB)
Current lengths of episodes: [53, 101]
Memory usage at done (index 1, length 101, since_prev 53): 2242.875 MiB (Increase: 0.0 MiB)
Memory usage before reset: 2242.875 MiB (Increase: 0.0 MiB)
Memory usage after reset: 2242.875 MiB (Increase: 0.0 MiB)
Training episode 52
Memory usage at middle: 2242.875 MiB (Increase: 0.0 MiB)
Memory usage before collect: 2242.875 MiB (Increase: 0.0 MiB)
Memory usage after collect: 2242.875 MiB (Increase: 0.0 MiB)
Memory usage before initialization: 2242.875 MiB (Increase: 0.0 MiB)
Memory usage after initialization: 2242.875 MiB (Increase: 0.0 MiB)
Current lengths of episodes: [63, 62]
Memory usage at done (index 0, length 63, since_prev 63): 2242.875 MiB (Increase: 0.0 MiB)
Memory usage before reset: 2242.875 MiB (Increase: 0.0 MiB)
Memory usage after reset: 2242.875 MiB (Increase: 0.0 MiB)
Current lengths of episodes: [1537, 1600]
Memory usage at done (index 1, length 1600, since_prev 1537): 2242.875 MiB (Increase: 0.0 MiB)
Memory usage before reset: 2242.875 MiB (Increase: 0.0 MiB)
Memory usage after reset: 2242.875 MiB (Increase: 0.0 MiB)
Training episode 54
Memory usage at middle: 2242.875 MiB (Increase: 0.0 MiB)
Memory usage before collect: 2242.875 MiB (Increase: 0.0 MiB)
Memory usage after collect: 2242.875 MiB (Increase: 0.0 MiB)
Memory usage before initialization: 2242.875 MiB (Increase: 0.0 MiB)
Memory usage after initialization: 2242.875 MiB (Increase: 0.0 MiB)
Current lengths of episodes: [57, 56]
Memory usage at done (index 0, length 57, since_prev 57): 2242.875 MiB (Increase: 0.0 MiB)
Memory usage before reset: 2242.875 MiB (Increase: 0.0 MiB)
Memory usage after reset: 2242.875 MiB (Increase: 0.0 MiB)
Current lengths of episodes: [35, 92]
Memory usage at done (index 1, length 92, since_prev 35): 2242.875 MiB (Increase: 0.0 MiB)
Memory usage before reset: 2242.875 MiB (Increase: 0.0 MiB)
Memory usage after reset: 2242.875 MiB (Increase: 0.0 MiB)
Training episode 56
Memory usage at middle: 2242.875 MiB (Increase: 0.0 MiB)
Memory usage before collect: 2242.875 MiB (Increase: 0.0 MiB)
Memory usage after collect: 2242.875 MiB (Increase: 0.0 MiB)
Memory usage before initialization: 2242.875 MiB (Increase: 0.0 MiB)
Memory usage after initialization: 2242.875 MiB (Increase: 0.0 MiB)
Current lengths of episodes: [75, 75]
Memory usage at done (index 1, length 75, since_prev 75): 2242.875 MiB (Increase: 0.0 MiB)
Memory usage before reset: 2242.875 MiB (Increase: 0.0 MiB)
Memory usage after reset: 2242.875 MiB (Increase: 0.0 MiB)
Current lengths of episodes: [78, 2]
Memory usage at done (index 0, length 78, since_prev 3): 2242.875 MiB (Increase: 0.0 MiB)
Memory usage before reset: 2242.875 MiB (Increase: 0.0 MiB)
Memory usage after reset: 2242.875 MiB (Increase: 0.0 MiB)
Training episode 58
Memory usage at middle: 2242.875 MiB (Increase: 0.0 MiB)
Memory usage before collect: 2242.875 MiB (Increase: 0.0 MiB)
Memory usage after collect: 2242.875 MiB (Increase: 0.0 MiB)
Memory usage before initialization: 2242.875 MiB (Increase: 0.0 MiB)
Memory usage after initialization: 2242.875 MiB (Increase: 0.0 MiB)
Current lengths of episodes: [63, 62]
Memory usage at done (index 0, length 63, since_prev 63): 2242.875 MiB (Increase: 0.0 MiB)
Memory usage before reset: 2242.875 MiB (Increase: 0.0 MiB)
Memory usage after reset: 2242.875 MiB (Increase: 0.0 MiB)
Current lengths of episodes: [1537, 1600]
Memory usage at done (index 1, length 1600, since_prev 1537): 2242.875 MiB (Increase: 0.0 MiB)
Memory usage before reset: 2242.875 MiB (Increase: 0.0 MiB)
Memory usage after reset: 2242.875 MiB (Increase: 0.0 MiB)
Training episode 60
Memory usage at middle: 2242.875 MiB (Increase: 0.0 MiB)
Memory usage before collect: 2242.875 MiB (Increase: 0.0 MiB)
Memory usage after collect: 2242.875 MiB (Increase: 0.0 MiB)
Memory usage before initialization: 2242.875 MiB (Increase: 0.0 MiB)
Memory usage after initialization: 2242.875 MiB (Increase: 0.0 MiB)
Current lengths of episodes: [52, 52]
Memory usage at done (index 1, length 52, since_prev 52): 2242.875 MiB (Increase: 0.0 MiB)
Memory usage before reset: 2242.875 MiB (Increase: 0.0 MiB)
Memory usage after reset: 2242.875 MiB (Increase: 0.0 MiB)
Current lengths of episodes: [114, 61]
Memory usage at done (index 0, length 114, since_prev 62): 2242.875 MiB (Increase: 0.0 MiB)
Memory usage before reset: 2242.875 MiB (Increase: 0.0 MiB)
Memory usage after reset: 2242.875 MiB (Increase: 0.0 MiB)
Training episode 62
Memory usage at middle: 2242.875 MiB (Increase: 0.0 MiB)
Memory usage before collect: 2242.875 MiB (Increase: 0.0 MiB)
Memory usage after collect: 2242.875 MiB (Increase: 0.0 MiB)
Memory usage before initialization: 2242.875 MiB (Increase: 0.0 MiB)
Memory usage after initialization: 2242.875 MiB (Increase: 0.0 MiB)
Current lengths of episodes: [52, 52]
Memory usage at done (index 1, length 52, since_prev 52): 2242.875 MiB (Increase: 0.0 MiB)
Memory usage before reset: 2242.875 MiB (Increase: 0.0 MiB)
Memory usage after reset: 2242.875 MiB (Increase: 0.0 MiB)
Current lengths of episodes: [268, 215]
Memory usage at done (index 0, length 268, since_prev 216): 2242.875 MiB (Increase: 0.0 MiB)
Memory usage before reset: 2242.875 MiB (Increase: 0.0 MiB)
Memory usage after reset: 2242.875 MiB (Increase: 0.0 MiB)
Training episode 64
Memory usage at middle: 2242.875 MiB (Increase: 0.0 MiB)
Memory usage before collect: 2242.875 MiB (Increase: 0.0 MiB)
Memory usage after collect: 2242.875 MiB (Increase: 0.0 MiB)
Memory usage before initialization: 2242.875 MiB (Increase: 0.0 MiB)
Memory usage after initialization: 2242.875 MiB (Increase: 0.0 MiB)
Current lengths of episodes: [1600, 1599]
Memory usage at done (index 0, length 1600, since_prev 1600): 2242.875 MiB (Increase: 0.0 MiB)
Memory usage before reset: 2242.875 MiB (Increase: 0.0 MiB)
Memory usage after reset: 2242.875 MiB (Increase: 0.0 MiB)
Current lengths of episodes: [0, 1600]
Memory usage at done (index 1, length 1600, since_prev 0): 2242.875 MiB (Increase: 0.0 MiB)
Memory usage before reset: 2242.875 MiB (Increase: 0.0 MiB)
Memory usage after reset: 2242.875 MiB (Increase: 0.0 MiB)
Training episode 66
Memory usage at middle: 2242.875 MiB (Increase: 0.0 MiB)
Memory usage before collect: 2242.875 MiB (Increase: 0.0 MiB)
Memory usage after collect: 2242.875 MiB (Increase: 0.0 MiB)
Memory usage before initialization: 2242.875 MiB (Increase: 0.0 MiB)
Memory usage after initialization: 2242.875 MiB (Increase: 0.0 MiB)
Current lengths of episodes: [92, 92]
Memory usage at done (index 1, length 92, since_prev 92): 2242.875 MiB (Increase: 0.0 MiB)
Memory usage before reset: 2242.875 MiB (Increase: 0.0 MiB)
Memory usage after reset: 2242.875 MiB (Increase: 0.0 MiB)
Current lengths of episodes: [157, 65]
Memory usage at done (index 1, length 65, since_prev 65): 2242.875 MiB (Increase: 0.0 MiB)
Memory usage before reset: 2242.875 MiB (Increase: 0.0 MiB)
Memory usage after reset: 2242.875 MiB (Increase: 0.0 MiB)
Training episode 68
Memory usage at middle: 2242.875 MiB (Increase: 0.0 MiB)
Memory usage before collect: 2242.875 MiB (Increase: 0.0 MiB)
Memory usage after collect: 2242.875 MiB (Increase: 0.0 MiB)
Memory usage before initialization: 2242.875 MiB (Increase: 0.0 MiB)
Memory usage after initialization: 2242.875 MiB (Increase: 0.0 MiB)
Current lengths of episodes: [102, 101]
Memory usage at done (index 0, length 102, since_prev 102): 2242.875 MiB (Increase: 0.0 MiB)
Memory usage before reset: 2242.875 MiB (Increase: 0.0 MiB)
Memory usage after reset: 2242.875 MiB (Increase: 0.0 MiB)
Current lengths of episodes: [109, 210]
Memory usage at done (index 0, length 109, since_prev 109): 2242.875 MiB (Increase: 0.0 MiB)
Memory usage before reset: 2242.875 MiB (Increase: 0.0 MiB)
Memory usage after reset: 2242.875 MiB (Increase: 0.0 MiB)
Training episode 70
Memory usage at middle: 2242.875 MiB (Increase: 0.0 MiB)
Memory usage before collect: 2242.875 MiB (Increase: 0.0 MiB)
Memory usage after collect: 2242.875 MiB (Increase: 0.0 MiB)
Memory usage before initialization: 2242.875 MiB (Increase: 0.0 MiB)
Memory usage after initialization: 2242.875 MiB (Increase: 0.0 MiB)
Current lengths of episodes: [61, 61]
Memory usage at done (index 1, length 61, since_prev 61): 2242.875 MiB (Increase: 0.0 MiB)
Memory usage before reset: 2242.875 MiB (Increase: 0.0 MiB)
Memory usage after reset: 2242.875 MiB (Increase: 0.0 MiB)
Current lengths of episodes: [74, 12]
Memory usage at done (index 0, length 74, since_prev 13): 2242.875 MiB (Increase: 0.0 MiB)
Memory usage before reset: 2242.875 MiB (Increase: 0.0 MiB)
Memory usage after reset: 2242.875 MiB (Increase: 0.0 MiB)
Training episode 72
Memory usage at middle: 2242.875 MiB (Increase: 0.0 MiB)
Memory usage before collect: 2242.875 MiB (Increase: 0.0 MiB)
Memory usage after collect: 2242.875 MiB (Increase: 0.0 MiB)
Memory usage before initialization: 2242.875 MiB (Increase: 0.0 MiB)
Memory usage after initialization: 2242.875 MiB (Increase: 0.0 MiB)
Current lengths of episodes: [1600, 1599]
Memory usage at done (index 0, length 1600, since_prev 1600): 2242.875 MiB (Increase: 0.0 MiB)
Memory usage before reset: 2242.875 MiB (Increase: 0.0 MiB)
Memory usage after reset: 2242.875 MiB (Increase: 0.0 MiB)
Current lengths of episodes: [0, 1600]
Memory usage at done (index 1, length 1600, since_prev 0): 2242.875 MiB (Increase: 0.0 MiB)
Memory usage before reset: 2242.875 MiB (Increase: 0.0 MiB)
Memory usage after reset: 2242.875 MiB (Increase: 0.0 MiB)
Training episode 74
Memory usage at middle: 2242.875 MiB (Increase: 0.0 MiB)
Memory usage before collect: 2242.875 MiB (Increase: 0.0 MiB)
Memory usage after collect: 2242.875 MiB (Increase: 0.0 MiB)
Memory usage before initialization: 2242.875 MiB (Increase: 0.0 MiB)
Memory usage after initialization: 2242.875 MiB (Increase: 0.0 MiB)
Current lengths of episodes: [67, 67]
Memory usage at done (index 1, length 67, since_prev 67): 2242.875 MiB (Increase: 0.0 MiB)
Memory usage before reset: 2242.875 MiB (Increase: 0.0 MiB)
Memory usage after reset: 2242.875 MiB (Increase: 0.0 MiB)
Current lengths of episodes: [1600, 1532]
Memory usage at done (index 0, length 1600, since_prev 1533): 2242.875 MiB (Increase: 0.0 MiB)
Memory usage before reset: 2242.875 MiB (Increase: 0.0 MiB)
Memory usage after reset: 2242.875 MiB (Increase: 0.0 MiB)
Training episode 76
Memory usage at middle: 2242.875 MiB (Increase: 0.0 MiB)
Memory usage before collect: 2242.875 MiB (Increase: 0.0 MiB)
Memory usage after collect: 2242.875 MiB (Increase: 0.0 MiB)
Memory usage before initialization: 2242.875 MiB (Increase: 0.0 MiB)
Memory usage after initialization: 2242.875 MiB (Increase: 0.0 MiB)
Current lengths of episodes: [67, 66]
Memory usage at done (index 0, length 67, since_prev 67): 2242.875 MiB (Increase: 0.0 MiB)
Memory usage before reset: 2242.875 MiB (Increase: 0.0 MiB)
Memory usage after reset: 2242.875 MiB (Increase: 0.0 MiB)
Current lengths of episodes: [65, 131]
Memory usage at done (index 0, length 65, since_prev 65): 2242.875 MiB (Increase: 0.0 MiB)
Memory usage before reset: 2242.875 MiB (Increase: 0.0 MiB)
Memory usage after reset: 2242.875 MiB (Increase: 0.0 MiB)
Training episode 78
Memory usage at middle: 2242.875 MiB (Increase: 0.0 MiB)
Memory usage before collect: 2242.875 MiB (Increase: 0.0 MiB)
Memory usage after collect: 2242.875 MiB (Increase: 0.0 MiB)
Memory usage before initialization: 2242.875 MiB (Increase: 0.0 MiB)
Memory usage after initialization: 2242.875 MiB (Increase: 0.0 MiB)
Current lengths of episodes: [1600, 1599]
Memory usage at done (index 0, length 1600, since_prev 1600): 2242.875 MiB (Increase: 0.0 MiB)
Memory usage before reset: 2242.875 MiB (Increase: 0.0 MiB)
Memory usage after reset: 2242.875 MiB (Increase: 0.0 MiB)
Current lengths of episodes: [0, 1600]
Memory usage at done (index 1, length 1600, since_prev 0): 2242.875 MiB (Increase: 0.0 MiB)
Memory usage before reset: 2242.875 MiB (Increase: 0.0 MiB)
Memory usage after reset: 2242.875 MiB (Increase: 0.0 MiB)
Training episode 80
Memory usage at middle: 2242.875 MiB (Increase: 0.0 MiB)
Memory usage before collect: 2242.875 MiB (Increase: 0.0 MiB)
Memory usage after collect: 2242.875 MiB (Increase: 0.0 MiB)
Memory usage before initialization: 2242.875 MiB (Increase: 0.0 MiB)
Memory usage after initialization: 2242.875 MiB (Increase: 0.0 MiB)
Current lengths of episodes: [62, 61]
Memory usage at done (index 0, length 62, since_prev 62): 2242.875 MiB (Increase: 0.0 MiB)
Memory usage before reset: 2242.875 MiB (Increase: 0.0 MiB)
Memory usage after reset: 2242.875 MiB (Increase: 0.0 MiB)
Current lengths of episodes: [36, 98]
Memory usage at done (index 1, length 98, since_prev 36): 2242.875 MiB (Increase: 0.0 MiB)
Memory usage before reset: 2242.875 MiB (Increase: 0.0 MiB)
Memory usage after reset: 2242.875 MiB (Increase: 0.0 MiB)
Training episode 82
Memory usage at middle: 2242.875 MiB (Increase: 0.0 MiB)
Memory usage before collect: 2242.875 MiB (Increase: 0.0 MiB)
Memory usage after collect: 2242.875 MiB (Increase: 0.0 MiB)
Memory usage before initialization: 2242.875 MiB (Increase: 0.0 MiB)
Memory usage after initialization: 2242.875 MiB (Increase: 0.0 MiB)
Current lengths of episodes: [42, 41]
Memory usage at done (index 0, length 42, since_prev 42): 2242.875 MiB (Increase: 0.0 MiB)
Memory usage before reset: 2242.875 MiB (Increase: 0.0 MiB)
Memory usage after reset: 2242.875 MiB (Increase: 0.0 MiB)
Current lengths of episodes: [18, 60]
Memory usage at done (index 1, length 60, since_prev 18): 2242.875 MiB (Increase: 0.0 MiB)
Memory usage before reset: 2242.875 MiB (Increase: 0.0 MiB)
Memory usage after reset: 2242.875 MiB (Increase: 0.0 MiB)
Training episode 84
Memory usage at middle: 2242.875 MiB (Increase: 0.0 MiB)
Memory usage before collect: 2242.875 MiB (Increase: 0.0 MiB)
Memory usage after collect: 2242.875 MiB (Increase: 0.0 MiB)
Memory usage before initialization: 2242.875 MiB (Increase: 0.0 MiB)
Memory usage after initialization: 2242.875 MiB (Increase: 0.0 MiB)
Current lengths of episodes: [1600, 1599]
Memory usage at done (index 0, length 1600, since_prev 1600): 2242.875 MiB (Increase: 0.0 MiB)
Memory usage before reset: 2242.875 MiB (Increase: 0.0 MiB)
Memory usage after reset: 2242.875 MiB (Increase: 0.0 MiB)
Current lengths of episodes: [0, 1600]
Memory usage at done (index 1, length 1600, since_prev 0): 2242.875 MiB (Increase: 0.0 MiB)
Memory usage before reset: 2242.875 MiB (Increase: 0.0 MiB)
Memory usage after reset: 2242.875 MiB (Increase: 0.0 MiB)
Training episode 86
Memory usage at middle: 2242.875 MiB (Increase: 0.0 MiB)
Memory usage before collect: 2242.875 MiB (Increase: 0.0 MiB)
Memory usage after collect: 2242.875 MiB (Increase: 0.0 MiB)
Memory usage before initialization: 2242.875 MiB (Increase: 0.0 MiB)
Memory usage after initialization: 2242.875 MiB (Increase: 0.0 MiB)
Current lengths of episodes: [70, 69]
Memory usage at done (index 0, length 70, since_prev 70): 2242.875 MiB (Increase: 0.0 MiB)
Memory usage before reset: 2242.875 MiB (Increase: 0.0 MiB)
Memory usage after reset: 2242.875 MiB (Increase: 0.0 MiB)
Current lengths of episodes: [1530, 1600]
Memory usage at done (index 1, length 1600, since_prev 1530): 2242.875 MiB (Increase: 0.0 MiB)
Memory usage before reset: 2242.875 MiB (Increase: 0.0 MiB)
Memory usage after reset: 2242.875 MiB (Increase: 0.0 MiB)
Training episode 88
Memory usage at middle: 2242.875 MiB (Increase: 0.0 MiB)
Memory usage before collect: 2242.875 MiB (Increase: 0.0 MiB)
Memory usage after collect: 2242.875 MiB (Increase: 0.0 MiB)
Memory usage before initialization: 2242.875 MiB (Increase: 0.0 MiB)
Memory usage after initialization: 2242.875 MiB (Increase: 0.0 MiB)
Current lengths of episodes: [66, 65]
Memory usage at done (index 0, length 66, since_prev 66): 2242.875 MiB (Increase: 0.0 MiB)
Memory usage before reset: 2242.875 MiB (Increase: 0.0 MiB)
Memory usage after reset: 2242.875 MiB (Increase: 0.0 MiB)
Current lengths of episodes: [1534, 1600]
Memory usage at done (index 1, length 1600, since_prev 1534): 2242.875 MiB (Increase: 0.0 MiB)
Memory usage before reset: 2242.875 MiB (Increase: 0.0 MiB)
Memory usage after reset: 2242.875 MiB (Increase: 0.0 MiB)
Training episode 90
Memory usage at middle: 2242.875 MiB (Increase: 0.0 MiB)
Memory usage before collect: 2242.875 MiB (Increase: 0.0 MiB)
Memory usage after collect: 2242.875 MiB (Increase: 0.0 MiB)
Memory usage before initialization: 2242.875 MiB (Increase: 0.0 MiB)
Memory usage after initialization: 2242.875 MiB (Increase: 0.0 MiB)
Current lengths of episodes: [1067, 1067]
Memory usage at done (index 1, length 1067, since_prev 1067): 2242.875 MiB (Increase: 0.0 MiB)
Memory usage before reset: 2242.875 MiB (Increase: 0.0 MiB)
Memory usage after reset: 2242.875 MiB (Increase: 0.0 MiB)
Current lengths of episodes: [1600, 532]
Memory usage at done (index 0, length 1600, since_prev 533): 2242.875 MiB (Increase: 0.0 MiB)
Memory usage before reset: 2242.875 MiB (Increase: 0.0 MiB)
Memory usage after reset: 2242.875 MiB (Increase: 0.0 MiB)
Training episode 92
Memory usage at middle: 2242.875 MiB (Increase: 0.0 MiB)
Memory usage before collect: 2242.875 MiB (Increase: 0.0 MiB)
Memory usage after collect: 2242.875 MiB (Increase: 0.0 MiB)
Memory usage before initialization: 2242.875 MiB (Increase: 0.0 MiB)
Memory usage after initialization: 2242.875 MiB (Increase: 0.0 MiB)
Current lengths of episodes: [1600, 1599]
Memory usage at done (index 0, length 1600, since_prev 1600): 2242.875 MiB (Increase: 0.0 MiB)
Memory usage before reset: 2242.875 MiB (Increase: 0.0 MiB)
Memory usage after reset: 2242.875 MiB (Increase: 0.0 MiB)
Current lengths of episodes: [0, 1600]
Memory usage at done (index 1, length 1600, since_prev 0): 2242.875 MiB (Increase: 0.0 MiB)
Memory usage before reset: 2242.875 MiB (Increase: 0.0 MiB)
Memory usage after reset: 2242.875 MiB (Increase: 0.0 MiB)
Training episode 94
Memory usage at middle: 2242.875 MiB (Increase: 0.0 MiB)
Memory usage before collect: 2242.875 MiB (Increase: 0.0 MiB)
Memory usage after collect: 2242.875 MiB (Increase: 0.0 MiB)
Memory usage before initialization: 2242.875 MiB (Increase: 0.0 MiB)
Memory usage after initialization: 2242.875 MiB (Increase: 0.0 MiB)
Current lengths of episodes: [53, 53]
Memory usage at done (index 1, length 53, since_prev 53): 2242.875 MiB (Increase: 0.0 MiB)
Memory usage before reset: 2242.875 MiB (Increase: 0.0 MiB)
Memory usage after reset: 2242.875 MiB (Increase: 0.0 MiB)
Current lengths of episodes: [83, 29]
Memory usage at done (index 0, length 83, since_prev 30): 2242.875 MiB (Increase: 0.0 MiB)
Memory usage before reset: 2242.875 MiB (Increase: 0.0 MiB)
Memory usage after reset: 2242.875 MiB (Increase: 0.0 MiB)
Training episode 96
Memory usage at middle: 2242.875 MiB (Increase: 0.0 MiB)
Memory usage before collect: 2242.875 MiB (Increase: 0.0 MiB)
Memory usage after collect: 2242.875 MiB (Increase: 0.0 MiB)
Memory usage before initialization: 2242.875 MiB (Increase: 0.0 MiB)
Memory usage after initialization: 2242.875 MiB (Increase: 0.0 MiB)
Current lengths of episodes: [66, 65]
Memory usage at done (index 0, length 66, since_prev 66): 2242.875 MiB (Increase: 0.0 MiB)
Memory usage before reset: 2242.875 MiB (Increase: 0.0 MiB)
Memory usage after reset: 2242.875 MiB (Increase: 0.0 MiB)
Current lengths of episodes: [13, 79]
Memory usage at done (index 1, length 79, since_prev 13): 2242.875 MiB (Increase: 0.0 MiB)
Memory usage before reset: 2242.875 MiB (Increase: 0.0 MiB)
Memory usage after reset: 2242.875 MiB (Increase: 0.0 MiB)
Training episode 98
Memory usage at middle: 2242.875 MiB (Increase: 0.0 MiB)
Memory usage before collect: 2242.875 MiB (Increase: 0.0 MiB)
Memory usage after collect: 2242.875 MiB (Increase: 0.0 MiB)
Memory usage before initialization: 2242.875 MiB (Increase: 0.0 MiB)
Memory usage after initialization: 2242.875 MiB (Increase: 0.0 MiB)
Current lengths of episodes: [816, 815]
Memory usage at done (index 0, length 816, since_prev 816): 2242.875 MiB (Increase: 0.0 MiB)
Memory usage before reset: 2242.875 MiB (Increase: 0.0 MiB)
Memory usage after reset: 2242.875 MiB (Increase: 0.0 MiB)
Current lengths of episodes: [216, 1032]
Memory usage at done (index 1, length 1032, since_prev 216): 2242.875 MiB (Increase: 0.0 MiB)
Memory usage before reset: 2242.875 MiB (Increase: 0.0 MiB)
Memory usage after reset: 2242.875 MiB (Increase: 0.0 MiB)
Training episode 100
Memory usage at middle: 2242.875 MiB (Increase: 0.0 MiB)
Memory usage before collect: 2242.875 MiB (Increase: 0.0 MiB)
Memory usage after collect: 2242.875 MiB (Increase: 0.0 MiB)
Episode 100	Average evaluation: -97.93177161600651
Memory usage before initialization: 2242.875 MiB (Increase: 0.0 MiB)
Memory usage after initialization: 2242.875 MiB (Increase: 0.0 MiB)
Current lengths of episodes: [64, 63]
Memory usage at done (index 0, length 64, since_prev 64): 2242.875 MiB (Increase: 0.0 MiB)
Memory usage before reset: 2242.875 MiB (Increase: 0.0 MiB)
Memory usage after reset: 2242.875 MiB (Increase: 0.0 MiB)
Current lengths of episodes: [1536, 1600]
Memory usage at done (index 1, length 1600, since_prev 1536): 2242.875 MiB (Increase: 0.0 MiB)
Memory usage before reset: 2242.875 MiB (Increase: 0.0 MiB)
Memory usage after reset: 2242.875 MiB (Increase: 0.0 MiB)
Training episode 102
Memory usage at middle: 2242.875 MiB (Increase: 0.0 MiB)
Memory usage before collect: 2242.875 MiB (Increase: 0.0 MiB)
Memory usage after collect: 2242.875 MiB (Increase: 0.0 MiB)
Memory usage before initialization: 2242.875 MiB (Increase: 0.0 MiB)
Memory usage after initialization: 2242.875 MiB (Increase: 0.0 MiB)
Current lengths of episodes: [73, 72]
Memory usage at done (index 0, length 73, since_prev 73): 2242.875 MiB (Increase: 0.0 MiB)
Memory usage before reset: 2242.875 MiB (Increase: 0.0 MiB)
Memory usage after reset: 2242.875 MiB (Increase: 0.0 MiB)
Current lengths of episodes: [59, 131]
Memory usage at done (index 0, length 59, since_prev 59): 2242.875 MiB (Increase: 0.0 MiB)
Memory usage before reset: 2242.875 MiB (Increase: 0.0 MiB)
Memory usage after reset: 2242.875 MiB (Increase: 0.0 MiB)
Training episode 104
Memory usage at middle: 2242.875 MiB (Increase: 0.0 MiB)
Memory usage before collect: 2242.875 MiB (Increase: 0.0 MiB)
Memory usage after collect: 2242.875 MiB (Increase: 0.0 MiB)
Memory usage before initialization: 2242.875 MiB (Increase: 0.0 MiB)
Memory usage after initialization: 2242.875 MiB (Increase: 0.0 MiB)
Current lengths of episodes: [66, 65]
Memory usage at done (index 0, length 66, since_prev 66): 2242.875 MiB (Increase: 0.0 MiB)
Memory usage before reset: 2242.875 MiB (Increase: 0.0 MiB)
Memory usage after reset: 2242.875 MiB (Increase: 0.0 MiB)
Current lengths of episodes: [69, 134]
Memory usage at done (index 0, length 69, since_prev 69): 2242.875 MiB (Increase: 0.0 MiB)
Memory usage before reset: 2242.875 MiB (Increase: 0.0 MiB)
Memory usage after reset: 2242.875 MiB (Increase: 0.0 MiB)
Training episode 106
Memory usage at middle: 2242.875 MiB (Increase: 0.0 MiB)
Memory usage before collect: 2242.875 MiB (Increase: 0.0 MiB)
Memory usage after collect: 2242.875 MiB (Increase: 0.0 MiB)
Memory usage before initialization: 2242.875 MiB (Increase: 0.0 MiB)
Memory usage after initialization: 2242.875 MiB (Increase: 0.0 MiB)
Current lengths of episodes: [81, 81]
Memory usage at done (index 1, length 81, since_prev 81): 2242.875 MiB (Increase: 0.0 MiB)
Memory usage before reset: 2242.875 MiB (Increase: 0.0 MiB)
Memory usage after reset: 2242.875 MiB (Increase: 0.0 MiB)
Current lengths of episodes: [245, 163]
Memory usage at done (index 0, length 245, since_prev 164): 2242.875 MiB (Increase: 0.0 MiB)
Memory usage before reset: 2242.875 MiB (Increase: 0.0 MiB)
Memory usage after reset: 2242.875 MiB (Increase: 0.0 MiB)
Training episode 108
Memory usage at middle: 2242.875 MiB (Increase: 0.0 MiB)
Memory usage before collect: 2242.875 MiB (Increase: 0.0 MiB)
Memory usage after collect: 2242.875 MiB (Increase: 0.0 MiB)
Memory usage before initialization: 2242.875 MiB (Increase: 0.0 MiB)
Memory usage after initialization: 2242.875 MiB (Increase: 0.0 MiB)
Current lengths of episodes: [48, 48]
Memory usage at done (index 1, length 48, since_prev 48): 2242.875 MiB (Increase: 0.0 MiB)
Memory usage before reset: 2242.875 MiB (Increase: 0.0 MiB)
Memory usage after reset: 2242.875 MiB (Increase: 0.0 MiB)
Current lengths of episodes: [1600, 1551]
Memory usage at done (index 0, length 1600, since_prev 1552): 2242.875 MiB (Increase: 0.0 MiB)
Memory usage before reset: 2242.875 MiB (Increase: 0.0 MiB)
Memory usage after reset: 2242.875 MiB (Increase: 0.0 MiB)
Training episode 110
Memory usage at middle: 2242.875 MiB (Increase: 0.0 MiB)
Memory usage before collect: 2242.875 MiB (Increase: 0.0 MiB)
Memory usage after collect: 2242.875 MiB (Increase: 0.0 MiB)
Memory usage before initialization: 2242.875 MiB (Increase: 0.0 MiB)
Memory usage after initialization: 2242.875 MiB (Increase: 0.0 MiB)
Current lengths of episodes: [56, 56]
Memory usage at done (index 1, length 56, since_prev 56): 2242.875 MiB (Increase: 0.0 MiB)
Memory usage before reset: 2242.875 MiB (Increase: 0.0 MiB)
Memory usage after reset: 2242.875 MiB (Increase: 0.0 MiB)
Current lengths of episodes: [110, 53]
Memory usage at done (index 0, length 110, since_prev 54): 2242.875 MiB (Increase: 0.0 MiB)
Memory usage before reset: 2242.875 MiB (Increase: 0.0 MiB)
Memory usage after reset: 2242.875 MiB (Increase: 0.0 MiB)
Training episode 112
Memory usage at middle: 2242.875 MiB (Increase: 0.0 MiB)
Memory usage before collect: 2242.875 MiB (Increase: 0.0 MiB)
Memory usage after collect: 2242.875 MiB (Increase: 0.0 MiB)
Memory usage before initialization: 2242.875 MiB (Increase: 0.0 MiB)
Memory usage after initialization: 2242.875 MiB (Increase: 0.0 MiB)
Current lengths of episodes: [1600, 1599]
Memory usage at done (index 0, length 1600, since_prev 1600): 2242.875 MiB (Increase: 0.0 MiB)
Memory usage before reset: 2242.875 MiB (Increase: 0.0 MiB)
Memory usage after reset: 2242.875 MiB (Increase: 0.0 MiB)
Current lengths of episodes: [0, 1600]
Memory usage at done (index 1, length 1600, since_prev 0): 2242.875 MiB (Increase: 0.0 MiB)
Memory usage before reset: 2242.875 MiB (Increase: 0.0 MiB)
Memory usage after reset: 2242.875 MiB (Increase: 0.0 MiB)
Training episode 114
Memory usage at middle: 2242.875 MiB (Increase: 0.0 MiB)
Memory usage before collect: 2242.875 MiB (Increase: 0.0 MiB)
Memory usage after collect: 2242.875 MiB (Increase: 0.0 MiB)
Memory usage before initialization: 2242.875 MiB (Increase: 0.0 MiB)
Memory usage after initialization: 2242.875 MiB (Increase: 0.0 MiB)
Current lengths of episodes: [53, 53]
Memory usage at done (index 1, length 53, since_prev 53): 2242.875 MiB (Increase: 0.0 MiB)
Memory usage before reset: 2242.875 MiB (Increase: 0.0 MiB)
Memory usage after reset: 2242.875 MiB (Increase: 0.0 MiB)
Current lengths of episodes: [103, 50]
Memory usage at done (index 1, length 50, since_prev 50): 2242.875 MiB (Increase: 0.0 MiB)
Memory usage before reset: 2242.875 MiB (Increase: 0.0 MiB)
Memory usage after reset: 2242.875 MiB (Increase: 0.0 MiB)
Training episode 116
Memory usage at middle: 2242.875 MiB (Increase: 0.0 MiB)
Memory usage before collect: 2242.875 MiB (Increase: 0.0 MiB)
Memory usage after collect: 2242.875 MiB (Increase: 0.0 MiB)
Memory usage before initialization: 2242.875 MiB (Increase: 0.0 MiB)
Memory usage after initialization: 2242.875 MiB (Increase: 0.0 MiB)
Current lengths of episodes: [66, 65]
Memory usage at done (index 0, length 66, since_prev 66): 2242.875 MiB (Increase: 0.0 MiB)
Memory usage before reset: 2242.875 MiB (Increase: 0.0 MiB)
Memory usage after reset: 2242.875 MiB (Increase: 0.0 MiB)
Current lengths of episodes: [49, 114]
Memory usage at done (index 0, length 49, since_prev 49): 2242.875 MiB (Increase: 0.0 MiB)
Memory usage before reset: 2242.875 MiB (Increase: 0.0 MiB)
Memory usage after reset: 2242.875 MiB (Increase: 0.0 MiB)
Training episode 118
Memory usage at middle: 2242.875 MiB (Increase: 0.0 MiB)
Memory usage before collect: 2242.875 MiB (Increase: 0.0 MiB)
Memory usage after collect: 2242.875 MiB (Increase: 0.0 MiB)
Memory usage before initialization: 2242.875 MiB (Increase: 0.0 MiB)
Memory usage after initialization: 2242.875 MiB (Increase: 0.0 MiB)
Current lengths of episodes: [1600, 1599]
Memory usage at done (index 0, length 1600, since_prev 1600): 2242.875 MiB (Increase: 0.0 MiB)
Memory usage before reset: 2242.875 MiB (Increase: 0.0 MiB)
Memory usage after reset: 2242.875 MiB (Increase: 0.0 MiB)
Current lengths of episodes: [0, 1600]
Memory usage at done (index 1, length 1600, since_prev 0): 2242.875 MiB (Increase: 0.0 MiB)
Memory usage before reset: 2242.875 MiB (Increase: 0.0 MiB)
Memory usage after reset: 2242.875 MiB (Increase: 0.0 MiB)
Training episode 120
Memory usage at middle: 2242.875 MiB (Increase: 0.0 MiB)
Memory usage before collect: 2242.875 MiB (Increase: 0.0 MiB)
Memory usage after collect: 2242.875 MiB (Increase: 0.0 MiB)
Memory usage before initialization: 2242.875 MiB (Increase: 0.0 MiB)
Memory usage after initialization: 2242.875 MiB (Increase: 0.0 MiB)
Current lengths of episodes: [52, 52]
Memory usage at done (index 1, length 52, since_prev 52): 2242.875 MiB (Increase: 0.0 MiB)
Memory usage before reset: 2242.875 MiB (Increase: 0.0 MiB)
Memory usage after reset: 2242.875 MiB (Increase: 0.0 MiB)
Current lengths of episodes: [137, 84]
Memory usage at done (index 0, length 137, since_prev 85): 2242.875 MiB (Increase: 0.0 MiB)
Memory usage before reset: 2242.875 MiB (Increase: 0.0 MiB)
Memory usage after reset: 2242.875 MiB (Increase: 0.0 MiB)
Training episode 122
Memory usage at middle: 2242.875 MiB (Increase: 0.0 MiB)
Memory usage before collect: 2242.875 MiB (Increase: 0.0 MiB)
Memory usage after collect: 2242.875 MiB (Increase: 0.0 MiB)
Memory usage before initialization: 2242.875 MiB (Increase: 0.0 MiB)
Memory usage after initialization: 2242.875 MiB (Increase: 0.0 MiB)
Current lengths of episodes: [332, 332]
Memory usage at done (index 1, length 332, since_prev 332): 2242.875 MiB (Increase: 0.0 MiB)
Memory usage before reset: 2242.875 MiB (Increase: 0.0 MiB)
Memory usage after reset: 2242.875 MiB (Increase: 0.0 MiB)
Current lengths of episodes: [1600, 1267]
Memory usage at done (index 0, length 1600, since_prev 1268): 2242.875 MiB (Increase: 0.0 MiB)
Memory usage before reset: 2242.875 MiB (Increase: 0.0 MiB)
Memory usage after reset: 2242.875 MiB (Increase: 0.0 MiB)
Training episode 124
Memory usage at middle: 2242.875 MiB (Increase: 0.0 MiB)
Memory usage before collect: 2242.875 MiB (Increase: 0.0 MiB)
Memory usage after collect: 2242.875 MiB (Increase: 0.0 MiB)
Memory usage before initialization: 2242.875 MiB (Increase: 0.0 MiB)
Memory usage after initialization: 2242.875 MiB (Increase: 0.0 MiB)
Current lengths of episodes: [77, 76]
Memory usage at done (index 0, length 77, since_prev 77): 2242.875 MiB (Increase: 0.0 MiB)
Memory usage before reset: 2242.875 MiB (Increase: 0.0 MiB)
Memory usage after reset: 2242.875 MiB (Increase: 0.0 MiB)
Current lengths of episodes: [10, 87]
Memory usage at done (index 1, length 87, since_prev 10): 2242.875 MiB (Increase: 0.0 MiB)
Memory usage before reset: 2242.875 MiB (Increase: 0.0 MiB)
Memory usage after reset: 2242.875 MiB (Increase: 0.0 MiB)
Training episode 126
Memory usage at middle: 2242.875 MiB (Increase: 0.0 MiB)
Memory usage before collect: 2242.875 MiB (Increase: 0.0 MiB)
Memory usage after collect: 2242.875 MiB (Increase: 0.0 MiB)
Memory usage before initialization: 2242.875 MiB (Increase: 0.0 MiB)
Memory usage after initialization: 2242.875 MiB (Increase: 0.0 MiB)
Current lengths of episodes: [61, 60]
Memory usage at done (index 0, length 61, since_prev 61): 2242.875 MiB (Increase: 0.0 MiB)
Memory usage before reset: 2242.875 MiB (Increase: 0.0 MiB)
Memory usage after reset: 2242.875 MiB (Increase: 0.0 MiB)
Current lengths of episodes: [1539, 1600]
Memory usage at done (index 1, length 1600, since_prev 1539): 2242.875 MiB (Increase: 0.0 MiB)
Memory usage before reset: 2242.875 MiB (Increase: 0.0 MiB)
Memory usage after reset: 2242.875 MiB (Increase: 0.0 MiB)
Training episode 128
Memory usage at middle: 2242.875 MiB (Increase: 0.0 MiB)
Memory usage before collect: 2242.875 MiB (Increase: 0.0 MiB)
Memory usage after collect: 2242.875 MiB (Increase: 0.0 MiB)
Memory usage before initialization: 2242.875 MiB (Increase: 0.0 MiB)
Memory usage after initialization: 2242.875 MiB (Increase: 0.0 MiB)
Current lengths of episodes: [64, 63]
Memory usage at done (index 0, length 64, since_prev 64): 2242.875 MiB (Increase: 0.0 MiB)
Memory usage before reset: 2242.875 MiB (Increase: 0.0 MiB)
Memory usage after reset: 2242.875 MiB (Increase: 0.0 MiB)
Current lengths of episodes: [2, 66]
Memory usage at done (index 1, length 66, since_prev 2): 2242.875 MiB (Increase: 0.0 MiB)
Memory usage before reset: 2242.875 MiB (Increase: 0.0 MiB)
Memory usage after reset: 2242.875 MiB (Increase: 0.0 MiB)
Training episode 130
Memory usage at middle: 2242.875 MiB (Increase: 0.0 MiB)
Memory usage before collect: 2242.875 MiB (Increase: 0.0 MiB)
Memory usage after collect: 2242.875 MiB (Increase: 0.0 MiB)
Memory usage before initialization: 2242.875 MiB (Increase: 0.0 MiB)
Memory usage after initialization: 2242.875 MiB (Increase: 0.0 MiB)
Current lengths of episodes: [1600, 1599]
Memory usage at done (index 0, length 1600, since_prev 1600): 2242.875 MiB (Increase: 0.0 MiB)
Memory usage before reset: 2242.875 MiB (Increase: 0.0 MiB)
Memory usage after reset: 2242.875 MiB (Increase: 0.0 MiB)
Current lengths of episodes: [0, 1600]
Memory usage at done (index 1, length 1600, since_prev 0): 2242.875 MiB (Increase: 0.0 MiB)
Memory usage before reset: 2242.875 MiB (Increase: 0.0 MiB)
Memory usage after reset: 2242.875 MiB (Increase: 0.0 MiB)
Training episode 132
Memory usage at middle: 2242.875 MiB (Increase: 0.0 MiB)
Memory usage before collect: 2242.875 MiB (Increase: 0.0 MiB)
Memory usage after collect: 2242.875 MiB (Increase: 0.0 MiB)
Memory usage before initialization: 2242.875 MiB (Increase: 0.0 MiB)
Memory usage after initialization: 2242.875 MiB (Increase: 0.0 MiB)
Current lengths of episodes: [81, 81]
Memory usage at done (index 1, length 81, since_prev 81): 2242.875 MiB (Increase: 0.0 MiB)
Memory usage before reset: 2242.875 MiB (Increase: 0.0 MiB)
Memory usage after reset: 2242.875 MiB (Increase: 0.0 MiB)
Current lengths of episodes: [150, 69]
Memory usage at done (index 1, length 69, since_prev 69): 2242.875 MiB (Increase: 0.0 MiB)
Memory usage before reset: 2242.875 MiB (Increase: 0.0 MiB)
Memory usage after reset: 2242.875 MiB (Increase: 0.0 MiB)
Training episode 134
Memory usage at middle: 2242.875 MiB (Increase: 0.0 MiB)
Memory usage before collect: 2242.875 MiB (Increase: 0.0 MiB)
Memory usage after collect: 2242.875 MiB (Increase: 0.0 MiB)
Memory usage before initialization: 2242.875 MiB (Increase: 0.0 MiB)
Memory usage after initialization: 2242.875 MiB (Increase: 0.0 MiB)
Current lengths of episodes: [55, 54]
Memory usage at done (index 0, length 55, since_prev 55): 2242.875 MiB (Increase: 0.0 MiB)
Memory usage before reset: 2242.875 MiB (Increase: 0.0 MiB)
Memory usage after reset: 2242.875 MiB (Increase: 0.0 MiB)
Current lengths of episodes: [34, 89]
Memory usage at done (index 1, length 89, since_prev 34): 2242.875 MiB (Increase: 0.0 MiB)
Memory usage before reset: 2242.875 MiB (Increase: 0.0 MiB)
Memory usage after reset: 2242.875 MiB (Increase: 0.0 MiB)
Training episode 136
Memory usage at middle: 2242.875 MiB (Increase: 0.0 MiB)
Memory usage before collect: 2242.875 MiB (Increase: 0.0 MiB)
Memory usage after collect: 2242.875 MiB (Increase: 0.0 MiB)
Memory usage before initialization: 2242.875 MiB (Increase: 0.0 MiB)
Memory usage after initialization: 2242.875 MiB (Increase: 0.0 MiB)
Current lengths of episodes: [67, 66]
Memory usage at done (index 0, length 67, since_prev 67): 2242.875 MiB (Increase: 0.0 MiB)
Memory usage before reset: 2242.875 MiB (Increase: 0.0 MiB)
Memory usage after reset: 2242.875 MiB (Increase: 0.0 MiB)
Current lengths of episodes: [1533, 1600]
Memory usage at done (index 1, length 1600, since_prev 1533): 2242.875 MiB (Increase: 0.0 MiB)
Memory usage before reset: 2242.875 MiB (Increase: 0.0 MiB)
Memory usage after reset: 2242.875 MiB (Increase: 0.0 MiB)
Training episode 138
Memory usage at middle: 2242.875 MiB (Increase: 0.0 MiB)
Memory usage before collect: 2242.875 MiB (Increase: 0.0 MiB)
Memory usage after collect: 2242.875 MiB (Increase: 0.0 MiB)
Memory usage before initialization: 2242.875 MiB (Increase: 0.0 MiB)
Memory usage after initialization: 2242.875 MiB (Increase: 0.0 MiB)
Current lengths of episodes: [102, 102]
Memory usage at done (index 1, length 102, since_prev 102): 2242.875 MiB (Increase: 0.0 MiB)
Memory usage before reset: 2242.875 MiB (Increase: 0.0 MiB)
Memory usage after reset: 2242.875 MiB (Increase: 0.0 MiB)
Current lengths of episodes: [255, 153]
Memory usage at done (index 1, length 153, since_prev 153): 2242.875 MiB (Increase: 0.0 MiB)
Memory usage before reset: 2242.875 MiB (Increase: 0.0 MiB)
Memory usage after reset: 2242.875 MiB (Increase: 0.0 MiB)
Training episode 140
Memory usage at middle: 2242.875 MiB (Increase: 0.0 MiB)
Memory usage before collect: 2242.875 MiB (Increase: 0.0 MiB)
Memory usage after collect: 2242.875 MiB (Increase: 0.0 MiB)
Memory usage before initialization: 2242.875 MiB (Increase: 0.0 MiB)
Memory usage after initialization: 2242.875 MiB (Increase: 0.0 MiB)
Current lengths of episodes: [83, 83]
Memory usage at done (index 1, length 83, since_prev 83): 2242.875 MiB (Increase: 0.0 MiB)
Memory usage before reset: 2242.875 MiB (Increase: 0.0 MiB)
Memory usage after reset: 2242.875 MiB (Increase: 0.0 MiB)
Current lengths of episodes: [91, 7]
Memory usage at done (index 0, length 91, since_prev 8): 2242.875 MiB (Increase: 0.0 MiB)
Memory usage before reset: 2242.875 MiB (Increase: 0.0 MiB)
Memory usage after reset: 2242.875 MiB (Increase: 0.0 MiB)
Training episode 142
Memory usage at middle: 2242.875 MiB (Increase: 0.0 MiB)
Memory usage before collect: 2242.875 MiB (Increase: 0.0 MiB)
Memory usage after collect: 2242.875 MiB (Increase: 0.0 MiB)
Memory usage before initialization: 2242.875 MiB (Increase: 0.0 MiB)
Memory usage after initialization: 2242.875 MiB (Increase: 0.0 MiB)
Current lengths of episodes: [102, 101]
Memory usage at done (index 0, length 102, since_prev 102): 2242.875 MiB (Increase: 0.0 MiB)
Memory usage before reset: 2242.875 MiB (Increase: 0.0 MiB)
Memory usage after reset: 2242.875 MiB (Increase: 0.0 MiB)
Current lengths of episodes: [1498, 1600]
Memory usage at done (index 1, length 1600, since_prev 1498): 2242.875 MiB (Increase: 0.0 MiB)
Memory usage before reset: 2242.875 MiB (Increase: 0.0 MiB)
Memory usage after reset: 2242.875 MiB (Increase: 0.0 MiB)
Training episode 144
Memory usage at middle: 2242.875 MiB (Increase: 0.0 MiB)
Memory usage before collect: 2242.875 MiB (Increase: 0.0 MiB)
Memory usage after collect: 2242.875 MiB (Increase: 0.0 MiB)
Memory usage before initialization: 2242.875 MiB (Increase: 0.0 MiB)
Memory usage after initialization: 2242.875 MiB (Increase: 0.0 MiB)
Current lengths of episodes: [78, 77]
Memory usage at done (index 0, length 78, since_prev 78): 2242.875 MiB (Increase: 0.0 MiB)
Memory usage before reset: 2242.875 MiB (Increase: 0.0 MiB)
Memory usage after reset: 2242.875 MiB (Increase: 0.0 MiB)
Current lengths of episodes: [64, 141]
Memory usage at done (index 0, length 64, since_prev 64): 2242.875 MiB (Increase: 0.0 MiB)
Memory usage before reset: 2242.875 MiB (Increase: 0.0 MiB)
Memory usage after reset: 2242.875 MiB (Increase: 0.0 MiB)
Training episode 146
Memory usage at middle: 2242.875 MiB (Increase: 0.0 MiB)
Memory usage before collect: 2242.875 MiB (Increase: 0.0 MiB)
Memory usage after collect: 2242.875 MiB (Increase: 0.0 MiB)
Memory usage before initialization: 2242.875 MiB (Increase: 0.0 MiB)
Memory usage after initialization: 2242.875 MiB (Increase: 0.0 MiB)
Current lengths of episodes: [61, 60]
Memory usage at done (index 0, length 61, since_prev 61): 2242.875 MiB (Increase: 0.0 MiB)
Memory usage before reset: 2242.875 MiB (Increase: 0.0 MiB)
Memory usage after reset: 2242.875 MiB (Increase: 0.0 MiB)
Current lengths of episodes: [92, 152]
Memory usage at done (index 0, length 92, since_prev 92): 2242.875 MiB (Increase: 0.0 MiB)
Memory usage before reset: 2242.875 MiB (Increase: 0.0 MiB)
Memory usage after reset: 2242.875 MiB (Increase: 0.0 MiB)
Training episode 148
Memory usage at middle: 2242.875 MiB (Increase: 0.0 MiB)
Memory usage before collect: 2242.875 MiB (Increase: 0.0 MiB)
Memory usage after collect: 2242.875 MiB (Increase: 0.0 MiB)
Memory usage before initialization: 2242.875 MiB (Increase: 0.0 MiB)
Memory usage after initialization: 2242.875 MiB (Increase: 0.0 MiB)
Current lengths of episodes: [84, 84]
Memory usage at done (index 1, length 84, since_prev 84): 2242.875 MiB (Increase: 0.0 MiB)
Memory usage before reset: 2242.875 MiB (Increase: 0.0 MiB)
Memory usage after reset: 2242.875 MiB (Increase: 0.0 MiB)
Current lengths of episodes: [147, 63]
Memory usage at done (index 1, length 63, since_prev 63): 2242.875 MiB (Increase: 0.0 MiB)
Memory usage before reset: 2242.875 MiB (Increase: 0.0 MiB)
Memory usage after reset: 2242.875 MiB (Increase: 0.0 MiB)
Training episode 150
Memory usage at middle: 2242.875 MiB (Increase: 0.0 MiB)
Memory usage before collect: 2242.875 MiB (Increase: 0.0 MiB)
Memory usage after collect: 2242.875 MiB (Increase: 0.0 MiB)
Episode 150	Average evaluation: -97.85348975531844
Memory usage before initialization: 2242.875 MiB (Increase: 0.0 MiB)
Memory usage after initialization: 2242.875 MiB (Increase: 0.0 MiB)
Current lengths of episodes: [55, 54]
Memory usage at done (index 0, length 55, since_prev 55): 2242.875 MiB (Increase: 0.0 MiB)
Memory usage before reset: 2242.875 MiB (Increase: 0.0 MiB)
Memory usage after reset: 2242.875 MiB (Increase: 0.0 MiB)
Current lengths of episodes: [1545, 1600]
Memory usage at done (index 1, length 1600, since_prev 1545): 2242.875 MiB (Increase: 0.0 MiB)
Memory usage before reset: 2242.875 MiB (Increase: 0.0 MiB)
Memory usage after reset: 2242.875 MiB (Increase: 0.0 MiB)
Training episode 152
Memory usage at middle: 2242.875 MiB (Increase: 0.0 MiB)
Memory usage before collect: 2242.875 MiB (Increase: 0.0 MiB)
Memory usage after collect: 2242.875 MiB (Increase: 0.0 MiB)
Memory usage before initialization: 2242.875 MiB (Increase: 0.0 MiB)
Memory usage after initialization: 2242.875 MiB (Increase: 0.0 MiB)
Current lengths of episodes: [1600, 1599]
Memory usage at done (index 0, length 1600, since_prev 1600): 2242.875 MiB (Increase: 0.0 MiB)
Memory usage before reset: 2242.875 MiB (Increase: 0.0 MiB)
Memory usage after reset: 2242.875 MiB (Increase: 0.0 MiB)
Current lengths of episodes: [0, 1600]
Memory usage at done (index 1, length 1600, since_prev 0): 2242.875 MiB (Increase: 0.0 MiB)
Memory usage before reset: 2242.875 MiB (Increase: 0.0 MiB)
Memory usage after reset: 2242.875 MiB (Increase: 0.0 MiB)
Training episode 154
Memory usage at middle: 2242.875 MiB (Increase: 0.0 MiB)
Memory usage before collect: 2242.875 MiB (Increase: 0.0 MiB)
Memory usage after collect: 2242.875 MiB (Increase: 0.0 MiB)
Memory usage before initialization: 2242.875 MiB (Increase: 0.0 MiB)
Memory usage after initialization: 2242.875 MiB (Increase: 0.0 MiB)
Current lengths of episodes: [132, 132]
Memory usage at done (index 1, length 132, since_prev 132): 2242.875 MiB (Increase: 0.0 MiB)
Memory usage before reset: 2242.875 MiB (Increase: 0.0 MiB)
Memory usage after reset: 2242.875 MiB (Increase: 0.0 MiB)
Current lengths of episodes: [1342, 1210]
Memory usage at done (index 1, length 1210, since_prev 1210): 2242.875 MiB (Increase: 0.0 MiB)
Memory usage before reset: 2242.875 MiB (Increase: 0.0 MiB)
Memory usage after reset: 2242.875 MiB (Increase: 0.0 MiB)
Training episode 156
Memory usage at middle: 2242.875 MiB (Increase: 0.0 MiB)
Memory usage before collect: 2242.875 MiB (Increase: 0.0 MiB)
Memory usage after collect: 2242.875 MiB (Increase: 0.0 MiB)
Memory usage before initialization: 2242.875 MiB (Increase: 0.0 MiB)
Memory usage after initialization: 2242.875 MiB (Increase: 0.0 MiB)
Current lengths of episodes: [89, 88]
Memory usage at done (index 0, length 89, since_prev 89): 2242.875 MiB (Increase: 0.0 MiB)
Memory usage before reset: 2242.875 MiB (Increase: 0.0 MiB)
Memory usage after reset: 2242.875 MiB (Increase: 0.0 MiB)
Current lengths of episodes: [0, 89]
Memory usage at done (index 1, length 89, since_prev 0): 2242.875 MiB (Increase: 0.0 MiB)
Memory usage before reset: 2242.875 MiB (Increase: 0.0 MiB)
Memory usage after reset: 2242.875 MiB (Increase: 0.0 MiB)
Training episode 158
Memory usage at middle: 2242.875 MiB (Increase: 0.0 MiB)
Memory usage before collect: 2242.875 MiB (Increase: 0.0 MiB)
Memory usage after collect: 2242.875 MiB (Increase: 0.0 MiB)
Memory usage before initialization: 2242.875 MiB (Increase: 0.0 MiB)
Memory usage after initialization: 2242.875 MiB (Increase: 0.0 MiB)
Current lengths of episodes: [1209, 1208]
Memory usage at done (index 0, length 1209, since_prev 1209): 2242.875 MiB (Increase: 0.0 MiB)
Memory usage before reset: 2242.875 MiB (Increase: 0.0 MiB)
Memory usage after reset: 2242.875 MiB (Increase: 0.0 MiB)
Current lengths of episodes: [391, 1600]
Memory usage at done (index 1, length 1600, since_prev 391): 2242.875 MiB (Increase: 0.0 MiB)
Memory usage before reset: 2242.875 MiB (Increase: 0.0 MiB)
Memory usage after reset: 2242.875 MiB (Increase: 0.0 MiB)
Training episode 160
Memory usage at middle: 2242.875 MiB (Increase: 0.0 MiB)
Memory usage before collect: 2242.875 MiB (Increase: 0.0 MiB)
Memory usage after collect: 2242.875 MiB (Increase: 0.0 MiB)
Memory usage before initialization: 2242.875 MiB (Increase: 0.0 MiB)
Memory usage after initialization: 2242.875 MiB (Increase: 0.0 MiB)
Current lengths of episodes: [1600, 1599]
Memory usage at done (index 0, length 1600, since_prev 1600): 2242.875 MiB (Increase: 0.0 MiB)
Memory usage before reset: 2242.875 MiB (Increase: 0.0 MiB)
Memory usage after reset: 2242.875 MiB (Increase: 0.0 MiB)
Current lengths of episodes: [0, 1600]
Memory usage at done (index 1, length 1600, since_prev 0): 2242.875 MiB (Increase: 0.0 MiB)
Memory usage before reset: 2242.875 MiB (Increase: 0.0 MiB)
Memory usage after reset: 2242.875 MiB (Increase: 0.0 MiB)
Training episode 162
Memory usage at middle: 2242.875 MiB (Increase: 0.0 MiB)
Memory usage before collect: 2242.875 MiB (Increase: 0.0 MiB)
Memory usage after collect: 2242.875 MiB (Increase: 0.0 MiB)
Memory usage before initialization: 2242.875 MiB (Increase: 0.0 MiB)
Memory usage after initialization: 2242.875 MiB (Increase: 0.0 MiB)
Current lengths of episodes: [1600, 1599]
Memory usage at done (index 0, length 1600, since_prev 1600): 2242.875 MiB (Increase: 0.0 MiB)
Memory usage before reset: 2242.875 MiB (Increase: 0.0 MiB)
Memory usage after reset: 2242.875 MiB (Increase: 0.0 MiB)
Current lengths of episodes: [0, 1600]
Memory usage at done (index 1, length 1600, since_prev 0): 2242.875 MiB (Increase: 0.0 MiB)
Memory usage before reset: 2242.875 MiB (Increase: 0.0 MiB)
Memory usage after reset: 2242.875 MiB (Increase: 0.0 MiB)
Training episode 164
Memory usage at middle: 2242.875 MiB (Increase: 0.0 MiB)
Memory usage before collect: 2242.875 MiB (Increase: 0.0 MiB)
Memory usage after collect: 2242.875 MiB (Increase: 0.0 MiB)
Memory usage before initialization: 2242.875 MiB (Increase: 0.0 MiB)
Memory usage after initialization: 2242.875 MiB (Increase: 0.0 MiB)
Current lengths of episodes: [60, 59]
Memory usage at done (index 0, length 60, since_prev 60): 2242.875 MiB (Increase: 0.0 MiB)
Memory usage before reset: 2242.875 MiB (Increase: 0.0 MiB)
Memory usage after reset: 2242.875 MiB (Increase: 0.0 MiB)
Current lengths of episodes: [1540, 1600]
Memory usage at done (index 1, length 1600, since_prev 1540): 2242.875 MiB (Increase: 0.0 MiB)
Memory usage before reset: 2242.875 MiB (Increase: 0.0 MiB)
Memory usage after reset: 2242.875 MiB (Increase: 0.0 MiB)
Training episode 166
Memory usage at middle: 2242.875 MiB (Increase: 0.0 MiB)
Memory usage before collect: 2242.875 MiB (Increase: 0.0 MiB)
Memory usage after collect: 2242.875 MiB (Increase: 0.0 MiB)
Memory usage before initialization: 2242.875 MiB (Increase: 0.0 MiB)
Memory usage after initialization: 2242.875 MiB (Increase: 0.0 MiB)
Current lengths of episodes: [67, 66]
Memory usage at done (index 0, length 67, since_prev 67): 2242.875 MiB (Increase: 0.0 MiB)
Memory usage before reset: 2242.875 MiB (Increase: 0.0 MiB)
Memory usage after reset: 2242.875 MiB (Increase: 0.0 MiB)
Current lengths of episodes: [1533, 1600]
Memory usage at done (index 1, length 1600, since_prev 1533): 2242.875 MiB (Increase: 0.0 MiB)
Memory usage before reset: 2242.875 MiB (Increase: 0.0 MiB)
Memory usage after reset: 2242.875 MiB (Increase: 0.0 MiB)
Training episode 168
Memory usage at middle: 2242.875 MiB (Increase: 0.0 MiB)
Memory usage before collect: 2242.875 MiB (Increase: 0.0 MiB)
Memory usage after collect: 2242.875 MiB (Increase: 0.0 MiB)
Memory usage before initialization: 2242.875 MiB (Increase: 0.0 MiB)
Memory usage after initialization: 2242.875 MiB (Increase: 0.0 MiB)
Current lengths of episodes: [75, 74]
Memory usage at done (index 0, length 75, since_prev 75): 2242.875 MiB (Increase: 0.0 MiB)
Memory usage before reset: 2242.875 MiB (Increase: 0.0 MiB)
Memory usage after reset: 2242.875 MiB (Increase: 0.0 MiB)
Current lengths of episodes: [19, 94]
Memory usage at done (index 1, length 94, since_prev 19): 2242.875 MiB (Increase: 0.0 MiB)
Memory usage before reset: 2242.875 MiB (Increase: 0.0 MiB)
Memory usage after reset: 2242.875 MiB (Increase: 0.0 MiB)
Training episode 170
Memory usage at middle: 2242.875 MiB (Increase: 0.0 MiB)
Memory usage before collect: 2242.875 MiB (Increase: 0.0 MiB)
Memory usage after collect: 2242.875 MiB (Increase: 0.0 MiB)
Memory usage before initialization: 2242.875 MiB (Increase: 0.0 MiB)
Memory usage after initialization: 2242.875 MiB (Increase: 0.0 MiB)
Current lengths of episodes: [1600, 1599]
Memory usage at done (index 0, length 1600, since_prev 1600): 2242.875 MiB (Increase: 0.0 MiB)
Memory usage before reset: 2242.875 MiB (Increase: 0.0 MiB)
Memory usage after reset: 2242.875 MiB (Increase: 0.0 MiB)
Current lengths of episodes: [0, 1600]
Memory usage at done (index 1, length 1600, since_prev 0): 2242.875 MiB (Increase: 0.0 MiB)
Memory usage before reset: 2242.875 MiB (Increase: 0.0 MiB)
Memory usage after reset: 2242.875 MiB (Increase: 0.0 MiB)
Training episode 172
Memory usage at middle: 2242.875 MiB (Increase: 0.0 MiB)
Memory usage before collect: 2242.875 MiB (Increase: 0.0 MiB)
Memory usage after collect: 2242.875 MiB (Increase: 0.0 MiB)
Memory usage before initialization: 2242.875 MiB (Increase: 0.0 MiB)
Memory usage after initialization: 2242.875 MiB (Increase: 0.0 MiB)
Current lengths of episodes: [48, 48]
Memory usage at done (index 1, length 48, since_prev 48): 2242.875 MiB (Increase: 0.0 MiB)
Memory usage before reset: 2242.875 MiB (Increase: 0.0 MiB)
Memory usage after reset: 2242.875 MiB (Increase: 0.0 MiB)
Current lengths of episodes: [125, 77]
Memory usage at done (index 1, length 77, since_prev 77): 2242.875 MiB (Increase: 0.0 MiB)
Memory usage before reset: 2242.875 MiB (Increase: 0.0 MiB)
Memory usage after reset: 2242.875 MiB (Increase: 0.0 MiB)
Training episode 174
Memory usage at middle: 2242.875 MiB (Increase: 0.0 MiB)
Memory usage before collect: 2242.875 MiB (Increase: 0.0 MiB)
Memory usage after collect: 2242.875 MiB (Increase: 0.0 MiB)
Memory usage before initialization: 2242.875 MiB (Increase: 0.0 MiB)
Memory usage after initialization: 2242.875 MiB (Increase: 0.0 MiB)
Current lengths of episodes: [98, 97]
Memory usage at done (index 0, length 98, since_prev 98): 2242.875 MiB (Increase: 0.0 MiB)
Memory usage before reset: 2242.875 MiB (Increase: 0.0 MiB)
Memory usage after reset: 2242.875 MiB (Increase: 0.0 MiB)
Current lengths of episodes: [1502, 1600]
Memory usage at done (index 1, length 1600, since_prev 1502): 2242.875 MiB (Increase: 0.0 MiB)
Memory usage before reset: 2242.875 MiB (Increase: 0.0 MiB)
Memory usage after reset: 2242.875 MiB (Increase: 0.0 MiB)
Training episode 176
Memory usage at middle: 2242.875 MiB (Increase: 0.0 MiB)
Memory usage before collect: 2242.875 MiB (Increase: 0.0 MiB)
Memory usage after collect: 2242.875 MiB (Increase: 0.0 MiB)
Memory usage before initialization: 2242.875 MiB (Increase: 0.0 MiB)
Memory usage after initialization: 2242.875 MiB (Increase: 0.0 MiB)
Current lengths of episodes: [126, 126]
Memory usage at done (index 1, length 126, since_prev 126): 2242.875 MiB (Increase: 0.0 MiB)
Memory usage before reset: 2242.875 MiB (Increase: 0.0 MiB)
Memory usage after reset: 2242.875 MiB (Increase: 0.0 MiB)
Current lengths of episodes: [205, 79]
Memory usage at done (index 1, length 79, since_prev 79): 2242.875 MiB (Increase: 0.0 MiB)
Memory usage before reset: 2242.875 MiB (Increase: 0.0 MiB)
Memory usage after reset: 2242.875 MiB (Increase: 0.0 MiB)
Training episode 178
Memory usage at middle: 2242.875 MiB (Increase: 0.0 MiB)
Memory usage before collect: 2242.875 MiB (Increase: 0.0 MiB)
Memory usage after collect: 2242.875 MiB (Increase: 0.0 MiB)
Memory usage before initialization: 2242.875 MiB (Increase: 0.0 MiB)
Memory usage after initialization: 2242.875 MiB (Increase: 0.0 MiB)
Current lengths of episodes: [1600, 1599]
Memory usage at done (index 0, length 1600, since_prev 1600): 2242.875 MiB (Increase: 0.0 MiB)
Memory usage before reset: 2242.875 MiB (Increase: 0.0 MiB)
Memory usage after reset: 2242.875 MiB (Increase: 0.0 MiB)
Current lengths of episodes: [0, 1600]
Memory usage at done (index 1, length 1600, since_prev 0): 2242.875 MiB (Increase: 0.0 MiB)
Memory usage before reset: 2242.875 MiB (Increase: 0.0 MiB)
Memory usage after reset: 2242.875 MiB (Increase: 0.0 MiB)
Training episode 180
Memory usage at middle: 2242.875 MiB (Increase: 0.0 MiB)
Memory usage before collect: 2242.875 MiB (Increase: 0.0 MiB)
Memory usage after collect: 2242.875 MiB (Increase: 0.0 MiB)
Memory usage before initialization: 2242.875 MiB (Increase: 0.0 MiB)
Memory usage after initialization: 2242.875 MiB (Increase: 0.0 MiB)
Current lengths of episodes: [41, 41]
Memory usage at done (index 1, length 41, since_prev 41): 2242.875 MiB (Increase: 0.0 MiB)
Memory usage before reset: 2242.875 MiB (Increase: 0.0 MiB)
Memory usage after reset: 2242.875 MiB (Increase: 0.0 MiB)
Current lengths of episodes: [1600, 1558]
Memory usage at done (index 0, length 1600, since_prev 1559): 2242.875 MiB (Increase: 0.0 MiB)
Memory usage before reset: 2242.875 MiB (Increase: 0.0 MiB)
Memory usage after reset: 2242.875 MiB (Increase: 0.0 MiB)
Training episode 182
Memory usage at middle: 2242.875 MiB (Increase: 0.0 MiB)
Memory usage before collect: 2242.875 MiB (Increase: 0.0 MiB)
Memory usage after collect: 2242.875 MiB (Increase: 0.0 MiB)
Memory usage before initialization: 2242.875 MiB (Increase: 0.0 MiB)
Memory usage after initialization: 2242.875 MiB (Increase: 0.0 MiB)
Current lengths of episodes: [61, 60]
Memory usage at done (index 0, length 61, since_prev 61): 2242.875 MiB (Increase: 0.0 MiB)
Memory usage before reset: 2242.875 MiB (Increase: 0.0 MiB)
Memory usage after reset: 2242.875 MiB (Increase: 0.0 MiB)
Current lengths of episodes: [1539, 1600]
Memory usage at done (index 1, length 1600, since_prev 1539): 2242.875 MiB (Increase: 0.0 MiB)
Memory usage before reset: 2242.875 MiB (Increase: 0.0 MiB)
Memory usage after reset: 2242.875 MiB (Increase: 0.0 MiB)
Training episode 184
Memory usage at middle: 2242.875 MiB (Increase: 0.0 MiB)
Memory usage before collect: 2242.875 MiB (Increase: 0.0 MiB)
Memory usage after collect: 2242.875 MiB (Increase: 0.0 MiB)
Memory usage before initialization: 2242.875 MiB (Increase: 0.0 MiB)
Memory usage after initialization: 2242.875 MiB (Increase: 0.0 MiB)
Current lengths of episodes: [56, 55]
Memory usage at done (index 0, length 56, since_prev 56): 2242.875 MiB (Increase: 0.0 MiB)
Memory usage before reset: 2242.875 MiB (Increase: 0.0 MiB)
Memory usage after reset: 2242.875 MiB (Increase: 0.0 MiB)
Current lengths of episodes: [1544, 1600]
Memory usage at done (index 1, length 1600, since_prev 1544): 2242.875 MiB (Increase: 0.0 MiB)
Memory usage before reset: 2242.875 MiB (Increase: 0.0 MiB)
Memory usage after reset: 2242.875 MiB (Increase: 0.0 MiB)
Training episode 186
Memory usage at middle: 2242.875 MiB (Increase: 0.0 MiB)
Memory usage before collect: 2242.875 MiB (Increase: 0.0 MiB)
Memory usage after collect: 2242.875 MiB (Increase: 0.0 MiB)
Memory usage before initialization: 2242.875 MiB (Increase: 0.0 MiB)
Memory usage after initialization: 2242.875 MiB (Increase: 0.0 MiB)
Current lengths of episodes: [121, 120]
Memory usage at done (index 0, length 121, since_prev 121): 2242.875 MiB (Increase: 0.0 MiB)
Memory usage before reset: 2242.875 MiB (Increase: 0.0 MiB)
Memory usage after reset: 2242.875 MiB (Increase: 0.0 MiB)
Current lengths of episodes: [79, 199]
Memory usage at done (index 0, length 79, since_prev 79): 2242.875 MiB (Increase: 0.0 MiB)
Memory usage before reset: 2242.875 MiB (Increase: 0.0 MiB)
Memory usage after reset: 2242.875 MiB (Increase: 0.0 MiB)
Training episode 188
Memory usage at middle: 2242.875 MiB (Increase: 0.0 MiB)
Memory usage before collect: 2242.875 MiB (Increase: 0.0 MiB)
Memory usage after collect: 2242.875 MiB (Increase: 0.0 MiB)
Memory usage before initialization: 2242.875 MiB (Increase: 0.0 MiB)
Memory usage after initialization: 2242.875 MiB (Increase: 0.0 MiB)
Current lengths of episodes: [73, 72]
Memory usage at done (index 0, length 73, since_prev 73): 2242.875 MiB (Increase: 0.0 MiB)
Memory usage before reset: 2242.875 MiB (Increase: 0.0 MiB)
Memory usage after reset: 2242.875 MiB (Increase: 0.0 MiB)
Current lengths of episodes: [1527, 1600]
Memory usage at done (index 1, length 1600, since_prev 1527): 2242.875 MiB (Increase: 0.0 MiB)
Memory usage before reset: 2242.875 MiB (Increase: 0.0 MiB)
Memory usage after reset: 2242.875 MiB (Increase: 0.0 MiB)
Training episode 190
Memory usage at middle: 2242.875 MiB (Increase: 0.0 MiB)
Memory usage before collect: 2242.875 MiB (Increase: 0.0 MiB)
Memory usage after collect: 2242.875 MiB (Increase: 0.0 MiB)
Memory usage before initialization: 2242.875 MiB (Increase: 0.0 MiB)
Memory usage after initialization: 2242.875 MiB (Increase: 0.0 MiB)
Current lengths of episodes: [71, 70]
Memory usage at done (index 0, length 71, since_prev 71): 2242.875 MiB (Increase: 0.0 MiB)
Memory usage before reset: 2242.875 MiB (Increase: 0.0 MiB)
Memory usage after reset: 2242.875 MiB (Increase: 0.0 MiB)
Current lengths of episodes: [107, 177]
Memory usage at done (index 0, length 107, since_prev 107): 2242.875 MiB (Increase: 0.0 MiB)
Memory usage before reset: 2242.875 MiB (Increase: 0.0 MiB)
Memory usage after reset: 2242.875 MiB (Increase: 0.0 MiB)
Training episode 192
Memory usage at middle: 2242.875 MiB (Increase: 0.0 MiB)
Memory usage before collect: 2242.875 MiB (Increase: 0.0 MiB)
Memory usage after collect: 2242.875 MiB (Increase: 0.0 MiB)
Memory usage before initialization: 2242.875 MiB (Increase: 0.0 MiB)
Memory usage after initialization: 2242.875 MiB (Increase: 0.0 MiB)
Current lengths of episodes: [1331, 1330]
Memory usage at done (index 0, length 1331, since_prev 1331): 2242.875 MiB (Increase: 0.0 MiB)
Memory usage before reset: 2242.875 MiB (Increase: 0.0 MiB)
Memory usage after reset: 2242.875 MiB (Increase: 0.0 MiB)
Current lengths of episodes: [66, 1396]
Memory usage at done (index 0, length 66, since_prev 66): 2242.875 MiB (Increase: 0.0 MiB)
Memory usage before reset: 2242.875 MiB (Increase: 0.0 MiB)
Memory usage after reset: 2242.875 MiB (Increase: 0.0 MiB)
Training episode 194
Memory usage at middle: 2242.875 MiB (Increase: 0.0 MiB)
Memory usage before collect: 2242.875 MiB (Increase: 0.0 MiB)
Memory usage after collect: 2242.875 MiB (Increase: 0.0 MiB)
Memory usage before initialization: 2242.875 MiB (Increase: 0.0 MiB)
Memory usage after initialization: 2242.875 MiB (Increase: 0.0 MiB)
Current lengths of episodes: [48, 48]
Memory usage at done (index 1, length 48, since_prev 48): 2242.875 MiB (Increase: 0.0 MiB)
Memory usage before reset: 2242.875 MiB (Increase: 0.0 MiB)
Memory usage after reset: 2242.875 MiB (Increase: 0.0 MiB)
Current lengths of episodes: [1600, 1551]
Memory usage at done (index 0, length 1600, since_prev 1552): 2242.875 MiB (Increase: 0.0 MiB)
Memory usage before reset: 2242.875 MiB (Increase: 0.0 MiB)
Memory usage after reset: 2242.875 MiB (Increase: 0.0 MiB)
Training episode 196
Memory usage at middle: 2242.875 MiB (Increase: 0.0 MiB)
Memory usage before collect: 2242.875 MiB (Increase: 0.0 MiB)
Memory usage after collect: 2242.875 MiB (Increase: 0.0 MiB)
Memory usage before initialization: 2242.875 MiB (Increase: 0.0 MiB)
Memory usage after initialization: 2242.875 MiB (Increase: 0.0 MiB)
Current lengths of episodes: [1600, 1599]
Memory usage at done (index 0, length 1600, since_prev 1600): 2242.875 MiB (Increase: 0.0 MiB)
Memory usage before reset: 2242.875 MiB (Increase: 0.0 MiB)
Memory usage after reset: 2242.875 MiB (Increase: 0.0 MiB)
Current lengths of episodes: [0, 1600]
Memory usage at done (index 1, length 1600, since_prev 0): 2242.875 MiB (Increase: 0.0 MiB)
Memory usage before reset: 2242.875 MiB (Increase: 0.0 MiB)
Memory usage after reset: 2242.875 MiB (Increase: 0.0 MiB)
Training episode 198
Memory usage at middle: 2242.875 MiB (Increase: 0.0 MiB)
Memory usage before collect: 2242.875 MiB (Increase: 0.0 MiB)
Memory usage after collect: 2242.875 MiB (Increase: 0.0 MiB)
Memory usage before initialization: 2242.875 MiB (Increase: 0.0 MiB)
Memory usage after initialization: 2242.875 MiB (Increase: 0.0 MiB)
Current lengths of episodes: [64, 63]
Memory usage at done (index 0, length 64, since_prev 64): 2242.875 MiB (Increase: 0.0 MiB)
Memory usage before reset: 2242.875 MiB (Increase: 0.0 MiB)
Memory usage after reset: 2242.875 MiB (Increase: 0.0 MiB)
Current lengths of episodes: [1536, 1600]
Memory usage at done (index 1, length 1600, since_prev 1536): 2242.875 MiB (Increase: 0.0 MiB)
Memory usage before reset: 2242.875 MiB (Increase: 0.0 MiB)
Memory usage after reset: 2242.875 MiB (Increase: 0.0 MiB)
Training episode 200
Memory usage at middle: 2242.875 MiB (Increase: 0.0 MiB)
Memory usage before collect: 2242.875 MiB (Increase: 0.0 MiB)
Memory usage after collect: 2242.875 MiB (Increase: 0.0 MiB)
Episode 200	Average evaluation: -75.01666762379719
Memory usage before initialization: 2242.875 MiB (Increase: 0.0 MiB)
Memory usage after initialization: 2242.875 MiB (Increase: 0.0 MiB)
Current lengths of episodes: [106, 106]
Memory usage at done (index 1, length 106, since_prev 106): 2242.875 MiB (Increase: 0.0 MiB)
Memory usage before reset: 2242.875 MiB (Increase: 0.0 MiB)
Memory usage after reset: 2242.875 MiB (Increase: 0.0 MiB)
Current lengths of episodes: [188, 82]
Memory usage at done (index 1, length 82, since_prev 82): 2242.875 MiB (Increase: 0.0 MiB)
Memory usage before reset: 2242.875 MiB (Increase: 0.0 MiB)
Memory usage after reset: 2242.875 MiB (Increase: 0.0 MiB)
Training episode 202
Memory usage at middle: 2242.875 MiB (Increase: 0.0 MiB)
Memory usage before collect: 2242.875 MiB (Increase: 0.0 MiB)
Memory usage after collect: 2242.875 MiB (Increase: 0.0 MiB)
Memory usage before initialization: 2242.875 MiB (Increase: 0.0 MiB)
Memory usage after initialization: 2242.875 MiB (Increase: 0.0 MiB)
Current lengths of episodes: [75, 74]
Memory usage at done (index 0, length 75, since_prev 75): 2242.875 MiB (Increase: 0.0 MiB)
Memory usage before reset: 2242.875 MiB (Increase: 0.0 MiB)
Memory usage after reset: 2242.875 MiB (Increase: 0.0 MiB)
Current lengths of episodes: [109, 183]
Memory usage at done (index 0, length 109, since_prev 109): 2242.875 MiB (Increase: 0.0 MiB)
Memory usage before reset: 2242.875 MiB (Increase: 0.0 MiB)
Memory usage after reset: 2242.875 MiB (Increase: 0.0 MiB)
Training episode 204
Memory usage at middle: 2242.875 MiB (Increase: 0.0 MiB)
Memory usage before collect: 2242.875 MiB (Increase: 0.0 MiB)
Memory usage after collect: 2242.875 MiB (Increase: 0.0 MiB)
Memory usage before initialization: 2242.875 MiB (Increase: 0.0 MiB)
Memory usage after initialization: 2242.875 MiB (Increase: 0.0 MiB)
Current lengths of episodes: [80, 80]
Memory usage at done (index 1, length 80, since_prev 80): 2242.875 MiB (Increase: 0.0 MiB)
Memory usage before reset: 2242.875 MiB (Increase: 0.0 MiB)
Memory usage after reset: 2242.875 MiB (Increase: 0.0 MiB)
Current lengths of episodes: [1600, 1519]
Memory usage at done (index 0, length 1600, since_prev 1520): 2242.875 MiB (Increase: 0.0 MiB)
Memory usage before reset: 2242.875 MiB (Increase: 0.0 MiB)
Memory usage after reset: 2242.875 MiB (Increase: 0.0 MiB)
Training episode 206
Memory usage at middle: 2242.875 MiB (Increase: 0.0 MiB)
Memory usage before collect: 2242.875 MiB (Increase: 0.0 MiB)
Memory usage after collect: 2242.875 MiB (Increase: 0.0 MiB)
Memory usage before initialization: 2242.875 MiB (Increase: 0.0 MiB)
Memory usage after initialization: 2242.875 MiB (Increase: 0.0 MiB)
Current lengths of episodes: [125, 124]
Memory usage at done (index 0, length 125, since_prev 125): 2242.875 MiB (Increase: 0.0 MiB)
Memory usage before reset: 2242.875 MiB (Increase: 0.0 MiB)
Memory usage after reset: 2242.875 MiB (Increase: 0.0 MiB)
Current lengths of episodes: [20, 145]
Memory usage at done (index 1, length 145, since_prev 20): 2242.875 MiB (Increase: 0.0 MiB)
Memory usage before reset: 2242.875 MiB (Increase: 0.0 MiB)
Memory usage after reset: 2242.875 MiB (Increase: 0.0 MiB)
Training episode 208
Memory usage at middle: 2242.875 MiB (Increase: 0.0 MiB)
Memory usage before collect: 2242.875 MiB (Increase: 0.0 MiB)
Memory usage after collect: 2242.875 MiB (Increase: 0.0 MiB)
Memory usage before initialization: 2242.875 MiB (Increase: 0.0 MiB)
Memory usage after initialization: 2242.875 MiB (Increase: 0.0 MiB)
Current lengths of episodes: [51, 51]
Memory usage at done (index 1, length 51, since_prev 51): 2242.875 MiB (Increase: 0.0 MiB)
Memory usage before reset: 2242.875 MiB (Increase: 0.0 MiB)
Memory usage after reset: 2242.875 MiB (Increase: 0.0 MiB)
Current lengths of episodes: [59, 7]
Memory usage at done (index 0, length 59, since_prev 8): 2242.875 MiB (Increase: 0.0 MiB)
Memory usage before reset: 2242.875 MiB (Increase: 0.0 MiB)
Memory usage after reset: 2242.875 MiB (Increase: 0.0 MiB)
Training episode 210
Memory usage at middle: 2242.875 MiB (Increase: 0.0 MiB)
Memory usage before collect: 2242.875 MiB (Increase: 0.0 MiB)
Memory usage after collect: 2242.875 MiB (Increase: 0.0 MiB)
Memory usage before initialization: 2242.875 MiB (Increase: 0.0 MiB)
Memory usage after initialization: 2242.875 MiB (Increase: 0.0 MiB)
Current lengths of episodes: [1600, 1599]
Memory usage at done (index 0, length 1600, since_prev 1600): 2242.875 MiB (Increase: 0.0 MiB)
Memory usage before reset: 2242.875 MiB (Increase: 0.0 MiB)
Memory usage after reset: 2242.875 MiB (Increase: 0.0 MiB)
Current lengths of episodes: [0, 1600]
Memory usage at done (index 1, length 1600, since_prev 0): 2242.875 MiB (Increase: 0.0 MiB)
Memory usage before reset: 2242.875 MiB (Increase: 0.0 MiB)
Memory usage after reset: 2242.875 MiB (Increase: 0.0 MiB)
Training episode 212
Memory usage at middle: 2242.875 MiB (Increase: 0.0 MiB)
Memory usage before collect: 2242.875 MiB (Increase: 0.0 MiB)
Memory usage after collect: 2242.875 MiB (Increase: 0.0 MiB)
Memory usage before initialization: 2242.875 MiB (Increase: 0.0 MiB)
Memory usage after initialization: 2242.875 MiB (Increase: 0.0 MiB)
Current lengths of episodes: [98, 97]
Memory usage at done (index 0, length 98, since_prev 98): 2242.875 MiB (Increase: 0.0 MiB)
Memory usage before reset: 2242.875 MiB (Increase: 0.0 MiB)
Memory usage after reset: 2242.875 MiB (Increase: 0.0 MiB)
Current lengths of episodes: [1502, 1600]
Memory usage at done (index 1, length 1600, since_prev 1502): 2242.875 MiB (Increase: 0.0 MiB)
Memory usage before reset: 2242.875 MiB (Increase: 0.0 MiB)
Memory usage after reset: 2242.875 MiB (Increase: 0.0 MiB)
Training episode 214
Memory usage at middle: 2242.875 MiB (Increase: 0.0 MiB)
Memory usage before collect: 2242.875 MiB (Increase: 0.0 MiB)
Memory usage after collect: 2242.875 MiB (Increase: 0.0 MiB)
Memory usage before initialization: 2242.875 MiB (Increase: 0.0 MiB)
Memory usage after initialization: 2242.875 MiB (Increase: 0.0 MiB)
Current lengths of episodes: [47, 47]
Memory usage at done (index 1, length 47, since_prev 47): 2242.875 MiB (Increase: 0.0 MiB)
Memory usage before reset: 2242.875 MiB (Increase: 0.0 MiB)
Memory usage after reset: 2242.875 MiB (Increase: 0.0 MiB)
Current lengths of episodes: [123, 76]
Memory usage at done (index 1, length 76, since_prev 76): 2242.875 MiB (Increase: 0.0 MiB)
Memory usage before reset: 2242.875 MiB (Increase: 0.0 MiB)
Memory usage after reset: 2242.875 MiB (Increase: 0.0 MiB)
Training episode 216
Memory usage at middle: 2242.875 MiB (Increase: 0.0 MiB)
Memory usage before collect: 2242.875 MiB (Increase: 0.0 MiB)
Memory usage after collect: 2242.875 MiB (Increase: 0.0 MiB)
Memory usage before initialization: 2242.875 MiB (Increase: 0.0 MiB)
Memory usage after initialization: 2242.875 MiB (Increase: 0.0 MiB)
Current lengths of episodes: [88, 87]
Memory usage at done (index 0, length 88, since_prev 88): 2242.875 MiB (Increase: 0.0 MiB)
Memory usage before reset: 2242.875 MiB (Increase: 0.0 MiB)
Memory usage after reset: 2242.875 MiB (Increase: 0.0 MiB)
Current lengths of episodes: [54, 141]
Memory usage at done (index 0, length 54, since_prev 54): 2242.875 MiB (Increase: 0.0 MiB)
Memory usage before reset: 2242.875 MiB (Increase: 0.0 MiB)
Memory usage after reset: 2242.875 MiB (Increase: 0.0 MiB)
Training episode 218
Memory usage at middle: 2242.875 MiB (Increase: 0.0 MiB)
Memory usage before collect: 2242.875 MiB (Increase: 0.0 MiB)
Memory usage after collect: 2242.875 MiB (Increase: 0.0 MiB)
Memory usage before initialization: 2242.875 MiB (Increase: 0.0 MiB)
Memory usage after initialization: 2242.875 MiB (Increase: 0.0 MiB)
Current lengths of episodes: [110, 110]
Memory usage at done (index 1, length 110, since_prev 110): 2242.875 MiB (Increase: 0.0 MiB)
Memory usage before reset: 2242.875 MiB (Increase: 0.0 MiB)
Memory usage after reset: 2242.875 MiB (Increase: 0.0 MiB)
Current lengths of episodes: [1600, 1489]
Memory usage at done (index 0, length 1600, since_prev 1490): 2242.875 MiB (Increase: 0.0 MiB)
Memory usage before reset: 2242.875 MiB (Increase: 0.0 MiB)
Memory usage after reset: 2242.875 MiB (Increase: 0.0 MiB)
Training episode 220
Memory usage at middle: 2242.875 MiB (Increase: 0.0 MiB)
Memory usage before collect: 2242.875 MiB (Increase: 0.0 MiB)
Memory usage after collect: 2242.875 MiB (Increase: 0.0 MiB)
Memory usage before initialization: 2242.875 MiB (Increase: 0.0 MiB)
Memory usage after initialization: 2242.875 MiB (Increase: 0.0 MiB)
Current lengths of episodes: [57, 56]
Memory usage at done (index 0, length 57, since_prev 57): 2242.875 MiB (Increase: 0.0 MiB)
Memory usage before reset: 2242.875 MiB (Increase: 0.0 MiB)
Memory usage after reset: 2242.875 MiB (Increase: 0.0 MiB)
Current lengths of episodes: [1069, 1126]
Memory usage at done (index 1, length 1126, since_prev 1069): 2242.875 MiB (Increase: 0.0 MiB)
Memory usage before reset: 2242.875 MiB (Increase: 0.0 MiB)
Memory usage after reset: 2242.875 MiB (Increase: 0.0 MiB)
Training episode 222
Memory usage at middle: 2242.875 MiB (Increase: 0.0 MiB)
Memory usage before collect: 2242.875 MiB (Increase: 0.0 MiB)
Memory usage after collect: 2242.875 MiB (Increase: 0.0 MiB)
Memory usage before initialization: 2242.875 MiB (Increase: 0.0 MiB)
Memory usage after initialization: 2242.875 MiB (Increase: 0.0 MiB)
Current lengths of episodes: [1600, 1599]
Memory usage at done (index 0, length 1600, since_prev 1600): 2242.875 MiB (Increase: 0.0 MiB)
Memory usage before reset: 2242.875 MiB (Increase: 0.0 MiB)
Memory usage after reset: 2242.875 MiB (Increase: 0.0 MiB)
Current lengths of episodes: [0, 1600]
Memory usage at done (index 1, length 1600, since_prev 0): 2242.875 MiB (Increase: 0.0 MiB)
Memory usage before reset: 2242.875 MiB (Increase: 0.0 MiB)
Memory usage after reset: 2242.875 MiB (Increase: 0.0 MiB)
Training episode 224
Memory usage at middle: 2242.875 MiB (Increase: 0.0 MiB)
Memory usage before collect: 2242.875 MiB (Increase: 0.0 MiB)
Memory usage after collect: 2242.875 MiB (Increase: 0.0 MiB)
Memory usage before initialization: 2242.875 MiB (Increase: 0.0 MiB)
Memory usage after initialization: 2242.875 MiB (Increase: 0.0 MiB)
Current lengths of episodes: [77, 77]
Memory usage at done (index 1, length 77, since_prev 77): 2242.875 MiB (Increase: 0.0 MiB)
Memory usage before reset: 2242.875 MiB (Increase: 0.0 MiB)
Memory usage after reset: 2242.875 MiB (Increase: 0.0 MiB)
Current lengths of episodes: [1600, 1522]
Memory usage at done (index 0, length 1600, since_prev 1523): 2242.875 MiB (Increase: 0.0 MiB)
Memory usage before reset: 2242.875 MiB (Increase: 0.0 MiB)
Memory usage after reset: 2242.875 MiB (Increase: 0.0 MiB)
Training episode 226
Memory usage at middle: 2242.875 MiB (Increase: 0.0 MiB)
Memory usage before collect: 2242.875 MiB (Increase: 0.0 MiB)
Memory usage after collect: 2242.875 MiB (Increase: 0.0 MiB)
Memory usage before initialization: 2242.875 MiB (Increase: 0.0 MiB)
Memory usage after initialization: 2242.875 MiB (Increase: 0.0 MiB)
Current lengths of episodes: [42, 42]
Memory usage at done (index 1, length 42, since_prev 42): 2242.875 MiB (Increase: 0.0 MiB)
Memory usage before reset: 2242.875 MiB (Increase: 0.0 MiB)
Memory usage after reset: 2242.875 MiB (Increase: 0.0 MiB)
Current lengths of episodes: [115, 73]
Memory usage at done (index 1, length 73, since_prev 73): 2242.875 MiB (Increase: 0.0 MiB)
Memory usage before reset: 2242.875 MiB (Increase: 0.0 MiB)
Memory usage after reset: 2242.875 MiB (Increase: 0.0 MiB)
Training episode 228
Memory usage at middle: 2242.875 MiB (Increase: 0.0 MiB)
Memory usage before collect: 2242.875 MiB (Increase: 0.0 MiB)
Memory usage after collect: 2242.875 MiB (Increase: 0.0 MiB)
Memory usage before initialization: 2242.875 MiB (Increase: 0.0 MiB)
Memory usage after initialization: 2242.875 MiB (Increase: 0.0 MiB)
Current lengths of episodes: [43, 42]
Memory usage at done (index 0, length 43, since_prev 43): 2242.875 MiB (Increase: 0.0 MiB)
Memory usage before reset: 2242.875 MiB (Increase: 0.0 MiB)
Memory usage after reset: 2242.875 MiB (Increase: 0.0 MiB)
Current lengths of episodes: [34, 77]
Memory usage at done (index 1, length 77, since_prev 34): 2242.875 MiB (Increase: 0.0 MiB)
Memory usage before reset: 2242.875 MiB (Increase: 0.0 MiB)
Memory usage after reset: 2242.875 MiB (Increase: 0.0 MiB)
Training episode 230
Memory usage at middle: 2242.875 MiB (Increase: 0.0 MiB)
Memory usage before collect: 2242.875 MiB (Increase: 0.0 MiB)
Memory usage after collect: 2242.875 MiB (Increase: 0.0 MiB)
Memory usage before initialization: 2242.875 MiB (Increase: 0.0 MiB)
Memory usage after initialization: 2242.875 MiB (Increase: 0.0 MiB)
Current lengths of episodes: [65, 64]
Memory usage at done (index 0, length 65, since_prev 65): 2242.875 MiB (Increase: 0.0 MiB)
Memory usage before reset: 2242.875 MiB (Increase: 0.0 MiB)
Memory usage after reset: 2242.875 MiB (Increase: 0.0 MiB)
Current lengths of episodes: [1535, 1600]
Memory usage at done (index 1, length 1600, since_prev 1535): 2242.875 MiB (Increase: 0.0 MiB)
Memory usage before reset: 2242.875 MiB (Increase: 0.0 MiB)
Memory usage after reset: 2242.875 MiB (Increase: 0.0 MiB)
Training episode 232
Memory usage at middle: 2242.875 MiB (Increase: 0.0 MiB)
Memory usage before collect: 2242.875 MiB (Increase: 0.0 MiB)
Memory usage after collect: 2242.875 MiB (Increase: 0.0 MiB)
Memory usage before initialization: 2242.875 MiB (Increase: 0.0 MiB)
Memory usage after initialization: 2242.875 MiB (Increase: 0.0 MiB)
Current lengths of episodes: [1600, 1599]
Memory usage at done (index 0, length 1600, since_prev 1600): 2242.875 MiB (Increase: 0.0 MiB)
Memory usage before reset: 2242.875 MiB (Increase: 0.0 MiB)
Memory usage after reset: 2242.875 MiB (Increase: 0.0 MiB)
Current lengths of episodes: [0, 1600]
Memory usage at done (index 1, length 1600, since_prev 0): 2242.875 MiB (Increase: 0.0 MiB)
Memory usage before reset: 2242.875 MiB (Increase: 0.0 MiB)
Memory usage after reset: 2242.875 MiB (Increase: 0.0 MiB)
Training episode 234
Memory usage at middle: 2242.875 MiB (Increase: 0.0 MiB)
Memory usage before collect: 2242.875 MiB (Increase: 0.0 MiB)
Memory usage after collect: 2242.875 MiB (Increase: 0.0 MiB)
Memory usage before initialization: 2242.875 MiB (Increase: 0.0 MiB)
Memory usage after initialization: 2242.875 MiB (Increase: 0.0 MiB)
Current lengths of episodes: [76, 75]
Memory usage at done (index 0, length 76, since_prev 76): 2242.875 MiB (Increase: 0.0 MiB)
Memory usage before reset: 2242.875 MiB (Increase: 0.0 MiB)
Memory usage after reset: 2242.875 MiB (Increase: 0.0 MiB)
Current lengths of episodes: [74, 149]
Memory usage at done (index 0, length 74, since_prev 74): 2242.875 MiB (Increase: 0.0 MiB)
Memory usage before reset: 2242.875 MiB (Increase: 0.0 MiB)
Memory usage after reset: 2242.875 MiB (Increase: 0.0 MiB)
Training episode 236
Memory usage at middle: 2242.875 MiB (Increase: 0.0 MiB)
Memory usage before collect: 2242.875 MiB (Increase: 0.0 MiB)
Memory usage after collect: 2242.875 MiB (Increase: 0.0 MiB)
Memory usage before initialization: 2242.875 MiB (Increase: 0.0 MiB)
Memory usage after initialization: 2242.875 MiB (Increase: 0.0 MiB)
Current lengths of episodes: [103, 102]
Memory usage at done (index 0, length 103, since_prev 103): 2242.875 MiB (Increase: 0.0 MiB)
Memory usage before reset: 2242.875 MiB (Increase: 0.0 MiB)
Memory usage after reset: 2242.875 MiB (Increase: 0.0 MiB)
Current lengths of episodes: [84, 186]
Memory usage at done (index 0, length 84, since_prev 84): 2242.875 MiB (Increase: 0.0 MiB)
Memory usage before reset: 2242.875 MiB (Increase: 0.0 MiB)
Memory usage after reset: 2242.875 MiB (Increase: 0.0 MiB)
Training episode 238
Memory usage at middle: 2242.875 MiB (Increase: 0.0 MiB)
Memory usage before collect: 2242.875 MiB (Increase: 0.0 MiB)
Memory usage after collect: 2242.875 MiB (Increase: 0.0 MiB)
Memory usage before initialization: 2242.875 MiB (Increase: 0.0 MiB)
Memory usage after initialization: 2242.875 MiB (Increase: 0.0 MiB)
Current lengths of episodes: [1600, 1599]
Memory usage at done (index 0, length 1600, since_prev 1600): 2242.875 MiB (Increase: 0.0 MiB)
Memory usage before reset: 2242.875 MiB (Increase: 0.0 MiB)
Memory usage after reset: 2242.875 MiB (Increase: 0.0 MiB)
Current lengths of episodes: [0, 1600]
Memory usage at done (index 1, length 1600, since_prev 0): 2242.875 MiB (Increase: 0.0 MiB)
Memory usage before reset: 2242.875 MiB (Increase: 0.0 MiB)
Memory usage after reset: 2242.875 MiB (Increase: 0.0 MiB)
Training episode 240
Memory usage at middle: 2242.875 MiB (Increase: 0.0 MiB)
Memory usage before collect: 2242.875 MiB (Increase: 0.0 MiB)
Memory usage after collect: 2242.875 MiB (Increase: 0.0 MiB)
Memory usage before initialization: 2242.875 MiB (Increase: 0.0 MiB)
Memory usage after initialization: 2242.875 MiB (Increase: 0.0 MiB)
Current lengths of episodes: [51, 50]
Memory usage at done (index 0, length 51, since_prev 51): 2242.875 MiB (Increase: 0.0 MiB)
Memory usage before reset: 2242.875 MiB (Increase: 0.0 MiB)
Memory usage after reset: 2242.875 MiB (Increase: 0.0 MiB)
Current lengths of episodes: [96, 146]
Memory usage at done (index 0, length 96, since_prev 96): 2242.875 MiB (Increase: 0.0 MiB)
Memory usage before reset: 2242.875 MiB (Increase: 0.0 MiB)
Memory usage after reset: 2242.875 MiB (Increase: 0.0 MiB)
Training episode 242
Memory usage at middle: 2242.875 MiB (Increase: 0.0 MiB)
Memory usage before collect: 2242.875 MiB (Increase: 0.0 MiB)
Memory usage after collect: 2242.875 MiB (Increase: 0.0 MiB)
Memory usage before initialization: 2242.875 MiB (Increase: 0.0 MiB)
Memory usage after initialization: 2242.875 MiB (Increase: 0.0 MiB)
Current lengths of episodes: [46, 45]
Memory usage at done (index 0, length 46, since_prev 46): 2242.875 MiB (Increase: 0.0 MiB)
Memory usage before reset: 2242.875 MiB (Increase: 0.0 MiB)
Memory usage after reset: 2242.875 MiB (Increase: 0.0 MiB)
Current lengths of episodes: [150, 195]
Memory usage at done (index 0, length 150, since_prev 150): 2242.875 MiB (Increase: 0.0 MiB)
Memory usage before reset: 2242.875 MiB (Increase: 0.0 MiB)
Memory usage after reset: 2242.875 MiB (Increase: 0.0 MiB)
Training episode 244
Memory usage at middle: 2242.875 MiB (Increase: 0.0 MiB)
Memory usage before collect: 2242.875 MiB (Increase: 0.0 MiB)
Memory usage after collect: 2242.875 MiB (Increase: 0.0 MiB)
Memory usage before initialization: 2242.875 MiB (Increase: 0.0 MiB)
Memory usage after initialization: 2242.875 MiB (Increase: 0.0 MiB)
Current lengths of episodes: [79, 79]
Memory usage at done (index 1, length 79, since_prev 79): 2242.875 MiB (Increase: 0.0 MiB)
Memory usage before reset: 2242.875 MiB (Increase: 0.0 MiB)
Memory usage after reset: 2242.875 MiB (Increase: 0.0 MiB)
Current lengths of episodes: [98, 18]
Memory usage at done (index 0, length 98, since_prev 19): 2242.875 MiB (Increase: 0.0 MiB)
Memory usage before reset: 2242.875 MiB (Increase: 0.0 MiB)
Memory usage after reset: 2242.875 MiB (Increase: 0.0 MiB)
Training episode 246
Memory usage at middle: 2242.875 MiB (Increase: 0.0 MiB)
Memory usage before collect: 2242.875 MiB (Increase: 0.0 MiB)
Memory usage after collect: 2242.875 MiB (Increase: 0.0 MiB)
Memory usage before initialization: 2242.875 MiB (Increase: 0.0 MiB)
Memory usage after initialization: 2242.875 MiB (Increase: 0.0 MiB)
Current lengths of episodes: [1600, 1599]
Memory usage at done (index 0, length 1600, since_prev 1600): 2242.875 MiB (Increase: 0.0 MiB)
Memory usage before reset: 2242.875 MiB (Increase: 0.0 MiB)
Memory usage after reset: 2242.875 MiB (Increase: 0.0 MiB)
Current lengths of episodes: [0, 1600]
Memory usage at done (index 1, length 1600, since_prev 0): 2242.875 MiB (Increase: 0.0 MiB)
Memory usage before reset: 2242.875 MiB (Increase: 0.0 MiB)
Memory usage after reset: 2242.875 MiB (Increase: 0.0 MiB)
Training episode 248
Memory usage at middle: 2242.875 MiB (Increase: 0.0 MiB)
Memory usage before collect: 2242.875 MiB (Increase: 0.0 MiB)
Memory usage after collect: 2242.875 MiB (Increase: 0.0 MiB)
Memory usage before initialization: 2242.875 MiB (Increase: 0.0 MiB)
Memory usage after initialization: 2242.875 MiB (Increase: 0.0 MiB)
Current lengths of episodes: [1600, 1599]
Memory usage at done (index 0, length 1600, since_prev 1600): 2242.875 MiB (Increase: 0.0 MiB)
Memory usage before reset: 2242.875 MiB (Increase: 0.0 MiB)
Memory usage after reset: 2242.875 MiB (Increase: 0.0 MiB)
Current lengths of episodes: [0, 1600]
Memory usage at done (index 1, length 1600, since_prev 0): 2242.875 MiB (Increase: 0.0 MiB)
Memory usage before reset: 2242.875 MiB (Increase: 0.0 MiB)
Memory usage after reset: 2242.875 MiB (Increase: 0.0 MiB)
Training episode 250
Memory usage at middle: 2242.875 MiB (Increase: 0.0 MiB)
Memory usage before collect: 2242.875 MiB (Increase: 0.0 MiB)
Memory usage after collect: 2242.875 MiB (Increase: 0.0 MiB)
Episode 250	Average evaluation: -22.881144740888594
Memory usage before initialization: 2242.875 MiB (Increase: 0.0 MiB)
Memory usage after initialization: 2242.875 MiB (Increase: 0.0 MiB)
Current lengths of episodes: [84, 83]
Memory usage at done (index 0, length 84, since_prev 84): 2242.875 MiB (Increase: 0.0 MiB)
Memory usage before reset: 2242.875 MiB (Increase: 0.0 MiB)
Memory usage after reset: 2242.875 MiB (Increase: 0.0 MiB)
Current lengths of episodes: [1516, 1600]
Memory usage at done (index 1, length 1600, since_prev 1516): 2242.875 MiB (Increase: 0.0 MiB)
Memory usage before reset: 2242.875 MiB (Increase: 0.0 MiB)
Memory usage after reset: 2242.875 MiB (Increase: 0.0 MiB)
Training episode 252
Memory usage at middle: 2242.875 MiB (Increase: 0.0 MiB)
Memory usage before collect: 2242.875 MiB (Increase: 0.0 MiB)
Memory usage after collect: 2242.875 MiB (Increase: 0.0 MiB)
Memory usage before initialization: 2242.875 MiB (Increase: 0.0 MiB)
Memory usage after initialization: 2242.875 MiB (Increase: 0.0 MiB)
Current lengths of episodes: [45, 45]
Memory usage at done (index 1, length 45, since_prev 45): 2242.875 MiB (Increase: 0.0 MiB)
Memory usage before reset: 2242.875 MiB (Increase: 0.0 MiB)
Memory usage after reset: 2242.875 MiB (Increase: 0.0 MiB)
Current lengths of episodes: [1600, 1554]
Memory usage at done (index 0, length 1600, since_prev 1555): 2242.875 MiB (Increase: 0.0 MiB)
Memory usage before reset: 2242.875 MiB (Increase: 0.0 MiB)
Memory usage after reset: 2242.875 MiB (Increase: 0.0 MiB)
Training episode 254
Memory usage at middle: 2242.875 MiB (Increase: 0.0 MiB)
Memory usage before collect: 2242.875 MiB (Increase: 0.0 MiB)
Memory usage after collect: 2242.875 MiB (Increase: 0.0 MiB)
Memory usage before initialization: 2242.875 MiB (Increase: 0.0 MiB)
Memory usage after initialization: 2242.875 MiB (Increase: 0.0 MiB)
Current lengths of episodes: [1600, 1599]
Memory usage at done (index 0, length 1600, since_prev 1600): 2242.875 MiB (Increase: 0.0 MiB)
Memory usage before reset: 2242.875 MiB (Increase: 0.0 MiB)
Memory usage after reset: 2242.875 MiB (Increase: 0.0 MiB)
Current lengths of episodes: [0, 1600]
Memory usage at done (index 1, length 1600, since_prev 0): 2242.875 MiB (Increase: 0.0 MiB)
Memory usage before reset: 2242.875 MiB (Increase: 0.0 MiB)
Memory usage after reset: 2242.875 MiB (Increase: 0.0 MiB)
Training episode 256
Memory usage at middle: 2242.875 MiB (Increase: 0.0 MiB)
Memory usage before collect: 2242.875 MiB (Increase: 0.0 MiB)
Memory usage after collect: 2242.875 MiB (Increase: 0.0 MiB)
Memory usage before initialization: 2242.875 MiB (Increase: 0.0 MiB)
Memory usage after initialization: 2242.875 MiB (Increase: 0.0 MiB)
Current lengths of episodes: [47, 47]
Memory usage at done (index 1, length 47, since_prev 47): 2242.875 MiB (Increase: 0.0 MiB)
Memory usage before reset: 2242.875 MiB (Increase: 0.0 MiB)
Memory usage after reset: 2242.875 MiB (Increase: 0.0 MiB)
Current lengths of episodes: [1229, 1182]
Memory usage at done (index 1, length 1182, since_prev 1182): 2242.875 MiB (Increase: 0.0 MiB)
Memory usage before reset: 2242.875 MiB (Increase: 0.0 MiB)
Memory usage after reset: 2242.875 MiB (Increase: 0.0 MiB)
Training episode 258
Memory usage at middle: 2242.875 MiB (Increase: 0.0 MiB)
Memory usage before collect: 2242.875 MiB (Increase: 0.0 MiB)
Memory usage after collect: 2242.875 MiB (Increase: 0.0 MiB)
Memory usage before initialization: 2242.875 MiB (Increase: 0.0 MiB)
Memory usage after initialization: 2242.875 MiB (Increase: 0.0 MiB)
Current lengths of episodes: [1600, 1599]
Memory usage at done (index 0, length 1600, since_prev 1600): 2242.875 MiB (Increase: 0.0 MiB)
Memory usage before reset: 2242.875 MiB (Increase: 0.0 MiB)
Memory usage after reset: 2242.875 MiB (Increase: 0.0 MiB)
Current lengths of episodes: [0, 1600]
Memory usage at done (index 1, length 1600, since_prev 0): 2242.875 MiB (Increase: 0.0 MiB)
Memory usage before reset: 2242.875 MiB (Increase: 0.0 MiB)
Memory usage after reset: 2242.875 MiB (Increase: 0.0 MiB)
Training episode 260
Memory usage at middle: 2242.875 MiB (Increase: 0.0 MiB)
Memory usage before collect: 2242.875 MiB (Increase: 0.0 MiB)
Memory usage after collect: 2242.875 MiB (Increase: 0.0 MiB)
Memory usage before initialization: 2242.875 MiB (Increase: 0.0 MiB)
Memory usage after initialization: 2242.875 MiB (Increase: 0.0 MiB)
Current lengths of episodes: [277, 276]
Memory usage at done (index 0, length 277, since_prev 277): 2242.875 MiB (Increase: 0.0 MiB)
Memory usage before reset: 2242.875 MiB (Increase: 0.0 MiB)
Memory usage after reset: 2242.875 MiB (Increase: 0.0 MiB)
Current lengths of episodes: [1323, 1600]
Memory usage at done (index 1, length 1600, since_prev 1323): 2242.875 MiB (Increase: 0.0 MiB)
Memory usage before reset: 2242.875 MiB (Increase: 0.0 MiB)
Memory usage after reset: 2242.875 MiB (Increase: 0.0 MiB)
Training episode 262
Memory usage at middle: 2242.875 MiB (Increase: 0.0 MiB)
Memory usage before collect: 2242.875 MiB (Increase: 0.0 MiB)
Memory usage after collect: 2242.875 MiB (Increase: 0.0 MiB)
Memory usage before initialization: 2242.875 MiB (Increase: 0.0 MiB)
Memory usage after initialization: 2242.875 MiB (Increase: 0.0 MiB)
Current lengths of episodes: [1600, 1599]
Memory usage at done (index 0, length 1600, since_prev 1600): 2242.875 MiB (Increase: 0.0 MiB)
Memory usage before reset: 2242.875 MiB (Increase: 0.0 MiB)
Memory usage after reset: 2242.875 MiB (Increase: 0.0 MiB)
Current lengths of episodes: [0, 1600]
Memory usage at done (index 1, length 1600, since_prev 0): 2242.875 MiB (Increase: 0.0 MiB)
Memory usage before reset: 2242.875 MiB (Increase: 0.0 MiB)
Memory usage after reset: 2242.875 MiB (Increase: 0.0 MiB)
Training episode 264
Memory usage at middle: 2242.875 MiB (Increase: 0.0 MiB)
Memory usage before collect: 2242.875 MiB (Increase: 0.0 MiB)
Memory usage after collect: 2242.875 MiB (Increase: 0.0 MiB)
Memory usage before initialization: 2242.875 MiB (Increase: 0.0 MiB)
Memory usage after initialization: 2242.875 MiB (Increase: 0.0 MiB)
Current lengths of episodes: [101, 100]
Memory usage at done (index 0, length 101, since_prev 101): 2242.875 MiB (Increase: 0.0 MiB)
Memory usage before reset: 2242.875 MiB (Increase: 0.0 MiB)
Memory usage after reset: 2242.875 MiB (Increase: 0.0 MiB)
Current lengths of episodes: [68, 168]
Memory usage at done (index 0, length 68, since_prev 68): 2242.875 MiB (Increase: 0.0 MiB)
Memory usage before reset: 2242.875 MiB (Increase: 0.0 MiB)
Memory usage after reset: 2242.875 MiB (Increase: 0.0 MiB)
Training episode 266
Memory usage at middle: 2242.875 MiB (Increase: 0.0 MiB)
Memory usage before collect: 2242.875 MiB (Increase: 0.0 MiB)
Memory usage after collect: 2242.875 MiB (Increase: 0.0 MiB)
Memory usage before initialization: 2242.875 MiB (Increase: 0.0 MiB)
Memory usage after initialization: 2242.875 MiB (Increase: 0.0 MiB)
Current lengths of episodes: [56, 55]
Memory usage at done (index 0, length 56, since_prev 56): 2242.875 MiB (Increase: 0.0 MiB)
Memory usage before reset: 2242.875 MiB (Increase: 0.0 MiB)
Memory usage after reset: 2242.875 MiB (Increase: 0.0 MiB)
Current lengths of episodes: [1544, 1600]
Memory usage at done (index 1, length 1600, since_prev 1544): 2242.875 MiB (Increase: 0.0 MiB)
Memory usage before reset: 2242.875 MiB (Increase: 0.0 MiB)
Memory usage after reset: 2242.875 MiB (Increase: 0.0 MiB)
Training episode 268
Memory usage at middle: 2242.875 MiB (Increase: 0.0 MiB)
Memory usage before collect: 2242.875 MiB (Increase: 0.0 MiB)
Memory usage after collect: 2242.875 MiB (Increase: 0.0 MiB)
Memory usage before initialization: 2242.875 MiB (Increase: 0.0 MiB)
Memory usage after initialization: 2242.875 MiB (Increase: 0.0 MiB)
Current lengths of episodes: [53, 53]
Memory usage at done (index 1, length 53, since_prev 53): 2242.875 MiB (Increase: 0.0 MiB)
Memory usage before reset: 2242.875 MiB (Increase: 0.0 MiB)
Memory usage after reset: 2242.875 MiB (Increase: 0.0 MiB)
Current lengths of episodes: [118, 65]
Memory usage at done (index 1, length 65, since_prev 65): 2242.875 MiB (Increase: 0.0 MiB)
Memory usage before reset: 2242.875 MiB (Increase: 0.0 MiB)
Memory usage after reset: 2242.875 MiB (Increase: 0.0 MiB)
Training episode 270
Memory usage at middle: 2242.875 MiB (Increase: 0.0 MiB)
Memory usage before collect: 2242.875 MiB (Increase: 0.0 MiB)
Memory usage after collect: 2242.875 MiB (Increase: 0.0 MiB)
Memory usage before initialization: 2242.875 MiB (Increase: 0.0 MiB)
Memory usage after initialization: 2242.875 MiB (Increase: 0.0 MiB)
Current lengths of episodes: [90, 89]
Memory usage at done (index 0, length 90, since_prev 90): 2242.875 MiB (Increase: 0.0 MiB)
Memory usage before reset: 2242.875 MiB (Increase: 0.0 MiB)
Memory usage after reset: 2242.875 MiB (Increase: 0.0 MiB)
Current lengths of episodes: [1510, 1600]
Memory usage at done (index 1, length 1600, since_prev 1510): 2242.875 MiB (Increase: 0.0 MiB)
Memory usage before reset: 2242.875 MiB (Increase: 0.0 MiB)
Memory usage after reset: 2242.875 MiB (Increase: 0.0 MiB)
Training episode 272
Memory usage at middle: 2242.875 MiB (Increase: 0.0 MiB)
Memory usage before collect: 2242.875 MiB (Increase: 0.0 MiB)
Memory usage after collect: 2242.875 MiB (Increase: 0.0 MiB)
Memory usage before initialization: 2242.875 MiB (Increase: 0.0 MiB)
Memory usage after initialization: 2242.875 MiB (Increase: 0.0 MiB)
Current lengths of episodes: [1600, 1599]
Memory usage at done (index 0, length 1600, since_prev 1600): 2242.875 MiB (Increase: 0.0 MiB)
Memory usage before reset: 2242.875 MiB (Increase: 0.0 MiB)
Memory usage after reset: 2242.875 MiB (Increase: 0.0 MiB)
Current lengths of episodes: [0, 1600]
Memory usage at done (index 1, length 1600, since_prev 0): 2242.875 MiB (Increase: 0.0 MiB)
Memory usage before reset: 2242.875 MiB (Increase: 0.0 MiB)
Memory usage after reset: 2242.875 MiB (Increase: 0.0 MiB)
Training episode 274
Memory usage at middle: 2242.875 MiB (Increase: 0.0 MiB)
Memory usage before collect: 2242.875 MiB (Increase: 0.0 MiB)
Memory usage after collect: 2242.875 MiB (Increase: 0.0 MiB)
Memory usage before initialization: 2242.875 MiB (Increase: 0.0 MiB)
Memory usage after initialization: 2242.875 MiB (Increase: 0.0 MiB)
Current lengths of episodes: [103, 102]
Memory usage at done (index 0, length 103, since_prev 103): 2242.875 MiB (Increase: 0.0 MiB)
Memory usage before reset: 2242.875 MiB (Increase: 0.0 MiB)
Memory usage after reset: 2242.875 MiB (Increase: 0.0 MiB)
Current lengths of episodes: [1497, 1600]
Memory usage at done (index 1, length 1600, since_prev 1497): 2242.875 MiB (Increase: 0.0 MiB)
Memory usage before reset: 2242.875 MiB (Increase: 0.0 MiB)
Memory usage after reset: 2242.875 MiB (Increase: 0.0 MiB)
Training episode 276
Memory usage at middle: 2242.875 MiB (Increase: 0.0 MiB)
Memory usage before collect: 2242.875 MiB (Increase: 0.0 MiB)
Memory usage after collect: 2242.875 MiB (Increase: 0.0 MiB)
Memory usage before initialization: 2242.875 MiB (Increase: 0.0 MiB)
Memory usage after initialization: 2242.875 MiB (Increase: 0.0 MiB)
Current lengths of episodes: [1600, 1599]
Memory usage at done (index 0, length 1600, since_prev 1600): 2242.875 MiB (Increase: 0.0 MiB)
Memory usage before reset: 2242.875 MiB (Increase: 0.0 MiB)
Memory usage after reset: 2242.875 MiB (Increase: 0.0 MiB)
Current lengths of episodes: [0, 1600]
Memory usage at done (index 1, length 1600, since_prev 0): 2242.875 MiB (Increase: 0.0 MiB)
Memory usage before reset: 2242.875 MiB (Increase: 0.0 MiB)
Memory usage after reset: 2242.875 MiB (Increase: 0.0 MiB)
Training episode 278
Memory usage at middle: 2242.875 MiB (Increase: 0.0 MiB)
Memory usage before collect: 2242.875 MiB (Increase: 0.0 MiB)
Memory usage after collect: 2242.875 MiB (Increase: 0.0 MiB)
Memory usage before initialization: 2242.875 MiB (Increase: 0.0 MiB)
Memory usage after initialization: 2242.875 MiB (Increase: 0.0 MiB)
Current lengths of episodes: [45, 44]
Memory usage at done (index 0, length 45, since_prev 45): 2242.875 MiB (Increase: 0.0 MiB)
Memory usage before reset: 2242.875 MiB (Increase: 0.0 MiB)
Memory usage after reset: 2242.875 MiB (Increase: 0.0 MiB)
Current lengths of episodes: [14, 59]
Memory usage at done (index 1, length 59, since_prev 14): 2242.875 MiB (Increase: 0.0 MiB)
Memory usage before reset: 2242.875 MiB (Increase: 0.0 MiB)
Memory usage after reset: 2242.875 MiB (Increase: 0.0 MiB)
Training episode 280
Memory usage at middle: 2242.875 MiB (Increase: 0.0 MiB)
Memory usage before collect: 2242.875 MiB (Increase: 0.0 MiB)
Memory usage after collect: 2242.875 MiB (Increase: 0.0 MiB)
Memory usage before initialization: 2242.875 MiB (Increase: 0.0 MiB)
Memory usage after initialization: 2242.875 MiB (Increase: 0.0 MiB)
Current lengths of episodes: [1600, 1599]
Memory usage at done (index 0, length 1600, since_prev 1600): 2242.875 MiB (Increase: 0.0 MiB)
Memory usage before reset: 2242.875 MiB (Increase: 0.0 MiB)
Memory usage after reset: 2242.875 MiB (Increase: 0.0 MiB)
Current lengths of episodes: [0, 1600]
Memory usage at done (index 1, length 1600, since_prev 0): 2242.875 MiB (Increase: 0.0 MiB)
Memory usage before reset: 2242.875 MiB (Increase: 0.0 MiB)
Memory usage after reset: 2242.875 MiB (Increase: 0.0 MiB)
Training episode 282
Memory usage at middle: 2242.875 MiB (Increase: 0.0 MiB)
Memory usage before collect: 2242.875 MiB (Increase: 0.0 MiB)
Memory usage after collect: 2242.875 MiB (Increase: 0.0 MiB)
Memory usage before initialization: 2242.875 MiB (Increase: 0.0 MiB)
Memory usage after initialization: 2242.875 MiB (Increase: 0.0 MiB)
Current lengths of episodes: [98, 97]
Memory usage at done (index 0, length 98, since_prev 98): 2242.875 MiB (Increase: 0.0 MiB)
Memory usage before reset: 2242.875 MiB (Increase: 0.0 MiB)
Memory usage after reset: 2242.875 MiB (Increase: 0.0 MiB)
Current lengths of episodes: [1502, 1600]
Memory usage at done (index 1, length 1600, since_prev 1502): 2242.875 MiB (Increase: 0.0 MiB)
Memory usage before reset: 2242.875 MiB (Increase: 0.0 MiB)
Memory usage after reset: 2242.875 MiB (Increase: 0.0 MiB)
Training episode 284
Memory usage at middle: 2242.875 MiB (Increase: 0.0 MiB)
Memory usage before collect: 2242.875 MiB (Increase: 0.0 MiB)
Memory usage after collect: 2242.875 MiB (Increase: 0.0 MiB)
Memory usage before initialization: 2242.875 MiB (Increase: 0.0 MiB)
Memory usage after initialization: 2242.875 MiB (Increase: 0.0 MiB)
Current lengths of episodes: [61, 60]
Memory usage at done (index 0, length 61, since_prev 61): 2242.875 MiB (Increase: 0.0 MiB)
Memory usage before reset: 2242.875 MiB (Increase: 0.0 MiB)
Memory usage after reset: 2242.875 MiB (Increase: 0.0 MiB)
Current lengths of episodes: [877, 937]
Memory usage at done (index 0, length 877, since_prev 877): 2242.875 MiB (Increase: 0.0 MiB)
Memory usage before reset: 2242.875 MiB (Increase: 0.0 MiB)
Memory usage after reset: 2242.875 MiB (Increase: 0.0 MiB)
Training episode 286
Memory usage at middle: 2242.875 MiB (Increase: 0.0 MiB)
Memory usage before collect: 2242.875 MiB (Increase: 0.0 MiB)
Memory usage after collect: 2242.875 MiB (Increase: 0.0 MiB)
Memory usage before initialization: 2242.875 MiB (Increase: 0.0 MiB)
Memory usage after initialization: 2242.875 MiB (Increase: 0.0 MiB)
Current lengths of episodes: [63, 63]
Memory usage at done (index 1, length 63, since_prev 63): 2242.875 MiB (Increase: 0.0 MiB)
Memory usage before reset: 2242.875 MiB (Increase: 0.0 MiB)
Memory usage after reset: 2242.875 MiB (Increase: 0.0 MiB)
Current lengths of episodes: [88, 24]
Memory usage at done (index 0, length 88, since_prev 25): 2242.875 MiB (Increase: 0.0 MiB)
Memory usage before reset: 2242.875 MiB (Increase: 0.0 MiB)
Memory usage after reset: 2242.875 MiB (Increase: 0.0 MiB)
Training episode 288
Memory usage at middle: 2242.875 MiB (Increase: 0.0 MiB)
Memory usage before collect: 2242.875 MiB (Increase: 0.0 MiB)
Memory usage after collect: 2242.875 MiB (Increase: 0.0 MiB)
Memory usage before initialization: 2242.875 MiB (Increase: 0.0 MiB)
Memory usage after initialization: 2242.875 MiB (Increase: 0.0 MiB)
Current lengths of episodes: [82, 82]
Memory usage at done (index 1, length 82, since_prev 82): 2242.875 MiB (Increase: 0.0 MiB)
Memory usage before reset: 2242.875 MiB (Increase: 0.0 MiB)
Memory usage after reset: 2242.875 MiB (Increase: 0.0 MiB)
Current lengths of episodes: [1600, 1517]
Memory usage at done (index 0, length 1600, since_prev 1518): 2242.875 MiB (Increase: 0.0 MiB)
Memory usage before reset: 2242.875 MiB (Increase: 0.0 MiB)
Memory usage after reset: 2242.875 MiB (Increase: 0.0 MiB)
Training episode 290
Memory usage at middle: 2242.875 MiB (Increase: 0.0 MiB)
Memory usage before collect: 2242.875 MiB (Increase: 0.0 MiB)
Memory usage after collect: 2242.875 MiB (Increase: 0.0 MiB)
Memory usage before initialization: 2242.875 MiB (Increase: 0.0 MiB)
Memory usage after initialization: 2242.875 MiB (Increase: 0.0 MiB)
Current lengths of episodes: [1600, 1599]
Memory usage at done (index 0, length 1600, since_prev 1600): 2242.875 MiB (Increase: 0.0 MiB)
Memory usage before reset: 2242.875 MiB (Increase: 0.0 MiB)
Memory usage after reset: 2242.875 MiB (Increase: 0.0 MiB)
Current lengths of episodes: [0, 1600]
Memory usage at done (index 1, length 1600, since_prev 0): 2242.875 MiB (Increase: 0.0 MiB)
Memory usage before reset: 2242.875 MiB (Increase: 0.0 MiB)
Memory usage after reset: 2242.875 MiB (Increase: 0.0 MiB)
Training episode 292
Memory usage at middle: 2242.875 MiB (Increase: 0.0 MiB)
Memory usage before collect: 2242.875 MiB (Increase: 0.0 MiB)
Memory usage after collect: 2242.875 MiB (Increase: 0.0 MiB)
Memory usage before initialization: 2242.875 MiB (Increase: 0.0 MiB)
Memory usage after initialization: 2242.875 MiB (Increase: 0.0 MiB)
Current lengths of episodes: [63, 62]
Memory usage at done (index 0, length 63, since_prev 63): 2242.875 MiB (Increase: 0.0 MiB)
Memory usage before reset: 2242.875 MiB (Increase: 0.0 MiB)
Memory usage after reset: 2242.875 MiB (Increase: 0.0 MiB)
Current lengths of episodes: [65, 127]
Memory usage at done (index 0, length 65, since_prev 65): 2242.875 MiB (Increase: 0.0 MiB)
Memory usage before reset: 2242.875 MiB (Increase: 0.0 MiB)
Memory usage after reset: 2242.875 MiB (Increase: 0.0 MiB)
Training episode 294
Memory usage at middle: 2242.875 MiB (Increase: 0.0 MiB)
Memory usage before collect: 2242.875 MiB (Increase: 0.0 MiB)
Memory usage after collect: 2242.875 MiB (Increase: 0.0 MiB)
Memory usage before initialization: 2242.875 MiB (Increase: 0.0 MiB)
Memory usage after initialization: 2242.875 MiB (Increase: 0.0 MiB)
Current lengths of episodes: [1600, 1599]
Memory usage at done (index 0, length 1600, since_prev 1600): 2242.875 MiB (Increase: 0.0 MiB)
Memory usage before reset: 2242.875 MiB (Increase: 0.0 MiB)
Memory usage after reset: 2242.875 MiB (Increase: 0.0 MiB)
Current lengths of episodes: [0, 1600]
Memory usage at done (index 1, length 1600, since_prev 0): 2242.875 MiB (Increase: 0.0 MiB)
Memory usage before reset: 2242.875 MiB (Increase: 0.0 MiB)
Memory usage after reset: 2242.875 MiB (Increase: 0.0 MiB)
Training episode 296
Memory usage at middle: 2242.875 MiB (Increase: 0.0 MiB)
Memory usage before collect: 2242.875 MiB (Increase: 0.0 MiB)
Memory usage after collect: 2242.875 MiB (Increase: 0.0 MiB)
Memory usage before initialization: 2242.875 MiB (Increase: 0.0 MiB)
Memory usage after initialization: 2242.875 MiB (Increase: 0.0 MiB)
Current lengths of episodes: [62, 61]
Memory usage at done (index 0, length 62, since_prev 62): 2242.875 MiB (Increase: 0.0 MiB)
Memory usage before reset: 2242.875 MiB (Increase: 0.0 MiB)
Memory usage after reset: 2242.875 MiB (Increase: 0.0 MiB)
Current lengths of episodes: [12, 74]
Memory usage at done (index 1, length 74, since_prev 12): 2242.875 MiB (Increase: 0.0 MiB)
Memory usage before reset: 2242.875 MiB (Increase: 0.0 MiB)
Memory usage after reset: 2242.875 MiB (Increase: 0.0 MiB)
Training episode 298
Memory usage at middle: 2242.875 MiB (Increase: 0.0 MiB)
Memory usage before collect: 2242.875 MiB (Increase: 0.0 MiB)
Memory usage after collect: 2242.875 MiB (Increase: 0.0 MiB)
Memory usage before initialization: 2242.875 MiB (Increase: 0.0 MiB)
Memory usage after initialization: 2242.875 MiB (Increase: 0.0 MiB)
Current lengths of episodes: [203, 203]
Memory usage at done (index 1, length 203, since_prev 203): 2242.875 MiB (Increase: 0.0 MiB)
Memory usage before reset: 2242.875 MiB (Increase: 0.0 MiB)
Memory usage after reset: 2242.875 MiB (Increase: 0.0 MiB)
Current lengths of episodes: [1600, 1396]
Memory usage at done (index 0, length 1600, since_prev 1397): 2242.875 MiB (Increase: 0.0 MiB)
Memory usage before reset: 2242.875 MiB (Increase: 0.0 MiB)
Memory usage after reset: 2242.875 MiB (Increase: 0.0 MiB)
Training episode 300
Memory usage at middle: 2242.875 MiB (Increase: 0.0 MiB)
Memory usage before collect: 2242.875 MiB (Increase: 0.0 MiB)
Memory usage after collect: 2242.875 MiB (Increase: 0.0 MiB)
Episode 300	Average evaluation: -24.657946444170783
Memory usage before initialization: 2242.875 MiB (Increase: 0.0 MiB)
Memory usage after initialization: 2242.875 MiB (Increase: 0.0 MiB)
Current lengths of episodes: [137, 136]
Memory usage at done (index 0, length 137, since_prev 137): 2242.875 MiB (Increase: 0.0 MiB)
Memory usage before reset: 2242.875 MiB (Increase: 0.0 MiB)
Memory usage after reset: 2242.875 MiB (Increase: 0.0 MiB)
Current lengths of episodes: [1463, 1600]
Memory usage at done (index 1, length 1600, since_prev 1463): 2242.875 MiB (Increase: 0.0 MiB)
Memory usage before reset: 2242.875 MiB (Increase: 0.0 MiB)
Memory usage after reset: 2242.875 MiB (Increase: 0.0 MiB)
Training episode 302
Memory usage at middle: 2242.875 MiB (Increase: 0.0 MiB)
Memory usage before collect: 2242.875 MiB (Increase: 0.0 MiB)
Memory usage after collect: 2242.875 MiB (Increase: 0.0 MiB)
Memory usage before initialization: 2242.875 MiB (Increase: 0.0 MiB)
Memory usage after initialization: 2242.875 MiB (Increase: 0.0 MiB)
Current lengths of episodes: [1600, 1599]
Memory usage at done (index 0, length 1600, since_prev 1600): 2242.875 MiB (Increase: 0.0 MiB)
Memory usage before reset: 2242.875 MiB (Increase: 0.0 MiB)
Memory usage after reset: 2242.875 MiB (Increase: 0.0 MiB)
Current lengths of episodes: [0, 1600]
Memory usage at done (index 1, length 1600, since_prev 0): 2242.875 MiB (Increase: 0.0 MiB)
Memory usage before reset: 2242.875 MiB (Increase: 0.0 MiB)
Memory usage after reset: 2242.875 MiB (Increase: 0.0 MiB)
Training episode 304
Memory usage at middle: 2242.875 MiB (Increase: 0.0 MiB)
Memory usage before collect: 2242.875 MiB (Increase: 0.0 MiB)
Memory usage after collect: 2242.875 MiB (Increase: 0.0 MiB)
Memory usage before initialization: 2242.875 MiB (Increase: 0.0 MiB)
Memory usage after initialization: 2242.875 MiB (Increase: 0.0 MiB)
Current lengths of episodes: [80, 79]
Memory usage at done (index 0, length 80, since_prev 80): 2242.875 MiB (Increase: 0.0 MiB)
Memory usage before reset: 2242.875 MiB (Increase: 0.0 MiB)
Memory usage after reset: 2242.875 MiB (Increase: 0.0 MiB)
Current lengths of episodes: [99, 178]
Memory usage at done (index 0, length 99, since_prev 99): 2242.875 MiB (Increase: 0.0 MiB)
Memory usage before reset: 2242.875 MiB (Increase: 0.0 MiB)
Memory usage after reset: 2242.875 MiB (Increase: 0.0 MiB)
Training episode 306
Memory usage at middle: 2242.875 MiB (Increase: 0.0 MiB)
Memory usage before collect: 2242.875 MiB (Increase: 0.0 MiB)
Memory usage after collect: 2242.875 MiB (Increase: 0.0 MiB)
Memory usage before initialization: 2242.875 MiB (Increase: 0.0 MiB)
Memory usage after initialization: 2242.875 MiB (Increase: 0.0 MiB)
Current lengths of episodes: [49, 48]
Memory usage at done (index 0, length 49, since_prev 49): 2242.875 MiB (Increase: 0.0 MiB)
Memory usage before reset: 2242.875 MiB (Increase: 0.0 MiB)
Memory usage after reset: 2242.875 MiB (Increase: 0.0 MiB)
Current lengths of episodes: [18, 67]
Memory usage at done (index 1, length 67, since_prev 18): 2242.875 MiB (Increase: 0.0 MiB)
Memory usage before reset: 2242.875 MiB (Increase: 0.0 MiB)
Memory usage after reset: 2242.875 MiB (Increase: 0.0 MiB)
Training episode 308
Memory usage at middle: 2242.875 MiB (Increase: 0.0 MiB)
Memory usage before collect: 2242.875 MiB (Increase: 0.0 MiB)
Memory usage after collect: 2242.875 MiB (Increase: 0.0 MiB)
Memory usage before initialization: 2242.875 MiB (Increase: 0.0 MiB)
Memory usage after initialization: 2242.875 MiB (Increase: 0.0 MiB)
Current lengths of episodes: [1600, 1599]
Memory usage at done (index 0, length 1600, since_prev 1600): 2242.875 MiB (Increase: 0.0 MiB)
Memory usage before reset: 2242.875 MiB (Increase: 0.0 MiB)
Memory usage after reset: 2242.875 MiB (Increase: 0.0 MiB)
Current lengths of episodes: [0, 1600]
Memory usage at done (index 1, length 1600, since_prev 0): 2242.875 MiB (Increase: 0.0 MiB)
Memory usage before reset: 2242.875 MiB (Increase: 0.0 MiB)
Memory usage after reset: 2242.875 MiB (Increase: 0.0 MiB)
Training episode 310
Memory usage at middle: 2242.875 MiB (Increase: 0.0 MiB)
Memory usage before collect: 2242.875 MiB (Increase: 0.0 MiB)
Memory usage after collect: 2242.875 MiB (Increase: 0.0 MiB)
Memory usage before initialization: 2242.875 MiB (Increase: 0.0 MiB)
Memory usage after initialization: 2242.875 MiB (Increase: 0.0 MiB)
Current lengths of episodes: [1600, 1599]
Memory usage at done (index 0, length 1600, since_prev 1600): 2242.875 MiB (Increase: 0.0 MiB)
Memory usage before reset: 2242.875 MiB (Increase: 0.0 MiB)
Memory usage after reset: 2242.875 MiB (Increase: 0.0 MiB)
Current lengths of episodes: [0, 1600]
Memory usage at done (index 1, length 1600, since_prev 0): 2242.875 MiB (Increase: 0.0 MiB)
Memory usage before reset: 2242.875 MiB (Increase: 0.0 MiB)
Memory usage after reset: 2242.875 MiB (Increase: 0.0 MiB)
Training episode 312
Memory usage at middle: 2242.875 MiB (Increase: 0.0 MiB)
Memory usage before collect: 2242.875 MiB (Increase: 0.0 MiB)
Memory usage after collect: 2242.875 MiB (Increase: 0.0 MiB)
Memory usage before initialization: 2242.875 MiB (Increase: 0.0 MiB)
Memory usage after initialization: 2242.875 MiB (Increase: 0.0 MiB)
Current lengths of episodes: [1600, 1599]
Memory usage at done (index 0, length 1600, since_prev 1600): 2242.875 MiB (Increase: 0.0 MiB)
Memory usage before reset: 2242.875 MiB (Increase: 0.0 MiB)
Memory usage after reset: 2242.875 MiB (Increase: 0.0 MiB)
Current lengths of episodes: [0, 1600]
Memory usage at done (index 1, length 1600, since_prev 0): 2242.875 MiB (Increase: 0.0 MiB)
Memory usage before reset: 2242.875 MiB (Increase: 0.0 MiB)
Memory usage after reset: 2242.875 MiB (Increase: 0.0 MiB)
Training episode 314
Memory usage at middle: 2242.875 MiB (Increase: 0.0 MiB)
Memory usage before collect: 2242.875 MiB (Increase: 0.0 MiB)
Memory usage after collect: 2242.875 MiB (Increase: 0.0 MiB)
Memory usage before initialization: 2242.875 MiB (Increase: 0.0 MiB)
Memory usage after initialization: 2242.875 MiB (Increase: 0.0 MiB)
Current lengths of episodes: [51, 51]
Memory usage at done (index 1, length 51, since_prev 51): 2242.875 MiB (Increase: 0.0 MiB)
Memory usage before reset: 2242.875 MiB (Increase: 0.0 MiB)
Memory usage after reset: 2242.875 MiB (Increase: 0.0 MiB)
Current lengths of episodes: [56, 4]
Memory usage at done (index 0, length 56, since_prev 5): 2242.875 MiB (Increase: 0.0 MiB)
Memory usage before reset: 2242.875 MiB (Increase: 0.0 MiB)
Memory usage after reset: 2242.875 MiB (Increase: 0.0 MiB)
Training episode 316
Memory usage at middle: 2242.875 MiB (Increase: 0.0 MiB)
Memory usage before collect: 2242.875 MiB (Increase: 0.0 MiB)
Memory usage after collect: 2242.875 MiB (Increase: 0.0 MiB)
Memory usage before initialization: 2242.875 MiB (Increase: 0.0 MiB)
Memory usage after initialization: 2242.875 MiB (Increase: 0.0 MiB)
Current lengths of episodes: [41, 41]
Memory usage at done (index 1, length 41, since_prev 41): 2242.875 MiB (Increase: 0.0 MiB)
Memory usage before reset: 2242.875 MiB (Increase: 0.0 MiB)
Memory usage after reset: 2242.875 MiB (Increase: 0.0 MiB)
Current lengths of episodes: [121, 80]
Memory usage at done (index 1, length 80, since_prev 80): 2242.875 MiB (Increase: 0.0 MiB)
Memory usage before reset: 2242.875 MiB (Increase: 0.0 MiB)
Memory usage after reset: 2242.875 MiB (Increase: 0.0 MiB)
Training episode 318
Memory usage at middle: 2242.875 MiB (Increase: 0.0 MiB)
Memory usage before collect: 2242.875 MiB (Increase: 0.0 MiB)
Memory usage after collect: 2242.875 MiB (Increase: 0.0 MiB)
Memory usage before initialization: 2242.875 MiB (Increase: 0.0 MiB)
Memory usage after initialization: 2242.875 MiB (Increase: 0.0 MiB)
Current lengths of episodes: [50, 50]
Memory usage at done (index 1, length 50, since_prev 50): 2242.875 MiB (Increase: 0.0 MiB)
Memory usage before reset: 2242.875 MiB (Increase: 0.0 MiB)
Memory usage after reset: 2242.875 MiB (Increase: 0.0 MiB)
Current lengths of episodes: [133, 82]
Memory usage at done (index 0, length 133, since_prev 83): 2242.875 MiB (Increase: 0.0 MiB)
Memory usage before reset: 2242.875 MiB (Increase: 0.0 MiB)
Memory usage after reset: 2242.875 MiB (Increase: 0.0 MiB)
Training episode 320
Memory usage at middle: 2242.875 MiB (Increase: 0.0 MiB)
Memory usage before collect: 2242.875 MiB (Increase: 0.0 MiB)
Memory usage after collect: 2242.875 MiB (Increase: 0.0 MiB)
Memory usage before initialization: 2242.875 MiB (Increase: 0.0 MiB)
Memory usage after initialization: 2242.875 MiB (Increase: 0.0 MiB)
Current lengths of episodes: [60, 59]
Memory usage at done (index 0, length 60, since_prev 60): 2242.875 MiB (Increase: 0.0 MiB)
Memory usage before reset: 2242.875 MiB (Increase: 0.0 MiB)
Memory usage after reset: 2242.875 MiB (Increase: 0.0 MiB)
Current lengths of episodes: [28, 88]
Memory usage at done (index 1, length 88, since_prev 28): 2242.875 MiB (Increase: 0.0 MiB)
Memory usage before reset: 2242.875 MiB (Increase: 0.0 MiB)
Memory usage after reset: 2242.875 MiB (Increase: 0.0 MiB)
Training episode 322
Memory usage at middle: 2242.875 MiB (Increase: 0.0 MiB)
Memory usage before collect: 2242.875 MiB (Increase: 0.0 MiB)
Memory usage after collect: 2242.875 MiB (Increase: 0.0 MiB)
Memory usage before initialization: 2242.875 MiB (Increase: 0.0 MiB)
Memory usage after initialization: 2242.875 MiB (Increase: 0.0 MiB)
Current lengths of episodes: [104, 104]
Memory usage at done (index 1, length 104, since_prev 104): 2242.875 MiB (Increase: 0.0 MiB)
Memory usage before reset: 2242.875 MiB (Increase: 0.0 MiB)
Memory usage after reset: 2242.875 MiB (Increase: 0.0 MiB)
Current lengths of episodes: [249, 145]
Memory usage at done (index 1, length 145, since_prev 145): 2242.875 MiB (Increase: 0.0 MiB)
Memory usage before reset: 2242.875 MiB (Increase: 0.0 MiB)
Memory usage after reset: 2242.875 MiB (Increase: 0.0 MiB)
Training episode 324
Memory usage at middle: 2242.875 MiB (Increase: 0.0 MiB)
Memory usage before collect: 2242.875 MiB (Increase: 0.0 MiB)
Memory usage after collect: 2242.875 MiB (Increase: 0.0 MiB)
Memory usage before initialization: 2242.875 MiB (Increase: 0.0 MiB)
Memory usage after initialization: 2242.875 MiB (Increase: 0.0 MiB)
Current lengths of episodes: [46, 46]
Memory usage at done (index 1, length 46, since_prev 46): 2242.875 MiB (Increase: 0.0 MiB)
Memory usage before reset: 2242.875 MiB (Increase: 0.0 MiB)
Memory usage after reset: 2242.875 MiB (Increase: 0.0 MiB)
Current lengths of episodes: [60, 13]
Memory usage at done (index 0, length 60, since_prev 14): 2242.875 MiB (Increase: 0.0 MiB)
Memory usage before reset: 2242.875 MiB (Increase: 0.0 MiB)
Memory usage after reset: 2242.875 MiB (Increase: 0.0 MiB)
Training episode 326
Memory usage at middle: 2242.875 MiB (Increase: 0.0 MiB)
Memory usage before collect: 2242.875 MiB (Increase: 0.0 MiB)
Memory usage after collect: 2242.875 MiB (Increase: 0.0 MiB)
Memory usage before initialization: 2242.875 MiB (Increase: 0.0 MiB)
Memory usage after initialization: 2242.875 MiB (Increase: 0.0 MiB)
Current lengths of episodes: [1600, 1599]
Memory usage at done (index 0, length 1600, since_prev 1600): 2242.875 MiB (Increase: 0.0 MiB)
Memory usage before reset: 2242.875 MiB (Increase: 0.0 MiB)
Memory usage after reset: 2242.875 MiB (Increase: 0.0 MiB)
Current lengths of episodes: [0, 1600]
Memory usage at done (index 1, length 1600, since_prev 0): 2242.875 MiB (Increase: 0.0 MiB)
Memory usage before reset: 2242.875 MiB (Increase: 0.0 MiB)
Memory usage after reset: 2242.875 MiB (Increase: 0.0 MiB)
Training episode 328
Memory usage at middle: 2242.875 MiB (Increase: 0.0 MiB)
Memory usage before collect: 2242.875 MiB (Increase: 0.0 MiB)
Memory usage after collect: 2242.875 MiB (Increase: 0.0 MiB)
Memory usage before initialization: 2242.875 MiB (Increase: 0.0 MiB)
Memory usage after initialization: 2242.875 MiB (Increase: 0.0 MiB)
Current lengths of episodes: [63, 63]
Memory usage at done (index 1, length 63, since_prev 63): 2242.875 MiB (Increase: 0.0 MiB)
Memory usage before reset: 2242.875 MiB (Increase: 0.0 MiB)
Memory usage after reset: 2242.875 MiB (Increase: 0.0 MiB)
Current lengths of episodes: [104, 40]
Memory usage at done (index 0, length 104, since_prev 41): 2242.875 MiB (Increase: 0.0 MiB)
Memory usage before reset: 2242.875 MiB (Increase: 0.0 MiB)
Memory usage after reset: 2242.875 MiB (Increase: 0.0 MiB)
Training episode 330
Memory usage at middle: 2242.875 MiB (Increase: 0.0 MiB)
Memory usage before collect: 2242.875 MiB (Increase: 0.0 MiB)
Memory usage after collect: 2242.875 MiB (Increase: 0.0 MiB)
Memory usage before initialization: 2242.875 MiB (Increase: 0.0 MiB)
Memory usage after initialization: 2242.875 MiB (Increase: 0.0 MiB)
Current lengths of episodes: [70, 70]
Memory usage at done (index 1, length 70, since_prev 70): 2242.875 MiB (Increase: 0.0 MiB)
Memory usage before reset: 2242.875 MiB (Increase: 0.0 MiB)
Memory usage after reset: 2242.875 MiB (Increase: 0.0 MiB)
Current lengths of episodes: [1600, 1529]
Memory usage at done (index 0, length 1600, since_prev 1530): 2242.875 MiB (Increase: 0.0 MiB)
Memory usage before reset: 2242.875 MiB (Increase: 0.0 MiB)
Memory usage after reset: 2242.875 MiB (Increase: 0.0 MiB)
Training episode 332
Memory usage at middle: 2242.875 MiB (Increase: 0.0 MiB)
Memory usage before collect: 2242.875 MiB (Increase: 0.0 MiB)
Memory usage after collect: 2242.875 MiB (Increase: 0.0 MiB)
Memory usage before initialization: 2242.875 MiB (Increase: 0.0 MiB)
Memory usage after initialization: 2242.875 MiB (Increase: 0.0 MiB)
Current lengths of episodes: [67, 66]
Memory usage at done (index 0, length 67, since_prev 67): 2242.875 MiB (Increase: 0.0 MiB)
Memory usage before reset: 2242.875 MiB (Increase: 0.0 MiB)
Memory usage after reset: 2242.875 MiB (Increase: 0.0 MiB)
Current lengths of episodes: [1533, 1600]
Memory usage at done (index 1, length 1600, since_prev 1533): 2242.875 MiB (Increase: 0.0 MiB)
Memory usage before reset: 2242.875 MiB (Increase: 0.0 MiB)
Memory usage after reset: 2242.875 MiB (Increase: 0.0 MiB)
Training episode 334
Memory usage at middle: 2242.875 MiB (Increase: 0.0 MiB)
Memory usage before collect: 2242.875 MiB (Increase: 0.0 MiB)
Memory usage after collect: 2242.875 MiB (Increase: 0.0 MiB)
Memory usage before initialization: 2242.875 MiB (Increase: 0.0 MiB)
Memory usage after initialization: 2242.875 MiB (Increase: 0.0 MiB)
Current lengths of episodes: [465, 464]
Memory usage at done (index 0, length 465, since_prev 465): 2242.875 MiB (Increase: 0.0 MiB)
Memory usage before reset: 2242.875 MiB (Increase: 0.0 MiB)
Memory usage after reset: 2242.875 MiB (Increase: 0.0 MiB)
Current lengths of episodes: [1135, 1600]
Memory usage at done (index 1, length 1600, since_prev 1135): 2242.875 MiB (Increase: 0.0 MiB)
Memory usage before reset: 2242.875 MiB (Increase: 0.0 MiB)
Memory usage after reset: 2242.875 MiB (Increase: 0.0 MiB)
Training episode 336
Memory usage at middle: 2242.875 MiB (Increase: 0.0 MiB)
Memory usage before collect: 2242.875 MiB (Increase: 0.0 MiB)
Memory usage after collect: 2242.875 MiB (Increase: 0.0 MiB)
Memory usage before initialization: 2242.875 MiB (Increase: 0.0 MiB)
Memory usage after initialization: 2242.875 MiB (Increase: 0.0 MiB)
Current lengths of episodes: [1600, 1599]
Memory usage at done (index 0, length 1600, since_prev 1600): 2242.875 MiB (Increase: 0.0 MiB)
Memory usage before reset: 2242.875 MiB (Increase: 0.0 MiB)
Memory usage after reset: 2242.875 MiB (Increase: 0.0 MiB)
Current lengths of episodes: [0, 1600]
Memory usage at done (index 1, length 1600, since_prev 0): 2242.875 MiB (Increase: 0.0 MiB)
Memory usage before reset: 2242.875 MiB (Increase: 0.0 MiB)
Memory usage after reset: 2242.875 MiB (Increase: 0.0 MiB)
Training episode 338
Memory usage at middle: 2242.875 MiB (Increase: 0.0 MiB)
Memory usage before collect: 2242.875 MiB (Increase: 0.0 MiB)
Memory usage after collect: 2242.875 MiB (Increase: 0.0 MiB)
Memory usage before initialization: 2242.875 MiB (Increase: 0.0 MiB)
Memory usage after initialization: 2242.875 MiB (Increase: 0.0 MiB)
Current lengths of episodes: [86, 85]
Memory usage at done (index 0, length 86, since_prev 86): 2242.875 MiB (Increase: 0.0 MiB)
Memory usage before reset: 2242.875 MiB (Increase: 0.0 MiB)
Memory usage after reset: 2242.875 MiB (Increase: 0.0 MiB)
Current lengths of episodes: [64, 149]
Memory usage at done (index 0, length 64, since_prev 64): 2242.875 MiB (Increase: 0.0 MiB)
Memory usage before reset: 2242.875 MiB (Increase: 0.0 MiB)
Memory usage after reset: 2242.875 MiB (Increase: 0.0 MiB)
Training episode 340
Memory usage at middle: 2242.875 MiB (Increase: 0.0 MiB)
Memory usage before collect: 2242.875 MiB (Increase: 0.0 MiB)
Memory usage after collect: 2242.875 MiB (Increase: 0.0 MiB)
Memory usage before initialization: 2242.875 MiB (Increase: 0.0 MiB)
Memory usage after initialization: 2242.875 MiB (Increase: 0.0 MiB)
Current lengths of episodes: [62, 62]
Memory usage at done (index 1, length 62, since_prev 62): 2242.875 MiB (Increase: 0.0 MiB)
Memory usage before reset: 2242.875 MiB (Increase: 0.0 MiB)
Memory usage after reset: 2242.875 MiB (Increase: 0.0 MiB)
Current lengths of episodes: [76, 13]
Memory usage at done (index 0, length 76, since_prev 14): 2242.875 MiB (Increase: 0.0 MiB)
Memory usage before reset: 2242.875 MiB (Increase: 0.0 MiB)
Memory usage after reset: 2242.875 MiB (Increase: 0.0 MiB)
Training episode 342
Memory usage at middle: 2242.875 MiB (Increase: 0.0 MiB)
Memory usage before collect: 2242.875 MiB (Increase: 0.0 MiB)
Memory usage after collect: 2242.875 MiB (Increase: 0.0 MiB)
Memory usage before initialization: 2242.875 MiB (Increase: 0.0 MiB)
Memory usage after initialization: 2242.875 MiB (Increase: 0.0 MiB)
Current lengths of episodes: [197, 196]
Memory usage at done (index 0, length 197, since_prev 197): 2242.875 MiB (Increase: 0.0 MiB)
Memory usage before reset: 2242.875 MiB (Increase: 0.0 MiB)
Memory usage after reset: 2242.875 MiB (Increase: 0.0 MiB)
Current lengths of episodes: [66, 262]
Memory usage at done (index 0, length 66, since_prev 66): 2242.875 MiB (Increase: 0.0 MiB)
Memory usage before reset: 2242.875 MiB (Increase: 0.0 MiB)
Memory usage after reset: 2242.875 MiB (Increase: 0.0 MiB)
Training episode 344
Memory usage at middle: 2242.875 MiB (Increase: 0.0 MiB)
Memory usage before collect: 2242.875 MiB (Increase: 0.0 MiB)
Memory usage after collect: 2242.875 MiB (Increase: 0.0 MiB)
Memory usage before initialization: 2242.875 MiB (Increase: 0.0 MiB)
Memory usage after initialization: 2242.875 MiB (Increase: 0.0 MiB)
Current lengths of episodes: [1600, 1599]
Memory usage at done (index 0, length 1600, since_prev 1600): 2242.875 MiB (Increase: 0.0 MiB)
Memory usage before reset: 2242.875 MiB (Increase: 0.0 MiB)
Memory usage after reset: 2242.875 MiB (Increase: 0.0 MiB)
Current lengths of episodes: [0, 1600]
Memory usage at done (index 1, length 1600, since_prev 0): 2242.875 MiB (Increase: 0.0 MiB)
Memory usage before reset: 2242.875 MiB (Increase: 0.0 MiB)
Memory usage after reset: 2242.875 MiB (Increase: 0.0 MiB)
Training episode 346
Memory usage at middle: 2242.875 MiB (Increase: 0.0 MiB)
Memory usage before collect: 2242.875 MiB (Increase: 0.0 MiB)
Memory usage after collect: 2242.875 MiB (Increase: 0.0 MiB)
Memory usage before initialization: 2242.875 MiB (Increase: 0.0 MiB)
Memory usage after initialization: 2242.875 MiB (Increase: 0.0 MiB)
Current lengths of episodes: [76, 75]
Memory usage at done (index 0, length 76, since_prev 76): 2242.875 MiB (Increase: 0.0 MiB)
Memory usage before reset: 2242.875 MiB (Increase: 0.0 MiB)
Memory usage after reset: 2242.875 MiB (Increase: 0.0 MiB)
Current lengths of episodes: [69, 144]
Memory usage at done (index 0, length 69, since_prev 69): 2242.875 MiB (Increase: 0.0 MiB)
Memory usage before reset: 2242.875 MiB (Increase: 0.0 MiB)
Memory usage after reset: 2242.875 MiB (Increase: 0.0 MiB)
Training episode 348
Memory usage at middle: 2242.875 MiB (Increase: 0.0 MiB)
Memory usage before collect: 2242.875 MiB (Increase: 0.0 MiB)
Memory usage after collect: 2242.875 MiB (Increase: 0.0 MiB)
Memory usage before initialization: 2242.875 MiB (Increase: 0.0 MiB)
Memory usage after initialization: 2242.875 MiB (Increase: 0.0 MiB)
Current lengths of episodes: [1600, 1599]
Memory usage at done (index 0, length 1600, since_prev 1600): 2242.875 MiB (Increase: 0.0 MiB)
Memory usage before reset: 2242.875 MiB (Increase: 0.0 MiB)
Memory usage after reset: 2242.875 MiB (Increase: 0.0 MiB)
Current lengths of episodes: [0, 1600]
Memory usage at done (index 1, length 1600, since_prev 0): 2242.875 MiB (Increase: 0.0 MiB)
Memory usage before reset: 2242.875 MiB (Increase: 0.0 MiB)
Memory usage after reset: 2242.875 MiB (Increase: 0.0 MiB)
Training episode 350
Memory usage at middle: 2242.875 MiB (Increase: 0.0 MiB)
Memory usage before collect: 2242.875 MiB (Increase: 0.0 MiB)
Memory usage after collect: 2242.875 MiB (Increase: 0.0 MiB)
Episode 350	Average evaluation: -21.82848125093343
Memory usage before initialization: 2242.875 MiB (Increase: 0.0 MiB)
Memory usage after initialization: 2242.875 MiB (Increase: 0.0 MiB)
Current lengths of episodes: [67, 67]
Memory usage at done (index 1, length 67, since_prev 67): 2242.875 MiB (Increase: 0.0 MiB)
Memory usage before reset: 2242.875 MiB (Increase: 0.0 MiB)
Memory usage after reset: 2242.875 MiB (Increase: 0.0 MiB)
Current lengths of episodes: [128, 61]
Memory usage at done (index 1, length 61, since_prev 61): 2242.875 MiB (Increase: 0.0 MiB)
Memory usage before reset: 2242.875 MiB (Increase: 0.0 MiB)
Memory usage after reset: 2242.875 MiB (Increase: 0.0 MiB)
Training episode 352
Memory usage at middle: 2242.875 MiB (Increase: 0.0 MiB)
Memory usage before collect: 2242.875 MiB (Increase: 0.0 MiB)
Memory usage after collect: 2242.875 MiB (Increase: 0.0 MiB)
Memory usage before initialization: 2242.875 MiB (Increase: 0.0 MiB)
Memory usage after initialization: 2242.875 MiB (Increase: 0.0 MiB)
Current lengths of episodes: [85, 84]
Memory usage at done (index 0, length 85, since_prev 85): 2242.875 MiB (Increase: 0.0 MiB)
Memory usage before reset: 2242.875 MiB (Increase: 0.0 MiB)
Memory usage after reset: 2242.875 MiB (Increase: 0.0 MiB)
Current lengths of episodes: [23, 108]
Memory usage at done (index 1, length 108, since_prev 23): 2242.875 MiB (Increase: 0.0 MiB)
Memory usage before reset: 2242.875 MiB (Increase: 0.0 MiB)
Memory usage after reset: 2242.875 MiB (Increase: 0.0 MiB)
Training episode 354
Memory usage at middle: 2242.875 MiB (Increase: 0.0 MiB)
Memory usage before collect: 2242.875 MiB (Increase: 0.0 MiB)
Memory usage after collect: 2242.875 MiB (Increase: 0.0 MiB)
Memory usage before initialization: 2242.875 MiB (Increase: 0.0 MiB)
Memory usage after initialization: 2242.875 MiB (Increase: 0.0 MiB)
Current lengths of episodes: [79, 79]
Memory usage at done (index 1, length 79, since_prev 79): 2242.875 MiB (Increase: 0.0 MiB)
Memory usage before reset: 2242.875 MiB (Increase: 0.0 MiB)
Memory usage after reset: 2242.875 MiB (Increase: 0.0 MiB)
Current lengths of episodes: [118, 38]
Memory usage at done (index 0, length 118, since_prev 39): 2242.875 MiB (Increase: 0.0 MiB)
Memory usage before reset: 2242.875 MiB (Increase: 0.0 MiB)
Memory usage after reset: 2242.875 MiB (Increase: 0.0 MiB)
Training episode 356
Memory usage at middle: 2242.875 MiB (Increase: 0.0 MiB)
Memory usage before collect: 2242.875 MiB (Increase: 0.0 MiB)
Memory usage after collect: 2242.875 MiB (Increase: 0.0 MiB)
Memory usage before initialization: 2242.875 MiB (Increase: 0.0 MiB)
Memory usage after initialization: 2242.875 MiB (Increase: 0.0 MiB)
Current lengths of episodes: [60, 60]
Memory usage at done (index 1, length 60, since_prev 60): 2242.875 MiB (Increase: 0.0 MiB)
Memory usage before reset: 2242.875 MiB (Increase: 0.0 MiB)
Memory usage after reset: 2242.875 MiB (Increase: 0.0 MiB)
Current lengths of episodes: [118, 57]
Memory usage at done (index 0, length 118, since_prev 58): 2242.875 MiB (Increase: 0.0 MiB)
Memory usage before reset: 2242.875 MiB (Increase: 0.0 MiB)
Memory usage after reset: 2242.875 MiB (Increase: 0.0 MiB)
Training episode 358
Memory usage at middle: 2242.875 MiB (Increase: 0.0 MiB)
Memory usage before collect: 2242.875 MiB (Increase: 0.0 MiB)
Memory usage after collect: 2242.875 MiB (Increase: 0.0 MiB)
Memory usage before initialization: 2242.875 MiB (Increase: 0.0 MiB)
Memory usage after initialization: 2242.875 MiB (Increase: 0.0 MiB)
Current lengths of episodes: [1600, 1599]
Memory usage at done (index 0, length 1600, since_prev 1600): 2242.875 MiB (Increase: 0.0 MiB)
Memory usage before reset: 2242.875 MiB (Increase: 0.0 MiB)
Memory usage after reset: 2242.875 MiB (Increase: 0.0 MiB)
Current lengths of episodes: [0, 1600]
Memory usage at done (index 1, length 1600, since_prev 0): 2242.875 MiB (Increase: 0.0 MiB)
Memory usage before reset: 2242.875 MiB (Increase: 0.0 MiB)
Memory usage after reset: 2242.875 MiB (Increase: 0.0 MiB)
Training episode 360
Memory usage at middle: 2242.875 MiB (Increase: 0.0 MiB)
Memory usage before collect: 2242.875 MiB (Increase: 0.0 MiB)
Memory usage after collect: 2242.875 MiB (Increase: 0.0 MiB)
Memory usage before initialization: 2242.875 MiB (Increase: 0.0 MiB)
Memory usage after initialization: 2242.875 MiB (Increase: 0.0 MiB)
Current lengths of episodes: [60, 60]
Memory usage at done (index 1, length 60, since_prev 60): 2242.875 MiB (Increase: 0.0 MiB)
Memory usage before reset: 2242.875 MiB (Increase: 0.0 MiB)
Memory usage after reset: 2242.875 MiB (Increase: 0.0 MiB)
Current lengths of episodes: [72, 11]
Memory usage at done (index 0, length 72, since_prev 12): 2242.875 MiB (Increase: 0.0 MiB)
Memory usage before reset: 2242.875 MiB (Increase: 0.0 MiB)
Memory usage after reset: 2242.875 MiB (Increase: 0.0 MiB)
Training episode 362
Memory usage at middle: 2242.875 MiB (Increase: 0.0 MiB)
Memory usage before collect: 2242.875 MiB (Increase: 0.0 MiB)
Memory usage after collect: 2242.875 MiB (Increase: 0.0 MiB)
Memory usage before initialization: 2242.875 MiB (Increase: 0.0 MiB)
Memory usage after initialization: 2242.875 MiB (Increase: 0.0 MiB)
Current lengths of episodes: [62, 61]
Memory usage at done (index 0, length 62, since_prev 62): 2242.875 MiB (Increase: 0.0 MiB)
Memory usage before reset: 2242.875 MiB (Increase: 0.0 MiB)
Memory usage after reset: 2242.875 MiB (Increase: 0.0 MiB)
Current lengths of episodes: [58, 119]
Memory usage at done (index 0, length 58, since_prev 58): 2242.875 MiB (Increase: 0.0 MiB)
Memory usage before reset: 2242.875 MiB (Increase: 0.0 MiB)
Memory usage after reset: 2242.875 MiB (Increase: 0.0 MiB)
Training episode 364
Memory usage at middle: 2242.875 MiB (Increase: 0.0 MiB)
Memory usage before collect: 2242.875 MiB (Increase: 0.0 MiB)
Memory usage after collect: 2242.875 MiB (Increase: 0.0 MiB)
Memory usage before initialization: 2242.875 MiB (Increase: 0.0 MiB)
Memory usage after initialization: 2242.875 MiB (Increase: 0.0 MiB)
Current lengths of episodes: [70, 70]
Memory usage at done (index 1, length 70, since_prev 70): 2242.875 MiB (Increase: 0.0 MiB)
Memory usage before reset: 2242.875 MiB (Increase: 0.0 MiB)
Memory usage after reset: 2242.875 MiB (Increase: 0.0 MiB)
Current lengths of episodes: [1600, 1529]
Memory usage at done (index 0, length 1600, since_prev 1530): 2242.875 MiB (Increase: 0.0 MiB)
Memory usage before reset: 2242.875 MiB (Increase: 0.0 MiB)
Memory usage after reset: 2242.875 MiB (Increase: 0.0 MiB)
Training episode 366
Memory usage at middle: 2242.875 MiB (Increase: 0.0 MiB)
Memory usage before collect: 2242.875 MiB (Increase: 0.0 MiB)
Memory usage after collect: 2242.875 MiB (Increase: 0.0 MiB)
Memory usage before initialization: 2242.875 MiB (Increase: 0.0 MiB)
Memory usage after initialization: 2242.875 MiB (Increase: 0.0 MiB)
Current lengths of episodes: [78, 77]
Memory usage at done (index 0, length 78, since_prev 78): 2242.875 MiB (Increase: 0.0 MiB)
Memory usage before reset: 2242.875 MiB (Increase: 0.0 MiB)
Memory usage after reset: 2242.875 MiB (Increase: 0.0 MiB)
Current lengths of episodes: [1522, 1600]
Memory usage at done (index 1, length 1600, since_prev 1522): 2242.875 MiB (Increase: 0.0 MiB)
Memory usage before reset: 2242.875 MiB (Increase: 0.0 MiB)
Memory usage after reset: 2242.875 MiB (Increase: 0.0 MiB)
Training episode 368
Memory usage at middle: 2242.875 MiB (Increase: 0.0 MiB)
Memory usage before collect: 2242.875 MiB (Increase: 0.0 MiB)
Memory usage after collect: 2242.875 MiB (Increase: 0.0 MiB)
Memory usage before initialization: 2242.875 MiB (Increase: 0.0 MiB)
Memory usage after initialization: 2242.875 MiB (Increase: 0.0 MiB)
Current lengths of episodes: [49, 49]
Memory usage at done (index 1, length 49, since_prev 49): 2242.875 MiB (Increase: 0.0 MiB)
Memory usage before reset: 2242.875 MiB (Increase: 0.0 MiB)
Memory usage after reset: 2242.875 MiB (Increase: 0.0 MiB)
Current lengths of episodes: [61, 11]
Memory usage at done (index 0, length 61, since_prev 12): 2242.875 MiB (Increase: 0.0 MiB)
Memory usage before reset: 2242.875 MiB (Increase: 0.0 MiB)
Memory usage after reset: 2242.875 MiB (Increase: 0.0 MiB)
Training episode 370
Memory usage at middle: 2242.875 MiB (Increase: 0.0 MiB)
Memory usage before collect: 2242.875 MiB (Increase: 0.0 MiB)
Memory usage after collect: 2242.875 MiB (Increase: 0.0 MiB)
Memory usage before initialization: 2242.875 MiB (Increase: 0.0 MiB)
Memory usage after initialization: 2242.875 MiB (Increase: 0.0 MiB)
Current lengths of episodes: [67, 67]
Memory usage at done (index 1, length 67, since_prev 67): 2242.875 MiB (Increase: 0.0 MiB)
Memory usage before reset: 2242.875 MiB (Increase: 0.0 MiB)
Memory usage after reset: 2242.875 MiB (Increase: 0.0 MiB)
Current lengths of episodes: [1600, 1532]
Memory usage at done (index 0, length 1600, since_prev 1533): 2242.875 MiB (Increase: 0.0 MiB)
Memory usage before reset: 2242.875 MiB (Increase: 0.0 MiB)
Memory usage after reset: 2242.875 MiB (Increase: 0.0 MiB)
Training episode 372
Memory usage at middle: 2242.875 MiB (Increase: 0.0 MiB)
Memory usage before collect: 2242.875 MiB (Increase: 0.0 MiB)
Memory usage after collect: 2242.875 MiB (Increase: 0.0 MiB)
Memory usage before initialization: 2242.875 MiB (Increase: 0.0 MiB)
Memory usage after initialization: 2242.875 MiB (Increase: 0.0 MiB)
Current lengths of episodes: [90, 89]
Memory usage at done (index 0, length 90, since_prev 90): 2242.875 MiB (Increase: 0.0 MiB)
Memory usage before reset: 2242.875 MiB (Increase: 0.0 MiB)
Memory usage after reset: 2242.875 MiB (Increase: 0.0 MiB)
Current lengths of episodes: [67, 156]
Memory usage at done (index 0, length 67, since_prev 67): 2242.875 MiB (Increase: 0.0 MiB)
Memory usage before reset: 2242.875 MiB (Increase: 0.0 MiB)
Memory usage after reset: 2242.875 MiB (Increase: 0.0 MiB)
Training episode 374
Memory usage at middle: 2242.875 MiB (Increase: 0.0 MiB)
Memory usage before collect: 2242.875 MiB (Increase: 0.0 MiB)
Memory usage after collect: 2242.875 MiB (Increase: 0.0 MiB)
Memory usage before initialization: 2242.875 MiB (Increase: 0.0 MiB)
Memory usage after initialization: 2242.875 MiB (Increase: 0.0 MiB)
Current lengths of episodes: [90, 89]
Memory usage at done (index 0, length 90, since_prev 90): 2242.875 MiB (Increase: 0.0 MiB)
Memory usage before reset: 2242.875 MiB (Increase: 0.0 MiB)
Memory usage after reset: 2242.875 MiB (Increase: 0.0 MiB)
Current lengths of episodes: [603, 692]
Memory usage at done (index 0, length 603, since_prev 603): 2242.875 MiB (Increase: 0.0 MiB)
Memory usage before reset: 2242.875 MiB (Increase: 0.0 MiB)
Memory usage after reset: 2242.875 MiB (Increase: 0.0 MiB)
Training episode 376
Memory usage at middle: 2242.875 MiB (Increase: 0.0 MiB)
Memory usage before collect: 2242.875 MiB (Increase: 0.0 MiB)
Memory usage after collect: 2242.875 MiB (Increase: 0.0 MiB)
Memory usage before initialization: 2242.875 MiB (Increase: 0.0 MiB)
Memory usage after initialization: 2242.875 MiB (Increase: 0.0 MiB)
Current lengths of episodes: [1600, 1599]
Memory usage at done (index 0, length 1600, since_prev 1600): 2242.875 MiB (Increase: 0.0 MiB)
Memory usage before reset: 2242.875 MiB (Increase: 0.0 MiB)
Memory usage after reset: 2242.875 MiB (Increase: 0.0 MiB)
Current lengths of episodes: [0, 1600]
Memory usage at done (index 1, length 1600, since_prev 0): 2242.875 MiB (Increase: 0.0 MiB)
Memory usage before reset: 2242.875 MiB (Increase: 0.0 MiB)
Memory usage after reset: 2242.875 MiB (Increase: 0.0 MiB)
Training episode 378
Memory usage at middle: 2242.875 MiB (Increase: 0.0 MiB)
Memory usage before collect: 2242.875 MiB (Increase: 0.0 MiB)
Memory usage after collect: 2242.875 MiB (Increase: 0.0 MiB)
Memory usage before initialization: 2242.875 MiB (Increase: 0.0 MiB)
Memory usage after initialization: 2242.875 MiB (Increase: 0.0 MiB)
Current lengths of episodes: [88, 88]
Memory usage at done (index 1, length 88, since_prev 88): 2242.875 MiB (Increase: 0.0 MiB)
Memory usage before reset: 2242.875 MiB (Increase: 0.0 MiB)
Memory usage after reset: 2242.875 MiB (Increase: 0.0 MiB)
Current lengths of episodes: [186, 98]
Memory usage at done (index 1, length 98, since_prev 98): 2242.875 MiB (Increase: 0.0 MiB)
Memory usage before reset: 2242.875 MiB (Increase: 0.0 MiB)
Memory usage after reset: 2242.875 MiB (Increase: 0.0 MiB)
Training episode 380
Memory usage at middle: 2242.875 MiB (Increase: 0.0 MiB)
Memory usage before collect: 2242.875 MiB (Increase: 0.0 MiB)
Memory usage after collect: 2242.875 MiB (Increase: 0.0 MiB)
Memory usage before initialization: 2242.875 MiB (Increase: 0.0 MiB)
Memory usage after initialization: 2242.875 MiB (Increase: 0.0 MiB)
Current lengths of episodes: [229, 228]
Memory usage at done (index 0, length 229, since_prev 229): 2242.875 MiB (Increase: 0.0 MiB)
Memory usage before reset: 2242.875 MiB (Increase: 0.0 MiB)
Memory usage after reset: 2242.875 MiB (Increase: 0.0 MiB)
Current lengths of episodes: [1371, 1600]
Memory usage at done (index 1, length 1600, since_prev 1371): 2242.875 MiB (Increase: 0.0 MiB)
Memory usage before reset: 2242.875 MiB (Increase: 0.0 MiB)
Memory usage after reset: 2242.875 MiB (Increase: 0.0 MiB)
Training episode 382
Memory usage at middle: 2242.875 MiB (Increase: 0.0 MiB)
Memory usage before collect: 2242.875 MiB (Increase: 0.0 MiB)
Memory usage after collect: 2242.875 MiB (Increase: 0.0 MiB)
Memory usage before initialization: 2242.875 MiB (Increase: 0.0 MiB)
Memory usage after initialization: 2242.875 MiB (Increase: 0.0 MiB)
Current lengths of episodes: [59, 58]
Memory usage at done (index 0, length 59, since_prev 59): 2242.875 MiB (Increase: 0.0 MiB)
Memory usage before reset: 2242.875 MiB (Increase: 0.0 MiB)
Memory usage after reset: 2242.875 MiB (Increase: 0.0 MiB)
Current lengths of episodes: [1541, 1600]
Memory usage at done (index 1, length 1600, since_prev 1541): 2242.875 MiB (Increase: 0.0 MiB)
Memory usage before reset: 2242.875 MiB (Increase: 0.0 MiB)
Memory usage after reset: 2242.875 MiB (Increase: 0.0 MiB)
Training episode 384
Memory usage at middle: 2242.875 MiB (Increase: 0.0 MiB)
Memory usage before collect: 2242.875 MiB (Increase: 0.0 MiB)
Memory usage after collect: 2242.875 MiB (Increase: 0.0 MiB)
Memory usage before initialization: 2242.875 MiB (Increase: 0.0 MiB)
Memory usage after initialization: 2242.875 MiB (Increase: 0.0 MiB)
Current lengths of episodes: [110, 110]
Memory usage at done (index 1, length 110, since_prev 110): 2242.875 MiB (Increase: 0.0 MiB)
Memory usage before reset: 2242.875 MiB (Increase: 0.0 MiB)
Memory usage after reset: 2242.875 MiB (Increase: 0.0 MiB)
Current lengths of episodes: [186, 76]
Memory usage at done (index 1, length 76, since_prev 76): 2242.875 MiB (Increase: 0.0 MiB)
Memory usage before reset: 2242.875 MiB (Increase: 0.0 MiB)
Memory usage after reset: 2242.875 MiB (Increase: 0.0 MiB)
Training episode 386
Memory usage at middle: 2242.875 MiB (Increase: 0.0 MiB)
Memory usage before collect: 2242.875 MiB (Increase: 0.0 MiB)
Memory usage after collect: 2242.875 MiB (Increase: 0.0 MiB)
Memory usage before initialization: 2242.875 MiB (Increase: 0.0 MiB)
Memory usage after initialization: 2242.875 MiB (Increase: 0.0 MiB)
Current lengths of episodes: [1600, 1599]
Memory usage at done (index 0, length 1600, since_prev 1600): 2242.875 MiB (Increase: 0.0 MiB)
Memory usage before reset: 2242.875 MiB (Increase: 0.0 MiB)
Memory usage after reset: 2242.875 MiB (Increase: 0.0 MiB)
Current lengths of episodes: [0, 1600]
Memory usage at done (index 1, length 1600, since_prev 0): 2242.875 MiB (Increase: 0.0 MiB)
Memory usage before reset: 2242.875 MiB (Increase: 0.0 MiB)
Memory usage after reset: 2242.875 MiB (Increase: 0.0 MiB)
Training episode 388
Memory usage at middle: 2242.875 MiB (Increase: 0.0 MiB)
Memory usage before collect: 2242.875 MiB (Increase: 0.0 MiB)
Memory usage after collect: 2242.875 MiB (Increase: 0.0 MiB)
Memory usage before initialization: 2242.875 MiB (Increase: 0.0 MiB)
Memory usage after initialization: 2242.875 MiB (Increase: 0.0 MiB)
Current lengths of episodes: [1600, 1599]
Memory usage at done (index 0, length 1600, since_prev 1600): 2242.875 MiB (Increase: 0.0 MiB)
Memory usage before reset: 2242.875 MiB (Increase: 0.0 MiB)
Memory usage after reset: 2242.875 MiB (Increase: 0.0 MiB)
Current lengths of episodes: [0, 1600]
Memory usage at done (index 1, length 1600, since_prev 0): 2242.875 MiB (Increase: 0.0 MiB)
Memory usage before reset: 2242.875 MiB (Increase: 0.0 MiB)
Memory usage after reset: 2242.875 MiB (Increase: 0.0 MiB)
Training episode 390
Memory usage at middle: 2242.875 MiB (Increase: 0.0 MiB)
Memory usage before collect: 2242.875 MiB (Increase: 0.0 MiB)
Memory usage after collect: 2242.875 MiB (Increase: 0.0 MiB)
Memory usage before initialization: 2242.875 MiB (Increase: 0.0 MiB)
Memory usage after initialization: 2242.875 MiB (Increase: 0.0 MiB)
Current lengths of episodes: [149, 148]
Memory usage at done (index 0, length 149, since_prev 149): 2242.875 MiB (Increase: 0.0 MiB)
Memory usage before reset: 2242.875 MiB (Increase: 0.0 MiB)
Memory usage after reset: 2242.875 MiB (Increase: 0.0 MiB)
Current lengths of episodes: [1451, 1600]
Memory usage at done (index 1, length 1600, since_prev 1451): 2242.875 MiB (Increase: 0.0 MiB)
Memory usage before reset: 2242.875 MiB (Increase: 0.0 MiB)
Memory usage after reset: 2242.875 MiB (Increase: 0.0 MiB)
Training episode 392
Memory usage at middle: 2242.875 MiB (Increase: 0.0 MiB)
Memory usage before collect: 2242.875 MiB (Increase: 0.0 MiB)
Memory usage after collect: 2242.875 MiB (Increase: 0.0 MiB)
Memory usage before initialization: 2242.875 MiB (Increase: 0.0 MiB)
Memory usage after initialization: 2242.875 MiB (Increase: 0.0 MiB)
Current lengths of episodes: [76, 76]
Memory usage at done (index 1, length 76, since_prev 76): 2242.875 MiB (Increase: 0.0 MiB)
Memory usage before reset: 2242.875 MiB (Increase: 0.0 MiB)
Memory usage after reset: 2242.875 MiB (Increase: 0.0 MiB)
Current lengths of episodes: [138, 62]
Memory usage at done (index 1, length 62, since_prev 62): 2242.875 MiB (Increase: 0.0 MiB)
Memory usage before reset: 2242.875 MiB (Increase: 0.0 MiB)
Memory usage after reset: 2242.875 MiB (Increase: 0.0 MiB)
Training episode 394
Memory usage at middle: 2242.875 MiB (Increase: 0.0 MiB)
Memory usage before collect: 2242.875 MiB (Increase: 0.0 MiB)
Memory usage after collect: 2242.875 MiB (Increase: 0.0 MiB)
Memory usage before initialization: 2242.875 MiB (Increase: 0.0 MiB)
Memory usage after initialization: 2242.875 MiB (Increase: 0.0 MiB)
Current lengths of episodes: [68, 67]
Memory usage at done (index 0, length 68, since_prev 68): 2242.875 MiB (Increase: 0.0 MiB)
Memory usage before reset: 2242.875 MiB (Increase: 0.0 MiB)
Memory usage after reset: 2242.875 MiB (Increase: 0.0 MiB)
Current lengths of episodes: [36, 104]
Memory usage at done (index 1, length 104, since_prev 36): 2242.875 MiB (Increase: 0.0 MiB)
Memory usage before reset: 2242.875 MiB (Increase: 0.0 MiB)
Memory usage after reset: 2242.875 MiB (Increase: 0.0 MiB)
Training episode 396
Memory usage at middle: 2242.875 MiB (Increase: 0.0 MiB)
Memory usage before collect: 2242.875 MiB (Increase: 0.0 MiB)
Memory usage after collect: 2242.875 MiB (Increase: 0.0 MiB)
Memory usage before initialization: 2242.875 MiB (Increase: 0.0 MiB)
Memory usage after initialization: 2242.875 MiB (Increase: 0.0 MiB)
Current lengths of episodes: [77, 77]
Memory usage at done (index 1, length 77, since_prev 77): 2242.875 MiB (Increase: 0.0 MiB)
Memory usage before reset: 2242.875 MiB (Increase: 0.0 MiB)
Memory usage after reset: 2242.875 MiB (Increase: 0.0 MiB)
Current lengths of episodes: [81, 3]
Memory usage at done (index 0, length 81, since_prev 4): 2242.875 MiB (Increase: 0.0 MiB)
Memory usage before reset: 2242.875 MiB (Increase: 0.0 MiB)
Memory usage after reset: 2242.875 MiB (Increase: 0.0 MiB)
Training episode 398
Memory usage at middle: 2242.875 MiB (Increase: 0.0 MiB)
Memory usage before collect: 2242.875 MiB (Increase: 0.0 MiB)
Memory usage after collect: 2242.875 MiB (Increase: 0.0 MiB)
Memory usage before initialization: 2242.875 MiB (Increase: 0.0 MiB)
Memory usage after initialization: 2242.875 MiB (Increase: 0.0 MiB)
Current lengths of episodes: [73, 72]
Memory usage at done (index 0, length 73, since_prev 73): 2242.875 MiB (Increase: 0.0 MiB)
Memory usage before reset: 2242.875 MiB (Increase: 0.0 MiB)
Memory usage after reset: 2242.875 MiB (Increase: 0.0 MiB)
Current lengths of episodes: [317, 389]
Memory usage at done (index 0, length 317, since_prev 317): 2242.875 MiB (Increase: 0.0 MiB)
Memory usage before reset: 2242.875 MiB (Increase: 0.0 MiB)
Memory usage after reset: 2242.875 MiB (Increase: 0.0 MiB)
Training episode 400
Memory usage at middle: 2242.875 MiB (Increase: 0.0 MiB)
Memory usage before collect: 2242.875 MiB (Increase: 0.0 MiB)
Memory usage after collect: 2242.875 MiB (Increase: 0.0 MiB)
Episode 400	Average evaluation: -23.43662173316093
Memory usage before initialization: 2242.875 MiB (Increase: 0.0 MiB)
Memory usage after initialization: 2242.875 MiB (Increase: 0.0 MiB)
Current lengths of episodes: [55, 55]
Memory usage at done (index 1, length 55, since_prev 55): 2242.875 MiB (Increase: 0.0 MiB)
Memory usage before reset: 2242.875 MiB (Increase: 0.0 MiB)
Memory usage after reset: 2242.875 MiB (Increase: 0.0 MiB)
Current lengths of episodes: [74, 18]
Memory usage at done (index 0, length 74, since_prev 19): 2242.875 MiB (Increase: 0.0 MiB)
Memory usage before reset: 2242.875 MiB (Increase: 0.0 MiB)
Memory usage after reset: 2242.875 MiB (Increase: 0.0 MiB)
Training episode 402
Memory usage at middle: 2242.875 MiB (Increase: 0.0 MiB)
Memory usage before collect: 2242.875 MiB (Increase: 0.0 MiB)
Memory usage after collect: 2242.875 MiB (Increase: 0.0 MiB)
Memory usage before initialization: 2242.875 MiB (Increase: 0.0 MiB)
Memory usage after initialization: 2242.875 MiB (Increase: 0.0 MiB)
Current lengths of episodes: [1600, 1599]
Memory usage at done (index 0, length 1600, since_prev 1600): 2242.875 MiB (Increase: 0.0 MiB)
Memory usage before reset: 2242.875 MiB (Increase: 0.0 MiB)
Memory usage after reset: 2242.875 MiB (Increase: 0.0 MiB)
Current lengths of episodes: [0, 1600]
Memory usage at done (index 1, length 1600, since_prev 0): 2242.875 MiB (Increase: 0.0 MiB)
Memory usage before reset: 2242.875 MiB (Increase: 0.0 MiB)
Memory usage after reset: 2242.875 MiB (Increase: 0.0 MiB)
Training episode 404
Memory usage at middle: 2242.875 MiB (Increase: 0.0 MiB)
Memory usage before collect: 2242.875 MiB (Increase: 0.0 MiB)
Memory usage after collect: 2242.875 MiB (Increase: 0.0 MiB)
Memory usage before initialization: 2242.875 MiB (Increase: 0.0 MiB)
Memory usage after initialization: 2242.875 MiB (Increase: 0.0 MiB)
Current lengths of episodes: [1600, 1599]
Memory usage at done (index 0, length 1600, since_prev 1600): 2242.875 MiB (Increase: 0.0 MiB)
Memory usage before reset: 2242.875 MiB (Increase: 0.0 MiB)
Memory usage after reset: 2242.875 MiB (Increase: 0.0 MiB)
Current lengths of episodes: [0, 1600]
Memory usage at done (index 1, length 1600, since_prev 0): 2242.875 MiB (Increase: 0.0 MiB)
Memory usage before reset: 2242.875 MiB (Increase: 0.0 MiB)
Memory usage after reset: 2242.875 MiB (Increase: 0.0 MiB)
Training episode 406
Memory usage at middle: 2242.875 MiB (Increase: 0.0 MiB)
Memory usage before collect: 2242.875 MiB (Increase: 0.0 MiB)
Memory usage after collect: 2242.875 MiB (Increase: 0.0 MiB)
Memory usage before initialization: 2242.875 MiB (Increase: 0.0 MiB)
Memory usage after initialization: 2242.875 MiB (Increase: 0.0 MiB)
Current lengths of episodes: [78, 77]
Memory usage at done (index 0, length 78, since_prev 78): 2242.875 MiB (Increase: 0.0 MiB)
Memory usage before reset: 2242.875 MiB (Increase: 0.0 MiB)
Memory usage after reset: 2242.875 MiB (Increase: 0.0 MiB)
Current lengths of episodes: [77, 154]
Memory usage at done (index 0, length 77, since_prev 77): 2242.875 MiB (Increase: 0.0 MiB)
Memory usage before reset: 2242.875 MiB (Increase: 0.0 MiB)
Memory usage after reset: 2242.875 MiB (Increase: 0.0 MiB)
Training episode 408
Memory usage at middle: 2242.875 MiB (Increase: 0.0 MiB)
Memory usage before collect: 2242.875 MiB (Increase: 0.0 MiB)
Memory usage after collect: 2242.875 MiB (Increase: 0.0 MiB)
Memory usage before initialization: 2242.875 MiB (Increase: 0.0 MiB)
Memory usage after initialization: 2242.875 MiB (Increase: 0.0 MiB)
Current lengths of episodes: [82, 81]
Memory usage at done (index 0, length 82, since_prev 82): 2242.875 MiB (Increase: 0.0 MiB)
Memory usage before reset: 2242.875 MiB (Increase: 0.0 MiB)
Memory usage after reset: 2242.875 MiB (Increase: 0.0 MiB)
Current lengths of episodes: [1518, 1600]
Memory usage at done (index 1, length 1600, since_prev 1518): 2242.875 MiB (Increase: 0.0 MiB)
Memory usage before reset: 2242.875 MiB (Increase: 0.0 MiB)
Memory usage after reset: 2242.875 MiB (Increase: 0.0 MiB)
Training episode 410
Memory usage at middle: 2242.875 MiB (Increase: 0.0 MiB)
Memory usage before collect: 2242.875 MiB (Increase: 0.0 MiB)
Memory usage after collect: 2242.875 MiB (Increase: 0.0 MiB)
Memory usage before initialization: 2242.875 MiB (Increase: 0.0 MiB)
Memory usage after initialization: 2242.875 MiB (Increase: 0.0 MiB)
Current lengths of episodes: [101, 101]
Memory usage at done (index 1, length 101, since_prev 101): 2242.875 MiB (Increase: 0.0 MiB)
Memory usage before reset: 2242.875 MiB (Increase: 0.0 MiB)
Memory usage after reset: 2242.875 MiB (Increase: 0.0 MiB)
Current lengths of episodes: [178, 77]
Memory usage at done (index 1, length 77, since_prev 77): 2242.875 MiB (Increase: 0.0 MiB)
Memory usage before reset: 2242.875 MiB (Increase: 0.0 MiB)
Memory usage after reset: 2242.875 MiB (Increase: 0.0 MiB)
Training episode 412
Memory usage at middle: 2242.875 MiB (Increase: 0.0 MiB)
Memory usage before collect: 2242.875 MiB (Increase: 0.0 MiB)
Memory usage after collect: 2242.875 MiB (Increase: 0.0 MiB)
Memory usage before initialization: 2242.875 MiB (Increase: 0.0 MiB)
Memory usage after initialization: 2242.875 MiB (Increase: 0.0 MiB)
Current lengths of episodes: [1400, 1399]
Memory usage at done (index 0, length 1400, since_prev 1400): 2242.875 MiB (Increase: 0.0 MiB)
Memory usage before reset: 2242.875 MiB (Increase: 0.0 MiB)
Memory usage after reset: 2242.875 MiB (Increase: 0.0 MiB)
Current lengths of episodes: [75, 1474]
Memory usage at done (index 0, length 75, since_prev 75): 2242.875 MiB (Increase: 0.0 MiB)
Memory usage before reset: 2242.875 MiB (Increase: 0.0 MiB)
Memory usage after reset: 2242.875 MiB (Increase: 0.0 MiB)
Training episode 414
Memory usage at middle: 2242.875 MiB (Increase: 0.0 MiB)
Memory usage before collect: 2242.875 MiB (Increase: 0.0 MiB)
Memory usage after collect: 2242.875 MiB (Increase: 0.0 MiB)
Memory usage before initialization: 2242.875 MiB (Increase: 0.0 MiB)
Memory usage after initialization: 2242.875 MiB (Increase: 0.0 MiB)
Current lengths of episodes: [53, 53]
Memory usage at done (index 1, length 53, since_prev 53): 2242.875 MiB (Increase: 0.0 MiB)
Memory usage before reset: 2242.875 MiB (Increase: 0.0 MiB)
Memory usage after reset: 2242.875 MiB (Increase: 0.0 MiB)
Current lengths of episodes: [80, 26]
Memory usage at done (index 0, length 80, since_prev 27): 2242.875 MiB (Increase: 0.0 MiB)
Memory usage before reset: 2242.875 MiB (Increase: 0.0 MiB)
Memory usage after reset: 2242.875 MiB (Increase: 0.0 MiB)
Training episode 416
Memory usage at middle: 2242.875 MiB (Increase: 0.0 MiB)
Memory usage before collect: 2242.875 MiB (Increase: 0.0 MiB)
Memory usage after collect: 2242.875 MiB (Increase: 0.0 MiB)
Memory usage before initialization: 2242.875 MiB (Increase: 0.0 MiB)
Memory usage after initialization: 2242.875 MiB (Increase: 0.0 MiB)
Current lengths of episodes: [76, 76]
Memory usage at done (index 1, length 76, since_prev 76): 2242.875 MiB (Increase: 0.0 MiB)
Memory usage before reset: 2242.875 MiB (Increase: 0.0 MiB)
Memory usage after reset: 2242.875 MiB (Increase: 0.0 MiB)
Current lengths of episodes: [106, 29]
Memory usage at done (index 0, length 106, since_prev 30): 2242.875 MiB (Increase: 0.0 MiB)
Memory usage before reset: 2242.875 MiB (Increase: 0.0 MiB)
Memory usage after reset: 2242.875 MiB (Increase: 0.0 MiB)
Training episode 418
Memory usage at middle: 2242.875 MiB (Increase: 0.0 MiB)
Memory usage before collect: 2242.875 MiB (Increase: 0.0 MiB)
Memory usage after collect: 2242.875 MiB (Increase: 0.0 MiB)
Memory usage before initialization: 2242.875 MiB (Increase: 0.0 MiB)
Memory usage after initialization: 2242.875 MiB (Increase: 0.0 MiB)
Current lengths of episodes: [85, 84]
Memory usage at done (index 0, length 85, since_prev 85): 2242.875 MiB (Increase: 0.0 MiB)
Memory usage before reset: 2242.875 MiB (Increase: 0.0 MiB)
Memory usage after reset: 2242.875 MiB (Increase: 0.0 MiB)
Current lengths of episodes: [1515, 1600]
Memory usage at done (index 1, length 1600, since_prev 1515): 2242.875 MiB (Increase: 0.0 MiB)
Memory usage before reset: 2242.875 MiB (Increase: 0.0 MiB)
Memory usage after reset: 2242.875 MiB (Increase: 0.0 MiB)
Training episode 420
Memory usage at middle: 2242.875 MiB (Increase: 0.0 MiB)
Memory usage before collect: 2242.875 MiB (Increase: 0.0 MiB)
Memory usage after collect: 2242.875 MiB (Increase: 0.0 MiB)
Memory usage before initialization: 2242.875 MiB (Increase: 0.0 MiB)
Memory usage after initialization: 2242.875 MiB (Increase: 0.0 MiB)
Current lengths of episodes: [185, 185]
Memory usage at done (index 1, length 185, since_prev 185): 2242.875 MiB (Increase: 0.0 MiB)
Memory usage before reset: 2242.875 MiB (Increase: 0.0 MiB)
Memory usage after reset: 2242.875 MiB (Increase: 0.0 MiB)
Current lengths of episodes: [1600, 1414]
Memory usage at done (index 0, length 1600, since_prev 1415): 2242.875 MiB (Increase: 0.0 MiB)
Memory usage before reset: 2242.875 MiB (Increase: 0.0 MiB)
Memory usage after reset: 2242.875 MiB (Increase: 0.0 MiB)
Training episode 422
Memory usage at middle: 2242.875 MiB (Increase: 0.0 MiB)
Memory usage before collect: 2242.875 MiB (Increase: 0.0 MiB)
Memory usage after collect: 2242.875 MiB (Increase: 0.0 MiB)
Memory usage before initialization: 2242.875 MiB (Increase: 0.0 MiB)
Memory usage after initialization: 2242.875 MiB (Increase: 0.0 MiB)
Current lengths of episodes: [1600, 1599]
Memory usage at done (index 0, length 1600, since_prev 1600): 2242.875 MiB (Increase: 0.0 MiB)
Memory usage before reset: 2242.875 MiB (Increase: 0.0 MiB)
Memory usage after reset: 2242.875 MiB (Increase: 0.0 MiB)
Current lengths of episodes: [0, 1600]
Memory usage at done (index 1, length 1600, since_prev 0): 2242.875 MiB (Increase: 0.0 MiB)
Memory usage before reset: 2242.875 MiB (Increase: 0.0 MiB)
Memory usage after reset: 2242.875 MiB (Increase: 0.0 MiB)
Training episode 424
Memory usage at middle: 2242.875 MiB (Increase: 0.0 MiB)
Memory usage before collect: 2242.875 MiB (Increase: 0.0 MiB)
Memory usage after collect: 2242.875 MiB (Increase: 0.0 MiB)
Memory usage before initialization: 2242.875 MiB (Increase: 0.0 MiB)
Memory usage after initialization: 2242.875 MiB (Increase: 0.0 MiB)
Current lengths of episodes: [1600, 1599]
Memory usage at done (index 0, length 1600, since_prev 1600): 2242.875 MiB (Increase: 0.0 MiB)
Memory usage before reset: 2242.875 MiB (Increase: 0.0 MiB)
Memory usage after reset: 2242.875 MiB (Increase: 0.0 MiB)
Current lengths of episodes: [0, 1600]
Memory usage at done (index 1, length 1600, since_prev 0): 2242.875 MiB (Increase: 0.0 MiB)
Memory usage before reset: 2242.875 MiB (Increase: 0.0 MiB)
Memory usage after reset: 2242.875 MiB (Increase: 0.0 MiB)
Training episode 426
Memory usage at middle: 2242.875 MiB (Increase: 0.0 MiB)
Memory usage before collect: 2242.875 MiB (Increase: 0.0 MiB)
Memory usage after collect: 2242.875 MiB (Increase: 0.0 MiB)
Memory usage before initialization: 2242.875 MiB (Increase: 0.0 MiB)
Memory usage after initialization: 2242.875 MiB (Increase: 0.0 MiB)
Current lengths of episodes: [1519, 1519]
Memory usage at done (index 1, length 1519, since_prev 1519): 2242.875 MiB (Increase: 0.0 MiB)
Memory usage before reset: 2242.875 MiB (Increase: 0.0 MiB)
Memory usage after reset: 2242.875 MiB (Increase: 0.0 MiB)
Current lengths of episodes: [1595, 76]
Memory usage at done (index 1, length 76, since_prev 76): 2242.875 MiB (Increase: 0.0 MiB)
Memory usage before reset: 2242.875 MiB (Increase: 0.0 MiB)
Memory usage after reset: 2242.875 MiB (Increase: 0.0 MiB)
Training episode 428
Memory usage at middle: 2242.875 MiB (Increase: 0.0 MiB)
Memory usage before collect: 2242.875 MiB (Increase: 0.0 MiB)
Memory usage after collect: 2242.875 MiB (Increase: 0.0 MiB)
Memory usage before initialization: 2242.875 MiB (Increase: 0.0 MiB)
Memory usage after initialization: 2242.875 MiB (Increase: 0.0 MiB)
Current lengths of episodes: [72, 71]
Memory usage at done (index 0, length 72, since_prev 72): 2242.875 MiB (Increase: 0.0 MiB)
Memory usage before reset: 2242.875 MiB (Increase: 0.0 MiB)
Memory usage after reset: 2242.875 MiB (Increase: 0.0 MiB)
Current lengths of episodes: [6, 78]
Memory usage at done (index 1, length 78, since_prev 6): 2242.875 MiB (Increase: 0.0 MiB)
Memory usage before reset: 2242.875 MiB (Increase: 0.0 MiB)
Memory usage after reset: 2242.875 MiB (Increase: 0.0 MiB)
Training episode 430
Memory usage at middle: 2242.875 MiB (Increase: 0.0 MiB)
Memory usage before collect: 2242.875 MiB (Increase: 0.0 MiB)
Memory usage after collect: 2242.875 MiB (Increase: 0.0 MiB)
Memory usage before initialization: 2242.875 MiB (Increase: 0.0 MiB)
Memory usage after initialization: 2242.875 MiB (Increase: 0.0 MiB)
Current lengths of episodes: [1600, 1599]
Memory usage at done (index 0, length 1600, since_prev 1600): 2242.875 MiB (Increase: 0.0 MiB)
Memory usage before reset: 2242.875 MiB (Increase: 0.0 MiB)
Memory usage after reset: 2242.875 MiB (Increase: 0.0 MiB)
Current lengths of episodes: [0, 1600]
Memory usage at done (index 1, length 1600, since_prev 0): 2242.875 MiB (Increase: 0.0 MiB)
Memory usage before reset: 2242.875 MiB (Increase: 0.0 MiB)
Memory usage after reset: 2242.875 MiB (Increase: 0.0 MiB)
Training episode 432
Memory usage at middle: 2242.875 MiB (Increase: 0.0 MiB)
Memory usage before collect: 2242.875 MiB (Increase: 0.0 MiB)
Memory usage after collect: 2242.875 MiB (Increase: 0.0 MiB)
Memory usage before initialization: 2242.875 MiB (Increase: 0.0 MiB)
Memory usage after initialization: 2242.875 MiB (Increase: 0.0 MiB)
Current lengths of episodes: [725, 725]
Memory usage at done (index 1, length 725, since_prev 725): 2242.875 MiB (Increase: 0.0 MiB)
Memory usage before reset: 2242.875 MiB (Increase: 0.0 MiB)
Memory usage after reset: 2242.875 MiB (Increase: 0.0 MiB)
Current lengths of episodes: [797, 72]
Memory usage at done (index 1, length 72, since_prev 72): 2242.875 MiB (Increase: 0.0 MiB)
Memory usage before reset: 2242.875 MiB (Increase: 0.0 MiB)
Memory usage after reset: 2242.875 MiB (Increase: 0.0 MiB)
Training episode 434
Memory usage at middle: 2242.875 MiB (Increase: 0.0 MiB)
Memory usage before collect: 2242.875 MiB (Increase: 0.0 MiB)
Memory usage after collect: 2242.875 MiB (Increase: 0.0 MiB)
Memory usage before initialization: 2242.875 MiB (Increase: 0.0 MiB)
Memory usage after initialization: 2242.875 MiB (Increase: 0.0 MiB)
Current lengths of episodes: [73, 73]
Memory usage at done (index 1, length 73, since_prev 73): 2242.875 MiB (Increase: 0.0 MiB)
Memory usage before reset: 2242.875 MiB (Increase: 0.0 MiB)
Memory usage after reset: 2242.875 MiB (Increase: 0.0 MiB)
Current lengths of episodes: [286, 212]
Memory usage at done (index 0, length 286, since_prev 213): 2242.875 MiB (Increase: 0.0 MiB)
Memory usage before reset: 2242.875 MiB (Increase: 0.0 MiB)
Memory usage after reset: 2242.875 MiB (Increase: 0.0 MiB)
Training episode 436
Memory usage at middle: 2242.875 MiB (Increase: 0.0 MiB)
Memory usage before collect: 2242.875 MiB (Increase: 0.0 MiB)
Memory usage after collect: 2242.875 MiB (Increase: 0.0 MiB)
Memory usage before initialization: 2242.875 MiB (Increase: 0.0 MiB)
Memory usage after initialization: 2242.875 MiB (Increase: 0.0 MiB)
Current lengths of episodes: [96, 95]
Memory usage at done (index 0, length 96, since_prev 96): 2242.875 MiB (Increase: 0.0 MiB)
Memory usage before reset: 2242.875 MiB (Increase: 0.0 MiB)
Memory usage after reset: 2242.875 MiB (Increase: 0.0 MiB)
Current lengths of episodes: [62, 157]
Memory usage at done (index 0, length 62, since_prev 62): 2242.875 MiB (Increase: 0.0 MiB)
Memory usage before reset: 2242.875 MiB (Increase: 0.0 MiB)
Memory usage after reset: 2242.875 MiB (Increase: 0.0 MiB)
Training episode 438
Memory usage at middle: 2242.875 MiB (Increase: 0.0 MiB)
Memory usage before collect: 2242.875 MiB (Increase: 0.0 MiB)
Memory usage after collect: 2242.875 MiB (Increase: 0.0 MiB)
Memory usage before initialization: 2242.875 MiB (Increase: 0.0 MiB)
Memory usage after initialization: 2242.875 MiB (Increase: 0.0 MiB)
Current lengths of episodes: [1600, 1599]
Memory usage at done (index 0, length 1600, since_prev 1600): 2242.875 MiB (Increase: 0.0 MiB)
Memory usage before reset: 2242.875 MiB (Increase: 0.0 MiB)
Memory usage after reset: 2242.875 MiB (Increase: 0.0 MiB)
Current lengths of episodes: [0, 1600]
Memory usage at done (index 1, length 1600, since_prev 0): 2242.875 MiB (Increase: 0.0 MiB)
Memory usage before reset: 2242.875 MiB (Increase: 0.0 MiB)
Memory usage after reset: 2242.875 MiB (Increase: 0.0 MiB)
Training episode 440
Memory usage at middle: 2242.875 MiB (Increase: 0.0 MiB)
Memory usage before collect: 2242.875 MiB (Increase: 0.0 MiB)
Memory usage after collect: 2242.875 MiB (Increase: 0.0 MiB)
Memory usage before initialization: 2242.875 MiB (Increase: 0.0 MiB)
Memory usage after initialization: 2242.875 MiB (Increase: 0.0 MiB)
Current lengths of episodes: [1600, 1599]
Memory usage at done (index 0, length 1600, since_prev 1600): 2242.875 MiB (Increase: 0.0 MiB)
Memory usage before reset: 2242.875 MiB (Increase: 0.0 MiB)
Memory usage after reset: 2242.875 MiB (Increase: 0.0 MiB)
Current lengths of episodes: [0, 1600]
Memory usage at done (index 1, length 1600, since_prev 0): 2242.875 MiB (Increase: 0.0 MiB)
Memory usage before reset: 2242.875 MiB (Increase: 0.0 MiB)
Memory usage after reset: 2242.875 MiB (Increase: 0.0 MiB)
Training episode 442
Memory usage at middle: 2242.875 MiB (Increase: 0.0 MiB)
Memory usage before collect: 2242.875 MiB (Increase: 0.0 MiB)
Memory usage after collect: 2242.875 MiB (Increase: 0.0 MiB)
Memory usage before initialization: 2242.875 MiB (Increase: 0.0 MiB)
Memory usage after initialization: 2242.875 MiB (Increase: 0.0 MiB)
Current lengths of episodes: [887, 886]
Memory usage at done (index 0, length 887, since_prev 887): 2242.875 MiB (Increase: 0.0 MiB)
Memory usage before reset: 2242.875 MiB (Increase: 0.0 MiB)
Memory usage after reset: 2242.875 MiB (Increase: 0.0 MiB)
Current lengths of episodes: [76, 962]
Memory usage at done (index 0, length 76, since_prev 76): 2242.875 MiB (Increase: 0.0 MiB)
Memory usage before reset: 2242.875 MiB (Increase: 0.0 MiB)
Memory usage after reset: 2242.875 MiB (Increase: 0.0 MiB)
Training episode 444
Memory usage at middle: 2242.875 MiB (Increase: 0.0 MiB)
Memory usage before collect: 2242.875 MiB (Increase: 0.0 MiB)
Memory usage after collect: 2242.875 MiB (Increase: 0.0 MiB)
Memory usage before initialization: 2242.875 MiB (Increase: 0.0 MiB)
Memory usage after initialization: 2242.875 MiB (Increase: 0.0 MiB)
Current lengths of episodes: [54, 53]
Memory usage at done (index 0, length 54, since_prev 54): 2242.875 MiB (Increase: 0.0 MiB)
Memory usage before reset: 2242.875 MiB (Increase: 0.0 MiB)
Memory usage after reset: 2242.875 MiB (Increase: 0.0 MiB)
Current lengths of episodes: [1546, 1600]
Memory usage at done (index 1, length 1600, since_prev 1546): 2242.875 MiB (Increase: 0.0 MiB)
Memory usage before reset: 2242.875 MiB (Increase: 0.0 MiB)
Memory usage after reset: 2242.875 MiB (Increase: 0.0 MiB)
Training episode 446
Memory usage at middle: 2242.875 MiB (Increase: 0.0 MiB)
Memory usage before collect: 2242.875 MiB (Increase: 0.0 MiB)
Memory usage after collect: 2242.875 MiB (Increase: 0.0 MiB)
Memory usage before initialization: 2242.875 MiB (Increase: 0.0 MiB)
Memory usage after initialization: 2242.875 MiB (Increase: 0.0 MiB)
Current lengths of episodes: [1600, 1599]
Memory usage at done (index 0, length 1600, since_prev 1600): 2242.875 MiB (Increase: 0.0 MiB)
Memory usage before reset: 2242.875 MiB (Increase: 0.0 MiB)
Memory usage after reset: 2242.875 MiB (Increase: 0.0 MiB)
Current lengths of episodes: [0, 1600]
Memory usage at done (index 1, length 1600, since_prev 0): 2242.875 MiB (Increase: 0.0 MiB)
Memory usage before reset: 2242.875 MiB (Increase: 0.0 MiB)
Memory usage after reset: 2242.875 MiB (Increase: 0.0 MiB)
Training episode 448
Memory usage at middle: 2242.875 MiB (Increase: 0.0 MiB)
Memory usage before collect: 2242.875 MiB (Increase: 0.0 MiB)
Memory usage after collect: 2242.875 MiB (Increase: 0.0 MiB)
Memory usage before initialization: 2242.875 MiB (Increase: 0.0 MiB)
Memory usage after initialization: 2242.875 MiB (Increase: 0.0 MiB)
Current lengths of episodes: [79, 79]
Memory usage at done (index 1, length 79, since_prev 79): 2242.875 MiB (Increase: 0.0 MiB)
Memory usage before reset: 2242.875 MiB (Increase: 0.0 MiB)
Memory usage after reset: 2242.875 MiB (Increase: 0.0 MiB)
Current lengths of episodes: [1600, 1520]
Memory usage at done (index 0, length 1600, since_prev 1521): 2242.875 MiB (Increase: 0.0 MiB)
Memory usage before reset: 2242.875 MiB (Increase: 0.0 MiB)
Memory usage after reset: 2242.875 MiB (Increase: 0.0 MiB)
Training episode 450
Memory usage at middle: 2242.875 MiB (Increase: 0.0 MiB)
Memory usage before collect: 2242.875 MiB (Increase: 0.0 MiB)
Memory usage after collect: 2242.875 MiB (Increase: 0.0 MiB)
Episode 450	Average evaluation: -24.08108387653293
Memory usage before initialization: 2242.875 MiB (Increase: 0.0 MiB)
Memory usage after initialization: 2242.875 MiB (Increase: 0.0 MiB)
Current lengths of episodes: [39, 39]
Memory usage at done (index 1, length 39, since_prev 39): 2242.875 MiB (Increase: 0.0 MiB)
Memory usage before reset: 2242.875 MiB (Increase: 0.0 MiB)
Memory usage after reset: 2242.875 MiB (Increase: 0.0 MiB)
Current lengths of episodes: [83, 44]
Memory usage at done (index 1, length 44, since_prev 44): 2242.875 MiB (Increase: 0.0 MiB)
Memory usage before reset: 2242.875 MiB (Increase: 0.0 MiB)
Memory usage after reset: 2242.875 MiB (Increase: 0.0 MiB)
Training episode 452
Memory usage at middle: 2242.875 MiB (Increase: 0.0 MiB)
Memory usage before collect: 2242.875 MiB (Increase: 0.0 MiB)
Memory usage after collect: 2242.875 MiB (Increase: 0.0 MiB)
Memory usage before initialization: 2242.875 MiB (Increase: 0.0 MiB)
Memory usage after initialization: 2242.875 MiB (Increase: 0.0 MiB)
Current lengths of episodes: [68, 68]
Memory usage at done (index 1, length 68, since_prev 68): 2242.875 MiB (Increase: 0.0 MiB)
Memory usage before reset: 2242.875 MiB (Increase: 0.0 MiB)
Memory usage after reset: 2242.875 MiB (Increase: 0.0 MiB)
Current lengths of episodes: [1600, 1531]
Memory usage at done (index 0, length 1600, since_prev 1532): 2242.875 MiB (Increase: 0.0 MiB)
Memory usage before reset: 2242.875 MiB (Increase: 0.0 MiB)
Memory usage after reset: 2242.875 MiB (Increase: 0.0 MiB)
Training episode 454
Memory usage at middle: 2242.875 MiB (Increase: 0.0 MiB)
Memory usage before collect: 2242.875 MiB (Increase: 0.0 MiB)
Memory usage after collect: 2242.875 MiB (Increase: 0.0 MiB)
Memory usage before initialization: 2242.875 MiB (Increase: 0.0 MiB)
Memory usage after initialization: 2242.875 MiB (Increase: 0.0 MiB)
Current lengths of episodes: [52, 51]
Memory usage at done (index 0, length 52, since_prev 52): 2242.875 MiB (Increase: 0.0 MiB)
Memory usage before reset: 2242.875 MiB (Increase: 0.0 MiB)
Memory usage after reset: 2242.875 MiB (Increase: 0.0 MiB)
Current lengths of episodes: [1548, 1600]
Memory usage at done (index 1, length 1600, since_prev 1548): 2242.875 MiB (Increase: 0.0 MiB)
Memory usage before reset: 2242.875 MiB (Increase: 0.0 MiB)
Memory usage after reset: 2242.875 MiB (Increase: 0.0 MiB)
Training episode 456
Memory usage at middle: 2242.875 MiB (Increase: 0.0 MiB)
Memory usage before collect: 2242.875 MiB (Increase: 0.0 MiB)
Memory usage after collect: 2242.875 MiB (Increase: 0.0 MiB)
Memory usage before initialization: 2242.875 MiB (Increase: 0.0 MiB)
Memory usage after initialization: 2242.875 MiB (Increase: 0.0 MiB)
Current lengths of episodes: [49, 48]
Memory usage at done (index 0, length 49, since_prev 49): 2242.875 MiB (Increase: 0.0 MiB)
Memory usage before reset: 2242.875 MiB (Increase: 0.0 MiB)
Memory usage after reset: 2242.875 MiB (Increase: 0.0 MiB)
Current lengths of episodes: [69, 117]
Memory usage at done (index 0, length 69, since_prev 69): 2242.875 MiB (Increase: 0.0 MiB)
Memory usage before reset: 2242.875 MiB (Increase: 0.0 MiB)
Memory usage after reset: 2242.875 MiB (Increase: 0.0 MiB)
Training episode 458
Memory usage at middle: 2242.875 MiB (Increase: 0.0 MiB)
Memory usage before collect: 2242.875 MiB (Increase: 0.0 MiB)
Memory usage after collect: 2242.875 MiB (Increase: 0.0 MiB)
Memory usage before initialization: 2242.875 MiB (Increase: 0.0 MiB)
Memory usage after initialization: 2242.875 MiB (Increase: 0.0 MiB)
Current lengths of episodes: [1600, 1599]
Memory usage at done (index 0, length 1600, since_prev 1600): 2242.875 MiB (Increase: 0.0 MiB)
Memory usage before reset: 2242.875 MiB (Increase: 0.0 MiB)
Memory usage after reset: 2242.875 MiB (Increase: 0.0 MiB)
Current lengths of episodes: [0, 1600]
Memory usage at done (index 1, length 1600, since_prev 0): 2242.875 MiB (Increase: 0.0 MiB)
Memory usage before reset: 2242.875 MiB (Increase: 0.0 MiB)
Memory usage after reset: 2242.875 MiB (Increase: 0.0 MiB)
Training episode 460
Memory usage at middle: 2242.875 MiB (Increase: 0.0 MiB)
Memory usage before collect: 2242.875 MiB (Increase: 0.0 MiB)
Memory usage after collect: 2242.875 MiB (Increase: 0.0 MiB)
Memory usage before initialization: 2242.875 MiB (Increase: 0.0 MiB)
Memory usage after initialization: 2242.875 MiB (Increase: 0.0 MiB)
Current lengths of episodes: [234, 234]
Memory usage at done (index 1, length 234, since_prev 234): 2242.875 MiB (Increase: 0.0 MiB)
Memory usage before reset: 2242.875 MiB (Increase: 0.0 MiB)
Memory usage after reset: 2242.875 MiB (Increase: 0.0 MiB)
Current lengths of episodes: [859, 625]
Memory usage at done (index 1, length 625, since_prev 625): 2242.875 MiB (Increase: 0.0 MiB)
Memory usage before reset: 2242.875 MiB (Increase: 0.0 MiB)
Memory usage after reset: 2242.875 MiB (Increase: 0.0 MiB)
Training episode 462
Memory usage at middle: 2242.875 MiB (Increase: 0.0 MiB)
Memory usage before collect: 2242.875 MiB (Increase: 0.0 MiB)
Memory usage after collect: 2242.875 MiB (Increase: 0.0 MiB)
Memory usage before initialization: 2242.875 MiB (Increase: 0.0 MiB)
Memory usage after initialization: 2242.875 MiB (Increase: 0.0 MiB)
Current lengths of episodes: [68, 67]
Memory usage at done (index 0, length 68, since_prev 68): 2242.875 MiB (Increase: 0.0 MiB)
Memory usage before reset: 2242.875 MiB (Increase: 0.0 MiB)
Memory usage after reset: 2242.875 MiB (Increase: 0.0 MiB)
Current lengths of episodes: [1532, 1600]
Memory usage at done (index 1, length 1600, since_prev 1532): 2242.875 MiB (Increase: 0.0 MiB)
Memory usage before reset: 2242.875 MiB (Increase: 0.0 MiB)
Memory usage after reset: 2242.875 MiB (Increase: 0.0 MiB)
Training episode 464
Memory usage at middle: 2242.875 MiB (Increase: 0.0 MiB)
Memory usage before collect: 2242.875 MiB (Increase: 0.0 MiB)
Memory usage after collect: 2242.875 MiB (Increase: 0.0 MiB)
Memory usage before initialization: 2242.875 MiB (Increase: 0.0 MiB)
Memory usage after initialization: 2242.875 MiB (Increase: 0.0 MiB)
Current lengths of episodes: [1600, 1599]
Memory usage at done (index 0, length 1600, since_prev 1600): 2242.875 MiB (Increase: 0.0 MiB)
Memory usage before reset: 2242.875 MiB (Increase: 0.0 MiB)
Memory usage after reset: 2242.875 MiB (Increase: 0.0 MiB)
Current lengths of episodes: [0, 1600]
Memory usage at done (index 1, length 1600, since_prev 0): 2242.875 MiB (Increase: 0.0 MiB)
Memory usage before reset: 2242.875 MiB (Increase: 0.0 MiB)
Memory usage after reset: 2242.875 MiB (Increase: 0.0 MiB)
Training episode 466
Memory usage at middle: 2242.875 MiB (Increase: 0.0 MiB)
Memory usage before collect: 2242.875 MiB (Increase: 0.0 MiB)
Memory usage after collect: 2242.875 MiB (Increase: 0.0 MiB)
Memory usage before initialization: 2242.875 MiB (Increase: 0.0 MiB)
Memory usage after initialization: 2242.875 MiB (Increase: 0.0 MiB)
Current lengths of episodes: [62, 62]
Memory usage at done (index 1, length 62, since_prev 62): 2242.875 MiB (Increase: 0.0 MiB)
Memory usage before reset: 2242.875 MiB (Increase: 0.0 MiB)
Memory usage after reset: 2242.875 MiB (Increase: 0.0 MiB)
Current lengths of episodes: [212, 150]
Memory usage at done (index 1, length 150, since_prev 150): 2242.875 MiB (Increase: 0.0 MiB)
Memory usage before reset: 2242.875 MiB (Increase: 0.0 MiB)
Memory usage after reset: 2242.875 MiB (Increase: 0.0 MiB)
Training episode 468
Memory usage at middle: 2242.875 MiB (Increase: 0.0 MiB)
Memory usage before collect: 2242.875 MiB (Increase: 0.0 MiB)
Memory usage after collect: 2242.875 MiB (Increase: 0.0 MiB)
Memory usage before initialization: 2242.875 MiB (Increase: 0.0 MiB)
Memory usage after initialization: 2242.875 MiB (Increase: 0.0 MiB)
Current lengths of episodes: [90, 89]
Memory usage at done (index 0, length 90, since_prev 90): 2242.875 MiB (Increase: 0.0 MiB)
Memory usage before reset: 2242.875 MiB (Increase: 0.0 MiB)
Memory usage after reset: 2242.875 MiB (Increase: 0.0 MiB)
Current lengths of episodes: [9, 99]
Memory usage at done (index 1, length 99, since_prev 9): 2242.875 MiB (Increase: 0.0 MiB)
Memory usage before reset: 2242.875 MiB (Increase: 0.0 MiB)
Memory usage after reset: 2242.875 MiB (Increase: 0.0 MiB)
Training episode 470
Memory usage at middle: 2242.875 MiB (Increase: 0.0 MiB)
Memory usage before collect: 2242.875 MiB (Increase: 0.0 MiB)
Memory usage after collect: 2242.875 MiB (Increase: 0.0 MiB)
Memory usage before initialization: 2242.875 MiB (Increase: 0.0 MiB)
Memory usage after initialization: 2242.875 MiB (Increase: 0.0 MiB)
Current lengths of episodes: [81, 81]
Memory usage at done (index 1, length 81, since_prev 81): 2242.875 MiB (Increase: 0.0 MiB)
Memory usage before reset: 2242.875 MiB (Increase: 0.0 MiB)
Memory usage after reset: 2242.875 MiB (Increase: 0.0 MiB)
Current lengths of episodes: [280, 199]
Memory usage at done (index 1, length 199, since_prev 199): 2242.875 MiB (Increase: 0.0 MiB)
Memory usage before reset: 2242.875 MiB (Increase: 0.0 MiB)
Memory usage after reset: 2242.875 MiB (Increase: 0.0 MiB)
Training episode 472
Memory usage at middle: 2242.875 MiB (Increase: 0.0 MiB)
Memory usage before collect: 2242.875 MiB (Increase: 0.0 MiB)
Memory usage after collect: 2242.875 MiB (Increase: 0.0 MiB)
Memory usage before initialization: 2242.875 MiB (Increase: 0.0 MiB)
Memory usage after initialization: 2242.875 MiB (Increase: 0.0 MiB)
Current lengths of episodes: [51, 51]
Memory usage at done (index 1, length 51, since_prev 51): 2242.875 MiB (Increase: 0.0 MiB)
Memory usage before reset: 2242.875 MiB (Increase: 0.0 MiB)
Memory usage after reset: 2242.875 MiB (Increase: 0.0 MiB)
Current lengths of episodes: [81, 29]
Memory usage at done (index 0, length 81, since_prev 30): 2242.875 MiB (Increase: 0.0 MiB)
Memory usage before reset: 2242.875 MiB (Increase: 0.0 MiB)
Memory usage after reset: 2242.875 MiB (Increase: 0.0 MiB)
Training episode 474
Memory usage at middle: 2242.875 MiB (Increase: 0.0 MiB)
Memory usage before collect: 2242.875 MiB (Increase: 0.0 MiB)
Memory usage after collect: 2242.875 MiB (Increase: 0.0 MiB)
Memory usage before initialization: 2242.875 MiB (Increase: 0.0 MiB)
Memory usage after initialization: 2242.875 MiB (Increase: 0.0 MiB)
Current lengths of episodes: [50, 50]
Memory usage at done (index 1, length 50, since_prev 50): 2242.875 MiB (Increase: 0.0 MiB)
Memory usage before reset: 2242.875 MiB (Increase: 0.0 MiB)
Memory usage after reset: 2242.875 MiB (Increase: 0.0 MiB)
Current lengths of episodes: [117, 67]
Memory usage at done (index 1, length 67, since_prev 67): 2242.875 MiB (Increase: 0.0 MiB)
Memory usage before reset: 2242.875 MiB (Increase: 0.0 MiB)
Memory usage after reset: 2242.875 MiB (Increase: 0.0 MiB)
Training episode 476
Memory usage at middle: 2242.875 MiB (Increase: 0.0 MiB)
Memory usage before collect: 2242.875 MiB (Increase: 0.0 MiB)
Memory usage after collect: 2242.875 MiB (Increase: 0.0 MiB)
Memory usage before initialization: 2242.875 MiB (Increase: 0.0 MiB)
Memory usage after initialization: 2242.875 MiB (Increase: 0.0 MiB)
Current lengths of episodes: [61, 60]
Memory usage at done (index 0, length 61, since_prev 61): 2242.875 MiB (Increase: 0.0 MiB)
Memory usage before reset: 2242.875 MiB (Increase: 0.0 MiB)
Memory usage after reset: 2242.875 MiB (Increase: 0.0 MiB)
Current lengths of episodes: [1539, 1600]
Memory usage at done (index 1, length 1600, since_prev 1539): 2242.875 MiB (Increase: 0.0 MiB)
Memory usage before reset: 2242.875 MiB (Increase: 0.0 MiB)
Memory usage after reset: 2242.875 MiB (Increase: 0.0 MiB)
Training episode 478
Memory usage at middle: 2242.875 MiB (Increase: 0.0 MiB)
Memory usage before collect: 2242.875 MiB (Increase: 0.0 MiB)
Memory usage after collect: 2242.875 MiB (Increase: 0.0 MiB)
Memory usage before initialization: 2242.875 MiB (Increase: 0.0 MiB)
Memory usage after initialization: 2242.875 MiB (Increase: 0.0 MiB)
Current lengths of episodes: [1509, 1509]
Memory usage at done (index 1, length 1509, since_prev 1509): 2242.875 MiB (Increase: 0.0 MiB)
Memory usage before reset: 2242.875 MiB (Increase: 0.0 MiB)
Memory usage after reset: 2242.875 MiB (Increase: 0.0 MiB)
Current lengths of episodes: [1600, 90]
Memory usage at done (index 0, length 1600, since_prev 91): 2242.875 MiB (Increase: 0.0 MiB)
Memory usage before reset: 2242.875 MiB (Increase: 0.0 MiB)
Memory usage after reset: 2242.875 MiB (Increase: 0.0 MiB)
Training episode 480
Memory usage at middle: 2242.875 MiB (Increase: 0.0 MiB)
Memory usage before collect: 2242.875 MiB (Increase: 0.0 MiB)
Memory usage after collect: 2242.875 MiB (Increase: 0.0 MiB)
Memory usage before initialization: 2242.875 MiB (Increase: 0.0 MiB)
Memory usage after initialization: 2242.875 MiB (Increase: 0.0 MiB)
Current lengths of episodes: [104, 104]
Memory usage at done (index 1, length 104, since_prev 104): 2242.875 MiB (Increase: 0.0 MiB)
Memory usage before reset: 2242.875 MiB (Increase: 0.0 MiB)
Memory usage after reset: 2242.875 MiB (Increase: 0.0 MiB)
Current lengths of episodes: [1600, 1495]
Memory usage at done (index 0, length 1600, since_prev 1496): 2242.875 MiB (Increase: 0.0 MiB)
Memory usage before reset: 2242.875 MiB (Increase: 0.0 MiB)
Memory usage after reset: 2242.875 MiB (Increase: 0.0 MiB)
Training episode 482
Memory usage at middle: 2242.875 MiB (Increase: 0.0 MiB)
Memory usage before collect: 2242.875 MiB (Increase: 0.0 MiB)
Memory usage after collect: 2242.875 MiB (Increase: 0.0 MiB)
Memory usage before initialization: 2242.875 MiB (Increase: 0.0 MiB)
Memory usage after initialization: 2242.875 MiB (Increase: 0.0 MiB)
Current lengths of episodes: [1600, 1599]
Memory usage at done (index 0, length 1600, since_prev 1600): 2242.875 MiB (Increase: 0.0 MiB)
Memory usage before reset: 2242.875 MiB (Increase: 0.0 MiB)
Memory usage after reset: 2242.875 MiB (Increase: 0.0 MiB)
Current lengths of episodes: [0, 1600]
Memory usage at done (index 1, length 1600, since_prev 0): 2242.875 MiB (Increase: 0.0 MiB)
Memory usage before reset: 2242.875 MiB (Increase: 0.0 MiB)
Memory usage after reset: 2242.875 MiB (Increase: 0.0 MiB)
Training episode 484
Memory usage at middle: 2242.875 MiB (Increase: 0.0 MiB)
Memory usage before collect: 2242.875 MiB (Increase: 0.0 MiB)
Memory usage after collect: 2242.875 MiB (Increase: 0.0 MiB)
Memory usage before initialization: 2242.875 MiB (Increase: 0.0 MiB)
Memory usage after initialization: 2242.875 MiB (Increase: 0.0 MiB)
Current lengths of episodes: [1600, 1599]
Memory usage at done (index 0, length 1600, since_prev 1600): 2242.875 MiB (Increase: 0.0 MiB)
Memory usage before reset: 2242.875 MiB (Increase: 0.0 MiB)
Memory usage after reset: 2242.875 MiB (Increase: 0.0 MiB)
Current lengths of episodes: [0, 1600]
Memory usage at done (index 1, length 1600, since_prev 0): 2242.875 MiB (Increase: 0.0 MiB)
Memory usage before reset: 2242.875 MiB (Increase: 0.0 MiB)
Memory usage after reset: 2242.875 MiB (Increase: 0.0 MiB)
Training episode 486
Memory usage at middle: 2242.875 MiB (Increase: 0.0 MiB)
Memory usage before collect: 2242.875 MiB (Increase: 0.0 MiB)
Memory usage after collect: 2242.875 MiB (Increase: 0.0 MiB)
Memory usage before initialization: 2242.875 MiB (Increase: 0.0 MiB)
Memory usage after initialization: 2242.875 MiB (Increase: 0.0 MiB)
Current lengths of episodes: [68, 68]
Memory usage at done (index 1, length 68, since_prev 68): 2242.875 MiB (Increase: 0.0 MiB)
Memory usage before reset: 2242.875 MiB (Increase: 0.0 MiB)
Memory usage after reset: 2242.875 MiB (Increase: 0.0 MiB)
Current lengths of episodes: [84, 15]
Memory usage at done (index 0, length 84, since_prev 16): 2242.875 MiB (Increase: 0.0 MiB)
Memory usage before reset: 2242.875 MiB (Increase: 0.0 MiB)
Memory usage after reset: 2242.875 MiB (Increase: 0.0 MiB)
Training episode 488
Memory usage at middle: 2242.875 MiB (Increase: 0.0 MiB)
Memory usage before collect: 2242.875 MiB (Increase: 0.0 MiB)
Memory usage after collect: 2242.875 MiB (Increase: 0.0 MiB)
Memory usage before initialization: 2242.875 MiB (Increase: 0.0 MiB)
Memory usage after initialization: 2242.875 MiB (Increase: 0.0 MiB)
Current lengths of episodes: [1600, 1599]
Memory usage at done (index 0, length 1600, since_prev 1600): 2242.875 MiB (Increase: 0.0 MiB)
Memory usage before reset: 2242.875 MiB (Increase: 0.0 MiB)
Memory usage after reset: 2242.875 MiB (Increase: 0.0 MiB)
Current lengths of episodes: [0, 1600]
Memory usage at done (index 1, length 1600, since_prev 0): 2242.875 MiB (Increase: 0.0 MiB)
Memory usage before reset: 2242.875 MiB (Increase: 0.0 MiB)
Memory usage after reset: 2242.875 MiB (Increase: 0.0 MiB)
Training episode 490
Memory usage at middle: 2242.875 MiB (Increase: 0.0 MiB)
Memory usage before collect: 2242.875 MiB (Increase: 0.0 MiB)
Memory usage after collect: 2242.875 MiB (Increase: 0.0 MiB)
Memory usage before initialization: 2242.875 MiB (Increase: 0.0 MiB)
Memory usage after initialization: 2242.875 MiB (Increase: 0.0 MiB)
Current lengths of episodes: [50, 50]
Memory usage at done (index 1, length 50, since_prev 50): 2242.875 MiB (Increase: 0.0 MiB)
Memory usage before reset: 2242.875 MiB (Increase: 0.0 MiB)
Memory usage after reset: 2242.875 MiB (Increase: 0.0 MiB)
Current lengths of episodes: [649, 599]
Memory usage at done (index 1, length 599, since_prev 599): 2242.875 MiB (Increase: 0.0 MiB)
Memory usage before reset: 2242.875 MiB (Increase: 0.0 MiB)
Memory usage after reset: 2242.875 MiB (Increase: 0.0 MiB)
Training episode 492
Memory usage at middle: 2242.875 MiB (Increase: 0.0 MiB)
Memory usage before collect: 2242.875 MiB (Increase: 0.0 MiB)
Memory usage after collect: 2242.875 MiB (Increase: 0.0 MiB)
Memory usage before initialization: 2242.875 MiB (Increase: 0.0 MiB)
Memory usage after initialization: 2242.875 MiB (Increase: 0.0 MiB)
Current lengths of episodes: [47, 47]
Memory usage at done (index 1, length 47, since_prev 47): 2242.875 MiB (Increase: 0.0 MiB)
Memory usage before reset: 2242.875 MiB (Increase: 0.0 MiB)
Memory usage after reset: 2242.875 MiB (Increase: 0.0 MiB)
Current lengths of episodes: [120, 73]
Memory usage at done (index 1, length 73, since_prev 73): 2242.875 MiB (Increase: 0.0 MiB)
Memory usage before reset: 2242.875 MiB (Increase: 0.0 MiB)
Memory usage after reset: 2242.875 MiB (Increase: 0.0 MiB)
Training episode 494
Memory usage at middle: 2242.875 MiB (Increase: 0.0 MiB)
Memory usage before collect: 2242.875 MiB (Increase: 0.0 MiB)
Memory usage after collect: 2242.875 MiB (Increase: 0.0 MiB)
Memory usage before initialization: 2242.875 MiB (Increase: 0.0 MiB)
Memory usage after initialization: 2242.875 MiB (Increase: 0.0 MiB)
Current lengths of episodes: [74, 74]
Memory usage at done (index 1, length 74, since_prev 74): 2242.875 MiB (Increase: 0.0 MiB)
Memory usage before reset: 2242.875 MiB (Increase: 0.0 MiB)
Memory usage after reset: 2242.875 MiB (Increase: 0.0 MiB)
Current lengths of episodes: [1600, 1525]
Memory usage at done (index 0, length 1600, since_prev 1526): 2242.875 MiB (Increase: 0.0 MiB)
Memory usage before reset: 2242.875 MiB (Increase: 0.0 MiB)
Memory usage after reset: 2242.875 MiB (Increase: 0.0 MiB)
Training episode 496
Memory usage at middle: 2242.875 MiB (Increase: 0.0 MiB)
Memory usage before collect: 2242.875 MiB (Increase: 0.0 MiB)
Memory usage after collect: 2242.875 MiB (Increase: 0.0 MiB)
Memory usage before initialization: 2242.875 MiB (Increase: 0.0 MiB)
Memory usage after initialization: 2242.875 MiB (Increase: 0.0 MiB)
Current lengths of episodes: [94, 94]
Memory usage at done (index 1, length 94, since_prev 94): 2242.875 MiB (Increase: 0.0 MiB)
Memory usage before reset: 2242.875 MiB (Increase: 0.0 MiB)
Memory usage after reset: 2242.875 MiB (Increase: 0.0 MiB)
Current lengths of episodes: [178, 84]
Memory usage at done (index 1, length 84, since_prev 84): 2242.875 MiB (Increase: 0.0 MiB)
Memory usage before reset: 2242.875 MiB (Increase: 0.0 MiB)
Memory usage after reset: 2242.875 MiB (Increase: 0.0 MiB)
Training episode 498
Memory usage at middle: 2242.875 MiB (Increase: 0.0 MiB)
Memory usage before collect: 2242.875 MiB (Increase: 0.0 MiB)
Memory usage after collect: 2242.875 MiB (Increase: 0.0 MiB)
Memory usage before initialization: 2242.875 MiB (Increase: 0.0 MiB)
Memory usage after initialization: 2242.875 MiB (Increase: 0.0 MiB)
Current lengths of episodes: [55, 54]
Memory usage at done (index 0, length 55, since_prev 55): 2242.875 MiB (Increase: 0.0 MiB)
Memory usage before reset: 2242.875 MiB (Increase: 0.0 MiB)
Memory usage after reset: 2242.875 MiB (Increase: 0.0 MiB)
Current lengths of episodes: [1545, 1600]
Memory usage at done (index 1, length 1600, since_prev 1545): 2242.875 MiB (Increase: 0.0 MiB)
Memory usage before reset: 2242.875 MiB (Increase: 0.0 MiB)
Memory usage after reset: 2242.875 MiB (Increase: 0.0 MiB)
Training episode 500
Memory usage at middle: 2242.875 MiB (Increase: 0.0 MiB)
Memory usage before collect: 2242.875 MiB (Increase: 0.0 MiB)
Memory usage after collect: 2242.875 MiB (Increase: 0.0 MiB)
Episode 500	Average evaluation: -24.801324393599618
Memory usage before initialization: 2242.875 MiB (Increase: 0.0 MiB)
Memory usage after initialization: 2242.875 MiB (Increase: 0.0 MiB)
Current lengths of episodes: [51, 51]
Memory usage at done (index 1, length 51, since_prev 51): 2242.875 MiB (Increase: 0.0 MiB)
Memory usage before reset: 2242.875 MiB (Increase: 0.0 MiB)
Memory usage after reset: 2242.875 MiB (Increase: 0.0 MiB)
Current lengths of episodes: [1600, 1548]
Memory usage at done (index 0, length 1600, since_prev 1549): 2242.875 MiB (Increase: 0.0 MiB)
Memory usage before reset: 2242.875 MiB (Increase: 0.0 MiB)
Memory usage after reset: 2242.875 MiB (Increase: 0.0 MiB)
Training episode 502
Memory usage at middle: 2242.875 MiB (Increase: 0.0 MiB)
Memory usage before collect: 2242.875 MiB (Increase: 0.0 MiB)
Memory usage after collect: 2242.875 MiB (Increase: 0.0 MiB)
Memory usage before initialization: 2242.875 MiB (Increase: 0.0 MiB)
Memory usage after initialization: 2242.875 MiB (Increase: 0.0 MiB)
Current lengths of episodes: [110, 110]
Memory usage at done (index 1, length 110, since_prev 110): 2242.875 MiB (Increase: 0.0 MiB)
Memory usage before reset: 2242.875 MiB (Increase: 0.0 MiB)
Memory usage after reset: 2242.875 MiB (Increase: 0.0 MiB)
Current lengths of episodes: [1600, 1489]
Memory usage at done (index 0, length 1600, since_prev 1490): 2242.875 MiB (Increase: 0.0 MiB)
Memory usage before reset: 2242.875 MiB (Increase: 0.0 MiB)
Memory usage after reset: 2242.875 MiB (Increase: 0.0 MiB)
Training episode 504
Memory usage at middle: 2242.875 MiB (Increase: 0.0 MiB)
Memory usage before collect: 2242.875 MiB (Increase: 0.0 MiB)
Memory usage after collect: 2242.875 MiB (Increase: 0.0 MiB)
Memory usage before initialization: 2242.875 MiB (Increase: 0.0 MiB)
Memory usage after initialization: 2242.875 MiB (Increase: 0.0 MiB)
Current lengths of episodes: [1600, 1599]
Memory usage at done (index 0, length 1600, since_prev 1600): 2242.875 MiB (Increase: 0.0 MiB)
Memory usage before reset: 2242.875 MiB (Increase: 0.0 MiB)
Memory usage after reset: 2242.875 MiB (Increase: 0.0 MiB)
Current lengths of episodes: [0, 1600]
Memory usage at done (index 1, length 1600, since_prev 0): 2242.875 MiB (Increase: 0.0 MiB)
Memory usage before reset: 2242.875 MiB (Increase: 0.0 MiB)
Memory usage after reset: 2242.875 MiB (Increase: 0.0 MiB)
Training episode 506
Memory usage at middle: 2242.875 MiB (Increase: 0.0 MiB)
Memory usage before collect: 2242.875 MiB (Increase: 0.0 MiB)
Memory usage after collect: 2242.875 MiB (Increase: 0.0 MiB)
Memory usage before initialization: 2242.875 MiB (Increase: 0.0 MiB)
Memory usage after initialization: 2242.875 MiB (Increase: 0.0 MiB)
Current lengths of episodes: [84, 84]
Memory usage at done (index 1, length 84, since_prev 84): 2242.875 MiB (Increase: 0.0 MiB)
Memory usage before reset: 2242.875 MiB (Increase: 0.0 MiB)
Memory usage after reset: 2242.875 MiB (Increase: 0.0 MiB)
Current lengths of episodes: [201, 116]
Memory usage at done (index 0, length 201, since_prev 117): 2242.875 MiB (Increase: 0.0 MiB)
Memory usage before reset: 2242.875 MiB (Increase: 0.0 MiB)
Memory usage after reset: 2242.875 MiB (Increase: 0.0 MiB)
Training episode 508
Memory usage at middle: 2242.875 MiB (Increase: 0.0 MiB)
Memory usage before collect: 2242.875 MiB (Increase: 0.0 MiB)
Memory usage after collect: 2242.875 MiB (Increase: 0.0 MiB)
Memory usage before initialization: 2242.875 MiB (Increase: 0.0 MiB)
Memory usage after initialization: 2242.875 MiB (Increase: 0.0 MiB)
Current lengths of episodes: [73, 72]
Memory usage at done (index 0, length 73, since_prev 73): 2242.875 MiB (Increase: 0.0 MiB)
Memory usage before reset: 2242.875 MiB (Increase: 0.0 MiB)
Memory usage after reset: 2242.875 MiB (Increase: 0.0 MiB)
Current lengths of episodes: [96, 168]
Memory usage at done (index 0, length 96, since_prev 96): 2242.875 MiB (Increase: 0.0 MiB)
Memory usage before reset: 2242.875 MiB (Increase: 0.0 MiB)
Memory usage after reset: 2242.875 MiB (Increase: 0.0 MiB)
Training episode 510
Memory usage at middle: 2242.875 MiB (Increase: 0.0 MiB)
Memory usage before collect: 2242.875 MiB (Increase: 0.0 MiB)
Memory usage after collect: 2242.875 MiB (Increase: 0.0 MiB)
Memory usage before initialization: 2242.875 MiB (Increase: 0.0 MiB)
Memory usage after initialization: 2242.875 MiB (Increase: 0.0 MiB)
Current lengths of episodes: [44, 44]
Memory usage at done (index 1, length 44, since_prev 44): 2242.875 MiB (Increase: 0.0 MiB)
Memory usage before reset: 2242.875 MiB (Increase: 0.0 MiB)
Memory usage after reset: 2242.875 MiB (Increase: 0.0 MiB)
Current lengths of episodes: [106, 62]
Memory usage at done (index 1, length 62, since_prev 62): 2242.875 MiB (Increase: 0.0 MiB)
Memory usage before reset: 2242.875 MiB (Increase: 0.0 MiB)
Memory usage after reset: 2242.875 MiB (Increase: 0.0 MiB)
Training episode 512
Memory usage at middle: 2242.875 MiB (Increase: 0.0 MiB)
Memory usage before collect: 2242.875 MiB (Increase: 0.0 MiB)
Memory usage after collect: 2242.875 MiB (Increase: 0.0 MiB)
Memory usage before initialization: 2242.875 MiB (Increase: 0.0 MiB)
Memory usage after initialization: 2242.875 MiB (Increase: 0.0 MiB)
Current lengths of episodes: [71, 71]
Memory usage at done (index 1, length 71, since_prev 71): 2242.875 MiB (Increase: 0.0 MiB)
Memory usage before reset: 2242.875 MiB (Increase: 0.0 MiB)
Memory usage after reset: 2242.875 MiB (Increase: 0.0 MiB)
Current lengths of episodes: [927, 855]
Memory usage at done (index 0, length 927, since_prev 856): 2242.875 MiB (Increase: 0.0 MiB)
Memory usage before reset: 2242.875 MiB (Increase: 0.0 MiB)
Memory usage after reset: 2242.875 MiB (Increase: 0.0 MiB)
Training episode 514
Memory usage at middle: 2242.875 MiB (Increase: 0.0 MiB)
Memory usage before collect: 2242.875 MiB (Increase: 0.0 MiB)
Memory usage after collect: 2242.875 MiB (Increase: 0.0 MiB)
Memory usage before initialization: 2242.875 MiB (Increase: 0.0 MiB)
Memory usage after initialization: 2242.875 MiB (Increase: 0.0 MiB)
Current lengths of episodes: [1600, 1599]
Memory usage at done (index 0, length 1600, since_prev 1600): 2242.875 MiB (Increase: 0.0 MiB)
Memory usage before reset: 2242.875 MiB (Increase: 0.0 MiB)
Memory usage after reset: 2242.875 MiB (Increase: 0.0 MiB)
Current lengths of episodes: [0, 1600]
Memory usage at done (index 1, length 1600, since_prev 0): 2242.875 MiB (Increase: 0.0 MiB)
Memory usage before reset: 2242.875 MiB (Increase: 0.0 MiB)
Memory usage after reset: 2242.875 MiB (Increase: 0.0 MiB)
Training episode 516
Memory usage at middle: 2242.875 MiB (Increase: 0.0 MiB)
Memory usage before collect: 2242.875 MiB (Increase: 0.0 MiB)
Memory usage after collect: 2242.875 MiB (Increase: 0.0 MiB)
Memory usage before initialization: 2242.875 MiB (Increase: 0.0 MiB)
Memory usage after initialization: 2242.875 MiB (Increase: 0.0 MiB)
Current lengths of episodes: [80, 79]
Memory usage at done (index 0, length 80, since_prev 80): 2242.875 MiB (Increase: 0.0 MiB)
Memory usage before reset: 2242.875 MiB (Increase: 0.0 MiB)
Memory usage after reset: 2242.875 MiB (Increase: 0.0 MiB)
Current lengths of episodes: [1520, 1600]
Memory usage at done (index 1, length 1600, since_prev 1520): 2242.875 MiB (Increase: 0.0 MiB)
Memory usage before reset: 2242.875 MiB (Increase: 0.0 MiB)
Memory usage after reset: 2242.875 MiB (Increase: 0.0 MiB)
Training episode 518
Memory usage at middle: 2242.875 MiB (Increase: 0.0 MiB)
Memory usage before collect: 2242.875 MiB (Increase: 0.0 MiB)
Memory usage after collect: 2242.875 MiB (Increase: 0.0 MiB)
Memory usage before initialization: 2242.875 MiB (Increase: 0.0 MiB)
Memory usage after initialization: 2242.875 MiB (Increase: 0.0 MiB)
Current lengths of episodes: [58, 57]
Memory usage at done (index 0, length 58, since_prev 58): 2242.875 MiB (Increase: 0.0 MiB)
Memory usage before reset: 2242.875 MiB (Increase: 0.0 MiB)
Memory usage after reset: 2242.875 MiB (Increase: 0.0 MiB)
Current lengths of episodes: [96, 153]
Memory usage at done (index 0, length 96, since_prev 96): 2242.875 MiB (Increase: 0.0 MiB)
Memory usage before reset: 2242.875 MiB (Increase: 0.0 MiB)
Memory usage after reset: 2242.875 MiB (Increase: 0.0 MiB)
Training episode 520
Memory usage at middle: 2242.875 MiB (Increase: 0.0 MiB)
Memory usage before collect: 2242.875 MiB (Increase: 0.0 MiB)
Memory usage after collect: 2242.875 MiB (Increase: 0.0 MiB)
Memory usage before initialization: 2242.875 MiB (Increase: 0.0 MiB)
Memory usage after initialization: 2242.875 MiB (Increase: 0.0 MiB)
Current lengths of episodes: [65, 64]
Memory usage at done (index 0, length 65, since_prev 65): 2242.875 MiB (Increase: 0.0 MiB)
Memory usage before reset: 2242.875 MiB (Increase: 0.0 MiB)
Memory usage after reset: 2242.875 MiB (Increase: 0.0 MiB)
Current lengths of episodes: [21, 86]
Memory usage at done (index 1, length 86, since_prev 21): 2242.875 MiB (Increase: 0.0 MiB)
Memory usage before reset: 2242.875 MiB (Increase: 0.0 MiB)
Memory usage after reset: 2242.875 MiB (Increase: 0.0 MiB)
Training episode 522
Memory usage at middle: 2242.875 MiB (Increase: 0.0 MiB)
Memory usage before collect: 2242.875 MiB (Increase: 0.0 MiB)
Memory usage after collect: 2242.875 MiB (Increase: 0.0 MiB)
Memory usage before initialization: 2242.875 MiB (Increase: 0.0 MiB)
Memory usage after initialization: 2242.875 MiB (Increase: 0.0 MiB)
Current lengths of episodes: [70, 69]
Memory usage at done (index 0, length 70, since_prev 70): 2242.875 MiB (Increase: 0.0 MiB)
Memory usage before reset: 2242.875 MiB (Increase: 0.0 MiB)
Memory usage after reset: 2242.875 MiB (Increase: 0.0 MiB)
Current lengths of episodes: [81, 150]
Memory usage at done (index 0, length 81, since_prev 81): 2242.875 MiB (Increase: 0.0 MiB)
Memory usage before reset: 2242.875 MiB (Increase: 0.0 MiB)
Memory usage after reset: 2242.875 MiB (Increase: 0.0 MiB)
Training episode 524
Memory usage at middle: 2242.875 MiB (Increase: 0.0 MiB)
Memory usage before collect: 2242.875 MiB (Increase: 0.0 MiB)
Memory usage after collect: 2242.875 MiB (Increase: 0.0 MiB)
Memory usage before initialization: 2242.875 MiB (Increase: 0.0 MiB)
Memory usage after initialization: 2242.875 MiB (Increase: 0.0 MiB)
Current lengths of episodes: [88, 87]
Memory usage at done (index 0, length 88, since_prev 88): 2242.875 MiB (Increase: 0.0 MiB)
Memory usage before reset: 2242.875 MiB (Increase: 0.0 MiB)
Memory usage after reset: 2242.875 MiB (Increase: 0.0 MiB)
Current lengths of episodes: [53, 141]
Memory usage at done (index 1, length 141, since_prev 53): 2242.875 MiB (Increase: 0.0 MiB)
Memory usage before reset: 2242.875 MiB (Increase: 0.0 MiB)
Memory usage after reset: 2242.875 MiB (Increase: 0.0 MiB)
Training episode 526
Memory usage at middle: 2242.875 MiB (Increase: 0.0 MiB)
Memory usage before collect: 2242.875 MiB (Increase: 0.0 MiB)
Memory usage after collect: 2242.875 MiB (Increase: 0.0 MiB)
Memory usage before initialization: 2242.875 MiB (Increase: 0.0 MiB)
Memory usage after initialization: 2242.875 MiB (Increase: 0.0 MiB)
Current lengths of episodes: [65, 64]
Memory usage at done (index 0, length 65, since_prev 65): 2242.875 MiB (Increase: 0.0 MiB)
Memory usage before reset: 2242.875 MiB (Increase: 0.0 MiB)
Memory usage after reset: 2242.875 MiB (Increase: 0.0 MiB)
Current lengths of episodes: [1535, 1600]
Memory usage at done (index 1, length 1600, since_prev 1535): 2242.875 MiB (Increase: 0.0 MiB)
Memory usage before reset: 2242.875 MiB (Increase: 0.0 MiB)
Memory usage after reset: 2242.875 MiB (Increase: 0.0 MiB)
Training episode 528
Memory usage at middle: 2242.875 MiB (Increase: 0.0 MiB)
Memory usage before collect: 2242.875 MiB (Increase: 0.0 MiB)
Memory usage after collect: 2242.875 MiB (Increase: 0.0 MiB)
Memory usage before initialization: 2242.875 MiB (Increase: 0.0 MiB)
Memory usage after initialization: 2242.875 MiB (Increase: 0.0 MiB)
Current lengths of episodes: [49, 49]
Memory usage at done (index 1, length 49, since_prev 49): 2242.875 MiB (Increase: 0.0 MiB)
Memory usage before reset: 2242.875 MiB (Increase: 0.0 MiB)
Memory usage after reset: 2242.875 MiB (Increase: 0.0 MiB)
Current lengths of episodes: [68, 18]
Memory usage at done (index 0, length 68, since_prev 19): 2242.875 MiB (Increase: 0.0 MiB)
Memory usage before reset: 2242.875 MiB (Increase: 0.0 MiB)
Memory usage after reset: 2242.875 MiB (Increase: 0.0 MiB)
Training episode 530
Memory usage at middle: 2242.875 MiB (Increase: 0.0 MiB)
Memory usage before collect: 2242.875 MiB (Increase: 0.0 MiB)
Memory usage after collect: 2242.875 MiB (Increase: 0.0 MiB)
Memory usage before initialization: 2242.875 MiB (Increase: 0.0 MiB)
Memory usage after initialization: 2242.875 MiB (Increase: 0.0 MiB)
Current lengths of episodes: [60, 60]
Memory usage at done (index 1, length 60, since_prev 60): 2242.875 MiB (Increase: 0.0 MiB)
Memory usage before reset: 2242.875 MiB (Increase: 0.0 MiB)
Memory usage after reset: 2242.875 MiB (Increase: 0.0 MiB)
Current lengths of episodes: [75, 14]
Memory usage at done (index 0, length 75, since_prev 15): 2242.875 MiB (Increase: 0.0 MiB)
Memory usage before reset: 2242.875 MiB (Increase: 0.0 MiB)
Memory usage after reset: 2242.875 MiB (Increase: 0.0 MiB)
Training episode 532
Memory usage at middle: 2242.875 MiB (Increase: 0.0 MiB)
Memory usage before collect: 2242.875 MiB (Increase: 0.0 MiB)
Memory usage after collect: 2242.875 MiB (Increase: 0.0 MiB)
Memory usage before initialization: 2242.875 MiB (Increase: 0.0 MiB)
Memory usage after initialization: 2242.875 MiB (Increase: 0.0 MiB)
Current lengths of episodes: [1600, 1599]
Memory usage at done (index 0, length 1600, since_prev 1600): 2242.875 MiB (Increase: 0.0 MiB)
Memory usage before reset: 2242.875 MiB (Increase: 0.0 MiB)
Memory usage after reset: 2242.875 MiB (Increase: 0.0 MiB)
Current lengths of episodes: [0, 1600]
Memory usage at done (index 1, length 1600, since_prev 0): 2242.875 MiB (Increase: 0.0 MiB)
Memory usage before reset: 2242.875 MiB (Increase: 0.0 MiB)
Memory usage after reset: 2242.875 MiB (Increase: 0.0 MiB)
Training episode 534
Memory usage at middle: 2242.875 MiB (Increase: 0.0 MiB)
Memory usage before collect: 2242.875 MiB (Increase: 0.0 MiB)
Memory usage after collect: 2242.875 MiB (Increase: 0.0 MiB)
Memory usage before initialization: 2242.875 MiB (Increase: 0.0 MiB)
Memory usage after initialization: 2242.875 MiB (Increase: 0.0 MiB)
Current lengths of episodes: [1600, 1599]
Memory usage at done (index 0, length 1600, since_prev 1600): 2242.875 MiB (Increase: 0.0 MiB)
Memory usage before reset: 2242.875 MiB (Increase: 0.0 MiB)
Memory usage after reset: 2242.875 MiB (Increase: 0.0 MiB)
Current lengths of episodes: [0, 1600]
Memory usage at done (index 1, length 1600, since_prev 0): 2242.875 MiB (Increase: 0.0 MiB)
Memory usage before reset: 2242.875 MiB (Increase: 0.0 MiB)
Memory usage after reset: 2242.875 MiB (Increase: 0.0 MiB)
Training episode 536
Memory usage at middle: 2242.875 MiB (Increase: 0.0 MiB)
Memory usage before collect: 2242.875 MiB (Increase: 0.0 MiB)
Memory usage after collect: 2242.875 MiB (Increase: 0.0 MiB)
Memory usage before initialization: 2242.875 MiB (Increase: 0.0 MiB)
Memory usage after initialization: 2242.875 MiB (Increase: 0.0 MiB)
Current lengths of episodes: [74, 74]
Memory usage at done (index 1, length 74, since_prev 74): 2242.875 MiB (Increase: 0.0 MiB)
Memory usage before reset: 2242.875 MiB (Increase: 0.0 MiB)
Memory usage after reset: 2242.875 MiB (Increase: 0.0 MiB)
Current lengths of episodes: [482, 408]
Memory usage at done (index 1, length 408, since_prev 408): 2242.875 MiB (Increase: 0.0 MiB)
Memory usage before reset: 2242.875 MiB (Increase: 0.0 MiB)
Memory usage after reset: 2242.875 MiB (Increase: 0.0 MiB)
Training episode 538
Memory usage at middle: 2242.875 MiB (Increase: 0.0 MiB)
Memory usage before collect: 2242.875 MiB (Increase: 0.0 MiB)
Memory usage after collect: 2242.875 MiB (Increase: 0.0 MiB)
Memory usage before initialization: 2242.875 MiB (Increase: 0.0 MiB)
Memory usage after initialization: 2242.875 MiB (Increase: 0.0 MiB)
Current lengths of episodes: [77, 77]
Memory usage at done (index 1, length 77, since_prev 77): 2242.875 MiB (Increase: 0.0 MiB)
Memory usage before reset: 2242.875 MiB (Increase: 0.0 MiB)
Memory usage after reset: 2242.875 MiB (Increase: 0.0 MiB)
Current lengths of episodes: [1600, 1522]
Memory usage at done (index 0, length 1600, since_prev 1523): 2242.875 MiB (Increase: 0.0 MiB)
Memory usage before reset: 2242.875 MiB (Increase: 0.0 MiB)
Memory usage after reset: 2242.875 MiB (Increase: 0.0 MiB)
Training episode 540
Memory usage at middle: 2242.875 MiB (Increase: 0.0 MiB)
Memory usage before collect: 2242.875 MiB (Increase: 0.0 MiB)
Memory usage after collect: 2242.875 MiB (Increase: 0.0 MiB)
Memory usage before initialization: 2242.875 MiB (Increase: 0.0 MiB)
Memory usage after initialization: 2242.875 MiB (Increase: 0.0 MiB)
Current lengths of episodes: [1600, 1599]
Memory usage at done (index 0, length 1600, since_prev 1600): 2242.875 MiB (Increase: 0.0 MiB)
Memory usage before reset: 2242.875 MiB (Increase: 0.0 MiB)
Memory usage after reset: 2242.875 MiB (Increase: 0.0 MiB)
Current lengths of episodes: [0, 1600]
Memory usage at done (index 1, length 1600, since_prev 0): 2242.875 MiB (Increase: 0.0 MiB)
Memory usage before reset: 2242.875 MiB (Increase: 0.0 MiB)
Memory usage after reset: 2242.875 MiB (Increase: 0.0 MiB)
Training episode 542
Memory usage at middle: 2242.875 MiB (Increase: 0.0 MiB)
Memory usage before collect: 2242.875 MiB (Increase: 0.0 MiB)
Memory usage after collect: 2242.875 MiB (Increase: 0.0 MiB)
Memory usage before initialization: 2242.875 MiB (Increase: 0.0 MiB)
Memory usage after initialization: 2242.875 MiB (Increase: 0.0 MiB)
Current lengths of episodes: [61, 60]
Memory usage at done (index 0, length 61, since_prev 61): 2242.875 MiB (Increase: 0.0 MiB)
Memory usage before reset: 2242.875 MiB (Increase: 0.0 MiB)
Memory usage after reset: 2242.875 MiB (Increase: 0.0 MiB)
Current lengths of episodes: [1511, 1572]
Memory usage at done (index 1, length 1572, since_prev 1511): 2242.875 MiB (Increase: 0.0 MiB)
Memory usage before reset: 2242.875 MiB (Increase: 0.0 MiB)
Memory usage after reset: 2242.875 MiB (Increase: 0.0 MiB)
Training episode 544
Memory usage at middle: 2242.875 MiB (Increase: 0.0 MiB)
Memory usage before collect: 2242.875 MiB (Increase: 0.0 MiB)
Memory usage after collect: 2242.875 MiB (Increase: 0.0 MiB)
Memory usage before initialization: 2242.875 MiB (Increase: 0.0 MiB)
Memory usage after initialization: 2242.875 MiB (Increase: 0.0 MiB)
Current lengths of episodes: [65, 64]
Memory usage at done (index 0, length 65, since_prev 65): 2242.875 MiB (Increase: 0.0 MiB)
Memory usage before reset: 2242.875 MiB (Increase: 0.0 MiB)
Memory usage after reset: 2242.875 MiB (Increase: 0.0 MiB)
Current lengths of episodes: [50, 114]
Memory usage at done (index 0, length 50, since_prev 50): 2242.875 MiB (Increase: 0.0 MiB)
Memory usage before reset: 2242.875 MiB (Increase: 0.0 MiB)
Memory usage after reset: 2242.875 MiB (Increase: 0.0 MiB)
Training episode 546
Memory usage at middle: 2242.875 MiB (Increase: 0.0 MiB)
Memory usage before collect: 2242.875 MiB (Increase: 0.0 MiB)
Memory usage after collect: 2242.875 MiB (Increase: 0.0 MiB)
Memory usage before initialization: 2242.875 MiB (Increase: 0.0 MiB)
Memory usage after initialization: 2242.875 MiB (Increase: 0.0 MiB)
Current lengths of episodes: [81, 81]
Memory usage at done (index 1, length 81, since_prev 81): 2242.875 MiB (Increase: 0.0 MiB)
Memory usage before reset: 2242.875 MiB (Increase: 0.0 MiB)
Memory usage after reset: 2242.875 MiB (Increase: 0.0 MiB)
Current lengths of episodes: [133, 52]
Memory usage at done (index 1, length 52, since_prev 52): 2242.875 MiB (Increase: 0.0 MiB)
Memory usage before reset: 2242.875 MiB (Increase: 0.0 MiB)
Memory usage after reset: 2242.875 MiB (Increase: 0.0 MiB)
Training episode 548
Memory usage at middle: 2242.875 MiB (Increase: 0.0 MiB)
Memory usage before collect: 2242.875 MiB (Increase: 0.0 MiB)
Memory usage after collect: 2242.875 MiB (Increase: 0.0 MiB)
Memory usage before initialization: 2242.875 MiB (Increase: 0.0 MiB)
Memory usage after initialization: 2242.875 MiB (Increase: 0.0 MiB)
Current lengths of episodes: [1600, 1599]
Memory usage at done (index 0, length 1600, since_prev 1600): 2242.875 MiB (Increase: 0.0 MiB)
Memory usage before reset: 2242.875 MiB (Increase: 0.0 MiB)
Memory usage after reset: 2242.875 MiB (Increase: 0.0 MiB)
Current lengths of episodes: [0, 1600]
Memory usage at done (index 1, length 1600, since_prev 0): 2242.875 MiB (Increase: 0.0 MiB)
Memory usage before reset: 2242.875 MiB (Increase: 0.0 MiB)
Memory usage after reset: 2242.875 MiB (Increase: 0.0 MiB)
Training episode 550
Memory usage at middle: 2242.875 MiB (Increase: 0.0 MiB)
Memory usage before collect: 2242.875 MiB (Increase: 0.0 MiB)
Memory usage after collect: 2242.875 MiB (Increase: 0.0 MiB)
Episode 550	Average evaluation: -53.289025868336
Memory usage before initialization: 2242.875 MiB (Increase: 0.0 MiB)
Memory usage after initialization: 2242.875 MiB (Increase: 0.0 MiB)
Current lengths of episodes: [74, 73]
Memory usage at done (index 0, length 74, since_prev 74): 2242.875 MiB (Increase: 0.0 MiB)
Memory usage before reset: 2242.875 MiB (Increase: 0.0 MiB)
Memory usage after reset: 2242.875 MiB (Increase: 0.0 MiB)
Current lengths of episodes: [1526, 1600]
Memory usage at done (index 1, length 1600, since_prev 1526): 2242.875 MiB (Increase: 0.0 MiB)
Memory usage before reset: 2242.875 MiB (Increase: 0.0 MiB)
Memory usage after reset: 2242.875 MiB (Increase: 0.0 MiB)
Training episode 552
Memory usage at middle: 2242.875 MiB (Increase: 0.0 MiB)
Memory usage before collect: 2242.875 MiB (Increase: 0.0 MiB)
Memory usage after collect: 2242.875 MiB (Increase: 0.0 MiB)
Memory usage before initialization: 2242.875 MiB (Increase: 0.0 MiB)
Memory usage after initialization: 2242.875 MiB (Increase: 0.0 MiB)
Current lengths of episodes: [631, 631]
Memory usage at done (index 1, length 631, since_prev 631): 2242.875 MiB (Increase: 0.0 MiB)
Memory usage before reset: 2242.875 MiB (Increase: 0.0 MiB)
Memory usage after reset: 2242.875 MiB (Increase: 0.0 MiB)
Current lengths of episodes: [677, 46]
Memory usage at done (index 1, length 46, since_prev 46): 2242.875 MiB (Increase: 0.0 MiB)
Memory usage before reset: 2242.875 MiB (Increase: 0.0 MiB)
Memory usage after reset: 2242.875 MiB (Increase: 0.0 MiB)
Training episode 554
Memory usage at middle: 2242.875 MiB (Increase: 0.0 MiB)
Memory usage before collect: 2242.875 MiB (Increase: 0.0 MiB)
Memory usage after collect: 2242.875 MiB (Increase: 0.0 MiB)
Memory usage before initialization: 2242.875 MiB (Increase: 0.0 MiB)
Memory usage after initialization: 2242.875 MiB (Increase: 0.0 MiB)
Current lengths of episodes: [69, 68]
Memory usage at done (index 0, length 69, since_prev 69): 2242.875 MiB (Increase: 0.0 MiB)
Memory usage before reset: 2242.875 MiB (Increase: 0.0 MiB)
Memory usage after reset: 2242.875 MiB (Increase: 0.0 MiB)
Current lengths of episodes: [62, 130]
Memory usage at done (index 0, length 62, since_prev 62): 2242.875 MiB (Increase: 0.0 MiB)
Memory usage before reset: 2242.875 MiB (Increase: 0.0 MiB)
Memory usage after reset: 2242.875 MiB (Increase: 0.0 MiB)
Training episode 556
Memory usage at middle: 2242.875 MiB (Increase: 0.0 MiB)
Memory usage before collect: 2242.875 MiB (Increase: 0.0 MiB)
Memory usage after collect: 2242.875 MiB (Increase: 0.0 MiB)
Memory usage before initialization: 2242.875 MiB (Increase: 0.0 MiB)
Memory usage after initialization: 2242.875 MiB (Increase: 0.0 MiB)
Current lengths of episodes: [1600, 1599]
Memory usage at done (index 0, length 1600, since_prev 1600): 2242.875 MiB (Increase: 0.0 MiB)
Memory usage before reset: 2242.875 MiB (Increase: 0.0 MiB)
Memory usage after reset: 2242.875 MiB (Increase: 0.0 MiB)
Current lengths of episodes: [0, 1600]
Memory usage at done (index 1, length 1600, since_prev 0): 2242.875 MiB (Increase: 0.0 MiB)
Memory usage before reset: 2242.875 MiB (Increase: 0.0 MiB)
Memory usage after reset: 2242.875 MiB (Increase: 0.0 MiB)
Training episode 558
Memory usage at middle: 2242.875 MiB (Increase: 0.0 MiB)
Memory usage before collect: 2242.875 MiB (Increase: 0.0 MiB)
Memory usage after collect: 2242.875 MiB (Increase: 0.0 MiB)
Memory usage before initialization: 2242.875 MiB (Increase: 0.0 MiB)
Memory usage after initialization: 2242.875 MiB (Increase: 0.0 MiB)
Current lengths of episodes: [105, 105]
Memory usage at done (index 1, length 105, since_prev 105): 2242.875 MiB (Increase: 0.0 MiB)
Memory usage before reset: 2242.875 MiB (Increase: 0.0 MiB)
Memory usage after reset: 2242.875 MiB (Increase: 0.0 MiB)
Current lengths of episodes: [1600, 1494]
Memory usage at done (index 0, length 1600, since_prev 1495): 2242.875 MiB (Increase: 0.0 MiB)
Memory usage before reset: 2242.875 MiB (Increase: 0.0 MiB)
Memory usage after reset: 2242.875 MiB (Increase: 0.0 MiB)
Training episode 560
Memory usage at middle: 2242.875 MiB (Increase: 0.0 MiB)
Memory usage before collect: 2242.875 MiB (Increase: 0.0 MiB)
Memory usage after collect: 2242.875 MiB (Increase: 0.0 MiB)
Memory usage before initialization: 2242.875 MiB (Increase: 0.0 MiB)
Memory usage after initialization: 2242.875 MiB (Increase: 0.0 MiB)
Current lengths of episodes: [89, 88]
Memory usage at done (index 0, length 89, since_prev 89): 2242.875 MiB (Increase: 0.0 MiB)
Memory usage before reset: 2242.875 MiB (Increase: 0.0 MiB)
Memory usage after reset: 2242.875 MiB (Increase: 0.0 MiB)
Current lengths of episodes: [54, 142]
Memory usage at done (index 0, length 54, since_prev 54): 2242.875 MiB (Increase: 0.0 MiB)
Memory usage before reset: 2242.875 MiB (Increase: 0.0 MiB)
Memory usage after reset: 2242.875 MiB (Increase: 0.0 MiB)
Training episode 562
Memory usage at middle: 2242.875 MiB (Increase: 0.0 MiB)
Memory usage before collect: 2242.875 MiB (Increase: 0.0 MiB)
Memory usage after collect: 2242.875 MiB (Increase: 0.0 MiB)
Memory usage before initialization: 2242.875 MiB (Increase: 0.0 MiB)
Memory usage after initialization: 2242.875 MiB (Increase: 0.0 MiB)
Current lengths of episodes: [1600, 1599]
Memory usage at done (index 0, length 1600, since_prev 1600): 2242.875 MiB (Increase: 0.0 MiB)
Memory usage before reset: 2242.875 MiB (Increase: 0.0 MiB)
Memory usage after reset: 2242.875 MiB (Increase: 0.0 MiB)
Current lengths of episodes: [0, 1600]
Memory usage at done (index 1, length 1600, since_prev 0): 2242.875 MiB (Increase: 0.0 MiB)
Memory usage before reset: 2242.875 MiB (Increase: 0.0 MiB)
Memory usage after reset: 2242.875 MiB (Increase: 0.0 MiB)
Training episode 564
Memory usage at middle: 2242.875 MiB (Increase: 0.0 MiB)
Memory usage before collect: 2242.875 MiB (Increase: 0.0 MiB)
Memory usage after collect: 2242.875 MiB (Increase: 0.0 MiB)
Memory usage before initialization: 2242.875 MiB (Increase: 0.0 MiB)
Memory usage after initialization: 2242.875 MiB (Increase: 0.0 MiB)
Current lengths of episodes: [1600, 1599]
Memory usage at done (index 0, length 1600, since_prev 1600): 2242.875 MiB (Increase: 0.0 MiB)
Memory usage before reset: 2242.875 MiB (Increase: 0.0 MiB)
Memory usage after reset: 2242.875 MiB (Increase: 0.0 MiB)
Current lengths of episodes: [0, 1600]
Memory usage at done (index 1, length 1600, since_prev 0): 2242.875 MiB (Increase: 0.0 MiB)
Memory usage before reset: 2242.875 MiB (Increase: 0.0 MiB)
Memory usage after reset: 2242.875 MiB (Increase: 0.0 MiB)
Training episode 566
Memory usage at middle: 2242.875 MiB (Increase: 0.0 MiB)
Memory usage before collect: 2242.875 MiB (Increase: 0.0 MiB)
Memory usage after collect: 2242.875 MiB (Increase: 0.0 MiB)
Memory usage before initialization: 2242.875 MiB (Increase: 0.0 MiB)
Memory usage after initialization: 2242.875 MiB (Increase: 0.0 MiB)
Current lengths of episodes: [1600, 1599]
Memory usage at done (index 0, length 1600, since_prev 1600): 2242.875 MiB (Increase: 0.0 MiB)
Memory usage before reset: 2242.875 MiB (Increase: 0.0 MiB)
Memory usage after reset: 2242.875 MiB (Increase: 0.0 MiB)
Current lengths of episodes: [0, 1600]
Memory usage at done (index 1, length 1600, since_prev 0): 2242.875 MiB (Increase: 0.0 MiB)
Memory usage before reset: 2242.875 MiB (Increase: 0.0 MiB)
Memory usage after reset: 2242.875 MiB (Increase: 0.0 MiB)
Training episode 568
Memory usage at middle: 2242.875 MiB (Increase: 0.0 MiB)
Memory usage before collect: 2242.875 MiB (Increase: 0.0 MiB)
Memory usage after collect: 2242.875 MiB (Increase: 0.0 MiB)
Memory usage before initialization: 2242.875 MiB (Increase: 0.0 MiB)
Memory usage after initialization: 2242.875 MiB (Increase: 0.0 MiB)
Current lengths of episodes: [66, 66]
Memory usage at done (index 1, length 66, since_prev 66): 2242.875 MiB (Increase: 0.0 MiB)
Memory usage before reset: 2242.875 MiB (Increase: 0.0 MiB)
Memory usage after reset: 2242.875 MiB (Increase: 0.0 MiB)
Current lengths of episodes: [131, 65]
Memory usage at done (index 1, length 65, since_prev 65): 2242.875 MiB (Increase: 0.0 MiB)
Memory usage before reset: 2242.875 MiB (Increase: 0.0 MiB)
Memory usage after reset: 2242.875 MiB (Increase: 0.0 MiB)
Training episode 570
Memory usage at middle: 2242.875 MiB (Increase: 0.0 MiB)
Memory usage before collect: 2242.875 MiB (Increase: 0.0 MiB)
Memory usage after collect: 2242.875 MiB (Increase: 0.0 MiB)
Memory usage before initialization: 2242.875 MiB (Increase: 0.0 MiB)
Memory usage after initialization: 2242.875 MiB (Increase: 0.0 MiB)
Current lengths of episodes: [1600, 1599]
Memory usage at done (index 0, length 1600, since_prev 1600): 2242.875 MiB (Increase: 0.0 MiB)
Memory usage before reset: 2242.875 MiB (Increase: 0.0 MiB)
Memory usage after reset: 2242.875 MiB (Increase: 0.0 MiB)
Current lengths of episodes: [0, 1600]
Memory usage at done (index 1, length 1600, since_prev 0): 2242.875 MiB (Increase: 0.0 MiB)
Memory usage before reset: 2242.875 MiB (Increase: 0.0 MiB)
Memory usage after reset: 2242.875 MiB (Increase: 0.0 MiB)
Training episode 572
Memory usage at middle: 2242.875 MiB (Increase: 0.0 MiB)
Memory usage before collect: 2242.875 MiB (Increase: 0.0 MiB)
Memory usage after collect: 2242.875 MiB (Increase: 0.0 MiB)
Memory usage before initialization: 2242.875 MiB (Increase: 0.0 MiB)
Memory usage after initialization: 2242.875 MiB (Increase: 0.0 MiB)
Current lengths of episodes: [1600, 1599]
Memory usage at done (index 0, length 1600, since_prev 1600): 2242.875 MiB (Increase: 0.0 MiB)
Memory usage before reset: 2242.875 MiB (Increase: 0.0 MiB)
Memory usage after reset: 2242.875 MiB (Increase: 0.0 MiB)
Current lengths of episodes: [0, 1600]
Memory usage at done (index 1, length 1600, since_prev 0): 2242.875 MiB (Increase: 0.0 MiB)
Memory usage before reset: 2242.875 MiB (Increase: 0.0 MiB)
Memory usage after reset: 2242.875 MiB (Increase: 0.0 MiB)
Training episode 574
Memory usage at middle: 2242.875 MiB (Increase: 0.0 MiB)
Memory usage before collect: 2242.875 MiB (Increase: 0.0 MiB)
Memory usage after collect: 2242.875 MiB (Increase: 0.0 MiB)
Memory usage before initialization: 2242.875 MiB (Increase: 0.0 MiB)
Memory usage after initialization: 2242.875 MiB (Increase: 0.0 MiB)
Current lengths of episodes: [64, 64]
Memory usage at done (index 1, length 64, since_prev 64): 2242.875 MiB (Increase: 0.0 MiB)
Memory usage before reset: 2242.875 MiB (Increase: 0.0 MiB)
Memory usage after reset: 2242.875 MiB (Increase: 0.0 MiB)
Current lengths of episodes: [1600, 1535]
Memory usage at done (index 0, length 1600, since_prev 1536): 2242.875 MiB (Increase: 0.0 MiB)
Memory usage before reset: 2242.875 MiB (Increase: 0.0 MiB)
Memory usage after reset: 2242.875 MiB (Increase: 0.0 MiB)
Training episode 576
Memory usage at middle: 2242.875 MiB (Increase: 0.0 MiB)
Memory usage before collect: 2242.875 MiB (Increase: 0.0 MiB)
Memory usage after collect: 2242.875 MiB (Increase: 0.0 MiB)
Memory usage before initialization: 2242.875 MiB (Increase: 0.0 MiB)
Memory usage after initialization: 2242.875 MiB (Increase: 0.0 MiB)
Current lengths of episodes: [94, 94]
Memory usage at done (index 1, length 94, since_prev 94): 2242.875 MiB (Increase: 0.0 MiB)
Memory usage before reset: 2242.875 MiB (Increase: 0.0 MiB)
Memory usage after reset: 2242.875 MiB (Increase: 0.0 MiB)
Current lengths of episodes: [1600, 1505]
Memory usage at done (index 0, length 1600, since_prev 1506): 2242.875 MiB (Increase: 0.0 MiB)
Memory usage before reset: 2242.875 MiB (Increase: 0.0 MiB)
Memory usage after reset: 2242.875 MiB (Increase: 0.0 MiB)
Training episode 578
Memory usage at middle: 2242.875 MiB (Increase: 0.0 MiB)
Memory usage before collect: 2242.875 MiB (Increase: 0.0 MiB)
Memory usage after collect: 2242.875 MiB (Increase: 0.0 MiB)
Memory usage before initialization: 2242.875 MiB (Increase: 0.0 MiB)
Memory usage after initialization: 2242.875 MiB (Increase: 0.0 MiB)
Current lengths of episodes: [58, 57]
Memory usage at done (index 0, length 58, since_prev 58): 2242.875 MiB (Increase: 0.0 MiB)
Memory usage before reset: 2242.875 MiB (Increase: 0.0 MiB)
Memory usage after reset: 2242.875 MiB (Increase: 0.0 MiB)
Current lengths of episodes: [163, 221]
Memory usage at done (index 1, length 221, since_prev 163): 2242.875 MiB (Increase: 0.0 MiB)
Memory usage before reset: 2242.875 MiB (Increase: 0.0 MiB)
Memory usage after reset: 2242.875 MiB (Increase: 0.0 MiB)
Training episode 580
Memory usage at middle: 2242.875 MiB (Increase: 0.0 MiB)
Memory usage before collect: 2242.875 MiB (Increase: 0.0 MiB)
Memory usage after collect: 2242.875 MiB (Increase: 0.0 MiB)
Memory usage before initialization: 2242.875 MiB (Increase: 0.0 MiB)
Memory usage after initialization: 2242.875 MiB (Increase: 0.0 MiB)
Current lengths of episodes: [1600, 1599]
Memory usage at done (index 0, length 1600, since_prev 1600): 2242.875 MiB (Increase: 0.0 MiB)
Memory usage before reset: 2242.875 MiB (Increase: 0.0 MiB)
Memory usage after reset: 2242.875 MiB (Increase: 0.0 MiB)
Current lengths of episodes: [0, 1600]
Memory usage at done (index 1, length 1600, since_prev 0): 2242.875 MiB (Increase: 0.0 MiB)
Memory usage before reset: 2242.875 MiB (Increase: 0.0 MiB)
Memory usage after reset: 2242.875 MiB (Increase: 0.0 MiB)
Training episode 582
Memory usage at middle: 2242.875 MiB (Increase: 0.0 MiB)
Memory usage before collect: 2242.875 MiB (Increase: 0.0 MiB)
Memory usage after collect: 2242.875 MiB (Increase: 0.0 MiB)
Memory usage before initialization: 2242.875 MiB (Increase: 0.0 MiB)
Memory usage after initialization: 2242.875 MiB (Increase: 0.0 MiB)
Current lengths of episodes: [73, 72]
Memory usage at done (index 0, length 73, since_prev 73): 2242.875 MiB (Increase: 0.0 MiB)
Memory usage before reset: 2242.875 MiB (Increase: 0.0 MiB)
Memory usage after reset: 2242.875 MiB (Increase: 0.0 MiB)
Current lengths of episodes: [1527, 1600]
Memory usage at done (index 1, length 1600, since_prev 1527): 2242.875 MiB (Increase: 0.0 MiB)
Memory usage before reset: 2242.875 MiB (Increase: 0.0 MiB)
Memory usage after reset: 2242.875 MiB (Increase: 0.0 MiB)
Training episode 584
Memory usage at middle: 2242.875 MiB (Increase: 0.0 MiB)
Memory usage before collect: 2242.875 MiB (Increase: 0.0 MiB)
Memory usage after collect: 2242.875 MiB (Increase: 0.0 MiB)
Memory usage before initialization: 2242.875 MiB (Increase: 0.0 MiB)
Memory usage after initialization: 2242.875 MiB (Increase: 0.0 MiB)
Current lengths of episodes: [1600, 1599]
Memory usage at done (index 0, length 1600, since_prev 1600): 2242.875 MiB (Increase: 0.0 MiB)
Memory usage before reset: 2242.875 MiB (Increase: 0.0 MiB)
Memory usage after reset: 2242.875 MiB (Increase: 0.0 MiB)
Current lengths of episodes: [0, 1600]
Memory usage at done (index 1, length 1600, since_prev 0): 2242.875 MiB (Increase: 0.0 MiB)
Memory usage before reset: 2242.875 MiB (Increase: 0.0 MiB)
Memory usage after reset: 2242.875 MiB (Increase: 0.0 MiB)
Training episode 586
Memory usage at middle: 2242.875 MiB (Increase: 0.0 MiB)
Memory usage before collect: 2242.875 MiB (Increase: 0.0 MiB)
Memory usage after collect: 2242.875 MiB (Increase: 0.0 MiB)
Memory usage before initialization: 2242.875 MiB (Increase: 0.0 MiB)
Memory usage after initialization: 2242.875 MiB (Increase: 0.0 MiB)
Current lengths of episodes: [73, 72]
Memory usage at done (index 0, length 73, since_prev 73): 2242.875 MiB (Increase: 0.0 MiB)
Memory usage before reset: 2242.875 MiB (Increase: 0.0 MiB)
Memory usage after reset: 2242.875 MiB (Increase: 0.0 MiB)
Current lengths of episodes: [1527, 1600]
Memory usage at done (index 1, length 1600, since_prev 1527): 2242.875 MiB (Increase: 0.0 MiB)
Memory usage before reset: 2242.875 MiB (Increase: 0.0 MiB)
Memory usage after reset: 2242.875 MiB (Increase: 0.0 MiB)
Training episode 588
Memory usage at middle: 2242.875 MiB (Increase: 0.0 MiB)
Memory usage before collect: 2242.875 MiB (Increase: 0.0 MiB)
Memory usage after collect: 2242.875 MiB (Increase: 0.0 MiB)
Memory usage before initialization: 2242.875 MiB (Increase: 0.0 MiB)
Memory usage after initialization: 2242.875 MiB (Increase: 0.0 MiB)
Current lengths of episodes: [1600, 1599]
Memory usage at done (index 0, length 1600, since_prev 1600): 2242.875 MiB (Increase: 0.0 MiB)
Memory usage before reset: 2242.875 MiB (Increase: 0.0 MiB)
Memory usage after reset: 2242.875 MiB (Increase: 0.0 MiB)
Current lengths of episodes: [0, 1600]
Memory usage at done (index 1, length 1600, since_prev 0): 2242.875 MiB (Increase: 0.0 MiB)
Memory usage before reset: 2242.875 MiB (Increase: 0.0 MiB)
Memory usage after reset: 2242.875 MiB (Increase: 0.0 MiB)
Training episode 590
Memory usage at middle: 2242.875 MiB (Increase: 0.0 MiB)
Memory usage before collect: 2242.875 MiB (Increase: 0.0 MiB)
Memory usage after collect: 2242.875 MiB (Increase: 0.0 MiB)
Memory usage before initialization: 2242.875 MiB (Increase: 0.0 MiB)
Memory usage after initialization: 2242.875 MiB (Increase: 0.0 MiB)
Current lengths of episodes: [47, 47]
Memory usage at done (index 1, length 47, since_prev 47): 2242.875 MiB (Increase: 0.0 MiB)
Memory usage before reset: 2242.875 MiB (Increase: 0.0 MiB)
Memory usage after reset: 2242.875 MiB (Increase: 0.0 MiB)
Current lengths of episodes: [58, 10]
Memory usage at done (index 0, length 58, since_prev 11): 2242.875 MiB (Increase: 0.0 MiB)
Memory usage before reset: 2242.875 MiB (Increase: 0.0 MiB)
Memory usage after reset: 2242.875 MiB (Increase: 0.0 MiB)
Training episode 592
Memory usage at middle: 2242.875 MiB (Increase: 0.0 MiB)
Memory usage before collect: 2242.875 MiB (Increase: 0.0 MiB)
Memory usage after collect: 2242.875 MiB (Increase: 0.0 MiB)
Memory usage before initialization: 2242.875 MiB (Increase: 0.0 MiB)
Memory usage after initialization: 2242.875 MiB (Increase: 0.0 MiB)
Current lengths of episodes: [72, 71]
Memory usage at done (index 0, length 72, since_prev 72): 2242.875 MiB (Increase: 0.0 MiB)
Memory usage before reset: 2242.875 MiB (Increase: 0.0 MiB)
Memory usage after reset: 2242.875 MiB (Increase: 0.0 MiB)
Current lengths of episodes: [11, 83]
Memory usage at done (index 1, length 83, since_prev 11): 2242.875 MiB (Increase: 0.0 MiB)
Memory usage before reset: 2242.875 MiB (Increase: 0.0 MiB)
Memory usage after reset: 2242.875 MiB (Increase: 0.0 MiB)
Training episode 594
Memory usage at middle: 2242.875 MiB (Increase: 0.0 MiB)
Memory usage before collect: 2242.875 MiB (Increase: 0.0 MiB)
Memory usage after collect: 2242.875 MiB (Increase: 0.0 MiB)
Memory usage before initialization: 2242.875 MiB (Increase: 0.0 MiB)
Memory usage after initialization: 2242.875 MiB (Increase: 0.0 MiB)
Current lengths of episodes: [56, 55]
Memory usage at done (index 0, length 56, since_prev 56): 2242.875 MiB (Increase: 0.0 MiB)
Memory usage before reset: 2242.875 MiB (Increase: 0.0 MiB)
Memory usage after reset: 2242.875 MiB (Increase: 0.0 MiB)
Current lengths of episodes: [1544, 1600]
Memory usage at done (index 1, length 1600, since_prev 1544): 2242.875 MiB (Increase: 0.0 MiB)
Memory usage before reset: 2242.875 MiB (Increase: 0.0 MiB)
Memory usage after reset: 2242.875 MiB (Increase: 0.0 MiB)
Training episode 596
Memory usage at middle: 2242.875 MiB (Increase: 0.0 MiB)
Memory usage before collect: 2242.875 MiB (Increase: 0.0 MiB)
Memory usage after collect: 2242.875 MiB (Increase: 0.0 MiB)
Memory usage before initialization: 2242.875 MiB (Increase: 0.0 MiB)
Memory usage after initialization: 2242.875 MiB (Increase: 0.0 MiB)
Current lengths of episodes: [63, 63]
Memory usage at done (index 1, length 63, since_prev 63): 2242.875 MiB (Increase: 0.0 MiB)
Memory usage before reset: 2242.875 MiB (Increase: 0.0 MiB)
Memory usage after reset: 2242.875 MiB (Increase: 0.0 MiB)
Current lengths of episodes: [1600, 1536]
Memory usage at done (index 0, length 1600, since_prev 1537): 2242.875 MiB (Increase: 0.0 MiB)
Memory usage before reset: 2242.875 MiB (Increase: 0.0 MiB)
Memory usage after reset: 2242.875 MiB (Increase: 0.0 MiB)
Training episode 598
Memory usage at middle: 2242.875 MiB (Increase: 0.0 MiB)
Memory usage before collect: 2242.875 MiB (Increase: 0.0 MiB)
Memory usage after collect: 2242.875 MiB (Increase: 0.0 MiB)
Memory usage before initialization: 2242.875 MiB (Increase: 0.0 MiB)
Memory usage after initialization: 2242.875 MiB (Increase: 0.0 MiB)
Current lengths of episodes: [1600, 1599]
Memory usage at done (index 0, length 1600, since_prev 1600): 2242.875 MiB (Increase: 0.0 MiB)
Memory usage before reset: 2242.875 MiB (Increase: 0.0 MiB)
Memory usage after reset: 2242.875 MiB (Increase: 0.0 MiB)
Current lengths of episodes: [0, 1600]
Memory usage at done (index 1, length 1600, since_prev 0): 2242.875 MiB (Increase: 0.0 MiB)
Memory usage before reset: 2242.875 MiB (Increase: 0.0 MiB)
Memory usage after reset: 2242.875 MiB (Increase: 0.0 MiB)
Training episode 600
Memory usage at middle: 2242.875 MiB (Increase: 0.0 MiB)
Memory usage before collect: 2242.875 MiB (Increase: 0.0 MiB)
Memory usage after collect: 2242.875 MiB (Increase: 0.0 MiB)
Episode 600	Average evaluation: -23.37549625023069
Memory usage before initialization: 2242.875 MiB (Increase: 0.0 MiB)
Memory usage after initialization: 2242.875 MiB (Increase: 0.0 MiB)
Current lengths of episodes: [72, 71]
Memory usage at done (index 0, length 72, since_prev 72): 2242.875 MiB (Increase: 0.0 MiB)
Memory usage before reset: 2242.875 MiB (Increase: 0.0 MiB)
Memory usage after reset: 2242.875 MiB (Increase: 0.0 MiB)
Current lengths of episodes: [72, 143]
Memory usage at done (index 0, length 72, since_prev 72): 2242.875 MiB (Increase: 0.0 MiB)
Memory usage before reset: 2242.875 MiB (Increase: 0.0 MiB)
Memory usage after reset: 2242.875 MiB (Increase: 0.0 MiB)
Training episode 602
Memory usage at middle: 2242.875 MiB (Increase: 0.0 MiB)
Memory usage before collect: 2242.875 MiB (Increase: 0.0 MiB)
Memory usage after collect: 2242.875 MiB (Increase: 0.0 MiB)
Memory usage before initialization: 2242.875 MiB (Increase: 0.0 MiB)
Memory usage after initialization: 2242.875 MiB (Increase: 0.0 MiB)
Current lengths of episodes: [1600, 1599]
Memory usage at done (index 0, length 1600, since_prev 1600): 2242.875 MiB (Increase: 0.0 MiB)
Memory usage before reset: 2242.875 MiB (Increase: 0.0 MiB)
Memory usage after reset: 2242.875 MiB (Increase: 0.0 MiB)
Current lengths of episodes: [0, 1600]
Memory usage at done (index 1, length 1600, since_prev 0): 2242.875 MiB (Increase: 0.0 MiB)
Memory usage before reset: 2242.875 MiB (Increase: 0.0 MiB)
Memory usage after reset: 2242.875 MiB (Increase: 0.0 MiB)
Training episode 604
Memory usage at middle: 2242.875 MiB (Increase: 0.0 MiB)
Memory usage before collect: 2242.875 MiB (Increase: 0.0 MiB)
Memory usage after collect: 2242.875 MiB (Increase: 0.0 MiB)
Memory usage before initialization: 2242.875 MiB (Increase: 0.0 MiB)
Memory usage after initialization: 2242.875 MiB (Increase: 0.0 MiB)
Current lengths of episodes: [65, 64]
Memory usage at done (index 0, length 65, since_prev 65): 2242.875 MiB (Increase: 0.0 MiB)
Memory usage before reset: 2242.875 MiB (Increase: 0.0 MiB)
Memory usage after reset: 2242.875 MiB (Increase: 0.0 MiB)
Current lengths of episodes: [16, 81]
Memory usage at done (index 1, length 81, since_prev 16): 2242.875 MiB (Increase: 0.0 MiB)
Memory usage before reset: 2242.875 MiB (Increase: 0.0 MiB)
Memory usage after reset: 2242.875 MiB (Increase: 0.0 MiB)
Training episode 606
Memory usage at middle: 2242.875 MiB (Increase: 0.0 MiB)
Memory usage before collect: 2242.875 MiB (Increase: 0.0 MiB)
Memory usage after collect: 2242.875 MiB (Increase: 0.0 MiB)
Memory usage before initialization: 2242.875 MiB (Increase: 0.0 MiB)
Memory usage after initialization: 2242.875 MiB (Increase: 0.0 MiB)
Current lengths of episodes: [77, 77]
Memory usage at done (index 1, length 77, since_prev 77): 2242.875 MiB (Increase: 0.0 MiB)
Memory usage before reset: 2242.875 MiB (Increase: 0.0 MiB)
Memory usage after reset: 2242.875 MiB (Increase: 0.0 MiB)
Current lengths of episodes: [1600, 1522]
Memory usage at done (index 0, length 1600, since_prev 1523): 2242.875 MiB (Increase: 0.0 MiB)
Memory usage before reset: 2242.875 MiB (Increase: 0.0 MiB)
Memory usage after reset: 2242.875 MiB (Increase: 0.0 MiB)
Training episode 608
Memory usage at middle: 2242.875 MiB (Increase: 0.0 MiB)
Memory usage before collect: 2242.875 MiB (Increase: 0.0 MiB)
Memory usage after collect: 2242.875 MiB (Increase: 0.0 MiB)
Memory usage before initialization: 2242.875 MiB (Increase: 0.0 MiB)
Memory usage after initialization: 2242.875 MiB (Increase: 0.0 MiB)
Current lengths of episodes: [89, 88]
Memory usage at done (index 0, length 89, since_prev 89): 2242.875 MiB (Increase: 0.0 MiB)
Memory usage before reset: 2242.875 MiB (Increase: 0.0 MiB)
Memory usage after reset: 2242.875 MiB (Increase: 0.0 MiB)
Current lengths of episodes: [53, 141]
Memory usage at done (index 0, length 53, since_prev 53): 2242.875 MiB (Increase: 0.0 MiB)
Memory usage before reset: 2242.875 MiB (Increase: 0.0 MiB)
Memory usage after reset: 2242.875 MiB (Increase: 0.0 MiB)
Training episode 610
Memory usage at middle: 2242.875 MiB (Increase: 0.0 MiB)
Memory usage before collect: 2242.875 MiB (Increase: 0.0 MiB)
Memory usage after collect: 2242.875 MiB (Increase: 0.0 MiB)
Memory usage before initialization: 2242.875 MiB (Increase: 0.0 MiB)
Memory usage after initialization: 2242.875 MiB (Increase: 0.0 MiB)
Current lengths of episodes: [68, 68]
Memory usage at done (index 1, length 68, since_prev 68): 2242.875 MiB (Increase: 0.0 MiB)
Memory usage before reset: 2242.875 MiB (Increase: 0.0 MiB)
Memory usage after reset: 2242.875 MiB (Increase: 0.0 MiB)
Current lengths of episodes: [114, 46]
Memory usage at done (index 1, length 46, since_prev 46): 2242.875 MiB (Increase: 0.0 MiB)
Memory usage before reset: 2242.875 MiB (Increase: 0.0 MiB)
Memory usage after reset: 2242.875 MiB (Increase: 0.0 MiB)
Training episode 612
Memory usage at middle: 2242.875 MiB (Increase: 0.0 MiB)
Memory usage before collect: 2242.875 MiB (Increase: 0.0 MiB)
Memory usage after collect: 2242.875 MiB (Increase: 0.0 MiB)
Memory usage before initialization: 2242.875 MiB (Increase: 0.0 MiB)
Memory usage after initialization: 2242.875 MiB (Increase: 0.0 MiB)
Current lengths of episodes: [1600, 1599]
Memory usage at done (index 0, length 1600, since_prev 1600): 2242.875 MiB (Increase: 0.0 MiB)
Memory usage before reset: 2242.875 MiB (Increase: 0.0 MiB)
Memory usage after reset: 2242.875 MiB (Increase: 0.0 MiB)
Current lengths of episodes: [0, 1600]
Memory usage at done (index 1, length 1600, since_prev 0): 2242.875 MiB (Increase: 0.0 MiB)
Memory usage before reset: 2242.875 MiB (Increase: 0.0 MiB)
Memory usage after reset: 2242.875 MiB (Increase: 0.0 MiB)
Training episode 614
Memory usage at middle: 2242.875 MiB (Increase: 0.0 MiB)
Memory usage before collect: 2242.875 MiB (Increase: 0.0 MiB)
Memory usage after collect: 2242.875 MiB (Increase: 0.0 MiB)
Memory usage before initialization: 2242.875 MiB (Increase: 0.0 MiB)
Memory usage after initialization: 2242.875 MiB (Increase: 0.0 MiB)
Current lengths of episodes: [1600, 1599]
Memory usage at done (index 0, length 1600, since_prev 1600): 2242.875 MiB (Increase: 0.0 MiB)
Memory usage before reset: 2242.875 MiB (Increase: 0.0 MiB)
Memory usage after reset: 2242.875 MiB (Increase: 0.0 MiB)
Current lengths of episodes: [0, 1600]
Memory usage at done (index 1, length 1600, since_prev 0): 2242.875 MiB (Increase: 0.0 MiB)
Memory usage before reset: 2242.875 MiB (Increase: 0.0 MiB)
Memory usage after reset: 2242.875 MiB (Increase: 0.0 MiB)
Training episode 616
Memory usage at middle: 2242.875 MiB (Increase: 0.0 MiB)
Memory usage before collect: 2242.875 MiB (Increase: 0.0 MiB)
Memory usage after collect: 2242.875 MiB (Increase: 0.0 MiB)
Memory usage before initialization: 2242.875 MiB (Increase: 0.0 MiB)
Memory usage after initialization: 2242.875 MiB (Increase: 0.0 MiB)
Current lengths of episodes: [124, 124]
Memory usage at done (index 1, length 124, since_prev 124): 2242.875 MiB (Increase: 0.0 MiB)
Memory usage before reset: 2242.875 MiB (Increase: 0.0 MiB)
Memory usage after reset: 2242.875 MiB (Increase: 0.0 MiB)
Current lengths of episodes: [1600, 1475]
Memory usage at done (index 0, length 1600, since_prev 1476): 2242.875 MiB (Increase: 0.0 MiB)
Memory usage before reset: 2242.875 MiB (Increase: 0.0 MiB)
Memory usage after reset: 2242.875 MiB (Increase: 0.0 MiB)
Training episode 618
Memory usage at middle: 2242.875 MiB (Increase: 0.0 MiB)
Memory usage before collect: 2242.875 MiB (Increase: 0.0 MiB)
Memory usage after collect: 2242.875 MiB (Increase: 0.0 MiB)
Memory usage before initialization: 2242.875 MiB (Increase: 0.0 MiB)
Memory usage after initialization: 2242.875 MiB (Increase: 0.0 MiB)
Current lengths of episodes: [97, 97]
Memory usage at done (index 1, length 97, since_prev 97): 2242.875 MiB (Increase: 0.0 MiB)
Memory usage before reset: 2242.875 MiB (Increase: 0.0 MiB)
Memory usage after reset: 2242.875 MiB (Increase: 0.0 MiB)
Current lengths of episodes: [155, 58]
Memory usage at done (index 1, length 58, since_prev 58): 2242.875 MiB (Increase: 0.0 MiB)
Memory usage before reset: 2242.875 MiB (Increase: 0.0 MiB)
Memory usage after reset: 2242.875 MiB (Increase: 0.0 MiB)
Training episode 620
Memory usage at middle: 2242.875 MiB (Increase: 0.0 MiB)
Memory usage before collect: 2242.875 MiB (Increase: 0.0 MiB)
Memory usage after collect: 2242.875 MiB (Increase: 0.0 MiB)
Memory usage before initialization: 2242.875 MiB (Increase: 0.0 MiB)
Memory usage after initialization: 2242.875 MiB (Increase: 0.0 MiB)
Current lengths of episodes: [53, 53]
Memory usage at done (index 1, length 53, since_prev 53): 2242.875 MiB (Increase: 0.0 MiB)
Memory usage before reset: 2242.875 MiB (Increase: 0.0 MiB)
Memory usage after reset: 2242.875 MiB (Increase: 0.0 MiB)
Current lengths of episodes: [1600, 1546]
Memory usage at done (index 0, length 1600, since_prev 1547): 2242.875 MiB (Increase: 0.0 MiB)
Memory usage before reset: 2242.875 MiB (Increase: 0.0 MiB)
Memory usage after reset: 2242.875 MiB (Increase: 0.0 MiB)
Training episode 622
Memory usage at middle: 2242.875 MiB (Increase: 0.0 MiB)
Memory usage before collect: 2242.875 MiB (Increase: 0.0 MiB)
Memory usage after collect: 2242.875 MiB (Increase: 0.0 MiB)
Memory usage before initialization: 2242.875 MiB (Increase: 0.0 MiB)
Memory usage after initialization: 2242.875 MiB (Increase: 0.0 MiB)
Current lengths of episodes: [1600, 1599]
Memory usage at done (index 0, length 1600, since_prev 1600): 2242.875 MiB (Increase: 0.0 MiB)
Memory usage before reset: 2242.875 MiB (Increase: 0.0 MiB)
Memory usage after reset: 2242.875 MiB (Increase: 0.0 MiB)
Current lengths of episodes: [0, 1600]
Memory usage at done (index 1, length 1600, since_prev 0): 2242.875 MiB (Increase: 0.0 MiB)
Memory usage before reset: 2242.875 MiB (Increase: 0.0 MiB)
Memory usage after reset: 2242.875 MiB (Increase: 0.0 MiB)
Training episode 624
Memory usage at middle: 2242.875 MiB (Increase: 0.0 MiB)
Memory usage before collect: 2242.875 MiB (Increase: 0.0 MiB)
Memory usage after collect: 2242.875 MiB (Increase: 0.0 MiB)
Memory usage before initialization: 2242.875 MiB (Increase: 0.0 MiB)
Memory usage after initialization: 2242.875 MiB (Increase: 0.0 MiB)
Current lengths of episodes: [76, 76]
Memory usage at done (index 1, length 76, since_prev 76): 2242.875 MiB (Increase: 0.0 MiB)
Memory usage before reset: 2242.875 MiB (Increase: 0.0 MiB)
Memory usage after reset: 2242.875 MiB (Increase: 0.0 MiB)
Current lengths of episodes: [137, 61]
Memory usage at done (index 1, length 61, since_prev 61): 2242.875 MiB (Increase: 0.0 MiB)
Memory usage before reset: 2242.875 MiB (Increase: 0.0 MiB)
Memory usage after reset: 2242.875 MiB (Increase: 0.0 MiB)
Training episode 626
Memory usage at middle: 2242.875 MiB (Increase: 0.0 MiB)
Memory usage before collect: 2242.875 MiB (Increase: 0.0 MiB)
Memory usage after collect: 2242.875 MiB (Increase: 0.0 MiB)
Memory usage before initialization: 2242.875 MiB (Increase: 0.0 MiB)
Memory usage after initialization: 2242.875 MiB (Increase: 0.0 MiB)
Current lengths of episodes: [1600, 1599]
Memory usage at done (index 0, length 1600, since_prev 1600): 2242.875 MiB (Increase: 0.0 MiB)
Memory usage before reset: 2242.875 MiB (Increase: 0.0 MiB)
Memory usage after reset: 2242.875 MiB (Increase: 0.0 MiB)
Current lengths of episodes: [0, 1600]
Memory usage at done (index 1, length 1600, since_prev 0): 2242.875 MiB (Increase: 0.0 MiB)
Memory usage before reset: 2242.875 MiB (Increase: 0.0 MiB)
Memory usage after reset: 2242.875 MiB (Increase: 0.0 MiB)
Training episode 628
Memory usage at middle: 2242.875 MiB (Increase: 0.0 MiB)
Memory usage before collect: 2242.875 MiB (Increase: 0.0 MiB)
Memory usage after collect: 2242.875 MiB (Increase: 0.0 MiB)
Memory usage before initialization: 2242.875 MiB (Increase: 0.0 MiB)
Memory usage after initialization: 2242.875 MiB (Increase: 0.0 MiB)
Current lengths of episodes: [1600, 1599]
Memory usage at done (index 0, length 1600, since_prev 1600): 2242.875 MiB (Increase: 0.0 MiB)
Memory usage before reset: 2242.875 MiB (Increase: 0.0 MiB)
Memory usage after reset: 2242.875 MiB (Increase: 0.0 MiB)
Current lengths of episodes: [0, 1600]
Memory usage at done (index 1, length 1600, since_prev 0): 2242.875 MiB (Increase: 0.0 MiB)
Memory usage before reset: 2242.875 MiB (Increase: 0.0 MiB)
Memory usage after reset: 2242.875 MiB (Increase: 0.0 MiB)
Training episode 630
Memory usage at middle: 2242.875 MiB (Increase: 0.0 MiB)
Memory usage before collect: 2242.875 MiB (Increase: 0.0 MiB)
Memory usage after collect: 2242.875 MiB (Increase: 0.0 MiB)
Memory usage before initialization: 2242.875 MiB (Increase: 0.0 MiB)
Memory usage after initialization: 2242.875 MiB (Increase: 0.0 MiB)
Current lengths of episodes: [1600, 1599]
Memory usage at done (index 0, length 1600, since_prev 1600): 2242.875 MiB (Increase: 0.0 MiB)
Memory usage before reset: 2242.875 MiB (Increase: 0.0 MiB)
Memory usage after reset: 2242.875 MiB (Increase: 0.0 MiB)
Current lengths of episodes: [0, 1600]
Memory usage at done (index 1, length 1600, since_prev 0): 2242.875 MiB (Increase: 0.0 MiB)
Memory usage before reset: 2242.875 MiB (Increase: 0.0 MiB)
Memory usage after reset: 2242.875 MiB (Increase: 0.0 MiB)
Training episode 632
Memory usage at middle: 2242.875 MiB (Increase: 0.0 MiB)
Memory usage before collect: 2242.875 MiB (Increase: 0.0 MiB)
Memory usage after collect: 2242.875 MiB (Increase: 0.0 MiB)
Memory usage before initialization: 2242.875 MiB (Increase: 0.0 MiB)
Memory usage after initialization: 2242.875 MiB (Increase: 0.0 MiB)
Current lengths of episodes: [1600, 1599]
Memory usage at done (index 0, length 1600, since_prev 1600): 2242.875 MiB (Increase: 0.0 MiB)
Memory usage before reset: 2242.875 MiB (Increase: 0.0 MiB)
Memory usage after reset: 2242.875 MiB (Increase: 0.0 MiB)
Current lengths of episodes: [0, 1600]
Memory usage at done (index 1, length 1600, since_prev 0): 2242.875 MiB (Increase: 0.0 MiB)
Memory usage before reset: 2242.875 MiB (Increase: 0.0 MiB)
Memory usage after reset: 2242.875 MiB (Increase: 0.0 MiB)
Training episode 634
Memory usage at middle: 2242.875 MiB (Increase: 0.0 MiB)
Memory usage before collect: 2242.875 MiB (Increase: 0.0 MiB)
Memory usage after collect: 2242.875 MiB (Increase: 0.0 MiB)
Memory usage before initialization: 2242.875 MiB (Increase: 0.0 MiB)
Memory usage after initialization: 2242.875 MiB (Increase: 0.0 MiB)
Current lengths of episodes: [92, 92]
Memory usage at done (index 1, length 92, since_prev 92): 2242.875 MiB (Increase: 0.0 MiB)
Memory usage before reset: 2242.875 MiB (Increase: 0.0 MiB)
Memory usage after reset: 2242.875 MiB (Increase: 0.0 MiB)
Current lengths of episodes: [109, 16]
Memory usage at done (index 0, length 109, since_prev 17): 2242.875 MiB (Increase: 0.0 MiB)
Memory usage before reset: 2242.875 MiB (Increase: 0.0 MiB)
Memory usage after reset: 2242.875 MiB (Increase: 0.0 MiB)
Training episode 636
Memory usage at middle: 2242.875 MiB (Increase: 0.0 MiB)
Memory usage before collect: 2242.875 MiB (Increase: 0.0 MiB)
Memory usage after collect: 2242.875 MiB (Increase: 0.0 MiB)
Memory usage before initialization: 2242.875 MiB (Increase: 0.0 MiB)
Memory usage after initialization: 2242.875 MiB (Increase: 0.0 MiB)
Current lengths of episodes: [69, 69]
Memory usage at done (index 1, length 69, since_prev 69): 2242.875 MiB (Increase: 0.0 MiB)
Memory usage before reset: 2242.875 MiB (Increase: 0.0 MiB)
Memory usage after reset: 2242.875 MiB (Increase: 0.0 MiB)
Current lengths of episodes: [522, 453]
Memory usage at done (index 1, length 453, since_prev 453): 2242.875 MiB (Increase: 0.0 MiB)
Memory usage before reset: 2242.875 MiB (Increase: 0.0 MiB)
Memory usage after reset: 2242.875 MiB (Increase: 0.0 MiB)
Training episode 638
Memory usage at middle: 2242.875 MiB (Increase: 0.0 MiB)
Memory usage before collect: 2242.875 MiB (Increase: 0.0 MiB)
Memory usage after collect: 2242.875 MiB (Increase: 0.0 MiB)
Memory usage before initialization: 2242.875 MiB (Increase: 0.0 MiB)
Memory usage after initialization: 2242.875 MiB (Increase: 0.0 MiB)
Current lengths of episodes: [71, 71]
Memory usage at done (index 1, length 71, since_prev 71): 2242.875 MiB (Increase: 0.0 MiB)
Memory usage before reset: 2242.875 MiB (Increase: 0.0 MiB)
Memory usage after reset: 2242.875 MiB (Increase: 0.0 MiB)
Current lengths of episodes: [83, 11]
Memory usage at done (index 0, length 83, since_prev 12): 2242.875 MiB (Increase: 0.0 MiB)
Memory usage before reset: 2242.875 MiB (Increase: 0.0 MiB)
Memory usage after reset: 2242.875 MiB (Increase: 0.0 MiB)
Training episode 640
Memory usage at middle: 2242.875 MiB (Increase: 0.0 MiB)
Memory usage before collect: 2242.875 MiB (Increase: 0.0 MiB)
Memory usage after collect: 2242.875 MiB (Increase: 0.0 MiB)
Memory usage before initialization: 2242.875 MiB (Increase: 0.0 MiB)
Memory usage after initialization: 2242.875 MiB (Increase: 0.0 MiB)
Current lengths of episodes: [1600, 1599]
Memory usage at done (index 0, length 1600, since_prev 1600): 2242.875 MiB (Increase: 0.0 MiB)
Memory usage before reset: 2242.875 MiB (Increase: 0.0 MiB)
Memory usage after reset: 2242.875 MiB (Increase: 0.0 MiB)
Current lengths of episodes: [0, 1600]
Memory usage at done (index 1, length 1600, since_prev 0): 2242.875 MiB (Increase: 0.0 MiB)
Memory usage before reset: 2242.875 MiB (Increase: 0.0 MiB)
Memory usage after reset: 2242.875 MiB (Increase: 0.0 MiB)
Training episode 642
Memory usage at middle: 2242.875 MiB (Increase: 0.0 MiB)
Memory usage before collect: 2242.875 MiB (Increase: 0.0 MiB)
Memory usage after collect: 2242.875 MiB (Increase: 0.0 MiB)
Memory usage before initialization: 2242.875 MiB (Increase: 0.0 MiB)
Memory usage after initialization: 2242.875 MiB (Increase: 0.0 MiB)
Current lengths of episodes: [141, 141]
Memory usage at done (index 1, length 141, since_prev 141): 2242.875 MiB (Increase: 0.0 MiB)
Memory usage before reset: 2242.875 MiB (Increase: 0.0 MiB)
Memory usage after reset: 2242.875 MiB (Increase: 0.0 MiB)
Current lengths of episodes: [1600, 1458]
Memory usage at done (index 0, length 1600, since_prev 1459): 2242.875 MiB (Increase: 0.0 MiB)
Memory usage before reset: 2242.875 MiB (Increase: 0.0 MiB)
Memory usage after reset: 2242.875 MiB (Increase: 0.0 MiB)
Training episode 644
Memory usage at middle: 2242.875 MiB (Increase: 0.0 MiB)
Memory usage before collect: 2242.875 MiB (Increase: 0.0 MiB)
Memory usage after collect: 2242.875 MiB (Increase: 0.0 MiB)
Memory usage before initialization: 2242.875 MiB (Increase: 0.0 MiB)
Memory usage after initialization: 2242.875 MiB (Increase: 0.0 MiB)
Current lengths of episodes: [74, 73]
Memory usage at done (index 0, length 74, since_prev 74): 2242.875 MiB (Increase: 0.0 MiB)
Memory usage before reset: 2242.875 MiB (Increase: 0.0 MiB)
Memory usage after reset: 2242.875 MiB (Increase: 0.0 MiB)
Current lengths of episodes: [4, 78]
Memory usage at done (index 1, length 78, since_prev 4): 2242.875 MiB (Increase: 0.0 MiB)
Memory usage before reset: 2242.875 MiB (Increase: 0.0 MiB)
Memory usage after reset: 2242.875 MiB (Increase: 0.0 MiB)
Training episode 646
Memory usage at middle: 2242.875 MiB (Increase: 0.0 MiB)
Memory usage before collect: 2242.875 MiB (Increase: 0.0 MiB)
Memory usage after collect: 2242.875 MiB (Increase: 0.0 MiB)
Memory usage before initialization: 2242.875 MiB (Increase: 0.0 MiB)
Memory usage after initialization: 2242.875 MiB (Increase: 0.0 MiB)
Current lengths of episodes: [50, 50]
Memory usage at done (index 1, length 50, since_prev 50): 2242.875 MiB (Increase: 0.0 MiB)
Memory usage before reset: 2242.875 MiB (Increase: 0.0 MiB)
Memory usage after reset: 2242.875 MiB (Increase: 0.0 MiB)
Current lengths of episodes: [153, 103]
Memory usage at done (index 1, length 103, since_prev 103): 2242.875 MiB (Increase: 0.0 MiB)
Memory usage before reset: 2242.875 MiB (Increase: 0.0 MiB)
Memory usage after reset: 2242.875 MiB (Increase: 0.0 MiB)
Training episode 648
Memory usage at middle: 2242.875 MiB (Increase: 0.0 MiB)
Memory usage before collect: 2242.875 MiB (Increase: 0.0 MiB)
Memory usage after collect: 2242.875 MiB (Increase: 0.0 MiB)
Memory usage before initialization: 2242.875 MiB (Increase: 0.0 MiB)
Memory usage after initialization: 2242.875 MiB (Increase: 0.0 MiB)
Current lengths of episodes: [40, 39]
Memory usage at done (index 0, length 40, since_prev 40): 2242.875 MiB (Increase: 0.0 MiB)
Memory usage before reset: 2242.875 MiB (Increase: 0.0 MiB)
Memory usage after reset: 2242.875 MiB (Increase: 0.0 MiB)
Current lengths of episodes: [62, 102]
Memory usage at done (index 1, length 102, since_prev 62): 2242.875 MiB (Increase: 0.0 MiB)
Memory usage before reset: 2242.875 MiB (Increase: 0.0 MiB)
Memory usage after reset: 2242.875 MiB (Increase: 0.0 MiB)
Training episode 650
Memory usage at middle: 2242.875 MiB (Increase: 0.0 MiB)
Memory usage before collect: 2242.875 MiB (Increase: 0.0 MiB)
Memory usage after collect: 2242.875 MiB (Increase: 0.0 MiB)
Episode 650	Average evaluation: -22.52674153559271
Memory usage before initialization: 2242.875 MiB (Increase: 0.0 MiB)
Memory usage after initialization: 2242.875 MiB (Increase: 0.0 MiB)
Current lengths of episodes: [127, 126]
Memory usage at done (index 0, length 127, since_prev 127): 2242.875 MiB (Increase: 0.0 MiB)
Memory usage before reset: 2242.875 MiB (Increase: 0.0 MiB)
Memory usage after reset: 2242.875 MiB (Increase: 0.0 MiB)
Current lengths of episodes: [65, 191]
Memory usage at done (index 0, length 65, since_prev 65): 2242.875 MiB (Increase: 0.0 MiB)
Memory usage before reset: 2242.875 MiB (Increase: 0.0 MiB)
Memory usage after reset: 2242.875 MiB (Increase: 0.0 MiB)
Training episode 652
Memory usage at middle: 2242.875 MiB (Increase: 0.0 MiB)
Memory usage before collect: 2242.875 MiB (Increase: 0.0 MiB)
Memory usage after collect: 2242.875 MiB (Increase: 0.0 MiB)
Memory usage before initialization: 2242.875 MiB (Increase: 0.0 MiB)
Memory usage after initialization: 2242.875 MiB (Increase: 0.0 MiB)
Current lengths of episodes: [53, 53]
Memory usage at done (index 1, length 53, since_prev 53): 2242.875 MiB (Increase: 0.0 MiB)
Memory usage before reset: 2242.875 MiB (Increase: 0.0 MiB)
Memory usage after reset: 2242.875 MiB (Increase: 0.0 MiB)
Current lengths of episodes: [127, 74]
Memory usage at done (index 1, length 74, since_prev 74): 2242.875 MiB (Increase: 0.0 MiB)
Memory usage before reset: 2242.875 MiB (Increase: 0.0 MiB)
Memory usage after reset: 2242.875 MiB (Increase: 0.0 MiB)
Training episode 654
Memory usage at middle: 2242.875 MiB (Increase: 0.0 MiB)
Memory usage before collect: 2242.875 MiB (Increase: 0.0 MiB)
Memory usage after collect: 2242.875 MiB (Increase: 0.0 MiB)
Memory usage before initialization: 2242.875 MiB (Increase: 0.0 MiB)
Memory usage after initialization: 2242.875 MiB (Increase: 0.0 MiB)
Current lengths of episodes: [53, 52]
Memory usage at done (index 0, length 53, since_prev 53): 2242.875 MiB (Increase: 0.0 MiB)
Memory usage before reset: 2242.875 MiB (Increase: 0.0 MiB)
Memory usage after reset: 2242.875 MiB (Increase: 0.0 MiB)
Current lengths of episodes: [1547, 1600]
Memory usage at done (index 1, length 1600, since_prev 1547): 2242.875 MiB (Increase: 0.0 MiB)
Memory usage before reset: 2242.875 MiB (Increase: 0.0 MiB)
Memory usage after reset: 2242.875 MiB (Increase: 0.0 MiB)
Training episode 656
Memory usage at middle: 2242.875 MiB (Increase: 0.0 MiB)
Memory usage before collect: 2242.875 MiB (Increase: 0.0 MiB)
Memory usage after collect: 2242.875 MiB (Increase: 0.0 MiB)
Memory usage before initialization: 2242.875 MiB (Increase: 0.0 MiB)
Memory usage after initialization: 2242.875 MiB (Increase: 0.0 MiB)
Current lengths of episodes: [76, 76]
Memory usage at done (index 1, length 76, since_prev 76): 2242.875 MiB (Increase: 0.0 MiB)
Memory usage before reset: 2242.875 MiB (Increase: 0.0 MiB)
Memory usage after reset: 2242.875 MiB (Increase: 0.0 MiB)
Current lengths of episodes: [177, 101]
Memory usage at done (index 1, length 101, since_prev 101): 2242.875 MiB (Increase: 0.0 MiB)
Memory usage before reset: 2242.875 MiB (Increase: 0.0 MiB)
Memory usage after reset: 2242.875 MiB (Increase: 0.0 MiB)
Training episode 658
Memory usage at middle: 2242.875 MiB (Increase: 0.0 MiB)
Memory usage before collect: 2242.875 MiB (Increase: 0.0 MiB)
Memory usage after collect: 2242.875 MiB (Increase: 0.0 MiB)
Memory usage before initialization: 2242.875 MiB (Increase: 0.0 MiB)
Memory usage after initialization: 2242.875 MiB (Increase: 0.0 MiB)
Current lengths of episodes: [1600, 1599]
Memory usage at done (index 0, length 1600, since_prev 1600): 2242.875 MiB (Increase: 0.0 MiB)
Memory usage before reset: 2242.875 MiB (Increase: 0.0 MiB)
Memory usage after reset: 2242.875 MiB (Increase: 0.0 MiB)
Current lengths of episodes: [0, 1600]
Memory usage at done (index 1, length 1600, since_prev 0): 2242.875 MiB (Increase: 0.0 MiB)
Memory usage before reset: 2242.875 MiB (Increase: 0.0 MiB)
Memory usage after reset: 2242.875 MiB (Increase: 0.0 MiB)
Training episode 660
Memory usage at middle: 2242.875 MiB (Increase: 0.0 MiB)
Memory usage before collect: 2242.875 MiB (Increase: 0.0 MiB)
Memory usage after collect: 2242.875 MiB (Increase: 0.0 MiB)
Memory usage before initialization: 2242.875 MiB (Increase: 0.0 MiB)
Memory usage after initialization: 2242.875 MiB (Increase: 0.0 MiB)
Current lengths of episodes: [89, 88]
Memory usage at done (index 0, length 89, since_prev 89): 2242.875 MiB (Increase: 0.0 MiB)
Memory usage before reset: 2242.875 MiB (Increase: 0.0 MiB)
Memory usage after reset: 2242.875 MiB (Increase: 0.0 MiB)
Current lengths of episodes: [1511, 1600]
Memory usage at done (index 1, length 1600, since_prev 1511): 2242.875 MiB (Increase: 0.0 MiB)
Memory usage before reset: 2242.875 MiB (Increase: 0.0 MiB)
Memory usage after reset: 2242.875 MiB (Increase: 0.0 MiB)
Training episode 662
Memory usage at middle: 2242.875 MiB (Increase: 0.0 MiB)
Memory usage before collect: 2242.875 MiB (Increase: 0.0 MiB)
Memory usage after collect: 2242.875 MiB (Increase: 0.0 MiB)
Memory usage before initialization: 2242.875 MiB (Increase: 0.0 MiB)
Memory usage after initialization: 2242.875 MiB (Increase: 0.0 MiB)
Current lengths of episodes: [50, 50]
Memory usage at done (index 1, length 50, since_prev 50): 2242.875 MiB (Increase: 0.0 MiB)
Memory usage before reset: 2242.875 MiB (Increase: 0.0 MiB)
Memory usage after reset: 2242.875 MiB (Increase: 0.0 MiB)
Current lengths of episodes: [120, 69]
Memory usage at done (index 0, length 120, since_prev 70): 2242.875 MiB (Increase: 0.0 MiB)
Memory usage before reset: 2242.875 MiB (Increase: 0.0 MiB)
Memory usage after reset: 2242.875 MiB (Increase: 0.0 MiB)
Training episode 664
Memory usage at middle: 2242.875 MiB (Increase: 0.0 MiB)
Memory usage before collect: 2242.875 MiB (Increase: 0.0 MiB)
Memory usage after collect: 2242.875 MiB (Increase: 0.0 MiB)
Memory usage before initialization: 2242.875 MiB (Increase: 0.0 MiB)
Memory usage after initialization: 2242.875 MiB (Increase: 0.0 MiB)
Current lengths of episodes: [62, 62]
Memory usage at done (index 1, length 62, since_prev 62): 2242.875 MiB (Increase: 0.0 MiB)
Memory usage before reset: 2242.875 MiB (Increase: 0.0 MiB)
Memory usage after reset: 2242.875 MiB (Increase: 0.0 MiB)
Current lengths of episodes: [110, 48]
Memory usage at done (index 1, length 48, since_prev 48): 2242.875 MiB (Increase: 0.0 MiB)
Memory usage before reset: 2242.875 MiB (Increase: 0.0 MiB)
Memory usage after reset: 2242.875 MiB (Increase: 0.0 MiB)
Training episode 666
Memory usage at middle: 2242.875 MiB (Increase: 0.0 MiB)
Memory usage before collect: 2242.875 MiB (Increase: 0.0 MiB)
Memory usage after collect: 2242.875 MiB (Increase: 0.0 MiB)
Memory usage before initialization: 2242.875 MiB (Increase: 0.0 MiB)
Memory usage after initialization: 2242.875 MiB (Increase: 0.0 MiB)
Current lengths of episodes: [61, 61]
Memory usage at done (index 1, length 61, since_prev 61): 2242.875 MiB (Increase: 0.0 MiB)
Memory usage before reset: 2242.875 MiB (Increase: 0.0 MiB)
Memory usage after reset: 2242.875 MiB (Increase: 0.0 MiB)
Current lengths of episodes: [72, 10]
Memory usage at done (index 0, length 72, since_prev 11): 2242.875 MiB (Increase: 0.0 MiB)
Memory usage before reset: 2242.875 MiB (Increase: 0.0 MiB)
Memory usage after reset: 2242.875 MiB (Increase: 0.0 MiB)
Training episode 668
Memory usage at middle: 2242.875 MiB (Increase: 0.0 MiB)
Memory usage before collect: 2242.875 MiB (Increase: 0.0 MiB)
Memory usage after collect: 2242.875 MiB (Increase: 0.0 MiB)
Memory usage before initialization: 2242.875 MiB (Increase: 0.0 MiB)
Memory usage after initialization: 2242.875 MiB (Increase: 0.0 MiB)
Current lengths of episodes: [45, 45]
Memory usage at done (index 1, length 45, since_prev 45): 2242.875 MiB (Increase: 0.0 MiB)
Memory usage before reset: 2242.875 MiB (Increase: 0.0 MiB)
Memory usage after reset: 2242.875 MiB (Increase: 0.0 MiB)
Current lengths of episodes: [229, 183]
Memory usage at done (index 0, length 229, since_prev 184): 2242.875 MiB (Increase: 0.0 MiB)
Memory usage before reset: 2242.875 MiB (Increase: 0.0 MiB)
Memory usage after reset: 2242.875 MiB (Increase: 0.0 MiB)
Training episode 670
Memory usage at middle: 2242.875 MiB (Increase: 0.0 MiB)
Memory usage before collect: 2242.875 MiB (Increase: 0.0 MiB)
Memory usage after collect: 2242.875 MiB (Increase: 0.0 MiB)
Memory usage before initialization: 2242.875 MiB (Increase: 0.0 MiB)
Memory usage after initialization: 2242.875 MiB (Increase: 0.0 MiB)
Current lengths of episodes: [86, 86]
Memory usage at done (index 1, length 86, since_prev 86): 2242.875 MiB (Increase: 0.0 MiB)
Memory usage before reset: 2242.875 MiB (Increase: 0.0 MiB)
Memory usage after reset: 2242.875 MiB (Increase: 0.0 MiB)
Current lengths of episodes: [1600, 1513]
Memory usage at done (index 0, length 1600, since_prev 1514): 2242.875 MiB (Increase: 0.0 MiB)
Memory usage before reset: 2242.875 MiB (Increase: 0.0 MiB)
Memory usage after reset: 2242.875 MiB (Increase: 0.0 MiB)
Training episode 672
Memory usage at middle: 2242.875 MiB (Increase: 0.0 MiB)
Memory usage before collect: 2242.875 MiB (Increase: 0.0 MiB)
Memory usage after collect: 2242.875 MiB (Increase: 0.0 MiB)
Memory usage before initialization: 2242.875 MiB (Increase: 0.0 MiB)
Memory usage after initialization: 2242.875 MiB (Increase: 0.0 MiB)
Current lengths of episodes: [66, 65]
Memory usage at done (index 0, length 66, since_prev 66): 2242.875 MiB (Increase: 0.0 MiB)
Memory usage before reset: 2242.875 MiB (Increase: 0.0 MiB)
Memory usage after reset: 2242.875 MiB (Increase: 0.0 MiB)
Current lengths of episodes: [55, 120]
Memory usage at done (index 0, length 55, since_prev 55): 2242.875 MiB (Increase: 0.0 MiB)
Memory usage before reset: 2242.875 MiB (Increase: 0.0 MiB)
Memory usage after reset: 2242.875 MiB (Increase: 0.0 MiB)
Training episode 674
Memory usage at middle: 2242.875 MiB (Increase: 0.0 MiB)
Memory usage before collect: 2242.875 MiB (Increase: 0.0 MiB)
Memory usage after collect: 2242.875 MiB (Increase: 0.0 MiB)
Memory usage before initialization: 2242.875 MiB (Increase: 0.0 MiB)
Memory usage after initialization: 2242.875 MiB (Increase: 0.0 MiB)
Current lengths of episodes: [55, 55]
Memory usage at done (index 1, length 55, since_prev 55): 2242.875 MiB (Increase: 0.0 MiB)
Memory usage before reset: 2242.875 MiB (Increase: 0.0 MiB)
Memory usage after reset: 2242.875 MiB (Increase: 0.0 MiB)
Current lengths of episodes: [1600, 1544]
Memory usage at done (index 0, length 1600, since_prev 1545): 2242.875 MiB (Increase: 0.0 MiB)
Memory usage before reset: 2242.875 MiB (Increase: 0.0 MiB)
Memory usage after reset: 2242.875 MiB (Increase: 0.0 MiB)
Training episode 676
Memory usage at middle: 2242.875 MiB (Increase: 0.0 MiB)
Memory usage before collect: 2242.875 MiB (Increase: 0.0 MiB)
Memory usage after collect: 2242.875 MiB (Increase: 0.0 MiB)
Memory usage before initialization: 2242.875 MiB (Increase: 0.0 MiB)
Memory usage after initialization: 2242.875 MiB (Increase: 0.0 MiB)
Current lengths of episodes: [68, 67]
Memory usage at done (index 0, length 68, since_prev 68): 2242.875 MiB (Increase: 0.0 MiB)
Memory usage before reset: 2242.875 MiB (Increase: 0.0 MiB)
Memory usage after reset: 2242.875 MiB (Increase: 0.0 MiB)
Current lengths of episodes: [18, 86]
Memory usage at done (index 1, length 86, since_prev 18): 2242.875 MiB (Increase: 0.0 MiB)
Memory usage before reset: 2242.875 MiB (Increase: 0.0 MiB)
Memory usage after reset: 2242.875 MiB (Increase: 0.0 MiB)
Training episode 678
Memory usage at middle: 2242.875 MiB (Increase: 0.0 MiB)
Memory usage before collect: 2242.875 MiB (Increase: 0.0 MiB)
Memory usage after collect: 2242.875 MiB (Increase: 0.0 MiB)
Memory usage before initialization: 2242.875 MiB (Increase: 0.0 MiB)
Memory usage after initialization: 2242.875 MiB (Increase: 0.0 MiB)
Current lengths of episodes: [100, 99]
Memory usage at done (index 0, length 100, since_prev 100): 2242.875 MiB (Increase: 0.0 MiB)
Memory usage before reset: 2242.875 MiB (Increase: 0.0 MiB)
Memory usage after reset: 2242.875 MiB (Increase: 0.0 MiB)
Current lengths of episodes: [68, 167]
Memory usage at done (index 0, length 68, since_prev 68): 2242.875 MiB (Increase: 0.0 MiB)
Memory usage before reset: 2242.875 MiB (Increase: 0.0 MiB)
Memory usage after reset: 2242.875 MiB (Increase: 0.0 MiB)
Training episode 680
Memory usage at middle: 2242.875 MiB (Increase: 0.0 MiB)
Memory usage before collect: 2242.875 MiB (Increase: 0.0 MiB)
Memory usage after collect: 2242.875 MiB (Increase: 0.0 MiB)
Memory usage before initialization: 2242.875 MiB (Increase: 0.0 MiB)
Memory usage after initialization: 2242.875 MiB (Increase: 0.0 MiB)
Current lengths of episodes: [76, 75]
Memory usage at done (index 0, length 76, since_prev 76): 2242.875 MiB (Increase: 0.0 MiB)
Memory usage before reset: 2242.875 MiB (Increase: 0.0 MiB)
Memory usage after reset: 2242.875 MiB (Increase: 0.0 MiB)
Current lengths of episodes: [50, 125]
Memory usage at done (index 0, length 50, since_prev 50): 2242.875 MiB (Increase: 0.0 MiB)
Memory usage before reset: 2242.875 MiB (Increase: 0.0 MiB)
Memory usage after reset: 2242.875 MiB (Increase: 0.0 MiB)
Training episode 682
Memory usage at middle: 2242.875 MiB (Increase: 0.0 MiB)
Memory usage before collect: 2242.875 MiB (Increase: 0.0 MiB)
Memory usage after collect: 2242.875 MiB (Increase: 0.0 MiB)
Memory usage before initialization: 2242.875 MiB (Increase: 0.0 MiB)
Memory usage after initialization: 2242.875 MiB (Increase: 0.0 MiB)
Current lengths of episodes: [55, 54]
Memory usage at done (index 0, length 55, since_prev 55): 2242.875 MiB (Increase: 0.0 MiB)
Memory usage before reset: 2242.875 MiB (Increase: 0.0 MiB)
Memory usage after reset: 2242.875 MiB (Increase: 0.0 MiB)
Current lengths of episodes: [25, 80]
Memory usage at done (index 1, length 80, since_prev 25): 2242.875 MiB (Increase: 0.0 MiB)
Memory usage before reset: 2242.875 MiB (Increase: 0.0 MiB)
Memory usage after reset: 2242.875 MiB (Increase: 0.0 MiB)
Training episode 684
Memory usage at middle: 2242.875 MiB (Increase: 0.0 MiB)
Memory usage before collect: 2242.875 MiB (Increase: 0.0 MiB)
Memory usage after collect: 2242.875 MiB (Increase: 0.0 MiB)
Memory usage before initialization: 2242.875 MiB (Increase: 0.0 MiB)
Memory usage after initialization: 2242.875 MiB (Increase: 0.0 MiB)
Current lengths of episodes: [1600, 1599]
Memory usage at done (index 0, length 1600, since_prev 1600): 2242.875 MiB (Increase: 0.0 MiB)
Memory usage before reset: 2242.875 MiB (Increase: 0.0 MiB)
Memory usage after reset: 2242.875 MiB (Increase: 0.0 MiB)
Current lengths of episodes: [0, 1600]
Memory usage at done (index 1, length 1600, since_prev 0): 2242.875 MiB (Increase: 0.0 MiB)
Memory usage before reset: 2242.875 MiB (Increase: 0.0 MiB)
Memory usage after reset: 2242.875 MiB (Increase: 0.0 MiB)
Training episode 686
Memory usage at middle: 2242.875 MiB (Increase: 0.0 MiB)
Memory usage before collect: 2242.875 MiB (Increase: 0.0 MiB)
Memory usage after collect: 2242.875 MiB (Increase: 0.0 MiB)
Memory usage before initialization: 2242.875 MiB (Increase: 0.0 MiB)
Memory usage after initialization: 2242.875 MiB (Increase: 0.0 MiB)
Current lengths of episodes: [72, 71]
Memory usage at done (index 0, length 72, since_prev 72): 2242.875 MiB (Increase: 0.0 MiB)
Memory usage before reset: 2242.875 MiB (Increase: 0.0 MiB)
Memory usage after reset: 2242.875 MiB (Increase: 0.0 MiB)
Current lengths of episodes: [21, 93]
Memory usage at done (index 1, length 93, since_prev 21): 2242.875 MiB (Increase: 0.0 MiB)
Memory usage before reset: 2242.875 MiB (Increase: 0.0 MiB)
Memory usage after reset: 2242.875 MiB (Increase: 0.0 MiB)
Training episode 688
Memory usage at middle: 2242.875 MiB (Increase: 0.0 MiB)
Memory usage before collect: 2242.875 MiB (Increase: 0.0 MiB)
Memory usage after collect: 2242.875 MiB (Increase: 0.0 MiB)
Memory usage before initialization: 2242.875 MiB (Increase: 0.0 MiB)
Memory usage after initialization: 2242.875 MiB (Increase: 0.0 MiB)
Current lengths of episodes: [1600, 1599]
Memory usage at done (index 0, length 1600, since_prev 1600): 2242.875 MiB (Increase: 0.0 MiB)
Memory usage before reset: 2242.875 MiB (Increase: 0.0 MiB)
Memory usage after reset: 2242.875 MiB (Increase: 0.0 MiB)
Current lengths of episodes: [0, 1600]
Memory usage at done (index 1, length 1600, since_prev 0): 2242.875 MiB (Increase: 0.0 MiB)
Memory usage before reset: 2242.875 MiB (Increase: 0.0 MiB)
Memory usage after reset: 2242.875 MiB (Increase: 0.0 MiB)
Training episode 690
Memory usage at middle: 2242.875 MiB (Increase: 0.0 MiB)
Memory usage before collect: 2242.875 MiB (Increase: 0.0 MiB)
Memory usage after collect: 2242.875 MiB (Increase: 0.0 MiB)
Memory usage before initialization: 2242.875 MiB (Increase: 0.0 MiB)
Memory usage after initialization: 2242.875 MiB (Increase: 0.0 MiB)
Current lengths of episodes: [1600, 1599]
Memory usage at done (index 0, length 1600, since_prev 1600): 2242.875 MiB (Increase: 0.0 MiB)
Memory usage before reset: 2242.875 MiB (Increase: 0.0 MiB)
Memory usage after reset: 2242.875 MiB (Increase: 0.0 MiB)
Current lengths of episodes: [0, 1600]
Memory usage at done (index 1, length 1600, since_prev 0): 2242.875 MiB (Increase: 0.0 MiB)
Memory usage before reset: 2242.875 MiB (Increase: 0.0 MiB)
Memory usage after reset: 2242.875 MiB (Increase: 0.0 MiB)
Training episode 692
Memory usage at middle: 2242.875 MiB (Increase: 0.0 MiB)
Memory usage before collect: 2242.875 MiB (Increase: 0.0 MiB)
Memory usage after collect: 2242.875 MiB (Increase: 0.0 MiB)
Memory usage before initialization: 2242.875 MiB (Increase: 0.0 MiB)
Memory usage after initialization: 2242.875 MiB (Increase: 0.0 MiB)
Current lengths of episodes: [85, 85]
Memory usage at done (index 1, length 85, since_prev 85): 2242.875 MiB (Increase: 0.0 MiB)
Memory usage before reset: 2242.875 MiB (Increase: 0.0 MiB)
Memory usage after reset: 2242.875 MiB (Increase: 0.0 MiB)
Current lengths of episodes: [166, 81]
Memory usage at done (index 1, length 81, since_prev 81): 2242.875 MiB (Increase: 0.0 MiB)
Memory usage before reset: 2242.875 MiB (Increase: 0.0 MiB)
Memory usage after reset: 2242.875 MiB (Increase: 0.0 MiB)
Training episode 694
Memory usage at middle: 2242.875 MiB (Increase: 0.0 MiB)
Memory usage before collect: 2242.875 MiB (Increase: 0.0 MiB)
Memory usage after collect: 2242.875 MiB (Increase: 0.0 MiB)
Memory usage before initialization: 2242.875 MiB (Increase: 0.0 MiB)
Memory usage after initialization: 2242.875 MiB (Increase: 0.0 MiB)
Current lengths of episodes: [1600, 1599]
Memory usage at done (index 0, length 1600, since_prev 1600): 2242.875 MiB (Increase: 0.0 MiB)
Memory usage before reset: 2242.875 MiB (Increase: 0.0 MiB)
Memory usage after reset: 2242.875 MiB (Increase: 0.0 MiB)
Current lengths of episodes: [0, 1600]
Memory usage at done (index 1, length 1600, since_prev 0): 2242.875 MiB (Increase: 0.0 MiB)
Memory usage before reset: 2242.875 MiB (Increase: 0.0 MiB)
Memory usage after reset: 2242.875 MiB (Increase: 0.0 MiB)
Training episode 696
Memory usage at middle: 2242.875 MiB (Increase: 0.0 MiB)
Memory usage before collect: 2242.875 MiB (Increase: 0.0 MiB)
Memory usage after collect: 2242.875 MiB (Increase: 0.0 MiB)
Memory usage before initialization: 2242.875 MiB (Increase: 0.0 MiB)
Memory usage after initialization: 2242.875 MiB (Increase: 0.0 MiB)
Current lengths of episodes: [71, 71]
Memory usage at done (index 1, length 71, since_prev 71): 2242.875 MiB (Increase: 0.0 MiB)
Memory usage before reset: 2242.875 MiB (Increase: 0.0 MiB)
Memory usage after reset: 2242.875 MiB (Increase: 0.0 MiB)
Current lengths of episodes: [180, 109]
Memory usage at done (index 1, length 109, since_prev 109): 2242.875 MiB (Increase: 0.0 MiB)
Memory usage before reset: 2242.875 MiB (Increase: 0.0 MiB)
Memory usage after reset: 2242.875 MiB (Increase: 0.0 MiB)
Training episode 698
Memory usage at middle: 2242.875 MiB (Increase: 0.0 MiB)
Memory usage before collect: 2242.875 MiB (Increase: 0.0 MiB)
Memory usage after collect: 2242.875 MiB (Increase: 0.0 MiB)
Memory usage before initialization: 2242.875 MiB (Increase: 0.0 MiB)
Memory usage after initialization: 2242.875 MiB (Increase: 0.0 MiB)
Current lengths of episodes: [1600, 1599]
Memory usage at done (index 0, length 1600, since_prev 1600): 2242.875 MiB (Increase: 0.0 MiB)
Memory usage before reset: 2242.875 MiB (Increase: 0.0 MiB)
Memory usage after reset: 2242.875 MiB (Increase: 0.0 MiB)
Current lengths of episodes: [0, 1600]
Memory usage at done (index 1, length 1600, since_prev 0): 2242.875 MiB (Increase: 0.0 MiB)
Memory usage before reset: 2242.875 MiB (Increase: 0.0 MiB)
Memory usage after reset: 2242.875 MiB (Increase: 0.0 MiB)
Training episode 700
Memory usage at middle: 2242.875 MiB (Increase: 0.0 MiB)
Memory usage before collect: 2242.875 MiB (Increase: 0.0 MiB)
Memory usage after collect: 2242.875 MiB (Increase: 0.0 MiB)
Episode 700	Average evaluation: -38.00246315963567
Memory usage before initialization: 2242.875 MiB (Increase: 0.0 MiB)
Memory usage after initialization: 2242.875 MiB (Increase: 0.0 MiB)
Current lengths of episodes: [111, 110]
Memory usage at done (index 0, length 111, since_prev 111): 2242.875 MiB (Increase: 0.0 MiB)
Memory usage before reset: 2242.875 MiB (Increase: 0.0 MiB)
Memory usage after reset: 2242.875 MiB (Increase: 0.0 MiB)
Current lengths of episodes: [1489, 1600]
Memory usage at done (index 1, length 1600, since_prev 1489): 2242.875 MiB (Increase: 0.0 MiB)
Memory usage before reset: 2242.875 MiB (Increase: 0.0 MiB)
Memory usage after reset: 2242.875 MiB (Increase: 0.0 MiB)
Training episode 702
Memory usage at middle: 2242.875 MiB (Increase: 0.0 MiB)
Memory usage before collect: 2242.875 MiB (Increase: 0.0 MiB)
Memory usage after collect: 2242.875 MiB (Increase: 0.0 MiB)
Memory usage before initialization: 2242.875 MiB (Increase: 0.0 MiB)
Memory usage after initialization: 2242.875 MiB (Increase: 0.0 MiB)
Current lengths of episodes: [1600, 1599]
Memory usage at done (index 0, length 1600, since_prev 1600): 2242.875 MiB (Increase: 0.0 MiB)
Memory usage before reset: 2242.875 MiB (Increase: 0.0 MiB)
Memory usage after reset: 2242.875 MiB (Increase: 0.0 MiB)
Current lengths of episodes: [0, 1600]
Memory usage at done (index 1, length 1600, since_prev 0): 2242.875 MiB (Increase: 0.0 MiB)
Memory usage before reset: 2242.875 MiB (Increase: 0.0 MiB)
Memory usage after reset: 2242.875 MiB (Increase: 0.0 MiB)
Training episode 704
Memory usage at middle: 2242.875 MiB (Increase: 0.0 MiB)
Memory usage before collect: 2242.875 MiB (Increase: 0.0 MiB)
Memory usage after collect: 2242.875 MiB (Increase: 0.0 MiB)
Memory usage before initialization: 2242.875 MiB (Increase: 0.0 MiB)
Memory usage after initialization: 2242.875 MiB (Increase: 0.0 MiB)
Current lengths of episodes: [63, 63]
Memory usage at done (index 1, length 63, since_prev 63): 2242.875 MiB (Increase: 0.0 MiB)
Memory usage before reset: 2242.875 MiB (Increase: 0.0 MiB)
Memory usage after reset: 2242.875 MiB (Increase: 0.0 MiB)
Current lengths of episodes: [111, 47]
Memory usage at done (index 0, length 111, since_prev 48): 2242.875 MiB (Increase: 0.0 MiB)
Memory usage before reset: 2242.875 MiB (Increase: 0.0 MiB)
Memory usage after reset: 2242.875 MiB (Increase: 0.0 MiB)
Training episode 706
Memory usage at middle: 2242.875 MiB (Increase: 0.0 MiB)
Memory usage before collect: 2242.875 MiB (Increase: 0.0 MiB)
Memory usage after collect: 2242.875 MiB (Increase: 0.0 MiB)
Memory usage before initialization: 2242.875 MiB (Increase: 0.0 MiB)
Memory usage after initialization: 2242.875 MiB (Increase: 0.0 MiB)
Current lengths of episodes: [77, 77]
Memory usage at done (index 1, length 77, since_prev 77): 2242.875 MiB (Increase: 0.0 MiB)
Memory usage before reset: 2242.875 MiB (Increase: 0.0 MiB)
Memory usage after reset: 2242.875 MiB (Increase: 0.0 MiB)
Current lengths of episodes: [1600, 1522]
Memory usage at done (index 0, length 1600, since_prev 1523): 2242.875 MiB (Increase: 0.0 MiB)
Memory usage before reset: 2242.875 MiB (Increase: 0.0 MiB)
Memory usage after reset: 2242.875 MiB (Increase: 0.0 MiB)
Training episode 708
Memory usage at middle: 2242.875 MiB (Increase: 0.0 MiB)
Memory usage before collect: 2242.875 MiB (Increase: 0.0 MiB)
Memory usage after collect: 2242.875 MiB (Increase: 0.0 MiB)
Memory usage before initialization: 2242.875 MiB (Increase: 0.0 MiB)
Memory usage after initialization: 2242.875 MiB (Increase: 0.0 MiB)
Current lengths of episodes: [53, 52]
Memory usage at done (index 0, length 53, since_prev 53): 2242.875 MiB (Increase: 0.0 MiB)
Memory usage before reset: 2242.875 MiB (Increase: 0.0 MiB)
Memory usage after reset: 2242.875 MiB (Increase: 0.0 MiB)
Current lengths of episodes: [25, 78]
Memory usage at done (index 1, length 78, since_prev 25): 2242.875 MiB (Increase: 0.0 MiB)
Memory usage before reset: 2242.875 MiB (Increase: 0.0 MiB)
Memory usage after reset: 2242.875 MiB (Increase: 0.0 MiB)
Training episode 710
Memory usage at middle: 2242.875 MiB (Increase: 0.0 MiB)
Memory usage before collect: 2242.875 MiB (Increase: 0.0 MiB)
Memory usage after collect: 2242.875 MiB (Increase: 0.0 MiB)
Memory usage before initialization: 2242.875 MiB (Increase: 0.0 MiB)
Memory usage after initialization: 2242.875 MiB (Increase: 0.0 MiB)
Current lengths of episodes: [1600, 1599]
Memory usage at done (index 0, length 1600, since_prev 1600): 2242.875 MiB (Increase: 0.0 MiB)
Memory usage before reset: 2242.875 MiB (Increase: 0.0 MiB)
Memory usage after reset: 2242.875 MiB (Increase: 0.0 MiB)
Current lengths of episodes: [0, 1600]
Memory usage at done (index 1, length 1600, since_prev 0): 2242.875 MiB (Increase: 0.0 MiB)
Memory usage before reset: 2242.875 MiB (Increase: 0.0 MiB)
Memory usage after reset: 2242.875 MiB (Increase: 0.0 MiB)
Training episode 712
Memory usage at middle: 2242.875 MiB (Increase: 0.0 MiB)
Memory usage before collect: 2242.875 MiB (Increase: 0.0 MiB)
Memory usage after collect: 2242.875 MiB (Increase: 0.0 MiB)
Memory usage before initialization: 2242.875 MiB (Increase: 0.0 MiB)
Memory usage after initialization: 2242.875 MiB (Increase: 0.0 MiB)
Current lengths of episodes: [1600, 1599]
Memory usage at done (index 0, length 1600, since_prev 1600): 2242.875 MiB (Increase: 0.0 MiB)
Memory usage before reset: 2242.875 MiB (Increase: 0.0 MiB)
Memory usage after reset: 2242.875 MiB (Increase: 0.0 MiB)
Current lengths of episodes: [0, 1600]
Memory usage at done (index 1, length 1600, since_prev 0): 2242.875 MiB (Increase: 0.0 MiB)
Memory usage before reset: 2242.875 MiB (Increase: 0.0 MiB)
Memory usage after reset: 2242.875 MiB (Increase: 0.0 MiB)
Training episode 714
Memory usage at middle: 2242.875 MiB (Increase: 0.0 MiB)
Memory usage before collect: 2242.875 MiB (Increase: 0.0 MiB)
Memory usage after collect: 2242.875 MiB (Increase: 0.0 MiB)
Memory usage before initialization: 2242.875 MiB (Increase: 0.0 MiB)
Memory usage after initialization: 2242.875 MiB (Increase: 0.0 MiB)
Current lengths of episodes: [1600, 1599]
Memory usage at done (index 0, length 1600, since_prev 1600): 2242.875 MiB (Increase: 0.0 MiB)
Memory usage before reset: 2242.875 MiB (Increase: 0.0 MiB)
Memory usage after reset: 2242.875 MiB (Increase: 0.0 MiB)
Current lengths of episodes: [0, 1600]
Memory usage at done (index 1, length 1600, since_prev 0): 2242.875 MiB (Increase: 0.0 MiB)
Memory usage before reset: 2242.875 MiB (Increase: 0.0 MiB)
Memory usage after reset: 2242.875 MiB (Increase: 0.0 MiB)
Training episode 716
Memory usage at middle: 2242.875 MiB (Increase: 0.0 MiB)
Memory usage before collect: 2242.875 MiB (Increase: 0.0 MiB)
Memory usage after collect: 2242.875 MiB (Increase: 0.0 MiB)
Memory usage before initialization: 2242.875 MiB (Increase: 0.0 MiB)
Memory usage after initialization: 2242.875 MiB (Increase: 0.0 MiB)
Current lengths of episodes: [47, 46]
Memory usage at done (index 0, length 47, since_prev 47): 2242.875 MiB (Increase: 0.0 MiB)
Memory usage before reset: 2242.875 MiB (Increase: 0.0 MiB)
Memory usage after reset: 2242.875 MiB (Increase: 0.0 MiB)
Current lengths of episodes: [4, 51]
Memory usage at done (index 1, length 51, since_prev 4): 2242.875 MiB (Increase: 0.0 MiB)
Memory usage before reset: 2242.875 MiB (Increase: 0.0 MiB)
Memory usage after reset: 2242.875 MiB (Increase: 0.0 MiB)
Training episode 718
Memory usage at middle: 2242.875 MiB (Increase: 0.0 MiB)
Memory usage before collect: 2242.875 MiB (Increase: 0.0 MiB)
Memory usage after collect: 2242.875 MiB (Increase: 0.0 MiB)
Memory usage before initialization: 2242.875 MiB (Increase: 0.0 MiB)
Memory usage after initialization: 2242.875 MiB (Increase: 0.0 MiB)
Current lengths of episodes: [162, 162]
Memory usage at done (index 1, length 162, since_prev 162): 2242.875 MiB (Increase: 0.0 MiB)
Memory usage before reset: 2242.875 MiB (Increase: 0.0 MiB)
Memory usage after reset: 2242.875 MiB (Increase: 0.0 MiB)
Current lengths of episodes: [228, 66]
Memory usage at done (index 1, length 66, since_prev 66): 2242.875 MiB (Increase: 0.0 MiB)
Memory usage before reset: 2242.875 MiB (Increase: 0.0 MiB)
Memory usage after reset: 2242.875 MiB (Increase: 0.0 MiB)
Training episode 720
Memory usage at middle: 2242.875 MiB (Increase: 0.0 MiB)
Memory usage before collect: 2242.875 MiB (Increase: 0.0 MiB)
Memory usage after collect: 2242.875 MiB (Increase: 0.0 MiB)
Memory usage before initialization: 2242.875 MiB (Increase: 0.0 MiB)
Memory usage after initialization: 2242.875 MiB (Increase: 0.0 MiB)
Current lengths of episodes: [1600, 1599]
Memory usage at done (index 0, length 1600, since_prev 1600): 2242.875 MiB (Increase: 0.0 MiB)
Memory usage before reset: 2242.875 MiB (Increase: 0.0 MiB)
Memory usage after reset: 2242.875 MiB (Increase: 0.0 MiB)
Current lengths of episodes: [0, 1600]
Memory usage at done (index 1, length 1600, since_prev 0): 2242.875 MiB (Increase: 0.0 MiB)
Memory usage before reset: 2242.875 MiB (Increase: 0.0 MiB)
Memory usage after reset: 2242.875 MiB (Increase: 0.0 MiB)
Training episode 722
Memory usage at middle: 2242.875 MiB (Increase: 0.0 MiB)
Memory usage before collect: 2242.875 MiB (Increase: 0.0 MiB)
Memory usage after collect: 2242.875 MiB (Increase: 0.0 MiB)
Memory usage before initialization: 2242.875 MiB (Increase: 0.0 MiB)
Memory usage after initialization: 2242.875 MiB (Increase: 0.0 MiB)
Current lengths of episodes: [1600, 1599]
Memory usage at done (index 0, length 1600, since_prev 1600): 2242.875 MiB (Increase: 0.0 MiB)
Memory usage before reset: 2242.875 MiB (Increase: 0.0 MiB)
Memory usage after reset: 2242.875 MiB (Increase: 0.0 MiB)
Current lengths of episodes: [0, 1600]
Memory usage at done (index 1, length 1600, since_prev 0): 2242.875 MiB (Increase: 0.0 MiB)
Memory usage before reset: 2242.875 MiB (Increase: 0.0 MiB)
Memory usage after reset: 2242.875 MiB (Increase: 0.0 MiB)
Training episode 724
Memory usage at middle: 2242.875 MiB (Increase: 0.0 MiB)
Memory usage before collect: 2242.875 MiB (Increase: 0.0 MiB)
Memory usage after collect: 2242.875 MiB (Increase: 0.0 MiB)
Memory usage before initialization: 2242.875 MiB (Increase: 0.0 MiB)
Memory usage after initialization: 2242.875 MiB (Increase: 0.0 MiB)
Current lengths of episodes: [119, 118]
Memory usage at done (index 0, length 119, since_prev 119): 2242.875 MiB (Increase: 0.0 MiB)
Memory usage before reset: 2242.875 MiB (Increase: 0.0 MiB)
Memory usage after reset: 2242.875 MiB (Increase: 0.0 MiB)
Current lengths of episodes: [64, 182]
Memory usage at done (index 0, length 64, since_prev 64): 2242.875 MiB (Increase: 0.0 MiB)
Memory usage before reset: 2242.875 MiB (Increase: 0.0 MiB)
Memory usage after reset: 2242.875 MiB (Increase: 0.0 MiB)
Training episode 726
Memory usage at middle: 2242.875 MiB (Increase: 0.0 MiB)
Memory usage before collect: 2242.875 MiB (Increase: 0.0 MiB)
Memory usage after collect: 2242.875 MiB (Increase: 0.0 MiB)
Memory usage before initialization: 2242.875 MiB (Increase: 0.0 MiB)
Memory usage after initialization: 2242.875 MiB (Increase: 0.0 MiB)
Current lengths of episodes: [1600, 1599]
Memory usage at done (index 0, length 1600, since_prev 1600): 2242.875 MiB (Increase: 0.0 MiB)
Memory usage before reset: 2242.875 MiB (Increase: 0.0 MiB)
Memory usage after reset: 2242.875 MiB (Increase: 0.0 MiB)
Current lengths of episodes: [0, 1600]
Memory usage at done (index 1, length 1600, since_prev 0): 2242.875 MiB (Increase: 0.0 MiB)
Memory usage before reset: 2242.875 MiB (Increase: 0.0 MiB)
Memory usage after reset: 2242.875 MiB (Increase: 0.0 MiB)
Training episode 728
Memory usage at middle: 2242.875 MiB (Increase: 0.0 MiB)
Memory usage before collect: 2242.875 MiB (Increase: 0.0 MiB)
Memory usage after collect: 2242.875 MiB (Increase: 0.0 MiB)
Memory usage before initialization: 2242.875 MiB (Increase: 0.0 MiB)
Memory usage after initialization: 2242.875 MiB (Increase: 0.0 MiB)
Current lengths of episodes: [59, 58]
Memory usage at done (index 0, length 59, since_prev 59): 2242.875 MiB (Increase: 0.0 MiB)
Memory usage before reset: 2242.875 MiB (Increase: 0.0 MiB)
Memory usage after reset: 2242.875 MiB (Increase: 0.0 MiB)
Current lengths of episodes: [1541, 1600]
Memory usage at done (index 1, length 1600, since_prev 1541): 2242.875 MiB (Increase: 0.0 MiB)
Memory usage before reset: 2242.875 MiB (Increase: 0.0 MiB)
Memory usage after reset: 2242.875 MiB (Increase: 0.0 MiB)
Training episode 730
Memory usage at middle: 2242.875 MiB (Increase: 0.0 MiB)
Memory usage before collect: 2242.875 MiB (Increase: 0.0 MiB)
Memory usage after collect: 2242.875 MiB (Increase: 0.0 MiB)
Memory usage before initialization: 2242.875 MiB (Increase: 0.0 MiB)
Memory usage after initialization: 2242.875 MiB (Increase: 0.0 MiB)
Current lengths of episodes: [57, 56]
Memory usage at done (index 0, length 57, since_prev 57): 2242.875 MiB (Increase: 0.0 MiB)
Memory usage before reset: 2242.875 MiB (Increase: 0.0 MiB)
Memory usage after reset: 2242.875 MiB (Increase: 0.0 MiB)
Current lengths of episodes: [123, 179]
Memory usage at done (index 0, length 123, since_prev 123): 2242.875 MiB (Increase: 0.0 MiB)
Memory usage before reset: 2242.875 MiB (Increase: 0.0 MiB)
Memory usage after reset: 2242.875 MiB (Increase: 0.0 MiB)
Training episode 732
Memory usage at middle: 2242.875 MiB (Increase: 0.0 MiB)
Memory usage before collect: 2242.875 MiB (Increase: 0.0 MiB)
Memory usage after collect: 2242.875 MiB (Increase: 0.0 MiB)
Memory usage before initialization: 2242.875 MiB (Increase: 0.0 MiB)
Memory usage after initialization: 2242.875 MiB (Increase: 0.0 MiB)
Current lengths of episodes: [1600, 1599]
Memory usage at done (index 0, length 1600, since_prev 1600): 2242.875 MiB (Increase: 0.0 MiB)
Memory usage before reset: 2242.875 MiB (Increase: 0.0 MiB)
Memory usage after reset: 2242.875 MiB (Increase: 0.0 MiB)
Current lengths of episodes: [0, 1600]
Memory usage at done (index 1, length 1600, since_prev 0): 2242.875 MiB (Increase: 0.0 MiB)
Memory usage before reset: 2242.875 MiB (Increase: 0.0 MiB)
Memory usage after reset: 2242.875 MiB (Increase: 0.0 MiB)
Training episode 734
Memory usage at middle: 2242.875 MiB (Increase: 0.0 MiB)
Memory usage before collect: 2242.875 MiB (Increase: 0.0 MiB)
Memory usage after collect: 2242.875 MiB (Increase: 0.0 MiB)
Memory usage before initialization: 2242.875 MiB (Increase: 0.0 MiB)
Memory usage after initialization: 2242.875 MiB (Increase: 0.0 MiB)
Current lengths of episodes: [1600, 1599]
Memory usage at done (index 0, length 1600, since_prev 1600): 2242.875 MiB (Increase: 0.0 MiB)
Memory usage before reset: 2242.875 MiB (Increase: 0.0 MiB)
Memory usage after reset: 2242.875 MiB (Increase: 0.0 MiB)
Current lengths of episodes: [0, 1600]
Memory usage at done (index 1, length 1600, since_prev 0): 2242.875 MiB (Increase: 0.0 MiB)
Memory usage before reset: 2242.875 MiB (Increase: 0.0 MiB)
Memory usage after reset: 2242.875 MiB (Increase: 0.0 MiB)
Training episode 736
Memory usage at middle: 2242.875 MiB (Increase: 0.0 MiB)
Memory usage before collect: 2242.875 MiB (Increase: 0.0 MiB)
Memory usage after collect: 2242.875 MiB (Increase: 0.0 MiB)
Memory usage before initialization: 2242.875 MiB (Increase: 0.0 MiB)
Memory usage after initialization: 2242.875 MiB (Increase: 0.0 MiB)
Current lengths of episodes: [64, 64]
Memory usage at done (index 1, length 64, since_prev 64): 2242.875 MiB (Increase: 0.0 MiB)
Memory usage before reset: 2242.875 MiB (Increase: 0.0 MiB)
Memory usage after reset: 2242.875 MiB (Increase: 0.0 MiB)
Current lengths of episodes: [764, 700]
Memory usage at done (index 1, length 700, since_prev 700): 2242.875 MiB (Increase: 0.0 MiB)
Memory usage before reset: 2242.875 MiB (Increase: 0.0 MiB)
Memory usage after reset: 2242.875 MiB (Increase: 0.0 MiB)
Training episode 738
Memory usage at middle: 2242.875 MiB (Increase: 0.0 MiB)
Memory usage before collect: 2242.875 MiB (Increase: 0.0 MiB)
Memory usage after collect: 2242.875 MiB (Increase: 0.0 MiB)
Memory usage before initialization: 2242.875 MiB (Increase: 0.0 MiB)
Memory usage after initialization: 2242.875 MiB (Increase: 0.0 MiB)
Current lengths of episodes: [92, 92]
Memory usage at done (index 1, length 92, since_prev 92): 2242.875 MiB (Increase: 0.0 MiB)
Memory usage before reset: 2242.875 MiB (Increase: 0.0 MiB)
Memory usage after reset: 2242.875 MiB (Increase: 0.0 MiB)
Current lengths of episodes: [1600, 1507]
Memory usage at done (index 0, length 1600, since_prev 1508): 2242.875 MiB (Increase: 0.0 MiB)
Memory usage before reset: 2242.875 MiB (Increase: 0.0 MiB)
Memory usage after reset: 2242.875 MiB (Increase: 0.0 MiB)
Training episode 740
Memory usage at middle: 2242.875 MiB (Increase: 0.0 MiB)
Memory usage before collect: 2242.875 MiB (Increase: 0.0 MiB)
Memory usage after collect: 2242.875 MiB (Increase: 0.0 MiB)
Memory usage before initialization: 2242.875 MiB (Increase: 0.0 MiB)
Memory usage after initialization: 2242.875 MiB (Increase: 0.0 MiB)
Current lengths of episodes: [90, 89]
Memory usage at done (index 0, length 90, since_prev 90): 2242.875 MiB (Increase: 0.0 MiB)
Memory usage before reset: 2242.875 MiB (Increase: 0.0 MiB)
Memory usage after reset: 2242.875 MiB (Increase: 0.0 MiB)
Current lengths of episodes: [55, 144]
Memory usage at done (index 0, length 55, since_prev 55): 2242.875 MiB (Increase: 0.0 MiB)
Memory usage before reset: 2242.875 MiB (Increase: 0.0 MiB)
Memory usage after reset: 2242.875 MiB (Increase: 0.0 MiB)
Training episode 742
Memory usage at middle: 2242.875 MiB (Increase: 0.0 MiB)
Memory usage before collect: 2242.875 MiB (Increase: 0.0 MiB)
Memory usage after collect: 2242.875 MiB (Increase: 0.0 MiB)
Memory usage before initialization: 2242.875 MiB (Increase: 0.0 MiB)
Memory usage after initialization: 2242.875 MiB (Increase: 0.0 MiB)
Current lengths of episodes: [92, 91]
Memory usage at done (index 0, length 92, since_prev 92): 2242.875 MiB (Increase: 0.0 MiB)
Memory usage before reset: 2242.875 MiB (Increase: 0.0 MiB)
Memory usage after reset: 2242.875 MiB (Increase: 0.0 MiB)
Current lengths of episodes: [75, 166]
Memory usage at done (index 0, length 75, since_prev 75): 2242.875 MiB (Increase: 0.0 MiB)
Memory usage before reset: 2242.875 MiB (Increase: 0.0 MiB)
Memory usage after reset: 2242.875 MiB (Increase: 0.0 MiB)
Training episode 744
Memory usage at middle: 2242.875 MiB (Increase: 0.0 MiB)
Memory usage before collect: 2242.875 MiB (Increase: 0.0 MiB)
Memory usage after collect: 2242.875 MiB (Increase: 0.0 MiB)
Memory usage before initialization: 2242.875 MiB (Increase: 0.0 MiB)
Memory usage after initialization: 2242.875 MiB (Increase: 0.0 MiB)
Current lengths of episodes: [73, 72]
Memory usage at done (index 0, length 73, since_prev 73): 2242.875 MiB (Increase: 0.0 MiB)
Memory usage before reset: 2242.875 MiB (Increase: 0.0 MiB)
Memory usage after reset: 2242.875 MiB (Increase: 0.0 MiB)
Current lengths of episodes: [29, 102]
Memory usage at done (index 1, length 102, since_prev 29): 2242.875 MiB (Increase: 0.0 MiB)
Memory usage before reset: 2242.875 MiB (Increase: 0.0 MiB)
Memory usage after reset: 2242.875 MiB (Increase: 0.0 MiB)
Training episode 746
Memory usage at middle: 2242.875 MiB (Increase: 0.0 MiB)
Memory usage before collect: 2242.875 MiB (Increase: 0.0 MiB)
Memory usage after collect: 2242.875 MiB (Increase: 0.0 MiB)
Memory usage before initialization: 2242.875 MiB (Increase: 0.0 MiB)
Memory usage after initialization: 2242.875 MiB (Increase: 0.0 MiB)
Current lengths of episodes: [85, 85]
Memory usage at done (index 1, length 85, since_prev 85): 2242.875 MiB (Increase: 0.0 MiB)
Memory usage before reset: 2242.875 MiB (Increase: 0.0 MiB)
Memory usage after reset: 2242.875 MiB (Increase: 0.0 MiB)
Current lengths of episodes: [1600, 1514]
Memory usage at done (index 0, length 1600, since_prev 1515): 2242.875 MiB (Increase: 0.0 MiB)
Memory usage before reset: 2242.875 MiB (Increase: 0.0 MiB)
Memory usage after reset: 2242.875 MiB (Increase: 0.0 MiB)
Training episode 748
Memory usage at middle: 2242.875 MiB (Increase: 0.0 MiB)
Memory usage before collect: 2242.875 MiB (Increase: 0.0 MiB)
Memory usage after collect: 2242.875 MiB (Increase: 0.0 MiB)
Memory usage before initialization: 2242.875 MiB (Increase: 0.0 MiB)
Memory usage after initialization: 2242.875 MiB (Increase: 0.0 MiB)
Current lengths of episodes: [61, 61]
Memory usage at done (index 1, length 61, since_prev 61): 2242.875 MiB (Increase: 0.0 MiB)
Memory usage before reset: 2242.875 MiB (Increase: 0.0 MiB)
Memory usage after reset: 2242.875 MiB (Increase: 0.0 MiB)
Current lengths of episodes: [75, 13]
Memory usage at done (index 0, length 75, since_prev 14): 2242.875 MiB (Increase: 0.0 MiB)
Memory usage before reset: 2242.875 MiB (Increase: 0.0 MiB)
Memory usage after reset: 2242.875 MiB (Increase: 0.0 MiB)
Training episode 750
Memory usage at middle: 2242.875 MiB (Increase: 0.0 MiB)
Memory usage before collect: 2242.875 MiB (Increase: 0.0 MiB)
Memory usage after collect: 2242.875 MiB (Increase: 0.0 MiB)
Episode 750	Average evaluation: -22.28084960323782
Memory usage before initialization: 2242.875 MiB (Increase: 0.0 MiB)
Memory usage after initialization: 2242.875 MiB (Increase: 0.0 MiB)
Current lengths of episodes: [74, 74]
Memory usage at done (index 1, length 74, since_prev 74): 2242.875 MiB (Increase: 0.0 MiB)
Memory usage before reset: 2242.875 MiB (Increase: 0.0 MiB)
Memory usage after reset: 2242.875 MiB (Increase: 0.0 MiB)
Current lengths of episodes: [1600, 1525]
Memory usage at done (index 0, length 1600, since_prev 1526): 2242.875 MiB (Increase: 0.0 MiB)
Memory usage before reset: 2242.875 MiB (Increase: 0.0 MiB)
Memory usage after reset: 2242.875 MiB (Increase: 0.0 MiB)
Training episode 752
Memory usage at middle: 2242.875 MiB (Increase: 0.0 MiB)
Memory usage before collect: 2242.875 MiB (Increase: 0.0 MiB)
Memory usage after collect: 2242.875 MiB (Increase: 0.0 MiB)
Memory usage before initialization: 2242.875 MiB (Increase: 0.0 MiB)
Memory usage after initialization: 2242.875 MiB (Increase: 0.0 MiB)
Current lengths of episodes: [67, 66]
Memory usage at done (index 0, length 67, since_prev 67): 2242.875 MiB (Increase: 0.0 MiB)
Memory usage before reset: 2242.875 MiB (Increase: 0.0 MiB)
Memory usage after reset: 2242.875 MiB (Increase: 0.0 MiB)
Current lengths of episodes: [4, 71]
Memory usage at done (index 1, length 71, since_prev 4): 2242.875 MiB (Increase: 0.0 MiB)
Memory usage before reset: 2242.875 MiB (Increase: 0.0 MiB)
Memory usage after reset: 2242.875 MiB (Increase: 0.0 MiB)
Training episode 754
Memory usage at middle: 2242.875 MiB (Increase: 0.0 MiB)
Memory usage before collect: 2242.875 MiB (Increase: 0.0 MiB)
Memory usage after collect: 2242.875 MiB (Increase: 0.0 MiB)
Memory usage before initialization: 2242.875 MiB (Increase: 0.0 MiB)
Memory usage after initialization: 2242.875 MiB (Increase: 0.0 MiB)
Current lengths of episodes: [109, 108]
Memory usage at done (index 0, length 109, since_prev 109): 2242.875 MiB (Increase: 0.0 MiB)
Memory usage before reset: 2242.875 MiB (Increase: 0.0 MiB)
Memory usage after reset: 2242.875 MiB (Increase: 0.0 MiB)
Current lengths of episodes: [1491, 1600]
Memory usage at done (index 1, length 1600, since_prev 1491): 2242.875 MiB (Increase: 0.0 MiB)
Memory usage before reset: 2242.875 MiB (Increase: 0.0 MiB)
Memory usage after reset: 2242.875 MiB (Increase: 0.0 MiB)
Training episode 756
Memory usage at middle: 2242.875 MiB (Increase: 0.0 MiB)
Memory usage before collect: 2242.875 MiB (Increase: 0.0 MiB)
Memory usage after collect: 2242.875 MiB (Increase: 0.0 MiB)
Memory usage before initialization: 2242.875 MiB (Increase: 0.0 MiB)
Memory usage after initialization: 2242.875 MiB (Increase: 0.0 MiB)
Current lengths of episodes: [78, 78]
Memory usage at done (index 1, length 78, since_prev 78): 2242.875 MiB (Increase: 0.0 MiB)
Memory usage before reset: 2242.875 MiB (Increase: 0.0 MiB)
Memory usage after reset: 2242.875 MiB (Increase: 0.0 MiB)
Current lengths of episodes: [1600, 1521]
Memory usage at done (index 0, length 1600, since_prev 1522): 2242.875 MiB (Increase: 0.0 MiB)
Memory usage before reset: 2242.875 MiB (Increase: 0.0 MiB)
Memory usage after reset: 2242.875 MiB (Increase: 0.0 MiB)
Training episode 758
Memory usage at middle: 2242.875 MiB (Increase: 0.0 MiB)
Memory usage before collect: 2242.875 MiB (Increase: 0.0 MiB)
Memory usage after collect: 2242.875 MiB (Increase: 0.0 MiB)
Memory usage before initialization: 2242.875 MiB (Increase: 0.0 MiB)
Memory usage after initialization: 2242.875 MiB (Increase: 0.0 MiB)
Current lengths of episodes: [59, 59]
Memory usage at done (index 1, length 59, since_prev 59): 2242.875 MiB (Increase: 0.0 MiB)
Memory usage before reset: 2242.875 MiB (Increase: 0.0 MiB)
Memory usage after reset: 2242.875 MiB (Increase: 0.0 MiB)
Current lengths of episodes: [1600, 1540]
Memory usage at done (index 0, length 1600, since_prev 1541): 2242.875 MiB (Increase: 0.0 MiB)
Memory usage before reset: 2242.875 MiB (Increase: 0.0 MiB)
Memory usage after reset: 2242.875 MiB (Increase: 0.0 MiB)
Training episode 760
Memory usage at middle: 2242.875 MiB (Increase: 0.0 MiB)
Memory usage before collect: 2242.875 MiB (Increase: 0.0 MiB)
Memory usage after collect: 2242.875 MiB (Increase: 0.0 MiB)
Memory usage before initialization: 2242.875 MiB (Increase: 0.0 MiB)
Memory usage after initialization: 2242.875 MiB (Increase: 0.0 MiB)
Current lengths of episodes: [57, 56]
Memory usage at done (index 0, length 57, since_prev 57): 2242.875 MiB (Increase: 0.0 MiB)
Memory usage before reset: 2242.875 MiB (Increase: 0.0 MiB)
Memory usage after reset: 2242.875 MiB (Increase: 0.0 MiB)
Current lengths of episodes: [64, 120]
Memory usage at done (index 0, length 64, since_prev 64): 2242.875 MiB (Increase: 0.0 MiB)
Memory usage before reset: 2242.875 MiB (Increase: 0.0 MiB)
Memory usage after reset: 2242.875 MiB (Increase: 0.0 MiB)
Training episode 762
Memory usage at middle: 2242.875 MiB (Increase: 0.0 MiB)
Memory usage before collect: 2242.875 MiB (Increase: 0.0 MiB)
Memory usage after collect: 2242.875 MiB (Increase: 0.0 MiB)
Memory usage before initialization: 2242.875 MiB (Increase: 0.0 MiB)
Memory usage after initialization: 2242.875 MiB (Increase: 0.0 MiB)
Current lengths of episodes: [50, 50]
Memory usage at done (index 1, length 50, since_prev 50): 2242.875 MiB (Increase: 0.0 MiB)
Memory usage before reset: 2242.875 MiB (Increase: 0.0 MiB)
Memory usage after reset: 2242.875 MiB (Increase: 0.0 MiB)
Current lengths of episodes: [56, 5]
Memory usage at done (index 0, length 56, since_prev 6): 2242.875 MiB (Increase: 0.0 MiB)
Memory usage before reset: 2242.875 MiB (Increase: 0.0 MiB)
Memory usage after reset: 2242.875 MiB (Increase: 0.0 MiB)
Training episode 764
Memory usage at middle: 2242.875 MiB (Increase: 0.0 MiB)
Memory usage before collect: 2242.875 MiB (Increase: 0.0 MiB)
Memory usage after collect: 2242.875 MiB (Increase: 0.0 MiB)
Memory usage before initialization: 2242.875 MiB (Increase: 0.0 MiB)
Memory usage after initialization: 2242.875 MiB (Increase: 0.0 MiB)
Current lengths of episodes: [56, 56]
Memory usage at done (index 1, length 56, since_prev 56): 2242.875 MiB (Increase: 0.0 MiB)
Memory usage before reset: 2242.875 MiB (Increase: 0.0 MiB)
Memory usage after reset: 2242.875 MiB (Increase: 0.0 MiB)
Current lengths of episodes: [67, 10]
Memory usage at done (index 0, length 67, since_prev 11): 2242.875 MiB (Increase: 0.0 MiB)
Memory usage before reset: 2242.875 MiB (Increase: 0.0 MiB)
Memory usage after reset: 2242.875 MiB (Increase: 0.0 MiB)
Training episode 766
Memory usage at middle: 2242.875 MiB (Increase: 0.0 MiB)
Memory usage before collect: 2242.875 MiB (Increase: 0.0 MiB)
Memory usage after collect: 2242.875 MiB (Increase: 0.0 MiB)
Memory usage before initialization: 2242.875 MiB (Increase: 0.0 MiB)
Memory usage after initialization: 2242.875 MiB (Increase: 0.0 MiB)
Current lengths of episodes: [83, 83]
Memory usage at done (index 1, length 83, since_prev 83): 2242.875 MiB (Increase: 0.0 MiB)
Memory usage before reset: 2242.875 MiB (Increase: 0.0 MiB)
Memory usage after reset: 2242.875 MiB (Increase: 0.0 MiB)
Current lengths of episodes: [120, 37]
Memory usage at done (index 1, length 37, since_prev 37): 2242.875 MiB (Increase: 0.0 MiB)
Memory usage before reset: 2242.875 MiB (Increase: 0.0 MiB)
Memory usage after reset: 2242.875 MiB (Increase: 0.0 MiB)
Training episode 768
Memory usage at middle: 2242.875 MiB (Increase: 0.0 MiB)
Memory usage before collect: 2242.875 MiB (Increase: 0.0 MiB)
Memory usage after collect: 2242.875 MiB (Increase: 0.0 MiB)
Memory usage before initialization: 2242.875 MiB (Increase: 0.0 MiB)
Memory usage after initialization: 2242.875 MiB (Increase: 0.0 MiB)
Current lengths of episodes: [1600, 1599]
Memory usage at done (index 0, length 1600, since_prev 1600): 2242.875 MiB (Increase: 0.0 MiB)
Memory usage before reset: 2242.875 MiB (Increase: 0.0 MiB)
Memory usage after reset: 2242.875 MiB (Increase: 0.0 MiB)
Current lengths of episodes: [0, 1600]
Memory usage at done (index 1, length 1600, since_prev 0): 2242.875 MiB (Increase: 0.0 MiB)
Memory usage before reset: 2242.875 MiB (Increase: 0.0 MiB)
Memory usage after reset: 2242.875 MiB (Increase: 0.0 MiB)
Training episode 770
Memory usage at middle: 2242.875 MiB (Increase: 0.0 MiB)
Memory usage before collect: 2242.875 MiB (Increase: 0.0 MiB)
Memory usage after collect: 2242.875 MiB (Increase: 0.0 MiB)
Memory usage before initialization: 2242.875 MiB (Increase: 0.0 MiB)
Memory usage after initialization: 2242.875 MiB (Increase: 0.0 MiB)
Current lengths of episodes: [1600, 1599]
Memory usage at done (index 0, length 1600, since_prev 1600): 2242.875 MiB (Increase: 0.0 MiB)
Memory usage before reset: 2242.875 MiB (Increase: 0.0 MiB)
Memory usage after reset: 2242.875 MiB (Increase: 0.0 MiB)
Current lengths of episodes: [0, 1600]
Memory usage at done (index 1, length 1600, since_prev 0): 2242.875 MiB (Increase: 0.0 MiB)
Memory usage before reset: 2242.875 MiB (Increase: 0.0 MiB)
Memory usage after reset: 2242.875 MiB (Increase: 0.0 MiB)
Training episode 772
Memory usage at middle: 2242.875 MiB (Increase: 0.0 MiB)
Memory usage before collect: 2242.875 MiB (Increase: 0.0 MiB)
Memory usage after collect: 2242.875 MiB (Increase: 0.0 MiB)
Memory usage before initialization: 2242.875 MiB (Increase: 0.0 MiB)
Memory usage after initialization: 2242.875 MiB (Increase: 0.0 MiB)
Current lengths of episodes: [1600, 1599]
Memory usage at done (index 0, length 1600, since_prev 1600): 2242.875 MiB (Increase: 0.0 MiB)
Memory usage before reset: 2242.875 MiB (Increase: 0.0 MiB)
Memory usage after reset: 2242.875 MiB (Increase: 0.0 MiB)
Current lengths of episodes: [0, 1600]
Memory usage at done (index 1, length 1600, since_prev 0): 2242.875 MiB (Increase: 0.0 MiB)
Memory usage before reset: 2242.875 MiB (Increase: 0.0 MiB)
Memory usage after reset: 2242.875 MiB (Increase: 0.0 MiB)
Training episode 774
Memory usage at middle: 2242.875 MiB (Increase: 0.0 MiB)
Memory usage before collect: 2242.875 MiB (Increase: 0.0 MiB)
Memory usage after collect: 2242.875 MiB (Increase: 0.0 MiB)
Memory usage before initialization: 2242.875 MiB (Increase: 0.0 MiB)
Memory usage after initialization: 2242.875 MiB (Increase: 0.0 MiB)
Current lengths of episodes: [1600, 1599]
Memory usage at done (index 0, length 1600, since_prev 1600): 2242.875 MiB (Increase: 0.0 MiB)
Memory usage before reset: 2242.875 MiB (Increase: 0.0 MiB)
Memory usage after reset: 2242.875 MiB (Increase: 0.0 MiB)
Current lengths of episodes: [0, 1600]
Memory usage at done (index 1, length 1600, since_prev 0): 2242.875 MiB (Increase: 0.0 MiB)
Memory usage before reset: 2242.875 MiB (Increase: 0.0 MiB)
Memory usage after reset: 2242.875 MiB (Increase: 0.0 MiB)
Training episode 776
Memory usage at middle: 2242.875 MiB (Increase: 0.0 MiB)
Memory usage before collect: 2242.875 MiB (Increase: 0.0 MiB)
Memory usage after collect: 2242.875 MiB (Increase: 0.0 MiB)
Memory usage before initialization: 2242.875 MiB (Increase: 0.0 MiB)
Memory usage after initialization: 2242.875 MiB (Increase: 0.0 MiB)
Current lengths of episodes: [86, 85]
Memory usage at done (index 0, length 86, since_prev 86): 2242.875 MiB (Increase: 0.0 MiB)
Memory usage before reset: 2242.875 MiB (Increase: 0.0 MiB)
Memory usage after reset: 2242.875 MiB (Increase: 0.0 MiB)
Current lengths of episodes: [1514, 1600]
Memory usage at done (index 1, length 1600, since_prev 1514): 2242.875 MiB (Increase: 0.0 MiB)
Memory usage before reset: 2242.875 MiB (Increase: 0.0 MiB)
Memory usage after reset: 2242.875 MiB (Increase: 0.0 MiB)
Training episode 778
Memory usage at middle: 2242.875 MiB (Increase: 0.0 MiB)
Memory usage before collect: 2242.875 MiB (Increase: 0.0 MiB)
Memory usage after collect: 2242.875 MiB (Increase: 0.0 MiB)
Memory usage before initialization: 2242.875 MiB (Increase: 0.0 MiB)
Memory usage after initialization: 2242.875 MiB (Increase: 0.0 MiB)
Current lengths of episodes: [51, 50]
Memory usage at done (index 0, length 51, since_prev 51): 2242.875 MiB (Increase: 0.0 MiB)
Memory usage before reset: 2242.875 MiB (Increase: 0.0 MiB)
Memory usage after reset: 2242.875 MiB (Increase: 0.0 MiB)
Current lengths of episodes: [70, 120]
Memory usage at done (index 0, length 70, since_prev 70): 2242.875 MiB (Increase: 0.0 MiB)
Memory usage before reset: 2242.875 MiB (Increase: 0.0 MiB)
Memory usage after reset: 2242.875 MiB (Increase: 0.0 MiB)
Training episode 780
Memory usage at middle: 2242.875 MiB (Increase: 0.0 MiB)
Memory usage before collect: 2242.875 MiB (Increase: 0.0 MiB)
Memory usage after collect: 2242.875 MiB (Increase: 0.0 MiB)
Memory usage before initialization: 2242.875 MiB (Increase: 0.0 MiB)
Memory usage after initialization: 2242.875 MiB (Increase: 0.0 MiB)
Current lengths of episodes: [57, 56]
Memory usage at done (index 0, length 57, since_prev 57): 2242.875 MiB (Increase: 0.0 MiB)
Memory usage before reset: 2242.875 MiB (Increase: 0.0 MiB)
Memory usage after reset: 2242.875 MiB (Increase: 0.0 MiB)
Current lengths of episodes: [68, 124]
Memory usage at done (index 0, length 68, since_prev 68): 2242.875 MiB (Increase: 0.0 MiB)
Memory usage before reset: 2242.875 MiB (Increase: 0.0 MiB)
Memory usage after reset: 2242.875 MiB (Increase: 0.0 MiB)
Training episode 782
Memory usage at middle: 2242.875 MiB (Increase: 0.0 MiB)
Memory usage before collect: 2242.875 MiB (Increase: 0.0 MiB)
Memory usage after collect: 2242.875 MiB (Increase: 0.0 MiB)
Memory usage before initialization: 2242.875 MiB (Increase: 0.0 MiB)
Memory usage after initialization: 2242.875 MiB (Increase: 0.0 MiB)
Current lengths of episodes: [58, 58]
Memory usage at done (index 1, length 58, since_prev 58): 2242.875 MiB (Increase: 0.0 MiB)
Memory usage before reset: 2242.875 MiB (Increase: 0.0 MiB)
Memory usage after reset: 2242.875 MiB (Increase: 0.0 MiB)
Current lengths of episodes: [110, 52]
Memory usage at done (index 1, length 52, since_prev 52): 2242.875 MiB (Increase: 0.0 MiB)
Memory usage before reset: 2242.875 MiB (Increase: 0.0 MiB)
Memory usage after reset: 2242.875 MiB (Increase: 0.0 MiB)
Training episode 784
Memory usage at middle: 2242.875 MiB (Increase: 0.0 MiB)
Memory usage before collect: 2242.875 MiB (Increase: 0.0 MiB)
Memory usage after collect: 2242.875 MiB (Increase: 0.0 MiB)
Memory usage before initialization: 2242.875 MiB (Increase: 0.0 MiB)
Memory usage after initialization: 2242.875 MiB (Increase: 0.0 MiB)
Current lengths of episodes: [1600, 1599]
Memory usage at done (index 0, length 1600, since_prev 1600): 2242.875 MiB (Increase: 0.0 MiB)
Memory usage before reset: 2242.875 MiB (Increase: 0.0 MiB)
Memory usage after reset: 2242.875 MiB (Increase: 0.0 MiB)
Current lengths of episodes: [0, 1600]
Memory usage at done (index 1, length 1600, since_prev 0): 2242.875 MiB (Increase: 0.0 MiB)
Memory usage before reset: 2242.875 MiB (Increase: 0.0 MiB)
Memory usage after reset: 2242.875 MiB (Increase: 0.0 MiB)
Training episode 786
Memory usage at middle: 2242.875 MiB (Increase: 0.0 MiB)
Memory usage before collect: 2242.875 MiB (Increase: 0.0 MiB)
Memory usage after collect: 2242.875 MiB (Increase: 0.0 MiB)
Memory usage before initialization: 2242.875 MiB (Increase: 0.0 MiB)
Memory usage after initialization: 2242.875 MiB (Increase: 0.0 MiB)
Current lengths of episodes: [57, 57]
Memory usage at done (index 1, length 57, since_prev 57): 2242.875 MiB (Increase: 0.0 MiB)
Memory usage before reset: 2242.875 MiB (Increase: 0.0 MiB)
Memory usage after reset: 2242.875 MiB (Increase: 0.0 MiB)
Current lengths of episodes: [65, 7]
Memory usage at done (index 0, length 65, since_prev 8): 2242.875 MiB (Increase: 0.0 MiB)
Memory usage before reset: 2242.875 MiB (Increase: 0.0 MiB)
Memory usage after reset: 2242.875 MiB (Increase: 0.0 MiB)
Training episode 788
Memory usage at middle: 2242.875 MiB (Increase: 0.0 MiB)
Memory usage before collect: 2242.875 MiB (Increase: 0.0 MiB)
Memory usage after collect: 2242.875 MiB (Increase: 0.0 MiB)
Memory usage before initialization: 2242.875 MiB (Increase: 0.0 MiB)
Memory usage after initialization: 2242.875 MiB (Increase: 0.0 MiB)
Current lengths of episodes: [67, 66]
Memory usage at done (index 0, length 67, since_prev 67): 2242.875 MiB (Increase: 0.0 MiB)
Memory usage before reset: 2242.875 MiB (Increase: 0.0 MiB)
Memory usage after reset: 2242.875 MiB (Increase: 0.0 MiB)
Current lengths of episodes: [1533, 1600]
Memory usage at done (index 1, length 1600, since_prev 1533): 2242.875 MiB (Increase: 0.0 MiB)
Memory usage before reset: 2242.875 MiB (Increase: 0.0 MiB)
Memory usage after reset: 2242.875 MiB (Increase: 0.0 MiB)
Training episode 790
Memory usage at middle: 2242.875 MiB (Increase: 0.0 MiB)
Memory usage before collect: 2242.875 MiB (Increase: 0.0 MiB)
Memory usage after collect: 2242.875 MiB (Increase: 0.0 MiB)
Memory usage before initialization: 2242.875 MiB (Increase: 0.0 MiB)
Memory usage after initialization: 2242.875 MiB (Increase: 0.0 MiB)
Current lengths of episodes: [1600, 1599]
Memory usage at done (index 0, length 1600, since_prev 1600): 2242.875 MiB (Increase: 0.0 MiB)
Memory usage before reset: 2242.875 MiB (Increase: 0.0 MiB)
Memory usage after reset: 2242.875 MiB (Increase: 0.0 MiB)
Current lengths of episodes: [0, 1600]
Memory usage at done (index 1, length 1600, since_prev 0): 2242.875 MiB (Increase: 0.0 MiB)
Memory usage before reset: 2242.875 MiB (Increase: 0.0 MiB)
Memory usage after reset: 2242.875 MiB (Increase: 0.0 MiB)
Training episode 792
Memory usage at middle: 2242.875 MiB (Increase: 0.0 MiB)
Memory usage before collect: 2242.875 MiB (Increase: 0.0 MiB)
Memory usage after collect: 2242.875 MiB (Increase: 0.0 MiB)
Memory usage before initialization: 2242.875 MiB (Increase: 0.0 MiB)
Memory usage after initialization: 2242.875 MiB (Increase: 0.0 MiB)
Current lengths of episodes: [1600, 1599]
Memory usage at done (index 0, length 1600, since_prev 1600): 2242.875 MiB (Increase: 0.0 MiB)
Memory usage before reset: 2242.875 MiB (Increase: 0.0 MiB)
Memory usage after reset: 2242.875 MiB (Increase: 0.0 MiB)
Current lengths of episodes: [0, 1600]
Memory usage at done (index 1, length 1600, since_prev 0): 2242.875 MiB (Increase: 0.0 MiB)
Memory usage before reset: 2242.875 MiB (Increase: 0.0 MiB)
Memory usage after reset: 2242.875 MiB (Increase: 0.0 MiB)
Training episode 794
Memory usage at middle: 2242.875 MiB (Increase: 0.0 MiB)
Memory usage before collect: 2242.875 MiB (Increase: 0.0 MiB)
Memory usage after collect: 2242.875 MiB (Increase: 0.0 MiB)
Memory usage before initialization: 2242.875 MiB (Increase: 0.0 MiB)
Memory usage after initialization: 2242.875 MiB (Increase: 0.0 MiB)
Current lengths of episodes: [75, 74]
Memory usage at done (index 0, length 75, since_prev 75): 2242.875 MiB (Increase: 0.0 MiB)
Memory usage before reset: 2242.875 MiB (Increase: 0.0 MiB)
Memory usage after reset: 2242.875 MiB (Increase: 0.0 MiB)
Current lengths of episodes: [67, 141]
Memory usage at done (index 0, length 67, since_prev 67): 2242.875 MiB (Increase: 0.0 MiB)
Memory usage before reset: 2242.875 MiB (Increase: 0.0 MiB)
Memory usage after reset: 2242.875 MiB (Increase: 0.0 MiB)
Training episode 796
Memory usage at middle: 2242.875 MiB (Increase: 0.0 MiB)
Memory usage before collect: 2242.875 MiB (Increase: 0.0 MiB)
Memory usage after collect: 2242.875 MiB (Increase: 0.0 MiB)
Memory usage before initialization: 2242.875 MiB (Increase: 0.0 MiB)
Memory usage after initialization: 2242.875 MiB (Increase: 0.0 MiB)
Current lengths of episodes: [1600, 1599]
Memory usage at done (index 0, length 1600, since_prev 1600): 2242.875 MiB (Increase: 0.0 MiB)
Memory usage before reset: 2242.875 MiB (Increase: 0.0 MiB)
Memory usage after reset: 2242.875 MiB (Increase: 0.0 MiB)
Current lengths of episodes: [0, 1600]
Memory usage at done (index 1, length 1600, since_prev 0): 2242.875 MiB (Increase: 0.0 MiB)
Memory usage before reset: 2242.875 MiB (Increase: 0.0 MiB)
Memory usage after reset: 2242.875 MiB (Increase: 0.0 MiB)
Training episode 798
Memory usage at middle: 2242.875 MiB (Increase: 0.0 MiB)
Memory usage before collect: 2242.875 MiB (Increase: 0.0 MiB)
Memory usage after collect: 2242.875 MiB (Increase: 0.0 MiB)
Memory usage before initialization: 2242.875 MiB (Increase: 0.0 MiB)
Memory usage after initialization: 2242.875 MiB (Increase: 0.0 MiB)
Current lengths of episodes: [66, 65]
Memory usage at done (index 0, length 66, since_prev 66): 2242.875 MiB (Increase: 0.0 MiB)
Memory usage before reset: 2242.875 MiB (Increase: 0.0 MiB)
Memory usage after reset: 2242.875 MiB (Increase: 0.0 MiB)
Current lengths of episodes: [14, 80]
Memory usage at done (index 1, length 80, since_prev 14): 2242.875 MiB (Increase: 0.0 MiB)
Memory usage before reset: 2242.875 MiB (Increase: 0.0 MiB)
Memory usage after reset: 2242.875 MiB (Increase: 0.0 MiB)
Training episode 800
Memory usage at middle: 2242.875 MiB (Increase: 0.0 MiB)
Memory usage before collect: 2242.875 MiB (Increase: 0.0 MiB)
Memory usage after collect: 2242.875 MiB (Increase: 0.0 MiB)
Episode 800	Average evaluation: -22.656492888500413
Memory usage before initialization: 2242.875 MiB (Increase: 0.0 MiB)
Memory usage after initialization: 2242.875 MiB (Increase: 0.0 MiB)
Current lengths of episodes: [51, 50]
Memory usage at done (index 0, length 51, since_prev 51): 2242.875 MiB (Increase: 0.0 MiB)
Memory usage before reset: 2242.875 MiB (Increase: 0.0 MiB)
Memory usage after reset: 2242.875 MiB (Increase: 0.0 MiB)
Current lengths of episodes: [4, 55]
Memory usage at done (index 1, length 55, since_prev 4): 2242.875 MiB (Increase: 0.0 MiB)
Memory usage before reset: 2242.875 MiB (Increase: 0.0 MiB)
Memory usage after reset: 2242.875 MiB (Increase: 0.0 MiB)
Training episode 802
Memory usage at middle: 2242.875 MiB (Increase: 0.0 MiB)
Memory usage before collect: 2242.875 MiB (Increase: 0.0 MiB)
Memory usage after collect: 2242.875 MiB (Increase: 0.0 MiB)
Memory usage before initialization: 2242.875 MiB (Increase: 0.0 MiB)
Memory usage after initialization: 2242.875 MiB (Increase: 0.0 MiB)
Current lengths of episodes: [1600, 1599]
Memory usage at done (index 0, length 1600, since_prev 1600): 2242.875 MiB (Increase: 0.0 MiB)
Memory usage before reset: 2242.875 MiB (Increase: 0.0 MiB)
Memory usage after reset: 2242.875 MiB (Increase: 0.0 MiB)
Current lengths of episodes: [0, 1600]
Memory usage at done (index 1, length 1600, since_prev 0): 2242.875 MiB (Increase: 0.0 MiB)
Memory usage before reset: 2242.875 MiB (Increase: 0.0 MiB)
Memory usage after reset: 2242.875 MiB (Increase: 0.0 MiB)
Training episode 804
Memory usage at middle: 2242.875 MiB (Increase: 0.0 MiB)
Memory usage before collect: 2242.875 MiB (Increase: 0.0 MiB)
Memory usage after collect: 2242.875 MiB (Increase: 0.0 MiB)
Memory usage before initialization: 2242.875 MiB (Increase: 0.0 MiB)
Memory usage after initialization: 2242.875 MiB (Increase: 0.0 MiB)
Current lengths of episodes: [98, 98]
Memory usage at done (index 1, length 98, since_prev 98): 2242.875 MiB (Increase: 0.0 MiB)
Memory usage before reset: 2242.875 MiB (Increase: 0.0 MiB)
Memory usage after reset: 2242.875 MiB (Increase: 0.0 MiB)
Current lengths of episodes: [1600, 1501]
Memory usage at done (index 0, length 1600, since_prev 1502): 2242.875 MiB (Increase: 0.0 MiB)
Memory usage before reset: 2242.875 MiB (Increase: 0.0 MiB)
Memory usage after reset: 2242.875 MiB (Increase: 0.0 MiB)
Training episode 806
Memory usage at middle: 2242.875 MiB (Increase: 0.0 MiB)
Memory usage before collect: 2242.875 MiB (Increase: 0.0 MiB)
Memory usage after collect: 2242.875 MiB (Increase: 0.0 MiB)
Memory usage before initialization: 2242.875 MiB (Increase: 0.0 MiB)
Memory usage after initialization: 2242.875 MiB (Increase: 0.0 MiB)
Current lengths of episodes: [62, 62]
Memory usage at done (index 1, length 62, since_prev 62): 2242.875 MiB (Increase: 0.0 MiB)
Memory usage before reset: 2242.875 MiB (Increase: 0.0 MiB)
Memory usage after reset: 2242.875 MiB (Increase: 0.0 MiB)
Current lengths of episodes: [123, 61]
Memory usage at done (index 1, length 61, since_prev 61): 2242.875 MiB (Increase: 0.0 MiB)
Memory usage before reset: 2242.875 MiB (Increase: 0.0 MiB)
Memory usage after reset: 2242.875 MiB (Increase: 0.0 MiB)
Training episode 808
Memory usage at middle: 2242.875 MiB (Increase: 0.0 MiB)
Memory usage before collect: 2242.875 MiB (Increase: 0.0 MiB)
Memory usage after collect: 2242.875 MiB (Increase: 0.0 MiB)
Memory usage before initialization: 2242.875 MiB (Increase: 0.0 MiB)
Memory usage after initialization: 2242.875 MiB (Increase: 0.0 MiB)
Current lengths of episodes: [86, 86]
Memory usage at done (index 1, length 86, since_prev 86): 2242.875 MiB (Increase: 0.0 MiB)
Memory usage before reset: 2242.875 MiB (Increase: 0.0 MiB)
Memory usage after reset: 2242.875 MiB (Increase: 0.0 MiB)
Current lengths of episodes: [1600, 1513]
Memory usage at done (index 0, length 1600, since_prev 1514): 2242.875 MiB (Increase: 0.0 MiB)
Memory usage before reset: 2242.875 MiB (Increase: 0.0 MiB)
Memory usage after reset: 2242.875 MiB (Increase: 0.0 MiB)
Training episode 810
Memory usage at middle: 2242.875 MiB (Increase: 0.0 MiB)
Memory usage before collect: 2242.875 MiB (Increase: 0.0 MiB)
Memory usage after collect: 2242.875 MiB (Increase: 0.0 MiB)
Memory usage before initialization: 2242.875 MiB (Increase: 0.0 MiB)
Memory usage after initialization: 2242.875 MiB (Increase: 0.0 MiB)
Current lengths of episodes: [71, 70]
Memory usage at done (index 0, length 71, since_prev 71): 2242.875 MiB (Increase: 0.0 MiB)
Memory usage before reset: 2242.875 MiB (Increase: 0.0 MiB)
Memory usage after reset: 2242.875 MiB (Increase: 0.0 MiB)
Current lengths of episodes: [19, 90]
Memory usage at done (index 1, length 90, since_prev 19): 2242.875 MiB (Increase: 0.0 MiB)
Memory usage before reset: 2242.875 MiB (Increase: 0.0 MiB)
Memory usage after reset: 2242.875 MiB (Increase: 0.0 MiB)
Training episode 812
Memory usage at middle: 2242.875 MiB (Increase: 0.0 MiB)
Memory usage before collect: 2242.875 MiB (Increase: 0.0 MiB)
Memory usage after collect: 2242.875 MiB (Increase: 0.0 MiB)
Memory usage before initialization: 2242.875 MiB (Increase: 0.0 MiB)
Memory usage after initialization: 2242.875 MiB (Increase: 0.0 MiB)
Current lengths of episodes: [1600, 1599]
Memory usage at done (index 0, length 1600, since_prev 1600): 2242.875 MiB (Increase: 0.0 MiB)
Memory usage before reset: 2242.875 MiB (Increase: 0.0 MiB)
Memory usage after reset: 2242.875 MiB (Increase: 0.0 MiB)
Current lengths of episodes: [0, 1600]
Memory usage at done (index 1, length 1600, since_prev 0): 2242.875 MiB (Increase: 0.0 MiB)
Memory usage before reset: 2242.875 MiB (Increase: 0.0 MiB)
Memory usage after reset: 2242.875 MiB (Increase: 0.0 MiB)
Training episode 814
Memory usage at middle: 2242.875 MiB (Increase: 0.0 MiB)
Memory usage before collect: 2242.875 MiB (Increase: 0.0 MiB)
Memory usage after collect: 2242.875 MiB (Increase: 0.0 MiB)
Memory usage before initialization: 2242.875 MiB (Increase: 0.0 MiB)
Memory usage after initialization: 2242.875 MiB (Increase: 0.0 MiB)
Current lengths of episodes: [67, 67]
Memory usage at done (index 1, length 67, since_prev 67): 2242.875 MiB (Increase: 0.0 MiB)
Memory usage before reset: 2242.875 MiB (Increase: 0.0 MiB)
Memory usage after reset: 2242.875 MiB (Increase: 0.0 MiB)
Current lengths of episodes: [1600, 1532]
Memory usage at done (index 0, length 1600, since_prev 1533): 2242.875 MiB (Increase: 0.0 MiB)
Memory usage before reset: 2242.875 MiB (Increase: 0.0 MiB)
Memory usage after reset: 2242.875 MiB (Increase: 0.0 MiB)
Training episode 816
Memory usage at middle: 2242.875 MiB (Increase: 0.0 MiB)
Memory usage before collect: 2242.875 MiB (Increase: 0.0 MiB)
Memory usage after collect: 2242.875 MiB (Increase: 0.0 MiB)
Memory usage before initialization: 2242.875 MiB (Increase: 0.0 MiB)
Memory usage after initialization: 2242.875 MiB (Increase: 0.0 MiB)
Current lengths of episodes: [1600, 1599]
Memory usage at done (index 0, length 1600, since_prev 1600): 2242.875 MiB (Increase: 0.0 MiB)
Memory usage before reset: 2242.875 MiB (Increase: 0.0 MiB)
Memory usage after reset: 2242.875 MiB (Increase: 0.0 MiB)
Current lengths of episodes: [0, 1600]
Memory usage at done (index 1, length 1600, since_prev 0): 2242.875 MiB (Increase: 0.0 MiB)
Memory usage before reset: 2242.875 MiB (Increase: 0.0 MiB)
Memory usage after reset: 2242.875 MiB (Increase: 0.0 MiB)
Training episode 818
Memory usage at middle: 2242.875 MiB (Increase: 0.0 MiB)
Memory usage before collect: 2242.875 MiB (Increase: 0.0 MiB)
Memory usage after collect: 2242.875 MiB (Increase: 0.0 MiB)
Memory usage before initialization: 2242.875 MiB (Increase: 0.0 MiB)
Memory usage after initialization: 2242.875 MiB (Increase: 0.0 MiB)
Current lengths of episodes: [1600, 1599]
Memory usage at done (index 0, length 1600, since_prev 1600): 2242.875 MiB (Increase: 0.0 MiB)
Memory usage before reset: 2242.875 MiB (Increase: 0.0 MiB)
Memory usage after reset: 2242.875 MiB (Increase: 0.0 MiB)
Current lengths of episodes: [0, 1600]
Memory usage at done (index 1, length 1600, since_prev 0): 2242.875 MiB (Increase: 0.0 MiB)
Memory usage before reset: 2242.875 MiB (Increase: 0.0 MiB)
Memory usage after reset: 2242.875 MiB (Increase: 0.0 MiB)
Training episode 820
Memory usage at middle: 2242.875 MiB (Increase: 0.0 MiB)
Memory usage before collect: 2242.875 MiB (Increase: 0.0 MiB)
Memory usage after collect: 2242.875 MiB (Increase: 0.0 MiB)
Memory usage before initialization: 2242.875 MiB (Increase: 0.0 MiB)
Memory usage after initialization: 2242.875 MiB (Increase: 0.0 MiB)
Current lengths of episodes: [67, 67]
Memory usage at done (index 1, length 67, since_prev 67): 2242.875 MiB (Increase: 0.0 MiB)
Memory usage before reset: 2242.875 MiB (Increase: 0.0 MiB)
Memory usage after reset: 2242.875 MiB (Increase: 0.0 MiB)
Current lengths of episodes: [87, 19]
Memory usage at done (index 0, length 87, since_prev 20): 2242.875 MiB (Increase: 0.0 MiB)
Memory usage before reset: 2242.875 MiB (Increase: 0.0 MiB)
Memory usage after reset: 2242.875 MiB (Increase: 0.0 MiB)
Training episode 822
Memory usage at middle: 2242.875 MiB (Increase: 0.0 MiB)
Memory usage before collect: 2242.875 MiB (Increase: 0.0 MiB)
Memory usage after collect: 2242.875 MiB (Increase: 0.0 MiB)
Memory usage before initialization: 2242.875 MiB (Increase: 0.0 MiB)
Memory usage after initialization: 2242.875 MiB (Increase: 0.0 MiB)
Current lengths of episodes: [53, 53]
Memory usage at done (index 1, length 53, since_prev 53): 2242.875 MiB (Increase: 0.0 MiB)
Memory usage before reset: 2242.875 MiB (Increase: 0.0 MiB)
Memory usage after reset: 2242.875 MiB (Increase: 0.0 MiB)
Current lengths of episodes: [1600, 1546]
Memory usage at done (index 0, length 1600, since_prev 1547): 2242.875 MiB (Increase: 0.0 MiB)
Memory usage before reset: 2242.875 MiB (Increase: 0.0 MiB)
Memory usage after reset: 2242.875 MiB (Increase: 0.0 MiB)
Training episode 824
Memory usage at middle: 2242.875 MiB (Increase: 0.0 MiB)
Memory usage before collect: 2242.875 MiB (Increase: 0.0 MiB)
Memory usage after collect: 2242.875 MiB (Increase: 0.0 MiB)
Memory usage before initialization: 2242.875 MiB (Increase: 0.0 MiB)
Memory usage after initialization: 2242.875 MiB (Increase: 0.0 MiB)
Current lengths of episodes: [102, 102]
Memory usage at done (index 1, length 102, since_prev 102): 2242.875 MiB (Increase: 0.0 MiB)
Memory usage before reset: 2242.875 MiB (Increase: 0.0 MiB)
Memory usage after reset: 2242.875 MiB (Increase: 0.0 MiB)
Current lengths of episodes: [199, 97]
Memory usage at done (index 1, length 97, since_prev 97): 2242.875 MiB (Increase: 0.0 MiB)
Memory usage before reset: 2242.875 MiB (Increase: 0.0 MiB)
Memory usage after reset: 2242.875 MiB (Increase: 0.0 MiB)
Training episode 826
Memory usage at middle: 2242.875 MiB (Increase: 0.0 MiB)
Memory usage before collect: 2242.875 MiB (Increase: 0.0 MiB)
Memory usage after collect: 2242.875 MiB (Increase: 0.0 MiB)
Memory usage before initialization: 2242.875 MiB (Increase: 0.0 MiB)
Memory usage after initialization: 2242.875 MiB (Increase: 0.0 MiB)
Current lengths of episodes: [57, 56]
Memory usage at done (index 0, length 57, since_prev 57): 2242.875 MiB (Increase: 0.0 MiB)
Memory usage before reset: 2242.875 MiB (Increase: 0.0 MiB)
Memory usage after reset: 2242.875 MiB (Increase: 0.0 MiB)
Current lengths of episodes: [64, 120]
Memory usage at done (index 0, length 64, since_prev 64): 2242.875 MiB (Increase: 0.0 MiB)
Memory usage before reset: 2242.875 MiB (Increase: 0.0 MiB)
Memory usage after reset: 2242.875 MiB (Increase: 0.0 MiB)
Training episode 828
Memory usage at middle: 2242.875 MiB (Increase: 0.0 MiB)
Memory usage before collect: 2242.875 MiB (Increase: 0.0 MiB)
Memory usage after collect: 2242.875 MiB (Increase: 0.0 MiB)
Memory usage before initialization: 2242.875 MiB (Increase: 0.0 MiB)
Memory usage after initialization: 2242.875 MiB (Increase: 0.0 MiB)
Current lengths of episodes: [1600, 1599]
Memory usage at done (index 0, length 1600, since_prev 1600): 2242.875 MiB (Increase: 0.0 MiB)
Memory usage before reset: 2242.875 MiB (Increase: 0.0 MiB)
Memory usage after reset: 2242.875 MiB (Increase: 0.0 MiB)
Current lengths of episodes: [0, 1600]
Memory usage at done (index 1, length 1600, since_prev 0): 2242.875 MiB (Increase: 0.0 MiB)
Memory usage before reset: 2242.875 MiB (Increase: 0.0 MiB)
Memory usage after reset: 2242.875 MiB (Increase: 0.0 MiB)
Training episode 830
Memory usage at middle: 2242.875 MiB (Increase: 0.0 MiB)
Memory usage before collect: 2242.875 MiB (Increase: 0.0 MiB)
Memory usage after collect: 2242.875 MiB (Increase: 0.0 MiB)
Memory usage before initialization: 2242.875 MiB (Increase: 0.0 MiB)
Memory usage after initialization: 2242.875 MiB (Increase: 0.0 MiB)
Current lengths of episodes: [59, 58]
Memory usage at done (index 0, length 59, since_prev 59): 2242.875 MiB (Increase: 0.0 MiB)
Memory usage before reset: 2242.875 MiB (Increase: 0.0 MiB)
Memory usage after reset: 2242.875 MiB (Increase: 0.0 MiB)
Current lengths of episodes: [50, 109]
Memory usage at done (index 1, length 109, since_prev 50): 2242.875 MiB (Increase: 0.0 MiB)
Memory usage before reset: 2242.875 MiB (Increase: 0.0 MiB)
Memory usage after reset: 2242.875 MiB (Increase: 0.0 MiB)
Training episode 832
Memory usage at middle: 2242.875 MiB (Increase: 0.0 MiB)
Memory usage before collect: 2242.875 MiB (Increase: 0.0 MiB)
Memory usage after collect: 2242.875 MiB (Increase: 0.0 MiB)
Memory usage before initialization: 2242.875 MiB (Increase: 0.0 MiB)
Memory usage after initialization: 2242.875 MiB (Increase: 0.0 MiB)
Current lengths of episodes: [47, 47]
Memory usage at done (index 1, length 47, since_prev 47): 2242.875 MiB (Increase: 0.0 MiB)
Memory usage before reset: 2242.875 MiB (Increase: 0.0 MiB)
Memory usage after reset: 2242.875 MiB (Increase: 0.0 MiB)
Current lengths of episodes: [72, 24]
Memory usage at done (index 0, length 72, since_prev 25): 2242.875 MiB (Increase: 0.0 MiB)
Memory usage before reset: 2242.875 MiB (Increase: 0.0 MiB)
Memory usage after reset: 2242.875 MiB (Increase: 0.0 MiB)
Training episode 834
Memory usage at middle: 2242.875 MiB (Increase: 0.0 MiB)
Memory usage before collect: 2242.875 MiB (Increase: 0.0 MiB)
Memory usage after collect: 2242.875 MiB (Increase: 0.0 MiB)
Memory usage before initialization: 2242.875 MiB (Increase: 0.0 MiB)
Memory usage after initialization: 2242.875 MiB (Increase: 0.0 MiB)
Current lengths of episodes: [101, 101]
Memory usage at done (index 1, length 101, since_prev 101): 2242.875 MiB (Increase: 0.0 MiB)
Memory usage before reset: 2242.875 MiB (Increase: 0.0 MiB)
Memory usage after reset: 2242.875 MiB (Increase: 0.0 MiB)
Current lengths of episodes: [198, 97]
Memory usage at done (index 1, length 97, since_prev 97): 2242.875 MiB (Increase: 0.0 MiB)
Memory usage before reset: 2242.875 MiB (Increase: 0.0 MiB)
Memory usage after reset: 2242.875 MiB (Increase: 0.0 MiB)
Training episode 836
Memory usage at middle: 2242.875 MiB (Increase: 0.0 MiB)
Memory usage before collect: 2242.875 MiB (Increase: 0.0 MiB)
Memory usage after collect: 2242.875 MiB (Increase: 0.0 MiB)
Memory usage before initialization: 2242.875 MiB (Increase: 0.0 MiB)
Memory usage after initialization: 2242.875 MiB (Increase: 0.0 MiB)
Current lengths of episodes: [1600, 1599]
Memory usage at done (index 0, length 1600, since_prev 1600): 2242.875 MiB (Increase: 0.0 MiB)
Memory usage before reset: 2242.875 MiB (Increase: 0.0 MiB)
Memory usage after reset: 2242.875 MiB (Increase: 0.0 MiB)
Current lengths of episodes: [0, 1600]
Memory usage at done (index 1, length 1600, since_prev 0): 2242.875 MiB (Increase: 0.0 MiB)
Memory usage before reset: 2242.875 MiB (Increase: 0.0 MiB)
Memory usage after reset: 2242.875 MiB (Increase: 0.0 MiB)
Training episode 838
Memory usage at middle: 2242.875 MiB (Increase: 0.0 MiB)
Memory usage before collect: 2242.875 MiB (Increase: 0.0 MiB)
Memory usage after collect: 2242.875 MiB (Increase: 0.0 MiB)
Memory usage before initialization: 2242.875 MiB (Increase: 0.0 MiB)
Memory usage after initialization: 2242.875 MiB (Increase: 0.0 MiB)
Current lengths of episodes: [1600, 1599]
Memory usage at done (index 0, length 1600, since_prev 1600): 2242.875 MiB (Increase: 0.0 MiB)
Memory usage before reset: 2242.875 MiB (Increase: 0.0 MiB)
Memory usage after reset: 2242.875 MiB (Increase: 0.0 MiB)
Current lengths of episodes: [0, 1600]
Memory usage at done (index 1, length 1600, since_prev 0): 2242.875 MiB (Increase: 0.0 MiB)
Memory usage before reset: 2242.875 MiB (Increase: 0.0 MiB)
Memory usage after reset: 2242.875 MiB (Increase: 0.0 MiB)
Training episode 840
Memory usage at middle: 2242.875 MiB (Increase: 0.0 MiB)
Memory usage before collect: 2242.875 MiB (Increase: 0.0 MiB)
Memory usage after collect: 2242.875 MiB (Increase: 0.0 MiB)
Memory usage before initialization: 2242.875 MiB (Increase: 0.0 MiB)
Memory usage after initialization: 2242.875 MiB (Increase: 0.0 MiB)
Current lengths of episodes: [1600, 1599]
Memory usage at done (index 0, length 1600, since_prev 1600): 2242.875 MiB (Increase: 0.0 MiB)
Memory usage before reset: 2242.875 MiB (Increase: 0.0 MiB)
Memory usage after reset: 2242.875 MiB (Increase: 0.0 MiB)
Current lengths of episodes: [0, 1600]
Memory usage at done (index 1, length 1600, since_prev 0): 2242.875 MiB (Increase: 0.0 MiB)
Memory usage before reset: 2242.875 MiB (Increase: 0.0 MiB)
Memory usage after reset: 2242.875 MiB (Increase: 0.0 MiB)
Training episode 842
Memory usage at middle: 2242.875 MiB (Increase: 0.0 MiB)
Memory usage before collect: 2242.875 MiB (Increase: 0.0 MiB)
Memory usage after collect: 2242.875 MiB (Increase: 0.0 MiB)
Memory usage before initialization: 2242.875 MiB (Increase: 0.0 MiB)
Memory usage after initialization: 2242.875 MiB (Increase: 0.0 MiB)
Current lengths of episodes: [60, 60]
Memory usage at done (index 1, length 60, since_prev 60): 2242.875 MiB (Increase: 0.0 MiB)
Memory usage before reset: 2242.875 MiB (Increase: 0.0 MiB)
Memory usage after reset: 2242.875 MiB (Increase: 0.0 MiB)
Current lengths of episodes: [175, 115]
Memory usage at done (index 1, length 115, since_prev 115): 2242.875 MiB (Increase: 0.0 MiB)
Memory usage before reset: 2242.875 MiB (Increase: 0.0 MiB)
Memory usage after reset: 2242.875 MiB (Increase: 0.0 MiB)
Training episode 844
Memory usage at middle: 2242.875 MiB (Increase: 0.0 MiB)
Memory usage before collect: 2242.875 MiB (Increase: 0.0 MiB)
Memory usage after collect: 2242.875 MiB (Increase: 0.0 MiB)
Memory usage before initialization: 2242.875 MiB (Increase: 0.0 MiB)
Memory usage after initialization: 2242.875 MiB (Increase: 0.0 MiB)
Current lengths of episodes: [57, 56]
Memory usage at done (index 0, length 57, since_prev 57): 2242.875 MiB (Increase: 0.0 MiB)
Memory usage before reset: 2242.875 MiB (Increase: 0.0 MiB)
Memory usage after reset: 2242.875 MiB (Increase: 0.0 MiB)
Current lengths of episodes: [1543, 1600]
Memory usage at done (index 1, length 1600, since_prev 1543): 2242.875 MiB (Increase: 0.0 MiB)
Memory usage before reset: 2242.875 MiB (Increase: 0.0 MiB)
Memory usage after reset: 2242.875 MiB (Increase: 0.0 MiB)
Training episode 846
Memory usage at middle: 2242.875 MiB (Increase: 0.0 MiB)
Memory usage before collect: 2242.875 MiB (Increase: 0.0 MiB)
Memory usage after collect: 2242.875 MiB (Increase: 0.0 MiB)
Memory usage before initialization: 2242.875 MiB (Increase: 0.0 MiB)
Memory usage after initialization: 2242.875 MiB (Increase: 0.0 MiB)
Current lengths of episodes: [67, 67]
Memory usage at done (index 1, length 67, since_prev 67): 2242.875 MiB (Increase: 0.0 MiB)
Memory usage before reset: 2242.875 MiB (Increase: 0.0 MiB)
Memory usage after reset: 2242.875 MiB (Increase: 0.0 MiB)
Current lengths of episodes: [71, 3]
Memory usage at done (index 0, length 71, since_prev 4): 2242.875 MiB (Increase: 0.0 MiB)
Memory usage before reset: 2242.875 MiB (Increase: 0.0 MiB)
Memory usage after reset: 2242.875 MiB (Increase: 0.0 MiB)
Training episode 848
Memory usage at middle: 2242.875 MiB (Increase: 0.0 MiB)
Memory usage before collect: 2242.875 MiB (Increase: 0.0 MiB)
Memory usage after collect: 2242.875 MiB (Increase: 0.0 MiB)
Memory usage before initialization: 2242.875 MiB (Increase: 0.0 MiB)
Memory usage after initialization: 2242.875 MiB (Increase: 0.0 MiB)
Current lengths of episodes: [58, 58]
Memory usage at done (index 1, length 58, since_prev 58): 2242.875 MiB (Increase: 0.0 MiB)
Memory usage before reset: 2242.875 MiB (Increase: 0.0 MiB)
Memory usage after reset: 2242.875 MiB (Increase: 0.0 MiB)
Current lengths of episodes: [95, 36]
Memory usage at done (index 0, length 95, since_prev 37): 2242.875 MiB (Increase: 0.0 MiB)
Memory usage before reset: 2242.875 MiB (Increase: 0.0 MiB)
Memory usage after reset: 2242.875 MiB (Increase: 0.0 MiB)
Training episode 850
Memory usage at middle: 2242.875 MiB (Increase: 0.0 MiB)
Memory usage before collect: 2242.875 MiB (Increase: 0.0 MiB)
Memory usage after collect: 2242.875 MiB (Increase: 0.0 MiB)
Episode 850	Average evaluation: -27.259027422268815
Memory usage before initialization: 2242.875 MiB (Increase: 0.0 MiB)
Memory usage after initialization: 2242.875 MiB (Increase: 0.0 MiB)
Current lengths of episodes: [74, 74]
Memory usage at done (index 1, length 74, since_prev 74): 2242.875 MiB (Increase: 0.0 MiB)
Memory usage before reset: 2242.875 MiB (Increase: 0.0 MiB)
Memory usage after reset: 2242.875 MiB (Increase: 0.0 MiB)
Current lengths of episodes: [136, 62]
Memory usage at done (index 1, length 62, since_prev 62): 2242.875 MiB (Increase: 0.0 MiB)
Memory usage before reset: 2242.875 MiB (Increase: 0.0 MiB)
Memory usage after reset: 2242.875 MiB (Increase: 0.0 MiB)
Training episode 852
Memory usage at middle: 2242.875 MiB (Increase: 0.0 MiB)
Memory usage before collect: 2242.875 MiB (Increase: 0.0 MiB)
Memory usage after collect: 2242.875 MiB (Increase: 0.0 MiB)
Memory usage before initialization: 2242.875 MiB (Increase: 0.0 MiB)
Memory usage after initialization: 2242.875 MiB (Increase: 0.0 MiB)
Current lengths of episodes: [60, 59]
Memory usage at done (index 0, length 60, since_prev 60): 2242.875 MiB (Increase: 0.0 MiB)
Memory usage before reset: 2242.875 MiB (Increase: 0.0 MiB)
Memory usage after reset: 2242.875 MiB (Increase: 0.0 MiB)
Current lengths of episodes: [332, 391]
Memory usage at done (index 0, length 332, since_prev 332): 2242.875 MiB (Increase: 0.0 MiB)
Memory usage before reset: 2242.875 MiB (Increase: 0.0 MiB)
Memory usage after reset: 2242.875 MiB (Increase: 0.0 MiB)
Training episode 854
Memory usage at middle: 2242.875 MiB (Increase: 0.0 MiB)
Memory usage before collect: 2242.875 MiB (Increase: 0.0 MiB)
Memory usage after collect: 2242.875 MiB (Increase: 0.0 MiB)
Memory usage before initialization: 2242.875 MiB (Increase: 0.0 MiB)
Memory usage after initialization: 2242.875 MiB (Increase: 0.0 MiB)
Current lengths of episodes: [67, 66]
Memory usage at done (index 0, length 67, since_prev 67): 2242.875 MiB (Increase: 0.0 MiB)
Memory usage before reset: 2242.875 MiB (Increase: 0.0 MiB)
Memory usage after reset: 2242.875 MiB (Increase: 0.0 MiB)
Current lengths of episodes: [0, 67]
Memory usage at done (index 1, length 67, since_prev 0): 2242.875 MiB (Increase: 0.0 MiB)
Memory usage before reset: 2242.875 MiB (Increase: 0.0 MiB)
Memory usage after reset: 2242.875 MiB (Increase: 0.0 MiB)
Training episode 856
Memory usage at middle: 2242.875 MiB (Increase: 0.0 MiB)
Memory usage before collect: 2242.875 MiB (Increase: 0.0 MiB)
Memory usage after collect: 2242.875 MiB (Increase: 0.0 MiB)
Memory usage before initialization: 2242.875 MiB (Increase: 0.0 MiB)
Memory usage after initialization: 2242.875 MiB (Increase: 0.0 MiB)
Current lengths of episodes: [1600, 1599]
Memory usage at done (index 0, length 1600, since_prev 1600): 2242.875 MiB (Increase: 0.0 MiB)
Memory usage before reset: 2242.875 MiB (Increase: 0.0 MiB)
Memory usage after reset: 2242.875 MiB (Increase: 0.0 MiB)
Current lengths of episodes: [0, 1600]
Memory usage at done (index 1, length 1600, since_prev 0): 2242.875 MiB (Increase: 0.0 MiB)
Memory usage before reset: 2242.875 MiB (Increase: 0.0 MiB)
Memory usage after reset: 2242.875 MiB (Increase: 0.0 MiB)
Training episode 858
Memory usage at middle: 2242.875 MiB (Increase: 0.0 MiB)
Memory usage before collect: 2242.875 MiB (Increase: 0.0 MiB)
Memory usage after collect: 2242.875 MiB (Increase: 0.0 MiB)
Memory usage before initialization: 2242.875 MiB (Increase: 0.0 MiB)
Memory usage after initialization: 2242.875 MiB (Increase: 0.0 MiB)
Current lengths of episodes: [52, 52]
Memory usage at done (index 1, length 52, since_prev 52): 2242.875 MiB (Increase: 0.0 MiB)
Memory usage before reset: 2242.875 MiB (Increase: 0.0 MiB)
Memory usage after reset: 2242.875 MiB (Increase: 0.0 MiB)
Current lengths of episodes: [1134, 1082]
Memory usage at done (index 1, length 1082, since_prev 1082): 2242.875 MiB (Increase: 0.0 MiB)
Memory usage before reset: 2242.875 MiB (Increase: 0.0 MiB)
Memory usage after reset: 2242.875 MiB (Increase: 0.0 MiB)
Training episode 860
Memory usage at middle: 2242.875 MiB (Increase: 0.0 MiB)
Memory usage before collect: 2242.875 MiB (Increase: 0.0 MiB)
Memory usage after collect: 2242.875 MiB (Increase: 0.0 MiB)
Memory usage before initialization: 2242.875 MiB (Increase: 0.0 MiB)
Memory usage after initialization: 2242.875 MiB (Increase: 0.0 MiB)
Current lengths of episodes: [1600, 1599]
Memory usage at done (index 0, length 1600, since_prev 1600): 2242.875 MiB (Increase: 0.0 MiB)
Memory usage before reset: 2242.875 MiB (Increase: 0.0 MiB)
Memory usage after reset: 2242.875 MiB (Increase: 0.0 MiB)
Current lengths of episodes: [0, 1600]
Memory usage at done (index 1, length 1600, since_prev 0): 2242.875 MiB (Increase: 0.0 MiB)
Memory usage before reset: 2242.875 MiB (Increase: 0.0 MiB)
Memory usage after reset: 2242.875 MiB (Increase: 0.0 MiB)
Training episode 862
Memory usage at middle: 2242.875 MiB (Increase: 0.0 MiB)
Memory usage before collect: 2242.875 MiB (Increase: 0.0 MiB)
Memory usage after collect: 2242.875 MiB (Increase: 0.0 MiB)
Memory usage before initialization: 2242.875 MiB (Increase: 0.0 MiB)
Memory usage after initialization: 2242.875 MiB (Increase: 0.0 MiB)
Current lengths of episodes: [52, 51]
Memory usage at done (index 0, length 52, since_prev 52): 2242.875 MiB (Increase: 0.0 MiB)
Memory usage before reset: 2242.875 MiB (Increase: 0.0 MiB)
Memory usage after reset: 2242.875 MiB (Increase: 0.0 MiB)
Current lengths of episodes: [113, 164]
Memory usage at done (index 0, length 113, since_prev 113): 2242.875 MiB (Increase: 0.0 MiB)
Memory usage before reset: 2242.875 MiB (Increase: 0.0 MiB)
Memory usage after reset: 2242.875 MiB (Increase: 0.0 MiB)
Training episode 864
Memory usage at middle: 2242.875 MiB (Increase: 0.0 MiB)
Memory usage before collect: 2242.875 MiB (Increase: 0.0 MiB)
Memory usage after collect: 2242.875 MiB (Increase: 0.0 MiB)
Memory usage before initialization: 2242.875 MiB (Increase: 0.0 MiB)
Memory usage after initialization: 2242.875 MiB (Increase: 0.0 MiB)
Current lengths of episodes: [60, 59]
Memory usage at done (index 0, length 60, since_prev 60): 2242.875 MiB (Increase: 0.0 MiB)
Memory usage before reset: 2242.875 MiB (Increase: 0.0 MiB)
Memory usage after reset: 2242.875 MiB (Increase: 0.0 MiB)
Current lengths of episodes: [1540, 1600]
Memory usage at done (index 1, length 1600, since_prev 1540): 2242.875 MiB (Increase: 0.0 MiB)
Memory usage before reset: 2242.875 MiB (Increase: 0.0 MiB)
Memory usage after reset: 2242.875 MiB (Increase: 0.0 MiB)
Training episode 866
Memory usage at middle: 2242.875 MiB (Increase: 0.0 MiB)
Memory usage before collect: 2242.875 MiB (Increase: 0.0 MiB)
Memory usage after collect: 2242.875 MiB (Increase: 0.0 MiB)
Memory usage before initialization: 2242.875 MiB (Increase: 0.0 MiB)
Memory usage after initialization: 2242.875 MiB (Increase: 0.0 MiB)
Current lengths of episodes: [1600, 1599]
Memory usage at done (index 0, length 1600, since_prev 1600): 2242.875 MiB (Increase: 0.0 MiB)
Memory usage before reset: 2242.875 MiB (Increase: 0.0 MiB)
Memory usage after reset: 2242.875 MiB (Increase: 0.0 MiB)
Current lengths of episodes: [0, 1600]
Memory usage at done (index 1, length 1600, since_prev 0): 2242.875 MiB (Increase: 0.0 MiB)
Memory usage before reset: 2242.875 MiB (Increase: 0.0 MiB)
Memory usage after reset: 2242.875 MiB (Increase: 0.0 MiB)
Training episode 868
Memory usage at middle: 2242.875 MiB (Increase: 0.0 MiB)
Memory usage before collect: 2242.875 MiB (Increase: 0.0 MiB)
Memory usage after collect: 2242.875 MiB (Increase: 0.0 MiB)
Memory usage before initialization: 2242.875 MiB (Increase: 0.0 MiB)
Memory usage after initialization: 2242.875 MiB (Increase: 0.0 MiB)
Current lengths of episodes: [1600, 1599]
Memory usage at done (index 0, length 1600, since_prev 1600): 2242.875 MiB (Increase: 0.0 MiB)
Memory usage before reset: 2242.875 MiB (Increase: 0.0 MiB)
Memory usage after reset: 2242.875 MiB (Increase: 0.0 MiB)
Current lengths of episodes: [0, 1600]
Memory usage at done (index 1, length 1600, since_prev 0): 2242.875 MiB (Increase: 0.0 MiB)
Memory usage before reset: 2242.875 MiB (Increase: 0.0 MiB)
Memory usage after reset: 2242.875 MiB (Increase: 0.0 MiB)
Training episode 870
Memory usage at middle: 2242.875 MiB (Increase: 0.0 MiB)
Memory usage before collect: 2242.875 MiB (Increase: 0.0 MiB)
Memory usage after collect: 2242.875 MiB (Increase: 0.0 MiB)
Memory usage before initialization: 2242.875 MiB (Increase: 0.0 MiB)
Memory usage after initialization: 2242.875 MiB (Increase: 0.0 MiB)
Current lengths of episodes: [89, 89]
Memory usage at done (index 1, length 89, since_prev 89): 2242.875 MiB (Increase: 0.0 MiB)
Memory usage before reset: 2242.875 MiB (Increase: 0.0 MiB)
Memory usage after reset: 2242.875 MiB (Increase: 0.0 MiB)
Current lengths of episodes: [1600, 1510]
Memory usage at done (index 0, length 1600, since_prev 1511): 2242.875 MiB (Increase: 0.0 MiB)
Memory usage before reset: 2242.875 MiB (Increase: 0.0 MiB)
Memory usage after reset: 2242.875 MiB (Increase: 0.0 MiB)
Training episode 872
Memory usage at middle: 2242.875 MiB (Increase: 0.0 MiB)
Memory usage before collect: 2242.875 MiB (Increase: 0.0 MiB)
Memory usage after collect: 2242.875 MiB (Increase: 0.0 MiB)
Memory usage before initialization: 2242.875 MiB (Increase: 0.0 MiB)
Memory usage after initialization: 2242.875 MiB (Increase: 0.0 MiB)
Current lengths of episodes: [1600, 1599]
Memory usage at done (index 0, length 1600, since_prev 1600): 2242.875 MiB (Increase: 0.0 MiB)
Memory usage before reset: 2242.875 MiB (Increase: 0.0 MiB)
Memory usage after reset: 2242.875 MiB (Increase: 0.0 MiB)
Current lengths of episodes: [0, 1600]
Memory usage at done (index 1, length 1600, since_prev 0): 2242.875 MiB (Increase: 0.0 MiB)
Memory usage before reset: 2242.875 MiB (Increase: 0.0 MiB)
Memory usage after reset: 2242.875 MiB (Increase: 0.0 MiB)
Training episode 874
Memory usage at middle: 2242.875 MiB (Increase: 0.0 MiB)
Memory usage before collect: 2242.875 MiB (Increase: 0.0 MiB)
Memory usage after collect: 2242.875 MiB (Increase: 0.0 MiB)
Memory usage before initialization: 2242.875 MiB (Increase: 0.0 MiB)
Memory usage after initialization: 2242.875 MiB (Increase: 0.0 MiB)
Current lengths of episodes: [1600, 1599]
Memory usage at done (index 0, length 1600, since_prev 1600): 2242.875 MiB (Increase: 0.0 MiB)
Memory usage before reset: 2242.875 MiB (Increase: 0.0 MiB)
Memory usage after reset: 2242.875 MiB (Increase: 0.0 MiB)
Current lengths of episodes: [0, 1600]
Memory usage at done (index 1, length 1600, since_prev 0): 2242.875 MiB (Increase: 0.0 MiB)
Memory usage before reset: 2242.875 MiB (Increase: 0.0 MiB)
Memory usage after reset: 2242.875 MiB (Increase: 0.0 MiB)
Training episode 876
Memory usage at middle: 2242.875 MiB (Increase: 0.0 MiB)
Memory usage before collect: 2242.875 MiB (Increase: 0.0 MiB)
Memory usage after collect: 2242.875 MiB (Increase: 0.0 MiB)
Memory usage before initialization: 2242.875 MiB (Increase: 0.0 MiB)
Memory usage after initialization: 2242.875 MiB (Increase: 0.0 MiB)
Current lengths of episodes: [1391, 1391]
Memory usage at done (index 1, length 1391, since_prev 1391): 2242.875 MiB (Increase: 0.0 MiB)
Memory usage before reset: 2242.875 MiB (Increase: 0.0 MiB)
Memory usage after reset: 2242.875 MiB (Increase: 0.0 MiB)
Current lengths of episodes: [1449, 58]
Memory usage at done (index 1, length 58, since_prev 58): 2242.875 MiB (Increase: 0.0 MiB)
Memory usage before reset: 2242.875 MiB (Increase: 0.0 MiB)
Memory usage after reset: 2242.875 MiB (Increase: 0.0 MiB)
Training episode 878
Memory usage at middle: 2242.875 MiB (Increase: 0.0 MiB)
Memory usage before collect: 2242.875 MiB (Increase: 0.0 MiB)
Memory usage after collect: 2242.875 MiB (Increase: 0.0 MiB)
Memory usage before initialization: 2242.875 MiB (Increase: 0.0 MiB)
Memory usage after initialization: 2242.875 MiB (Increase: 0.0 MiB)
Current lengths of episodes: [126, 126]
Memory usage at done (index 1, length 126, since_prev 126): 2242.875 MiB (Increase: 0.0 MiB)
Memory usage before reset: 2242.875 MiB (Increase: 0.0 MiB)
Memory usage after reset: 2242.875 MiB (Increase: 0.0 MiB)
Current lengths of episodes: [192, 66]
Memory usage at done (index 1, length 66, since_prev 66): 2242.875 MiB (Increase: 0.0 MiB)
Memory usage before reset: 2242.875 MiB (Increase: 0.0 MiB)
Memory usage after reset: 2242.875 MiB (Increase: 0.0 MiB)
Training episode 880
Memory usage at middle: 2242.875 MiB (Increase: 0.0 MiB)
Memory usage before collect: 2242.875 MiB (Increase: 0.0 MiB)
Memory usage after collect: 2242.875 MiB (Increase: 0.0 MiB)
Memory usage before initialization: 2242.875 MiB (Increase: 0.0 MiB)
Memory usage after initialization: 2242.875 MiB (Increase: 0.0 MiB)
Current lengths of episodes: [77, 77]
Memory usage at done (index 1, length 77, since_prev 77): 2242.875 MiB (Increase: 0.0 MiB)
Memory usage before reset: 2242.875 MiB (Increase: 0.0 MiB)
Memory usage after reset: 2242.875 MiB (Increase: 0.0 MiB)
Current lengths of episodes: [115, 37]
Memory usage at done (index 0, length 115, since_prev 38): 2242.875 MiB (Increase: 0.0 MiB)
Memory usage before reset: 2242.875 MiB (Increase: 0.0 MiB)
Memory usage after reset: 2242.875 MiB (Increase: 0.0 MiB)
Training episode 882
Memory usage at middle: 2242.875 MiB (Increase: 0.0 MiB)
Memory usage before collect: 2242.875 MiB (Increase: 0.0 MiB)
Memory usage after collect: 2242.875 MiB (Increase: 0.0 MiB)
Memory usage before initialization: 2242.875 MiB (Increase: 0.0 MiB)
Memory usage after initialization: 2242.875 MiB (Increase: 0.0 MiB)
Current lengths of episodes: [72, 72]
Memory usage at done (index 1, length 72, since_prev 72): 2242.875 MiB (Increase: 0.0 MiB)
Memory usage before reset: 2242.875 MiB (Increase: 0.0 MiB)
Memory usage after reset: 2242.875 MiB (Increase: 0.0 MiB)
Current lengths of episodes: [1600, 1527]
Memory usage at done (index 0, length 1600, since_prev 1528): 2242.875 MiB (Increase: 0.0 MiB)
Memory usage before reset: 2242.875 MiB (Increase: 0.0 MiB)
Memory usage after reset: 2242.875 MiB (Increase: 0.0 MiB)
Training episode 884
Memory usage at middle: 2242.875 MiB (Increase: 0.0 MiB)
Memory usage before collect: 2242.875 MiB (Increase: 0.0 MiB)
Memory usage after collect: 2242.875 MiB (Increase: 0.0 MiB)
Memory usage before initialization: 2242.875 MiB (Increase: 0.0 MiB)
Memory usage after initialization: 2242.875 MiB (Increase: 0.0 MiB)
Current lengths of episodes: [60, 60]
Memory usage at done (index 1, length 60, since_prev 60): 2242.875 MiB (Increase: 0.0 MiB)
Memory usage before reset: 2242.875 MiB (Increase: 0.0 MiB)
Memory usage after reset: 2242.875 MiB (Increase: 0.0 MiB)
Current lengths of episodes: [81, 20]
Memory usage at done (index 0, length 81, since_prev 21): 2242.875 MiB (Increase: 0.0 MiB)
Memory usage before reset: 2242.875 MiB (Increase: 0.0 MiB)
Memory usage after reset: 2242.875 MiB (Increase: 0.0 MiB)
Training episode 886
Memory usage at middle: 2242.875 MiB (Increase: 0.0 MiB)
Memory usage before collect: 2242.875 MiB (Increase: 0.0 MiB)
Memory usage after collect: 2242.875 MiB (Increase: 0.0 MiB)
Memory usage before initialization: 2242.875 MiB (Increase: 0.0 MiB)
Memory usage after initialization: 2242.875 MiB (Increase: 0.0 MiB)
Current lengths of episodes: [1600, 1599]
Memory usage at done (index 0, length 1600, since_prev 1600): 2242.875 MiB (Increase: 0.0 MiB)
Memory usage before reset: 2242.875 MiB (Increase: 0.0 MiB)
Memory usage after reset: 2242.875 MiB (Increase: 0.0 MiB)
Current lengths of episodes: [0, 1600]
Memory usage at done (index 1, length 1600, since_prev 0): 2242.875 MiB (Increase: 0.0 MiB)
Memory usage before reset: 2242.875 MiB (Increase: 0.0 MiB)
Memory usage after reset: 2242.875 MiB (Increase: 0.0 MiB)
Training episode 888
Memory usage at middle: 2242.875 MiB (Increase: 0.0 MiB)
Memory usage before collect: 2242.875 MiB (Increase: 0.0 MiB)
Memory usage after collect: 2242.875 MiB (Increase: 0.0 MiB)
Memory usage before initialization: 2242.875 MiB (Increase: 0.0 MiB)
Memory usage after initialization: 2242.875 MiB (Increase: 0.0 MiB)
Current lengths of episodes: [220, 220]
Memory usage at done (index 1, length 220, since_prev 220): 2242.875 MiB (Increase: 0.0 MiB)
Memory usage before reset: 2242.875 MiB (Increase: 0.0 MiB)
Memory usage after reset: 2242.875 MiB (Increase: 0.0 MiB)
Current lengths of episodes: [324, 104]
Memory usage at done (index 1, length 104, since_prev 104): 2242.875 MiB (Increase: 0.0 MiB)
Memory usage before reset: 2242.875 MiB (Increase: 0.0 MiB)
Memory usage after reset: 2242.875 MiB (Increase: 0.0 MiB)
Training episode 890
Memory usage at middle: 2242.875 MiB (Increase: 0.0 MiB)
Memory usage before collect: 2242.875 MiB (Increase: 0.0 MiB)
Memory usage after collect: 2242.875 MiB (Increase: 0.0 MiB)
Memory usage before initialization: 2242.875 MiB (Increase: 0.0 MiB)
Memory usage after initialization: 2242.875 MiB (Increase: 0.0 MiB)
Current lengths of episodes: [67, 67]
Memory usage at done (index 1, length 67, since_prev 67): 2242.875 MiB (Increase: 0.0 MiB)
Memory usage before reset: 2242.875 MiB (Increase: 0.0 MiB)
Memory usage after reset: 2242.875 MiB (Increase: 0.0 MiB)
Current lengths of episodes: [86, 18]
Memory usage at done (index 0, length 86, since_prev 19): 2242.875 MiB (Increase: 0.0 MiB)
Memory usage before reset: 2242.875 MiB (Increase: 0.0 MiB)
Memory usage after reset: 2242.875 MiB (Increase: 0.0 MiB)
Training episode 892
Memory usage at middle: 2242.875 MiB (Increase: 0.0 MiB)
Memory usage before collect: 2242.875 MiB (Increase: 0.0 MiB)
Memory usage after collect: 2242.875 MiB (Increase: 0.0 MiB)
Memory usage before initialization: 2242.875 MiB (Increase: 0.0 MiB)
Memory usage after initialization: 2242.875 MiB (Increase: 0.0 MiB)
Current lengths of episodes: [1600, 1599]
Memory usage at done (index 0, length 1600, since_prev 1600): 2242.875 MiB (Increase: 0.0 MiB)
Memory usage before reset: 2242.875 MiB (Increase: 0.0 MiB)
Memory usage after reset: 2242.875 MiB (Increase: 0.0 MiB)
Current lengths of episodes: [0, 1600]
Memory usage at done (index 1, length 1600, since_prev 0): 2242.875 MiB (Increase: 0.0 MiB)
Memory usage before reset: 2242.875 MiB (Increase: 0.0 MiB)
Memory usage after reset: 2242.875 MiB (Increase: 0.0 MiB)
Training episode 894
Memory usage at middle: 2242.875 MiB (Increase: 0.0 MiB)
Memory usage before collect: 2242.875 MiB (Increase: 0.0 MiB)
Memory usage after collect: 2242.875 MiB (Increase: 0.0 MiB)
Memory usage before initialization: 2242.875 MiB (Increase: 0.0 MiB)
Memory usage after initialization: 2242.875 MiB (Increase: 0.0 MiB)
Current lengths of episodes: [65, 64]
Memory usage at done (index 0, length 65, since_prev 65): 2242.875 MiB (Increase: 0.0 MiB)
Memory usage before reset: 2242.875 MiB (Increase: 0.0 MiB)
Memory usage after reset: 2242.875 MiB (Increase: 0.0 MiB)
Current lengths of episodes: [6, 71]
Memory usage at done (index 1, length 71, since_prev 6): 2242.875 MiB (Increase: 0.0 MiB)
Memory usage before reset: 2242.875 MiB (Increase: 0.0 MiB)
Memory usage after reset: 2242.875 MiB (Increase: 0.0 MiB)
Training episode 896
Memory usage at middle: 2242.875 MiB (Increase: 0.0 MiB)
Memory usage before collect: 2242.875 MiB (Increase: 0.0 MiB)
Memory usage after collect: 2242.875 MiB (Increase: 0.0 MiB)
Memory usage before initialization: 2242.875 MiB (Increase: 0.0 MiB)
Memory usage after initialization: 2242.875 MiB (Increase: 0.0 MiB)
Current lengths of episodes: [49, 49]
Memory usage at done (index 1, length 49, since_prev 49): 2242.875 MiB (Increase: 0.0 MiB)
Memory usage before reset: 2242.875 MiB (Increase: 0.0 MiB)
Memory usage after reset: 2242.875 MiB (Increase: 0.0 MiB)
Current lengths of episodes: [60, 10]
Memory usage at done (index 0, length 60, since_prev 11): 2242.875 MiB (Increase: 0.0 MiB)
Memory usage before reset: 2242.875 MiB (Increase: 0.0 MiB)
Memory usage after reset: 2242.875 MiB (Increase: 0.0 MiB)
Training episode 898
Memory usage at middle: 2242.875 MiB (Increase: 0.0 MiB)
Memory usage before collect: 2242.875 MiB (Increase: 0.0 MiB)
Memory usage after collect: 2242.875 MiB (Increase: 0.0 MiB)
Memory usage before initialization: 2242.875 MiB (Increase: 0.0 MiB)
Memory usage after initialization: 2242.875 MiB (Increase: 0.0 MiB)
Current lengths of episodes: [1600, 1599]
Memory usage at done (index 0, length 1600, since_prev 1600): 2242.875 MiB (Increase: 0.0 MiB)
Memory usage before reset: 2242.875 MiB (Increase: 0.0 MiB)
Memory usage after reset: 2242.875 MiB (Increase: 0.0 MiB)
Current lengths of episodes: [0, 1600]
Memory usage at done (index 1, length 1600, since_prev 0): 2242.875 MiB (Increase: 0.0 MiB)
Memory usage before reset: 2242.875 MiB (Increase: 0.0 MiB)
Memory usage after reset: 2242.875 MiB (Increase: 0.0 MiB)
Training episode 900
Memory usage at middle: 2242.875 MiB (Increase: 0.0 MiB)
Memory usage before collect: 2242.875 MiB (Increase: 0.0 MiB)
Memory usage after collect: 2242.875 MiB (Increase: 0.0 MiB)
Episode 900	Average evaluation: -25.2771846429086
Memory usage before initialization: 2242.875 MiB (Increase: 0.0 MiB)
Memory usage after initialization: 2242.875 MiB (Increase: 0.0 MiB)
Current lengths of episodes: [90, 90]
Memory usage at done (index 1, length 90, since_prev 90): 2242.875 MiB (Increase: 0.0 MiB)
Memory usage before reset: 2242.875 MiB (Increase: 0.0 MiB)
Memory usage after reset: 2242.875 MiB (Increase: 0.0 MiB)
Current lengths of episodes: [1600, 1509]
Memory usage at done (index 0, length 1600, since_prev 1510): 2242.875 MiB (Increase: 0.0 MiB)
Memory usage before reset: 2242.875 MiB (Increase: 0.0 MiB)
Memory usage after reset: 2242.875 MiB (Increase: 0.0 MiB)
Training episode 902
Memory usage at middle: 2242.875 MiB (Increase: 0.0 MiB)
Memory usage before collect: 2242.875 MiB (Increase: 0.0 MiB)
Memory usage after collect: 2242.875 MiB (Increase: 0.0 MiB)
Memory usage before initialization: 2242.875 MiB (Increase: 0.0 MiB)
Memory usage after initialization: 2242.875 MiB (Increase: 0.0 MiB)
Current lengths of episodes: [60, 60]
Memory usage at done (index 1, length 60, since_prev 60): 2242.875 MiB (Increase: 0.0 MiB)
Memory usage before reset: 2242.875 MiB (Increase: 0.0 MiB)
Memory usage after reset: 2242.875 MiB (Increase: 0.0 MiB)
Current lengths of episodes: [1600, 1539]
Memory usage at done (index 0, length 1600, since_prev 1540): 2242.875 MiB (Increase: 0.0 MiB)
Memory usage before reset: 2242.875 MiB (Increase: 0.0 MiB)
Memory usage after reset: 2242.875 MiB (Increase: 0.0 MiB)
Training episode 904
Memory usage at middle: 2242.875 MiB (Increase: 0.0 MiB)
Memory usage before collect: 2242.875 MiB (Increase: 0.0 MiB)
Memory usage after collect: 2242.875 MiB (Increase: 0.0 MiB)
Memory usage before initialization: 2242.875 MiB (Increase: 0.0 MiB)
Memory usage after initialization: 2242.875 MiB (Increase: 0.0 MiB)
Current lengths of episodes: [71, 71]
Memory usage at done (index 1, length 71, since_prev 71): 2242.875 MiB (Increase: 0.0 MiB)
Memory usage before reset: 2242.875 MiB (Increase: 0.0 MiB)
Memory usage after reset: 2242.875 MiB (Increase: 0.0 MiB)
Current lengths of episodes: [1600, 1528]
Memory usage at done (index 0, length 1600, since_prev 1529): 2242.875 MiB (Increase: 0.0 MiB)
Memory usage before reset: 2242.875 MiB (Increase: 0.0 MiB)
Memory usage after reset: 2242.875 MiB (Increase: 0.0 MiB)
Training episode 906
Memory usage at middle: 2242.875 MiB (Increase: 0.0 MiB)
Memory usage before collect: 2242.875 MiB (Increase: 0.0 MiB)
Memory usage after collect: 2242.875 MiB (Increase: 0.0 MiB)
Memory usage before initialization: 2242.875 MiB (Increase: 0.0 MiB)
Memory usage after initialization: 2242.875 MiB (Increase: 0.0 MiB)
Current lengths of episodes: [1600, 1599]
Memory usage at done (index 0, length 1600, since_prev 1600): 2242.875 MiB (Increase: 0.0 MiB)
Memory usage before reset: 2242.875 MiB (Increase: 0.0 MiB)
Memory usage after reset: 2242.875 MiB (Increase: 0.0 MiB)
Current lengths of episodes: [0, 1600]
Memory usage at done (index 1, length 1600, since_prev 0): 2242.875 MiB (Increase: 0.0 MiB)
Memory usage before reset: 2242.875 MiB (Increase: 0.0 MiB)
Memory usage after reset: 2242.875 MiB (Increase: 0.0 MiB)
Training episode 908
Memory usage at middle: 2242.875 MiB (Increase: 0.0 MiB)
Memory usage before collect: 2242.875 MiB (Increase: 0.0 MiB)
Memory usage after collect: 2242.875 MiB (Increase: 0.0 MiB)
Memory usage before initialization: 2242.875 MiB (Increase: 0.0 MiB)
Memory usage after initialization: 2242.875 MiB (Increase: 0.0 MiB)
Current lengths of episodes: [80, 80]
Memory usage at done (index 1, length 80, since_prev 80): 2242.875 MiB (Increase: 0.0 MiB)
Memory usage before reset: 2242.875 MiB (Increase: 0.0 MiB)
Memory usage after reset: 2242.875 MiB (Increase: 0.0 MiB)
Current lengths of episodes: [151, 71]
Memory usage at done (index 1, length 71, since_prev 71): 2242.875 MiB (Increase: 0.0 MiB)
Memory usage before reset: 2242.875 MiB (Increase: 0.0 MiB)
Memory usage after reset: 2242.875 MiB (Increase: 0.0 MiB)
Training episode 910
Memory usage at middle: 2242.875 MiB (Increase: 0.0 MiB)
Memory usage before collect: 2242.875 MiB (Increase: 0.0 MiB)
Memory usage after collect: 2242.875 MiB (Increase: 0.0 MiB)
Memory usage before initialization: 2242.875 MiB (Increase: 0.0 MiB)
Memory usage after initialization: 2242.875 MiB (Increase: 0.0 MiB)
Current lengths of episodes: [1600, 1599]
Memory usage at done (index 0, length 1600, since_prev 1600): 2242.875 MiB (Increase: 0.0 MiB)
Memory usage before reset: 2242.875 MiB (Increase: 0.0 MiB)
Memory usage after reset: 2242.875 MiB (Increase: 0.0 MiB)
Current lengths of episodes: [0, 1600]
Memory usage at done (index 1, length 1600, since_prev 0): 2242.875 MiB (Increase: 0.0 MiB)
Memory usage before reset: 2242.875 MiB (Increase: 0.0 MiB)
Memory usage after reset: 2242.875 MiB (Increase: 0.0 MiB)
Training episode 912
Memory usage at middle: 2242.875 MiB (Increase: 0.0 MiB)
Memory usage before collect: 2242.875 MiB (Increase: 0.0 MiB)
Memory usage after collect: 2242.875 MiB (Increase: 0.0 MiB)
Memory usage before initialization: 2242.875 MiB (Increase: 0.0 MiB)
Memory usage after initialization: 2242.875 MiB (Increase: 0.0 MiB)
Current lengths of episodes: [1600, 1599]
Memory usage at done (index 0, length 1600, since_prev 1600): 2242.875 MiB (Increase: 0.0 MiB)
Memory usage before reset: 2242.875 MiB (Increase: 0.0 MiB)
Memory usage after reset: 2242.875 MiB (Increase: 0.0 MiB)
Current lengths of episodes: [0, 1600]
Memory usage at done (index 1, length 1600, since_prev 0): 2242.875 MiB (Increase: 0.0 MiB)
Memory usage before reset: 2242.875 MiB (Increase: 0.0 MiB)
Memory usage after reset: 2242.875 MiB (Increase: 0.0 MiB)
Training episode 914
Memory usage at middle: 2242.875 MiB (Increase: 0.0 MiB)
Memory usage before collect: 2242.875 MiB (Increase: 0.0 MiB)
Memory usage after collect: 2242.875 MiB (Increase: 0.0 MiB)
Memory usage before initialization: 2242.875 MiB (Increase: 0.0 MiB)
Memory usage after initialization: 2242.875 MiB (Increase: 0.0 MiB)
Current lengths of episodes: [80, 80]
Memory usage at done (index 1, length 80, since_prev 80): 2242.875 MiB (Increase: 0.0 MiB)
Memory usage before reset: 2242.875 MiB (Increase: 0.0 MiB)
Memory usage after reset: 2242.875 MiB (Increase: 0.0 MiB)
Current lengths of episodes: [146, 66]
Memory usage at done (index 1, length 66, since_prev 66): 2242.875 MiB (Increase: 0.0 MiB)
Memory usage before reset: 2242.875 MiB (Increase: 0.0 MiB)
Memory usage after reset: 2242.875 MiB (Increase: 0.0 MiB)
Training episode 916
Memory usage at middle: 2242.875 MiB (Increase: 0.0 MiB)
Memory usage before collect: 2242.875 MiB (Increase: 0.0 MiB)
Memory usage after collect: 2242.875 MiB (Increase: 0.0 MiB)
Memory usage before initialization: 2242.875 MiB (Increase: 0.0 MiB)
Memory usage after initialization: 2242.875 MiB (Increase: 0.0 MiB)
Current lengths of episodes: [1600, 1599]
Memory usage at done (index 0, length 1600, since_prev 1600): 2242.875 MiB (Increase: 0.0 MiB)
Memory usage before reset: 2242.875 MiB (Increase: 0.0 MiB)
Memory usage after reset: 2242.875 MiB (Increase: 0.0 MiB)
Current lengths of episodes: [0, 1600]
Memory usage at done (index 1, length 1600, since_prev 0): 2242.875 MiB (Increase: 0.0 MiB)
Memory usage before reset: 2242.875 MiB (Increase: 0.0 MiB)
Memory usage after reset: 2242.875 MiB (Increase: 0.0 MiB)
Training episode 918
Memory usage at middle: 2242.875 MiB (Increase: 0.0 MiB)
Memory usage before collect: 2242.875 MiB (Increase: 0.0 MiB)
Memory usage after collect: 2242.875 MiB (Increase: 0.0 MiB)
Memory usage before initialization: 2242.875 MiB (Increase: 0.0 MiB)
Memory usage after initialization: 2242.875 MiB (Increase: 0.0 MiB)
Current lengths of episodes: [66, 65]
Memory usage at done (index 0, length 66, since_prev 66): 2242.875 MiB (Increase: 0.0 MiB)
Memory usage before reset: 2242.875 MiB (Increase: 0.0 MiB)
Memory usage after reset: 2242.875 MiB (Increase: 0.0 MiB)
Current lengths of episodes: [79, 144]
Memory usage at done (index 0, length 79, since_prev 79): 2242.875 MiB (Increase: 0.0 MiB)
Memory usage before reset: 2242.875 MiB (Increase: 0.0 MiB)
Memory usage after reset: 2242.875 MiB (Increase: 0.0 MiB)
Training episode 920
Memory usage at middle: 2242.875 MiB (Increase: 0.0 MiB)
Memory usage before collect: 2242.875 MiB (Increase: 0.0 MiB)
Memory usage after collect: 2242.875 MiB (Increase: 0.0 MiB)
Memory usage before initialization: 2242.875 MiB (Increase: 0.0 MiB)
Memory usage after initialization: 2242.875 MiB (Increase: 0.0 MiB)
Current lengths of episodes: [1600, 1599]
Memory usage at done (index 0, length 1600, since_prev 1600): 2242.875 MiB (Increase: 0.0 MiB)
Memory usage before reset: 2242.875 MiB (Increase: 0.0 MiB)
Memory usage after reset: 2242.875 MiB (Increase: 0.0 MiB)
Current lengths of episodes: [0, 1600]
Memory usage at done (index 1, length 1600, since_prev 0): 2242.875 MiB (Increase: 0.0 MiB)
Memory usage before reset: 2242.875 MiB (Increase: 0.0 MiB)
Memory usage after reset: 2242.875 MiB (Increase: 0.0 MiB)
Training episode 922
Memory usage at middle: 2242.875 MiB (Increase: 0.0 MiB)
Memory usage before collect: 2242.875 MiB (Increase: 0.0 MiB)
Memory usage after collect: 2242.875 MiB (Increase: 0.0 MiB)
Memory usage before initialization: 2242.875 MiB (Increase: 0.0 MiB)
Memory usage after initialization: 2242.875 MiB (Increase: 0.0 MiB)
Current lengths of episodes: [52, 52]
Memory usage at done (index 1, length 52, since_prev 52): 2242.875 MiB (Increase: 0.0 MiB)
Memory usage before reset: 2242.875 MiB (Increase: 0.0 MiB)
Memory usage after reset: 2242.875 MiB (Increase: 0.0 MiB)
Current lengths of episodes: [1600, 1547]
Memory usage at done (index 0, length 1600, since_prev 1548): 2242.875 MiB (Increase: 0.0 MiB)
Memory usage before reset: 2242.875 MiB (Increase: 0.0 MiB)
Memory usage after reset: 2242.875 MiB (Increase: 0.0 MiB)
Training episode 924
Memory usage at middle: 2242.875 MiB (Increase: 0.0 MiB)
Memory usage before collect: 2242.875 MiB (Increase: 0.0 MiB)
Memory usage after collect: 2242.875 MiB (Increase: 0.0 MiB)
Memory usage before initialization: 2242.875 MiB (Increase: 0.0 MiB)
Memory usage after initialization: 2242.875 MiB (Increase: 0.0 MiB)
Current lengths of episodes: [62, 61]
Memory usage at done (index 0, length 62, since_prev 62): 2242.875 MiB (Increase: 0.0 MiB)
Memory usage before reset: 2242.875 MiB (Increase: 0.0 MiB)
Memory usage after reset: 2242.875 MiB (Increase: 0.0 MiB)
Current lengths of episodes: [9, 71]
Memory usage at done (index 1, length 71, since_prev 9): 2242.875 MiB (Increase: 0.0 MiB)
Memory usage before reset: 2242.875 MiB (Increase: 0.0 MiB)
Memory usage after reset: 2242.875 MiB (Increase: 0.0 MiB)
Training episode 926
Memory usage at middle: 2242.875 MiB (Increase: 0.0 MiB)
Memory usage before collect: 2242.875 MiB (Increase: 0.0 MiB)
Memory usage after collect: 2242.875 MiB (Increase: 0.0 MiB)
Memory usage before initialization: 2242.875 MiB (Increase: 0.0 MiB)
Memory usage after initialization: 2242.875 MiB (Increase: 0.0 MiB)
Current lengths of episodes: [54, 53]
Memory usage at done (index 0, length 54, since_prev 54): 2242.875 MiB (Increase: 0.0 MiB)
Memory usage before reset: 2242.875 MiB (Increase: 0.0 MiB)
Memory usage after reset: 2242.875 MiB (Increase: 0.0 MiB)
Current lengths of episodes: [52, 105]
Memory usage at done (index 0, length 52, since_prev 52): 2242.875 MiB (Increase: 0.0 MiB)
Memory usage before reset: 2242.875 MiB (Increase: 0.0 MiB)
Memory usage after reset: 2242.875 MiB (Increase: 0.0 MiB)
Training episode 928
Memory usage at middle: 2242.875 MiB (Increase: 0.0 MiB)
Memory usage before collect: 2242.875 MiB (Increase: 0.0 MiB)
Memory usage after collect: 2242.875 MiB (Increase: 0.0 MiB)
Memory usage before initialization: 2242.875 MiB (Increase: 0.0 MiB)
Memory usage after initialization: 2242.875 MiB (Increase: 0.0 MiB)
Current lengths of episodes: [146, 145]
Memory usage at done (index 0, length 146, since_prev 146): 2242.875 MiB (Increase: 0.0 MiB)
Memory usage before reset: 2242.875 MiB (Increase: 0.0 MiB)
Memory usage after reset: 2242.875 MiB (Increase: 0.0 MiB)
Current lengths of episodes: [91, 236]
Memory usage at done (index 0, length 91, since_prev 91): 2242.875 MiB (Increase: 0.0 MiB)
Memory usage before reset: 2242.875 MiB (Increase: 0.0 MiB)
Memory usage after reset: 2242.875 MiB (Increase: 0.0 MiB)
Training episode 930
Memory usage at middle: 2242.875 MiB (Increase: 0.0 MiB)
Memory usage before collect: 2242.875 MiB (Increase: 0.0 MiB)
Memory usage after collect: 2242.875 MiB (Increase: 0.0 MiB)
Memory usage before initialization: 2242.875 MiB (Increase: 0.0 MiB)
Memory usage after initialization: 2242.875 MiB (Increase: 0.0 MiB)
Current lengths of episodes: [120, 120]
Memory usage at done (index 1, length 120, since_prev 120): 2242.875 MiB (Increase: 0.0 MiB)
Memory usage before reset: 2242.875 MiB (Increase: 0.0 MiB)
Memory usage after reset: 2242.875 MiB (Increase: 0.0 MiB)
Current lengths of episodes: [1600, 1479]
Memory usage at done (index 0, length 1600, since_prev 1480): 2242.875 MiB (Increase: 0.0 MiB)
Memory usage before reset: 2242.875 MiB (Increase: 0.0 MiB)
Memory usage after reset: 2242.875 MiB (Increase: 0.0 MiB)
Training episode 932
Memory usage at middle: 2242.875 MiB (Increase: 0.0 MiB)
Memory usage before collect: 2242.875 MiB (Increase: 0.0 MiB)
Memory usage after collect: 2242.875 MiB (Increase: 0.0 MiB)
Memory usage before initialization: 2242.875 MiB (Increase: 0.0 MiB)
Memory usage after initialization: 2242.875 MiB (Increase: 0.0 MiB)
Current lengths of episodes: [84, 83]
Memory usage at done (index 0, length 84, since_prev 84): 2242.875 MiB (Increase: 0.0 MiB)
Memory usage before reset: 2242.875 MiB (Increase: 0.0 MiB)
Memory usage after reset: 2242.875 MiB (Increase: 0.0 MiB)
Current lengths of episodes: [1516, 1600]
Memory usage at done (index 1, length 1600, since_prev 1516): 2242.875 MiB (Increase: 0.0 MiB)
Memory usage before reset: 2242.875 MiB (Increase: 0.0 MiB)
Memory usage after reset: 2242.875 MiB (Increase: 0.0 MiB)
Training episode 934
Memory usage at middle: 2242.875 MiB (Increase: 0.0 MiB)
Memory usage before collect: 2242.875 MiB (Increase: 0.0 MiB)
Memory usage after collect: 2242.875 MiB (Increase: 0.0 MiB)
Memory usage before initialization: 2242.875 MiB (Increase: 0.0 MiB)
Memory usage after initialization: 2242.875 MiB (Increase: 0.0 MiB)
Current lengths of episodes: [78, 77]
Memory usage at done (index 0, length 78, since_prev 78): 2242.875 MiB (Increase: 0.0 MiB)
Memory usage before reset: 2242.875 MiB (Increase: 0.0 MiB)
Memory usage after reset: 2242.875 MiB (Increase: 0.0 MiB)
Current lengths of episodes: [122, 200]
Memory usage at done (index 1, length 200, since_prev 122): 2242.875 MiB (Increase: 0.0 MiB)
Memory usage before reset: 2242.875 MiB (Increase: 0.0 MiB)
Memory usage after reset: 2242.875 MiB (Increase: 0.0 MiB)
Training episode 936
Memory usage at middle: 2242.875 MiB (Increase: 0.0 MiB)
Memory usage before collect: 2242.875 MiB (Increase: 0.0 MiB)
Memory usage after collect: 2242.875 MiB (Increase: 0.0 MiB)
Memory usage before initialization: 2242.875 MiB (Increase: 0.0 MiB)
Memory usage after initialization: 2242.875 MiB (Increase: 0.0 MiB)
Current lengths of episodes: [79, 79]
Memory usage at done (index 1, length 79, since_prev 79): 2242.875 MiB (Increase: 0.0 MiB)
Memory usage before reset: 2242.875 MiB (Increase: 0.0 MiB)
Memory usage after reset: 2242.875 MiB (Increase: 0.0 MiB)
Current lengths of episodes: [1600, 1520]
Memory usage at done (index 0, length 1600, since_prev 1521): 2242.875 MiB (Increase: 0.0 MiB)
Memory usage before reset: 2242.875 MiB (Increase: 0.0 MiB)
Memory usage after reset: 2242.875 MiB (Increase: 0.0 MiB)
Training episode 938
Memory usage at middle: 2242.875 MiB (Increase: 0.0 MiB)
Memory usage before collect: 2242.875 MiB (Increase: 0.0 MiB)
Memory usage after collect: 2242.875 MiB (Increase: 0.0 MiB)
Memory usage before initialization: 2242.875 MiB (Increase: 0.0 MiB)
Memory usage after initialization: 2242.875 MiB (Increase: 0.0 MiB)
Current lengths of episodes: [81, 80]
Memory usage at done (index 0, length 81, since_prev 81): 2242.875 MiB (Increase: 0.0 MiB)
Memory usage before reset: 2242.875 MiB (Increase: 0.0 MiB)
Memory usage after reset: 2242.875 MiB (Increase: 0.0 MiB)
Current lengths of episodes: [115, 195]
Memory usage at done (index 0, length 115, since_prev 115): 2242.875 MiB (Increase: 0.0 MiB)
Memory usage before reset: 2242.875 MiB (Increase: 0.0 MiB)
Memory usage after reset: 2242.875 MiB (Increase: 0.0 MiB)
Training episode 940
Memory usage at middle: 2242.875 MiB (Increase: 0.0 MiB)
Memory usage before collect: 2242.875 MiB (Increase: 0.0 MiB)
Memory usage after collect: 2242.875 MiB (Increase: 0.0 MiB)
Memory usage before initialization: 2242.875 MiB (Increase: 0.0 MiB)
Memory usage after initialization: 2242.875 MiB (Increase: 0.0 MiB)
Current lengths of episodes: [84, 84]
Memory usage at done (index 1, length 84, since_prev 84): 2242.875 MiB (Increase: 0.0 MiB)
Memory usage before reset: 2242.875 MiB (Increase: 0.0 MiB)
Memory usage after reset: 2242.875 MiB (Increase: 0.0 MiB)
Current lengths of episodes: [484, 400]
Memory usage at done (index 1, length 400, since_prev 400): 2242.875 MiB (Increase: 0.0 MiB)
Memory usage before reset: 2242.875 MiB (Increase: 0.0 MiB)
Memory usage after reset: 2242.875 MiB (Increase: 0.0 MiB)
Training episode 942
Memory usage at middle: 2242.875 MiB (Increase: 0.0 MiB)
Memory usage before collect: 2242.875 MiB (Increase: 0.0 MiB)
Memory usage after collect: 2242.875 MiB (Increase: 0.0 MiB)
Memory usage before initialization: 2242.875 MiB (Increase: 0.0 MiB)
Memory usage after initialization: 2242.875 MiB (Increase: 0.0 MiB)
Current lengths of episodes: [67, 67]
Memory usage at done (index 1, length 67, since_prev 67): 2242.875 MiB (Increase: 0.0 MiB)
Memory usage before reset: 2242.875 MiB (Increase: 0.0 MiB)
Memory usage after reset: 2242.875 MiB (Increase: 0.0 MiB)
Current lengths of episodes: [68, 0]
Memory usage at done (index 0, length 68, since_prev 1): 2242.875 MiB (Increase: 0.0 MiB)
Memory usage before reset: 2242.875 MiB (Increase: 0.0 MiB)
Memory usage after reset: 2242.875 MiB (Increase: 0.0 MiB)
Training episode 944
Memory usage at middle: 2242.875 MiB (Increase: 0.0 MiB)
Memory usage before collect: 2242.875 MiB (Increase: 0.0 MiB)
Memory usage after collect: 2242.875 MiB (Increase: 0.0 MiB)
Memory usage before initialization: 2242.875 MiB (Increase: 0.0 MiB)
Memory usage after initialization: 2242.875 MiB (Increase: 0.0 MiB)
Current lengths of episodes: [46, 45]
Memory usage at done (index 0, length 46, since_prev 46): 2242.875 MiB (Increase: 0.0 MiB)
Memory usage before reset: 2242.875 MiB (Increase: 0.0 MiB)
Memory usage after reset: 2242.875 MiB (Increase: 0.0 MiB)
Current lengths of episodes: [7, 53]
Memory usage at done (index 1, length 53, since_prev 7): 2242.875 MiB (Increase: 0.0 MiB)
Memory usage before reset: 2242.875 MiB (Increase: 0.0 MiB)
Memory usage after reset: 2242.875 MiB (Increase: 0.0 MiB)
Training episode 946
Memory usage at middle: 2242.875 MiB (Increase: 0.0 MiB)
Memory usage before collect: 2242.875 MiB (Increase: 0.0 MiB)
Memory usage after collect: 2242.875 MiB (Increase: 0.0 MiB)
Memory usage before initialization: 2242.875 MiB (Increase: 0.0 MiB)
Memory usage after initialization: 2242.875 MiB (Increase: 0.0 MiB)
Current lengths of episodes: [50, 49]
Memory usage at done (index 0, length 50, since_prev 50): 2242.875 MiB (Increase: 0.0 MiB)
Memory usage before reset: 2242.875 MiB (Increase: 0.0 MiB)
Memory usage after reset: 2242.875 MiB (Increase: 0.0 MiB)
Current lengths of episodes: [24, 74]
Memory usage at done (index 1, length 74, since_prev 24): 2242.875 MiB (Increase: 0.0 MiB)
Memory usage before reset: 2242.875 MiB (Increase: 0.0 MiB)
Memory usage after reset: 2242.875 MiB (Increase: 0.0 MiB)
Training episode 948
Memory usage at middle: 2242.875 MiB (Increase: 0.0 MiB)
Memory usage before collect: 2242.875 MiB (Increase: 0.0 MiB)
Memory usage after collect: 2242.875 MiB (Increase: 0.0 MiB)
Memory usage before initialization: 2242.875 MiB (Increase: 0.0 MiB)
Memory usage after initialization: 2242.875 MiB (Increase: 0.0 MiB)
Current lengths of episodes: [109, 108]
Memory usage at done (index 0, length 109, since_prev 109): 2242.875 MiB (Increase: 0.0 MiB)
Memory usage before reset: 2242.875 MiB (Increase: 0.0 MiB)
Memory usage after reset: 2242.875 MiB (Increase: 0.0 MiB)
Current lengths of episodes: [1491, 1600]
Memory usage at done (index 1, length 1600, since_prev 1491): 2242.875 MiB (Increase: 0.0 MiB)
Memory usage before reset: 2242.875 MiB (Increase: 0.0 MiB)
Memory usage after reset: 2242.875 MiB (Increase: 0.0 MiB)
Training episode 950
Memory usage at middle: 2242.875 MiB (Increase: 0.0 MiB)
Memory usage before collect: 2242.875 MiB (Increase: 0.0 MiB)
Memory usage after collect: 2242.875 MiB (Increase: 0.0 MiB)
Episode 950	Average evaluation: -26.710619288179902
Memory usage before initialization: 2242.875 MiB (Increase: 0.0 MiB)
Memory usage after initialization: 2242.875 MiB (Increase: 0.0 MiB)
Current lengths of episodes: [120, 119]
Memory usage at done (index 0, length 120, since_prev 120): 2242.875 MiB (Increase: 0.0 MiB)
Memory usage before reset: 2242.875 MiB (Increase: 0.0 MiB)
Memory usage after reset: 2242.875 MiB (Increase: 0.0 MiB)
Current lengths of episodes: [79, 198]
Memory usage at done (index 0, length 79, since_prev 79): 2242.875 MiB (Increase: 0.0 MiB)
Memory usage before reset: 2242.875 MiB (Increase: 0.0 MiB)
Memory usage after reset: 2242.875 MiB (Increase: 0.0 MiB)
Training episode 952
Memory usage at middle: 2242.875 MiB (Increase: 0.0 MiB)
Memory usage before collect: 2242.875 MiB (Increase: 0.0 MiB)
Memory usage after collect: 2242.875 MiB (Increase: 0.0 MiB)
Memory usage before initialization: 2242.875 MiB (Increase: 0.0 MiB)
Memory usage after initialization: 2242.875 MiB (Increase: 0.0 MiB)
Current lengths of episodes: [50, 49]
Memory usage at done (index 0, length 50, since_prev 50): 2242.875 MiB (Increase: 0.0 MiB)
Memory usage before reset: 2242.875 MiB (Increase: 0.0 MiB)
Memory usage after reset: 2242.875 MiB (Increase: 0.0 MiB)
Current lengths of episodes: [12, 62]
Memory usage at done (index 1, length 62, since_prev 12): 2242.875 MiB (Increase: 0.0 MiB)
Memory usage before reset: 2242.875 MiB (Increase: 0.0 MiB)
Memory usage after reset: 2242.875 MiB (Increase: 0.0 MiB)
Training episode 954
Memory usage at middle: 2242.875 MiB (Increase: 0.0 MiB)
Memory usage before collect: 2242.875 MiB (Increase: 0.0 MiB)
Memory usage after collect: 2242.875 MiB (Increase: 0.0 MiB)
Memory usage before initialization: 2242.875 MiB (Increase: 0.0 MiB)
Memory usage after initialization: 2242.875 MiB (Increase: 0.0 MiB)
Current lengths of episodes: [38, 37]
Memory usage at done (index 0, length 38, since_prev 38): 2242.875 MiB (Increase: 0.0 MiB)
Memory usage before reset: 2242.875 MiB (Increase: 0.0 MiB)
Memory usage after reset: 2242.875 MiB (Increase: 0.0 MiB)
Current lengths of episodes: [1562, 1600]
Memory usage at done (index 1, length 1600, since_prev 1562): 2242.875 MiB (Increase: 0.0 MiB)
Memory usage before reset: 2242.875 MiB (Increase: 0.0 MiB)
Memory usage after reset: 2242.875 MiB (Increase: 0.0 MiB)
Training episode 956
Memory usage at middle: 2242.875 MiB (Increase: 0.0 MiB)
Memory usage before collect: 2242.875 MiB (Increase: 0.0 MiB)
Memory usage after collect: 2242.875 MiB (Increase: 0.0 MiB)
Memory usage before initialization: 2242.875 MiB (Increase: 0.0 MiB)
Memory usage after initialization: 2242.875 MiB (Increase: 0.0 MiB)
Current lengths of episodes: [67, 66]
Memory usage at done (index 0, length 67, since_prev 67): 2242.875 MiB (Increase: 0.0 MiB)
Memory usage before reset: 2242.875 MiB (Increase: 0.0 MiB)
Memory usage after reset: 2242.875 MiB (Increase: 0.0 MiB)
Current lengths of episodes: [368, 434]
Memory usage at done (index 0, length 368, since_prev 368): 2242.875 MiB (Increase: 0.0 MiB)
Memory usage before reset: 2242.875 MiB (Increase: 0.0 MiB)
Memory usage after reset: 2242.875 MiB (Increase: 0.0 MiB)
Training episode 958
Memory usage at middle: 2242.875 MiB (Increase: 0.0 MiB)
Memory usage before collect: 2242.875 MiB (Increase: 0.0 MiB)
Memory usage after collect: 2242.875 MiB (Increase: 0.0 MiB)
Memory usage before initialization: 2242.875 MiB (Increase: 0.0 MiB)
Memory usage after initialization: 2242.875 MiB (Increase: 0.0 MiB)
Current lengths of episodes: [75, 75]
Memory usage at done (index 1, length 75, since_prev 75): 2242.875 MiB (Increase: 0.0 MiB)
Memory usage before reset: 2242.875 MiB (Increase: 0.0 MiB)
Memory usage after reset: 2242.875 MiB (Increase: 0.0 MiB)
Current lengths of episodes: [96, 20]
Memory usage at done (index 0, length 96, since_prev 21): 2242.875 MiB (Increase: 0.0 MiB)
Memory usage before reset: 2242.875 MiB (Increase: 0.0 MiB)
Memory usage after reset: 2242.875 MiB (Increase: 0.0 MiB)
Training episode 960
Memory usage at middle: 2242.875 MiB (Increase: 0.0 MiB)
Memory usage before collect: 2242.875 MiB (Increase: 0.0 MiB)
Memory usage after collect: 2242.875 MiB (Increase: 0.0 MiB)
Memory usage before initialization: 2242.875 MiB (Increase: 0.0 MiB)
Memory usage after initialization: 2242.875 MiB (Increase: 0.0 MiB)
Current lengths of episodes: [1600, 1599]
Memory usage at done (index 0, length 1600, since_prev 1600): 2242.875 MiB (Increase: 0.0 MiB)
Memory usage before reset: 2242.875 MiB (Increase: 0.0 MiB)
Memory usage after reset: 2242.875 MiB (Increase: 0.0 MiB)
Current lengths of episodes: [0, 1600]
Memory usage at done (index 1, length 1600, since_prev 0): 2242.875 MiB (Increase: 0.0 MiB)
Memory usage before reset: 2242.875 MiB (Increase: 0.0 MiB)
Memory usage after reset: 2242.875 MiB (Increase: 0.0 MiB)
Training episode 962
Memory usage at middle: 2242.875 MiB (Increase: 0.0 MiB)
Memory usage before collect: 2242.875 MiB (Increase: 0.0 MiB)
Memory usage after collect: 2242.875 MiB (Increase: 0.0 MiB)
Memory usage before initialization: 2242.875 MiB (Increase: 0.0 MiB)
Memory usage after initialization: 2242.875 MiB (Increase: 0.0 MiB)
Current lengths of episodes: [49, 48]
Memory usage at done (index 0, length 49, since_prev 49): 2242.875 MiB (Increase: 0.0 MiB)
Memory usage before reset: 2242.875 MiB (Increase: 0.0 MiB)
Memory usage after reset: 2242.875 MiB (Increase: 0.0 MiB)
Current lengths of episodes: [125, 173]
Memory usage at done (index 0, length 125, since_prev 125): 2242.875 MiB (Increase: 0.0 MiB)
Memory usage before reset: 2242.875 MiB (Increase: 0.0 MiB)
Memory usage after reset: 2242.875 MiB (Increase: 0.0 MiB)
Training episode 964
Memory usage at middle: 2242.875 MiB (Increase: 0.0 MiB)
Memory usage before collect: 2242.875 MiB (Increase: 0.0 MiB)
Memory usage after collect: 2242.875 MiB (Increase: 0.0 MiB)
Memory usage before initialization: 2242.875 MiB (Increase: 0.0 MiB)
Memory usage after initialization: 2242.875 MiB (Increase: 0.0 MiB)
Current lengths of episodes: [79, 79]
Memory usage at done (index 1, length 79, since_prev 79): 2242.875 MiB (Increase: 0.0 MiB)
Memory usage before reset: 2242.875 MiB (Increase: 0.0 MiB)
Memory usage after reset: 2242.875 MiB (Increase: 0.0 MiB)
Current lengths of episodes: [1600, 1520]
Memory usage at done (index 0, length 1600, since_prev 1521): 2242.875 MiB (Increase: 0.0 MiB)
Memory usage before reset: 2242.875 MiB (Increase: 0.0 MiB)
Memory usage after reset: 2242.875 MiB (Increase: 0.0 MiB)
Training episode 966
Memory usage at middle: 2242.875 MiB (Increase: 0.0 MiB)
Memory usage before collect: 2242.875 MiB (Increase: 0.0 MiB)
Memory usage after collect: 2242.875 MiB (Increase: 0.0 MiB)
Memory usage before initialization: 2242.875 MiB (Increase: 0.0 MiB)
Memory usage after initialization: 2242.875 MiB (Increase: 0.0 MiB)
Current lengths of episodes: [71, 71]
Memory usage at done (index 1, length 71, since_prev 71): 2242.875 MiB (Increase: 0.0 MiB)
Memory usage before reset: 2242.875 MiB (Increase: 0.0 MiB)
Memory usage after reset: 2242.875 MiB (Increase: 0.0 MiB)
Current lengths of episodes: [1600, 1528]
Memory usage at done (index 0, length 1600, since_prev 1529): 2242.875 MiB (Increase: 0.0 MiB)
Memory usage before reset: 2242.875 MiB (Increase: 0.0 MiB)
Memory usage after reset: 2242.875 MiB (Increase: 0.0 MiB)
Training episode 968
Memory usage at middle: 2242.875 MiB (Increase: 0.0 MiB)
Memory usage before collect: 2242.875 MiB (Increase: 0.0 MiB)
Memory usage after collect: 2242.875 MiB (Increase: 0.0 MiB)
Memory usage before initialization: 2242.875 MiB (Increase: 0.0 MiB)
Memory usage after initialization: 2242.875 MiB (Increase: 0.0 MiB)
Current lengths of episodes: [63, 62]
Memory usage at done (index 0, length 63, since_prev 63): 2242.875 MiB (Increase: 0.0 MiB)
Memory usage before reset: 2242.875 MiB (Increase: 0.0 MiB)
Memory usage after reset: 2242.875 MiB (Increase: 0.0 MiB)
Current lengths of episodes: [43, 105]
Memory usage at done (index 0, length 43, since_prev 43): 2242.875 MiB (Increase: 0.0 MiB)
Memory usage before reset: 2242.875 MiB (Increase: 0.0 MiB)
Memory usage after reset: 2242.875 MiB (Increase: 0.0 MiB)
Training episode 970
Memory usage at middle: 2242.875 MiB (Increase: 0.0 MiB)
Memory usage before collect: 2242.875 MiB (Increase: 0.0 MiB)
Memory usage after collect: 2242.875 MiB (Increase: 0.0 MiB)
Memory usage before initialization: 2242.875 MiB (Increase: 0.0 MiB)
Memory usage after initialization: 2242.875 MiB (Increase: 0.0 MiB)
Current lengths of episodes: [57, 56]
Memory usage at done (index 0, length 57, since_prev 57): 2242.875 MiB (Increase: 0.0 MiB)
Memory usage before reset: 2242.875 MiB (Increase: 0.0 MiB)
Memory usage after reset: 2242.875 MiB (Increase: 0.0 MiB)
Current lengths of episodes: [18, 75]
Memory usage at done (index 1, length 75, since_prev 18): 2242.875 MiB (Increase: 0.0 MiB)
Memory usage before reset: 2242.875 MiB (Increase: 0.0 MiB)
Memory usage after reset: 2242.875 MiB (Increase: 0.0 MiB)
Training episode 972
Memory usage at middle: 2242.875 MiB (Increase: 0.0 MiB)
Memory usage before collect: 2242.875 MiB (Increase: 0.0 MiB)
Memory usage after collect: 2242.875 MiB (Increase: 0.0 MiB)
Memory usage before initialization: 2242.875 MiB (Increase: 0.0 MiB)
Memory usage after initialization: 2242.875 MiB (Increase: 0.0 MiB)
Current lengths of episodes: [56, 56]
Memory usage at done (index 1, length 56, since_prev 56): 2242.875 MiB (Increase: 0.0 MiB)
Memory usage before reset: 2242.875 MiB (Increase: 0.0 MiB)
Memory usage after reset: 2242.875 MiB (Increase: 0.0 MiB)
Current lengths of episodes: [1600, 1543]
Memory usage at done (index 0, length 1600, since_prev 1544): 2242.875 MiB (Increase: 0.0 MiB)
Memory usage before reset: 2242.875 MiB (Increase: 0.0 MiB)
Memory usage after reset: 2242.875 MiB (Increase: 0.0 MiB)
Training episode 974
Memory usage at middle: 2242.875 MiB (Increase: 0.0 MiB)
Memory usage before collect: 2242.875 MiB (Increase: 0.0 MiB)
Memory usage after collect: 2242.875 MiB (Increase: 0.0 MiB)
Memory usage before initialization: 2242.875 MiB (Increase: 0.0 MiB)
Memory usage after initialization: 2242.875 MiB (Increase: 0.0 MiB)
Current lengths of episodes: [110, 109]
Memory usage at done (index 0, length 110, since_prev 110): 2242.875 MiB (Increase: 0.0 MiB)
Memory usage before reset: 2242.875 MiB (Increase: 0.0 MiB)
Memory usage after reset: 2242.875 MiB (Increase: 0.0 MiB)
Current lengths of episodes: [1490, 1600]
Memory usage at done (index 1, length 1600, since_prev 1490): 2242.875 MiB (Increase: 0.0 MiB)
Memory usage before reset: 2242.875 MiB (Increase: 0.0 MiB)
Memory usage after reset: 2242.875 MiB (Increase: 0.0 MiB)
Training episode 976
Memory usage at middle: 2242.875 MiB (Increase: 0.0 MiB)
Memory usage before collect: 2242.875 MiB (Increase: 0.0 MiB)
Memory usage after collect: 2242.875 MiB (Increase: 0.0 MiB)
Memory usage before initialization: 2242.875 MiB (Increase: 0.0 MiB)
Memory usage after initialization: 2242.875 MiB (Increase: 0.0 MiB)
Current lengths of episodes: [1600, 1599]
Memory usage at done (index 0, length 1600, since_prev 1600): 2242.875 MiB (Increase: 0.0 MiB)
Memory usage before reset: 2242.875 MiB (Increase: 0.0 MiB)
Memory usage after reset: 2242.875 MiB (Increase: 0.0 MiB)
Current lengths of episodes: [0, 1600]
Memory usage at done (index 1, length 1600, since_prev 0): 2242.875 MiB (Increase: 0.0 MiB)
Memory usage before reset: 2242.875 MiB (Increase: 0.0 MiB)
Memory usage after reset: 2242.875 MiB (Increase: 0.0 MiB)
Training episode 978
Memory usage at middle: 2242.875 MiB (Increase: 0.0 MiB)
Memory usage before collect: 2242.875 MiB (Increase: 0.0 MiB)
Memory usage after collect: 2242.875 MiB (Increase: 0.0 MiB)
Memory usage before initialization: 2242.875 MiB (Increase: 0.0 MiB)
Memory usage after initialization: 2242.875 MiB (Increase: 0.0 MiB)
Current lengths of episodes: [68, 67]
Memory usage at done (index 0, length 68, since_prev 68): 2242.875 MiB (Increase: 0.0 MiB)
Memory usage before reset: 2242.875 MiB (Increase: 0.0 MiB)
Memory usage after reset: 2242.875 MiB (Increase: 0.0 MiB)
Current lengths of episodes: [1532, 1600]
Memory usage at done (index 1, length 1600, since_prev 1532): 2242.875 MiB (Increase: 0.0 MiB)
Memory usage before reset: 2242.875 MiB (Increase: 0.0 MiB)
Memory usage after reset: 2242.875 MiB (Increase: 0.0 MiB)
Training episode 980
Memory usage at middle: 2242.875 MiB (Increase: 0.0 MiB)
Memory usage before collect: 2242.875 MiB (Increase: 0.0 MiB)
Memory usage after collect: 2242.875 MiB (Increase: 0.0 MiB)
Memory usage before initialization: 2242.875 MiB (Increase: 0.0 MiB)
Memory usage after initialization: 2242.875 MiB (Increase: 0.0 MiB)
Current lengths of episodes: [1600, 1599]
Memory usage at done (index 0, length 1600, since_prev 1600): 2242.875 MiB (Increase: 0.0 MiB)
Memory usage before reset: 2242.875 MiB (Increase: 0.0 MiB)
Memory usage after reset: 2242.875 MiB (Increase: 0.0 MiB)
Current lengths of episodes: [0, 1600]
Memory usage at done (index 1, length 1600, since_prev 0): 2242.875 MiB (Increase: 0.0 MiB)
Memory usage before reset: 2242.875 MiB (Increase: 0.0 MiB)
Memory usage after reset: 2242.875 MiB (Increase: 0.0 MiB)
Training episode 982
Memory usage at middle: 2242.875 MiB (Increase: 0.0 MiB)
Memory usage before collect: 2242.875 MiB (Increase: 0.0 MiB)
Memory usage after collect: 2242.875 MiB (Increase: 0.0 MiB)
Memory usage before initialization: 2242.875 MiB (Increase: 0.0 MiB)
Memory usage after initialization: 2242.875 MiB (Increase: 0.0 MiB)
Current lengths of episodes: [81, 80]
Memory usage at done (index 0, length 81, since_prev 81): 2242.875 MiB (Increase: 0.0 MiB)
Memory usage before reset: 2242.875 MiB (Increase: 0.0 MiB)
Memory usage after reset: 2242.875 MiB (Increase: 0.0 MiB)
Current lengths of episodes: [16, 97]
Memory usage at done (index 1, length 97, since_prev 16): 2242.875 MiB (Increase: 0.0 MiB)
Memory usage before reset: 2242.875 MiB (Increase: 0.0 MiB)
Memory usage after reset: 2242.875 MiB (Increase: 0.0 MiB)
Training episode 984
Memory usage at middle: 2242.875 MiB (Increase: 0.0 MiB)
Memory usage before collect: 2242.875 MiB (Increase: 0.0 MiB)
Memory usage after collect: 2242.875 MiB (Increase: 0.0 MiB)
Memory usage before initialization: 2242.875 MiB (Increase: 0.0 MiB)
Memory usage after initialization: 2242.875 MiB (Increase: 0.0 MiB)
Current lengths of episodes: [1600, 1599]
Memory usage at done (index 0, length 1600, since_prev 1600): 2242.875 MiB (Increase: 0.0 MiB)
Memory usage before reset: 2242.875 MiB (Increase: 0.0 MiB)
Memory usage after reset: 2242.875 MiB (Increase: 0.0 MiB)
Current lengths of episodes: [0, 1600]
Memory usage at done (index 1, length 1600, since_prev 0): 2242.875 MiB (Increase: 0.0 MiB)
Memory usage before reset: 2242.875 MiB (Increase: 0.0 MiB)
Memory usage after reset: 2242.875 MiB (Increase: 0.0 MiB)
Training episode 986
Memory usage at middle: 2242.875 MiB (Increase: 0.0 MiB)
Memory usage before collect: 2242.875 MiB (Increase: 0.0 MiB)
Memory usage after collect: 2242.875 MiB (Increase: 0.0 MiB)
Memory usage before initialization: 2242.875 MiB (Increase: 0.0 MiB)
Memory usage after initialization: 2242.875 MiB (Increase: 0.0 MiB)
Current lengths of episodes: [69, 69]
Memory usage at done (index 1, length 69, since_prev 69): 2242.875 MiB (Increase: 0.0 MiB)
Memory usage before reset: 2242.875 MiB (Increase: 0.0 MiB)
Memory usage after reset: 2242.875 MiB (Increase: 0.0 MiB)
Current lengths of episodes: [1600, 1530]
Memory usage at done (index 0, length 1600, since_prev 1531): 2242.875 MiB (Increase: 0.0 MiB)
Memory usage before reset: 2242.875 MiB (Increase: 0.0 MiB)
Memory usage after reset: 2242.875 MiB (Increase: 0.0 MiB)
Training episode 988
Memory usage at middle: 2242.875 MiB (Increase: 0.0 MiB)
Memory usage before collect: 2242.875 MiB (Increase: 0.0 MiB)
Memory usage after collect: 2242.875 MiB (Increase: 0.0 MiB)
Memory usage before initialization: 2242.875 MiB (Increase: 0.0 MiB)
Memory usage after initialization: 2242.875 MiB (Increase: 0.0 MiB)
Current lengths of episodes: [1600, 1599]
Memory usage at done (index 0, length 1600, since_prev 1600): 2242.875 MiB (Increase: 0.0 MiB)
Memory usage before reset: 2242.875 MiB (Increase: 0.0 MiB)
Memory usage after reset: 2242.875 MiB (Increase: 0.0 MiB)
Current lengths of episodes: [0, 1600]
Memory usage at done (index 1, length 1600, since_prev 0): 2242.875 MiB (Increase: 0.0 MiB)
Memory usage before reset: 2242.875 MiB (Increase: 0.0 MiB)
Memory usage after reset: 2242.875 MiB (Increase: 0.0 MiB)
Training episode 990
Memory usage at middle: 2242.875 MiB (Increase: 0.0 MiB)
Memory usage before collect: 2242.875 MiB (Increase: 0.0 MiB)
Memory usage after collect: 2242.875 MiB (Increase: 0.0 MiB)
Memory usage before initialization: 2242.875 MiB (Increase: 0.0 MiB)
Memory usage after initialization: 2242.875 MiB (Increase: 0.0 MiB)
Current lengths of episodes: [62, 62]
Memory usage at done (index 1, length 62, since_prev 62): 2242.875 MiB (Increase: 0.0 MiB)
Memory usage before reset: 2242.875 MiB (Increase: 0.0 MiB)
Memory usage after reset: 2242.875 MiB (Increase: 0.0 MiB)
Current lengths of episodes: [1600, 1537]
Memory usage at done (index 0, length 1600, since_prev 1538): 2242.875 MiB (Increase: 0.0 MiB)
Memory usage before reset: 2242.875 MiB (Increase: 0.0 MiB)
Memory usage after reset: 2242.875 MiB (Increase: 0.0 MiB)
Training episode 992
Memory usage at middle: 2242.875 MiB (Increase: 0.0 MiB)
Memory usage before collect: 2242.875 MiB (Increase: 0.0 MiB)
Memory usage after collect: 2242.875 MiB (Increase: 0.0 MiB)
Memory usage before initialization: 2242.875 MiB (Increase: 0.0 MiB)
Memory usage after initialization: 2242.875 MiB (Increase: 0.0 MiB)
Current lengths of episodes: [1600, 1599]
Memory usage at done (index 0, length 1600, since_prev 1600): 2242.875 MiB (Increase: 0.0 MiB)
Memory usage before reset: 2242.875 MiB (Increase: 0.0 MiB)
Memory usage after reset: 2242.875 MiB (Increase: 0.0 MiB)
Current lengths of episodes: [0, 1600]
Memory usage at done (index 1, length 1600, since_prev 0): 2242.875 MiB (Increase: 0.0 MiB)
Memory usage before reset: 2242.875 MiB (Increase: 0.0 MiB)
Memory usage after reset: 2242.875 MiB (Increase: 0.0 MiB)
Training episode 994
Memory usage at middle: 2242.875 MiB (Increase: 0.0 MiB)
Memory usage before collect: 2242.875 MiB (Increase: 0.0 MiB)
Memory usage after collect: 2242.875 MiB (Increase: 0.0 MiB)
Memory usage before initialization: 2242.875 MiB (Increase: 0.0 MiB)
Memory usage after initialization: 2242.875 MiB (Increase: 0.0 MiB)
Current lengths of episodes: [1600, 1599]
Memory usage at done (index 0, length 1600, since_prev 1600): 2242.875 MiB (Increase: 0.0 MiB)
Memory usage before reset: 2242.875 MiB (Increase: 0.0 MiB)
Memory usage after reset: 2242.875 MiB (Increase: 0.0 MiB)
Current lengths of episodes: [0, 1600]
Memory usage at done (index 1, length 1600, since_prev 0): 2242.875 MiB (Increase: 0.0 MiB)
Memory usage before reset: 2242.875 MiB (Increase: 0.0 MiB)
Memory usage after reset: 2242.875 MiB (Increase: 0.0 MiB)
Training episode 996
Memory usage at middle: 2242.875 MiB (Increase: 0.0 MiB)
Memory usage before collect: 2242.875 MiB (Increase: 0.0 MiB)
Memory usage after collect: 2242.875 MiB (Increase: 0.0 MiB)
Memory usage before initialization: 2242.875 MiB (Increase: 0.0 MiB)
Memory usage after initialization: 2242.875 MiB (Increase: 0.0 MiB)
Current lengths of episodes: [95, 94]
Memory usage at done (index 0, length 95, since_prev 95): 2242.875 MiB (Increase: 0.0 MiB)
Memory usage before reset: 2242.875 MiB (Increase: 0.0 MiB)
Memory usage after reset: 2242.875 MiB (Increase: 0.0 MiB)
Current lengths of episodes: [63, 157]
Memory usage at done (index 0, length 63, since_prev 63): 2242.875 MiB (Increase: 0.0 MiB)
Memory usage before reset: 2242.875 MiB (Increase: 0.0 MiB)
Memory usage after reset: 2242.875 MiB (Increase: 0.0 MiB)
Training episode 998
Memory usage at middle: 2242.875 MiB (Increase: 0.0 MiB)
Memory usage before collect: 2242.875 MiB (Increase: 0.0 MiB)
Memory usage after collect: 2242.875 MiB (Increase: 0.0 MiB)
Memory usage before initialization: 2242.875 MiB (Increase: 0.0 MiB)
Memory usage after initialization: 2242.875 MiB (Increase: 0.0 MiB)
Current lengths of episodes: [54, 53]
Memory usage at done (index 0, length 54, since_prev 54): 2242.875 MiB (Increase: 0.0 MiB)
Memory usage before reset: 2242.875 MiB (Increase: 0.0 MiB)
Memory usage after reset: 2242.875 MiB (Increase: 0.0 MiB)
Current lengths of episodes: [61, 114]
Memory usage at done (index 0, length 61, since_prev 61): 2242.875 MiB (Increase: 0.0 MiB)
Memory usage before reset: 2242.875 MiB (Increase: 0.0 MiB)
Memory usage after reset: 2242.875 MiB (Increase: 0.0 MiB)
Training episode 1000
Memory usage at middle: 2242.875 MiB (Increase: 0.0 MiB)
Memory usage before collect: 2242.875 MiB (Increase: 0.0 MiB)
Memory usage after collect: 2242.875 MiB (Increase: 0.0 MiB)
Episode 1000	Average evaluation: -29.71991791417016
Current best exp_BW_validation:  -21.82848125093343  reached at episode  350 .
Memory usage at end: 2242.875 MiB (Increase: 0.0 MiB)
Memory used by function: 1869.265625 MiB
Best average after 350 episodes: -21.82848125093343
Training took 6398.3162841796875 seconds

###############################################################################
Hábrók Cluster
Job 9076348 for user s3512290
Finished at: Mon May 20 01:03:44 CEST 2024

Job details:
============

Job ID              : 9076348
Name                : batchBWtest.sh
User                : s3512290
Partition           : regularmedium
Nodes               : node93
Number of Nodes     : 1
Cores               : 1
Number of Tasks     : 1
State               : RUNNING
Submit              : 2024-05-19T23:14:07
Start               : 2024-05-19T23:16:47
End                 : --
Reserved walltime   : 12:00:00
Used walltime       : 01:46:58
Used CPU time       : 01:45:53 (efficiency: 98.99%)
% User (Computation): 79.65%
% System (I/O)      : 20.36%
Mem reserved        : 10000M
Max Mem (Node/step) : 2.02G (node93, per node)
Full Max Mem usage  : 2.02G (Until last completed step)
Total Disk Read     : 937.62M (Until last completed step)
Total Disk Write    : 905.19M (Until last completed step)

Acknowledgements:
=================

Please see this page for information about acknowledging Hábrók in your publications:

https://wiki.hpc.rug.nl/habrok/introduction/scientific_output

################################################################################
