The following modules were not unloaded:
  (Use "module --force purge" to unload all):

  1) 2023.01   2) StdEnv
Created Directory Master_Thesis_Code/BP_A2C/bipedal_walker/exploration/BP_RNN_a2c_result_47_2024519_entropycoef_0.0001_valuepredcoef_0.0001_learningrate_1e-05_numtrainepisodes_1000_selectionmethod_exp_BW_validation_trainingmethod_original_numneurons_96 to store the results in
Run # 0
WARNING: Batch size larger than 1 not implemented yet for all training algorithms.
Section 1 out of 1 sections
GPU is not available
Memory usage at start: 385.86328125 MiB
/home3/s3512290/venvs/LTC/lib/python3.8/site-packages/gym/logger.py:30: UserWarning: [33mWARN: Box bound precision lowered by casting to float32[0m
  warnings.warn(colorize('%s: %s'%('WARN', msg % args), 'yellow'))
Memory usage before initialization: 386.68359375 MiB (Increase: 0.8203125 MiB)
Memory usage after initialization: 387.0 MiB (Increase: 0.31640625 MiB)
Current lengths of episodes: [43, 42, 42, 42, 42, 42, 42, 42, 42, 42]
New longest episode length: 43, previous longest: 0
Memory usage at done (index 0, length 43, since_prev 42): 494.8515625 MiB (Increase: 107.8515625 MiB)
Memory usage before reset: 494.8515625 MiB (Increase: 0.0 MiB)
Memory usage after reset: 495.109375 MiB (Increase: 0.2578125 MiB)
Current lengths of episodes: [11, 54, 54, 54, 54, 53, 53, 53, 53, 53]
New longest episode length: 54, previous longest: 43
Memory usage at done (index 4, length 54, since_prev 11): 520.421875 MiB (Increase: 25.3125 MiB)
Memory usage before reset: 520.421875 MiB (Increase: 0.0 MiB)
Memory usage after reset: 520.765625 MiB (Increase: 0.34375 MiB)
Current lengths of episodes: [21, 64, 64, 64, 10, 64, 64, 63, 63, 63]
New longest episode length: 64, previous longest: 54
Memory usage at done (index 6, length 64, since_prev 10): 543.625 MiB (Increase: 22.859375 MiB)
Memory usage before reset: 543.625 MiB (Increase: 0.0 MiB)
Memory usage after reset: 543.82421875 MiB (Increase: 0.19921875 MiB)
Current lengths of episodes: [26, 69, 69, 69, 15, 69, 5, 69, 68, 68]
New longest episode length: 69, previous longest: 64
Memory usage at done (index 7, length 69, since_prev 5): 555.41796875 MiB (Increase: 11.59375 MiB)
Memory usage before reset: 555.41796875 MiB (Increase: 0.0 MiB)
Memory usage after reset: 555.6171875 MiB (Increase: 0.19921875 MiB)
Current lengths of episodes: [37, 80, 80, 80, 25, 79, 15, 10, 79, 79]
New longest episode length: 80, previous longest: 69
Memory usage at done (index 3, length 80, since_prev 11): 580.921875 MiB (Increase: 25.3046875 MiB)
Memory usage before reset: 580.921875 MiB (Increase: 0.0 MiB)
Memory usage after reset: 581.1484375 MiB (Increase: 0.2265625 MiB)
Current lengths of episodes: [57, 100, 99, 19, 45, 99, 35, 30, 99, 99]
New longest episode length: 100, previous longest: 80
Memory usage at done (index 1, length 100, since_prev 20): 627.01171875 MiB (Increase: 45.86328125 MiB)
Memory usage before reset: 627.01171875 MiB (Increase: 0.0 MiB)
Memory usage after reset: 627.19921875 MiB (Increase: 0.1875 MiB)
Current lengths of episodes: [95, 38, 138, 58, 84, 137, 73, 68, 137, 137]
Memory usage at done (index 4, length 84, since_prev 38): 714.21484375 MiB (Increase: 87.015625 MiB)
Memory usage before reset: 714.21484375 MiB (Increase: 0.0 MiB)
Memory usage after reset: 714.41796875 MiB (Increase: 0.203125 MiB)
Current lengths of episodes: [102, 45, 145, 65, 6, 144, 80, 75, 144, 144]
Memory usage at done (index 3, length 65, since_prev 7): 730.58203125 MiB (Increase: 16.1640625 MiB)
Memory usage before reset: 730.58203125 MiB (Increase: 0.0 MiB)
Memory usage after reset: 730.7890625 MiB (Increase: 0.20703125 MiB)
Current lengths of episodes: [102, 45, 145, 0, 7, 145, 81, 76, 144, 144]
Memory usage at done (index 7, length 76, since_prev 0): 730.7890625 MiB (Increase: 0.0 MiB)
Memory usage before reset: 730.7890625 MiB (Increase: 0.0 MiB)
Memory usage after reset: 731.265625 MiB (Increase: 0.4765625 MiB)
Current lengths of episodes: [122, 64, 164, 19, 26, 164, 100, 19, 164, 164]
New longest episode length: 122, previous longest: 100
Memory usage at done (index 0, length 122, since_prev 20): 777.01953125 MiB (Increase: 45.75390625 MiB)
Memory usage before reset: 777.01953125 MiB (Increase: 0.0 MiB)
Memory usage after reset: 777.19921875 MiB (Increase: 0.1796875 MiB)
Training episode 10
Memory usage at middle: 777.19921875 MiB (Increase: 0.0 MiB)
Memory usage before collect: 782.94921875 MiB (Increase: 5.75 MiB)
Memory usage after collect: 782.94921875 MiB (Increase: 0.0 MiB)
Memory usage before initialization: 782.94921875 MiB (Increase: 0.0 MiB)
Memory usage after initialization: 782.94921875 MiB (Increase: 0.0 MiB)
Current lengths of episodes: [60, 60, 59, 59, 59, 59, 59, 59, 59, 59]
Memory usage at done (index 1, length 60, since_prev 60): 896.45703125 MiB (Increase: 113.5078125 MiB)
Memory usage before reset: 896.45703125 MiB (Increase: 0.0 MiB)
Memory usage after reset: 896.6484375 MiB (Increase: 0.19140625 MiB)
Current lengths of episodes: [66, 6, 66, 66, 66, 66, 65, 65, 65, 65]
Memory usage at done (index 5, length 66, since_prev 6): 909.83203125 MiB (Increase: 13.18359375 MiB)
Memory usage before reset: 909.83203125 MiB (Increase: 0.0 MiB)
Memory usage after reset: 910.0546875 MiB (Increase: 0.22265625 MiB)
Current lengths of episodes: [77, 17, 77, 76, 76, 10, 76, 76, 76, 76]
Memory usage at done (index 2, length 77, since_prev 11): 935.33203125 MiB (Increase: 25.27734375 MiB)
Memory usage before reset: 935.33203125 MiB (Increase: 0.0 MiB)
Memory usage after reset: 935.5546875 MiB (Increase: 0.22265625 MiB)
Current lengths of episodes: [121, 61, 44, 121, 121, 55, 120, 120, 120, 120]
Memory usage at done (index 5, length 55, since_prev 44): 1036.2109375 MiB (Increase: 100.65625 MiB)
Memory usage before reset: 1036.2109375 MiB (Increase: 0.0 MiB)
Memory usage after reset: 1036.5625 MiB (Increase: 0.3515625 MiB)
Current lengths of episodes: [131, 71, 54, 130, 130, 9, 130, 130, 130, 130]
Memory usage at done (index 2, length 54, since_prev 10): 1059.43359375 MiB (Increase: 22.87109375 MiB)
Memory usage before reset: 1059.43359375 MiB (Increase: 0.0 MiB)
Memory usage after reset: 1059.6015625 MiB (Increase: 0.16796875 MiB)
Current lengths of episodes: [203, 143, 72, 203, 203, 82, 202, 202, 202, 202]
Memory usage at done (index 5, length 82, since_prev 72): 1224.33203125 MiB (Increase: 164.73046875 MiB)
Memory usage before reset: 1224.33203125 MiB (Increase: 0.0 MiB)
Memory usage after reset: 1224.52734375 MiB (Increase: 0.1953125 MiB)
Current lengths of episodes: [215, 155, 84, 214, 214, 11, 214, 214, 214, 214]
Memory usage at done (index 2, length 84, since_prev 12): 1252.11328125 MiB (Increase: 27.5859375 MiB)
Memory usage before reset: 1252.11328125 MiB (Increase: 0.0 MiB)
Memory usage after reset: 1252.3203125 MiB (Increase: 0.20703125 MiB)
Current lengths of episodes: [552, 492, 336, 551, 551, 348, 551, 551, 551, 551]
New longest episode length: 492, previous longest: 122
Memory usage at done (index 1, length 492, since_prev 337): 2022.72265625 MiB (Increase: 770.40234375 MiB)
Memory usage before reset: 2022.72265625 MiB (Increase: 0.0 MiB)
Memory usage after reset: 2022.859375 MiB (Increase: 0.13671875 MiB)
Current lengths of episodes: [675, 122, 459, 674, 674, 471, 674, 674, 674, 674]
New longest episode length: 675, previous longest: 492
Memory usage at done (index 0, length 675, since_prev 123): 2304.21875 MiB (Increase: 281.359375 MiB)
Memory usage before reset: 2304.21875 MiB (Increase: 0.0 MiB)
Memory usage after reset: 2304.39453125 MiB (Increase: 0.17578125 MiB)
Current lengths of episodes: [61, 184, 520, 735, 735, 532, 735, 735, 735, 735]
Memory usage at done (index 1, length 184, since_prev 61): 2443.98046875 MiB (Increase: 139.5859375 MiB)
Memory usage before reset: 2443.98046875 MiB (Increase: 0.0 MiB)
Memory usage after reset: 2444.18359375 MiB (Increase: 0.203125 MiB)
Training episode 20
Memory usage at middle: 2444.18359375 MiB (Increase: 0.0 MiB)
Memory usage before collect: 2444.58203125 MiB (Increase: 0.3984375 MiB)
Memory usage after collect: 2444.58203125 MiB (Increase: 0.0 MiB)
Memory usage before initialization: 2444.58203125 MiB (Increase: 0.0 MiB)
Memory usage after initialization: 2444.58203125 MiB (Increase: 0.0 MiB)
Current lengths of episodes: [50, 50, 50, 50, 50, 50, 50, 50, 50, 50]
Memory usage at done (index 9, length 50, since_prev 50): 2444.6171875 MiB (Increase: 0.03515625 MiB)
Memory usage before reset: 2444.6171875 MiB (Increase: 0.0 MiB)
Memory usage after reset: 2444.6171875 MiB (Increase: 0.0 MiB)
Current lengths of episodes: [63, 63, 62, 62, 62, 62, 62, 62, 62, 12]
Memory usage at done (index 1, length 63, since_prev 13): 2444.6171875 MiB (Increase: 0.0 MiB)
Memory usage before reset: 2444.6171875 MiB (Increase: 0.0 MiB)
Memory usage after reset: 2444.6171875 MiB (Increase: 0.0 MiB)
Current lengths of episodes: [65, 1, 64, 64, 64, 64, 64, 64, 64, 14]
Memory usage at done (index 0, length 65, since_prev 2): 2444.6171875 MiB (Increase: 0.0 MiB)
Memory usage before reset: 2444.6171875 MiB (Increase: 0.0 MiB)
Memory usage after reset: 2444.6171875 MiB (Increase: 0.0 MiB)
Current lengths of episodes: [13, 15, 78, 77, 77, 77, 77, 77, 77, 27]
Memory usage at done (index 2, length 78, since_prev 13): 2444.62109375 MiB (Increase: 0.00390625 MiB)
Memory usage before reset: 2444.62109375 MiB (Increase: 0.0 MiB)
Memory usage after reset: 2444.62109375 MiB (Increase: 0.0 MiB)
Current lengths of episodes: [18, 20, 5, 83, 83, 83, 82, 82, 82, 32]
Memory usage at done (index 5, length 83, since_prev 5): 2444.62109375 MiB (Increase: 0.0 MiB)
Memory usage before reset: 2444.62109375 MiB (Increase: 0.0 MiB)
Memory usage after reset: 2444.62109375 MiB (Increase: 0.0 MiB)
Current lengths of episodes: [54, 56, 41, 119, 119, 36, 119, 119, 119, 69]
Memory usage at done (index 9, length 69, since_prev 36): 2444.62109375 MiB (Increase: 0.0 MiB)
Memory usage before reset: 2444.62109375 MiB (Increase: 0.0 MiB)
Memory usage after reset: 2444.62109375 MiB (Increase: 0.0 MiB)
Current lengths of episodes: [69, 71, 55, 133, 133, 50, 133, 133, 133, 14]
Memory usage at done (index 1, length 71, since_prev 15): 2444.62109375 MiB (Increase: 0.0 MiB)
Memory usage before reset: 2444.62109375 MiB (Increase: 0.0 MiB)
Memory usage after reset: 2444.62109375 MiB (Increase: 0.0 MiB)
Current lengths of episodes: [116, 47, 103, 181, 181, 98, 181, 181, 181, 62]
Memory usage at done (index 9, length 62, since_prev 47): 2475.69921875 MiB (Increase: 31.078125 MiB)
Memory usage before reset: 2475.69921875 MiB (Increase: 0.0 MiB)
Memory usage after reset: 2475.921875 MiB (Increase: 0.22265625 MiB)
Current lengths of episodes: [134, 64, 120, 198, 198, 115, 198, 198, 198, 17]
Memory usage at done (index 0, length 134, since_prev 18): 2514.03125 MiB (Increase: 38.109375 MiB)
Memory usage before reset: 2514.03125 MiB (Increase: 0.0 MiB)
Memory usage after reset: 2514.25390625 MiB (Increase: 0.22265625 MiB)
Current lengths of episodes: [5, 70, 125, 203, 203, 120, 203, 203, 203, 22]
Memory usage at done (index 1, length 70, since_prev 5): 2524.93359375 MiB (Increase: 10.6796875 MiB)
Memory usage before reset: 2524.93359375 MiB (Increase: 0.0 MiB)
Memory usage after reset: 2525.15625 MiB (Increase: 0.22265625 MiB)
Training episode 30
Memory usage at middle: 2525.15625 MiB (Increase: 0.0 MiB)
Memory usage before collect: 2525.25390625 MiB (Increase: 0.09765625 MiB)
Memory usage after collect: 2525.25390625 MiB (Increase: 0.0 MiB)
Memory usage before initialization: 2525.25390625 MiB (Increase: 0.0 MiB)
Memory usage after initialization: 2525.25390625 MiB (Increase: 0.0 MiB)
Current lengths of episodes: [70, 70, 69, 69, 69, 69, 69, 69, 69, 69]
Memory usage at done (index 1, length 70, since_prev 70): 2525.2890625 MiB (Increase: 0.03515625 MiB)
Memory usage before reset: 2525.2890625 MiB (Increase: 0.0 MiB)
Memory usage after reset: 2525.2890625 MiB (Increase: 0.0 MiB)
Current lengths of episodes: [72, 2, 72, 72, 72, 71, 71, 71, 71, 71]
Memory usage at done (index 4, length 72, since_prev 2): 2525.2890625 MiB (Increase: 0.0 MiB)
Memory usage before reset: 2525.2890625 MiB (Increase: 0.0 MiB)
Memory usage after reset: 2525.2890625 MiB (Increase: 0.0 MiB)
Current lengths of episodes: [98, 27, 97, 97, 25, 97, 97, 97, 97, 97]
Memory usage at done (index 0, length 98, since_prev 26): 2525.2890625 MiB (Increase: 0.0 MiB)
Memory usage before reset: 2525.2890625 MiB (Increase: 0.0 MiB)
Memory usage after reset: 2525.2890625 MiB (Increase: 0.0 MiB)
Current lengths of episodes: [12, 40, 110, 109, 37, 109, 109, 109, 109, 109]
Memory usage at done (index 2, length 110, since_prev 12): 2525.33984375 MiB (Increase: 0.05078125 MiB)
Memory usage before reset: 2525.33984375 MiB (Increase: 0.0 MiB)
Memory usage after reset: 2525.33984375 MiB (Increase: 0.0 MiB)
Current lengths of episodes: [12, 40, 0, 110, 38, 110, 110, 110, 110, 109]
Memory usage at done (index 8, length 110, since_prev 0): 2525.33984375 MiB (Increase: 0.0 MiB)
Memory usage before reset: 2525.33984375 MiB (Increase: 0.0 MiB)
Memory usage after reset: 2525.33984375 MiB (Increase: 0.0 MiB)
Current lengths of episodes: [63, 91, 51, 161, 89, 161, 161, 161, 51, 160]
Memory usage at done (index 8, length 51, since_prev 51): 2525.33984375 MiB (Increase: 0.0 MiB)
Memory usage before reset: 2525.33984375 MiB (Increase: 0.0 MiB)
Memory usage after reset: 2525.33984375 MiB (Increase: 0.0 MiB)
Current lengths of episodes: [70, 97, 57, 167, 95, 167, 167, 167, 6, 167]
Memory usage at done (index 0, length 70, since_prev 7): 2525.33984375 MiB (Increase: 0.0 MiB)
Memory usage before reset: 2525.33984375 MiB (Increase: 0.0 MiB)
Memory usage after reset: 2525.33984375 MiB (Increase: 0.0 MiB)
Current lengths of episodes: [2, 100, 60, 170, 98, 170, 170, 170, 8, 169]
Memory usage at done (index 7, length 170, since_prev 2): 2525.33984375 MiB (Increase: 0.0 MiB)
Memory usage before reset: 2525.33984375 MiB (Increase: 0.0 MiB)
Memory usage after reset: 2525.33984375 MiB (Increase: 0.0 MiB)
Current lengths of episodes: [6, 104, 64, 174, 102, 174, 173, 3, 12, 173]
Memory usage at done (index 5, length 174, since_prev 4): 2525.33984375 MiB (Increase: 0.0 MiB)
Memory usage before reset: 2525.33984375 MiB (Increase: 0.0 MiB)
Memory usage after reset: 2525.33984375 MiB (Increase: 0.0 MiB)
Current lengths of episodes: [87, 185, 145, 255, 183, 81, 255, 85, 94, 254]
Memory usage at done (index 8, length 94, since_prev 81): 2525.33984375 MiB (Increase: 0.0 MiB)
Memory usage before reset: 2525.33984375 MiB (Increase: 0.0 MiB)
Memory usage after reset: 2525.33984375 MiB (Increase: 0.0 MiB)
Training episode 40
Memory usage at middle: 2525.33984375 MiB (Increase: 0.0 MiB)
Memory usage before collect: 2525.33984375 MiB (Increase: 0.0 MiB)
Memory usage after collect: 2525.33984375 MiB (Increase: 0.0 MiB)
Memory usage before initialization: 2525.33984375 MiB (Increase: 0.0 MiB)
Memory usage after initialization: 2525.33984375 MiB (Increase: 0.0 MiB)
Current lengths of episodes: [56, 56, 56, 56, 55, 55, 55, 55, 55, 55]
Memory usage at done (index 3, length 56, since_prev 56): 2525.33984375 MiB (Increase: 0.0 MiB)
Memory usage before reset: 2525.33984375 MiB (Increase: 0.0 MiB)
Memory usage after reset: 2525.33984375 MiB (Increase: 0.0 MiB)
Current lengths of episodes: [70, 70, 70, 14, 70, 70, 70, 70, 69, 69]
Memory usage at done (index 7, length 70, since_prev 14): 2525.33984375 MiB (Increase: 0.0 MiB)
Memory usage before reset: 2525.33984375 MiB (Increase: 0.0 MiB)
Memory usage after reset: 2525.33984375 MiB (Increase: 0.0 MiB)
Current lengths of episodes: [72, 72, 72, 16, 72, 72, 72, 2, 72, 72]
Memory usage at done (index 9, length 72, since_prev 2): 2525.33984375 MiB (Increase: 0.0 MiB)
Memory usage before reset: 2525.33984375 MiB (Increase: 0.0 MiB)
Memory usage after reset: 2525.33984375 MiB (Increase: 0.0 MiB)
Current lengths of episodes: [82, 81, 81, 25, 81, 81, 81, 11, 81, 9]
Memory usage at done (index 0, length 82, since_prev 10): 2525.33984375 MiB (Increase: 0.0 MiB)
Memory usage before reset: 2525.33984375 MiB (Increase: 0.0 MiB)
Memory usage after reset: 2525.33984375 MiB (Increase: 0.0 MiB)
Current lengths of episodes: [0, 82, 82, 26, 82, 82, 81, 11, 81, 9]
Memory usage at done (index 5, length 82, since_prev 0): 2525.33984375 MiB (Increase: 0.0 MiB)
Memory usage before reset: 2525.33984375 MiB (Increase: 0.0 MiB)
Memory usage after reset: 2525.33984375 MiB (Increase: 0.0 MiB)
Current lengths of episodes: [21, 103, 102, 46, 102, 20, 102, 32, 102, 30]
Memory usage at done (index 1, length 103, since_prev 21): 2525.33984375 MiB (Increase: 0.0 MiB)
Memory usage before reset: 2525.33984375 MiB (Increase: 0.0 MiB)
Memory usage after reset: 2525.33984375 MiB (Increase: 0.0 MiB)
Current lengths of episodes: [63, 41, 144, 88, 144, 62, 144, 74, 144, 72]
Memory usage at done (index 0, length 63, since_prev 42): 2525.33984375 MiB (Increase: 0.0 MiB)
Memory usage before reset: 2525.33984375 MiB (Increase: 0.0 MiB)
Memory usage after reset: 2525.33984375 MiB (Increase: 0.0 MiB)
Current lengths of episodes: [1, 43, 146, 90, 146, 64, 146, 76, 145, 73]
Memory usage at done (index 7, length 76, since_prev 1): 2525.33984375 MiB (Increase: 0.0 MiB)
Memory usage before reset: 2525.33984375 MiB (Increase: 0.0 MiB)
Memory usage after reset: 2525.33984375 MiB (Increase: 0.0 MiB)
Current lengths of episodes: [25, 67, 169, 113, 169, 87, 169, 23, 169, 97]
Memory usage at done (index 1, length 67, since_prev 24): 2525.34375 MiB (Increase: 0.00390625 MiB)
Memory usage before reset: 2525.34375 MiB (Increase: 0.0 MiB)
Memory usage after reset: 2525.34375 MiB (Increase: 0.0 MiB)
Current lengths of episodes: [47, 22, 192, 136, 191, 109, 191, 45, 191, 119]
Memory usage at done (index 3, length 136, since_prev 22): 2525.34375 MiB (Increase: 0.0 MiB)
Memory usage before reset: 2525.34375 MiB (Increase: 0.0 MiB)
Memory usage after reset: 2525.34375 MiB (Increase: 0.0 MiB)
Training episode 50
Memory usage at middle: 2525.34375 MiB (Increase: 0.0 MiB)
Memory usage before collect: 2525.34375 MiB (Increase: 0.0 MiB)
Memory usage after collect: 2525.34375 MiB (Increase: 0.0 MiB)
Episode 50	Average evaluation: -97.89936650238694
Memory usage before initialization: 2525.34375 MiB (Increase: 0.0 MiB)
Memory usage after initialization: 2525.37109375 MiB (Increase: 0.02734375 MiB)
Current lengths of episodes: [46, 46, 46, 46, 46, 46, 46, 46, 45, 45]
Memory usage at done (index 7, length 46, since_prev 46): 2525.40625 MiB (Increase: 0.03515625 MiB)
Memory usage before reset: 2525.40625 MiB (Increase: 0.0 MiB)
Memory usage after reset: 2525.40625 MiB (Increase: 0.0 MiB)
Current lengths of episodes: [61, 61, 61, 61, 61, 61, 60, 14, 60, 60]
Memory usage at done (index 5, length 61, since_prev 15): 2525.40625 MiB (Increase: 0.0 MiB)
Memory usage before reset: 2525.40625 MiB (Increase: 0.0 MiB)
Memory usage after reset: 2525.40625 MiB (Increase: 0.0 MiB)
Current lengths of episodes: [84, 84, 84, 84, 84, 23, 84, 37, 83, 83]
Memory usage at done (index 6, length 84, since_prev 23): 2525.40625 MiB (Increase: 0.0 MiB)
Memory usage before reset: 2525.40625 MiB (Increase: 0.0 MiB)
Memory usage after reset: 2525.40625 MiB (Increase: 0.0 MiB)
Current lengths of episodes: [85, 84, 84, 84, 84, 23, 0, 38, 84, 84]
Memory usage at done (index 0, length 85, since_prev 1): 2525.40625 MiB (Increase: 0.0 MiB)
Memory usage before reset: 2525.40625 MiB (Increase: 0.0 MiB)
Memory usage after reset: 2525.40625 MiB (Increase: 0.0 MiB)
Current lengths of episodes: [0, 85, 84, 84, 84, 23, 0, 38, 84, 84]
Memory usage at done (index 1, length 85, since_prev 0): 2525.40625 MiB (Increase: 0.0 MiB)
Memory usage before reset: 2525.40625 MiB (Increase: 0.0 MiB)
Memory usage after reset: 2525.40625 MiB (Increase: 0.0 MiB)
Current lengths of episodes: [41, 41, 126, 126, 125, 64, 41, 79, 125, 125]
Memory usage at done (index 3, length 126, since_prev 41): 2525.40625 MiB (Increase: 0.0 MiB)
Memory usage before reset: 2525.40625 MiB (Increase: 0.0 MiB)
Memory usage after reset: 2525.40625 MiB (Increase: 0.0 MiB)
Current lengths of episodes: [237, 236, 321, 195, 321, 260, 237, 275, 321, 321]
Memory usage at done (index 0, length 237, since_prev 196): 2525.40625 MiB (Increase: 0.0 MiB)
Memory usage before reset: 2525.40625 MiB (Increase: 0.0 MiB)
Memory usage after reset: 2525.40625 MiB (Increase: 0.0 MiB)
Current lengths of episodes: [93, 329, 414, 288, 414, 353, 330, 368, 414, 414]
Memory usage at done (index 0, length 93, since_prev 93): 2525.40625 MiB (Increase: 0.0 MiB)
Memory usage before reset: 2525.40625 MiB (Increase: 0.0 MiB)
Memory usage after reset: 2525.40625 MiB (Increase: 0.0 MiB)
Current lengths of episodes: [235, 564, 649, 523, 649, 588, 565, 603, 649, 649]
Memory usage at done (index 0, length 235, since_prev 235): 2525.40625 MiB (Increase: 0.0 MiB)
Memory usage before reset: 2525.40625 MiB (Increase: 0.0 MiB)
Memory usage after reset: 2525.40625 MiB (Increase: 0.0 MiB)
Current lengths of episodes: [81, 645, 730, 604, 730, 669, 646, 684, 730, 730]
Memory usage at done (index 0, length 81, since_prev 81): 2528.0390625 MiB (Increase: 2.6328125 MiB)
Memory usage before reset: 2528.0390625 MiB (Increase: 0.0 MiB)
Memory usage after reset: 2528.0390625 MiB (Increase: 0.0 MiB)
Training episode 60
Memory usage at middle: 2528.0390625 MiB (Increase: 0.0 MiB)
Memory usage before collect: 2528.2734375 MiB (Increase: 0.234375 MiB)
Memory usage after collect: 2528.2734375 MiB (Increase: 0.0 MiB)
Memory usage before initialization: 2528.2734375 MiB (Increase: 0.0 MiB)
Memory usage after initialization: 2528.2734375 MiB (Increase: 0.0 MiB)
Current lengths of episodes: [51, 51, 51, 50, 50, 50, 50, 50, 50, 50]
Memory usage at done (index 2, length 51, since_prev 51): 2528.2734375 MiB (Increase: 0.0 MiB)
Memory usage before reset: 2528.2734375 MiB (Increase: 0.0 MiB)
Memory usage after reset: 2528.2734375 MiB (Increase: 0.0 MiB)
Current lengths of episodes: [54, 54, 3, 54, 54, 54, 54, 54, 54, 53]
Memory usage at done (index 8, length 54, since_prev 3): 2528.2734375 MiB (Increase: 0.0 MiB)
Memory usage before reset: 2528.2734375 MiB (Increase: 0.0 MiB)
Memory usage after reset: 2528.2734375 MiB (Increase: 0.0 MiB)
Current lengths of episodes: [59, 59, 8, 59, 59, 59, 59, 59, 5, 59]
Memory usage at done (index 9, length 59, since_prev 5): 2528.2734375 MiB (Increase: 0.0 MiB)
Memory usage before reset: 2528.2734375 MiB (Increase: 0.0 MiB)
Memory usage after reset: 2528.2734375 MiB (Increase: 0.0 MiB)
Current lengths of episodes: [62, 62, 11, 62, 62, 62, 61, 61, 7, 2]
Memory usage at done (index 5, length 62, since_prev 3): 2528.2734375 MiB (Increase: 0.0 MiB)
Memory usage before reset: 2528.2734375 MiB (Increase: 0.0 MiB)
Memory usage after reset: 2528.2734375 MiB (Increase: 0.0 MiB)
Current lengths of episodes: [69, 69, 18, 69, 69, 7, 69, 68, 14, 9]
Memory usage at done (index 6, length 69, since_prev 7): 2528.2734375 MiB (Increase: 0.0 MiB)
Memory usage before reset: 2528.2734375 MiB (Increase: 0.0 MiB)
Memory usage after reset: 2528.2734375 MiB (Increase: 0.0 MiB)
Current lengths of episodes: [71, 71, 20, 71, 70, 8, 1, 70, 16, 11]
Memory usage at done (index 3, length 71, since_prev 2): 2528.2734375 MiB (Increase: 0.0 MiB)
Memory usage before reset: 2528.2734375 MiB (Increase: 0.0 MiB)
Memory usage after reset: 2528.2734375 MiB (Increase: 0.0 MiB)
Current lengths of episodes: [79, 79, 28, 8, 79, 17, 10, 79, 24, 19]
Memory usage at done (index 7, length 79, since_prev 8): 2528.2734375 MiB (Increase: 0.0 MiB)
Memory usage before reset: 2528.2734375 MiB (Increase: 0.0 MiB)
Memory usage after reset: 2528.2734375 MiB (Increase: 0.0 MiB)
Current lengths of episodes: [152, 152, 101, 81, 152, 90, 82, 72, 97, 92]
Memory usage at done (index 5, length 90, since_prev 73): 2528.2734375 MiB (Increase: 0.0 MiB)
Memory usage before reset: 2528.2734375 MiB (Increase: 0.0 MiB)
Memory usage after reset: 2528.2734375 MiB (Increase: 0.0 MiB)
Current lengths of episodes: [201, 201, 150, 130, 201, 49, 131, 121, 146, 141]
Memory usage at done (index 5, length 49, since_prev 49): 2528.2734375 MiB (Increase: 0.0 MiB)
Memory usage before reset: 2528.2734375 MiB (Increase: 0.0 MiB)
Memory usage after reset: 2528.2734375 MiB (Increase: 0.0 MiB)
Current lengths of episodes: [291, 291, 239, 219, 290, 89, 221, 211, 236, 231]
Memory usage at done (index 1, length 291, since_prev 90): 2605.75390625 MiB (Increase: 77.48046875 MiB)
Memory usage before reset: 2605.75390625 MiB (Increase: 0.0 MiB)
Memory usage after reset: 2605.9609375 MiB (Increase: 0.20703125 MiB)
Training episode 70
Memory usage at middle: 2605.9609375 MiB (Increase: 0.0 MiB)
Memory usage before collect: 2606.07421875 MiB (Increase: 0.11328125 MiB)
Memory usage after collect: 2606.07421875 MiB (Increase: 0.0 MiB)
Memory usage before initialization: 2606.07421875 MiB (Increase: 0.0 MiB)
Memory usage after initialization: 2606.07421875 MiB (Increase: 0.0 MiB)
Current lengths of episodes: [49, 49, 49, 49, 49, 49, 49, 49, 48, 48]
Memory usage at done (index 7, length 49, since_prev 49): 2606.109375 MiB (Increase: 0.03515625 MiB)
Memory usage before reset: 2606.109375 MiB (Increase: 0.0 MiB)
Memory usage after reset: 2606.109375 MiB (Increase: 0.0 MiB)
Current lengths of episodes: [65, 65, 65, 64, 64, 64, 64, 15, 64, 64]
Memory usage at done (index 2, length 65, since_prev 16): 2606.109375 MiB (Increase: 0.0 MiB)
Memory usage before reset: 2606.109375 MiB (Increase: 0.0 MiB)
Memory usage after reset: 2606.109375 MiB (Increase: 0.0 MiB)
Current lengths of episodes: [69, 69, 4, 69, 69, 68, 68, 19, 68, 68]
Memory usage at done (index 4, length 69, since_prev 4): 2606.1171875 MiB (Increase: 0.0078125 MiB)
Memory usage before reset: 2606.1171875 MiB (Increase: 0.0 MiB)
Memory usage after reset: 2606.1171875 MiB (Increase: 0.0 MiB)
Current lengths of episodes: [70, 70, 5, 70, 1, 70, 70, 20, 69, 69]
Memory usage at done (index 6, length 70, since_prev 1): 2606.1171875 MiB (Increase: 0.0 MiB)
Memory usage before reset: 2606.1171875 MiB (Increase: 0.0 MiB)
Memory usage after reset: 2606.1171875 MiB (Increase: 0.0 MiB)
Current lengths of episodes: [81, 81, 15, 80, 11, 80, 10, 31, 80, 80]
Memory usage at done (index 1, length 81, since_prev 11): 2606.1171875 MiB (Increase: 0.0 MiB)
Memory usage before reset: 2606.1171875 MiB (Increase: 0.0 MiB)
Memory usage after reset: 2606.1171875 MiB (Increase: 0.0 MiB)
Current lengths of episodes: [106, 24, 40, 105, 36, 105, 35, 56, 105, 105]
Memory usage at done (index 0, length 106, since_prev 25): 2606.1171875 MiB (Increase: 0.0 MiB)
Memory usage before reset: 2606.1171875 MiB (Increase: 0.0 MiB)
Memory usage after reset: 2606.1171875 MiB (Increase: 0.0 MiB)
Current lengths of episodes: [25, 50, 66, 130, 61, 130, 60, 81, 130, 130]
Memory usage at done (index 2, length 66, since_prev 25): 2606.1171875 MiB (Increase: 0.0 MiB)
Memory usage before reset: 2606.1171875 MiB (Increase: 0.0 MiB)
Memory usage after reset: 2606.1171875 MiB (Increase: 0.0 MiB)
Current lengths of episodes: [34, 59, 9, 140, 71, 139, 69, 90, 139, 139]
Memory usage at done (index 4, length 71, since_prev 9): 2606.1171875 MiB (Increase: 0.0 MiB)
Memory usage before reset: 2606.1171875 MiB (Increase: 0.0 MiB)
Memory usage after reset: 2606.1171875 MiB (Increase: 0.0 MiB)
Current lengths of episodes: [64, 89, 39, 170, 30, 170, 100, 121, 169, 169]
Memory usage at done (index 7, length 121, since_prev 30): 2606.1171875 MiB (Increase: 0.0 MiB)
Memory usage before reset: 2606.1171875 MiB (Increase: 0.0 MiB)
Memory usage after reset: 2606.1171875 MiB (Increase: 0.0 MiB)
Current lengths of episodes: [66, 90, 40, 171, 31, 171, 101, 1, 171, 171]
Memory usage at done (index 0, length 66, since_prev 2): 2606.1171875 MiB (Increase: 0.0 MiB)
Memory usage before reset: 2606.1171875 MiB (Increase: 0.0 MiB)
Memory usage after reset: 2606.1171875 MiB (Increase: 0.0 MiB)
Training episode 80
Memory usage at middle: 2606.1171875 MiB (Increase: 0.0 MiB)
Memory usage before collect: 2606.1171875 MiB (Increase: 0.0 MiB)
Memory usage after collect: 2606.1171875 MiB (Increase: 0.0 MiB)
Memory usage before initialization: 2606.1171875 MiB (Increase: 0.0 MiB)
Memory usage after initialization: 2606.1171875 MiB (Increase: 0.0 MiB)
Current lengths of episodes: [54, 54, 54, 54, 54, 54, 54, 53, 53, 53]
Memory usage at done (index 6, length 54, since_prev 54): 2606.1171875 MiB (Increase: 0.0 MiB)
Memory usage before reset: 2606.1171875 MiB (Increase: 0.0 MiB)
Memory usage after reset: 2606.1171875 MiB (Increase: 0.0 MiB)
Current lengths of episodes: [61, 61, 61, 60, 60, 60, 6, 60, 60, 60]
Memory usage at done (index 2, length 61, since_prev 7): 2606.1171875 MiB (Increase: 0.0 MiB)
Memory usage before reset: 2606.1171875 MiB (Increase: 0.0 MiB)
Memory usage after reset: 2606.1171875 MiB (Increase: 0.0 MiB)
Current lengths of episodes: [84, 83, 22, 83, 83, 83, 29, 83, 83, 83]
Memory usage at done (index 0, length 84, since_prev 23): 2606.1171875 MiB (Increase: 0.0 MiB)
Memory usage before reset: 2606.1171875 MiB (Increase: 0.0 MiB)
Memory usage after reset: 2606.1171875 MiB (Increase: 0.0 MiB)
Current lengths of episodes: [6, 90, 29, 90, 89, 89, 35, 89, 89, 89]
Memory usage at done (index 3, length 90, since_prev 6): 2606.1171875 MiB (Increase: 0.0 MiB)
Memory usage before reset: 2606.1171875 MiB (Increase: 0.0 MiB)
Memory usage after reset: 2606.1171875 MiB (Increase: 0.0 MiB)
Current lengths of episodes: [24, 108, 47, 18, 108, 108, 54, 108, 108, 108]
Memory usage at done (index 9, length 108, since_prev 18): 2606.1171875 MiB (Increase: 0.0 MiB)
Memory usage before reset: 2606.1171875 MiB (Increase: 0.0 MiB)
Memory usage after reset: 2606.1171875 MiB (Increase: 0.0 MiB)
Current lengths of episodes: [28, 112, 51, 22, 112, 112, 58, 111, 111, 3]
Memory usage at done (index 6, length 58, since_prev 4): 2606.1171875 MiB (Increase: 0.0 MiB)
Memory usage before reset: 2606.1171875 MiB (Increase: 0.0 MiB)
Memory usage after reset: 2606.1171875 MiB (Increase: 0.0 MiB)
Current lengths of episodes: [71, 154, 93, 64, 154, 154, 42, 154, 154, 46]
Memory usage at done (index 0, length 71, since_prev 43): 2606.1171875 MiB (Increase: 0.0 MiB)
Memory usage before reset: 2606.1171875 MiB (Increase: 0.0 MiB)
Memory usage after reset: 2606.1171875 MiB (Increase: 0.0 MiB)
Current lengths of episodes: [11, 166, 105, 76, 166, 166, 54, 165, 165, 57]
Memory usage at done (index 6, length 54, since_prev 11): 2606.1171875 MiB (Increase: 0.0 MiB)
Memory usage before reset: 2606.1171875 MiB (Increase: 0.0 MiB)
Memory usage after reset: 2606.1171875 MiB (Increase: 0.0 MiB)
Current lengths of episodes: [20, 175, 114, 85, 174, 174, 8, 174, 174, 66]
Memory usage at done (index 3, length 85, since_prev 9): 2606.1171875 MiB (Increase: 0.0 MiB)
Memory usage before reset: 2606.1171875 MiB (Increase: 0.0 MiB)
Memory usage after reset: 2606.1171875 MiB (Increase: 0.0 MiB)
Current lengths of episodes: [47, 201, 140, 26, 201, 201, 35, 201, 201, 93]
Memory usage at done (index 0, length 47, since_prev 27): 2606.1171875 MiB (Increase: 0.0 MiB)
Memory usage before reset: 2606.1171875 MiB (Increase: 0.0 MiB)
Memory usage after reset: 2606.1171875 MiB (Increase: 0.0 MiB)
Training episode 90
Memory usage at middle: 2606.1171875 MiB (Increase: 0.0 MiB)
Memory usage before collect: 2606.1171875 MiB (Increase: 0.0 MiB)
Memory usage after collect: 2606.1171875 MiB (Increase: 0.0 MiB)
Memory usage before initialization: 2606.1171875 MiB (Increase: 0.0 MiB)
Memory usage after initialization: 2606.1171875 MiB (Increase: 0.0 MiB)
Current lengths of episodes: [59, 59, 59, 58, 58, 58, 58, 58, 58, 58]
Memory usage at done (index 2, length 59, since_prev 59): 2606.1171875 MiB (Increase: 0.0 MiB)
Memory usage before reset: 2606.1171875 MiB (Increase: 0.0 MiB)
Memory usage after reset: 2606.1171875 MiB (Increase: 0.0 MiB)
Current lengths of episodes: [60, 60, 1, 60, 60, 60, 60, 60, 59, 59]
Memory usage at done (index 7, length 60, since_prev 1): 2606.1171875 MiB (Increase: 0.0 MiB)
Memory usage before reset: 2606.1171875 MiB (Increase: 0.0 MiB)
Memory usage after reset: 2606.1171875 MiB (Increase: 0.0 MiB)
Current lengths of episodes: [63, 63, 4, 63, 63, 63, 63, 3, 63, 62]
Memory usage at done (index 8, length 63, since_prev 3): 2606.1171875 MiB (Increase: 0.0 MiB)
Memory usage before reset: 2606.1171875 MiB (Increase: 0.0 MiB)
Memory usage after reset: 2606.1171875 MiB (Increase: 0.0 MiB)
Current lengths of episodes: [80, 80, 21, 80, 80, 80, 80, 20, 17, 80]
Memory usage at done (index 9, length 80, since_prev 17): 2606.1171875 MiB (Increase: 0.0 MiB)
Memory usage before reset: 2606.1171875 MiB (Increase: 0.0 MiB)
Memory usage after reset: 2606.1171875 MiB (Increase: 0.0 MiB)
Current lengths of episodes: [90, 90, 31, 90, 90, 89, 89, 29, 26, 9]
Memory usage at done (index 4, length 90, since_prev 10): 2606.1171875 MiB (Increase: 0.0 MiB)
Memory usage before reset: 2606.1171875 MiB (Increase: 0.0 MiB)
Memory usage after reset: 2606.1171875 MiB (Increase: 0.0 MiB)
Current lengths of episodes: [141, 141, 82, 141, 51, 140, 140, 80, 77, 60]
Memory usage at done (index 4, length 51, since_prev 51): 2606.1171875 MiB (Increase: 0.0 MiB)
Memory usage before reset: 2606.1171875 MiB (Increase: 0.0 MiB)
Memory usage after reset: 2606.1171875 MiB (Increase: 0.0 MiB)
Current lengths of episodes: [151, 151, 92, 151, 10, 151, 151, 90, 87, 70]
Memory usage at done (index 6, length 151, since_prev 10): 2606.1171875 MiB (Increase: 0.0 MiB)
Memory usage before reset: 2606.1171875 MiB (Increase: 0.0 MiB)
Memory usage after reset: 2606.1171875 MiB (Increase: 0.0 MiB)
Current lengths of episodes: [187, 187, 128, 187, 46, 187, 36, 127, 124, 107]
Memory usage at done (index 9, length 107, since_prev 36): 2606.1171875 MiB (Increase: 0.0 MiB)
Memory usage before reset: 2606.1171875 MiB (Increase: 0.0 MiB)
Memory usage after reset: 2606.1171875 MiB (Increase: 0.0 MiB)
Current lengths of episodes: [201, 201, 142, 201, 60, 200, 49, 140, 137, 13]
Memory usage at done (index 4, length 60, since_prev 14): 2606.1171875 MiB (Increase: 0.0 MiB)
Memory usage before reset: 2606.1171875 MiB (Increase: 0.0 MiB)
Memory usage after reset: 2606.1171875 MiB (Increase: 0.0 MiB)
Current lengths of episodes: [533, 533, 474, 533, 332, 532, 381, 472, 469, 345]
Memory usage at done (index 4, length 332, since_prev 332): 2606.1171875 MiB (Increase: 0.0 MiB)
Memory usage before reset: 2606.1171875 MiB (Increase: 0.0 MiB)
Memory usage after reset: 2606.1171875 MiB (Increase: 0.0 MiB)
Training episode 100
Memory usage at middle: 2606.1171875 MiB (Increase: 0.0 MiB)
Memory usage before collect: 2606.1171875 MiB (Increase: 0.0 MiB)
Memory usage after collect: 2606.1171875 MiB (Increase: 0.0 MiB)
Episode 100	Average evaluation: -97.91271793260339
Memory usage before initialization: 2606.1171875 MiB (Increase: 0.0 MiB)
Memory usage after initialization: 2606.1171875 MiB (Increase: 0.0 MiB)
Current lengths of episodes: [56, 56, 56, 56, 56, 56, 56, 56, 56, 55]
Memory usage at done (index 8, length 56, since_prev 56): 2606.1171875 MiB (Increase: 0.0 MiB)
Memory usage before reset: 2606.1171875 MiB (Increase: 0.0 MiB)
Memory usage after reset: 2606.1171875 MiB (Increase: 0.0 MiB)
Current lengths of episodes: [60, 60, 60, 60, 60, 60, 60, 60, 4, 60]
Memory usage at done (index 9, length 60, since_prev 4): 2606.1171875 MiB (Increase: 0.0 MiB)
Memory usage before reset: 2606.1171875 MiB (Increase: 0.0 MiB)
Memory usage after reset: 2606.1171875 MiB (Increase: 0.0 MiB)
Current lengths of episodes: [62, 61, 61, 61, 61, 61, 61, 61, 5, 1]
Memory usage at done (index 0, length 62, since_prev 2): 2606.1171875 MiB (Increase: 0.0 MiB)
Memory usage before reset: 2606.1171875 MiB (Increase: 0.0 MiB)
Memory usage after reset: 2606.1171875 MiB (Increase: 0.0 MiB)
Current lengths of episodes: [10, 72, 72, 72, 72, 72, 71, 71, 15, 11]
Memory usage at done (index 5, length 72, since_prev 10): 2606.1171875 MiB (Increase: 0.0 MiB)
Memory usage before reset: 2606.1171875 MiB (Increase: 0.0 MiB)
Memory usage after reset: 2606.1171875 MiB (Increase: 0.0 MiB)
Current lengths of episodes: [13, 75, 75, 75, 75, 3, 75, 74, 18, 14]
Memory usage at done (index 6, length 75, since_prev 3): 2606.1171875 MiB (Increase: 0.0 MiB)
Memory usage before reset: 2606.1171875 MiB (Increase: 0.0 MiB)
Memory usage after reset: 2606.1171875 MiB (Increase: 0.0 MiB)
Current lengths of episodes: [14, 76, 76, 76, 75, 3, 0, 75, 19, 15]
Memory usage at done (index 3, length 76, since_prev 1): 2606.1171875 MiB (Increase: 0.0 MiB)
Memory usage before reset: 2606.1171875 MiB (Increase: 0.0 MiB)
Memory usage after reset: 2606.1171875 MiB (Increase: 0.0 MiB)
Current lengths of episodes: [23, 85, 84, 8, 84, 12, 9, 84, 28, 24]
Memory usage at done (index 1, length 85, since_prev 9): 2606.1171875 MiB (Increase: 0.0 MiB)
Memory usage before reset: 2606.1171875 MiB (Increase: 0.0 MiB)
Memory usage after reset: 2606.1171875 MiB (Increase: 0.0 MiB)
Current lengths of episodes: [26, 3, 88, 12, 88, 16, 13, 88, 31, 27]
Memory usage at done (index 7, length 88, since_prev 3): 2606.1171875 MiB (Increase: 0.0 MiB)
Memory usage before reset: 2606.1171875 MiB (Increase: 0.0 MiB)
Memory usage after reset: 2606.1171875 MiB (Increase: 0.0 MiB)
Current lengths of episodes: [62, 38, 123, 47, 123, 51, 48, 35, 67, 63]
Memory usage at done (index 0, length 62, since_prev 36): 2606.1171875 MiB (Increase: 0.0 MiB)
Memory usage before reset: 2606.1171875 MiB (Increase: 0.0 MiB)
Memory usage after reset: 2606.1171875 MiB (Increase: 0.0 MiB)
Current lengths of episodes: [9, 48, 133, 57, 133, 61, 58, 45, 77, 73]
Memory usage at done (index 9, length 73, since_prev 9): 2606.1171875 MiB (Increase: 0.0 MiB)
Memory usage before reset: 2606.1171875 MiB (Increase: 0.0 MiB)
Memory usage after reset: 2606.1171875 MiB (Increase: 0.0 MiB)
Training episode 110
Memory usage at middle: 2606.1171875 MiB (Increase: 0.0 MiB)
Memory usage before collect: 2606.1171875 MiB (Increase: 0.0 MiB)
Memory usage after collect: 2606.1171875 MiB (Increase: 0.0 MiB)
Memory usage before initialization: 2606.1171875 MiB (Increase: 0.0 MiB)
Memory usage after initialization: 2606.1171875 MiB (Increase: 0.0 MiB)
Current lengths of episodes: [58, 58, 58, 58, 58, 58, 58, 58, 58, 58]
Memory usage at done (index 9, length 58, since_prev 58): 2606.1171875 MiB (Increase: 0.0 MiB)
Memory usage before reset: 2606.1171875 MiB (Increase: 0.0 MiB)
Memory usage after reset: 2606.1171875 MiB (Increase: 0.0 MiB)
Current lengths of episodes: [62, 62, 62, 61, 61, 61, 61, 61, 61, 3]
Memory usage at done (index 2, length 62, since_prev 4): 2606.1171875 MiB (Increase: 0.0 MiB)
Memory usage before reset: 2606.1171875 MiB (Increase: 0.0 MiB)
Memory usage after reset: 2606.1171875 MiB (Increase: 0.0 MiB)
Current lengths of episodes: [63, 63, 1, 63, 63, 62, 62, 62, 62, 4]
Memory usage at done (index 4, length 63, since_prev 1): 2606.1171875 MiB (Increase: 0.0 MiB)
Memory usage before reset: 2606.1171875 MiB (Increase: 0.0 MiB)
Memory usage after reset: 2606.1171875 MiB (Increase: 0.0 MiB)
Current lengths of episodes: [77, 77, 15, 77, 14, 77, 76, 76, 76, 18]
Memory usage at done (index 5, length 77, since_prev 14): 2606.1171875 MiB (Increase: 0.0 MiB)
Memory usage before reset: 2606.1171875 MiB (Increase: 0.0 MiB)
Memory usage after reset: 2606.1171875 MiB (Increase: 0.0 MiB)
Current lengths of episodes: [83, 83, 20, 82, 19, 5, 82, 82, 82, 24]
Memory usage at done (index 1, length 83, since_prev 6): 2606.1171875 MiB (Increase: 0.0 MiB)
Memory usage before reset: 2606.1171875 MiB (Increase: 0.0 MiB)
Memory usage after reset: 2606.1171875 MiB (Increase: 0.0 MiB)
Current lengths of episodes: [94, 11, 32, 94, 31, 17, 94, 94, 94, 35]
Memory usage at done (index 8, length 94, since_prev 11): 2606.1171875 MiB (Increase: 0.0 MiB)
Memory usage before reset: 2606.1171875 MiB (Increase: 0.0 MiB)
Memory usage after reset: 2606.1171875 MiB (Increase: 0.0 MiB)
Current lengths of episodes: [110, 27, 48, 110, 47, 33, 110, 110, 15, 51]
Memory usage at done (index 7, length 110, since_prev 16): 2606.1171875 MiB (Increase: 0.0 MiB)
Memory usage before reset: 2606.1171875 MiB (Increase: 0.0 MiB)
Memory usage after reset: 2606.1171875 MiB (Increase: 0.0 MiB)
Current lengths of episodes: [111, 28, 49, 111, 48, 34, 111, 1, 17, 53]
Memory usage at done (index 9, length 53, since_prev 1): 2606.1171875 MiB (Increase: 0.0 MiB)
Memory usage before reset: 2606.1171875 MiB (Increase: 0.0 MiB)
Memory usage after reset: 2606.1171875 MiB (Increase: 0.0 MiB)
Current lengths of episodes: [116, 33, 54, 116, 53, 38, 115, 5, 21, 4]
Memory usage at done (index 4, length 53, since_prev 5): 2606.1171875 MiB (Increase: 0.0 MiB)
Memory usage before reset: 2606.1171875 MiB (Increase: 0.0 MiB)
Memory usage after reset: 2606.1171875 MiB (Increase: 0.0 MiB)
Current lengths of episodes: [161, 78, 99, 161, 45, 84, 160, 50, 66, 49]
Memory usage at done (index 5, length 84, since_prev 45): 2606.1171875 MiB (Increase: 0.0 MiB)
Memory usage before reset: 2606.1171875 MiB (Increase: 0.0 MiB)
Memory usage after reset: 2606.1171875 MiB (Increase: 0.0 MiB)
Training episode 120
Memory usage at middle: 2606.1171875 MiB (Increase: 0.0 MiB)
Memory usage before collect: 2606.1171875 MiB (Increase: 0.0 MiB)
Memory usage after collect: 2606.1171875 MiB (Increase: 0.0 MiB)
Memory usage before initialization: 2606.1171875 MiB (Increase: 0.0 MiB)
Memory usage after initialization: 2606.1171875 MiB (Increase: 0.0 MiB)
Current lengths of episodes: [66, 66, 66, 66, 65, 65, 65, 65, 65, 65]
Memory usage at done (index 3, length 66, since_prev 66): 2606.1171875 MiB (Increase: 0.0 MiB)
Memory usage before reset: 2606.1171875 MiB (Increase: 0.0 MiB)
Memory usage after reset: 2606.1171875 MiB (Increase: 0.0 MiB)
Current lengths of episodes: [68, 68, 68, 2, 68, 68, 68, 68, 67, 67]
Memory usage at done (index 7, length 68, since_prev 2): 2606.1171875 MiB (Increase: 0.0 MiB)
Memory usage before reset: 2606.1171875 MiB (Increase: 0.0 MiB)
Memory usage after reset: 2606.1171875 MiB (Increase: 0.0 MiB)
Current lengths of episodes: [70, 70, 70, 3, 69, 69, 69, 1, 69, 69]
Memory usage at done (index 2, length 70, since_prev 2): 2606.1171875 MiB (Increase: 0.0 MiB)
Memory usage before reset: 2606.1171875 MiB (Increase: 0.0 MiB)
Memory usage after reset: 2606.1171875 MiB (Increase: 0.0 MiB)
Current lengths of episodes: [86, 85, 15, 19, 85, 85, 85, 17, 85, 85]
Memory usage at done (index 0, length 86, since_prev 16): 2606.1171875 MiB (Increase: 0.0 MiB)
Memory usage before reset: 2606.1171875 MiB (Increase: 0.0 MiB)
Memory usage after reset: 2606.1171875 MiB (Increase: 0.0 MiB)
Current lengths of episodes: [48, 134, 64, 68, 134, 134, 134, 66, 133, 133]
Memory usage at done (index 7, length 66, since_prev 48): 2606.1171875 MiB (Increase: 0.0 MiB)
Memory usage before reset: 2606.1171875 MiB (Increase: 0.0 MiB)
Memory usage after reset: 2606.1171875 MiB (Increase: 0.0 MiB)
Current lengths of episodes: [55, 141, 71, 75, 141, 141, 141, 6, 140, 140]
Memory usage at done (index 6, length 141, since_prev 7): 2606.1171875 MiB (Increase: 0.0 MiB)
Memory usage before reset: 2606.1171875 MiB (Increase: 0.0 MiB)
Memory usage after reset: 2606.1171875 MiB (Increase: 0.0 MiB)
Current lengths of episodes: [90, 176, 106, 109, 175, 175, 34, 41, 175, 175]
Memory usage at done (index 2, length 106, since_prev 35): 2606.1171875 MiB (Increase: 0.0 MiB)
Memory usage before reset: 2606.1171875 MiB (Increase: 0.0 MiB)
Memory usage after reset: 2606.1171875 MiB (Increase: 0.0 MiB)
Current lengths of episodes: [1106, 1192, 1016, 1126, 1192, 1192, 1051, 1058, 1192, 1192]
New longest episode length: 1192, previous longest: 675
Memory usage at done (index 9, length 1192, since_prev 1016): 3405.46484375 MiB (Increase: 799.34765625 MiB)
Memory usage before reset: 3405.46484375 MiB (Increase: 0.0 MiB)
Memory usage after reset: 3405.71875 MiB (Increase: 0.25390625 MiB)
Current lengths of episodes: [1514, 1600, 1423, 1533, 1599, 1599, 1458, 1465, 1599, 407]
New longest episode length: 1600, previous longest: 1192
Memory usage at done (index 1, length 1600, since_prev 408): 4338.37890625 MiB (Increase: 932.66015625 MiB)
Memory usage before reset: 4338.37890625 MiB (Increase: 0.0 MiB)
Memory usage after reset: 4338.59765625 MiB (Increase: 0.21875 MiB)
Current lengths of episodes: [1514, 0, 1424, 1534, 1600, 1599, 1458, 1465, 1599, 407]
Memory usage at done (index 4, length 1600, since_prev 0): 4338.59765625 MiB (Increase: 0.0 MiB)
Memory usage before reset: 4338.59765625 MiB (Increase: 0.0 MiB)
Memory usage after reset: 4338.85546875 MiB (Increase: 0.2578125 MiB)
Training episode 130
Memory usage at middle: 4338.85546875 MiB (Increase: 0.0 MiB)
Memory usage before collect: 4339.37109375 MiB (Increase: 0.515625 MiB)
Memory usage after collect: 4339.37109375 MiB (Increase: 0.0 MiB)
Memory usage before initialization: 4339.37109375 MiB (Increase: 0.0 MiB)
Memory usage after initialization: 4339.37109375 MiB (Increase: 0.0 MiB)
Current lengths of episodes: [54, 54, 54, 54, 54, 53, 53, 53, 53, 53]
Memory usage at done (index 4, length 54, since_prev 54): 4339.40625 MiB (Increase: 0.03515625 MiB)
Memory usage before reset: 4339.40625 MiB (Increase: 0.0 MiB)
Memory usage after reset: 4339.40625 MiB (Increase: 0.0 MiB)
Current lengths of episodes: [60, 60, 60, 60, 6, 60, 60, 60, 60, 59]
Memory usage at done (index 8, length 60, since_prev 6): 4339.40625 MiB (Increase: 0.0 MiB)
Memory usage before reset: 4339.40625 MiB (Increase: 0.0 MiB)
Memory usage after reset: 4339.40625 MiB (Increase: 0.0 MiB)
Current lengths of episodes: [73, 73, 73, 72, 18, 72, 72, 72, 12, 72]
Memory usage at done (index 2, length 73, since_prev 13): 4339.40625 MiB (Increase: 0.0 MiB)
Memory usage before reset: 4339.40625 MiB (Increase: 0.0 MiB)
Memory usage after reset: 4339.40625 MiB (Increase: 0.0 MiB)
Current lengths of episodes: [76, 76, 3, 76, 22, 76, 75, 75, 15, 75]
Memory usage at done (index 5, length 76, since_prev 3): 4339.40625 MiB (Increase: 0.0 MiB)
Memory usage before reset: 4339.40625 MiB (Increase: 0.0 MiB)
Memory usage after reset: 4339.40625 MiB (Increase: 0.0 MiB)
Current lengths of episodes: [94, 94, 21, 94, 39, 17, 93, 93, 33, 93]
Memory usage at done (index 3, length 94, since_prev 18): 4339.40625 MiB (Increase: 0.0 MiB)
Memory usage before reset: 4339.40625 MiB (Increase: 0.0 MiB)
Memory usage after reset: 4339.40625 MiB (Increase: 0.0 MiB)
Current lengths of episodes: [114, 114, 41, 20, 60, 38, 113, 113, 53, 113]
Memory usage at done (index 5, length 38, since_prev 20): 4339.40625 MiB (Increase: 0.0 MiB)
Memory usage before reset: 4339.40625 MiB (Increase: 0.0 MiB)
Memory usage after reset: 4339.40625 MiB (Increase: 0.0 MiB)
Current lengths of episodes: [172, 172, 99, 78, 117, 57, 171, 171, 111, 171]
Memory usage at done (index 3, length 78, since_prev 58): 4339.40625 MiB (Increase: 0.0 MiB)
Memory usage before reset: 4339.40625 MiB (Increase: 0.0 MiB)
Memory usage after reset: 4339.40625 MiB (Increase: 0.0 MiB)
Current lengths of episodes: [173, 173, 100, 0, 118, 58, 172, 172, 112, 172]
Memory usage at done (index 2, length 100, since_prev 1): 4339.40625 MiB (Increase: 0.0 MiB)
Memory usage before reset: 4339.40625 MiB (Increase: 0.0 MiB)
Memory usage after reset: 4339.40625 MiB (Increase: 0.0 MiB)
Current lengths of episodes: [270, 270, 97, 98, 215, 155, 269, 269, 209, 269]
Memory usage at done (index 3, length 98, since_prev 97): 4517.43359375 MiB (Increase: 178.02734375 MiB)
Memory usage before reset: 4517.43359375 MiB (Increase: 0.0 MiB)
Memory usage after reset: 4517.65625 MiB (Increase: 0.22265625 MiB)
Current lengths of episodes: [332, 332, 159, 62, 277, 217, 331, 331, 271, 331]
Memory usage at done (index 3, length 62, since_prev 62): 4648.609375 MiB (Increase: 130.953125 MiB)
Memory usage before reset: 4648.609375 MiB (Increase: 0.0 MiB)
Memory usage after reset: 4648.83203125 MiB (Increase: 0.22265625 MiB)
Training episode 140
Memory usage at middle: 4648.83203125 MiB (Increase: 0.0 MiB)
Memory usage before collect: 4648.9296875 MiB (Increase: 0.09765625 MiB)
Memory usage after collect: 4648.9296875 MiB (Increase: 0.0 MiB)
Memory usage before initialization: 4648.9296875 MiB (Increase: 0.0 MiB)
Memory usage after initialization: 4648.9296875 MiB (Increase: 0.0 MiB)
Current lengths of episodes: [52, 51, 51, 51, 51, 51, 51, 51, 51, 51]
Memory usage at done (index 0, length 52, since_prev 52): 4648.96484375 MiB (Increase: 0.03515625 MiB)
Memory usage before reset: 4648.96484375 MiB (Increase: 0.0 MiB)
Memory usage after reset: 4648.96484375 MiB (Increase: 0.0 MiB)
Current lengths of episodes: [4, 56, 56, 56, 56, 56, 56, 56, 56, 55]
Memory usage at done (index 8, length 56, since_prev 4): 4648.96484375 MiB (Increase: 0.0 MiB)
Memory usage before reset: 4648.96484375 MiB (Increase: 0.0 MiB)
Memory usage after reset: 4648.96484375 MiB (Increase: 0.0 MiB)
Current lengths of episodes: [6, 58, 58, 58, 58, 58, 58, 57, 1, 57]
Memory usage at done (index 6, length 58, since_prev 2): 4648.96484375 MiB (Increase: 0.0 MiB)
Memory usage before reset: 4648.96484375 MiB (Increase: 0.0 MiB)
Memory usage after reset: 4648.96484375 MiB (Increase: 0.0 MiB)
Current lengths of episodes: [13, 65, 65, 64, 64, 64, 6, 64, 8, 64]
Memory usage at done (index 2, length 65, since_prev 7): 4648.96484375 MiB (Increase: 0.0 MiB)
Memory usage before reset: 4648.96484375 MiB (Increase: 0.0 MiB)
Memory usage after reset: 4648.96484375 MiB (Increase: 0.0 MiB)
Current lengths of episodes: [15, 67, 1, 66, 66, 66, 8, 66, 10, 66]
Memory usage at done (index 1, length 67, since_prev 2): 4648.96484375 MiB (Increase: 0.0 MiB)
Memory usage before reset: 4648.96484375 MiB (Increase: 0.0 MiB)
Memory usage after reset: 4648.96484375 MiB (Increase: 0.0 MiB)
Current lengths of episodes: [51, 36, 38, 103, 102, 102, 44, 102, 46, 102]
Memory usage at done (index 3, length 103, since_prev 36): 4648.97265625 MiB (Increase: 0.0078125 MiB)
Memory usage before reset: 4648.97265625 MiB (Increase: 0.0 MiB)
Memory usage after reset: 4648.97265625 MiB (Increase: 0.0 MiB)
Current lengths of episodes: [58, 43, 45, 7, 110, 110, 52, 110, 54, 109]
Memory usage at done (index 8, length 54, since_prev 7): 4648.97265625 MiB (Increase: 0.0 MiB)
Memory usage before reset: 4648.97265625 MiB (Increase: 0.0 MiB)
Memory usage after reset: 4648.97265625 MiB (Increase: 0.0 MiB)
Current lengths of episodes: [96, 81, 83, 45, 148, 148, 90, 147, 37, 147]
Memory usage at done (index 6, length 90, since_prev 38): 4648.97265625 MiB (Increase: 0.0 MiB)
Memory usage before reset: 4648.97265625 MiB (Increase: 0.0 MiB)
Memory usage after reset: 4648.97265625 MiB (Increase: 0.0 MiB)
Current lengths of episodes: [114, 99, 101, 63, 166, 166, 17, 165, 55, 165]
Memory usage at done (index 5, length 166, since_prev 18): 4648.97265625 MiB (Increase: 0.0 MiB)
Memory usage before reset: 4648.97265625 MiB (Increase: 0.0 MiB)
Memory usage after reset: 4648.97265625 MiB (Increase: 0.0 MiB)
Current lengths of episodes: [179, 164, 166, 128, 230, 64, 82, 230, 120, 230]
Memory usage at done (index 3, length 128, since_prev 65): 4648.97265625 MiB (Increase: 0.0 MiB)
Memory usage before reset: 4648.97265625 MiB (Increase: 0.0 MiB)
Memory usage after reset: 4648.97265625 MiB (Increase: 0.0 MiB)
Training episode 150
Memory usage at middle: 4648.97265625 MiB (Increase: 0.0 MiB)
Memory usage before collect: 4648.97265625 MiB (Increase: 0.0 MiB)
Memory usage after collect: 4648.97265625 MiB (Increase: 0.0 MiB)
Episode 150	Average evaluation: -98.06794460349221
Memory usage before initialization: 4648.97265625 MiB (Increase: 0.0 MiB)
Memory usage after initialization: 4648.97265625 MiB (Increase: 0.0 MiB)
Current lengths of episodes: [64, 64, 64, 64, 64, 64, 64, 64, 64, 64]
Memory usage at done (index 9, length 64, since_prev 64): 4648.97265625 MiB (Increase: 0.0 MiB)
Memory usage before reset: 4648.97265625 MiB (Increase: 0.0 MiB)
Memory usage after reset: 4648.97265625 MiB (Increase: 0.0 MiB)
Current lengths of episodes: [67, 67, 67, 67, 67, 67, 67, 67, 67, 2]
Memory usage at done (index 8, length 67, since_prev 3): 4648.97265625 MiB (Increase: 0.0 MiB)
Memory usage before reset: 4648.97265625 MiB (Increase: 0.0 MiB)
Memory usage after reset: 4648.97265625 MiB (Increase: 0.0 MiB)
Current lengths of episodes: [86, 86, 86, 86, 85, 85, 85, 85, 18, 21]
Memory usage at done (index 3, length 86, since_prev 19): 4648.97265625 MiB (Increase: 0.0 MiB)
Memory usage before reset: 4648.97265625 MiB (Increase: 0.0 MiB)
Memory usage after reset: 4648.97265625 MiB (Increase: 0.0 MiB)
Current lengths of episodes: [144, 144, 144, 58, 144, 144, 144, 144, 77, 79]
Memory usage at done (index 8, length 77, since_prev 58): 4648.97265625 MiB (Increase: 0.0 MiB)
Memory usage before reset: 4648.97265625 MiB (Increase: 0.0 MiB)
Memory usage after reset: 4648.97265625 MiB (Increase: 0.0 MiB)
Current lengths of episodes: [159, 159, 159, 73, 158, 158, 158, 158, 14, 94]
Memory usage at done (index 3, length 73, since_prev 15): 4648.98046875 MiB (Increase: 0.0078125 MiB)
Memory usage before reset: 4648.98046875 MiB (Increase: 0.0 MiB)
Memory usage after reset: 4648.98046875 MiB (Increase: 0.0 MiB)
Current lengths of episodes: [221, 221, 221, 62, 220, 220, 220, 220, 76, 156]
Memory usage at done (index 3, length 62, since_prev 62): 4648.98046875 MiB (Increase: 0.0 MiB)
Memory usage before reset: 4648.98046875 MiB (Increase: 0.0 MiB)
Memory usage after reset: 4648.98046875 MiB (Increase: 0.0 MiB)
Current lengths of episodes: [221, 221, 221, 0, 221, 221, 221, 221, 77, 157]
Memory usage at done (index 9, length 157, since_prev 0): 4648.98046875 MiB (Increase: 0.0 MiB)
Memory usage before reset: 4648.98046875 MiB (Increase: 0.0 MiB)
Memory usage after reset: 4648.98046875 MiB (Increase: 0.0 MiB)
Current lengths of episodes: [517, 516, 516, 295, 516, 516, 516, 516, 372, 295]
Memory usage at done (index 0, length 517, since_prev 296): 4648.98046875 MiB (Increase: 0.0 MiB)
Memory usage before reset: 4648.98046875 MiB (Increase: 0.0 MiB)
Memory usage after reset: 4648.98046875 MiB (Increase: 0.0 MiB)
Current lengths of episodes: [491, 1008, 1008, 787, 1008, 1008, 1008, 1008, 864, 786]
Memory usage at done (index 8, length 864, since_prev 491): 4648.98046875 MiB (Increase: 0.0 MiB)
Memory usage before reset: 4648.98046875 MiB (Increase: 0.0 MiB)
Memory usage after reset: 4648.98046875 MiB (Increase: 0.0 MiB)
Current lengths of episodes: [1083, 1600, 1599, 1378, 1599, 1599, 1599, 1599, 591, 1378]
Memory usage at done (index 1, length 1600, since_prev 592): 4658.68359375 MiB (Increase: 9.703125 MiB)
Memory usage before reset: 4658.68359375 MiB (Increase: 0.0 MiB)
Memory usage after reset: 4658.68359375 MiB (Increase: 0.0 MiB)
Training episode 160
Memory usage at middle: 4658.68359375 MiB (Increase: 0.0 MiB)
Memory usage before collect: 4658.9375 MiB (Increase: 0.25390625 MiB)
Memory usage after collect: 4658.9375 MiB (Increase: 0.0 MiB)
Memory usage before initialization: 4658.9375 MiB (Increase: 0.0 MiB)
Memory usage after initialization: 4658.9375 MiB (Increase: 0.0 MiB)
Current lengths of episodes: [52, 52, 52, 51, 51, 51, 51, 51, 51, 51]
Memory usage at done (index 2, length 52, since_prev 52): 4658.97265625 MiB (Increase: 0.03515625 MiB)
Memory usage before reset: 4658.97265625 MiB (Increase: 0.0 MiB)
Memory usage after reset: 4658.97265625 MiB (Increase: 0.0 MiB)
Current lengths of episodes: [53, 53, 0, 52, 52, 52, 52, 52, 52, 52]
Memory usage at done (index 1, length 53, since_prev 1): 4658.97265625 MiB (Increase: 0.0 MiB)
Memory usage before reset: 4658.97265625 MiB (Increase: 0.0 MiB)
Memory usage after reset: 4658.97265625 MiB (Increase: 0.0 MiB)
Current lengths of episodes: [65, 12, 13, 65, 65, 65, 65, 65, 65, 64]
Memory usage at done (index 8, length 65, since_prev 12): 4658.97265625 MiB (Increase: 0.0 MiB)
Memory usage before reset: 4658.97265625 MiB (Increase: 0.0 MiB)
Memory usage after reset: 4658.97265625 MiB (Increase: 0.0 MiB)
Current lengths of episodes: [66, 13, 14, 66, 66, 66, 66, 65, 0, 65]
Memory usage at done (index 6, length 66, since_prev 1): 4658.97265625 MiB (Increase: 0.0 MiB)
Memory usage before reset: 4658.97265625 MiB (Increase: 0.0 MiB)
Memory usage after reset: 4658.97265625 MiB (Increase: 0.0 MiB)
Current lengths of episodes: [68, 15, 16, 68, 68, 68, 2, 68, 2, 67]
Memory usage at done (index 7, length 68, since_prev 2): 4658.97265625 MiB (Increase: 0.0 MiB)
Memory usage before reset: 4658.97265625 MiB (Increase: 0.0 MiB)
Memory usage after reset: 4658.97265625 MiB (Increase: 0.0 MiB)
Current lengths of episodes: [69, 16, 17, 69, 69, 69, 3, 1, 4, 69]
Memory usage at done (index 9, length 69, since_prev 1): 4658.97265625 MiB (Increase: 0.0 MiB)
Memory usage before reset: 4658.97265625 MiB (Increase: 0.0 MiB)
Memory usage after reset: 4658.97265625 MiB (Increase: 0.0 MiB)
Current lengths of episodes: [124, 71, 72, 123, 123, 123, 57, 55, 58, 54]
Memory usage at done (index 2, length 72, since_prev 55): 4658.97265625 MiB (Increase: 0.0 MiB)
Memory usage before reset: 4658.97265625 MiB (Increase: 0.0 MiB)
Memory usage after reset: 4658.97265625 MiB (Increase: 0.0 MiB)
Current lengths of episodes: [135, 82, 11, 135, 135, 135, 69, 67, 70, 66]
Memory usage at done (index 9, length 66, since_prev 11): 4658.97265625 MiB (Increase: 0.0 MiB)
Memory usage before reset: 4658.97265625 MiB (Increase: 0.0 MiB)
Memory usage after reset: 4658.97265625 MiB (Increase: 0.0 MiB)
Current lengths of episodes: [142, 89, 18, 142, 142, 142, 76, 74, 76, 6]
Memory usage at done (index 7, length 74, since_prev 7): 4658.97265625 MiB (Increase: 0.0 MiB)
Memory usage before reset: 4658.97265625 MiB (Increase: 0.0 MiB)
Memory usage after reset: 4658.97265625 MiB (Increase: 0.0 MiB)
Current lengths of episodes: [156, 103, 32, 156, 156, 156, 89, 13, 90, 20]
Memory usage at done (index 5, length 156, since_prev 14): 4658.97265625 MiB (Increase: 0.0 MiB)
Memory usage before reset: 4658.97265625 MiB (Increase: 0.0 MiB)
Memory usage after reset: 4658.97265625 MiB (Increase: 0.0 MiB)
Training episode 170
Memory usage at middle: 4658.97265625 MiB (Increase: 0.0 MiB)
Memory usage before collect: 4658.97265625 MiB (Increase: 0.0 MiB)
Memory usage after collect: 4658.97265625 MiB (Increase: 0.0 MiB)
Memory usage before initialization: 4658.97265625 MiB (Increase: 0.0 MiB)
Memory usage after initialization: 4658.97265625 MiB (Increase: 0.0 MiB)
Current lengths of episodes: [52, 52, 52, 51, 51, 51, 51, 51, 51, 51]
Memory usage at done (index 2, length 52, since_prev 52): 4658.97265625 MiB (Increase: 0.0 MiB)
Memory usage before reset: 4658.97265625 MiB (Increase: 0.0 MiB)
Memory usage after reset: 4658.97265625 MiB (Increase: 0.0 MiB)
Current lengths of episodes: [72, 72, 20, 72, 72, 72, 71, 71, 71, 71]
Memory usage at done (index 5, length 72, since_prev 20): 4658.97265625 MiB (Increase: 0.0 MiB)
Memory usage before reset: 4658.97265625 MiB (Increase: 0.0 MiB)
Memory usage after reset: 4658.97265625 MiB (Increase: 0.0 MiB)
Current lengths of episodes: [73, 73, 21, 73, 72, 0, 72, 72, 72, 72]
Memory usage at done (index 3, length 73, since_prev 1): 4658.97265625 MiB (Increase: 0.0 MiB)
Memory usage before reset: 4658.97265625 MiB (Increase: 0.0 MiB)
Memory usage after reset: 4658.97265625 MiB (Increase: 0.0 MiB)
Current lengths of episodes: [88, 88, 36, 15, 88, 16, 88, 88, 87, 87]
Memory usage at done (index 7, length 88, since_prev 15): 4658.97265625 MiB (Increase: 0.0 MiB)
Memory usage before reset: 4658.97265625 MiB (Increase: 0.0 MiB)
Memory usage after reset: 4658.97265625 MiB (Increase: 0.0 MiB)
Current lengths of episodes: [96, 96, 44, 23, 96, 24, 96, 8, 96, 96]
Memory usage at done (index 9, length 96, since_prev 8): 4658.97265625 MiB (Increase: 0.0 MiB)
Memory usage before reset: 4658.97265625 MiB (Increase: 0.0 MiB)
Memory usage after reset: 4658.97265625 MiB (Increase: 0.0 MiB)
Current lengths of episodes: [124, 124, 72, 50, 123, 51, 123, 35, 123, 27]
Memory usage at done (index 2, length 72, since_prev 28): 4658.97265625 MiB (Increase: 0.0 MiB)
Memory usage before reset: 4658.97265625 MiB (Increase: 0.0 MiB)
Memory usage after reset: 4658.97265625 MiB (Increase: 0.0 MiB)
Current lengths of episodes: [126, 126, 2, 53, 126, 54, 125, 37, 125, 29]
Memory usage at done (index 5, length 54, since_prev 2): 4658.97265625 MiB (Increase: 0.0 MiB)
Memory usage before reset: 4658.97265625 MiB (Increase: 0.0 MiB)
Memory usage after reset: 4658.97265625 MiB (Increase: 0.0 MiB)
Current lengths of episodes: [161, 161, 37, 88, 161, 35, 161, 73, 160, 64]
Memory usage at done (index 7, length 73, since_prev 35): 4658.97265625 MiB (Increase: 0.0 MiB)
Memory usage before reset: 4658.97265625 MiB (Increase: 0.0 MiB)
Memory usage after reset: 4658.97265625 MiB (Increase: 0.0 MiB)
Current lengths of episodes: [165, 165, 41, 92, 165, 39, 165, 4, 165, 68]
Memory usage at done (index 8, length 165, since_prev 4): 4658.97265625 MiB (Increase: 0.0 MiB)
Memory usage before reset: 4658.97265625 MiB (Increase: 0.0 MiB)
Memory usage after reset: 4658.97265625 MiB (Increase: 0.0 MiB)
Current lengths of episodes: [203, 203, 79, 129, 202, 76, 202, 41, 37, 106]
Memory usage at done (index 2, length 79, since_prev 38): 4658.97265625 MiB (Increase: 0.0 MiB)
Memory usage before reset: 4658.97265625 MiB (Increase: 0.0 MiB)
Memory usage after reset: 4658.97265625 MiB (Increase: 0.0 MiB)
Training episode 180
Memory usage at middle: 4658.97265625 MiB (Increase: 0.0 MiB)
Memory usage before collect: 4658.97265625 MiB (Increase: 0.0 MiB)
Memory usage after collect: 4658.97265625 MiB (Increase: 0.0 MiB)
Memory usage before initialization: 4658.97265625 MiB (Increase: 0.0 MiB)
Memory usage after initialization: 4658.97265625 MiB (Increase: 0.0 MiB)
Current lengths of episodes: [66, 66, 66, 66, 65, 65, 65, 65, 65, 65]
Memory usage at done (index 3, length 66, since_prev 66): 4658.97265625 MiB (Increase: 0.0 MiB)
Memory usage before reset: 4658.97265625 MiB (Increase: 0.0 MiB)
Memory usage after reset: 4658.97265625 MiB (Increase: 0.0 MiB)
Current lengths of episodes: [81, 81, 80, 14, 80, 80, 80, 80, 80, 80]
Memory usage at done (index 1, length 81, since_prev 15): 4658.97265625 MiB (Increase: 0.0 MiB)
Memory usage before reset: 4658.97265625 MiB (Increase: 0.0 MiB)
Memory usage after reset: 4658.97265625 MiB (Increase: 0.0 MiB)
Current lengths of episodes: [92, 11, 92, 26, 92, 91, 91, 91, 91, 91]
Memory usage at done (index 4, length 92, since_prev 11): 4658.97265625 MiB (Increase: 0.0 MiB)
Memory usage before reset: 4658.97265625 MiB (Increase: 0.0 MiB)
Memory usage after reset: 4658.97265625 MiB (Increase: 0.0 MiB)
Current lengths of episodes: [105, 24, 105, 39, 13, 105, 105, 105, 104, 104]
Memory usage at done (index 7, length 105, since_prev 13): 4658.97265625 MiB (Increase: 0.0 MiB)
Memory usage before reset: 4658.97265625 MiB (Increase: 0.0 MiB)
Memory usage after reset: 4658.97265625 MiB (Increase: 0.0 MiB)
Current lengths of episodes: [140, 59, 139, 73, 47, 139, 139, 34, 139, 139]
Memory usage at done (index 1, length 59, since_prev 35): 4658.97265625 MiB (Increase: 0.0 MiB)
Memory usage before reset: 4658.97265625 MiB (Increase: 0.0 MiB)
Memory usage after reset: 4658.97265625 MiB (Increase: 0.0 MiB)
Current lengths of episodes: [177, 37, 177, 111, 85, 177, 177, 72, 176, 176]
Memory usage at done (index 7, length 72, since_prev 37): 4658.97265625 MiB (Increase: 0.0 MiB)
Memory usage before reset: 4658.97265625 MiB (Increase: 0.0 MiB)
Memory usage after reset: 4658.97265625 MiB (Increase: 0.0 MiB)
Current lengths of episodes: [202, 62, 202, 136, 110, 202, 202, 25, 202, 202]
Memory usage at done (index 9, length 202, since_prev 25): 4658.97265625 MiB (Increase: 0.0 MiB)
Memory usage before reset: 4658.97265625 MiB (Increase: 0.0 MiB)
Memory usage after reset: 4658.97265625 MiB (Increase: 0.0 MiB)
Current lengths of episodes: [231, 91, 231, 165, 139, 231, 231, 54, 230, 28]
Memory usage at done (index 7, length 54, since_prev 29): 4658.97265625 MiB (Increase: 0.0 MiB)
Memory usage before reset: 4658.97265625 MiB (Increase: 0.0 MiB)
Memory usage after reset: 4658.97265625 MiB (Increase: 0.0 MiB)
Current lengths of episodes: [1600, 1459, 1599, 1533, 1507, 1599, 1599, 1368, 1599, 1397]
Memory usage at done (index 0, length 1600, since_prev 1369): 4658.97265625 MiB (Increase: 0.0 MiB)
Memory usage before reset: 4658.97265625 MiB (Increase: 0.0 MiB)
Memory usage after reset: 4658.97265625 MiB (Increase: 0.0 MiB)
Current lengths of episodes: [0, 1460, 1600, 1533, 1507, 1599, 1599, 1368, 1599, 1397]
Memory usage at done (index 2, length 1600, since_prev 0): 4658.97265625 MiB (Increase: 0.0 MiB)
Memory usage before reset: 4658.97265625 MiB (Increase: 0.0 MiB)
Memory usage after reset: 4658.97265625 MiB (Increase: 0.0 MiB)
Training episode 190
Memory usage at middle: 4658.97265625 MiB (Increase: 0.0 MiB)
Memory usage before collect: 4658.97265625 MiB (Increase: 0.0 MiB)
Memory usage after collect: 4658.97265625 MiB (Increase: 0.0 MiB)
Memory usage before initialization: 4658.97265625 MiB (Increase: 0.0 MiB)
Memory usage after initialization: 4658.97265625 MiB (Increase: 0.0 MiB)
Current lengths of episodes: [51, 51, 51, 51, 51, 51, 51, 51, 50, 50]
Memory usage at done (index 7, length 51, since_prev 51): 4658.97265625 MiB (Increase: 0.0 MiB)
Memory usage before reset: 4658.97265625 MiB (Increase: 0.0 MiB)
Memory usage after reset: 4658.97265625 MiB (Increase: 0.0 MiB)
Current lengths of episodes: [54, 54, 53, 53, 53, 53, 53, 2, 53, 53]
Memory usage at done (index 1, length 54, since_prev 3): 4658.97265625 MiB (Increase: 0.0 MiB)
Memory usage before reset: 4658.97265625 MiB (Increase: 0.0 MiB)
Memory usage after reset: 4658.97265625 MiB (Increase: 0.0 MiB)
Current lengths of episodes: [58, 3, 57, 57, 57, 57, 57, 6, 57, 57]
Memory usage at done (index 0, length 58, since_prev 4): 4658.97265625 MiB (Increase: 0.0 MiB)
Memory usage before reset: 4658.97265625 MiB (Increase: 0.0 MiB)
Memory usage after reset: 4658.97265625 MiB (Increase: 0.0 MiB)
Current lengths of episodes: [21, 25, 79, 79, 79, 79, 79, 28, 79, 78]
Memory usage at done (index 8, length 79, since_prev 21): 4658.97265625 MiB (Increase: 0.0 MiB)
Memory usage before reset: 4658.97265625 MiB (Increase: 0.0 MiB)
Memory usage after reset: 4658.97265625 MiB (Increase: 0.0 MiB)
Current lengths of episodes: [26, 30, 84, 84, 84, 84, 83, 32, 4, 83]
Memory usage at done (index 5, length 84, since_prev 5): 4658.97265625 MiB (Increase: 0.0 MiB)
Memory usage before reset: 4658.97265625 MiB (Increase: 0.0 MiB)
Memory usage after reset: 4658.97265625 MiB (Increase: 0.0 MiB)
Current lengths of episodes: [46, 50, 104, 103, 103, 19, 103, 52, 24, 103]
Memory usage at done (index 2, length 104, since_prev 20): 4658.97265625 MiB (Increase: 0.0 MiB)
Memory usage before reset: 4658.97265625 MiB (Increase: 0.0 MiB)
Memory usage after reset: 4658.97265625 MiB (Increase: 0.0 MiB)
Current lengths of episodes: [59, 63, 13, 117, 117, 33, 117, 66, 37, 116]
Memory usage at done (index 7, length 66, since_prev 13): 4658.97265625 MiB (Increase: 0.0 MiB)
Memory usage before reset: 4658.97265625 MiB (Increase: 0.0 MiB)
Memory usage after reset: 4658.97265625 MiB (Increase: 0.0 MiB)
Current lengths of episodes: [72, 75, 25, 129, 129, 45, 129, 12, 50, 129]
Memory usage at done (index 0, length 72, since_prev 13): 4658.97265625 MiB (Increase: 0.0 MiB)
Memory usage before reset: 4658.97265625 MiB (Increase: 0.0 MiB)
Memory usage after reset: 4658.97265625 MiB (Increase: 0.0 MiB)
Current lengths of episodes: [0, 76, 26, 130, 130, 46, 130, 13, 51, 130]
Memory usage at done (index 9, length 130, since_prev 0): 4658.97265625 MiB (Increase: 0.0 MiB)
Memory usage before reset: 4658.97265625 MiB (Increase: 0.0 MiB)
Memory usage after reset: 4658.97265625 MiB (Increase: 0.0 MiB)
Current lengths of episodes: [60, 135, 85, 189, 189, 105, 189, 72, 110, 59]
Memory usage at done (index 0, length 60, since_prev 60): 4658.97265625 MiB (Increase: 0.0 MiB)
Memory usage before reset: 4658.97265625 MiB (Increase: 0.0 MiB)
Memory usage after reset: 4658.97265625 MiB (Increase: 0.0 MiB)
Training episode 200
Memory usage at middle: 4658.97265625 MiB (Increase: 0.0 MiB)
Memory usage before collect: 4658.97265625 MiB (Increase: 0.0 MiB)
Memory usage after collect: 4658.97265625 MiB (Increase: 0.0 MiB)
Episode 200	Average evaluation: -97.98364750923182
Memory usage before initialization: 4658.97265625 MiB (Increase: 0.0 MiB)
Memory usage after initialization: 4658.97265625 MiB (Increase: 0.0 MiB)
Current lengths of episodes: [56, 56, 55, 55, 55, 55, 55, 55, 55, 55]
Memory usage at done (index 1, length 56, since_prev 56): 4658.97265625 MiB (Increase: 0.0 MiB)
Memory usage before reset: 4658.97265625 MiB (Increase: 0.0 MiB)
Memory usage after reset: 4658.97265625 MiB (Increase: 0.0 MiB)
Current lengths of episodes: [59, 3, 59, 59, 58, 58, 58, 58, 58, 58]
Memory usage at done (index 3, length 59, since_prev 3): 4658.97265625 MiB (Increase: 0.0 MiB)
Memory usage before reset: 4658.97265625 MiB (Increase: 0.0 MiB)
Memory usage after reset: 4658.97265625 MiB (Increase: 0.0 MiB)
Current lengths of episodes: [67, 11, 67, 8, 67, 66, 66, 66, 66, 66]
Memory usage at done (index 4, length 67, since_prev 8): 4658.97265625 MiB (Increase: 0.0 MiB)
Memory usage before reset: 4658.97265625 MiB (Increase: 0.0 MiB)
Memory usage after reset: 4658.97265625 MiB (Increase: 0.0 MiB)
Current lengths of episodes: [84, 28, 84, 24, 16, 83, 83, 83, 83, 83]
Memory usage at done (index 2, length 84, since_prev 17): 4658.97265625 MiB (Increase: 0.0 MiB)
Memory usage before reset: 4658.97265625 MiB (Increase: 0.0 MiB)
Memory usage after reset: 4658.97265625 MiB (Increase: 0.0 MiB)
Current lengths of episodes: [101, 45, 17, 42, 34, 101, 101, 101, 101, 101]
Memory usage at done (index 9, length 101, since_prev 17): 4658.97265625 MiB (Increase: 0.0 MiB)
Memory usage before reset: 4658.97265625 MiB (Increase: 0.0 MiB)
Memory usage after reset: 4658.97265625 MiB (Increase: 0.0 MiB)
Current lengths of episodes: [103, 47, 18, 43, 35, 102, 102, 102, 102, 1]
Memory usage at done (index 1, length 47, since_prev 2): 4658.97265625 MiB (Increase: 0.0 MiB)
Memory usage before reset: 4658.97265625 MiB (Increase: 0.0 MiB)
Memory usage after reset: 4658.97265625 MiB (Increase: 0.0 MiB)
Current lengths of episodes: [111, 7, 26, 51, 43, 110, 110, 110, 110, 9]
Memory usage at done (index 0, length 111, since_prev 8): 4658.97265625 MiB (Increase: 0.0 MiB)
Memory usage before reset: 4658.97265625 MiB (Increase: 0.0 MiB)
Memory usage after reset: 4658.97265625 MiB (Increase: 0.0 MiB)
Current lengths of episodes: [13, 21, 40, 65, 56, 123, 123, 123, 123, 22]
Memory usage at done (index 3, length 65, since_prev 13): 4658.97265625 MiB (Increase: 0.0 MiB)
Memory usage before reset: 4658.97265625 MiB (Increase: 0.0 MiB)
Memory usage after reset: 4658.97265625 MiB (Increase: 0.0 MiB)
Current lengths of episodes: [18, 26, 45, 5, 62, 128, 128, 128, 128, 27]
Memory usage at done (index 4, length 62, since_prev 5): 4658.97265625 MiB (Increase: 0.0 MiB)
Memory usage before reset: 4658.97265625 MiB (Increase: 0.0 MiB)
Memory usage after reset: 4658.97265625 MiB (Increase: 0.0 MiB)
Current lengths of episodes: [63, 71, 90, 49, 44, 173, 173, 173, 173, 72]
Memory usage at done (index 2, length 90, since_prev 45): 4658.97265625 MiB (Increase: 0.0 MiB)
Memory usage before reset: 4658.97265625 MiB (Increase: 0.0 MiB)
Memory usage after reset: 4658.97265625 MiB (Increase: 0.0 MiB)
Training episode 210
Memory usage at middle: 4658.97265625 MiB (Increase: 0.0 MiB)
Memory usage before collect: 4658.97265625 MiB (Increase: 0.0 MiB)
Memory usage after collect: 4658.97265625 MiB (Increase: 0.0 MiB)
Memory usage before initialization: 4658.97265625 MiB (Increase: 0.0 MiB)
Memory usage after initialization: 4658.97265625 MiB (Increase: 0.0 MiB)
Current lengths of episodes: [53, 53, 53, 53, 53, 53, 52, 52, 52, 52]
Memory usage at done (index 5, length 53, since_prev 53): 4658.97265625 MiB (Increase: 0.0 MiB)
Memory usage before reset: 4658.97265625 MiB (Increase: 0.0 MiB)
Memory usage after reset: 4658.97265625 MiB (Increase: 0.0 MiB)
Current lengths of episodes: [66, 66, 66, 66, 66, 13, 66, 66, 66, 66]
Memory usage at done (index 9, length 66, since_prev 13): 4658.97265625 MiB (Increase: 0.0 MiB)
Memory usage before reset: 4658.97265625 MiB (Increase: 0.0 MiB)
Memory usage after reset: 4658.97265625 MiB (Increase: 0.0 MiB)
Current lengths of episodes: [68, 68, 68, 68, 68, 15, 68, 68, 67, 1]
Memory usage at done (index 7, length 68, since_prev 2): 4658.97265625 MiB (Increase: 0.0 MiB)
Memory usage before reset: 4658.97265625 MiB (Increase: 0.0 MiB)
Memory usage after reset: 4658.97265625 MiB (Increase: 0.0 MiB)
Current lengths of episodes: [79, 78, 78, 78, 78, 25, 78, 10, 78, 12]
Memory usage at done (index 0, length 79, since_prev 11): 4658.97265625 MiB (Increase: 0.0 MiB)
Memory usage before reset: 4658.97265625 MiB (Increase: 0.0 MiB)
Memory usage after reset: 4658.97265625 MiB (Increase: 0.0 MiB)
Current lengths of episodes: [41, 120, 120, 120, 120, 67, 120, 52, 119, 53]
Memory usage at done (index 7, length 52, since_prev 41): 4658.97265625 MiB (Increase: 0.0 MiB)
Memory usage before reset: 4658.97265625 MiB (Increase: 0.0 MiB)
Memory usage after reset: 4658.97265625 MiB (Increase: 0.0 MiB)
Current lengths of episodes: [45, 124, 124, 124, 123, 70, 123, 3, 123, 57]
Memory usage at done (index 3, length 124, since_prev 4): 4658.97265625 MiB (Increase: 0.0 MiB)
Memory usage before reset: 4658.97265625 MiB (Increase: 0.0 MiB)
Memory usage after reset: 4658.97265625 MiB (Increase: 0.0 MiB)
Current lengths of episodes: [51, 130, 130, 6, 130, 77, 129, 9, 129, 63]
Memory usage at done (index 5, length 77, since_prev 6): 4658.97265625 MiB (Increase: 0.0 MiB)
Memory usage before reset: 4658.97265625 MiB (Increase: 0.0 MiB)
Memory usage after reset: 4658.97265625 MiB (Increase: 0.0 MiB)
Current lengths of episodes: [101, 180, 180, 56, 180, 50, 179, 59, 179, 113]
Memory usage at done (index 5, length 50, since_prev 50): 4658.97265625 MiB (Increase: 0.0 MiB)
Memory usage before reset: 4658.97265625 MiB (Increase: 0.0 MiB)
Memory usage after reset: 4658.97265625 MiB (Increase: 0.0 MiB)
Current lengths of episodes: [130, 209, 209, 85, 208, 28, 208, 88, 208, 142]
Memory usage at done (index 3, length 85, since_prev 29): 4658.97265625 MiB (Increase: 0.0 MiB)
Memory usage before reset: 4658.97265625 MiB (Increase: 0.0 MiB)
Memory usage after reset: 4658.97265625 MiB (Increase: 0.0 MiB)
Current lengths of episodes: [237, 316, 316, 107, 315, 135, 315, 195, 315, 249]
Memory usage at done (index 3, length 107, since_prev 107): 4658.97265625 MiB (Increase: 0.0 MiB)
Memory usage before reset: 4658.97265625 MiB (Increase: 0.0 MiB)
Memory usage after reset: 4658.97265625 MiB (Increase: 0.0 MiB)
Training episode 220
Memory usage at middle: 4658.97265625 MiB (Increase: 0.0 MiB)
Memory usage before collect: 4658.97265625 MiB (Increase: 0.0 MiB)
Memory usage after collect: 4658.97265625 MiB (Increase: 0.0 MiB)
Memory usage before initialization: 4658.97265625 MiB (Increase: 0.0 MiB)
Memory usage after initialization: 4658.97265625 MiB (Increase: 0.0 MiB)
Current lengths of episodes: [51, 50, 50, 50, 50, 50, 50, 50, 50, 50]
Memory usage at done (index 0, length 51, since_prev 51): 4658.97265625 MiB (Increase: 0.0 MiB)
Memory usage before reset: 4658.97265625 MiB (Increase: 0.0 MiB)
Memory usage after reset: 4658.97265625 MiB (Increase: 0.0 MiB)
Current lengths of episodes: [6, 57, 57, 57, 57, 57, 57, 57, 57, 57]
Memory usage at done (index 9, length 57, since_prev 6): 4658.97265625 MiB (Increase: 0.0 MiB)
Memory usage before reset: 4658.97265625 MiB (Increase: 0.0 MiB)
Memory usage after reset: 4658.97265625 MiB (Increase: 0.0 MiB)
Current lengths of episodes: [21, 72, 72, 72, 72, 71, 71, 71, 71, 14]
Memory usage at done (index 4, length 72, since_prev 15): 4658.97265625 MiB (Increase: 0.0 MiB)
Memory usage before reset: 4658.97265625 MiB (Increase: 0.0 MiB)
Memory usage after reset: 4658.97265625 MiB (Increase: 0.0 MiB)
Current lengths of episodes: [26, 77, 77, 76, 4, 76, 76, 76, 76, 19]
Memory usage at done (index 2, length 77, since_prev 5): 4658.97265625 MiB (Increase: 0.0 MiB)
Memory usage before reset: 4658.97265625 MiB (Increase: 0.0 MiB)
Memory usage after reset: 4658.97265625 MiB (Increase: 0.0 MiB)
Current lengths of episodes: [99, 150, 73, 150, 78, 149, 149, 149, 149, 92]
Memory usage at done (index 4, length 78, since_prev 73): 4658.97265625 MiB (Increase: 0.0 MiB)
Memory usage before reset: 4658.97265625 MiB (Increase: 0.0 MiB)
Memory usage after reset: 4658.97265625 MiB (Increase: 0.0 MiB)
Current lengths of episodes: [302, 353, 276, 353, 203, 353, 353, 353, 353, 295]
Memory usage at done (index 8, length 353, since_prev 203): 4658.97265625 MiB (Increase: 0.0 MiB)
Memory usage before reset: 4658.97265625 MiB (Increase: 0.0 MiB)
Memory usage after reset: 4658.97265625 MiB (Increase: 0.0 MiB)
Current lengths of episodes: [374, 425, 348, 425, 275, 425, 425, 425, 72, 367]
Memory usage at done (index 8, length 72, since_prev 72): 4658.97265625 MiB (Increase: 0.0 MiB)
Memory usage before reset: 4658.97265625 MiB (Increase: 0.0 MiB)
Memory usage after reset: 4658.97265625 MiB (Increase: 0.0 MiB)
Current lengths of episodes: [689, 740, 662, 739, 589, 739, 739, 739, 314, 682]
Memory usage at done (index 1, length 740, since_prev 315): 4658.97265625 MiB (Increase: 0.0 MiB)
Memory usage before reset: 4658.97265625 MiB (Increase: 0.0 MiB)
Memory usage after reset: 4658.97265625 MiB (Increase: 0.0 MiB)
Current lengths of episodes: [759, 70, 732, 809, 659, 809, 809, 809, 384, 752]
Memory usage at done (index 1, length 70, since_prev 70): 4658.97265625 MiB (Increase: 0.0 MiB)
Memory usage before reset: 4658.97265625 MiB (Increase: 0.0 MiB)
Memory usage after reset: 4658.97265625 MiB (Increase: 0.0 MiB)
Current lengths of episodes: [822, 63, 795, 872, 722, 872, 872, 872, 447, 815]
Memory usage at done (index 1, length 63, since_prev 63): 4658.97265625 MiB (Increase: 0.0 MiB)
Memory usage before reset: 4658.97265625 MiB (Increase: 0.0 MiB)
Memory usage after reset: 4658.97265625 MiB (Increase: 0.0 MiB)
Training episode 230
Memory usage at middle: 4658.97265625 MiB (Increase: 0.0 MiB)
Memory usage before collect: 4658.97265625 MiB (Increase: 0.0 MiB)
Memory usage after collect: 4658.97265625 MiB (Increase: 0.0 MiB)
Memory usage before initialization: 4658.97265625 MiB (Increase: 0.0 MiB)
Memory usage after initialization: 4658.97265625 MiB (Increase: 0.0 MiB)
Current lengths of episodes: [51, 51, 51, 51, 51, 50, 50, 50, 50, 50]
Memory usage at done (index 4, length 51, since_prev 51): 4658.97265625 MiB (Increase: 0.0 MiB)
Memory usage before reset: 4658.97265625 MiB (Increase: 0.0 MiB)
Memory usage after reset: 4658.97265625 MiB (Increase: 0.0 MiB)
Current lengths of episodes: [57, 57, 57, 57, 6, 57, 57, 57, 57, 57]
Memory usage at done (index 9, length 57, since_prev 6): 4658.97265625 MiB (Increase: 0.0 MiB)
Memory usage before reset: 4658.97265625 MiB (Increase: 0.0 MiB)
Memory usage after reset: 4658.97265625 MiB (Increase: 0.0 MiB)
Current lengths of episodes: [58, 58, 57, 57, 6, 57, 57, 57, 57, 0]
Memory usage at done (index 1, length 58, since_prev 1): 4658.97265625 MiB (Increase: 0.0 MiB)
Memory usage before reset: 4658.97265625 MiB (Increase: 0.0 MiB)
Memory usage after reset: 4658.97265625 MiB (Increase: 0.0 MiB)
Current lengths of episodes: [61, 3, 61, 60, 9, 60, 60, 60, 60, 3]
Memory usage at done (index 2, length 61, since_prev 3): 4658.97265625 MiB (Increase: 0.0 MiB)
Memory usage before reset: 4658.97265625 MiB (Increase: 0.0 MiB)
Memory usage after reset: 4658.97265625 MiB (Increase: 0.0 MiB)
Current lengths of episodes: [66, 8, 5, 66, 14, 65, 65, 65, 65, 8]
Memory usage at done (index 3, length 66, since_prev 5): 4658.97265625 MiB (Increase: 0.0 MiB)
Memory usage before reset: 4658.97265625 MiB (Increase: 0.0 MiB)
Memory usage after reset: 4658.97265625 MiB (Increase: 0.0 MiB)
Current lengths of episodes: [92, 34, 31, 26, 41, 92, 92, 91, 91, 34]
Memory usage at done (index 6, length 92, since_prev 26): 4658.97265625 MiB (Increase: 0.0 MiB)
Memory usage before reset: 4658.97265625 MiB (Increase: 0.0 MiB)
Memory usage after reset: 4658.97265625 MiB (Increase: 0.0 MiB)
Current lengths of episodes: [114, 56, 53, 48, 63, 114, 22, 114, 113, 56]
Memory usage at done (index 7, length 114, since_prev 22): 4658.97265625 MiB (Increase: 0.0 MiB)
Memory usage before reset: 4658.97265625 MiB (Increase: 0.0 MiB)
Memory usage after reset: 4658.97265625 MiB (Increase: 0.0 MiB)
Current lengths of episodes: [139, 81, 78, 72, 87, 138, 46, 24, 138, 81]
Memory usage at done (index 2, length 78, since_prev 25): 4658.97265625 MiB (Increase: 0.0 MiB)
Memory usage before reset: 4658.97265625 MiB (Increase: 0.0 MiB)
Memory usage after reset: 4658.97265625 MiB (Increase: 0.0 MiB)
Current lengths of episodes: [149, 91, 10, 83, 98, 149, 57, 35, 149, 92]
Memory usage at done (index 9, length 92, since_prev 10): 4658.97265625 MiB (Increase: 0.0 MiB)
Memory usage before reset: 4658.97265625 MiB (Increase: 0.0 MiB)
Memory usage after reset: 4658.97265625 MiB (Increase: 0.0 MiB)
Current lengths of episodes: [169, 111, 30, 103, 117, 168, 76, 54, 168, 19]
Memory usage at done (index 3, length 103, since_prev 20): 4658.97265625 MiB (Increase: 0.0 MiB)
Memory usage before reset: 4658.97265625 MiB (Increase: 0.0 MiB)
Memory usage after reset: 4658.97265625 MiB (Increase: 0.0 MiB)
Training episode 240
Memory usage at middle: 4658.97265625 MiB (Increase: 0.0 MiB)
Memory usage before collect: 4658.97265625 MiB (Increase: 0.0 MiB)
Memory usage after collect: 4658.97265625 MiB (Increase: 0.0 MiB)
Memory usage before initialization: 4658.97265625 MiB (Increase: 0.0 MiB)
Memory usage after initialization: 4658.97265625 MiB (Increase: 0.0 MiB)
Current lengths of episodes: [65, 65, 65, 65, 65, 65, 65, 65, 65, 65]
Memory usage at done (index 9, length 65, since_prev 65): 4658.97265625 MiB (Increase: 0.0 MiB)
Memory usage before reset: 4658.97265625 MiB (Increase: 0.0 MiB)
Memory usage after reset: 4658.97265625 MiB (Increase: 0.0 MiB)
Current lengths of episodes: [69, 68, 68, 68, 68, 68, 68, 68, 68, 3]
Memory usage at done (index 0, length 69, since_prev 4): 4658.97265625 MiB (Increase: 0.0 MiB)
Memory usage before reset: 4658.97265625 MiB (Increase: 0.0 MiB)
Memory usage after reset: 4658.97265625 MiB (Increase: 0.0 MiB)
Current lengths of episodes: [12, 81, 81, 81, 81, 81, 81, 80, 80, 15]
Memory usage at done (index 6, length 81, since_prev 12): 4658.97265625 MiB (Increase: 0.0 MiB)
Memory usage before reset: 4658.97265625 MiB (Increase: 0.0 MiB)
Memory usage after reset: 4658.97265625 MiB (Increase: 0.0 MiB)
Current lengths of episodes: [23, 92, 92, 92, 92, 92, 11, 92, 92, 26]
Memory usage at done (index 8, length 92, since_prev 11): 4658.97265625 MiB (Increase: 0.0 MiB)
Memory usage before reset: 4658.97265625 MiB (Increase: 0.0 MiB)
Memory usage after reset: 4658.97265625 MiB (Increase: 0.0 MiB)
Current lengths of episodes: [96, 165, 165, 164, 164, 164, 83, 164, 72, 99]
Memory usage at done (index 2, length 165, since_prev 73): 4658.97265625 MiB (Increase: 0.0 MiB)
Memory usage before reset: 4658.97265625 MiB (Increase: 0.0 MiB)
Memory usage after reset: 4658.97265625 MiB (Increase: 0.0 MiB)
Current lengths of episodes: [100, 169, 4, 169, 169, 169, 88, 168, 76, 103]
Memory usage at done (index 6, length 88, since_prev 4): 4658.97265625 MiB (Increase: 0.0 MiB)
Memory usage before reset: 4658.97265625 MiB (Increase: 0.0 MiB)
Memory usage after reset: 4658.97265625 MiB (Increase: 0.0 MiB)
Current lengths of episodes: [158, 227, 62, 227, 227, 227, 58, 226, 134, 161]
Memory usage at done (index 6, length 58, since_prev 58): 4658.97265625 MiB (Increase: 0.0 MiB)
Memory usage before reset: 4658.97265625 MiB (Increase: 0.0 MiB)
Memory usage after reset: 4658.97265625 MiB (Increase: 0.0 MiB)
Current lengths of episodes: [176, 245, 80, 244, 244, 244, 17, 244, 152, 179]
Memory usage at done (index 2, length 80, since_prev 18): 4658.97265625 MiB (Increase: 0.0 MiB)
Memory usage before reset: 4658.97265625 MiB (Increase: 0.0 MiB)
Memory usage after reset: 4658.97265625 MiB (Increase: 0.0 MiB)
Current lengths of episodes: [268, 337, 92, 337, 337, 337, 110, 336, 244, 271]
Memory usage at done (index 6, length 110, since_prev 92): 4658.97265625 MiB (Increase: 0.0 MiB)
Memory usage before reset: 4658.97265625 MiB (Increase: 0.0 MiB)
Memory usage after reset: 4658.97265625 MiB (Increase: 0.0 MiB)
Current lengths of episodes: [362, 431, 186, 431, 431, 431, 94, 430, 338, 365]
Memory usage at done (index 6, length 94, since_prev 94): 4658.97265625 MiB (Increase: 0.0 MiB)
Memory usage before reset: 4658.97265625 MiB (Increase: 0.0 MiB)
Memory usage after reset: 4658.97265625 MiB (Increase: 0.0 MiB)
Training episode 250
Memory usage at middle: 4658.97265625 MiB (Increase: 0.0 MiB)
Memory usage before collect: 4658.97265625 MiB (Increase: 0.0 MiB)
Memory usage after collect: 4658.97265625 MiB (Increase: 0.0 MiB)
Episode 250	Average evaluation: -88.57540198298457
Memory usage before initialization: 4658.97265625 MiB (Increase: 0.0 MiB)
Memory usage after initialization: 4658.97265625 MiB (Increase: 0.0 MiB)
Current lengths of episodes: [60, 60, 60, 60, 60, 60, 59, 59, 59, 59]
Memory usage at done (index 5, length 60, since_prev 60): 4658.97265625 MiB (Increase: 0.0 MiB)
Memory usage before reset: 4658.97265625 MiB (Increase: 0.0 MiB)
Memory usage after reset: 4658.97265625 MiB (Increase: 0.0 MiB)
Current lengths of episodes: [75, 75, 75, 75, 75, 15, 75, 74, 74, 74]
Memory usage at done (index 6, length 75, since_prev 15): 4658.97265625 MiB (Increase: 0.0 MiB)
Memory usage before reset: 4658.97265625 MiB (Increase: 0.0 MiB)
Memory usage after reset: 4658.97265625 MiB (Increase: 0.0 MiB)
Current lengths of episodes: [76, 76, 76, 76, 76, 16, 1, 76, 76, 75]
Memory usage at done (index 8, length 76, since_prev 1): 4658.97265625 MiB (Increase: 0.0 MiB)
Memory usage before reset: 4658.97265625 MiB (Increase: 0.0 MiB)
Memory usage after reset: 4658.97265625 MiB (Increase: 0.0 MiB)
Current lengths of episodes: [82, 82, 82, 82, 81, 21, 6, 81, 5, 81]
Memory usage at done (index 3, length 82, since_prev 6): 4658.97265625 MiB (Increase: 0.0 MiB)
Memory usage before reset: 4658.97265625 MiB (Increase: 0.0 MiB)
Memory usage after reset: 4658.97265625 MiB (Increase: 0.0 MiB)
Current lengths of episodes: [91, 91, 91, 9, 91, 30, 15, 90, 14, 90]
Memory usage at done (index 4, length 91, since_prev 9): 4658.97265625 MiB (Increase: 0.0 MiB)
Memory usage before reset: 4658.97265625 MiB (Increase: 0.0 MiB)
Memory usage after reset: 4658.97265625 MiB (Increase: 0.0 MiB)
Current lengths of episodes: [92, 92, 92, 10, 1, 32, 17, 92, 15, 91]
Memory usage at done (index 7, length 92, since_prev 1): 4658.97265625 MiB (Increase: 0.0 MiB)
Memory usage before reset: 4658.97265625 MiB (Increase: 0.0 MiB)
Memory usage after reset: 4658.97265625 MiB (Increase: 0.0 MiB)
Current lengths of episodes: [124, 124, 124, 42, 33, 64, 49, 31, 47, 123]
Memory usage at done (index 6, length 49, since_prev 32): 4658.97265625 MiB (Increase: 0.0 MiB)
Memory usage before reset: 4658.97265625 MiB (Increase: 0.0 MiB)
Memory usage after reset: 4658.97265625 MiB (Increase: 0.0 MiB)
Current lengths of episodes: [140, 139, 139, 57, 48, 79, 15, 47, 63, 139]
Memory usage at done (index 0, length 140, since_prev 16): 4658.97265625 MiB (Increase: 0.0 MiB)
Memory usage before reset: 4658.97265625 MiB (Increase: 0.0 MiB)
Memory usage after reset: 4658.97265625 MiB (Increase: 0.0 MiB)
Current lengths of episodes: [9, 149, 149, 67, 58, 89, 25, 57, 72, 148]
Memory usage at done (index 7, length 57, since_prev 9): 4658.97265625 MiB (Increase: 0.0 MiB)
Memory usage before reset: 4658.97265625 MiB (Increase: 0.0 MiB)
Memory usage after reset: 4658.97265625 MiB (Increase: 0.0 MiB)
Current lengths of episodes: [24, 164, 164, 82, 73, 103, 39, 14, 87, 163]
Memory usage at done (index 4, length 73, since_prev 15): 4658.97265625 MiB (Increase: 0.0 MiB)
Memory usage before reset: 4658.97265625 MiB (Increase: 0.0 MiB)
Memory usage after reset: 4658.97265625 MiB (Increase: 0.0 MiB)
Training episode 260
Memory usage at middle: 4658.97265625 MiB (Increase: 0.0 MiB)
Memory usage before collect: 4658.97265625 MiB (Increase: 0.0 MiB)
Memory usage after collect: 4658.97265625 MiB (Increase: 0.0 MiB)
Memory usage before initialization: 4658.97265625 MiB (Increase: 0.0 MiB)
Memory usage after initialization: 4658.97265625 MiB (Increase: 0.0 MiB)
Current lengths of episodes: [95, 95, 95, 95, 95, 95, 95, 95, 95, 94]
Memory usage at done (index 8, length 95, since_prev 95): 4658.97265625 MiB (Increase: 0.0 MiB)
Memory usage before reset: 4658.97265625 MiB (Increase: 0.0 MiB)
Memory usage after reset: 4658.97265625 MiB (Increase: 0.0 MiB)
Current lengths of episodes: [99, 98, 98, 98, 98, 98, 98, 98, 3, 98]
Memory usage at done (index 0, length 99, since_prev 4): 4658.97265625 MiB (Increase: 0.0 MiB)
Memory usage before reset: 4658.97265625 MiB (Increase: 0.0 MiB)
Memory usage after reset: 4658.97265625 MiB (Increase: 0.0 MiB)
Current lengths of episodes: [14, 113, 113, 113, 113, 113, 113, 112, 17, 112]
Memory usage at done (index 6, length 113, since_prev 14): 4658.97265625 MiB (Increase: 0.0 MiB)
Memory usage before reset: 4658.97265625 MiB (Increase: 0.0 MiB)
Memory usage after reset: 4658.97265625 MiB (Increase: 0.0 MiB)
Current lengths of episodes: [65, 163, 163, 163, 163, 163, 50, 163, 68, 163]
Memory usage at done (index 0, length 65, since_prev 51): 4658.97265625 MiB (Increase: 0.0 MiB)
Memory usage before reset: 4658.97265625 MiB (Increase: 0.0 MiB)
Memory usage after reset: 4658.97265625 MiB (Increase: 0.0 MiB)
Current lengths of episodes: [3, 167, 167, 167, 167, 167, 54, 167, 71, 166]
Memory usage at done (index 7, length 167, since_prev 3): 4658.97265625 MiB (Increase: 0.0 MiB)
Memory usage before reset: 4658.97265625 MiB (Increase: 0.0 MiB)
Memory usage after reset: 4658.97265625 MiB (Increase: 0.0 MiB)
Current lengths of episodes: [64, 228, 228, 228, 228, 228, 115, 61, 132, 227]
Memory usage at done (index 7, length 61, since_prev 61): 4658.97265625 MiB (Increase: 0.0 MiB)
Memory usage before reset: 4658.97265625 MiB (Increase: 0.0 MiB)
Memory usage after reset: 4658.97265625 MiB (Increase: 0.0 MiB)
Current lengths of episodes: [1436, 1600, 1599, 1599, 1599, 1599, 1486, 1371, 1504, 1599]
Memory usage at done (index 1, length 1600, since_prev 1372): 4658.97265625 MiB (Increase: 0.0 MiB)
Memory usage before reset: 4658.97265625 MiB (Increase: 0.0 MiB)
Memory usage after reset: 4658.97265625 MiB (Increase: 0.0 MiB)
Current lengths of episodes: [1436, 0, 1600, 1599, 1599, 1599, 1486, 1371, 1504, 1599]
Memory usage at done (index 2, length 1600, since_prev 0): 4658.97265625 MiB (Increase: 0.0 MiB)
Memory usage before reset: 4658.97265625 MiB (Increase: 0.0 MiB)
Memory usage after reset: 4658.97265625 MiB (Increase: 0.0 MiB)
Current lengths of episodes: [1436, 0, 0, 1600, 1599, 1599, 1486, 1371, 1504, 1599]
Memory usage at done (index 3, length 1600, since_prev 0): 4658.97265625 MiB (Increase: 0.0 MiB)
Memory usage before reset: 4658.97265625 MiB (Increase: 0.0 MiB)
Memory usage after reset: 4658.97265625 MiB (Increase: 0.0 MiB)
Current lengths of episodes: [1436, 0, 0, 0, 1600, 1599, 1486, 1371, 1504, 1599]
Memory usage at done (index 4, length 1600, since_prev 0): 4658.97265625 MiB (Increase: 0.0 MiB)
Memory usage before reset: 4658.97265625 MiB (Increase: 0.0 MiB)
Memory usage after reset: 4658.97265625 MiB (Increase: 0.0 MiB)
Training episode 270
Memory usage at middle: 4658.97265625 MiB (Increase: 0.0 MiB)
Memory usage before collect: 4658.97265625 MiB (Increase: 0.0 MiB)
Memory usage after collect: 4658.97265625 MiB (Increase: 0.0 MiB)
Memory usage before initialization: 4658.97265625 MiB (Increase: 0.0 MiB)
Memory usage after initialization: 4658.97265625 MiB (Increase: 0.0 MiB)
Current lengths of episodes: [71, 70, 70, 70, 70, 70, 70, 70, 70, 70]
Memory usage at done (index 0, length 71, since_prev 71): 4658.97265625 MiB (Increase: 0.0 MiB)
Memory usage before reset: 4658.97265625 MiB (Increase: 0.0 MiB)
Memory usage after reset: 4658.97265625 MiB (Increase: 0.0 MiB)
Current lengths of episodes: [0, 71, 71, 71, 71, 71, 70, 70, 70, 70]
Memory usage at done (index 5, length 71, since_prev 0): 4658.97265625 MiB (Increase: 0.0 MiB)
Memory usage before reset: 4658.97265625 MiB (Increase: 0.0 MiB)
Memory usage after reset: 4658.97265625 MiB (Increase: 0.0 MiB)
Current lengths of episodes: [38, 109, 109, 109, 109, 38, 109, 109, 109, 109]
Memory usage at done (index 9, length 109, since_prev 38): 4658.97265625 MiB (Increase: 0.0 MiB)
Memory usage before reset: 4658.97265625 MiB (Increase: 0.0 MiB)
Memory usage after reset: 4658.97265625 MiB (Increase: 0.0 MiB)
Current lengths of episodes: [771, 842, 842, 842, 842, 771, 842, 842, 841, 732]
Memory usage at done (index 7, length 842, since_prev 733): 5665.875 MiB (Increase: 1006.90234375 MiB)
Memory usage before reset: 5665.875 MiB (Increase: 0.0 MiB)
Memory usage after reset: 5666.08203125 MiB (Increase: 0.20703125 MiB)
Current lengths of episodes: [839, 910, 910, 910, 910, 839, 910, 68, 909, 800]
Memory usage at done (index 7, length 68, since_prev 68): 5821.65625 MiB (Increase: 155.57421875 MiB)
Memory usage before reset: 5821.65625 MiB (Increase: 0.0 MiB)
Memory usage after reset: 5821.859375 MiB (Increase: 0.203125 MiB)
Current lengths of episodes: [947, 1018, 1018, 1018, 1018, 947, 1018, 108, 1017, 908]
Memory usage at done (index 7, length 108, since_prev 108): 6068.734375 MiB (Increase: 246.875 MiB)
Memory usage before reset: 6068.734375 MiB (Increase: 0.0 MiB)
Memory usage after reset: 6068.95703125 MiB (Increase: 0.22265625 MiB)
Current lengths of episodes: [1243, 1314, 1313, 1313, 1313, 1242, 1313, 295, 1313, 1204]
Memory usage at done (index 1, length 1314, since_prev 296): 6745.515625 MiB (Increase: 676.55859375 MiB)
Memory usage before reset: 6745.515625 MiB (Increase: 0.0 MiB)
Memory usage after reset: 6745.72265625 MiB (Increase: 0.20703125 MiB)
Current lengths of episodes: [1309, 66, 1379, 1379, 1379, 1308, 1379, 361, 1379, 1270]
Memory usage at done (index 1, length 66, since_prev 66): 6896.7265625 MiB (Increase: 151.00390625 MiB)
Memory usage before reset: 6896.7265625 MiB (Increase: 0.0 MiB)
Memory usage after reset: 6896.9375 MiB (Increase: 0.2109375 MiB)
Current lengths of episodes: [1403, 94, 1474, 1474, 1474, 1402, 1473, 455, 1473, 1364]
Memory usage at done (index 4, length 1474, since_prev 94): 7111.91015625 MiB (Increase: 214.97265625 MiB)
Memory usage before reset: 7111.91015625 MiB (Increase: 0.0 MiB)
Memory usage after reset: 7112.1171875 MiB (Increase: 0.20703125 MiB)
Current lengths of episodes: [1474, 165, 1545, 1545, 71, 1473, 1544, 526, 1544, 1435]
Memory usage at done (index 4, length 71, since_prev 71): 7274.5859375 MiB (Increase: 162.46875 MiB)
Memory usage before reset: 7274.5859375 MiB (Increase: 0.0 MiB)
Memory usage after reset: 7274.7890625 MiB (Increase: 0.203125 MiB)
Training episode 280
Memory usage at middle: 7274.7890625 MiB (Increase: 0.0 MiB)
Memory usage before collect: 7275.19140625 MiB (Increase: 0.40234375 MiB)
Memory usage after collect: 7275.19140625 MiB (Increase: 0.0 MiB)
Memory usage before initialization: 7275.19140625 MiB (Increase: 0.0 MiB)
Memory usage after initialization: 7275.19140625 MiB (Increase: 0.0 MiB)
Current lengths of episodes: [88, 88, 88, 88, 88, 88, 88, 88, 88, 88]
Memory usage at done (index 9, length 88, since_prev 88): 7275.2265625 MiB (Increase: 0.03515625 MiB)
Memory usage before reset: 7275.2265625 MiB (Increase: 0.0 MiB)
Memory usage after reset: 7275.2265625 MiB (Increase: 0.0 MiB)
Current lengths of episodes: [137, 137, 137, 137, 137, 136, 136, 136, 136, 48]
Memory usage at done (index 4, length 137, since_prev 49): 7275.2265625 MiB (Increase: 0.0 MiB)
Memory usage before reset: 7275.2265625 MiB (Increase: 0.0 MiB)
Memory usage after reset: 7275.2265625 MiB (Increase: 0.0 MiB)
Current lengths of episodes: [1600, 1599, 1599, 1599, 1462, 1599, 1599, 1599, 1599, 1511]
Memory usage at done (index 0, length 1600, since_prev 1463): 7399.109375 MiB (Increase: 123.8828125 MiB)
Memory usage before reset: 7399.109375 MiB (Increase: 0.0 MiB)
Memory usage after reset: 7399.328125 MiB (Increase: 0.21875 MiB)
Current lengths of episodes: [0, 1600, 1599, 1599, 1462, 1599, 1599, 1599, 1599, 1511]
Memory usage at done (index 1, length 1600, since_prev 0): 7399.328125 MiB (Increase: 0.0 MiB)
Memory usage before reset: 7399.328125 MiB (Increase: 0.0 MiB)
Memory usage after reset: 7399.5859375 MiB (Increase: 0.2578125 MiB)
Current lengths of episodes: [0, 0, 1600, 1599, 1462, 1599, 1599, 1599, 1599, 1511]
Memory usage at done (index 2, length 1600, since_prev 0): 7399.5859375 MiB (Increase: 0.0 MiB)
Memory usage before reset: 7399.5859375 MiB (Increase: 0.0 MiB)
Memory usage after reset: 7400.1015625 MiB (Increase: 0.515625 MiB)
Current lengths of episodes: [0, 0, 0, 1600, 1462, 1599, 1599, 1599, 1599, 1511]
Memory usage at done (index 3, length 1600, since_prev 0): 7400.1015625 MiB (Increase: 0.0 MiB)
Memory usage before reset: 7400.1015625 MiB (Increase: 0.0 MiB)
Memory usage after reset: 7400.359375 MiB (Increase: 0.2578125 MiB)
Current lengths of episodes: [0, 0, 0, 0, 1463, 1600, 1599, 1599, 1599, 1511]
Memory usage at done (index 5, length 1600, since_prev 0): 7400.359375 MiB (Increase: 0.0 MiB)
Memory usage before reset: 7400.359375 MiB (Increase: 0.0 MiB)
Memory usage after reset: 7400.6171875 MiB (Increase: 0.2578125 MiB)
Current lengths of episodes: [0, 0, 0, 0, 1463, 0, 1600, 1599, 1599, 1511]
Memory usage at done (index 6, length 1600, since_prev 0): 7400.6171875 MiB (Increase: 0.0 MiB)
Memory usage before reset: 7400.6171875 MiB (Increase: 0.0 MiB)
Memory usage after reset: 7401.1328125 MiB (Increase: 0.515625 MiB)
Current lengths of episodes: [0, 0, 0, 0, 1463, 0, 0, 1600, 1599, 1511]
Memory usage at done (index 7, length 1600, since_prev 0): 7401.1328125 MiB (Increase: 0.0 MiB)
Memory usage before reset: 7401.1328125 MiB (Increase: 0.0 MiB)
Memory usage after reset: 7401.390625 MiB (Increase: 0.2578125 MiB)
Current lengths of episodes: [0, 0, 0, 0, 1463, 0, 0, 0, 1600, 1511]
Memory usage at done (index 8, length 1600, since_prev 0): 7401.390625 MiB (Increase: 0.0 MiB)
Memory usage before reset: 7401.390625 MiB (Increase: 0.0 MiB)
Memory usage after reset: 7401.6484375 MiB (Increase: 0.2578125 MiB)
Training episode 290
Memory usage at middle: 7401.6484375 MiB (Increase: 0.0 MiB)
Memory usage before collect: 7401.88671875 MiB (Increase: 0.23828125 MiB)
Memory usage after collect: 7401.89453125 MiB (Increase: 0.0078125 MiB)
Memory usage before initialization: 7401.89453125 MiB (Increase: 0.0 MiB)
Memory usage after initialization: 7401.89453125 MiB (Increase: 0.0 MiB)
Current lengths of episodes: [55, 55, 55, 55, 55, 55, 54, 54, 54, 54]
Memory usage at done (index 5, length 55, since_prev 55): 7401.9296875 MiB (Increase: 0.03515625 MiB)
Memory usage before reset: 7401.9296875 MiB (Increase: 0.0 MiB)
Memory usage after reset: 7401.9296875 MiB (Increase: 0.0 MiB)
Current lengths of episodes: [56, 56, 56, 56, 56, 1, 56, 56, 56, 56]
Memory usage at done (index 9, length 56, since_prev 1): 7401.9296875 MiB (Increase: 0.0 MiB)
Memory usage before reset: 7401.9296875 MiB (Increase: 0.0 MiB)
Memory usage after reset: 7401.9296875 MiB (Increase: 0.0 MiB)
Current lengths of episodes: [82, 82, 81, 81, 81, 26, 81, 81, 81, 25]
Memory usage at done (index 1, length 82, since_prev 26): 7401.9296875 MiB (Increase: 0.0 MiB)
Memory usage before reset: 7401.9296875 MiB (Increase: 0.0 MiB)
Memory usage after reset: 7401.9296875 MiB (Increase: 0.0 MiB)
Current lengths of episodes: [112, 30, 112, 112, 112, 57, 112, 112, 112, 56]
Memory usage at done (index 9, length 56, since_prev 30): 7401.9296875 MiB (Increase: 0.0 MiB)
Memory usage before reset: 7401.9296875 MiB (Increase: 0.0 MiB)
Memory usage after reset: 7401.9296875 MiB (Increase: 0.0 MiB)
Current lengths of episodes: [152, 70, 151, 151, 151, 96, 151, 151, 151, 39]
Memory usage at done (index 1, length 70, since_prev 40): 7401.9296875 MiB (Increase: 0.0 MiB)
Memory usage before reset: 7401.9296875 MiB (Increase: 0.0 MiB)
Memory usage after reset: 7401.9296875 MiB (Increase: 0.0 MiB)
Current lengths of episodes: [152, 0, 152, 152, 152, 97, 151, 151, 151, 39]
Memory usage at done (index 5, length 97, since_prev 0): 7401.9296875 MiB (Increase: 0.0 MiB)
Memory usage before reset: 7401.9296875 MiB (Increase: 0.0 MiB)
Memory usage after reset: 7401.9296875 MiB (Increase: 0.0 MiB)
Current lengths of episodes: [272, 120, 272, 272, 272, 120, 271, 271, 271, 159]
Memory usage at done (index 5, length 120, since_prev 120): 7401.9296875 MiB (Increase: 0.0 MiB)
Memory usage before reset: 7401.9296875 MiB (Increase: 0.0 MiB)
Memory usage after reset: 7401.9296875 MiB (Increase: 0.0 MiB)
Current lengths of episodes: [370, 218, 370, 370, 370, 98, 369, 369, 369, 257]
Memory usage at done (index 5, length 98, since_prev 98): 7401.9296875 MiB (Increase: 0.0 MiB)
Memory usage before reset: 7401.9296875 MiB (Increase: 0.0 MiB)
Memory usage after reset: 7401.9296875 MiB (Increase: 0.0 MiB)
Current lengths of episodes: [1458, 1305, 1457, 1457, 1457, 1087, 1457, 1457, 1457, 1345]
Memory usage at done (index 0, length 1458, since_prev 1088): 7405.29296875 MiB (Increase: 3.36328125 MiB)
Memory usage before reset: 7405.29296875 MiB (Increase: 0.0 MiB)
Memory usage after reset: 7405.29296875 MiB (Increase: 0.0 MiB)
Current lengths of episodes: [44, 1349, 1501, 1501, 1501, 1131, 1501, 1501, 1501, 1389]
Memory usage at done (index 0, length 44, since_prev 44): 7413.0234375 MiB (Increase: 7.73046875 MiB)
Memory usage before reset: 7413.0234375 MiB (Increase: 0.0 MiB)
Memory usage after reset: 7413.0234375 MiB (Increase: 0.0 MiB)
Training episode 300
Memory usage at middle: 7413.0234375 MiB (Increase: 0.0 MiB)
Memory usage before collect: 7413.25390625 MiB (Increase: 0.23046875 MiB)
Memory usage after collect: 7413.25390625 MiB (Increase: 0.0 MiB)
Episode 300	Average evaluation: -118.77942903699989
Memory usage before initialization: 7413.25390625 MiB (Increase: 0.0 MiB)
Memory usage after initialization: 7413.25390625 MiB (Increase: 0.0 MiB)
Current lengths of episodes: [48, 48, 48, 48, 47, 47, 47, 47, 47, 47]
Memory usage at done (index 3, length 48, since_prev 48): 7413.2890625 MiB (Increase: 0.03515625 MiB)
Memory usage before reset: 7413.2890625 MiB (Increase: 0.0 MiB)
Memory usage after reset: 7413.2890625 MiB (Increase: 0.0 MiB)
Current lengths of episodes: [70, 70, 70, 22, 70, 70, 69, 69, 69, 69]
Memory usage at done (index 5, length 70, since_prev 22): 7413.2890625 MiB (Increase: 0.0 MiB)
Memory usage before reset: 7413.2890625 MiB (Increase: 0.0 MiB)
Memory usage after reset: 7413.2890625 MiB (Increase: 0.0 MiB)
Current lengths of episodes: [83, 83, 82, 34, 82, 12, 82, 82, 82, 82]
Memory usage at done (index 1, length 83, since_prev 13): 7413.2890625 MiB (Increase: 0.0 MiB)
Memory usage before reset: 7413.2890625 MiB (Increase: 0.0 MiB)
Memory usage after reset: 7413.2890625 MiB (Increase: 0.0 MiB)
Current lengths of episodes: [83, 0, 83, 35, 83, 13, 83, 83, 82, 82]
Memory usage at done (index 7, length 83, since_prev 0): 7413.2890625 MiB (Increase: 0.0 MiB)
Memory usage before reset: 7413.2890625 MiB (Increase: 0.0 MiB)
Memory usage after reset: 7413.2890625 MiB (Increase: 0.0 MiB)
Current lengths of episodes: [85, 1, 84, 36, 84, 14, 84, 1, 84, 84]
Memory usage at done (index 0, length 85, since_prev 2): 7413.2890625 MiB (Increase: 0.0 MiB)
Memory usage before reset: 7413.2890625 MiB (Increase: 0.0 MiB)
Memory usage after reset: 7413.2890625 MiB (Increase: 0.0 MiB)
Current lengths of episodes: [52, 54, 137, 89, 137, 67, 137, 54, 136, 136]
Memory usage at done (index 7, length 54, since_prev 52): 7413.2890625 MiB (Increase: 0.0 MiB)
Memory usage before reset: 7413.2890625 MiB (Increase: 0.0 MiB)
Memory usage after reset: 7413.2890625 MiB (Increase: 0.0 MiB)
Current lengths of episodes: [81, 83, 166, 118, 166, 96, 166, 29, 166, 165]
Memory usage at done (index 8, length 166, since_prev 29): 7413.2890625 MiB (Increase: 0.0 MiB)
Memory usage before reset: 7413.2890625 MiB (Increase: 0.0 MiB)
Memory usage after reset: 7413.2890625 MiB (Increase: 0.0 MiB)
Current lengths of episodes: [115, 117, 200, 152, 200, 130, 199, 62, 33, 199]
Memory usage at done (index 5, length 130, since_prev 34): 7413.2890625 MiB (Increase: 0.0 MiB)
Memory usage before reset: 7413.2890625 MiB (Increase: 0.0 MiB)
Memory usage after reset: 7413.2890625 MiB (Increase: 0.0 MiB)
Current lengths of episodes: [116, 118, 201, 153, 201, 1, 201, 64, 34, 200]
Memory usage at done (index 7, length 64, since_prev 1): 7413.2890625 MiB (Increase: 0.0 MiB)
Memory usage before reset: 7413.2890625 MiB (Increase: 0.0 MiB)
Memory usage after reset: 7413.2890625 MiB (Increase: 0.0 MiB)
Current lengths of episodes: [412, 414, 497, 449, 497, 297, 496, 295, 330, 496]
Memory usage at done (index 5, length 297, since_prev 296): 7413.2890625 MiB (Increase: 0.0 MiB)
Memory usage before reset: 7413.2890625 MiB (Increase: 0.0 MiB)
Memory usage after reset: 7413.2890625 MiB (Increase: 0.0 MiB)
Training episode 310
Memory usage at middle: 7413.2890625 MiB (Increase: 0.0 MiB)
Memory usage before collect: 7413.2890625 MiB (Increase: 0.0 MiB)
Memory usage after collect: 7413.2890625 MiB (Increase: 0.0 MiB)
Memory usage before initialization: 7413.2890625 MiB (Increase: 0.0 MiB)
Memory usage after initialization: 7413.2890625 MiB (Increase: 0.0 MiB)
Current lengths of episodes: [36, 36, 35, 35, 35, 35, 35, 35, 35, 35]
Memory usage at done (index 1, length 36, since_prev 36): 7413.2890625 MiB (Increase: 0.0 MiB)
Memory usage before reset: 7413.2890625 MiB (Increase: 0.0 MiB)
Memory usage after reset: 7413.2890625 MiB (Increase: 0.0 MiB)
Current lengths of episodes: [99, 63, 99, 99, 99, 98, 98, 98, 98, 98]
Memory usage at done (index 4, length 99, since_prev 63): 7413.2890625 MiB (Increase: 0.0 MiB)
Memory usage before reset: 7413.2890625 MiB (Increase: 0.0 MiB)
Memory usage after reset: 7413.2890625 MiB (Increase: 0.0 MiB)
Current lengths of episodes: [105, 69, 104, 104, 5, 104, 104, 104, 104, 104]
Memory usage at done (index 1, length 69, since_prev 6): 7413.2890625 MiB (Increase: 0.0 MiB)
Memory usage before reset: 7413.2890625 MiB (Increase: 0.0 MiB)
Memory usage after reset: 7413.2890625 MiB (Increase: 0.0 MiB)
Current lengths of episodes: [154, 48, 153, 153, 54, 153, 153, 153, 153, 153]
Memory usage at done (index 0, length 154, since_prev 49): 7413.2890625 MiB (Increase: 0.0 MiB)
Memory usage before reset: 7413.2890625 MiB (Increase: 0.0 MiB)
Memory usage after reset: 7413.2890625 MiB (Increase: 0.0 MiB)
Current lengths of episodes: [58, 107, 212, 212, 113, 211, 211, 211, 211, 211]
Memory usage at done (index 4, length 113, since_prev 58): 7413.296875 MiB (Increase: 0.0078125 MiB)
Memory usage before reset: 7413.296875 MiB (Increase: 0.0 MiB)
Memory usage after reset: 7413.296875 MiB (Increase: 0.0 MiB)
Current lengths of episodes: [566, 615, 720, 720, 508, 720, 720, 720, 720, 720]
Memory usage at done (index 9, length 720, since_prev 508): 7413.30859375 MiB (Increase: 0.01171875 MiB)
Memory usage before reset: 7413.30859375 MiB (Increase: 0.0 MiB)
Memory usage after reset: 7413.30859375 MiB (Increase: 0.0 MiB)
Current lengths of episodes: [1446, 1495, 1600, 1599, 1387, 1599, 1599, 1599, 1599, 879]
Memory usage at done (index 2, length 1600, since_prev 880): 7413.30859375 MiB (Increase: 0.0 MiB)
Memory usage before reset: 7413.30859375 MiB (Increase: 0.0 MiB)
Memory usage after reset: 7413.30859375 MiB (Increase: 0.0 MiB)
Current lengths of episodes: [1446, 1495, 0, 1600, 1387, 1599, 1599, 1599, 1599, 879]
Memory usage at done (index 3, length 1600, since_prev 0): 7413.30859375 MiB (Increase: 0.0 MiB)
Memory usage before reset: 7413.30859375 MiB (Increase: 0.0 MiB)
Memory usage after reset: 7413.30859375 MiB (Increase: 0.0 MiB)
Current lengths of episodes: [1446, 1495, 0, 0, 1388, 1600, 1599, 1599, 1599, 879]
Memory usage at done (index 5, length 1600, since_prev 0): 7413.30859375 MiB (Increase: 0.0 MiB)
Memory usage before reset: 7413.30859375 MiB (Increase: 0.0 MiB)
Memory usage after reset: 7413.30859375 MiB (Increase: 0.0 MiB)
Current lengths of episodes: [1446, 1495, 0, 0, 1388, 0, 1600, 1599, 1599, 879]
Memory usage at done (index 6, length 1600, since_prev 0): 7413.30859375 MiB (Increase: 0.0 MiB)
Memory usage before reset: 7413.30859375 MiB (Increase: 0.0 MiB)
Memory usage after reset: 7413.30859375 MiB (Increase: 0.0 MiB)
Training episode 320
Memory usage at middle: 7413.30859375 MiB (Increase: 0.0 MiB)
Memory usage before collect: 7413.30859375 MiB (Increase: 0.0 MiB)
Memory usage after collect: 7413.30859375 MiB (Increase: 0.0 MiB)
Memory usage before initialization: 7413.30859375 MiB (Increase: 0.0 MiB)
Memory usage after initialization: 7413.30859375 MiB (Increase: 0.0 MiB)
Current lengths of episodes: [69, 69, 69, 69, 69, 69, 69, 69, 69, 69]
Memory usage at done (index 9, length 69, since_prev 69): 7413.30859375 MiB (Increase: 0.0 MiB)
Memory usage before reset: 7413.30859375 MiB (Increase: 0.0 MiB)
Memory usage after reset: 7413.30859375 MiB (Increase: 0.0 MiB)
Current lengths of episodes: [78, 78, 78, 78, 78, 78, 77, 77, 77, 8]
Memory usage at done (index 5, length 78, since_prev 9): 7413.30859375 MiB (Increase: 0.0 MiB)
Memory usage before reset: 7413.30859375 MiB (Increase: 0.0 MiB)
Memory usage after reset: 7413.30859375 MiB (Increase: 0.0 MiB)
Current lengths of episodes: [96, 95, 95, 95, 95, 17, 95, 95, 95, 26]
Memory usage at done (index 0, length 96, since_prev 18): 7413.30859375 MiB (Increase: 0.0 MiB)
Memory usage before reset: 7413.30859375 MiB (Increase: 0.0 MiB)
Memory usage after reset: 7413.30859375 MiB (Increase: 0.0 MiB)
Current lengths of episodes: [3, 99, 99, 99, 99, 21, 99, 99, 98, 29]
Memory usage at done (index 7, length 99, since_prev 3): 7413.30859375 MiB (Increase: 0.0 MiB)
Memory usage before reset: 7413.30859375 MiB (Increase: 0.0 MiB)
Memory usage after reset: 7413.30859375 MiB (Increase: 0.0 MiB)
Current lengths of episodes: [81, 177, 177, 177, 177, 99, 177, 78, 176, 107]
Memory usage at done (index 7, length 78, since_prev 78): 7413.30859375 MiB (Increase: 0.0 MiB)
Memory usage before reset: 7413.30859375 MiB (Increase: 0.0 MiB)
Memory usage after reset: 7413.30859375 MiB (Increase: 0.0 MiB)
Current lengths of episodes: [100, 196, 196, 196, 196, 118, 195, 18, 195, 126]
Memory usage at done (index 5, length 118, since_prev 19): 7413.30859375 MiB (Increase: 0.0 MiB)
Memory usage before reset: 7413.30859375 MiB (Increase: 0.0 MiB)
Memory usage after reset: 7413.30859375 MiB (Increase: 0.0 MiB)
Current lengths of episodes: [161, 257, 257, 257, 257, 61, 256, 79, 256, 187]
Memory usage at done (index 5, length 61, since_prev 61): 7413.30859375 MiB (Increase: 0.0 MiB)
Memory usage before reset: 7413.30859375 MiB (Increase: 0.0 MiB)
Memory usage after reset: 7413.30859375 MiB (Increase: 0.0 MiB)
Current lengths of episodes: [259, 355, 354, 354, 354, 97, 354, 177, 354, 285]
Memory usage at done (index 1, length 355, since_prev 98): 7413.30859375 MiB (Increase: 0.0 MiB)
Memory usage before reset: 7413.30859375 MiB (Increase: 0.0 MiB)
Memory usage after reset: 7413.30859375 MiB (Increase: 0.0 MiB)
Current lengths of episodes: [321, 62, 416, 416, 416, 159, 416, 239, 416, 347]
Memory usage at done (index 1, length 62, since_prev 62): 7413.30859375 MiB (Increase: 0.0 MiB)
Memory usage before reset: 7413.30859375 MiB (Increase: 0.0 MiB)
Memory usage after reset: 7413.30859375 MiB (Increase: 0.0 MiB)
Current lengths of episodes: [469, 148, 564, 564, 564, 307, 564, 387, 564, 495]
Memory usage at done (index 1, length 148, since_prev 148): 7413.30859375 MiB (Increase: 0.0 MiB)
Memory usage before reset: 7413.30859375 MiB (Increase: 0.0 MiB)
Memory usage after reset: 7413.30859375 MiB (Increase: 0.0 MiB)
Training episode 330
Memory usage at middle: 7413.30859375 MiB (Increase: 0.0 MiB)
Memory usage before collect: 7413.30859375 MiB (Increase: 0.0 MiB)
Memory usage after collect: 7413.30859375 MiB (Increase: 0.0 MiB)
Memory usage before initialization: 7413.30859375 MiB (Increase: 0.0 MiB)
Memory usage after initialization: 7413.30859375 MiB (Increase: 0.0 MiB)
Current lengths of episodes: [44, 43, 43, 43, 43, 43, 43, 43, 43, 43]
Memory usage at done (index 0, length 44, since_prev 44): 7413.30859375 MiB (Increase: 0.0 MiB)
Memory usage before reset: 7413.30859375 MiB (Increase: 0.0 MiB)
Memory usage after reset: 7413.30859375 MiB (Increase: 0.0 MiB)
Current lengths of episodes: [24, 68, 68, 68, 68, 68, 68, 68, 68, 67]
Memory usage at done (index 8, length 68, since_prev 24): 7413.30859375 MiB (Increase: 0.0 MiB)
Memory usage before reset: 7413.30859375 MiB (Increase: 0.0 MiB)
Memory usage after reset: 7413.30859375 MiB (Increase: 0.0 MiB)
Current lengths of episodes: [36, 80, 80, 80, 80, 79, 79, 79, 11, 79]
Memory usage at done (index 4, length 80, since_prev 12): 7413.30859375 MiB (Increase: 0.0 MiB)
Memory usage before reset: 7413.30859375 MiB (Increase: 0.0 MiB)
Memory usage after reset: 7413.30859375 MiB (Increase: 0.0 MiB)
Current lengths of episodes: [36, 80, 80, 80, 0, 80, 80, 80, 11, 79]
Memory usage at done (index 7, length 80, since_prev 0): 7413.30859375 MiB (Increase: 0.0 MiB)
Memory usage before reset: 7413.30859375 MiB (Increase: 0.0 MiB)
Memory usage after reset: 7413.30859375 MiB (Increase: 0.0 MiB)
Current lengths of episodes: [40, 84, 84, 84, 4, 84, 83, 3, 15, 83]
Memory usage at done (index 5, length 84, since_prev 4): 7413.30859375 MiB (Increase: 0.0 MiB)
Memory usage before reset: 7413.30859375 MiB (Increase: 0.0 MiB)
Memory usage after reset: 7413.30859375 MiB (Increase: 0.0 MiB)
Current lengths of episodes: [84, 128, 128, 128, 48, 44, 128, 48, 60, 127]
Memory usage at done (index 8, length 60, since_prev 44): 7413.30859375 MiB (Increase: 0.0 MiB)
Memory usage before reset: 7413.30859375 MiB (Increase: 0.0 MiB)
Memory usage after reset: 7413.30859375 MiB (Increase: 0.0 MiB)
Current lengths of episodes: [102, 146, 146, 146, 66, 62, 146, 66, 17, 145]
Memory usage at done (index 7, length 66, since_prev 18): 7413.30859375 MiB (Increase: 0.0 MiB)
Memory usage before reset: 7413.30859375 MiB (Increase: 0.0 MiB)
Memory usage after reset: 7413.30859375 MiB (Increase: 0.0 MiB)
Current lengths of episodes: [103, 147, 147, 147, 67, 62, 146, 0, 18, 146]
Memory usage at done (index 4, length 67, since_prev 1): 7413.30859375 MiB (Increase: 0.0 MiB)
Memory usage before reset: 7413.30859375 MiB (Increase: 0.0 MiB)
Memory usage after reset: 7413.30859375 MiB (Increase: 0.0 MiB)
Current lengths of episodes: [107, 151, 151, 151, 4, 67, 150, 4, 22, 150]
Memory usage at done (index 5, length 67, since_prev 4): 7413.30859375 MiB (Increase: 0.0 MiB)
Memory usage before reset: 7413.30859375 MiB (Increase: 0.0 MiB)
Memory usage after reset: 7413.30859375 MiB (Increase: 0.0 MiB)
Current lengths of episodes: [148, 192, 192, 192, 45, 41, 192, 46, 64, 191]
Memory usage at done (index 8, length 64, since_prev 41): 7413.30859375 MiB (Increase: 0.0 MiB)
Memory usage before reset: 7413.30859375 MiB (Increase: 0.0 MiB)
Memory usage after reset: 7413.30859375 MiB (Increase: 0.0 MiB)
Training episode 340
Memory usage at middle: 7413.30859375 MiB (Increase: 0.0 MiB)
Memory usage before collect: 7413.30859375 MiB (Increase: 0.0 MiB)
Memory usage after collect: 7413.30859375 MiB (Increase: 0.0 MiB)
Memory usage before initialization: 7413.30859375 MiB (Increase: 0.0 MiB)
Memory usage after initialization: 7413.30859375 MiB (Increase: 0.0 MiB)
Current lengths of episodes: [57, 57, 57, 57, 57, 57, 57, 57, 56, 56]
Memory usage at done (index 7, length 57, since_prev 57): 7413.30859375 MiB (Increase: 0.0 MiB)
Memory usage before reset: 7413.30859375 MiB (Increase: 0.0 MiB)
Memory usage after reset: 7413.30859375 MiB (Increase: 0.0 MiB)
Current lengths of episodes: [86, 85, 85, 85, 85, 85, 85, 28, 85, 85]
Memory usage at done (index 0, length 86, since_prev 29): 7413.30859375 MiB (Increase: 0.0 MiB)
Memory usage before reset: 7413.30859375 MiB (Increase: 0.0 MiB)
Memory usage after reset: 7413.30859375 MiB (Increase: 0.0 MiB)
Current lengths of episodes: [25, 111, 111, 111, 111, 110, 110, 53, 110, 110]
Memory usage at done (index 4, length 111, since_prev 25): 7413.30859375 MiB (Increase: 0.0 MiB)
Memory usage before reset: 7413.30859375 MiB (Increase: 0.0 MiB)
Memory usage after reset: 7413.30859375 MiB (Increase: 0.0 MiB)
Current lengths of episodes: [69, 155, 155, 155, 44, 154, 154, 97, 154, 154]
Memory usage at done (index 4, length 44, since_prev 44): 7413.30859375 MiB (Increase: 0.0 MiB)
Memory usage before reset: 7413.30859375 MiB (Increase: 0.0 MiB)
Memory usage after reset: 7413.30859375 MiB (Increase: 0.0 MiB)
Current lengths of episodes: [155, 241, 240, 240, 85, 240, 240, 183, 240, 240]
Memory usage at done (index 1, length 241, since_prev 86): 7413.30859375 MiB (Increase: 0.0 MiB)
Memory usage before reset: 7413.30859375 MiB (Increase: 0.0 MiB)
Memory usage after reset: 7413.30859375 MiB (Increase: 0.0 MiB)
Current lengths of episodes: [214, 59, 299, 299, 144, 299, 299, 242, 299, 299]
Memory usage at done (index 1, length 59, since_prev 59): 7413.30859375 MiB (Increase: 0.0 MiB)
Memory usage before reset: 7413.30859375 MiB (Increase: 0.0 MiB)
Memory usage after reset: 7413.30859375 MiB (Increase: 0.0 MiB)
Current lengths of episodes: [274, 60, 359, 359, 204, 359, 359, 302, 359, 359]
Memory usage at done (index 1, length 60, since_prev 60): 7413.30859375 MiB (Increase: 0.0 MiB)
Memory usage before reset: 7413.30859375 MiB (Increase: 0.0 MiB)
Memory usage after reset: 7413.30859375 MiB (Increase: 0.0 MiB)
Current lengths of episodes: [337, 63, 422, 422, 267, 422, 422, 365, 422, 422]
Memory usage at done (index 1, length 63, since_prev 63): 7413.30859375 MiB (Increase: 0.0 MiB)
Memory usage before reset: 7413.30859375 MiB (Increase: 0.0 MiB)
Memory usage after reset: 7413.30859375 MiB (Increase: 0.0 MiB)
Current lengths of episodes: [395, 57, 480, 480, 325, 480, 480, 423, 480, 480]
Memory usage at done (index 0, length 395, since_prev 58): 7413.30859375 MiB (Increase: 0.0 MiB)
Memory usage before reset: 7413.30859375 MiB (Increase: 0.0 MiB)
Memory usage after reset: 7413.30859375 MiB (Increase: 0.0 MiB)
Current lengths of episodes: [27, 85, 507, 507, 352, 507, 507, 450, 507, 507]
Memory usage at done (index 1, length 85, since_prev 27): 7413.30859375 MiB (Increase: 0.0 MiB)
Memory usage before reset: 7413.30859375 MiB (Increase: 0.0 MiB)
Memory usage after reset: 7413.30859375 MiB (Increase: 0.0 MiB)
Training episode 350
Memory usage at middle: 7413.30859375 MiB (Increase: 0.0 MiB)
Memory usage before collect: 7413.30859375 MiB (Increase: 0.0 MiB)
Memory usage after collect: 7413.30859375 MiB (Increase: 0.0 MiB)
Episode 350	Average evaluation: -21.784259057033672
Memory usage before initialization: 7413.30859375 MiB (Increase: 0.0 MiB)
Memory usage after initialization: 7413.30859375 MiB (Increase: 0.0 MiB)
Current lengths of episodes: [62, 62, 62, 62, 62, 62, 62, 61, 61, 61]
Memory usage at done (index 6, length 62, since_prev 62): 7413.30859375 MiB (Increase: 0.0 MiB)
Memory usage before reset: 7413.30859375 MiB (Increase: 0.0 MiB)
Memory usage after reset: 7413.30859375 MiB (Increase: 0.0 MiB)
Current lengths of episodes: [72, 72, 72, 72, 72, 72, 9, 71, 71, 71]
Memory usage at done (index 5, length 72, since_prev 10): 7413.30859375 MiB (Increase: 0.0 MiB)
Memory usage before reset: 7413.30859375 MiB (Increase: 0.0 MiB)
Memory usage after reset: 7413.30859375 MiB (Increase: 0.0 MiB)
Current lengths of episodes: [78, 78, 78, 78, 78, 6, 16, 78, 77, 77]
Memory usage at done (index 7, length 78, since_prev 6): 7413.30859375 MiB (Increase: 0.0 MiB)
Memory usage before reset: 7413.30859375 MiB (Increase: 0.0 MiB)
Memory usage after reset: 7413.30859375 MiB (Increase: 0.0 MiB)
Current lengths of episodes: [112, 112, 111, 111, 111, 39, 49, 33, 111, 111]
Memory usage at done (index 1, length 112, since_prev 34): 7413.30859375 MiB (Increase: 0.0 MiB)
Memory usage before reset: 7413.30859375 MiB (Increase: 0.0 MiB)
Memory usage after reset: 7413.30859375 MiB (Increase: 0.0 MiB)
Current lengths of episodes: [191, 79, 190, 190, 190, 118, 128, 112, 190, 190]
Memory usage at done (index 1, length 79, since_prev 79): 7413.30859375 MiB (Increase: 0.0 MiB)
Memory usage before reset: 7413.30859375 MiB (Increase: 0.0 MiB)
Memory usage after reset: 7413.30859375 MiB (Increase: 0.0 MiB)
Current lengths of episodes: [232, 41, 231, 231, 231, 159, 169, 153, 231, 231]
Memory usage at done (index 1, length 41, since_prev 41): 7413.30859375 MiB (Increase: 0.0 MiB)
Memory usage before reset: 7413.30859375 MiB (Increase: 0.0 MiB)
Memory usage after reset: 7413.30859375 MiB (Increase: 0.0 MiB)
Current lengths of episodes: [270, 38, 270, 269, 269, 197, 207, 191, 269, 269]
Memory usage at done (index 2, length 270, since_prev 38): 7413.30859375 MiB (Increase: 0.0 MiB)
Memory usage before reset: 7413.30859375 MiB (Increase: 0.0 MiB)
Memory usage after reset: 7413.30859375 MiB (Increase: 0.0 MiB)
Current lengths of episodes: [283, 51, 12, 282, 282, 210, 220, 204, 282, 282]
Memory usage at done (index 1, length 51, since_prev 13): 7413.30859375 MiB (Increase: 0.0 MiB)
Memory usage before reset: 7413.30859375 MiB (Increase: 0.0 MiB)
Memory usage after reset: 7413.30859375 MiB (Increase: 0.0 MiB)
Current lengths of episodes: [400, 117, 130, 399, 399, 327, 337, 321, 399, 399]
Memory usage at done (index 2, length 130, since_prev 117): 7413.30859375 MiB (Increase: 0.0 MiB)
Memory usage before reset: 7413.30859375 MiB (Increase: 0.0 MiB)
Memory usage after reset: 7413.30859375 MiB (Increase: 0.0 MiB)
Current lengths of episodes: [420, 137, 20, 420, 420, 348, 358, 342, 419, 419]
Memory usage at done (index 7, length 342, since_prev 20): 7413.30859375 MiB (Increase: 0.0 MiB)
Memory usage before reset: 7413.30859375 MiB (Increase: 0.0 MiB)
Memory usage after reset: 7413.30859375 MiB (Increase: 0.0 MiB)
Training episode 360
Memory usage at middle: 7413.30859375 MiB (Increase: 0.0 MiB)
Memory usage before collect: 7413.30859375 MiB (Increase: 0.0 MiB)
Memory usage after collect: 7413.30859375 MiB (Increase: 0.0 MiB)
Memory usage before initialization: 7413.30859375 MiB (Increase: 0.0 MiB)
Memory usage after initialization: 7413.30859375 MiB (Increase: 0.0 MiB)
Current lengths of episodes: [52, 52, 52, 52, 52, 52, 52, 51, 51, 51]
Memory usage at done (index 6, length 52, since_prev 52): 7413.30859375 MiB (Increase: 0.0 MiB)
Memory usage before reset: 7413.30859375 MiB (Increase: 0.0 MiB)
Memory usage after reset: 7413.30859375 MiB (Increase: 0.0 MiB)
Current lengths of episodes: [72, 72, 72, 72, 72, 71, 19, 71, 71, 71]
Memory usage at done (index 4, length 72, since_prev 20): 7413.30859375 MiB (Increase: 0.0 MiB)
Memory usage before reset: 7413.30859375 MiB (Increase: 0.0 MiB)
Memory usage after reset: 7413.30859375 MiB (Increase: 0.0 MiB)
Current lengths of episodes: [74, 74, 74, 74, 2, 74, 21, 73, 73, 73]
Memory usage at done (index 5, length 74, since_prev 2): 7413.30859375 MiB (Increase: 0.0 MiB)
Memory usage before reset: 7413.30859375 MiB (Increase: 0.0 MiB)
Memory usage after reset: 7413.30859375 MiB (Increase: 0.0 MiB)
Current lengths of episodes: [84, 84, 84, 84, 12, 10, 32, 84, 84, 83]
Memory usage at done (index 8, length 84, since_prev 10): 7413.30859375 MiB (Increase: 0.0 MiB)
Memory usage before reset: 7413.30859375 MiB (Increase: 0.0 MiB)
Memory usage after reset: 7413.30859375 MiB (Increase: 0.0 MiB)
Current lengths of episodes: [120, 120, 120, 120, 48, 46, 67, 119, 35, 119]
Memory usage at done (index 5, length 46, since_prev 36): 7413.30859375 MiB (Increase: 0.0 MiB)
Memory usage before reset: 7413.30859375 MiB (Increase: 0.0 MiB)
Memory usage after reset: 7413.30859375 MiB (Increase: 0.0 MiB)
Current lengths of episodes: [508, 508, 508, 508, 436, 388, 456, 507, 423, 507]
Memory usage at done (index 6, length 456, since_prev 388): 7413.30859375 MiB (Increase: 0.0 MiB)
Memory usage before reset: 7413.30859375 MiB (Increase: 0.0 MiB)
Memory usage after reset: 7413.30859375 MiB (Increase: 0.0 MiB)
Current lengths of episodes: [642, 642, 642, 642, 570, 522, 134, 641, 557, 641]
Memory usage at done (index 6, length 134, since_prev 134): 7413.30859375 MiB (Increase: 0.0 MiB)
Memory usage before reset: 7413.30859375 MiB (Increase: 0.0 MiB)
Memory usage after reset: 7413.30859375 MiB (Increase: 0.0 MiB)
Current lengths of episodes: [1600, 1599, 1599, 1599, 1527, 1479, 957, 1599, 1515, 1599]
Memory usage at done (index 0, length 1600, since_prev 958): 7413.30859375 MiB (Increase: 0.0 MiB)
Memory usage before reset: 7413.30859375 MiB (Increase: 0.0 MiB)
Memory usage after reset: 7413.30859375 MiB (Increase: 0.0 MiB)
Current lengths of episodes: [0, 1600, 1599, 1599, 1527, 1479, 957, 1599, 1515, 1599]
Memory usage at done (index 1, length 1600, since_prev 0): 7413.30859375 MiB (Increase: 0.0 MiB)
Memory usage before reset: 7413.30859375 MiB (Increase: 0.0 MiB)
Memory usage after reset: 7413.30859375 MiB (Increase: 0.0 MiB)
Current lengths of episodes: [0, 0, 1600, 1599, 1527, 1479, 957, 1599, 1515, 1599]
Memory usage at done (index 2, length 1600, since_prev 0): 7413.30859375 MiB (Increase: 0.0 MiB)
Memory usage before reset: 7413.30859375 MiB (Increase: 0.0 MiB)
Memory usage after reset: 7413.30859375 MiB (Increase: 0.0 MiB)
Training episode 370
Memory usage at middle: 7413.30859375 MiB (Increase: 0.0 MiB)
Memory usage before collect: 7413.30859375 MiB (Increase: 0.0 MiB)
Memory usage after collect: 7413.30859375 MiB (Increase: 0.0 MiB)
Memory usage before initialization: 7413.30859375 MiB (Increase: 0.0 MiB)
Memory usage after initialization: 7413.30859375 MiB (Increase: 0.0 MiB)
Current lengths of episodes: [65, 65, 65, 65, 65, 65, 65, 65, 65, 65]
Memory usage at done (index 9, length 65, since_prev 65): 7413.30859375 MiB (Increase: 0.0 MiB)
Memory usage before reset: 7413.30859375 MiB (Increase: 0.0 MiB)
Memory usage after reset: 7413.30859375 MiB (Increase: 0.0 MiB)
Current lengths of episodes: [69, 69, 69, 68, 68, 68, 68, 68, 68, 3]
Memory usage at done (index 2, length 69, since_prev 4): 7413.30859375 MiB (Increase: 0.0 MiB)
Memory usage before reset: 7413.30859375 MiB (Increase: 0.0 MiB)
Memory usage after reset: 7413.30859375 MiB (Increase: 0.0 MiB)
Current lengths of episodes: [84, 84, 14, 83, 83, 83, 83, 83, 83, 18]
Memory usage at done (index 1, length 84, since_prev 15): 7413.30859375 MiB (Increase: 0.0 MiB)
Memory usage before reset: 7413.30859375 MiB (Increase: 0.0 MiB)
Memory usage after reset: 7413.30859375 MiB (Increase: 0.0 MiB)
Current lengths of episodes: [108, 24, 39, 108, 108, 107, 107, 107, 107, 42]
Memory usage at done (index 4, length 108, since_prev 24): 7413.30859375 MiB (Increase: 0.0 MiB)
Memory usage before reset: 7413.30859375 MiB (Increase: 0.0 MiB)
Memory usage after reset: 7413.30859375 MiB (Increase: 0.0 MiB)
Current lengths of episodes: [118, 33, 48, 117, 9, 117, 117, 117, 117, 52]
Memory usage at done (index 0, length 118, since_prev 10): 7413.30859375 MiB (Increase: 0.0 MiB)
Memory usage before reset: 7413.30859375 MiB (Increase: 0.0 MiB)
Memory usage after reset: 7413.30859375 MiB (Increase: 0.0 MiB)
Current lengths of episodes: [9, 43, 58, 127, 19, 127, 127, 127, 126, 61]
Memory usage at done (index 7, length 127, since_prev 9): 7413.30859375 MiB (Increase: 0.0 MiB)
Memory usage before reset: 7413.30859375 MiB (Increase: 0.0 MiB)
Memory usage after reset: 7413.30859375 MiB (Increase: 0.0 MiB)
Current lengths of episodes: [42, 76, 90, 159, 51, 159, 159, 32, 159, 94]
Memory usage at done (index 1, length 76, since_prev 33): 7413.30859375 MiB (Increase: 0.0 MiB)
Memory usage before reset: 7413.30859375 MiB (Increase: 0.0 MiB)
Memory usage after reset: 7413.30859375 MiB (Increase: 0.0 MiB)
Current lengths of episodes: [88, 46, 137, 206, 98, 206, 206, 79, 205, 140]
Memory usage at done (index 7, length 79, since_prev 46): 7413.30859375 MiB (Increase: 0.0 MiB)
Memory usage before reset: 7413.30859375 MiB (Increase: 0.0 MiB)
Memory usage after reset: 7413.30859375 MiB (Increase: 0.0 MiB)
Current lengths of episodes: [220, 178, 269, 338, 230, 338, 338, 132, 338, 272]
Memory usage at done (index 8, length 338, since_prev 132): 7413.30859375 MiB (Increase: 0.0 MiB)
Memory usage before reset: 7413.30859375 MiB (Increase: 0.0 MiB)
Memory usage after reset: 7413.30859375 MiB (Increase: 0.0 MiB)
Current lengths of episodes: [283, 241, 332, 401, 293, 401, 401, 195, 63, 335]
Memory usage at done (index 8, length 63, since_prev 63): 7413.30859375 MiB (Increase: 0.0 MiB)
Memory usage before reset: 7413.30859375 MiB (Increase: 0.0 MiB)
Memory usage after reset: 7413.30859375 MiB (Increase: 0.0 MiB)
Training episode 380
Memory usage at middle: 7413.30859375 MiB (Increase: 0.0 MiB)
Memory usage before collect: 7413.30859375 MiB (Increase: 0.0 MiB)
Memory usage after collect: 7413.30859375 MiB (Increase: 0.0 MiB)
Memory usage before initialization: 7413.30859375 MiB (Increase: 0.0 MiB)
Memory usage after initialization: 7413.30859375 MiB (Increase: 0.0 MiB)
Current lengths of episodes: [49, 49, 49, 49, 48, 48, 48, 48, 48, 48]
Memory usage at done (index 3, length 49, since_prev 49): 7413.30859375 MiB (Increase: 0.0 MiB)
Memory usage before reset: 7413.30859375 MiB (Increase: 0.0 MiB)
Memory usage after reset: 7413.30859375 MiB (Increase: 0.0 MiB)
Current lengths of episodes: [68, 67, 67, 18, 67, 67, 67, 67, 67, 67]
Memory usage at done (index 0, length 68, since_prev 19): 7413.30859375 MiB (Increase: 0.0 MiB)
Memory usage before reset: 7413.30859375 MiB (Increase: 0.0 MiB)
Memory usage after reset: 7413.30859375 MiB (Increase: 0.0 MiB)
Current lengths of episodes: [10, 78, 78, 29, 78, 78, 78, 78, 77, 77]
Memory usage at done (index 7, length 78, since_prev 10): 7413.30859375 MiB (Increase: 0.0 MiB)
Memory usage before reset: 7413.30859375 MiB (Increase: 0.0 MiB)
Memory usage after reset: 7413.30859375 MiB (Increase: 0.0 MiB)
Current lengths of episodes: [12, 80, 80, 30, 79, 79, 79, 1, 79, 79]
Memory usage at done (index 2, length 80, since_prev 2): 7413.30859375 MiB (Increase: 0.0 MiB)
Memory usage before reset: 7413.30859375 MiB (Increase: 0.0 MiB)
Memory usage after reset: 7413.30859375 MiB (Increase: 0.0 MiB)
Current lengths of episodes: [18, 86, 5, 36, 85, 85, 85, 7, 85, 85]
Memory usage at done (index 1, length 86, since_prev 6): 7413.30859375 MiB (Increase: 0.0 MiB)
Memory usage before reset: 7413.30859375 MiB (Increase: 0.0 MiB)
Memory usage after reset: 7413.30859375 MiB (Increase: 0.0 MiB)
Current lengths of episodes: [18, 0, 6, 37, 86, 86, 86, 8, 86, 85]
Memory usage at done (index 8, length 86, since_prev 0): 7413.30859375 MiB (Increase: 0.0 MiB)
Memory usage before reset: 7413.30859375 MiB (Increase: 0.0 MiB)
Memory usage after reset: 7413.30859375 MiB (Increase: 0.0 MiB)
Current lengths of episodes: [25, 7, 13, 44, 93, 93, 92, 14, 6, 92]
Memory usage at done (index 5, length 93, since_prev 7): 7413.30859375 MiB (Increase: 0.0 MiB)
Memory usage before reset: 7413.30859375 MiB (Increase: 0.0 MiB)
Memory usage after reset: 7413.30859375 MiB (Increase: 0.0 MiB)
Current lengths of episodes: [43, 25, 31, 62, 111, 18, 111, 33, 25, 111]
Memory usage at done (index 9, length 111, since_prev 18): 7413.30859375 MiB (Increase: 0.0 MiB)
Memory usage before reset: 7413.30859375 MiB (Increase: 0.0 MiB)
Memory usage after reset: 7413.30859375 MiB (Increase: 0.0 MiB)
Current lengths of episodes: [68, 50, 56, 87, 136, 43, 136, 58, 49, 24]
Memory usage at done (index 7, length 58, since_prev 25): 7413.30859375 MiB (Increase: 0.0 MiB)
Memory usage before reset: 7413.30859375 MiB (Increase: 0.0 MiB)
Memory usage after reset: 7413.30859375 MiB (Increase: 0.0 MiB)
Current lengths of episodes: [82, 64, 69, 100, 149, 56, 149, 13, 63, 38]
Memory usage at done (index 1, length 64, since_prev 14): 7413.30859375 MiB (Increase: 0.0 MiB)
Memory usage before reset: 7413.30859375 MiB (Increase: 0.0 MiB)
Memory usage after reset: 7413.30859375 MiB (Increase: 0.0 MiB)
Training episode 390
Memory usage at middle: 7413.30859375 MiB (Increase: 0.0 MiB)
Memory usage before collect: 7413.30859375 MiB (Increase: 0.0 MiB)
Memory usage after collect: 7413.30859375 MiB (Increase: 0.0 MiB)
Memory usage before initialization: 7413.30859375 MiB (Increase: 0.0 MiB)
Memory usage after initialization: 7413.30859375 MiB (Increase: 0.0 MiB)
Current lengths of episodes: [56, 56, 56, 56, 56, 56, 56, 56, 56, 56]
Memory usage at done (index 9, length 56, since_prev 56): 7413.30859375 MiB (Increase: 0.0 MiB)
Memory usage before reset: 7413.30859375 MiB (Increase: 0.0 MiB)
Memory usage after reset: 7413.30859375 MiB (Increase: 0.0 MiB)
Current lengths of episodes: [101, 101, 101, 101, 101, 101, 101, 100, 100, 44]
Memory usage at done (index 6, length 101, since_prev 45): 7413.30859375 MiB (Increase: 0.0 MiB)
Memory usage before reset: 7413.30859375 MiB (Increase: 0.0 MiB)
Memory usage after reset: 7413.30859375 MiB (Increase: 0.0 MiB)
Current lengths of episodes: [161, 161, 161, 161, 161, 160, 59, 160, 160, 104]
Memory usage at done (index 4, length 161, since_prev 60): 7413.30859375 MiB (Increase: 0.0 MiB)
Memory usage before reset: 7413.30859375 MiB (Increase: 0.0 MiB)
Memory usage after reset: 7413.30859375 MiB (Increase: 0.0 MiB)
Current lengths of episodes: [165, 165, 165, 165, 4, 165, 64, 164, 164, 108]
Memory usage at done (index 6, length 64, since_prev 4): 7413.30859375 MiB (Increase: 0.0 MiB)
Memory usage before reset: 7413.30859375 MiB (Increase: 0.0 MiB)
Memory usage after reset: 7413.30859375 MiB (Increase: 0.0 MiB)
Current lengths of episodes: [238, 238, 238, 238, 77, 237, 72, 237, 237, 181]
Memory usage at done (index 4, length 77, since_prev 73): 7413.30859375 MiB (Increase: 0.0 MiB)
Memory usage before reset: 7413.30859375 MiB (Increase: 0.0 MiB)
Memory usage after reset: 7413.30859375 MiB (Increase: 0.0 MiB)
Current lengths of episodes: [521, 521, 521, 521, 283, 521, 356, 521, 521, 464]
Memory usage at done (index 8, length 521, since_prev 283): 7413.30859375 MiB (Increase: 0.0 MiB)
Memory usage before reset: 7413.30859375 MiB (Increase: 0.0 MiB)
Memory usage after reset: 7413.30859375 MiB (Increase: 0.0 MiB)
Current lengths of episodes: [584, 584, 584, 584, 346, 584, 419, 584, 63, 527]
Memory usage at done (index 8, length 63, since_prev 63): 7413.30859375 MiB (Increase: 0.0 MiB)
Memory usage before reset: 7413.30859375 MiB (Increase: 0.0 MiB)
Memory usage after reset: 7413.30859375 MiB (Increase: 0.0 MiB)
Current lengths of episodes: [650, 650, 650, 650, 412, 650, 485, 650, 66, 593]
Memory usage at done (index 8, length 66, since_prev 66): 7413.30859375 MiB (Increase: 0.0 MiB)
Memory usage before reset: 7413.30859375 MiB (Increase: 0.0 MiB)
Memory usage after reset: 7413.30859375 MiB (Increase: 0.0 MiB)
Current lengths of episodes: [738, 738, 738, 738, 500, 738, 573, 738, 88, 681]
Memory usage at done (index 8, length 88, since_prev 88): 7413.30859375 MiB (Increase: 0.0 MiB)
Memory usage before reset: 7413.30859375 MiB (Increase: 0.0 MiB)
Memory usage after reset: 7413.30859375 MiB (Increase: 0.0 MiB)
Current lengths of episodes: [1456, 1456, 1456, 1456, 1218, 1456, 1291, 1455, 717, 1399]
Memory usage at done (index 6, length 1291, since_prev 718): 7413.30859375 MiB (Increase: 0.0 MiB)
Memory usage before reset: 7413.30859375 MiB (Increase: 0.0 MiB)
Memory usage after reset: 7413.30859375 MiB (Increase: 0.0 MiB)
Training episode 400
Memory usage at middle: 7413.30859375 MiB (Increase: 0.0 MiB)
Memory usage before collect: 7413.30859375 MiB (Increase: 0.0 MiB)
Memory usage after collect: 7413.30859375 MiB (Increase: 0.0 MiB)
Episode 400	Average evaluation: -24.613349782351797
Memory usage before initialization: 7413.30859375 MiB (Increase: 0.0 MiB)
Memory usage after initialization: 7413.30859375 MiB (Increase: 0.0 MiB)
Current lengths of episodes: [59, 58, 58, 58, 58, 58, 58, 58, 58, 58]
Memory usage at done (index 0, length 59, since_prev 59): 7413.30859375 MiB (Increase: 0.0 MiB)
Memory usage before reset: 7413.30859375 MiB (Increase: 0.0 MiB)
Memory usage after reset: 7413.30859375 MiB (Increase: 0.0 MiB)
Current lengths of episodes: [4, 63, 63, 63, 63, 62, 62, 62, 62, 62]
Memory usage at done (index 4, length 63, since_prev 4): 7413.30859375 MiB (Increase: 0.0 MiB)
Memory usage before reset: 7413.30859375 MiB (Increase: 0.0 MiB)
Memory usage after reset: 7413.30859375 MiB (Increase: 0.0 MiB)
Current lengths of episodes: [17, 76, 76, 75, 12, 75, 75, 75, 75, 75]
Memory usage at done (index 2, length 76, since_prev 13): 7413.30859375 MiB (Increase: 0.0 MiB)
Memory usage before reset: 7413.30859375 MiB (Increase: 0.0 MiB)
Memory usage after reset: 7413.30859375 MiB (Increase: 0.0 MiB)
Current lengths of episodes: [22, 81, 5, 81, 17, 80, 80, 80, 80, 80]
Memory usage at done (index 3, length 81, since_prev 5): 7413.30859375 MiB (Increase: 0.0 MiB)
Memory usage before reset: 7413.30859375 MiB (Increase: 0.0 MiB)
Memory usage after reset: 7413.30859375 MiB (Increase: 0.0 MiB)
Current lengths of episodes: [25, 84, 8, 3, 21, 84, 84, 83, 83, 83]
Memory usage at done (index 6, length 84, since_prev 3): 7413.30859375 MiB (Increase: 0.0 MiB)
Memory usage before reset: 7413.30859375 MiB (Increase: 0.0 MiB)
Memory usage after reset: 7413.30859375 MiB (Increase: 0.0 MiB)
Current lengths of episodes: [81, 140, 64, 59, 77, 139, 55, 139, 139, 139]
Memory usage at done (index 4, length 77, since_prev 56): 7413.30859375 MiB (Increase: 0.0 MiB)
Memory usage before reset: 7413.30859375 MiB (Increase: 0.0 MiB)
Memory usage after reset: 7413.30859375 MiB (Increase: 0.0 MiB)
Current lengths of episodes: [102, 161, 85, 80, 20, 160, 76, 160, 160, 160]
Memory usage at done (index 3, length 80, since_prev 21): 7413.30859375 MiB (Increase: 0.0 MiB)
Memory usage before reset: 7413.30859375 MiB (Increase: 0.0 MiB)
Memory usage after reset: 7413.30859375 MiB (Increase: 0.0 MiB)
Current lengths of episodes: [142, 201, 125, 40, 61, 201, 117, 201, 201, 200]
Memory usage at done (index 8, length 201, since_prev 40): 7413.30859375 MiB (Increase: 0.0 MiB)
Memory usage before reset: 7413.30859375 MiB (Increase: 0.0 MiB)
Memory usage after reset: 7413.30859375 MiB (Increase: 0.0 MiB)
Current lengths of episodes: [146, 205, 129, 44, 64, 204, 120, 204, 3, 204]
Memory usage at done (index 3, length 44, since_prev 4): 7413.30859375 MiB (Increase: 0.0 MiB)
Memory usage before reset: 7413.30859375 MiB (Increase: 0.0 MiB)
Memory usage after reset: 7413.30859375 MiB (Increase: 0.0 MiB)
Current lengths of episodes: [243, 302, 226, 97, 161, 301, 217, 301, 100, 301]
Memory usage at done (index 3, length 97, since_prev 97): 7413.30859375 MiB (Increase: 0.0 MiB)
Memory usage before reset: 7413.30859375 MiB (Increase: 0.0 MiB)
Memory usage after reset: 7413.30859375 MiB (Increase: 0.0 MiB)
Training episode 410
Memory usage at middle: 7413.30859375 MiB (Increase: 0.0 MiB)
Memory usage before collect: 7413.30859375 MiB (Increase: 0.0 MiB)
Memory usage after collect: 7413.30859375 MiB (Increase: 0.0 MiB)
Memory usage before initialization: 7413.30859375 MiB (Increase: 0.0 MiB)
Memory usage after initialization: 7413.30859375 MiB (Increase: 0.0 MiB)
Current lengths of episodes: [46, 46, 45, 45, 45, 45, 45, 45, 45, 45]
Memory usage at done (index 1, length 46, since_prev 46): 7413.30859375 MiB (Increase: 0.0 MiB)
Memory usage before reset: 7413.30859375 MiB (Increase: 0.0 MiB)
Memory usage after reset: 7413.30859375 MiB (Increase: 0.0 MiB)
Current lengths of episodes: [69, 23, 69, 69, 69, 69, 69, 69, 69, 68]
Memory usage at done (index 8, length 69, since_prev 23): 7413.30859375 MiB (Increase: 0.0 MiB)
Memory usage before reset: 7413.30859375 MiB (Increase: 0.0 MiB)
Memory usage after reset: 7413.30859375 MiB (Increase: 0.0 MiB)
Current lengths of episodes: [70, 24, 70, 70, 70, 70, 69, 69, 0, 69]
Memory usage at done (index 5, length 70, since_prev 1): 7413.30859375 MiB (Increase: 0.0 MiB)
Memory usage before reset: 7413.30859375 MiB (Increase: 0.0 MiB)
Memory usage after reset: 7413.30859375 MiB (Increase: 0.0 MiB)
Current lengths of episodes: [74, 27, 73, 73, 73, 3, 73, 73, 4, 73]
Memory usage at done (index 0, length 74, since_prev 4): 7413.30859375 MiB (Increase: 0.0 MiB)
Memory usage before reset: 7413.30859375 MiB (Increase: 0.0 MiB)
Memory usage after reset: 7413.30859375 MiB (Increase: 0.0 MiB)
Current lengths of episodes: [10, 38, 84, 84, 84, 14, 84, 83, 14, 83]
Memory usage at done (index 6, length 84, since_prev 10): 7413.30859375 MiB (Increase: 0.0 MiB)
Memory usage before reset: 7413.30859375 MiB (Increase: 0.0 MiB)
Memory usage after reset: 7413.30859375 MiB (Increase: 0.0 MiB)
Current lengths of episodes: [19, 47, 93, 93, 93, 22, 8, 92, 23, 92]
Memory usage at done (index 4, length 93, since_prev 9): 7413.30859375 MiB (Increase: 0.0 MiB)
Memory usage before reset: 7413.30859375 MiB (Increase: 0.0 MiB)
Memory usage after reset: 7413.30859375 MiB (Increase: 0.0 MiB)
Current lengths of episodes: [51, 79, 125, 125, 32, 55, 41, 125, 56, 124]
Memory usage at done (index 8, length 56, since_prev 32): 7413.30859375 MiB (Increase: 0.0 MiB)
Memory usage before reset: 7413.30859375 MiB (Increase: 0.0 MiB)
Memory usage after reset: 7413.30859375 MiB (Increase: 0.0 MiB)
Current lengths of episodes: [61, 88, 134, 134, 41, 64, 50, 134, 9, 134]
Memory usage at done (index 0, length 61, since_prev 10): 7413.30859375 MiB (Increase: 0.0 MiB)
Memory usage before reset: 7413.30859375 MiB (Increase: 0.0 MiB)
Memory usage after reset: 7413.30859375 MiB (Increase: 0.0 MiB)
Current lengths of episodes: [14, 103, 149, 149, 56, 79, 64, 148, 23, 148]
Memory usage at done (index 5, length 79, since_prev 14): 7413.30859375 MiB (Increase: 0.0 MiB)
Memory usage before reset: 7413.30859375 MiB (Increase: 0.0 MiB)
Memory usage after reset: 7413.30859375 MiB (Increase: 0.0 MiB)
Current lengths of episodes: [55, 144, 190, 190, 97, 40, 105, 189, 64, 189]
Memory usage at done (index 4, length 97, since_prev 41): 7413.30859375 MiB (Increase: 0.0 MiB)
Memory usage before reset: 7413.30859375 MiB (Increase: 0.0 MiB)
Memory usage after reset: 7413.30859375 MiB (Increase: 0.0 MiB)
Training episode 420
Memory usage at middle: 7413.30859375 MiB (Increase: 0.0 MiB)
Memory usage before collect: 7413.30859375 MiB (Increase: 0.0 MiB)
Memory usage after collect: 7413.30859375 MiB (Increase: 0.0 MiB)
Memory usage before initialization: 7413.30859375 MiB (Increase: 0.0 MiB)
Memory usage after initialization: 7413.30859375 MiB (Increase: 0.0 MiB)
Current lengths of episodes: [65, 65, 65, 64, 64, 64, 64, 64, 64, 64]
Memory usage at done (index 2, length 65, since_prev 65): 7413.30859375 MiB (Increase: 0.0 MiB)
Memory usage before reset: 7413.30859375 MiB (Increase: 0.0 MiB)
Memory usage after reset: 7413.30859375 MiB (Increase: 0.0 MiB)
Current lengths of episodes: [66, 66, 1, 66, 66, 66, 66, 66, 65, 65]
Memory usage at done (index 7, length 66, since_prev 1): 7413.30859375 MiB (Increase: 0.0 MiB)
Memory usage before reset: 7413.30859375 MiB (Increase: 0.0 MiB)
Memory usage after reset: 7413.30859375 MiB (Increase: 0.0 MiB)
Current lengths of episodes: [124, 124, 59, 124, 124, 124, 124, 58, 124, 123]
Memory usage at done (index 8, length 124, since_prev 58): 7413.30859375 MiB (Increase: 0.0 MiB)
Memory usage before reset: 7413.30859375 MiB (Increase: 0.0 MiB)
Memory usage after reset: 7413.30859375 MiB (Increase: 0.0 MiB)
Current lengths of episodes: [134, 134, 69, 134, 134, 134, 134, 68, 10, 134]
Memory usage at done (index 9, length 134, since_prev 10): 7413.30859375 MiB (Increase: 0.0 MiB)
Memory usage before reset: 7413.30859375 MiB (Increase: 0.0 MiB)
Memory usage after reset: 7413.30859375 MiB (Increase: 0.0 MiB)
Current lengths of episodes: [156, 156, 90, 155, 155, 155, 155, 89, 31, 21]
Memory usage at done (index 1, length 156, since_prev 22): 7413.30859375 MiB (Increase: 0.0 MiB)
Memory usage before reset: 7413.30859375 MiB (Increase: 0.0 MiB)
Memory usage after reset: 7413.30859375 MiB (Increase: 0.0 MiB)
Current lengths of episodes: [176, 20, 111, 176, 176, 176, 176, 110, 52, 41]
Memory usage at done (index 8, length 52, since_prev 20): 7413.30859375 MiB (Increase: 0.0 MiB)
Memory usage before reset: 7413.30859375 MiB (Increase: 0.0 MiB)
Memory usage after reset: 7413.30859375 MiB (Increase: 0.0 MiB)
Current lengths of episodes: [214, 58, 149, 214, 214, 214, 214, 148, 38, 80]
Memory usage at done (index 9, length 80, since_prev 38): 7413.30859375 MiB (Increase: 0.0 MiB)
Memory usage before reset: 7413.30859375 MiB (Increase: 0.0 MiB)
Memory usage after reset: 7413.30859375 MiB (Increase: 0.0 MiB)
Current lengths of episodes: [262, 106, 197, 262, 262, 262, 262, 196, 86, 47]
Memory usage at done (index 8, length 86, since_prev 48): 7413.30859375 MiB (Increase: 0.0 MiB)
Memory usage before reset: 7413.30859375 MiB (Increase: 0.0 MiB)
Memory usage after reset: 7413.30859375 MiB (Increase: 0.0 MiB)
Current lengths of episodes: [284, 128, 219, 284, 284, 284, 284, 218, 22, 70]
Memory usage at done (index 9, length 70, since_prev 22): 7413.30859375 MiB (Increase: 0.0 MiB)
Memory usage before reset: 7413.30859375 MiB (Increase: 0.0 MiB)
Memory usage after reset: 7413.30859375 MiB (Increase: 0.0 MiB)
Current lengths of episodes: [328, 172, 263, 328, 328, 328, 328, 262, 66, 43]
Memory usage at done (index 8, length 66, since_prev 44): 7413.30859375 MiB (Increase: 0.0 MiB)
Memory usage before reset: 7413.30859375 MiB (Increase: 0.0 MiB)
Memory usage after reset: 7413.30859375 MiB (Increase: 0.0 MiB)
Training episode 430
Memory usage at middle: 7413.30859375 MiB (Increase: 0.0 MiB)
Memory usage before collect: 7413.30859375 MiB (Increase: 0.0 MiB)
Memory usage after collect: 7413.30859375 MiB (Increase: 0.0 MiB)
Memory usage before initialization: 7413.30859375 MiB (Increase: 0.0 MiB)
Memory usage after initialization: 7413.30859375 MiB (Increase: 0.0 MiB)
Current lengths of episodes: [58, 58, 58, 58, 58, 57, 57, 57, 57, 57]
Memory usage at done (index 4, length 58, since_prev 58): 7413.30859375 MiB (Increase: 0.0 MiB)
Memory usage before reset: 7413.30859375 MiB (Increase: 0.0 MiB)
Memory usage after reset: 7413.30859375 MiB (Increase: 0.0 MiB)
Current lengths of episodes: [62, 62, 62, 62, 4, 62, 62, 62, 61, 61]
Memory usage at done (index 7, length 62, since_prev 4): 7413.30859375 MiB (Increase: 0.0 MiB)
Memory usage before reset: 7413.30859375 MiB (Increase: 0.0 MiB)
Memory usage after reset: 7413.30859375 MiB (Increase: 0.0 MiB)
Current lengths of episodes: [74, 74, 74, 74, 16, 74, 74, 11, 73, 73]
Memory usage at done (index 6, length 74, since_prev 12): 7413.30859375 MiB (Increase: 0.0 MiB)
Memory usage before reset: 7413.30859375 MiB (Increase: 0.0 MiB)
Memory usage after reset: 7413.30859375 MiB (Increase: 0.0 MiB)
Current lengths of episodes: [104, 104, 104, 104, 46, 104, 29, 41, 103, 103]
Memory usage at done (index 5, length 104, since_prev 30): 7413.30859375 MiB (Increase: 0.0 MiB)
Memory usage before reset: 7413.30859375 MiB (Increase: 0.0 MiB)
Memory usage after reset: 7413.30859375 MiB (Increase: 0.0 MiB)
Current lengths of episodes: [1220, 1220, 1220, 1219, 1161, 1115, 1145, 1157, 1219, 1219]
Memory usage at done (index 2, length 1220, since_prev 1116): 7413.30859375 MiB (Increase: 0.0 MiB)
Memory usage before reset: 7413.30859375 MiB (Increase: 0.0 MiB)
Memory usage after reset: 7413.30859375 MiB (Increase: 0.0 MiB)
Current lengths of episodes: [1317, 1317, 97, 1317, 1259, 1213, 1243, 1254, 1316, 1316]
Memory usage at done (index 6, length 1243, since_prev 97): 7413.30859375 MiB (Increase: 0.0 MiB)
Memory usage before reset: 7413.30859375 MiB (Increase: 0.0 MiB)
Memory usage after reset: 7413.30859375 MiB (Increase: 0.0 MiB)
Current lengths of episodes: [1318, 1318, 98, 1317, 1259, 1213, 0, 1255, 1317, 1317]
Memory usage at done (index 2, length 98, since_prev 1): 7413.30859375 MiB (Increase: 0.0 MiB)
Memory usage before reset: 7413.30859375 MiB (Increase: 0.0 MiB)
Memory usage after reset: 7413.30859375 MiB (Increase: 0.0 MiB)
Current lengths of episodes: [1600, 1599, 281, 1599, 1541, 1495, 282, 1537, 1599, 1599]
Memory usage at done (index 0, length 1600, since_prev 282): 7413.30859375 MiB (Increase: 0.0 MiB)
Memory usage before reset: 7413.30859375 MiB (Increase: 0.0 MiB)
Memory usage after reset: 7413.30859375 MiB (Increase: 0.0 MiB)
Current lengths of episodes: [0, 1600, 281, 1599, 1541, 1495, 282, 1537, 1599, 1599]
Memory usage at done (index 1, length 1600, since_prev 0): 7413.30859375 MiB (Increase: 0.0 MiB)
Memory usage before reset: 7413.30859375 MiB (Increase: 0.0 MiB)
Memory usage after reset: 7413.30859375 MiB (Increase: 0.0 MiB)
Current lengths of episodes: [0, 0, 282, 1600, 1541, 1495, 282, 1537, 1599, 1599]
Memory usage at done (index 3, length 1600, since_prev 0): 7413.30859375 MiB (Increase: 0.0 MiB)
Memory usage before reset: 7413.30859375 MiB (Increase: 0.0 MiB)
Memory usage after reset: 7413.30859375 MiB (Increase: 0.0 MiB)
Training episode 440
Memory usage at middle: 7413.30859375 MiB (Increase: 0.0 MiB)
Memory usage before collect: 7413.30859375 MiB (Increase: 0.0 MiB)
Memory usage after collect: 7413.30859375 MiB (Increase: 0.0 MiB)
Memory usage before initialization: 7413.30859375 MiB (Increase: 0.0 MiB)
Memory usage after initialization: 7413.30859375 MiB (Increase: 0.0 MiB)
Current lengths of episodes: [62, 62, 62, 61, 61, 61, 61, 61, 61, 61]
Memory usage at done (index 2, length 62, since_prev 62): 7413.30859375 MiB (Increase: 0.0 MiB)
Memory usage before reset: 7413.30859375 MiB (Increase: 0.0 MiB)
Memory usage after reset: 7413.30859375 MiB (Increase: 0.0 MiB)
Current lengths of episodes: [84, 83, 21, 83, 83, 83, 83, 83, 83, 83]
Memory usage at done (index 0, length 84, since_prev 22): 7413.30859375 MiB (Increase: 0.0 MiB)
Memory usage before reset: 7413.30859375 MiB (Increase: 0.0 MiB)
Memory usage after reset: 7413.30859375 MiB (Increase: 0.0 MiB)
Current lengths of episodes: [6, 90, 28, 90, 89, 89, 89, 89, 89, 89]
Memory usage at done (index 3, length 90, since_prev 6): 7413.30859375 MiB (Increase: 0.0 MiB)
Memory usage before reset: 7413.30859375 MiB (Increase: 0.0 MiB)
Memory usage after reset: 7413.30859375 MiB (Increase: 0.0 MiB)
Current lengths of episodes: [45, 129, 67, 39, 129, 129, 129, 128, 128, 128]
Memory usage at done (index 6, length 129, since_prev 39): 7413.30859375 MiB (Increase: 0.0 MiB)
Memory usage before reset: 7413.30859375 MiB (Increase: 0.0 MiB)
Memory usage after reset: 7413.30859375 MiB (Increase: 0.0 MiB)
Current lengths of episodes: [52, 135, 73, 45, 135, 135, 6, 135, 135, 135]
Memory usage at done (index 0, length 52, since_prev 7): 7413.30859375 MiB (Increase: 0.0 MiB)
Memory usage before reset: 7413.30859375 MiB (Increase: 0.0 MiB)
Memory usage after reset: 7413.30859375 MiB (Increase: 0.0 MiB)
Current lengths of episodes: [2, 138, 76, 47, 137, 137, 8, 137, 137, 137]
Memory usage at done (index 2, length 76, since_prev 2): 7413.30859375 MiB (Increase: 0.0 MiB)
Memory usage before reset: 7413.30859375 MiB (Increase: 0.0 MiB)
Memory usage after reset: 7413.30859375 MiB (Increase: 0.0 MiB)
Current lengths of episodes: [46, 182, 44, 92, 181, 181, 52, 181, 181, 181]
Memory usage at done (index 3, length 92, since_prev 44): 7413.30859375 MiB (Increase: 0.0 MiB)
Memory usage before reset: 7413.30859375 MiB (Increase: 0.0 MiB)
Memory usage after reset: 7413.30859375 MiB (Increase: 0.0 MiB)
Current lengths of episodes: [46, 182, 44, 0, 182, 182, 53, 181, 181, 181]
Memory usage at done (index 6, length 53, since_prev 0): 7413.30859375 MiB (Increase: 0.0 MiB)
Memory usage before reset: 7413.30859375 MiB (Increase: 0.0 MiB)
Memory usage after reset: 7413.30859375 MiB (Increase: 0.0 MiB)
Current lengths of episodes: [1464, 1600, 1461, 1417, 1599, 1599, 1417, 1599, 1599, 1599]
Memory usage at done (index 1, length 1600, since_prev 1418): 7413.30859375 MiB (Increase: 0.0 MiB)
Memory usage before reset: 7413.30859375 MiB (Increase: 0.0 MiB)
Memory usage after reset: 7413.30859375 MiB (Increase: 0.0 MiB)
Current lengths of episodes: [1464, 0, 1462, 1418, 1600, 1599, 1417, 1599, 1599, 1599]
Memory usage at done (index 4, length 1600, since_prev 0): 7413.30859375 MiB (Increase: 0.0 MiB)
Memory usage before reset: 7413.30859375 MiB (Increase: 0.0 MiB)
Memory usage after reset: 7413.30859375 MiB (Increase: 0.0 MiB)
Training episode 450
Memory usage at middle: 7413.30859375 MiB (Increase: 0.0 MiB)
Memory usage before collect: 7413.30859375 MiB (Increase: 0.0 MiB)
Memory usage after collect: 7413.30859375 MiB (Increase: 0.0 MiB)
Episode 450	Average evaluation: -20.689512668148307
Memory usage before initialization: 7413.30859375 MiB (Increase: 0.0 MiB)
Memory usage after initialization: 7413.30859375 MiB (Increase: 0.0 MiB)
Current lengths of episodes: [63, 63, 63, 63, 63, 63, 63, 63, 62, 62]
Memory usage at done (index 7, length 63, since_prev 63): 7413.30859375 MiB (Increase: 0.0 MiB)
Memory usage before reset: 7413.30859375 MiB (Increase: 0.0 MiB)
Memory usage after reset: 7413.30859375 MiB (Increase: 0.0 MiB)
Current lengths of episodes: [73, 73, 73, 73, 73, 73, 72, 9, 72, 72]
Memory usage at done (index 5, length 73, since_prev 10): 7413.30859375 MiB (Increase: 0.0 MiB)
Memory usage before reset: 7413.30859375 MiB (Increase: 0.0 MiB)
Memory usage after reset: 7413.30859375 MiB (Increase: 0.0 MiB)
Current lengths of episodes: [75, 75, 75, 74, 74, 1, 74, 11, 74, 74]
Memory usage at done (index 2, length 75, since_prev 2): 7413.30859375 MiB (Increase: 0.0 MiB)
Memory usage before reset: 7413.30859375 MiB (Increase: 0.0 MiB)
Memory usage after reset: 7413.30859375 MiB (Increase: 0.0 MiB)
Current lengths of episodes: [92, 92, 17, 92, 92, 19, 92, 29, 92, 92]
Memory usage at done (index 9, length 92, since_prev 17): 7413.30859375 MiB (Increase: 0.0 MiB)
Memory usage before reset: 7413.30859375 MiB (Increase: 0.0 MiB)
Memory usage after reset: 7413.30859375 MiB (Increase: 0.0 MiB)
Current lengths of episodes: [174, 174, 99, 174, 174, 101, 174, 111, 174, 82]
Memory usage at done (index 9, length 82, since_prev 82): 7413.30859375 MiB (Increase: 0.0 MiB)
Memory usage before reset: 7413.30859375 MiB (Increase: 0.0 MiB)
Memory usage after reset: 7413.30859375 MiB (Increase: 0.0 MiB)
Current lengths of episodes: [199, 199, 124, 198, 198, 125, 198, 135, 198, 24]
Memory usage at done (index 2, length 124, since_prev 25): 7413.30859375 MiB (Increase: 0.0 MiB)
Memory usage before reset: 7413.30859375 MiB (Increase: 0.0 MiB)
Memory usage after reset: 7413.30859375 MiB (Increase: 0.0 MiB)
Current lengths of episodes: [825, 825, 626, 825, 825, 752, 824, 761, 824, 650]
Memory usage at done (index 5, length 752, since_prev 626): 7413.30859375 MiB (Increase: 0.0 MiB)
Memory usage before reset: 7413.30859375 MiB (Increase: 0.0 MiB)
Memory usage after reset: 7413.30859375 MiB (Increase: 0.0 MiB)
Current lengths of episodes: [1600, 1599, 1400, 1599, 1599, 774, 1599, 1536, 1599, 1425]
Memory usage at done (index 0, length 1600, since_prev 775): 7413.30859375 MiB (Increase: 0.0 MiB)
Memory usage before reset: 7413.30859375 MiB (Increase: 0.0 MiB)
Memory usage after reset: 7413.30859375 MiB (Increase: 0.0 MiB)
Current lengths of episodes: [0, 1600, 1400, 1599, 1599, 774, 1599, 1536, 1599, 1425]
Memory usage at done (index 1, length 1600, since_prev 0): 7413.30859375 MiB (Increase: 0.0 MiB)
Memory usage before reset: 7413.30859375 MiB (Increase: 0.0 MiB)
Memory usage after reset: 7413.30859375 MiB (Increase: 0.0 MiB)
Current lengths of episodes: [0, 0, 1401, 1600, 1599, 774, 1599, 1536, 1599, 1425]
Memory usage at done (index 3, length 1600, since_prev 0): 7413.30859375 MiB (Increase: 0.0 MiB)
Memory usage before reset: 7413.30859375 MiB (Increase: 0.0 MiB)
Memory usage after reset: 7413.30859375 MiB (Increase: 0.0 MiB)
Training episode 460
Memory usage at middle: 7413.30859375 MiB (Increase: 0.0 MiB)
Memory usage before collect: 7413.30859375 MiB (Increase: 0.0 MiB)
Memory usage after collect: 7413.30859375 MiB (Increase: 0.0 MiB)
Memory usage before initialization: 7413.30859375 MiB (Increase: 0.0 MiB)
Memory usage after initialization: 7413.30859375 MiB (Increase: 0.0 MiB)
Current lengths of episodes: [111, 111, 111, 111, 111, 111, 110, 110, 110, 110]
Memory usage at done (index 5, length 111, since_prev 111): 7413.30859375 MiB (Increase: 0.0 MiB)
Memory usage before reset: 7413.30859375 MiB (Increase: 0.0 MiB)
Memory usage after reset: 7413.30859375 MiB (Increase: 0.0 MiB)
Current lengths of episodes: [442, 442, 442, 442, 442, 331, 441, 441, 441, 441]
Memory usage at done (index 5, length 331, since_prev 331): 7413.30859375 MiB (Increase: 0.0 MiB)
Memory usage before reset: 7413.30859375 MiB (Increase: 0.0 MiB)
Memory usage after reset: 7413.30859375 MiB (Increase: 0.0 MiB)
Current lengths of episodes: [514, 514, 514, 514, 514, 72, 513, 513, 513, 513]
Memory usage at done (index 5, length 72, since_prev 72): 7413.30859375 MiB (Increase: 0.0 MiB)
Memory usage before reset: 7413.30859375 MiB (Increase: 0.0 MiB)
Memory usage after reset: 7413.30859375 MiB (Increase: 0.0 MiB)
Current lengths of episodes: [620, 620, 620, 620, 620, 106, 619, 619, 619, 619]
Memory usage at done (index 5, length 106, since_prev 106): 7413.30859375 MiB (Increase: 0.0 MiB)
Memory usage before reset: 7413.30859375 MiB (Increase: 0.0 MiB)
Memory usage after reset: 7413.30859375 MiB (Increase: 0.0 MiB)
Current lengths of episodes: [719, 719, 719, 719, 719, 99, 718, 718, 718, 718]
Memory usage at done (index 5, length 99, since_prev 99): 7413.30859375 MiB (Increase: 0.0 MiB)
Memory usage before reset: 7413.30859375 MiB (Increase: 0.0 MiB)
Memory usage after reset: 7413.30859375 MiB (Increase: 0.0 MiB)
Current lengths of episodes: [1600, 1599, 1599, 1599, 1599, 880, 1599, 1599, 1599, 1599]
Memory usage at done (index 0, length 1600, since_prev 881): 7413.30859375 MiB (Increase: 0.0 MiB)
Memory usage before reset: 7413.30859375 MiB (Increase: 0.0 MiB)
Memory usage after reset: 7413.30859375 MiB (Increase: 0.0 MiB)
Current lengths of episodes: [0, 1600, 1599, 1599, 1599, 880, 1599, 1599, 1599, 1599]
Memory usage at done (index 1, length 1600, since_prev 0): 7413.30859375 MiB (Increase: 0.0 MiB)
Memory usage before reset: 7413.30859375 MiB (Increase: 0.0 MiB)
Memory usage after reset: 7413.30859375 MiB (Increase: 0.0 MiB)
Current lengths of episodes: [0, 0, 1600, 1599, 1599, 880, 1599, 1599, 1599, 1599]
Memory usage at done (index 2, length 1600, since_prev 0): 7413.30859375 MiB (Increase: 0.0 MiB)
Memory usage before reset: 7413.30859375 MiB (Increase: 0.0 MiB)
Memory usage after reset: 7413.30859375 MiB (Increase: 0.0 MiB)
Current lengths of episodes: [0, 0, 0, 1600, 1599, 880, 1599, 1599, 1599, 1599]
Memory usage at done (index 3, length 1600, since_prev 0): 7413.30859375 MiB (Increase: 0.0 MiB)
Memory usage before reset: 7413.30859375 MiB (Increase: 0.0 MiB)
Memory usage after reset: 7413.30859375 MiB (Increase: 0.0 MiB)
Current lengths of episodes: [0, 0, 0, 0, 1600, 880, 1599, 1599, 1599, 1599]
Memory usage at done (index 4, length 1600, since_prev 0): 7413.30859375 MiB (Increase: 0.0 MiB)
Memory usage before reset: 7413.30859375 MiB (Increase: 0.0 MiB)
Memory usage after reset: 7413.30859375 MiB (Increase: 0.0 MiB)
Training episode 470
Memory usage at middle: 7413.30859375 MiB (Increase: 0.0 MiB)
Memory usage before collect: 7413.30859375 MiB (Increase: 0.0 MiB)
Memory usage after collect: 7413.30859375 MiB (Increase: 0.0 MiB)
Memory usage before initialization: 7413.30859375 MiB (Increase: 0.0 MiB)
Memory usage after initialization: 7413.30859375 MiB (Increase: 0.0 MiB)
Current lengths of episodes: [58, 57, 57, 57, 57, 57, 57, 57, 57, 57]
Memory usage at done (index 0, length 58, since_prev 58): 7413.30859375 MiB (Increase: 0.0 MiB)
Memory usage before reset: 7413.30859375 MiB (Increase: 0.0 MiB)
Memory usage after reset: 7413.30859375 MiB (Increase: 0.0 MiB)
Current lengths of episodes: [11, 69, 69, 69, 69, 69, 69, 68, 68, 68]
Memory usage at done (index 6, length 69, since_prev 11): 7413.30859375 MiB (Increase: 0.0 MiB)
Memory usage before reset: 7413.30859375 MiB (Increase: 0.0 MiB)
Memory usage after reset: 7413.30859375 MiB (Increase: 0.0 MiB)
Current lengths of episodes: [33, 91, 91, 90, 90, 90, 21, 90, 90, 90]
Memory usage at done (index 2, length 91, since_prev 22): 7413.30859375 MiB (Increase: 0.0 MiB)
Memory usage before reset: 7413.30859375 MiB (Increase: 0.0 MiB)
Memory usage after reset: 7413.30859375 MiB (Increase: 0.0 MiB)
Current lengths of episodes: [36, 94, 3, 94, 94, 93, 24, 93, 93, 93]
Memory usage at done (index 4, length 94, since_prev 3): 7413.30859375 MiB (Increase: 0.0 MiB)
Memory usage before reset: 7413.30859375 MiB (Increase: 0.0 MiB)
Memory usage after reset: 7413.30859375 MiB (Increase: 0.0 MiB)
Current lengths of episodes: [45, 103, 12, 103, 8, 102, 33, 102, 102, 102]
Memory usage at done (index 3, length 103, since_prev 9): 7413.30859375 MiB (Increase: 0.0 MiB)
Memory usage before reset: 7413.30859375 MiB (Increase: 0.0 MiB)
Memory usage after reset: 7413.30859375 MiB (Increase: 0.0 MiB)
Current lengths of episodes: [60, 118, 27, 15, 24, 118, 49, 117, 117, 117]
Memory usage at done (index 6, length 49, since_prev 15): 7413.30859375 MiB (Increase: 0.0 MiB)
Memory usage before reset: 7413.30859375 MiB (Increase: 0.0 MiB)
Memory usage after reset: 7413.30859375 MiB (Increase: 0.0 MiB)
Current lengths of episodes: [61, 119, 28, 16, 25, 119, 1, 119, 119, 119]
Memory usage at done (index 9, length 119, since_prev 1): 7413.30859375 MiB (Increase: 0.0 MiB)
Memory usage before reset: 7413.30859375 MiB (Increase: 0.0 MiB)
Memory usage after reset: 7413.30859375 MiB (Increase: 0.0 MiB)
Current lengths of episodes: [150, 208, 117, 105, 114, 208, 90, 208, 208, 89]
Memory usage at done (index 9, length 89, since_prev 89): 7413.30859375 MiB (Increase: 0.0 MiB)
Memory usage before reset: 7413.30859375 MiB (Increase: 0.0 MiB)
Memory usage after reset: 7413.30859375 MiB (Increase: 0.0 MiB)
Current lengths of episodes: [155, 213, 121, 109, 118, 212, 94, 212, 212, 4]
Memory usage at done (index 1, length 213, since_prev 5): 7413.30859375 MiB (Increase: 0.0 MiB)
Memory usage before reset: 7413.30859375 MiB (Increase: 0.0 MiB)
Memory usage after reset: 7413.30859375 MiB (Increase: 0.0 MiB)
Current lengths of episodes: [225, 70, 191, 179, 188, 282, 164, 282, 282, 74]
Memory usage at done (index 1, length 70, since_prev 70): 7413.30859375 MiB (Increase: 0.0 MiB)
Memory usage before reset: 7413.30859375 MiB (Increase: 0.0 MiB)
Memory usage after reset: 7413.30859375 MiB (Increase: 0.0 MiB)
Training episode 480
Memory usage at middle: 7413.30859375 MiB (Increase: 0.0 MiB)
Memory usage before collect: 7413.30859375 MiB (Increase: 0.0 MiB)
Memory usage after collect: 7413.30859375 MiB (Increase: 0.0 MiB)
Memory usage before initialization: 7413.30859375 MiB (Increase: 0.0 MiB)
Memory usage after initialization: 7413.30859375 MiB (Increase: 0.0 MiB)
Current lengths of episodes: [43, 43, 43, 43, 43, 43, 43, 42, 42, 42]
Memory usage at done (index 6, length 43, since_prev 43): 7413.30859375 MiB (Increase: 0.0 MiB)
Memory usage before reset: 7413.30859375 MiB (Increase: 0.0 MiB)
Memory usage after reset: 7413.30859375 MiB (Increase: 0.0 MiB)
Current lengths of episodes: [54, 53, 53, 53, 53, 53, 10, 53, 53, 53]
Memory usage at done (index 0, length 54, since_prev 11): 7413.30859375 MiB (Increase: 0.0 MiB)
Memory usage before reset: 7413.30859375 MiB (Increase: 0.0 MiB)
Memory usage after reset: 7413.30859375 MiB (Increase: 0.0 MiB)
Current lengths of episodes: [4, 58, 57, 57, 57, 57, 14, 57, 57, 57]
Memory usage at done (index 1, length 58, since_prev 4): 7413.30859375 MiB (Increase: 0.0 MiB)
Memory usage before reset: 7413.30859375 MiB (Increase: 0.0 MiB)
Memory usage after reset: 7413.30859375 MiB (Increase: 0.0 MiB)
Current lengths of episodes: [20, 16, 74, 74, 74, 74, 31, 74, 74, 73]
Memory usage at done (index 8, length 74, since_prev 16): 7413.30859375 MiB (Increase: 0.0 MiB)
Memory usage before reset: 7413.30859375 MiB (Increase: 0.0 MiB)
Memory usage after reset: 7413.30859375 MiB (Increase: 0.0 MiB)
Current lengths of episodes: [35, 31, 89, 89, 89, 89, 46, 89, 15, 89]
Memory usage at done (index 9, length 89, since_prev 15): 7413.30859375 MiB (Increase: 0.0 MiB)
Memory usage before reset: 7413.30859375 MiB (Increase: 0.0 MiB)
Memory usage after reset: 7413.30859375 MiB (Increase: 0.0 MiB)
Current lengths of episodes: [44, 40, 98, 98, 98, 98, 55, 97, 23, 8]
Memory usage at done (index 6, length 55, since_prev 9): 7413.30859375 MiB (Increase: 0.0 MiB)
Memory usage before reset: 7413.30859375 MiB (Increase: 0.0 MiB)
Memory usage after reset: 7413.30859375 MiB (Increase: 0.0 MiB)
Current lengths of episodes: [52, 48, 105, 105, 105, 105, 7, 105, 31, 16]
Memory usage at done (index 1, length 48, since_prev 8): 7413.30859375 MiB (Increase: 0.0 MiB)
Memory usage before reset: 7413.30859375 MiB (Increase: 0.0 MiB)
Memory usage after reset: 7413.30859375 MiB (Increase: 0.0 MiB)
Current lengths of episodes: [52, 0, 106, 106, 105, 105, 7, 105, 31, 16]
Memory usage at done (index 3, length 106, since_prev 0): 7413.30859375 MiB (Increase: 0.0 MiB)
Memory usage before reset: 7413.30859375 MiB (Increase: 0.0 MiB)
Memory usage after reset: 7413.30859375 MiB (Increase: 0.0 MiB)
Current lengths of episodes: [77, 25, 131, 25, 131, 130, 32, 130, 56, 41]
Memory usage at done (index 4, length 131, since_prev 25): 7413.30859375 MiB (Increase: 0.0 MiB)
Memory usage before reset: 7413.30859375 MiB (Increase: 0.0 MiB)
Memory usage after reset: 7413.30859375 MiB (Increase: 0.0 MiB)
Current lengths of episodes: [94, 42, 148, 42, 17, 148, 50, 147, 73, 58]
Memory usage at done (index 6, length 50, since_prev 17): 7413.30859375 MiB (Increase: 0.0 MiB)
Memory usage before reset: 7413.30859375 MiB (Increase: 0.0 MiB)
Memory usage after reset: 7413.30859375 MiB (Increase: 0.0 MiB)
Training episode 490
Memory usage at middle: 7413.30859375 MiB (Increase: 0.0 MiB)
Memory usage before collect: 7413.30859375 MiB (Increase: 0.0 MiB)
Memory usage after collect: 7413.30859375 MiB (Increase: 0.0 MiB)
Memory usage before initialization: 7413.30859375 MiB (Increase: 0.0 MiB)
Memory usage after initialization: 7413.30859375 MiB (Increase: 0.0 MiB)
Current lengths of episodes: [42, 42, 41, 41, 41, 41, 41, 41, 41, 41]
Memory usage at done (index 1, length 42, since_prev 42): 7413.30859375 MiB (Increase: 0.0 MiB)
Memory usage before reset: 7413.30859375 MiB (Increase: 0.0 MiB)
Memory usage after reset: 7413.30859375 MiB (Increase: 0.0 MiB)
Current lengths of episodes: [67, 25, 67, 66, 66, 66, 66, 66, 66, 66]
Memory usage at done (index 2, length 67, since_prev 25): 7413.30859375 MiB (Increase: 0.0 MiB)
Memory usage before reset: 7413.30859375 MiB (Increase: 0.0 MiB)
Memory usage after reset: 7413.30859375 MiB (Increase: 0.0 MiB)
Current lengths of episodes: [69, 27, 2, 69, 69, 69, 69, 69, 68, 68]
Memory usage at done (index 7, length 69, since_prev 2): 7413.30859375 MiB (Increase: 0.0 MiB)
Memory usage before reset: 7413.30859375 MiB (Increase: 0.0 MiB)
Memory usage after reset: 7413.30859375 MiB (Increase: 0.0 MiB)
Current lengths of episodes: [79, 36, 11, 78, 78, 78, 78, 9, 78, 78]
Memory usage at done (index 0, length 79, since_prev 10): 7413.30859375 MiB (Increase: 0.0 MiB)
Memory usage before reset: 7413.30859375 MiB (Increase: 0.0 MiB)
Memory usage after reset: 7413.30859375 MiB (Increase: 0.0 MiB)
Current lengths of episodes: [0, 37, 12, 79, 78, 78, 78, 9, 78, 78]
Memory usage at done (index 3, length 79, since_prev 0): 7413.30859375 MiB (Increase: 0.0 MiB)
Memory usage before reset: 7413.30859375 MiB (Increase: 0.0 MiB)
Memory usage after reset: 7413.30859375 MiB (Increase: 0.0 MiB)
Current lengths of episodes: [18, 55, 30, 18, 97, 97, 97, 28, 97, 97]
Memory usage at done (index 9, length 97, since_prev 18): 7413.30859375 MiB (Increase: 0.0 MiB)
Memory usage before reset: 7413.30859375 MiB (Increase: 0.0 MiB)
Memory usage after reset: 7413.30859375 MiB (Increase: 0.0 MiB)
Current lengths of episodes: [39, 76, 50, 38, 117, 117, 117, 48, 117, 20]
Memory usage at done (index 1, length 76, since_prev 21): 7413.30859375 MiB (Increase: 0.0 MiB)
Memory usage before reset: 7413.30859375 MiB (Increase: 0.0 MiB)
Memory usage after reset: 7413.30859375 MiB (Increase: 0.0 MiB)
Current lengths of episodes: [74, 35, 86, 74, 152, 152, 152, 83, 152, 55]
Memory usage at done (index 3, length 74, since_prev 35): 7413.30859375 MiB (Increase: 0.0 MiB)
Memory usage before reset: 7413.30859375 MiB (Increase: 0.0 MiB)
Memory usage after reset: 7413.30859375 MiB (Increase: 0.0 MiB)
Current lengths of episodes: [81, 42, 93, 7, 160, 160, 160, 91, 160, 63]
Memory usage at done (index 9, length 63, since_prev 7): 7413.30859375 MiB (Increase: 0.0 MiB)
Memory usage before reset: 7413.30859375 MiB (Increase: 0.0 MiB)
Memory usage after reset: 7413.30859375 MiB (Increase: 0.0 MiB)
Current lengths of episodes: [121, 82, 133, 47, 199, 199, 199, 130, 199, 39]
Memory usage at done (index 3, length 47, since_prev 40): 7413.30859375 MiB (Increase: 0.0 MiB)
Memory usage before reset: 7413.30859375 MiB (Increase: 0.0 MiB)
Memory usage after reset: 7413.30859375 MiB (Increase: 0.0 MiB)
Training episode 500
Memory usage at middle: 7413.30859375 MiB (Increase: 0.0 MiB)
Memory usage before collect: 7413.30859375 MiB (Increase: 0.0 MiB)
Memory usage after collect: 7413.30859375 MiB (Increase: 0.0 MiB)
Episode 500	Average evaluation: -31.392089224888014
Memory usage before initialization: 7413.30859375 MiB (Increase: 0.0 MiB)
Memory usage after initialization: 7413.30859375 MiB (Increase: 0.0 MiB)
Current lengths of episodes: [51, 51, 51, 51, 51, 51, 51, 51, 51, 51]
Memory usage at done (index 9, length 51, since_prev 51): 7413.30859375 MiB (Increase: 0.0 MiB)
Memory usage before reset: 7413.30859375 MiB (Increase: 0.0 MiB)
Memory usage after reset: 7413.30859375 MiB (Increase: 0.0 MiB)
Current lengths of episodes: [53, 53, 53, 53, 52, 52, 52, 52, 52, 1]
Memory usage at done (index 3, length 53, since_prev 2): 7413.30859375 MiB (Increase: 0.0 MiB)
Memory usage before reset: 7413.30859375 MiB (Increase: 0.0 MiB)
Memory usage after reset: 7413.30859375 MiB (Increase: 0.0 MiB)
Current lengths of episodes: [68, 68, 68, 15, 68, 68, 68, 68, 68, 16]
Memory usage at done (index 8, length 68, since_prev 15): 7413.30859375 MiB (Increase: 0.0 MiB)
Memory usage before reset: 7413.30859375 MiB (Increase: 0.0 MiB)
Memory usage after reset: 7413.30859375 MiB (Increase: 0.0 MiB)
Current lengths of episodes: [90, 90, 90, 37, 90, 89, 89, 89, 21, 38]
Memory usage at done (index 4, length 90, since_prev 22): 7413.30859375 MiB (Increase: 0.0 MiB)
Memory usage before reset: 7413.30859375 MiB (Increase: 0.0 MiB)
Memory usage after reset: 7413.30859375 MiB (Increase: 0.0 MiB)
Current lengths of episodes: [116, 116, 116, 63, 26, 116, 116, 116, 48, 65]
Memory usage at done (index 9, length 65, since_prev 26): 7413.30859375 MiB (Increase: 0.0 MiB)
Memory usage before reset: 7413.30859375 MiB (Increase: 0.0 MiB)
Memory usage after reset: 7413.30859375 MiB (Increase: 0.0 MiB)
Current lengths of episodes: [130, 130, 130, 77, 40, 130, 130, 130, 62, 13]
Memory usage at done (index 8, length 62, since_prev 14): 7413.30859375 MiB (Increase: 0.0 MiB)
Memory usage before reset: 7413.30859375 MiB (Increase: 0.0 MiB)
Memory usage after reset: 7413.30859375 MiB (Increase: 0.0 MiB)
Current lengths of episodes: [138, 138, 137, 84, 47, 137, 137, 137, 7, 21]
Memory usage at done (index 1, length 138, since_prev 8): 7413.30859375 MiB (Increase: 0.0 MiB)
Memory usage before reset: 7413.30859375 MiB (Increase: 0.0 MiB)
Memory usage after reset: 7413.30859375 MiB (Increase: 0.0 MiB)
Current lengths of episodes: [153, 15, 153, 100, 63, 152, 152, 152, 22, 36]
Memory usage at done (index 4, length 63, since_prev 15): 7413.30859375 MiB (Increase: 0.0 MiB)
Memory usage before reset: 7413.30859375 MiB (Increase: 0.0 MiB)
Memory usage after reset: 7413.30859375 MiB (Increase: 0.0 MiB)
Current lengths of episodes: [173, 35, 173, 120, 20, 173, 173, 173, 43, 57]
Memory usage at done (index 9, length 57, since_prev 20): 7413.30859375 MiB (Increase: 0.0 MiB)
Memory usage before reset: 7413.30859375 MiB (Increase: 0.0 MiB)
Memory usage after reset: 7413.30859375 MiB (Increase: 0.0 MiB)
Current lengths of episodes: [220, 82, 219, 166, 66, 219, 219, 219, 89, 46]
Memory usage at done (index 1, length 82, since_prev 47): 7413.30859375 MiB (Increase: 0.0 MiB)
Memory usage before reset: 7413.30859375 MiB (Increase: 0.0 MiB)
Memory usage after reset: 7413.30859375 MiB (Increase: 0.0 MiB)
Training episode 510
Memory usage at middle: 7413.30859375 MiB (Increase: 0.0 MiB)
Memory usage before collect: 7413.30859375 MiB (Increase: 0.0 MiB)
Memory usage after collect: 7413.30859375 MiB (Increase: 0.0 MiB)
Memory usage before initialization: 7413.30859375 MiB (Increase: 0.0 MiB)
Memory usage after initialization: 7413.30859375 MiB (Increase: 0.0 MiB)
Current lengths of episodes: [53, 53, 53, 53, 52, 52, 52, 52, 52, 52]
Memory usage at done (index 3, length 53, since_prev 53): 7413.30859375 MiB (Increase: 0.0 MiB)
Memory usage before reset: 7413.30859375 MiB (Increase: 0.0 MiB)
Memory usage after reset: 7413.30859375 MiB (Increase: 0.0 MiB)
Current lengths of episodes: [55, 55, 55, 2, 55, 55, 55, 54, 54, 54]
Memory usage at done (index 6, length 55, since_prev 2): 7413.30859375 MiB (Increase: 0.0 MiB)
Memory usage before reset: 7413.30859375 MiB (Increase: 0.0 MiB)
Memory usage after reset: 7413.30859375 MiB (Increase: 0.0 MiB)
Current lengths of episodes: [85, 85, 85, 32, 85, 85, 29, 84, 84, 84]
Memory usage at done (index 5, length 85, since_prev 30): 7413.30859375 MiB (Increase: 0.0 MiB)
Memory usage before reset: 7413.30859375 MiB (Increase: 0.0 MiB)
Memory usage after reset: 7413.30859375 MiB (Increase: 0.0 MiB)
Current lengths of episodes: [208, 208, 208, 155, 208, 123, 152, 207, 207, 207]
Memory usage at done (index 5, length 123, since_prev 123): 7413.30859375 MiB (Increase: 0.0 MiB)
Memory usage before reset: 7413.30859375 MiB (Increase: 0.0 MiB)
Memory usage after reset: 7413.30859375 MiB (Increase: 0.0 MiB)
Current lengths of episodes: [266, 266, 266, 213, 266, 58, 210, 265, 265, 265]
Memory usage at done (index 5, length 58, since_prev 58): 7413.30859375 MiB (Increase: 0.0 MiB)
Memory usage before reset: 7413.30859375 MiB (Increase: 0.0 MiB)
Memory usage after reset: 7413.30859375 MiB (Increase: 0.0 MiB)
Current lengths of episodes: [329, 329, 329, 276, 329, 63, 273, 328, 328, 328]
Memory usage at done (index 5, length 63, since_prev 63): 7413.30859375 MiB (Increase: 0.0 MiB)
Memory usage before reset: 7413.30859375 MiB (Increase: 0.0 MiB)
Memory usage after reset: 7413.30859375 MiB (Increase: 0.0 MiB)
Current lengths of episodes: [384, 384, 384, 331, 384, 55, 328, 383, 383, 383]
Memory usage at done (index 5, length 55, since_prev 55): 7413.30859375 MiB (Increase: 0.0 MiB)
Memory usage before reset: 7413.30859375 MiB (Increase: 0.0 MiB)
Memory usage after reset: 7413.30859375 MiB (Increase: 0.0 MiB)
Current lengths of episodes: [458, 458, 458, 405, 458, 74, 402, 457, 457, 457]
Memory usage at done (index 5, length 74, since_prev 74): 7413.30859375 MiB (Increase: 0.0 MiB)
Memory usage before reset: 7413.30859375 MiB (Increase: 0.0 MiB)
Memory usage after reset: 7413.30859375 MiB (Increase: 0.0 MiB)
Current lengths of episodes: [515, 515, 515, 462, 515, 57, 459, 514, 514, 514]
Memory usage at done (index 5, length 57, since_prev 57): 7413.30859375 MiB (Increase: 0.0 MiB)
Memory usage before reset: 7413.30859375 MiB (Increase: 0.0 MiB)
Memory usage after reset: 7413.30859375 MiB (Increase: 0.0 MiB)
Current lengths of episodes: [1600, 1599, 1599, 1546, 1599, 1084, 1544, 1599, 1599, 1599]
Memory usage at done (index 0, length 1600, since_prev 1085): 7413.30859375 MiB (Increase: 0.0 MiB)
Memory usage before reset: 7413.30859375 MiB (Increase: 0.0 MiB)
Memory usage after reset: 7413.30859375 MiB (Increase: 0.0 MiB)
Training episode 520
Memory usage at middle: 7413.30859375 MiB (Increase: 0.0 MiB)
Memory usage before collect: 7413.30859375 MiB (Increase: 0.0 MiB)
Memory usage after collect: 7413.30859375 MiB (Increase: 0.0 MiB)
Memory usage before initialization: 7413.30859375 MiB (Increase: 0.0 MiB)
Memory usage after initialization: 7413.30859375 MiB (Increase: 0.0 MiB)
Current lengths of episodes: [57, 57, 56, 56, 56, 56, 56, 56, 56, 56]
Memory usage at done (index 1, length 57, since_prev 57): 7413.30859375 MiB (Increase: 0.0 MiB)
Memory usage before reset: 7413.30859375 MiB (Increase: 0.0 MiB)
Memory usage after reset: 7413.30859375 MiB (Increase: 0.0 MiB)
Current lengths of episodes: [64, 7, 64, 64, 64, 64, 64, 64, 64, 64]
Memory usage at done (index 9, length 64, since_prev 7): 7413.30859375 MiB (Increase: 0.0 MiB)
Memory usage before reset: 7413.30859375 MiB (Increase: 0.0 MiB)
Memory usage after reset: 7413.30859375 MiB (Increase: 0.0 MiB)
Current lengths of episodes: [86, 29, 86, 86, 86, 86, 86, 86, 86, 21]
Memory usage at done (index 8, length 86, since_prev 22): 7413.30859375 MiB (Increase: 0.0 MiB)
Memory usage before reset: 7413.30859375 MiB (Increase: 0.0 MiB)
Memory usage after reset: 7413.30859375 MiB (Increase: 0.0 MiB)
Current lengths of episodes: [103, 46, 103, 103, 102, 102, 102, 102, 16, 38]
Memory usage at done (index 3, length 103, since_prev 17): 7413.30859375 MiB (Increase: 0.0 MiB)
Memory usage before reset: 7413.30859375 MiB (Increase: 0.0 MiB)
Memory usage after reset: 7413.30859375 MiB (Increase: 0.0 MiB)
Current lengths of episodes: [127, 70, 126, 23, 126, 126, 126, 126, 40, 62]
Memory usage at done (index 1, length 70, since_prev 24): 7413.30859375 MiB (Increase: 0.0 MiB)
Memory usage before reset: 7413.30859375 MiB (Increase: 0.0 MiB)
Memory usage after reset: 7413.30859375 MiB (Increase: 0.0 MiB)
Current lengths of episodes: [154, 27, 154, 51, 154, 154, 154, 154, 68, 90]
Memory usage at done (index 9, length 90, since_prev 27): 7413.30859375 MiB (Increase: 0.0 MiB)
Memory usage before reset: 7413.30859375 MiB (Increase: 0.0 MiB)
Memory usage after reset: 7413.30859375 MiB (Increase: 0.0 MiB)
Current lengths of episodes: [159, 32, 159, 56, 159, 159, 159, 159, 73, 4]
Memory usage at done (index 8, length 73, since_prev 5): 7413.30859375 MiB (Increase: 0.0 MiB)
Memory usage before reset: 7413.30859375 MiB (Increase: 0.0 MiB)
Memory usage after reset: 7413.30859375 MiB (Increase: 0.0 MiB)
Current lengths of episodes: [232, 105, 232, 129, 232, 232, 232, 232, 73, 77]
Memory usage at done (index 8, length 73, since_prev 73): 7413.30859375 MiB (Increase: 0.0 MiB)
Memory usage before reset: 7413.30859375 MiB (Increase: 0.0 MiB)
Memory usage after reset: 7413.30859375 MiB (Increase: 0.0 MiB)
Current lengths of episodes: [532, 405, 532, 429, 532, 532, 532, 532, 300, 378]
Memory usage at done (index 9, length 378, since_prev 300): 7413.30859375 MiB (Increase: 0.0 MiB)
Memory usage before reset: 7413.30859375 MiB (Increase: 0.0 MiB)
Memory usage after reset: 7413.30859375 MiB (Increase: 0.0 MiB)
Current lengths of episodes: [593, 466, 593, 490, 593, 593, 593, 592, 360, 60]
Memory usage at done (index 6, length 593, since_prev 61): 7413.30859375 MiB (Increase: 0.0 MiB)
Memory usage before reset: 7413.30859375 MiB (Increase: 0.0 MiB)
Memory usage after reset: 7413.30859375 MiB (Increase: 0.0 MiB)
Training episode 530
Memory usage at middle: 7413.30859375 MiB (Increase: 0.0 MiB)
Memory usage before collect: 7413.30859375 MiB (Increase: 0.0 MiB)
Memory usage after collect: 7413.30859375 MiB (Increase: 0.0 MiB)
Memory usage before initialization: 7413.30859375 MiB (Increase: 0.0 MiB)
Memory usage after initialization: 7413.30859375 MiB (Increase: 0.0 MiB)
Current lengths of episodes: [59, 59, 59, 59, 59, 59, 59, 58, 58, 58]
Memory usage at done (index 6, length 59, since_prev 59): 7413.30859375 MiB (Increase: 0.0 MiB)
Memory usage before reset: 7413.30859375 MiB (Increase: 0.0 MiB)
Memory usage after reset: 7413.30859375 MiB (Increase: 0.0 MiB)
Current lengths of episodes: [79, 79, 79, 79, 79, 79, 20, 79, 79, 78]
Memory usage at done (index 8, length 79, since_prev 20): 7413.30859375 MiB (Increase: 0.0 MiB)
Memory usage before reset: 7413.30859375 MiB (Increase: 0.0 MiB)
Memory usage after reset: 7413.30859375 MiB (Increase: 0.0 MiB)
Current lengths of episodes: [86, 86, 85, 85, 85, 85, 26, 85, 6, 85]
Memory usage at done (index 1, length 86, since_prev 7): 7413.30859375 MiB (Increase: 0.0 MiB)
Memory usage before reset: 7413.30859375 MiB (Increase: 0.0 MiB)
Memory usage after reset: 7413.30859375 MiB (Increase: 0.0 MiB)
Current lengths of episodes: [88, 2, 88, 88, 88, 88, 28, 87, 8, 87]
Memory usage at done (index 5, length 88, since_prev 2): 7413.30859375 MiB (Increase: 0.0 MiB)
Memory usage before reset: 7413.30859375 MiB (Increase: 0.0 MiB)
Memory usage after reset: 7413.30859375 MiB (Increase: 0.0 MiB)
Current lengths of episodes: [91, 4, 90, 90, 90, 2, 31, 90, 11, 90]
Memory usage at done (index 0, length 91, since_prev 3): 7413.30859375 MiB (Increase: 0.0 MiB)
Memory usage before reset: 7413.30859375 MiB (Increase: 0.0 MiB)
Memory usage after reset: 7413.30859375 MiB (Increase: 0.0 MiB)
Current lengths of episodes: [9, 14, 100, 100, 100, 11, 40, 99, 20, 99]
Memory usage at done (index 4, length 100, since_prev 9): 7413.30859375 MiB (Increase: 0.0 MiB)
Memory usage before reset: 7413.30859375 MiB (Increase: 0.0 MiB)
Memory usage after reset: 7413.30859375 MiB (Increase: 0.0 MiB)
Current lengths of episodes: [67, 71, 157, 157, 57, 69, 98, 157, 78, 157]
Memory usage at done (index 0, length 67, since_prev 58): 7413.30859375 MiB (Increase: 0.0 MiB)
Memory usage before reset: 7413.30859375 MiB (Increase: 0.0 MiB)
Memory usage after reset: 7413.30859375 MiB (Increase: 0.0 MiB)
Current lengths of episodes: [10, 82, 168, 168, 68, 80, 108, 167, 88, 167]
Memory usage at done (index 5, length 80, since_prev 10): 7413.30859375 MiB (Increase: 0.0 MiB)
Memory usage before reset: 7413.30859375 MiB (Increase: 0.0 MiB)
Memory usage after reset: 7413.30859375 MiB (Increase: 0.0 MiB)
Current lengths of episodes: [35, 107, 193, 193, 93, 24, 133, 192, 113, 192]
Memory usage at done (index 4, length 93, since_prev 25): 7413.30859375 MiB (Increase: 0.0 MiB)
Memory usage before reset: 7413.30859375 MiB (Increase: 0.0 MiB)
Memory usage after reset: 7413.30859375 MiB (Increase: 0.0 MiB)
Current lengths of episodes: [56, 127, 213, 213, 20, 45, 154, 213, 134, 213]
Memory usage at done (index 0, length 56, since_prev 21): 7413.30859375 MiB (Increase: 0.0 MiB)
Memory usage before reset: 7413.30859375 MiB (Increase: 0.0 MiB)
Memory usage after reset: 7413.30859375 MiB (Increase: 0.0 MiB)
Training episode 540
Memory usage at middle: 7413.30859375 MiB (Increase: 0.0 MiB)
Memory usage before collect: 7413.30859375 MiB (Increase: 0.0 MiB)
Memory usage after collect: 7413.30859375 MiB (Increase: 0.0 MiB)
Memory usage before initialization: 7413.30859375 MiB (Increase: 0.0 MiB)
Memory usage after initialization: 7413.30859375 MiB (Increase: 0.0 MiB)
Current lengths of episodes: [44, 44, 44, 44, 44, 44, 44, 44, 44, 44]
Memory usage at done (index 9, length 44, since_prev 44): 7413.30859375 MiB (Increase: 0.0 MiB)
Memory usage before reset: 7413.30859375 MiB (Increase: 0.0 MiB)
Memory usage after reset: 7413.30859375 MiB (Increase: 0.0 MiB)
Current lengths of episodes: [51, 51, 51, 50, 50, 50, 50, 50, 50, 6]
Memory usage at done (index 2, length 51, since_prev 7): 7413.30859375 MiB (Increase: 0.0 MiB)
Memory usage before reset: 7413.30859375 MiB (Increase: 0.0 MiB)
Memory usage after reset: 7413.30859375 MiB (Increase: 0.0 MiB)
Current lengths of episodes: [57, 57, 6, 57, 56, 56, 56, 56, 56, 12]
Memory usage at done (index 3, length 57, since_prev 6): 7413.30859375 MiB (Increase: 0.0 MiB)
Memory usage before reset: 7413.30859375 MiB (Increase: 0.0 MiB)
Memory usage after reset: 7413.30859375 MiB (Increase: 0.0 MiB)
Current lengths of episodes: [60, 60, 9, 3, 60, 60, 60, 60, 59, 15]
Memory usage at done (index 7, length 60, since_prev 3): 7413.30859375 MiB (Increase: 0.0 MiB)
Memory usage before reset: 7413.30859375 MiB (Increase: 0.0 MiB)
Memory usage after reset: 7413.30859375 MiB (Increase: 0.0 MiB)
Current lengths of episodes: [74, 74, 23, 17, 74, 74, 74, 13, 73, 29]
Memory usage at done (index 6, length 74, since_prev 14): 7413.30859375 MiB (Increase: 0.0 MiB)
Memory usage before reset: 7413.30859375 MiB (Increase: 0.0 MiB)
Memory usage after reset: 7413.30859375 MiB (Increase: 0.0 MiB)
Current lengths of episodes: [103, 103, 52, 46, 103, 103, 28, 42, 102, 58]
Memory usage at done (index 5, length 103, since_prev 29): 7413.30859375 MiB (Increase: 0.0 MiB)
Memory usage before reset: 7413.30859375 MiB (Increase: 0.0 MiB)
Memory usage after reset: 7413.30859375 MiB (Increase: 0.0 MiB)
Current lengths of episodes: [137, 137, 86, 80, 137, 34, 63, 76, 136, 92]
Memory usage at done (index 6, length 63, since_prev 34): 7413.30859375 MiB (Increase: 0.0 MiB)
Memory usage before reset: 7413.30859375 MiB (Increase: 0.0 MiB)
Memory usage after reset: 7413.30859375 MiB (Increase: 0.0 MiB)
Current lengths of episodes: [992, 991, 940, 934, 991, 888, 854, 931, 991, 947]
Memory usage at done (index 0, length 992, since_prev 855): 7413.30859375 MiB (Increase: 0.0 MiB)
Memory usage before reset: 7413.30859375 MiB (Increase: 0.0 MiB)
Memory usage after reset: 7413.30859375 MiB (Increase: 0.0 MiB)
Current lengths of episodes: [42, 1033, 982, 976, 1033, 930, 896, 973, 1033, 989]
Memory usage at done (index 0, length 42, since_prev 42): 7413.30859375 MiB (Increase: 0.0 MiB)
Memory usage before reset: 7413.30859375 MiB (Increase: 0.0 MiB)
Memory usage after reset: 7413.30859375 MiB (Increase: 0.0 MiB)
Current lengths of episodes: [566, 1600, 1548, 1542, 1599, 1496, 1462, 1539, 1599, 1555]
Memory usage at done (index 1, length 1600, since_prev 566): 7413.30859375 MiB (Increase: 0.0 MiB)
Memory usage before reset: 7413.30859375 MiB (Increase: 0.0 MiB)
Memory usage after reset: 7413.30859375 MiB (Increase: 0.0 MiB)
Training episode 550
Memory usage at middle: 7413.30859375 MiB (Increase: 0.0 MiB)
Memory usage before collect: 7413.30859375 MiB (Increase: 0.0 MiB)
Memory usage after collect: 7413.30859375 MiB (Increase: 0.0 MiB)
Episode 550	Average evaluation: -21.703445229934026
Memory usage before initialization: 7413.30859375 MiB (Increase: 0.0 MiB)
Memory usage after initialization: 7413.30859375 MiB (Increase: 0.0 MiB)
Current lengths of episodes: [80, 80, 79, 79, 79, 79, 79, 79, 79, 79]
Memory usage at done (index 1, length 80, since_prev 80): 7413.30859375 MiB (Increase: 0.0 MiB)
Memory usage before reset: 7413.30859375 MiB (Increase: 0.0 MiB)
Memory usage after reset: 7413.30859375 MiB (Increase: 0.0 MiB)
Current lengths of episodes: [1576, 1496, 1576, 1576, 1575, 1575, 1575, 1575, 1575, 1575]
Memory usage at done (index 3, length 1576, since_prev 1496): 7413.30859375 MiB (Increase: 0.0 MiB)
Memory usage before reset: 7413.30859375 MiB (Increase: 0.0 MiB)
Memory usage after reset: 7413.30859375 MiB (Increase: 0.0 MiB)
Current lengths of episodes: [1600, 1519, 1599, 23, 1599, 1599, 1599, 1599, 1599, 1599]
Memory usage at done (index 0, length 1600, since_prev 24): 7413.30859375 MiB (Increase: 0.0 MiB)
Memory usage before reset: 7413.30859375 MiB (Increase: 0.0 MiB)
Memory usage after reset: 7413.30859375 MiB (Increase: 0.0 MiB)
Current lengths of episodes: [0, 1520, 1600, 23, 1599, 1599, 1599, 1599, 1599, 1599]
Memory usage at done (index 2, length 1600, since_prev 0): 7413.30859375 MiB (Increase: 0.0 MiB)
Memory usage before reset: 7413.30859375 MiB (Increase: 0.0 MiB)
Memory usage after reset: 7413.30859375 MiB (Increase: 0.0 MiB)
Current lengths of episodes: [0, 1520, 0, 24, 1600, 1599, 1599, 1599, 1599, 1599]
Memory usage at done (index 4, length 1600, since_prev 0): 7413.30859375 MiB (Increase: 0.0 MiB)
Memory usage before reset: 7413.30859375 MiB (Increase: 0.0 MiB)
Memory usage after reset: 7413.30859375 MiB (Increase: 0.0 MiB)
Current lengths of episodes: [0, 1520, 0, 24, 0, 1600, 1599, 1599, 1599, 1599]
Memory usage at done (index 5, length 1600, since_prev 0): 7413.30859375 MiB (Increase: 0.0 MiB)
Memory usage before reset: 7413.30859375 MiB (Increase: 0.0 MiB)
Memory usage after reset: 7413.30859375 MiB (Increase: 0.0 MiB)
Current lengths of episodes: [0, 1520, 0, 24, 0, 0, 1600, 1599, 1599, 1599]
Memory usage at done (index 6, length 1600, since_prev 0): 7413.30859375 MiB (Increase: 0.0 MiB)
Memory usage before reset: 7413.30859375 MiB (Increase: 0.0 MiB)
Memory usage after reset: 7413.30859375 MiB (Increase: 0.0 MiB)
Current lengths of episodes: [0, 1520, 0, 24, 0, 0, 0, 1600, 1599, 1599]
Memory usage at done (index 7, length 1600, since_prev 0): 7413.30859375 MiB (Increase: 0.0 MiB)
Memory usage before reset: 7413.30859375 MiB (Increase: 0.0 MiB)
Memory usage after reset: 7413.30859375 MiB (Increase: 0.0 MiB)
Current lengths of episodes: [0, 1520, 0, 24, 0, 0, 0, 0, 1600, 1599]
Memory usage at done (index 8, length 1600, since_prev 0): 7413.30859375 MiB (Increase: 0.0 MiB)
Memory usage before reset: 7413.30859375 MiB (Increase: 0.0 MiB)
Memory usage after reset: 7413.30859375 MiB (Increase: 0.0 MiB)
Current lengths of episodes: [0, 1520, 0, 24, 0, 0, 0, 0, 0, 1600]
Memory usage at done (index 9, length 1600, since_prev 0): 7413.30859375 MiB (Increase: 0.0 MiB)
Memory usage before reset: 7413.30859375 MiB (Increase: 0.0 MiB)
Memory usage after reset: 7413.30859375 MiB (Increase: 0.0 MiB)
Training episode 560
Memory usage at middle: 7413.30859375 MiB (Increase: 0.0 MiB)
Memory usage before collect: 7413.30859375 MiB (Increase: 0.0 MiB)
Memory usage after collect: 7413.30859375 MiB (Increase: 0.0 MiB)
Memory usage before initialization: 7413.30859375 MiB (Increase: 0.0 MiB)
Memory usage after initialization: 7413.30859375 MiB (Increase: 0.0 MiB)
Current lengths of episodes: [64, 64, 64, 64, 63, 63, 63, 63, 63, 63]
Memory usage at done (index 3, length 64, since_prev 64): 7413.30859375 MiB (Increase: 0.0 MiB)
Memory usage before reset: 7413.30859375 MiB (Increase: 0.0 MiB)
Memory usage after reset: 7413.30859375 MiB (Increase: 0.0 MiB)
Current lengths of episodes: [70, 70, 69, 5, 69, 69, 69, 69, 69, 69]
Memory usage at done (index 1, length 70, since_prev 6): 7413.30859375 MiB (Increase: 0.0 MiB)
Memory usage before reset: 7413.30859375 MiB (Increase: 0.0 MiB)
Memory usage after reset: 7413.30859375 MiB (Increase: 0.0 MiB)
Current lengths of episodes: [75, 5, 75, 11, 75, 75, 75, 74, 74, 74]
Memory usage at done (index 6, length 75, since_prev 5): 7413.30859375 MiB (Increase: 0.0 MiB)
Memory usage before reset: 7413.30859375 MiB (Increase: 0.0 MiB)
Memory usage after reset: 7413.30859375 MiB (Increase: 0.0 MiB)
Current lengths of episodes: [83, 13, 83, 19, 83, 83, 7, 82, 82, 82]
Memory usage at done (index 5, length 83, since_prev 8): 7413.30859375 MiB (Increase: 0.0 MiB)
Memory usage before reset: 7413.30859375 MiB (Increase: 0.0 MiB)
Memory usage after reset: 7413.30859375 MiB (Increase: 0.0 MiB)
Current lengths of episodes: [121, 51, 121, 57, 121, 38, 46, 121, 121, 120]
Memory usage at done (index 8, length 121, since_prev 38): 7413.30859375 MiB (Increase: 0.0 MiB)
Memory usage before reset: 7413.30859375 MiB (Increase: 0.0 MiB)
Memory usage after reset: 7413.30859375 MiB (Increase: 0.0 MiB)
Current lengths of episodes: [127, 57, 127, 63, 127, 44, 51, 126, 5, 126]
Memory usage at done (index 5, length 44, since_prev 6): 7413.30859375 MiB (Increase: 0.0 MiB)
Memory usage before reset: 7413.30859375 MiB (Increase: 0.0 MiB)
Memory usage after reset: 7413.30859375 MiB (Increase: 0.0 MiB)
Current lengths of episodes: [144, 74, 144, 80, 143, 16, 68, 143, 22, 143]
Memory usage at done (index 3, length 80, since_prev 17): 7413.30859375 MiB (Increase: 0.0 MiB)
Memory usage before reset: 7413.30859375 MiB (Increase: 0.0 MiB)
Memory usage after reset: 7413.30859375 MiB (Increase: 0.0 MiB)
Current lengths of episodes: [174, 104, 174, 30, 174, 47, 99, 174, 52, 173]
Memory usage at done (index 7, length 174, since_prev 30): 7413.30859375 MiB (Increase: 0.0 MiB)
Memory usage before reset: 7413.30859375 MiB (Increase: 0.0 MiB)
Memory usage after reset: 7413.30859375 MiB (Increase: 0.0 MiB)
Current lengths of episodes: [181, 111, 181, 37, 181, 54, 106, 7, 60, 180]
Memory usage at done (index 8, length 60, since_prev 7): 7413.30859375 MiB (Increase: 0.0 MiB)
Memory usage before reset: 7413.30859375 MiB (Increase: 0.0 MiB)
Memory usage after reset: 7413.30859375 MiB (Increase: 0.0 MiB)
Current lengths of episodes: [186, 116, 186, 42, 186, 59, 110, 11, 4, 185]
Memory usage at done (index 5, length 59, since_prev 5): 7413.30859375 MiB (Increase: 0.0 MiB)
Memory usage before reset: 7413.30859375 MiB (Increase: 0.0 MiB)
Memory usage after reset: 7413.30859375 MiB (Increase: 0.0 MiB)
Training episode 570
Memory usage at middle: 7413.30859375 MiB (Increase: 0.0 MiB)
Memory usage before collect: 7413.30859375 MiB (Increase: 0.0 MiB)
Memory usage after collect: 7413.30859375 MiB (Increase: 0.0 MiB)
Memory usage before initialization: 7413.30859375 MiB (Increase: 0.0 MiB)
Memory usage after initialization: 7413.30859375 MiB (Increase: 0.0 MiB)
Current lengths of episodes: [55, 55, 55, 55, 55, 55, 54, 54, 54, 54]
Memory usage at done (index 5, length 55, since_prev 55): 7413.30859375 MiB (Increase: 0.0 MiB)
Memory usage before reset: 7413.30859375 MiB (Increase: 0.0 MiB)
Memory usage after reset: 7413.30859375 MiB (Increase: 0.0 MiB)
Current lengths of episodes: [62, 62, 62, 61, 61, 6, 61, 61, 61, 61]
Memory usage at done (index 2, length 62, since_prev 7): 7413.30859375 MiB (Increase: 0.0 MiB)
Memory usage before reset: 7413.30859375 MiB (Increase: 0.0 MiB)
Memory usage after reset: 7413.30859375 MiB (Increase: 0.0 MiB)
Current lengths of episodes: [64, 64, 2, 64, 64, 9, 64, 64, 64, 64]
Memory usage at done (index 9, length 64, since_prev 2): 7413.30859375 MiB (Increase: 0.0 MiB)
Memory usage before reset: 7413.30859375 MiB (Increase: 0.0 MiB)
Memory usage after reset: 7413.30859375 MiB (Increase: 0.0 MiB)
Current lengths of episodes: [74, 74, 12, 74, 74, 18, 73, 73, 73, 9]
Memory usage at done (index 4, length 74, since_prev 10): 7413.30859375 MiB (Increase: 0.0 MiB)
Memory usage before reset: 7413.30859375 MiB (Increase: 0.0 MiB)
Memory usage after reset: 7413.30859375 MiB (Increase: 0.0 MiB)
Current lengths of episodes: [120, 120, 58, 119, 45, 64, 119, 119, 119, 55]
Memory usage at done (index 2, length 58, since_prev 46): 7413.30859375 MiB (Increase: 0.0 MiB)
Memory usage before reset: 7413.30859375 MiB (Increase: 0.0 MiB)
Memory usage after reset: 7413.30859375 MiB (Increase: 0.0 MiB)
Current lengths of episodes: [121, 121, 1, 121, 47, 66, 120, 120, 120, 56]
Memory usage at done (index 5, length 66, since_prev 1): 7413.30859375 MiB (Increase: 0.0 MiB)
Memory usage before reset: 7413.30859375 MiB (Increase: 0.0 MiB)
Memory usage after reset: 7413.30859375 MiB (Increase: 0.0 MiB)
Current lengths of episodes: [138, 138, 17, 137, 63, 16, 137, 137, 137, 73]
Memory usage at done (index 1, length 138, since_prev 17): 7413.30859375 MiB (Increase: 0.0 MiB)
Memory usage before reset: 7413.30859375 MiB (Increase: 0.0 MiB)
Memory usage after reset: 7413.30859375 MiB (Increase: 0.0 MiB)
Current lengths of episodes: [181, 43, 61, 181, 107, 60, 180, 180, 180, 116]
Memory usage at done (index 5, length 60, since_prev 43): 7413.30859375 MiB (Increase: 0.0 MiB)
Memory usage before reset: 7413.30859375 MiB (Increase: 0.0 MiB)
Memory usage after reset: 7413.30859375 MiB (Increase: 0.0 MiB)
Current lengths of episodes: [207, 69, 86, 206, 132, 25, 206, 206, 206, 142]
Memory usage at done (index 1, length 69, since_prev 26): 7413.30859375 MiB (Increase: 0.0 MiB)
Memory usage before reset: 7413.30859375 MiB (Increase: 0.0 MiB)
Memory usage after reset: 7413.30859375 MiB (Increase: 0.0 MiB)
Current lengths of episodes: [284, 77, 164, 283, 209, 102, 283, 283, 283, 219]
Memory usage at done (index 2, length 164, since_prev 77): 7413.30859375 MiB (Increase: 0.0 MiB)
Memory usage before reset: 7413.30859375 MiB (Increase: 0.0 MiB)
Memory usage after reset: 7413.30859375 MiB (Increase: 0.0 MiB)
Training episode 580
Memory usage at middle: 7413.30859375 MiB (Increase: 0.0 MiB)
Memory usage before collect: 7413.30859375 MiB (Increase: 0.0 MiB)
Memory usage after collect: 7413.30859375 MiB (Increase: 0.0 MiB)
Memory usage before initialization: 7413.30859375 MiB (Increase: 0.0 MiB)
Memory usage after initialization: 7413.30859375 MiB (Increase: 0.0 MiB)
Current lengths of episodes: [83, 83, 83, 82, 82, 82, 82, 82, 82, 82]
Memory usage at done (index 2, length 83, since_prev 83): 7413.30859375 MiB (Increase: 0.0 MiB)
Memory usage before reset: 7413.30859375 MiB (Increase: 0.0 MiB)
Memory usage after reset: 7413.30859375 MiB (Increase: 0.0 MiB)
Current lengths of episodes: [111, 111, 28, 111, 111, 111, 111, 111, 110, 110]
Memory usage at done (index 7, length 111, since_prev 28): 7413.30859375 MiB (Increase: 0.0 MiB)
Memory usage before reset: 7413.30859375 MiB (Increase: 0.0 MiB)
Memory usage after reset: 7413.30859375 MiB (Increase: 0.0 MiB)
Current lengths of episodes: [174, 174, 91, 173, 173, 173, 173, 62, 173, 173]
Memory usage at done (index 2, length 91, since_prev 63): 7413.30859375 MiB (Increase: 0.0 MiB)
Memory usage before reset: 7413.30859375 MiB (Increase: 0.0 MiB)
Memory usage after reset: 7413.30859375 MiB (Increase: 0.0 MiB)
Current lengths of episodes: [225, 225, 51, 225, 225, 225, 225, 114, 224, 224]
Memory usage at done (index 7, length 114, since_prev 51): 7413.30859375 MiB (Increase: 0.0 MiB)
Memory usage before reset: 7413.30859375 MiB (Increase: 0.0 MiB)
Memory usage after reset: 7413.30859375 MiB (Increase: 0.0 MiB)
Current lengths of episodes: [294, 293, 119, 293, 293, 293, 293, 68, 293, 293]
Memory usage at done (index 0, length 294, since_prev 69): 7413.30859375 MiB (Increase: 0.0 MiB)
Memory usage before reset: 7413.30859375 MiB (Increase: 0.0 MiB)
Memory usage after reset: 7413.30859375 MiB (Increase: 0.0 MiB)
Current lengths of episodes: [26, 320, 146, 320, 320, 320, 320, 95, 319, 319]
Memory usage at done (index 7, length 95, since_prev 26): 7413.30859375 MiB (Increase: 0.0 MiB)
Memory usage before reset: 7413.30859375 MiB (Increase: 0.0 MiB)
Memory usage after reset: 7413.30859375 MiB (Increase: 0.0 MiB)
Current lengths of episodes: [80, 373, 199, 373, 373, 373, 373, 53, 373, 373]
Memory usage at done (index 0, length 80, since_prev 54): 7413.30859375 MiB (Increase: 0.0 MiB)
Memory usage before reset: 7413.30859375 MiB (Increase: 0.0 MiB)
Memory usage after reset: 7413.30859375 MiB (Increase: 0.0 MiB)
Current lengths of episodes: [9, 383, 209, 383, 383, 383, 383, 63, 382, 382]
Memory usage at done (index 7, length 63, since_prev 9): 7413.30859375 MiB (Increase: 0.0 MiB)
Memory usage before reset: 7413.30859375 MiB (Increase: 0.0 MiB)
Memory usage after reset: 7413.30859375 MiB (Increase: 0.0 MiB)
Current lengths of episodes: [84, 457, 283, 457, 457, 457, 457, 74, 457, 457]
Memory usage at done (index 0, length 84, since_prev 75): 7413.30859375 MiB (Increase: 0.0 MiB)
Memory usage before reset: 7413.30859375 MiB (Increase: 0.0 MiB)
Memory usage after reset: 7413.30859375 MiB (Increase: 0.0 MiB)
Current lengths of episodes: [1142, 1600, 1425, 1599, 1599, 1599, 1599, 1216, 1599, 1599]
Memory usage at done (index 1, length 1600, since_prev 1142): 7413.30859375 MiB (Increase: 0.0 MiB)
Memory usage before reset: 7413.30859375 MiB (Increase: 0.0 MiB)
Memory usage after reset: 7413.30859375 MiB (Increase: 0.0 MiB)
Training episode 590
Memory usage at middle: 7413.30859375 MiB (Increase: 0.0 MiB)
Memory usage before collect: 7413.30859375 MiB (Increase: 0.0 MiB)
Memory usage after collect: 7413.30859375 MiB (Increase: 0.0 MiB)
Memory usage before initialization: 7413.30859375 MiB (Increase: 0.0 MiB)
Memory usage after initialization: 7413.30859375 MiB (Increase: 0.0 MiB)
Current lengths of episodes: [49, 49, 49, 49, 48, 48, 48, 48, 48, 48]
Memory usage at done (index 3, length 49, since_prev 49): 7413.30859375 MiB (Increase: 0.0 MiB)
Memory usage before reset: 7413.30859375 MiB (Increase: 0.0 MiB)
Memory usage after reset: 7413.30859375 MiB (Increase: 0.0 MiB)
Current lengths of episodes: [49, 49, 49, 0, 49, 49, 49, 49, 49, 48]
Memory usage at done (index 8, length 49, since_prev 0): 7413.30859375 MiB (Increase: 0.0 MiB)
Memory usage before reset: 7413.30859375 MiB (Increase: 0.0 MiB)
Memory usage after reset: 7413.30859375 MiB (Increase: 0.0 MiB)
Current lengths of episodes: [79, 78, 78, 29, 78, 78, 78, 78, 29, 78]
Memory usage at done (index 0, length 79, since_prev 30): 7413.30859375 MiB (Increase: 0.0 MiB)
Memory usage before reset: 7413.30859375 MiB (Increase: 0.0 MiB)
Memory usage after reset: 7413.30859375 MiB (Increase: 0.0 MiB)
Current lengths of episodes: [8, 87, 87, 37, 86, 86, 86, 86, 37, 86]
Memory usage at done (index 2, length 87, since_prev 8): 7413.30859375 MiB (Increase: 0.0 MiB)
Memory usage before reset: 7413.30859375 MiB (Increase: 0.0 MiB)
Memory usage after reset: 7413.30859375 MiB (Increase: 0.0 MiB)
Current lengths of episodes: [17, 96, 9, 47, 96, 96, 96, 96, 47, 95]
Memory usage at done (index 8, length 47, since_prev 9): 7413.30859375 MiB (Increase: 0.0 MiB)
Memory usage before reset: 7413.30859375 MiB (Increase: 0.0 MiB)
Memory usage after reset: 7413.30859375 MiB (Increase: 0.0 MiB)
Current lengths of episodes: [25, 104, 16, 54, 103, 103, 103, 103, 7, 103]
Memory usage at done (index 1, length 104, since_prev 8): 7413.30859375 MiB (Increase: 0.0 MiB)
Memory usage before reset: 7413.30859375 MiB (Increase: 0.0 MiB)
Memory usage after reset: 7413.30859375 MiB (Increase: 0.0 MiB)
Current lengths of episodes: [85, 60, 77, 114, 163, 163, 163, 163, 67, 163]
Memory usage at done (index 2, length 77, since_prev 60): 7413.30859375 MiB (Increase: 0.0 MiB)
Memory usage before reset: 7413.30859375 MiB (Increase: 0.0 MiB)
Memory usage after reset: 7413.30859375 MiB (Increase: 0.0 MiB)
Current lengths of episodes: [169, 144, 84, 199, 248, 248, 248, 248, 152, 248]
Memory usage at done (index 9, length 248, since_prev 84): 7413.30859375 MiB (Increase: 0.0 MiB)
Memory usage before reset: 7413.30859375 MiB (Increase: 0.0 MiB)
Memory usage after reset: 7413.30859375 MiB (Increase: 0.0 MiB)
Current lengths of episodes: [318, 293, 233, 348, 397, 397, 397, 397, 301, 149]
Memory usage at done (index 9, length 149, since_prev 149): 7413.30859375 MiB (Increase: 0.0 MiB)
Memory usage before reset: 7413.30859375 MiB (Increase: 0.0 MiB)
Memory usage after reset: 7413.30859375 MiB (Increase: 0.0 MiB)
Current lengths of episodes: [1521, 1496, 1436, 1551, 1600, 1599, 1599, 1599, 1503, 1202]
Memory usage at done (index 4, length 1600, since_prev 1203): 7413.30859375 MiB (Increase: 0.0 MiB)
Memory usage before reset: 7413.30859375 MiB (Increase: 0.0 MiB)
Memory usage after reset: 7413.30859375 MiB (Increase: 0.0 MiB)
Training episode 600
Memory usage at middle: 7413.30859375 MiB (Increase: 0.0 MiB)
Memory usage before collect: 7413.30859375 MiB (Increase: 0.0 MiB)
Memory usage after collect: 7413.30859375 MiB (Increase: 0.0 MiB)
Episode 600	Average evaluation: -24.143685217671205
Memory usage before initialization: 7413.30859375 MiB (Increase: 0.0 MiB)
Memory usage after initialization: 7413.30859375 MiB (Increase: 0.0 MiB)
Current lengths of episodes: [44, 44, 44, 44, 44, 44, 44, 43, 43, 43]
Memory usage at done (index 6, length 44, since_prev 44): 7413.30859375 MiB (Increase: 0.0 MiB)
Memory usage before reset: 7413.30859375 MiB (Increase: 0.0 MiB)
Memory usage after reset: 7413.30859375 MiB (Increase: 0.0 MiB)
Current lengths of episodes: [46, 46, 46, 46, 45, 45, 1, 45, 45, 45]
Memory usage at done (index 3, length 46, since_prev 2): 7413.30859375 MiB (Increase: 0.0 MiB)
Memory usage before reset: 7413.30859375 MiB (Increase: 0.0 MiB)
Memory usage after reset: 7413.30859375 MiB (Increase: 0.0 MiB)
Current lengths of episodes: [53, 53, 53, 7, 53, 53, 9, 53, 53, 52]
Memory usage at done (index 8, length 53, since_prev 7): 7413.30859375 MiB (Increase: 0.0 MiB)
Memory usage before reset: 7413.30859375 MiB (Increase: 0.0 MiB)
Memory usage after reset: 7413.30859375 MiB (Increase: 0.0 MiB)
Current lengths of episodes: [74, 74, 74, 28, 74, 74, 29, 73, 20, 73]
Memory usage at done (index 5, length 74, since_prev 21): 7413.30859375 MiB (Increase: 0.0 MiB)
Memory usage before reset: 7413.30859375 MiB (Increase: 0.0 MiB)
Memory usage after reset: 7413.30859375 MiB (Increase: 0.0 MiB)
Current lengths of episodes: [734, 734, 734, 688, 734, 660, 690, 734, 681, 734]
Memory usage at done (index 9, length 734, since_prev 660): 7413.30859375 MiB (Increase: 0.0 MiB)
Memory usage before reset: 7413.30859375 MiB (Increase: 0.0 MiB)
Memory usage after reset: 7413.30859375 MiB (Increase: 0.0 MiB)
Current lengths of episodes: [1600, 1599, 1599, 1553, 1599, 1525, 1555, 1599, 1546, 865]
Memory usage at done (index 0, length 1600, since_prev 866): 7413.30859375 MiB (Increase: 0.0 MiB)
Memory usage before reset: 7413.30859375 MiB (Increase: 0.0 MiB)
Memory usage after reset: 7413.30859375 MiB (Increase: 0.0 MiB)
Current lengths of episodes: [0, 1600, 1599, 1553, 1599, 1525, 1555, 1599, 1546, 865]
Memory usage at done (index 1, length 1600, since_prev 0): 7413.30859375 MiB (Increase: 0.0 MiB)
Memory usage before reset: 7413.30859375 MiB (Increase: 0.0 MiB)
Memory usage after reset: 7413.30859375 MiB (Increase: 0.0 MiB)
Current lengths of episodes: [0, 0, 1600, 1553, 1599, 1525, 1555, 1599, 1546, 865]
Memory usage at done (index 2, length 1600, since_prev 0): 7413.30859375 MiB (Increase: 0.0 MiB)
Memory usage before reset: 7413.30859375 MiB (Increase: 0.0 MiB)
Memory usage after reset: 7413.30859375 MiB (Increase: 0.0 MiB)
Current lengths of episodes: [0, 0, 0, 1554, 1600, 1525, 1555, 1599, 1546, 865]
Memory usage at done (index 4, length 1600, since_prev 0): 7413.30859375 MiB (Increase: 0.0 MiB)
Memory usage before reset: 7413.30859375 MiB (Increase: 0.0 MiB)
Memory usage after reset: 7413.30859375 MiB (Increase: 0.0 MiB)
Current lengths of episodes: [0, 0, 0, 1554, 0, 1526, 1556, 1600, 1546, 865]
Memory usage at done (index 7, length 1600, since_prev 0): 7413.30859375 MiB (Increase: 0.0 MiB)
Memory usage before reset: 7413.30859375 MiB (Increase: 0.0 MiB)
Memory usage after reset: 7413.30859375 MiB (Increase: 0.0 MiB)
Training episode 610
Memory usage at middle: 7413.30859375 MiB (Increase: 0.0 MiB)
Memory usage before collect: 7413.30859375 MiB (Increase: 0.0 MiB)
Memory usage after collect: 7413.30859375 MiB (Increase: 0.0 MiB)
Memory usage before initialization: 7413.30859375 MiB (Increase: 0.0 MiB)
Memory usage after initialization: 7413.30859375 MiB (Increase: 0.0 MiB)
Current lengths of episodes: [73, 73, 73, 73, 73, 73, 73, 72, 72, 72]
Memory usage at done (index 6, length 73, since_prev 73): 7413.30859375 MiB (Increase: 0.0 MiB)
Memory usage before reset: 7413.30859375 MiB (Increase: 0.0 MiB)
Memory usage after reset: 7413.30859375 MiB (Increase: 0.0 MiB)
Current lengths of episodes: [74, 74, 74, 74, 74, 74, 1, 74, 74, 73]
Memory usage at done (index 8, length 74, since_prev 1): 7413.30859375 MiB (Increase: 0.0 MiB)
Memory usage before reset: 7413.30859375 MiB (Increase: 0.0 MiB)
Memory usage after reset: 7413.30859375 MiB (Increase: 0.0 MiB)
Current lengths of episodes: [102, 102, 101, 101, 101, 101, 28, 101, 27, 101]
Memory usage at done (index 1, length 102, since_prev 28): 7413.30859375 MiB (Increase: 0.0 MiB)
Memory usage before reset: 7413.30859375 MiB (Increase: 0.0 MiB)
Memory usage after reset: 7413.30859375 MiB (Increase: 0.0 MiB)
Current lengths of episodes: [151, 49, 151, 151, 151, 151, 78, 151, 77, 150]
Memory usage at done (index 8, length 77, since_prev 49): 7413.30859375 MiB (Increase: 0.0 MiB)
Memory usage before reset: 7413.30859375 MiB (Increase: 0.0 MiB)
Memory usage after reset: 7413.30859375 MiB (Increase: 0.0 MiB)
Current lengths of episodes: [155, 53, 155, 155, 155, 155, 82, 155, 3, 154]
Memory usage at done (index 7, length 155, since_prev 4): 7413.30859375 MiB (Increase: 0.0 MiB)
Memory usage before reset: 7413.30859375 MiB (Increase: 0.0 MiB)
Memory usage after reset: 7413.30859375 MiB (Increase: 0.0 MiB)
Current lengths of episodes: [188, 86, 188, 188, 188, 188, 114, 32, 36, 187]
Memory usage at done (index 5, length 188, since_prev 33): 7413.30859375 MiB (Increase: 0.0 MiB)
Memory usage before reset: 7413.30859375 MiB (Increase: 0.0 MiB)
Memory usage after reset: 7413.30859375 MiB (Increase: 0.0 MiB)
Current lengths of episodes: [1600, 1497, 1599, 1599, 1599, 1411, 1526, 1444, 1448, 1599]
Memory usage at done (index 0, length 1600, since_prev 1412): 7413.30859375 MiB (Increase: 0.0 MiB)
Memory usage before reset: 7413.30859375 MiB (Increase: 0.0 MiB)
Memory usage after reset: 7413.30859375 MiB (Increase: 0.0 MiB)
Current lengths of episodes: [0, 1498, 1600, 1599, 1599, 1411, 1526, 1444, 1448, 1599]
Memory usage at done (index 2, length 1600, since_prev 0): 7413.30859375 MiB (Increase: 0.0 MiB)
Memory usage before reset: 7413.30859375 MiB (Increase: 0.0 MiB)
Memory usage after reset: 7413.30859375 MiB (Increase: 0.0 MiB)
Current lengths of episodes: [0, 1498, 0, 1600, 1599, 1411, 1526, 1444, 1448, 1599]
Memory usage at done (index 3, length 1600, since_prev 0): 7413.30859375 MiB (Increase: 0.0 MiB)
Memory usage before reset: 7413.30859375 MiB (Increase: 0.0 MiB)
Memory usage after reset: 7413.30859375 MiB (Increase: 0.0 MiB)
Current lengths of episodes: [0, 1498, 0, 0, 1600, 1411, 1526, 1444, 1448, 1599]
Memory usage at done (index 4, length 1600, since_prev 0): 7413.30859375 MiB (Increase: 0.0 MiB)
Memory usage before reset: 7413.30859375 MiB (Increase: 0.0 MiB)
Memory usage after reset: 7413.30859375 MiB (Increase: 0.0 MiB)
Training episode 620
Memory usage at middle: 7413.30859375 MiB (Increase: 0.0 MiB)
Memory usage before collect: 7413.30859375 MiB (Increase: 0.0 MiB)
Memory usage after collect: 7413.30859375 MiB (Increase: 0.0 MiB)
Memory usage before initialization: 7413.30859375 MiB (Increase: 0.0 MiB)
Memory usage after initialization: 7413.30859375 MiB (Increase: 0.0 MiB)
Current lengths of episodes: [45, 45, 45, 45, 45, 45, 45, 45, 45, 45]
Memory usage at done (index 9, length 45, since_prev 45): 7413.30859375 MiB (Increase: 0.0 MiB)
Memory usage before reset: 7413.30859375 MiB (Increase: 0.0 MiB)
Memory usage after reset: 7413.30859375 MiB (Increase: 0.0 MiB)
Current lengths of episodes: [57, 57, 57, 57, 57, 57, 57, 57, 57, 11]
Memory usage at done (index 8, length 57, since_prev 12): 7413.30859375 MiB (Increase: 0.0 MiB)
Memory usage before reset: 7413.30859375 MiB (Increase: 0.0 MiB)
Memory usage after reset: 7413.30859375 MiB (Increase: 0.0 MiB)
Current lengths of episodes: [95, 95, 95, 94, 94, 94, 94, 94, 37, 49]
Memory usage at done (index 2, length 95, since_prev 38): 7413.30859375 MiB (Increase: 0.0 MiB)
Memory usage before reset: 7413.30859375 MiB (Increase: 0.0 MiB)
Memory usage after reset: 7413.30859375 MiB (Increase: 0.0 MiB)
Current lengths of episodes: [100, 100, 5, 100, 100, 100, 99, 99, 42, 54]
Memory usage at done (index 5, length 100, since_prev 5): 7413.30859375 MiB (Increase: 0.0 MiB)
Memory usage before reset: 7413.30859375 MiB (Increase: 0.0 MiB)
Memory usage after reset: 7413.30859375 MiB (Increase: 0.0 MiB)
Current lengths of episodes: [107, 107, 12, 107, 107, 7, 107, 107, 50, 62]
Memory usage at done (index 9, length 62, since_prev 7): 7413.30859375 MiB (Increase: 0.0 MiB)
Memory usage before reset: 7413.30859375 MiB (Increase: 0.0 MiB)
Memory usage after reset: 7413.30859375 MiB (Increase: 0.0 MiB)
Current lengths of episodes: [126, 126, 31, 126, 126, 26, 126, 125, 68, 18]
Memory usage at done (index 6, length 126, since_prev 19): 7413.30859375 MiB (Increase: 0.0 MiB)
Memory usage before reset: 7413.30859375 MiB (Increase: 0.0 MiB)
Memory usage after reset: 7413.30859375 MiB (Increase: 0.0 MiB)
Current lengths of episodes: [136, 136, 41, 136, 136, 36, 10, 136, 79, 28]
Memory usage at done (index 8, length 79, since_prev 10): 7413.30859375 MiB (Increase: 0.0 MiB)
Memory usage before reset: 7413.30859375 MiB (Increase: 0.0 MiB)
Memory usage after reset: 7413.30859375 MiB (Increase: 0.0 MiB)
Current lengths of episodes: [176, 176, 81, 176, 176, 76, 49, 175, 39, 68]
Memory usage at done (index 5, length 76, since_prev 40): 7413.30859375 MiB (Increase: 0.0 MiB)
Memory usage before reset: 7413.30859375 MiB (Increase: 0.0 MiB)
Memory usage after reset: 7413.30859375 MiB (Increase: 0.0 MiB)
Current lengths of episodes: [205, 205, 110, 205, 205, 29, 79, 205, 69, 97]
Memory usage at done (index 8, length 69, since_prev 29): 7413.30859375 MiB (Increase: 0.0 MiB)
Memory usage before reset: 7413.30859375 MiB (Increase: 0.0 MiB)
Memory usage after reset: 7413.30859375 MiB (Increase: 0.0 MiB)
Current lengths of episodes: [218, 218, 123, 218, 218, 42, 92, 217, 12, 110]
Memory usage at done (index 6, length 92, since_prev 13): 7413.30859375 MiB (Increase: 0.0 MiB)
Memory usage before reset: 7413.30859375 MiB (Increase: 0.0 MiB)
Memory usage after reset: 7413.30859375 MiB (Increase: 0.0 MiB)
Training episode 630
Memory usage at middle: 7413.30859375 MiB (Increase: 0.0 MiB)
Memory usage before collect: 7413.30859375 MiB (Increase: 0.0 MiB)
Memory usage after collect: 7413.30859375 MiB (Increase: 0.0 MiB)
Memory usage before initialization: 7413.30859375 MiB (Increase: 0.0 MiB)
Memory usage after initialization: 7413.30859375 MiB (Increase: 0.0 MiB)
Current lengths of episodes: [47, 47, 47, 47, 46, 46, 46, 46, 46, 46]
Memory usage at done (index 3, length 47, since_prev 47): 7413.30859375 MiB (Increase: 0.0 MiB)
Memory usage before reset: 7413.30859375 MiB (Increase: 0.0 MiB)
Memory usage after reset: 7413.30859375 MiB (Increase: 0.0 MiB)
Current lengths of episodes: [60, 60, 60, 13, 60, 59, 59, 59, 59, 59]
Memory usage at done (index 4, length 60, since_prev 13): 7413.30859375 MiB (Increase: 0.0 MiB)
Memory usage before reset: 7413.30859375 MiB (Increase: 0.0 MiB)
Memory usage after reset: 7413.30859375 MiB (Increase: 0.0 MiB)
Current lengths of episodes: [61, 61, 61, 14, 1, 61, 61, 61, 60, 60]
Memory usage at done (index 7, length 61, since_prev 1): 7413.30859375 MiB (Increase: 0.0 MiB)
Memory usage before reset: 7413.30859375 MiB (Increase: 0.0 MiB)
Memory usage after reset: 7413.30859375 MiB (Increase: 0.0 MiB)
Current lengths of episodes: [68, 68, 68, 21, 8, 68, 68, 6, 67, 67]
Memory usage at done (index 6, length 68, since_prev 7): 7413.30859375 MiB (Increase: 0.0 MiB)
Memory usage before reset: 7413.30859375 MiB (Increase: 0.0 MiB)
Memory usage after reset: 7413.30859375 MiB (Increase: 0.0 MiB)
Current lengths of episodes: [77, 77, 77, 30, 17, 77, 9, 16, 77, 76]
Memory usage at done (index 8, length 77, since_prev 9): 7413.30859375 MiB (Increase: 0.0 MiB)
Memory usage before reset: 7413.30859375 MiB (Increase: 0.0 MiB)
Memory usage after reset: 7413.30859375 MiB (Increase: 0.0 MiB)
Current lengths of episodes: [97, 97, 97, 50, 37, 97, 29, 36, 20, 97]
Memory usage at done (index 9, length 97, since_prev 20): 7413.30859375 MiB (Increase: 0.0 MiB)
Memory usage before reset: 7413.30859375 MiB (Increase: 0.0 MiB)
Memory usage after reset: 7413.30859375 MiB (Increase: 0.0 MiB)
Current lengths of episodes: [104, 104, 104, 57, 43, 103, 35, 42, 26, 6]
Memory usage at done (index 3, length 57, since_prev 7): 7413.30859375 MiB (Increase: 0.0 MiB)
Memory usage before reset: 7413.30859375 MiB (Increase: 0.0 MiB)
Memory usage after reset: 7413.30859375 MiB (Increase: 0.0 MiB)
Current lengths of episodes: [142, 142, 142, 38, 82, 142, 74, 81, 65, 44]
Memory usage at done (index 8, length 65, since_prev 38): 7413.30859375 MiB (Increase: 0.0 MiB)
Memory usage before reset: 7413.30859375 MiB (Increase: 0.0 MiB)
Memory usage after reset: 7413.30859375 MiB (Increase: 0.0 MiB)
Current lengths of episodes: [183, 183, 183, 79, 122, 182, 114, 121, 40, 85]
Memory usage at done (index 3, length 79, since_prev 41): 7413.30859375 MiB (Increase: 0.0 MiB)
Memory usage before reset: 7413.30859375 MiB (Increase: 0.0 MiB)
Memory usage after reset: 7413.30859375 MiB (Increase: 0.0 MiB)
Current lengths of episodes: [470, 470, 470, 287, 410, 470, 401, 408, 327, 372]
Memory usage at done (index 5, length 470, since_prev 287): 7413.30859375 MiB (Increase: 0.0 MiB)
Memory usage before reset: 7413.30859375 MiB (Increase: 0.0 MiB)
Memory usage after reset: 7413.30859375 MiB (Increase: 0.0 MiB)
Training episode 640
Memory usage at middle: 7413.30859375 MiB (Increase: 0.0 MiB)
Memory usage before collect: 7413.30859375 MiB (Increase: 0.0 MiB)
Memory usage after collect: 7413.30859375 MiB (Increase: 0.0 MiB)
Memory usage before initialization: 7413.30859375 MiB (Increase: 0.0 MiB)
Memory usage after initialization: 7413.30859375 MiB (Increase: 0.0 MiB)
Current lengths of episodes: [59, 59, 59, 59, 59, 59, 59, 58, 58, 58]
Memory usage at done (index 6, length 59, since_prev 59): 7413.30859375 MiB (Increase: 0.0 MiB)
Memory usage before reset: 7413.30859375 MiB (Increase: 0.0 MiB)
Memory usage after reset: 7413.30859375 MiB (Increase: 0.0 MiB)
Current lengths of episodes: [68, 68, 68, 68, 67, 67, 8, 67, 67, 67]
Memory usage at done (index 3, length 68, since_prev 9): 7413.30859375 MiB (Increase: 0.0 MiB)
Memory usage before reset: 7413.30859375 MiB (Increase: 0.0 MiB)
Memory usage after reset: 7413.30859375 MiB (Increase: 0.0 MiB)
Current lengths of episodes: [68, 68, 68, 0, 68, 68, 8, 67, 67, 67]
Memory usage at done (index 5, length 68, since_prev 0): 7413.30859375 MiB (Increase: 0.0 MiB)
Memory usage before reset: 7413.30859375 MiB (Increase: 0.0 MiB)
Memory usage after reset: 7413.30859375 MiB (Increase: 0.0 MiB)
Current lengths of episodes: [70, 70, 70, 1, 69, 1, 10, 69, 69, 69]
Memory usage at done (index 2, length 70, since_prev 2): 7413.30859375 MiB (Increase: 0.0 MiB)
Memory usage before reset: 7413.30859375 MiB (Increase: 0.0 MiB)
Memory usage after reset: 7413.30859375 MiB (Increase: 0.0 MiB)
Current lengths of episodes: [71, 71, 1, 3, 71, 3, 12, 71, 71, 71]
Memory usage at done (index 9, length 71, since_prev 1): 7413.30859375 MiB (Increase: 0.0 MiB)
Memory usage before reset: 7413.30859375 MiB (Increase: 0.0 MiB)
Memory usage after reset: 7413.30859375 MiB (Increase: 0.0 MiB)
Current lengths of episodes: [117, 117, 47, 49, 117, 49, 57, 116, 116, 45]
Memory usage at done (index 5, length 49, since_prev 46): 7413.30859375 MiB (Increase: 0.0 MiB)
Memory usage before reset: 7413.30859375 MiB (Increase: 0.0 MiB)
Memory usage after reset: 7413.30859375 MiB (Increase: 0.0 MiB)
Current lengths of episodes: [128, 128, 58, 60, 128, 11, 69, 127, 127, 56]
Memory usage at done (index 6, length 69, since_prev 11): 7413.30859375 MiB (Increase: 0.0 MiB)
Memory usage before reset: 7413.30859375 MiB (Increase: 0.0 MiB)
Memory usage after reset: 7413.30859375 MiB (Increase: 0.0 MiB)
Current lengths of episodes: [139, 139, 69, 71, 138, 21, 10, 138, 138, 67]
Memory usage at done (index 3, length 71, since_prev 11): 7413.30859375 MiB (Increase: 0.0 MiB)
Memory usage before reset: 7413.30859375 MiB (Increase: 0.0 MiB)
Memory usage after reset: 7413.30859375 MiB (Increase: 0.0 MiB)
Current lengths of episodes: [217, 217, 147, 78, 216, 99, 88, 216, 216, 145]
Memory usage at done (index 3, length 78, since_prev 78): 7413.30859375 MiB (Increase: 0.0 MiB)
Memory usage before reset: 7413.30859375 MiB (Increase: 0.0 MiB)
Memory usage after reset: 7413.30859375 MiB (Increase: 0.0 MiB)
Current lengths of episodes: [284, 284, 214, 66, 283, 166, 155, 283, 283, 212]
Memory usage at done (index 2, length 214, since_prev 67): 7413.30859375 MiB (Increase: 0.0 MiB)
Memory usage before reset: 7413.30859375 MiB (Increase: 0.0 MiB)
Memory usage after reset: 7413.30859375 MiB (Increase: 0.0 MiB)
Training episode 650
Memory usage at middle: 7413.30859375 MiB (Increase: 0.0 MiB)
Memory usage before collect: 7413.30859375 MiB (Increase: 0.0 MiB)
Memory usage after collect: 7413.30859375 MiB (Increase: 0.0 MiB)
Episode 650	Average evaluation: -20.49019909850918
Memory usage before initialization: 7413.30859375 MiB (Increase: 0.0 MiB)
Memory usage after initialization: 7413.30859375 MiB (Increase: 0.0 MiB)
Current lengths of episodes: [41, 40, 40, 40, 40, 40, 40, 40, 40, 40]
Memory usage at done (index 0, length 41, since_prev 41): 7413.30859375 MiB (Increase: 0.0 MiB)
Memory usage before reset: 7413.30859375 MiB (Increase: 0.0 MiB)
Memory usage after reset: 7413.30859375 MiB (Increase: 0.0 MiB)
Current lengths of episodes: [29, 70, 70, 70, 69, 69, 69, 69, 69, 69]
Memory usage at done (index 3, length 70, since_prev 29): 7413.30859375 MiB (Increase: 0.0 MiB)
Memory usage before reset: 7413.30859375 MiB (Increase: 0.0 MiB)
Memory usage after reset: 7413.30859375 MiB (Increase: 0.0 MiB)
Current lengths of episodes: [33, 74, 74, 4, 74, 73, 73, 73, 73, 73]
Memory usage at done (index 4, length 74, since_prev 4): 7413.30859375 MiB (Increase: 0.0 MiB)
Memory usage before reset: 7413.30859375 MiB (Increase: 0.0 MiB)
Memory usage after reset: 7413.30859375 MiB (Increase: 0.0 MiB)
Current lengths of episodes: [58, 99, 99, 29, 25, 99, 99, 99, 99, 99]
Memory usage at done (index 9, length 99, since_prev 25): 7413.30859375 MiB (Increase: 0.0 MiB)
Memory usage before reset: 7413.30859375 MiB (Increase: 0.0 MiB)
Memory usage after reset: 7413.30859375 MiB (Increase: 0.0 MiB)
Current lengths of episodes: [60, 101, 100, 30, 26, 100, 100, 100, 100, 1]
Memory usage at done (index 1, length 101, since_prev 2): 7413.30859375 MiB (Increase: 0.0 MiB)
Memory usage before reset: 7413.30859375 MiB (Increase: 0.0 MiB)
Memory usage after reset: 7413.30859375 MiB (Increase: 0.0 MiB)
Current lengths of episodes: [92, 31, 132, 62, 58, 132, 132, 132, 132, 33]
Memory usage at done (index 0, length 92, since_prev 32): 7413.30859375 MiB (Increase: 0.0 MiB)
Memory usage before reset: 7413.30859375 MiB (Increase: 0.0 MiB)
Memory usage after reset: 7413.30859375 MiB (Increase: 0.0 MiB)
Current lengths of episodes: [7, 39, 140, 70, 66, 139, 139, 139, 139, 40]
Memory usage at done (index 4, length 66, since_prev 7): 7413.30859375 MiB (Increase: 0.0 MiB)
Memory usage before reset: 7413.30859375 MiB (Increase: 0.0 MiB)
Memory usage after reset: 7413.30859375 MiB (Increase: 0.0 MiB)
Current lengths of episodes: [66, 98, 198, 128, 58, 198, 198, 198, 198, 99]
Memory usage at done (index 1, length 98, since_prev 59): 7413.30859375 MiB (Increase: 0.0 MiB)
Memory usage before reset: 7413.30859375 MiB (Increase: 0.0 MiB)
Memory usage after reset: 7413.30859375 MiB (Increase: 0.0 MiB)
Current lengths of episodes: [81, 15, 214, 144, 74, 214, 214, 214, 214, 115]
Memory usage at done (index 9, length 115, since_prev 15): 7413.30859375 MiB (Increase: 0.0 MiB)
Memory usage before reset: 7413.30859375 MiB (Increase: 0.0 MiB)
Memory usage after reset: 7413.30859375 MiB (Increase: 0.0 MiB)
Current lengths of episodes: [136, 70, 268, 198, 128, 268, 268, 268, 268, 54]
Memory usage at done (index 1, length 70, since_prev 55): 7413.30859375 MiB (Increase: 0.0 MiB)
Memory usage before reset: 7413.30859375 MiB (Increase: 0.0 MiB)
Memory usage after reset: 7413.30859375 MiB (Increase: 0.0 MiB)
Training episode 660
Memory usage at middle: 7413.30859375 MiB (Increase: 0.0 MiB)
Memory usage before collect: 7413.30859375 MiB (Increase: 0.0 MiB)
Memory usage after collect: 7413.30859375 MiB (Increase: 0.0 MiB)
Memory usage before initialization: 7413.30859375 MiB (Increase: 0.0 MiB)
Memory usage after initialization: 7413.30859375 MiB (Increase: 0.0 MiB)
Current lengths of episodes: [58, 58, 58, 58, 58, 58, 58, 58, 58, 58]
Memory usage at done (index 9, length 58, since_prev 58): 7413.30859375 MiB (Increase: 0.0 MiB)
Memory usage before reset: 7413.30859375 MiB (Increase: 0.0 MiB)
Memory usage after reset: 7413.30859375 MiB (Increase: 0.0 MiB)
Current lengths of episodes: [65, 64, 64, 64, 64, 64, 64, 64, 64, 6]
Memory usage at done (index 0, length 65, since_prev 7): 7413.30859375 MiB (Increase: 0.0 MiB)
Memory usage before reset: 7413.30859375 MiB (Increase: 0.0 MiB)
Memory usage after reset: 7413.30859375 MiB (Increase: 0.0 MiB)
Current lengths of episodes: [10, 75, 75, 74, 74, 74, 74, 74, 74, 16]
Memory usage at done (index 2, length 75, since_prev 10): 7413.30859375 MiB (Increase: 0.0 MiB)
Memory usage before reset: 7413.30859375 MiB (Increase: 0.0 MiB)
Memory usage after reset: 7413.30859375 MiB (Increase: 0.0 MiB)
Current lengths of episodes: [28, 93, 18, 93, 92, 92, 92, 92, 92, 34]
Memory usage at done (index 3, length 93, since_prev 18): 7413.30859375 MiB (Increase: 0.0 MiB)
Memory usage before reset: 7413.30859375 MiB (Increase: 0.0 MiB)
Memory usage after reset: 7413.30859375 MiB (Increase: 0.0 MiB)
Current lengths of episodes: [35, 100, 25, 7, 100, 100, 100, 100, 100, 41]
Memory usage at done (index 8, length 100, since_prev 7): 7413.30859375 MiB (Increase: 0.0 MiB)
Memory usage before reset: 7413.30859375 MiB (Increase: 0.0 MiB)
Memory usage after reset: 7413.30859375 MiB (Increase: 0.0 MiB)
Current lengths of episodes: [47, 112, 37, 19, 112, 112, 111, 111, 11, 53]
Memory usage at done (index 5, length 112, since_prev 12): 7413.30859375 MiB (Increase: 0.0 MiB)
Memory usage before reset: 7413.30859375 MiB (Increase: 0.0 MiB)
Memory usage after reset: 7413.30859375 MiB (Increase: 0.0 MiB)
Current lengths of episodes: [69, 134, 59, 41, 134, 22, 134, 134, 34, 75]
Memory usage at done (index 8, length 34, since_prev 22): 7413.30859375 MiB (Increase: 0.0 MiB)
Memory usage before reset: 7413.30859375 MiB (Increase: 0.0 MiB)
Memory usage after reset: 7413.30859375 MiB (Increase: 0.0 MiB)
Current lengths of episodes: [81, 145, 70, 52, 145, 33, 145, 145, 11, 87]
Memory usage at done (index 0, length 81, since_prev 12): 7413.30859375 MiB (Increase: 0.0 MiB)
Memory usage before reset: 7413.30859375 MiB (Increase: 0.0 MiB)
Memory usage after reset: 7413.30859375 MiB (Increase: 0.0 MiB)
Current lengths of episodes: [21, 167, 92, 73, 166, 54, 166, 166, 32, 108]
Memory usage at done (index 2, length 92, since_prev 21): 7413.30859375 MiB (Increase: 0.0 MiB)
Memory usage before reset: 7413.30859375 MiB (Increase: 0.0 MiB)
Memory usage after reset: 7413.30859375 MiB (Increase: 0.0 MiB)
Current lengths of episodes: [56, 201, 34, 108, 201, 89, 201, 201, 67, 143]
Memory usage at done (index 0, length 56, since_prev 35): 7413.30859375 MiB (Increase: 0.0 MiB)
Memory usage before reset: 7413.30859375 MiB (Increase: 0.0 MiB)
Memory usage after reset: 7413.30859375 MiB (Increase: 0.0 MiB)
Training episode 670
Memory usage at middle: 7413.30859375 MiB (Increase: 0.0 MiB)
Memory usage before collect: 7413.30859375 MiB (Increase: 0.0 MiB)
Memory usage after collect: 7413.30859375 MiB (Increase: 0.0 MiB)
Memory usage before initialization: 7413.30859375 MiB (Increase: 0.0 MiB)
Memory usage after initialization: 7413.30859375 MiB (Increase: 0.0 MiB)
Current lengths of episodes: [58, 58, 57, 57, 57, 57, 57, 57, 57, 57]
Memory usage at done (index 1, length 58, since_prev 58): 7413.30859375 MiB (Increase: 0.0 MiB)
Memory usage before reset: 7413.30859375 MiB (Increase: 0.0 MiB)
Memory usage after reset: 7413.30859375 MiB (Increase: 0.0 MiB)
Current lengths of episodes: [59, 1, 59, 58, 58, 58, 58, 58, 58, 58]
Memory usage at done (index 2, length 59, since_prev 1): 7413.30859375 MiB (Increase: 0.0 MiB)
Memory usage before reset: 7413.30859375 MiB (Increase: 0.0 MiB)
Memory usage after reset: 7413.30859375 MiB (Increase: 0.0 MiB)
Current lengths of episodes: [73, 15, 14, 73, 73, 73, 72, 72, 72, 72]
Memory usage at done (index 5, length 73, since_prev 14): 7413.30859375 MiB (Increase: 0.0 MiB)
Memory usage before reset: 7413.30859375 MiB (Increase: 0.0 MiB)
Memory usage after reset: 7413.30859375 MiB (Increase: 0.0 MiB)
Current lengths of episodes: [92, 34, 33, 92, 91, 18, 91, 91, 91, 91]
Memory usage at done (index 3, length 92, since_prev 19): 7413.30859375 MiB (Increase: 0.0 MiB)
Memory usage before reset: 7413.30859375 MiB (Increase: 0.0 MiB)
Memory usage after reset: 7413.30859375 MiB (Increase: 0.0 MiB)
Current lengths of episodes: [102, 44, 43, 10, 102, 29, 102, 102, 101, 101]
Memory usage at done (index 7, length 102, since_prev 10): 7413.30859375 MiB (Increase: 0.0 MiB)
Memory usage before reset: 7413.30859375 MiB (Increase: 0.0 MiB)
Memory usage after reset: 7413.30859375 MiB (Increase: 0.0 MiB)
Current lengths of episodes: [123, 65, 64, 31, 123, 49, 122, 20, 122, 122]
Memory usage at done (index 4, length 123, since_prev 21): 7413.30859375 MiB (Increase: 0.0 MiB)
Memory usage before reset: 7413.30859375 MiB (Increase: 0.0 MiB)
Memory usage after reset: 7413.30859375 MiB (Increase: 0.0 MiB)
Current lengths of episodes: [128, 70, 69, 35, 4, 54, 127, 25, 127, 127]
Memory usage at done (index 2, length 69, since_prev 5): 7413.30859375 MiB (Increase: 0.0 MiB)
Memory usage before reset: 7413.30859375 MiB (Increase: 0.0 MiB)
Memory usage after reset: 7413.30859375 MiB (Increase: 0.0 MiB)
Current lengths of episodes: [162, 104, 33, 69, 38, 88, 161, 59, 161, 161]
Memory usage at done (index 1, length 104, since_prev 34): 7413.30859375 MiB (Increase: 0.0 MiB)
Memory usage before reset: 7413.30859375 MiB (Increase: 0.0 MiB)
Memory usage after reset: 7413.30859375 MiB (Increase: 0.0 MiB)
Current lengths of episodes: [215, 53, 87, 122, 91, 141, 214, 112, 214, 214]
Memory usage at done (index 2, length 87, since_prev 53): 7413.30859375 MiB (Increase: 0.0 MiB)
Memory usage before reset: 7413.30859375 MiB (Increase: 0.0 MiB)
Memory usage after reset: 7413.30859375 MiB (Increase: 0.0 MiB)
Current lengths of episodes: [1458, 1296, 1243, 1366, 1335, 1385, 1458, 1356, 1457, 1457]
Memory usage at done (index 7, length 1356, since_prev 1243): 7413.30859375 MiB (Increase: 0.0 MiB)
Memory usage before reset: 7413.30859375 MiB (Increase: 0.0 MiB)
Memory usage after reset: 7413.30859375 MiB (Increase: 0.0 MiB)
Training episode 680
Memory usage at middle: 7413.30859375 MiB (Increase: 0.0 MiB)
Memory usage before collect: 7413.30859375 MiB (Increase: 0.0 MiB)
Memory usage after collect: 7413.30859375 MiB (Increase: 0.0 MiB)
Memory usage before initialization: 7413.30859375 MiB (Increase: 0.0 MiB)
Memory usage after initialization: 7413.30859375 MiB (Increase: 0.0 MiB)
Current lengths of episodes: [41, 41, 41, 41, 40, 40, 40, 40, 40, 40]
Memory usage at done (index 3, length 41, since_prev 41): 7413.30859375 MiB (Increase: 0.0 MiB)
Memory usage before reset: 7413.30859375 MiB (Increase: 0.0 MiB)
Memory usage after reset: 7413.30859375 MiB (Increase: 0.0 MiB)
Current lengths of episodes: [57, 57, 57, 16, 57, 57, 57, 57, 56, 56]
Memory usage at done (index 7, length 57, since_prev 16): 7413.30859375 MiB (Increase: 0.0 MiB)
Memory usage before reset: 7413.30859375 MiB (Increase: 0.0 MiB)
Memory usage after reset: 7413.30859375 MiB (Increase: 0.0 MiB)
Current lengths of episodes: [65, 64, 64, 23, 64, 64, 64, 7, 64, 64]
Memory usage at done (index 0, length 65, since_prev 8): 7413.30859375 MiB (Increase: 0.0 MiB)
Memory usage before reset: 7413.30859375 MiB (Increase: 0.0 MiB)
Memory usage after reset: 7413.30859375 MiB (Increase: 0.0 MiB)
Current lengths of episodes: [2, 67, 67, 26, 67, 67, 66, 9, 66, 66]
Memory usage at done (index 5, length 67, since_prev 2): 7413.30859375 MiB (Increase: 0.0 MiB)
Memory usage before reset: 7413.30859375 MiB (Increase: 0.0 MiB)
Memory usage after reset: 7413.30859375 MiB (Increase: 0.0 MiB)
Current lengths of episodes: [113, 177, 177, 136, 177, 110, 177, 120, 177, 177]
Memory usage at done (index 0, length 113, since_prev 111): 7413.30859375 MiB (Increase: 0.0 MiB)
Memory usage before reset: 7413.30859375 MiB (Increase: 0.0 MiB)
Memory usage after reset: 7413.30859375 MiB (Increase: 0.0 MiB)
Current lengths of episodes: [1422, 1600, 1599, 1558, 1599, 1532, 1599, 1542, 1599, 1599]
Memory usage at done (index 1, length 1600, since_prev 1422): 7413.30859375 MiB (Increase: 0.0 MiB)
Memory usage before reset: 7413.30859375 MiB (Increase: 0.0 MiB)
Memory usage after reset: 7413.30859375 MiB (Increase: 0.0 MiB)
Current lengths of episodes: [1422, 0, 1600, 1558, 1599, 1532, 1599, 1542, 1599, 1599]
Memory usage at done (index 2, length 1600, since_prev 0): 7413.30859375 MiB (Increase: 0.0 MiB)
Memory usage before reset: 7413.30859375 MiB (Increase: 0.0 MiB)
Memory usage after reset: 7413.30859375 MiB (Increase: 0.0 MiB)
Current lengths of episodes: [1422, 0, 0, 1559, 1600, 1532, 1599, 1542, 1599, 1599]
Memory usage at done (index 4, length 1600, since_prev 0): 7413.30859375 MiB (Increase: 0.0 MiB)
Memory usage before reset: 7413.30859375 MiB (Increase: 0.0 MiB)
Memory usage after reset: 7413.30859375 MiB (Increase: 0.0 MiB)
Current lengths of episodes: [1422, 0, 0, 1559, 0, 1533, 1600, 1542, 1599, 1599]
Memory usage at done (index 6, length 1600, since_prev 0): 7413.30859375 MiB (Increase: 0.0 MiB)
Memory usage before reset: 7413.30859375 MiB (Increase: 0.0 MiB)
Memory usage after reset: 7413.30859375 MiB (Increase: 0.0 MiB)
Current lengths of episodes: [1422, 0, 0, 1559, 0, 1533, 0, 1543, 1600, 1599]
Memory usage at done (index 8, length 1600, since_prev 0): 7413.30859375 MiB (Increase: 0.0 MiB)
Memory usage before reset: 7413.30859375 MiB (Increase: 0.0 MiB)
Memory usage after reset: 7413.30859375 MiB (Increase: 0.0 MiB)
Training episode 690
Memory usage at middle: 7413.30859375 MiB (Increase: 0.0 MiB)
Memory usage before collect: 7413.30859375 MiB (Increase: 0.0 MiB)
Memory usage after collect: 7413.30859375 MiB (Increase: 0.0 MiB)
Memory usage before initialization: 7413.30859375 MiB (Increase: 0.0 MiB)
Memory usage after initialization: 7413.30859375 MiB (Increase: 0.0 MiB)
Current lengths of episodes: [49, 49, 49, 49, 49, 48, 48, 48, 48, 48]
Memory usage at done (index 4, length 49, since_prev 49): 7413.30859375 MiB (Increase: 0.0 MiB)
Memory usage before reset: 7413.30859375 MiB (Increase: 0.0 MiB)
Memory usage after reset: 7413.30859375 MiB (Increase: 0.0 MiB)
Current lengths of episodes: [59, 59, 59, 58, 9, 58, 58, 58, 58, 58]
Memory usage at done (index 2, length 59, since_prev 10): 7413.30859375 MiB (Increase: 0.0 MiB)
Memory usage before reset: 7413.30859375 MiB (Increase: 0.0 MiB)
Memory usage after reset: 7413.30859375 MiB (Increase: 0.0 MiB)
Current lengths of episodes: [73, 73, 14, 73, 24, 73, 73, 73, 73, 72]
Memory usage at done (index 8, length 73, since_prev 14): 7413.30859375 MiB (Increase: 0.0 MiB)
Memory usage before reset: 7413.30859375 MiB (Increase: 0.0 MiB)
Memory usage after reset: 7413.30859375 MiB (Increase: 0.0 MiB)
Current lengths of episodes: [89, 88, 29, 88, 39, 88, 88, 88, 15, 88]
Memory usage at done (index 0, length 89, since_prev 16): 7413.30859375 MiB (Increase: 0.0 MiB)
Memory usage before reset: 7413.30859375 MiB (Increase: 0.0 MiB)
Memory usage after reset: 7413.30859375 MiB (Increase: 0.0 MiB)
Current lengths of episodes: [1, 90, 31, 90, 41, 90, 89, 89, 16, 89]
Memory usage at done (index 5, length 90, since_prev 1): 7413.30859375 MiB (Increase: 0.0 MiB)
Memory usage before reset: 7413.30859375 MiB (Increase: 0.0 MiB)
Memory usage after reset: 7413.30859375 MiB (Increase: 0.0 MiB)
Current lengths of episodes: [4, 93, 34, 93, 44, 3, 93, 92, 19, 92]
Memory usage at done (index 6, length 93, since_prev 3): 7413.30859375 MiB (Increase: 0.0 MiB)
Memory usage before reset: 7413.30859375 MiB (Increase: 0.0 MiB)
Memory usage after reset: 7413.30859375 MiB (Increase: 0.0 MiB)
Current lengths of episodes: [51, 140, 81, 140, 91, 50, 46, 139, 66, 139]
Memory usage at done (index 5, length 50, since_prev 47): 7413.30859375 MiB (Increase: 0.0 MiB)
Memory usage before reset: 7413.30859375 MiB (Increase: 0.0 MiB)
Memory usage after reset: 7413.30859375 MiB (Increase: 0.0 MiB)
Current lengths of episodes: [99, 188, 129, 188, 139, 48, 95, 187, 114, 187]
Memory usage at done (index 6, length 95, since_prev 48): 7413.30859375 MiB (Increase: 0.0 MiB)
Memory usage before reset: 7413.30859375 MiB (Increase: 0.0 MiB)
Memory usage after reset: 7413.30859375 MiB (Increase: 0.0 MiB)
Current lengths of episodes: [132, 220, 161, 220, 171, 80, 32, 220, 147, 220]
Memory usage at done (index 0, length 132, since_prev 33): 7413.30859375 MiB (Increase: 0.0 MiB)
Memory usage before reset: 7413.30859375 MiB (Increase: 0.0 MiB)
Memory usage after reset: 7413.30859375 MiB (Increase: 0.0 MiB)
Current lengths of episodes: [385, 605, 546, 605, 556, 465, 417, 605, 532, 605]
Memory usage at done (index 0, length 385, since_prev 385): 7413.30859375 MiB (Increase: 0.0 MiB)
Memory usage before reset: 7413.30859375 MiB (Increase: 0.0 MiB)
Memory usage after reset: 7413.30859375 MiB (Increase: 0.0 MiB)
Training episode 700
Memory usage at middle: 7413.30859375 MiB (Increase: 0.0 MiB)
Memory usage before collect: 7413.30859375 MiB (Increase: 0.0 MiB)
Memory usage after collect: 7413.30859375 MiB (Increase: 0.0 MiB)
Episode 700	Average evaluation: -29.830756994394584
Memory usage before initialization: 7413.30859375 MiB (Increase: 0.0 MiB)
Memory usage after initialization: 7413.30859375 MiB (Increase: 0.0 MiB)
Current lengths of episodes: [51, 51, 51, 51, 51, 50, 50, 50, 50, 50]
Memory usage at done (index 4, length 51, since_prev 51): 7413.30859375 MiB (Increase: 0.0 MiB)
Memory usage before reset: 7413.30859375 MiB (Increase: 0.0 MiB)
Memory usage after reset: 7413.30859375 MiB (Increase: 0.0 MiB)
Current lengths of episodes: [55, 55, 55, 55, 4, 55, 55, 54, 54, 54]
Memory usage at done (index 6, length 55, since_prev 4): 7413.30859375 MiB (Increase: 0.0 MiB)
Memory usage before reset: 7413.30859375 MiB (Increase: 0.0 MiB)
Memory usage after reset: 7413.30859375 MiB (Increase: 0.0 MiB)
Current lengths of episodes: [57, 57, 57, 56, 5, 56, 1, 56, 56, 56]
Memory usage at done (index 2, length 57, since_prev 2): 7413.30859375 MiB (Increase: 0.0 MiB)
Memory usage before reset: 7413.30859375 MiB (Increase: 0.0 MiB)
Memory usage after reset: 7413.30859375 MiB (Increase: 0.0 MiB)
Current lengths of episodes: [59, 59, 2, 59, 8, 59, 4, 59, 58, 58]
Memory usage at done (index 7, length 59, since_prev 2): 7413.30859375 MiB (Increase: 0.0 MiB)
Memory usage before reset: 7413.30859375 MiB (Increase: 0.0 MiB)
Memory usage after reset: 7413.30859375 MiB (Increase: 0.0 MiB)
Current lengths of episodes: [112, 112, 55, 112, 61, 112, 57, 53, 112, 112]
Memory usage at done (index 9, length 112, since_prev 53): 7413.30859375 MiB (Increase: 0.0 MiB)
Memory usage before reset: 7413.30859375 MiB (Increase: 0.0 MiB)
Memory usage after reset: 7413.30859375 MiB (Increase: 0.0 MiB)
Current lengths of episodes: [132, 132, 75, 132, 81, 132, 77, 73, 131, 19]
Memory usage at done (index 7, length 73, since_prev 20): 7413.30859375 MiB (Increase: 0.0 MiB)
Memory usage before reset: 7413.30859375 MiB (Increase: 0.0 MiB)
Memory usage after reset: 7413.30859375 MiB (Increase: 0.0 MiB)
Current lengths of episodes: [135, 135, 78, 134, 83, 134, 79, 2, 134, 22]
Memory usage at done (index 2, length 78, since_prev 3): 7413.30859375 MiB (Increase: 0.0 MiB)
Memory usage before reset: 7413.30859375 MiB (Increase: 0.0 MiB)
Memory usage after reset: 7413.30859375 MiB (Increase: 0.0 MiB)
Current lengths of episodes: [136, 136, 1, 136, 85, 136, 81, 3, 135, 23]
Memory usage at done (index 6, length 81, since_prev 1): 7413.30859375 MiB (Increase: 0.0 MiB)
Memory usage before reset: 7413.30859375 MiB (Increase: 0.0 MiB)
Memory usage after reset: 7413.30859375 MiB (Increase: 0.0 MiB)
Current lengths of episodes: [158, 158, 23, 158, 106, 157, 21, 25, 157, 45]
Memory usage at done (index 3, length 158, since_prev 22): 7413.30859375 MiB (Increase: 0.0 MiB)
Memory usage before reset: 7413.30859375 MiB (Increase: 0.0 MiB)
Memory usage after reset: 7413.30859375 MiB (Increase: 0.0 MiB)
Current lengths of episodes: [190, 190, 55, 32, 139, 190, 54, 58, 189, 77]
Memory usage at done (index 7, length 58, since_prev 32): 7413.30859375 MiB (Increase: 0.0 MiB)
Memory usage before reset: 7413.30859375 MiB (Increase: 0.0 MiB)
Memory usage after reset: 7413.30859375 MiB (Increase: 0.0 MiB)
Training episode 710
Memory usage at middle: 7413.30859375 MiB (Increase: 0.0 MiB)
Memory usage before collect: 7413.30859375 MiB (Increase: 0.0 MiB)
Memory usage after collect: 7413.30859375 MiB (Increase: 0.0 MiB)
Memory usage before initialization: 7413.30859375 MiB (Increase: 0.0 MiB)
Memory usage after initialization: 7413.30859375 MiB (Increase: 0.0 MiB)
Current lengths of episodes: [34, 33, 33, 33, 33, 33, 33, 33, 33, 33]
Memory usage at done (index 0, length 34, since_prev 34): 7413.30859375 MiB (Increase: 0.0 MiB)
Memory usage before reset: 7413.30859375 MiB (Increase: 0.0 MiB)
Memory usage after reset: 7413.30859375 MiB (Increase: 0.0 MiB)
Current lengths of episodes: [32, 66, 66, 66, 66, 66, 66, 66, 65, 65]
Memory usage at done (index 7, length 66, since_prev 32): 7413.30859375 MiB (Increase: 0.0 MiB)
Memory usage before reset: 7413.30859375 MiB (Increase: 0.0 MiB)
Memory usage after reset: 7413.30859375 MiB (Increase: 0.0 MiB)
Current lengths of episodes: [33, 67, 67, 66, 66, 66, 66, 0, 66, 66]
Memory usage at done (index 2, length 67, since_prev 1): 7413.30859375 MiB (Increase: 0.0 MiB)
Memory usage before reset: 7413.30859375 MiB (Increase: 0.0 MiB)
Memory usage after reset: 7413.30859375 MiB (Increase: 0.0 MiB)
Current lengths of episodes: [45, 79, 12, 79, 79, 79, 79, 12, 78, 78]
Memory usage at done (index 6, length 79, since_prev 12): 7413.30859375 MiB (Increase: 0.0 MiB)
Memory usage before reset: 7413.30859375 MiB (Increase: 0.0 MiB)
Memory usage after reset: 7413.30859375 MiB (Increase: 0.0 MiB)
Current lengths of episodes: [77, 111, 44, 111, 110, 110, 31, 44, 110, 110]
Memory usage at done (index 3, length 111, since_prev 32): 7413.30859375 MiB (Increase: 0.0 MiB)
Memory usage before reset: 7413.30859375 MiB (Increase: 0.0 MiB)
Memory usage after reset: 7413.30859375 MiB (Increase: 0.0 MiB)
Current lengths of episodes: [81, 115, 48, 4, 115, 115, 36, 49, 115, 115]
Memory usage at done (index 9, length 115, since_prev 4): 7413.30859375 MiB (Increase: 0.0 MiB)
Memory usage before reset: 7413.30859375 MiB (Increase: 0.0 MiB)
Memory usage after reset: 7413.30859375 MiB (Increase: 0.0 MiB)
Current lengths of episodes: [84, 118, 51, 7, 118, 118, 39, 52, 117, 2]
Memory usage at done (index 7, length 52, since_prev 3): 7413.30859375 MiB (Increase: 0.0 MiB)
Memory usage before reset: 7413.30859375 MiB (Increase: 0.0 MiB)
Memory usage after reset: 7413.30859375 MiB (Increase: 0.0 MiB)
Current lengths of episodes: [97, 131, 64, 19, 130, 130, 51, 12, 130, 15]
Memory usage at done (index 2, length 64, since_prev 13): 7413.30859375 MiB (Increase: 0.0 MiB)
Memory usage before reset: 7413.30859375 MiB (Increase: 0.0 MiB)
Memory usage after reset: 7413.30859375 MiB (Increase: 0.0 MiB)
Current lengths of episodes: [153, 187, 56, 76, 186, 186, 107, 68, 186, 71]
Memory usage at done (index 3, length 76, since_prev 56): 7413.30859375 MiB (Increase: 0.0 MiB)
Memory usage before reset: 7413.30859375 MiB (Increase: 0.0 MiB)
Memory usage after reset: 7413.30859375 MiB (Increase: 0.0 MiB)
Current lengths of episodes: [181, 215, 84, 27, 214, 214, 135, 96, 214, 99]
Memory usage at done (index 2, length 84, since_prev 28): 7413.30859375 MiB (Increase: 0.0 MiB)
Memory usage before reset: 7413.30859375 MiB (Increase: 0.0 MiB)
Memory usage after reset: 7413.30859375 MiB (Increase: 0.0 MiB)
Training episode 720
Memory usage at middle: 7413.30859375 MiB (Increase: 0.0 MiB)
Memory usage before collect: 7413.30859375 MiB (Increase: 0.0 MiB)
Memory usage after collect: 7413.30859375 MiB (Increase: 0.0 MiB)
Memory usage before initialization: 7413.30859375 MiB (Increase: 0.0 MiB)
Memory usage after initialization: 7413.30859375 MiB (Increase: 0.0 MiB)
Current lengths of episodes: [62, 62, 62, 62, 61, 61, 61, 61, 61, 61]
Memory usage at done (index 3, length 62, since_prev 62): 7413.30859375 MiB (Increase: 0.0 MiB)
Memory usage before reset: 7413.30859375 MiB (Increase: 0.0 MiB)
Memory usage after reset: 7413.30859375 MiB (Increase: 0.0 MiB)
Current lengths of episodes: [63, 63, 63, 1, 63, 63, 63, 63, 62, 62]
Memory usage at done (index 7, length 63, since_prev 1): 7413.30859375 MiB (Increase: 0.0 MiB)
Memory usage before reset: 7413.30859375 MiB (Increase: 0.0 MiB)
Memory usage after reset: 7413.30859375 MiB (Increase: 0.0 MiB)
Current lengths of episodes: [80, 80, 80, 17, 79, 79, 79, 16, 79, 79]
Memory usage at done (index 2, length 80, since_prev 17): 7413.30859375 MiB (Increase: 0.0 MiB)
Memory usage before reset: 7413.30859375 MiB (Increase: 0.0 MiB)
Memory usage after reset: 7413.30859375 MiB (Increase: 0.0 MiB)
Current lengths of episodes: [162, 162, 82, 99, 161, 161, 161, 98, 161, 161]
Memory usage at done (index 2, length 82, since_prev 82): 7413.30859375 MiB (Increase: 0.0 MiB)
Memory usage before reset: 7413.30859375 MiB (Increase: 0.0 MiB)
Memory usage after reset: 7413.30859375 MiB (Increase: 0.0 MiB)
Current lengths of episodes: [173, 173, 10, 110, 172, 172, 172, 109, 172, 172]
Memory usage at done (index 1, length 173, since_prev 11): 7413.30859375 MiB (Increase: 0.0 MiB)
Memory usage before reset: 7413.30859375 MiB (Increase: 0.0 MiB)
Memory usage after reset: 7413.30859375 MiB (Increase: 0.0 MiB)
Current lengths of episodes: [262, 89, 100, 199, 261, 261, 261, 198, 261, 261]
Memory usage at done (index 2, length 100, since_prev 89): 7413.30859375 MiB (Increase: 0.0 MiB)
Memory usage before reset: 7413.30859375 MiB (Increase: 0.0 MiB)
Memory usage after reset: 7413.30859375 MiB (Increase: 0.0 MiB)
Current lengths of episodes: [1600, 1426, 1337, 1537, 1599, 1599, 1599, 1536, 1599, 1599]
Memory usage at done (index 0, length 1600, since_prev 1338): 7413.30859375 MiB (Increase: 0.0 MiB)
Memory usage before reset: 7413.30859375 MiB (Increase: 0.0 MiB)
Memory usage after reset: 7413.30859375 MiB (Increase: 0.0 MiB)
Current lengths of episodes: [0, 1427, 1338, 1538, 1600, 1599, 1599, 1536, 1599, 1599]
Memory usage at done (index 4, length 1600, since_prev 0): 7413.30859375 MiB (Increase: 0.0 MiB)
Memory usage before reset: 7413.30859375 MiB (Increase: 0.0 MiB)
Memory usage after reset: 7413.30859375 MiB (Increase: 0.0 MiB)
Current lengths of episodes: [0, 1427, 1338, 1538, 0, 1600, 1599, 1536, 1599, 1599]
Memory usage at done (index 5, length 1600, since_prev 0): 7413.30859375 MiB (Increase: 0.0 MiB)
Memory usage before reset: 7413.30859375 MiB (Increase: 0.0 MiB)
Memory usage after reset: 7413.30859375 MiB (Increase: 0.0 MiB)
Current lengths of episodes: [0, 1427, 1338, 1538, 0, 0, 1600, 1536, 1599, 1599]
Memory usage at done (index 6, length 1600, since_prev 0): 7413.30859375 MiB (Increase: 0.0 MiB)
Memory usage before reset: 7413.30859375 MiB (Increase: 0.0 MiB)
Memory usage after reset: 7413.30859375 MiB (Increase: 0.0 MiB)
Training episode 730
Memory usage at middle: 7413.30859375 MiB (Increase: 0.0 MiB)
Memory usage before collect: 7413.30859375 MiB (Increase: 0.0 MiB)
Memory usage after collect: 7413.30859375 MiB (Increase: 0.0 MiB)
Memory usage before initialization: 7413.30859375 MiB (Increase: 0.0 MiB)
Memory usage after initialization: 7413.30859375 MiB (Increase: 0.0 MiB)
Current lengths of episodes: [65, 65, 65, 65, 65, 64, 64, 64, 64, 64]
Memory usage at done (index 4, length 65, since_prev 65): 7413.30859375 MiB (Increase: 0.0 MiB)
Memory usage before reset: 7413.30859375 MiB (Increase: 0.0 MiB)
Memory usage after reset: 7413.30859375 MiB (Increase: 0.0 MiB)
Current lengths of episodes: [78, 77, 77, 77, 12, 77, 77, 77, 77, 77]
Memory usage at done (index 0, length 78, since_prev 13): 7413.30859375 MiB (Increase: 0.0 MiB)
Memory usage before reset: 7413.30859375 MiB (Increase: 0.0 MiB)
Memory usage after reset: 7413.30859375 MiB (Increase: 0.0 MiB)
Current lengths of episodes: [10, 88, 88, 88, 23, 88, 87, 87, 87, 87]
Memory usage at done (index 5, length 88, since_prev 10): 7413.30859375 MiB (Increase: 0.0 MiB)
Memory usage before reset: 7413.30859375 MiB (Increase: 0.0 MiB)
Memory usage after reset: 7413.30859375 MiB (Increase: 0.0 MiB)
Current lengths of episodes: [52, 130, 130, 130, 65, 42, 130, 130, 129, 129]
Memory usage at done (index 7, length 130, since_prev 42): 7413.30859375 MiB (Increase: 0.0 MiB)
Memory usage before reset: 7413.30859375 MiB (Increase: 0.0 MiB)
Memory usage after reset: 7413.30859375 MiB (Increase: 0.0 MiB)
Current lengths of episodes: [86, 164, 164, 164, 99, 76, 163, 33, 163, 163]
Memory usage at done (index 5, length 76, since_prev 34): 7413.30859375 MiB (Increase: 0.0 MiB)
Memory usage before reset: 7413.30859375 MiB (Increase: 0.0 MiB)
Memory usage after reset: 7413.30859375 MiB (Increase: 0.0 MiB)
Current lengths of episodes: [148, 226, 226, 226, 161, 62, 226, 96, 225, 225]
Memory usage at done (index 7, length 96, since_prev 62): 7413.30859375 MiB (Increase: 0.0 MiB)
Memory usage before reset: 7413.30859375 MiB (Increase: 0.0 MiB)
Memory usage after reset: 7413.30859375 MiB (Increase: 0.0 MiB)
Current lengths of episodes: [202, 280, 280, 280, 215, 116, 280, 54, 279, 279]
Memory usage at done (index 7, length 54, since_prev 54): 7413.30859375 MiB (Increase: 0.0 MiB)
Memory usage before reset: 7413.30859375 MiB (Increase: 0.0 MiB)
Memory usage after reset: 7413.30859375 MiB (Increase: 0.0 MiB)
Current lengths of episodes: [1522, 1600, 1599, 1599, 1534, 1435, 1599, 1319, 1599, 1599]
Memory usage at done (index 1, length 1600, since_prev 1320): 7413.30859375 MiB (Increase: 0.0 MiB)
Memory usage before reset: 7413.30859375 MiB (Increase: 0.0 MiB)
Memory usage after reset: 7413.30859375 MiB (Increase: 0.0 MiB)
Current lengths of episodes: [1522, 0, 1600, 1599, 1534, 1435, 1599, 1319, 1599, 1599]
Memory usage at done (index 2, length 1600, since_prev 0): 7413.30859375 MiB (Increase: 0.0 MiB)
Memory usage before reset: 7413.30859375 MiB (Increase: 0.0 MiB)
Memory usage after reset: 7413.30859375 MiB (Increase: 0.0 MiB)
Current lengths of episodes: [1522, 0, 0, 1600, 1534, 1435, 1599, 1319, 1599, 1599]
Memory usage at done (index 3, length 1600, since_prev 0): 7413.30859375 MiB (Increase: 0.0 MiB)
Memory usage before reset: 7413.30859375 MiB (Increase: 0.0 MiB)
Memory usage after reset: 7413.30859375 MiB (Increase: 0.0 MiB)
Training episode 740
Memory usage at middle: 7413.30859375 MiB (Increase: 0.0 MiB)
Memory usage before collect: 7413.30859375 MiB (Increase: 0.0 MiB)
Memory usage after collect: 7413.30859375 MiB (Increase: 0.0 MiB)
Memory usage before initialization: 7413.30859375 MiB (Increase: 0.0 MiB)
Memory usage after initialization: 7413.30859375 MiB (Increase: 0.0 MiB)
Current lengths of episodes: [78, 78, 78, 78, 78, 78, 77, 77, 77, 77]
Memory usage at done (index 5, length 78, since_prev 78): 7413.30859375 MiB (Increase: 0.0 MiB)
Memory usage before reset: 7413.30859375 MiB (Increase: 0.0 MiB)
Memory usage after reset: 7413.30859375 MiB (Increase: 0.0 MiB)
Current lengths of episodes: [83, 83, 83, 83, 83, 5, 83, 83, 82, 82]
Memory usage at done (index 7, length 83, since_prev 5): 7413.30859375 MiB (Increase: 0.0 MiB)
Memory usage before reset: 7413.30859375 MiB (Increase: 0.0 MiB)
Memory usage after reset: 7413.30859375 MiB (Increase: 0.0 MiB)
Current lengths of episodes: [84, 84, 84, 84, 83, 5, 83, 0, 83, 83]
Memory usage at done (index 3, length 84, since_prev 1): 7413.30859375 MiB (Increase: 0.0 MiB)
Memory usage before reset: 7413.30859375 MiB (Increase: 0.0 MiB)
Memory usage after reset: 7413.30859375 MiB (Increase: 0.0 MiB)
Current lengths of episodes: [85, 85, 85, 1, 85, 7, 85, 2, 85, 85]
Memory usage at done (index 9, length 85, since_prev 1): 7413.30859375 MiB (Increase: 0.0 MiB)
Memory usage before reset: 7413.30859375 MiB (Increase: 0.0 MiB)
Memory usage after reset: 7413.30859375 MiB (Increase: 0.0 MiB)
Current lengths of episodes: [168, 168, 168, 84, 167, 89, 167, 84, 167, 82]
Memory usage at done (index 3, length 84, since_prev 83): 7413.30859375 MiB (Increase: 0.0 MiB)
Memory usage before reset: 7413.30859375 MiB (Increase: 0.0 MiB)
Memory usage after reset: 7413.30859375 MiB (Increase: 0.0 MiB)
Current lengths of episodes: [1600, 1599, 1599, 1431, 1599, 1521, 1599, 1516, 1599, 1514]
Memory usage at done (index 0, length 1600, since_prev 1432): 7413.30859375 MiB (Increase: 0.0 MiB)
Memory usage before reset: 7413.30859375 MiB (Increase: 0.0 MiB)
Memory usage after reset: 7413.30859375 MiB (Increase: 0.0 MiB)
Current lengths of episodes: [0, 1600, 1599, 1431, 1599, 1521, 1599, 1516, 1599, 1514]
Memory usage at done (index 1, length 1600, since_prev 0): 7413.30859375 MiB (Increase: 0.0 MiB)
Memory usage before reset: 7413.30859375 MiB (Increase: 0.0 MiB)
Memory usage after reset: 7413.30859375 MiB (Increase: 0.0 MiB)
Current lengths of episodes: [0, 0, 1600, 1431, 1599, 1521, 1599, 1516, 1599, 1514]
Memory usage at done (index 2, length 1600, since_prev 0): 7413.30859375 MiB (Increase: 0.0 MiB)
Memory usage before reset: 7413.30859375 MiB (Increase: 0.0 MiB)
Memory usage after reset: 7413.30859375 MiB (Increase: 0.0 MiB)
Current lengths of episodes: [0, 0, 0, 1432, 1600, 1521, 1599, 1516, 1599, 1514]
Memory usage at done (index 4, length 1600, since_prev 0): 7413.30859375 MiB (Increase: 0.0 MiB)
Memory usage before reset: 7413.30859375 MiB (Increase: 0.0 MiB)
Memory usage after reset: 7413.30859375 MiB (Increase: 0.0 MiB)
Current lengths of episodes: [0, 0, 0, 1432, 0, 1522, 1600, 1516, 1599, 1514]
Memory usage at done (index 6, length 1600, since_prev 0): 7413.30859375 MiB (Increase: 0.0 MiB)
Memory usage before reset: 7413.30859375 MiB (Increase: 0.0 MiB)
Memory usage after reset: 7413.30859375 MiB (Increase: 0.0 MiB)
Training episode 750
Memory usage at middle: 7413.30859375 MiB (Increase: 0.0 MiB)
Memory usage before collect: 7413.30859375 MiB (Increase: 0.0 MiB)
Memory usage after collect: 7413.30859375 MiB (Increase: 0.0 MiB)
Episode 750	Average evaluation: -20.859852625139176
Memory usage before initialization: 7413.30859375 MiB (Increase: 0.0 MiB)
Memory usage after initialization: 7413.30859375 MiB (Increase: 0.0 MiB)
Current lengths of episodes: [43, 42, 42, 42, 42, 42, 42, 42, 42, 42]
Memory usage at done (index 0, length 43, since_prev 43): 7413.30859375 MiB (Increase: 0.0 MiB)
Memory usage before reset: 7413.30859375 MiB (Increase: 0.0 MiB)
Memory usage after reset: 7413.30859375 MiB (Increase: 0.0 MiB)
Current lengths of episodes: [6, 49, 49, 49, 49, 48, 48, 48, 48, 48]
Memory usage at done (index 4, length 49, since_prev 6): 7413.30859375 MiB (Increase: 0.0 MiB)
Memory usage before reset: 7413.30859375 MiB (Increase: 0.0 MiB)
Memory usage after reset: 7413.30859375 MiB (Increase: 0.0 MiB)
Current lengths of episodes: [12, 55, 55, 55, 6, 55, 55, 54, 54, 54]
Memory usage at done (index 6, length 55, since_prev 6): 7413.30859375 MiB (Increase: 0.0 MiB)
Memory usage before reset: 7413.30859375 MiB (Increase: 0.0 MiB)
Memory usage after reset: 7413.30859375 MiB (Increase: 0.0 MiB)
Current lengths of episodes: [19, 62, 62, 62, 12, 61, 6, 61, 61, 61]
Memory usage at done (index 3, length 62, since_prev 7): 7413.30859375 MiB (Increase: 0.0 MiB)
Memory usage before reset: 7413.30859375 MiB (Increase: 0.0 MiB)
Memory usage after reset: 7413.30859375 MiB (Increase: 0.0 MiB)
Current lengths of episodes: [29, 72, 72, 10, 23, 72, 17, 72, 71, 71]
Memory usage at done (index 7, length 72, since_prev 10): 7413.30859375 MiB (Increase: 0.0 MiB)
Memory usage before reset: 7413.30859375 MiB (Increase: 0.0 MiB)
Memory usage after reset: 7413.30859375 MiB (Increase: 0.0 MiB)
Current lengths of episodes: [32, 75, 75, 13, 26, 75, 20, 3, 75, 75]
Memory usage at done (index 9, length 75, since_prev 3): 7413.30859375 MiB (Increase: 0.0 MiB)
Memory usage before reset: 7413.30859375 MiB (Increase: 0.0 MiB)
Memory usage after reset: 7413.30859375 MiB (Increase: 0.0 MiB)
Current lengths of episodes: [78, 121, 121, 59, 72, 121, 65, 48, 120, 45]
Memory usage at done (index 5, length 121, since_prev 46): 7413.30859375 MiB (Increase: 0.0 MiB)
Memory usage before reset: 7413.30859375 MiB (Increase: 0.0 MiB)
Memory usage after reset: 7413.30859375 MiB (Increase: 0.0 MiB)
Current lengths of episodes: [88, 131, 131, 68, 81, 9, 75, 58, 130, 55]
Memory usage at done (index 2, length 131, since_prev 10): 7413.30859375 MiB (Increase: 0.0 MiB)
Memory usage before reset: 7413.30859375 MiB (Increase: 0.0 MiB)
Memory usage after reset: 7413.30859375 MiB (Increase: 0.0 MiB)
Current lengths of episodes: [166, 209, 78, 146, 159, 87, 153, 136, 208, 133]
Memory usage at done (index 2, length 78, since_prev 78): 7413.30859375 MiB (Increase: 0.0 MiB)
Memory usage before reset: 7413.30859375 MiB (Increase: 0.0 MiB)
Memory usage after reset: 7413.30859375 MiB (Increase: 0.0 MiB)
Current lengths of episodes: [655, 698, 489, 636, 648, 576, 642, 625, 697, 622]
Memory usage at done (index 3, length 636, since_prev 489): 7413.30859375 MiB (Increase: 0.0 MiB)
Memory usage before reset: 7413.30859375 MiB (Increase: 0.0 MiB)
Memory usage after reset: 7413.30859375 MiB (Increase: 0.0 MiB)
Training episode 760
Memory usage at middle: 7413.30859375 MiB (Increase: 0.0 MiB)
Memory usage before collect: 7413.30859375 MiB (Increase: 0.0 MiB)
Memory usage after collect: 7413.30859375 MiB (Increase: 0.0 MiB)
Memory usage before initialization: 7413.30859375 MiB (Increase: 0.0 MiB)
Memory usage after initialization: 7413.30859375 MiB (Increase: 0.0 MiB)
Current lengths of episodes: [52, 52, 52, 52, 52, 52, 52, 51, 51, 51]
Memory usage at done (index 6, length 52, since_prev 52): 7413.30859375 MiB (Increase: 0.0 MiB)
Memory usage before reset: 7413.30859375 MiB (Increase: 0.0 MiB)
Memory usage after reset: 7413.30859375 MiB (Increase: 0.0 MiB)
Current lengths of episodes: [60, 60, 60, 60, 60, 60, 8, 60, 60, 59]
Memory usage at done (index 8, length 60, since_prev 8): 7413.30859375 MiB (Increase: 0.0 MiB)
Memory usage before reset: 7413.30859375 MiB (Increase: 0.0 MiB)
Memory usage after reset: 7413.30859375 MiB (Increase: 0.0 MiB)
Current lengths of episodes: [65, 65, 65, 65, 64, 64, 12, 64, 4, 64]
Memory usage at done (index 3, length 65, since_prev 5): 7413.30859375 MiB (Increase: 0.0 MiB)
Memory usage before reset: 7413.30859375 MiB (Increase: 0.0 MiB)
Memory usage after reset: 7413.30859375 MiB (Increase: 0.0 MiB)
Current lengths of episodes: [65, 65, 65, 0, 65, 65, 12, 64, 4, 64]
Memory usage at done (index 5, length 65, since_prev 0): 7413.30859375 MiB (Increase: 0.0 MiB)
Memory usage before reset: 7413.30859375 MiB (Increase: 0.0 MiB)
Memory usage after reset: 7413.30859375 MiB (Increase: 0.0 MiB)
Current lengths of episodes: [70, 69, 69, 4, 69, 4, 17, 69, 9, 69]
Memory usage at done (index 0, length 70, since_prev 5): 7413.30859375 MiB (Increase: 0.0 MiB)
Memory usage before reset: 7413.30859375 MiB (Increase: 0.0 MiB)
Memory usage after reset: 7413.30859375 MiB (Increase: 0.0 MiB)
Current lengths of episodes: [51, 121, 121, 56, 121, 56, 69, 121, 61, 120]
Memory usage at done (index 8, length 61, since_prev 51): 7413.30859375 MiB (Increase: 0.0 MiB)
Memory usage before reset: 7413.30859375 MiB (Increase: 0.0 MiB)
Memory usage after reset: 7413.30859375 MiB (Increase: 0.0 MiB)
Current lengths of episodes: [73, 142, 142, 77, 142, 77, 90, 142, 21, 142]
Memory usage at done (index 0, length 73, since_prev 22): 7413.30859375 MiB (Increase: 0.0 MiB)
Memory usage before reset: 7413.30859375 MiB (Increase: 0.0 MiB)
Memory usage after reset: 7413.30859375 MiB (Increase: 0.0 MiB)
Current lengths of episodes: [34, 177, 177, 112, 177, 112, 125, 177, 56, 176]
Memory usage at done (index 8, length 56, since_prev 34): 7413.30859375 MiB (Increase: 0.0 MiB)
Memory usage before reset: 7413.30859375 MiB (Increase: 0.0 MiB)
Memory usage after reset: 7413.30859375 MiB (Increase: 0.0 MiB)
Current lengths of episodes: [443, 586, 586, 521, 586, 521, 534, 586, 409, 585]
Memory usage at done (index 8, length 409, since_prev 409): 7413.30859375 MiB (Increase: 0.0 MiB)
Memory usage before reset: 7413.30859375 MiB (Increase: 0.0 MiB)
Memory usage after reset: 7413.30859375 MiB (Increase: 0.0 MiB)
Current lengths of episodes: [1457, 1600, 1599, 1534, 1599, 1534, 1547, 1599, 1013, 1599]
Memory usage at done (index 1, length 1600, since_prev 1014): 7413.30859375 MiB (Increase: 0.0 MiB)
Memory usage before reset: 7413.30859375 MiB (Increase: 0.0 MiB)
Memory usage after reset: 7413.30859375 MiB (Increase: 0.0 MiB)
Training episode 770
Memory usage at middle: 7413.30859375 MiB (Increase: 0.0 MiB)
Memory usage before collect: 7413.30859375 MiB (Increase: 0.0 MiB)
Memory usage after collect: 7413.30859375 MiB (Increase: 0.0 MiB)
Memory usage before initialization: 7413.30859375 MiB (Increase: 0.0 MiB)
Memory usage after initialization: 7413.30859375 MiB (Increase: 0.0 MiB)
Current lengths of episodes: [60, 60, 59, 59, 59, 59, 59, 59, 59, 59]
Memory usage at done (index 1, length 60, since_prev 60): 7413.30859375 MiB (Increase: 0.0 MiB)
Memory usage before reset: 7413.30859375 MiB (Increase: 0.0 MiB)
Memory usage after reset: 7413.30859375 MiB (Increase: 0.0 MiB)
Current lengths of episodes: [68, 8, 68, 68, 68, 67, 67, 67, 67, 67]
Memory usage at done (index 4, length 68, since_prev 8): 7413.30859375 MiB (Increase: 0.0 MiB)
Memory usage before reset: 7413.30859375 MiB (Increase: 0.0 MiB)
Memory usage after reset: 7413.30859375 MiB (Increase: 0.0 MiB)
Current lengths of episodes: [73, 13, 73, 73, 5, 73, 72, 72, 72, 72]
Memory usage at done (index 5, length 73, since_prev 5): 7413.30859375 MiB (Increase: 0.0 MiB)
Memory usage before reset: 7413.30859375 MiB (Increase: 0.0 MiB)
Memory usage after reset: 7413.30859375 MiB (Increase: 0.0 MiB)
Current lengths of episodes: [103, 43, 102, 102, 34, 29, 102, 102, 102, 102]
Memory usage at done (index 1, length 43, since_prev 30): 7413.30859375 MiB (Increase: 0.0 MiB)
Memory usage before reset: 7413.30859375 MiB (Increase: 0.0 MiB)
Memory usage after reset: 7413.30859375 MiB (Increase: 0.0 MiB)
Current lengths of episodes: [148, 45, 148, 148, 80, 74, 147, 147, 147, 147]
Memory usage at done (index 4, length 80, since_prev 45): 7413.30859375 MiB (Increase: 0.0 MiB)
Memory usage before reset: 7413.30859375 MiB (Increase: 0.0 MiB)
Memory usage after reset: 7413.30859375 MiB (Increase: 0.0 MiB)
Current lengths of episodes: [162, 59, 161, 161, 13, 88, 161, 161, 161, 161]
Memory usage at done (index 1, length 59, since_prev 14): 7413.30859375 MiB (Increase: 0.0 MiB)
Memory usage before reset: 7413.30859375 MiB (Increase: 0.0 MiB)
Memory usage after reset: 7413.30859375 MiB (Increase: 0.0 MiB)
Current lengths of episodes: [194, 32, 194, 194, 46, 120, 193, 193, 193, 193]
Memory usage at done (index 4, length 46, since_prev 32): 7413.30859375 MiB (Increase: 0.0 MiB)
Memory usage before reset: 7413.30859375 MiB (Increase: 0.0 MiB)
Memory usage after reset: 7413.30859375 MiB (Increase: 0.0 MiB)
Current lengths of episodes: [292, 130, 292, 292, 98, 218, 291, 291, 291, 291]
Memory usage at done (index 4, length 98, since_prev 98): 7413.30859375 MiB (Increase: 0.0 MiB)
Memory usage before reset: 7413.30859375 MiB (Increase: 0.0 MiB)
Memory usage after reset: 7413.30859375 MiB (Increase: 0.0 MiB)
Current lengths of episodes: [337, 175, 337, 337, 45, 263, 336, 336, 336, 336]
Memory usage at done (index 4, length 45, since_prev 45): 7413.30859375 MiB (Increase: 0.0 MiB)
Memory usage before reset: 7413.30859375 MiB (Increase: 0.0 MiB)
Memory usage after reset: 7413.30859375 MiB (Increase: 0.0 MiB)
Current lengths of episodes: [408, 246, 408, 408, 71, 334, 407, 407, 407, 407]
Memory usage at done (index 4, length 71, since_prev 71): 7413.30859375 MiB (Increase: 0.0 MiB)
Memory usage before reset: 7413.30859375 MiB (Increase: 0.0 MiB)
Memory usage after reset: 7413.30859375 MiB (Increase: 0.0 MiB)
Training episode 780
Memory usage at middle: 7413.30859375 MiB (Increase: 0.0 MiB)
Memory usage before collect: 7413.30859375 MiB (Increase: 0.0 MiB)
Memory usage after collect: 7413.30859375 MiB (Increase: 0.0 MiB)
Memory usage before initialization: 7413.30859375 MiB (Increase: 0.0 MiB)
Memory usage after initialization: 7413.30859375 MiB (Increase: 0.0 MiB)
Current lengths of episodes: [53, 53, 52, 52, 52, 52, 52, 52, 52, 52]
Memory usage at done (index 1, length 53, since_prev 53): 7413.30859375 MiB (Increase: 0.0 MiB)
Memory usage before reset: 7413.30859375 MiB (Increase: 0.0 MiB)
Memory usage after reset: 7413.30859375 MiB (Increase: 0.0 MiB)
Current lengths of episodes: [60, 7, 60, 60, 60, 60, 60, 60, 59, 59]
Memory usage at done (index 7, length 60, since_prev 7): 7413.30859375 MiB (Increase: 0.0 MiB)
Memory usage before reset: 7413.30859375 MiB (Increase: 0.0 MiB)
Memory usage after reset: 7413.30859375 MiB (Increase: 0.0 MiB)
Current lengths of episodes: [73, 20, 73, 73, 73, 73, 73, 13, 73, 73]
Memory usage at done (index 9, length 73, since_prev 13): 7413.30859375 MiB (Increase: 0.0 MiB)
Memory usage before reset: 7413.30859375 MiB (Increase: 0.0 MiB)
Memory usage after reset: 7413.30859375 MiB (Increase: 0.0 MiB)
Current lengths of episodes: [75, 21, 74, 74, 74, 74, 74, 14, 74, 1]
Memory usage at done (index 0, length 75, since_prev 2): 7413.30859375 MiB (Increase: 0.0 MiB)
Memory usage before reset: 7413.30859375 MiB (Increase: 0.0 MiB)
Memory usage after reset: 7413.30859375 MiB (Increase: 0.0 MiB)
Current lengths of episodes: [6, 28, 81, 80, 80, 80, 80, 20, 80, 7]
Memory usage at done (index 2, length 81, since_prev 6): 7413.30859375 MiB (Increase: 0.0 MiB)
Memory usage before reset: 7413.30859375 MiB (Increase: 0.0 MiB)
Memory usage after reset: 7413.30859375 MiB (Increase: 0.0 MiB)
Current lengths of episodes: [14, 36, 8, 89, 88, 88, 88, 28, 88, 15]
Memory usage at done (index 3, length 89, since_prev 8): 7413.30859375 MiB (Increase: 0.0 MiB)
Memory usage before reset: 7413.30859375 MiB (Increase: 0.0 MiB)
Memory usage after reset: 7413.30859375 MiB (Increase: 0.0 MiB)
Current lengths of episodes: [58, 80, 52, 44, 133, 133, 133, 73, 132, 59]
Memory usage at done (index 7, length 73, since_prev 44): 7413.30859375 MiB (Increase: 0.0 MiB)
Memory usage before reset: 7413.30859375 MiB (Increase: 0.0 MiB)
Memory usage after reset: 7413.30859375 MiB (Increase: 0.0 MiB)
Current lengths of episodes: [60, 82, 54, 45, 134, 134, 134, 1, 134, 61]
Memory usage at done (index 2, length 54, since_prev 2): 7413.30859375 MiB (Increase: 0.0 MiB)
Memory usage before reset: 7413.30859375 MiB (Increase: 0.0 MiB)
Memory usage after reset: 7413.30859375 MiB (Increase: 0.0 MiB)
Current lengths of episodes: [86, 108, 26, 72, 161, 161, 161, 28, 161, 88]
Memory usage at done (index 9, length 88, since_prev 26): 7413.30859375 MiB (Increase: 0.0 MiB)
Memory usage before reset: 7413.30859375 MiB (Increase: 0.0 MiB)
Memory usage after reset: 7413.30859375 MiB (Increase: 0.0 MiB)
Current lengths of episodes: [95, 116, 34, 80, 169, 169, 169, 36, 169, 8]
Memory usage at done (index 0, length 95, since_prev 9): 7413.30859375 MiB (Increase: 0.0 MiB)
Memory usage before reset: 7413.30859375 MiB (Increase: 0.0 MiB)
Memory usage after reset: 7413.30859375 MiB (Increase: 0.0 MiB)
Training episode 790
Memory usage at middle: 7413.30859375 MiB (Increase: 0.0 MiB)
Memory usage before collect: 7413.30859375 MiB (Increase: 0.0 MiB)
Memory usage after collect: 7413.30859375 MiB (Increase: 0.0 MiB)
Memory usage before initialization: 7413.30859375 MiB (Increase: 0.0 MiB)
Memory usage after initialization: 7413.30859375 MiB (Increase: 0.0 MiB)
Current lengths of episodes: [43, 43, 43, 43, 43, 43, 43, 43, 43, 43]
Memory usage at done (index 9, length 43, since_prev 43): 7413.30859375 MiB (Increase: 0.0 MiB)
Memory usage before reset: 7413.30859375 MiB (Increase: 0.0 MiB)
Memory usage after reset: 7413.30859375 MiB (Increase: 0.0 MiB)
Current lengths of episodes: [58, 58, 58, 58, 57, 57, 57, 57, 57, 14]
Memory usage at done (index 3, length 58, since_prev 15): 7413.30859375 MiB (Increase: 0.0 MiB)
Memory usage before reset: 7413.30859375 MiB (Increase: 0.0 MiB)
Memory usage after reset: 7413.30859375 MiB (Increase: 0.0 MiB)
Current lengths of episodes: [58, 58, 58, 0, 58, 58, 58, 57, 57, 14]
Memory usage at done (index 6, length 58, since_prev 0): 7413.30859375 MiB (Increase: 0.0 MiB)
Memory usage before reset: 7413.30859375 MiB (Increase: 0.0 MiB)
Memory usage after reset: 7413.30859375 MiB (Increase: 0.0 MiB)
Current lengths of episodes: [63, 63, 62, 4, 62, 62, 4, 62, 62, 19]
Memory usage at done (index 1, length 63, since_prev 5): 7413.30859375 MiB (Increase: 0.0 MiB)
Memory usage before reset: 7413.30859375 MiB (Increase: 0.0 MiB)
Memory usage after reset: 7413.30859375 MiB (Increase: 0.0 MiB)
Current lengths of episodes: [69, 6, 69, 10, 68, 68, 10, 68, 68, 25]
Memory usage at done (index 2, length 69, since_prev 6): 7413.30859375 MiB (Increase: 0.0 MiB)
Memory usage before reset: 7413.30859375 MiB (Increase: 0.0 MiB)
Memory usage after reset: 7413.30859375 MiB (Increase: 0.0 MiB)
Current lengths of episodes: [78, 15, 9, 20, 78, 78, 19, 77, 77, 34]
Memory usage at done (index 5, length 78, since_prev 9): 7413.30859375 MiB (Increase: 0.0 MiB)
Memory usage before reset: 7413.30859375 MiB (Increase: 0.0 MiB)
Memory usage after reset: 7413.30859375 MiB (Increase: 0.0 MiB)
Current lengths of episodes: [80, 17, 11, 22, 80, 2, 22, 80, 79, 36]
Memory usage at done (index 7, length 80, since_prev 2): 7413.30859375 MiB (Increase: 0.0 MiB)
Memory usage before reset: 7413.30859375 MiB (Increase: 0.0 MiB)
Memory usage after reset: 7413.30859375 MiB (Increase: 0.0 MiB)
Current lengths of episodes: [82, 18, 12, 23, 81, 3, 23, 1, 81, 38]
Memory usage at done (index 0, length 82, since_prev 2): 7413.30859375 MiB (Increase: 0.0 MiB)
Memory usage before reset: 7413.30859375 MiB (Increase: 0.0 MiB)
Memory usage after reset: 7413.30859375 MiB (Increase: 0.0 MiB)
Current lengths of episodes: [37, 56, 49, 60, 118, 40, 60, 38, 118, 75]
Memory usage at done (index 1, length 56, since_prev 37): 7413.30859375 MiB (Increase: 0.0 MiB)
Memory usage before reset: 7413.30859375 MiB (Increase: 0.0 MiB)
Memory usage after reset: 7413.30859375 MiB (Increase: 0.0 MiB)
Current lengths of episodes: [38, 1, 51, 62, 120, 42, 62, 39, 119, 76]
Memory usage at done (index 6, length 62, since_prev 1): 7413.30859375 MiB (Increase: 0.0 MiB)
Memory usage before reset: 7413.30859375 MiB (Increase: 0.0 MiB)
Memory usage after reset: 7413.30859375 MiB (Increase: 0.0 MiB)
Training episode 800
Memory usage at middle: 7413.30859375 MiB (Increase: 0.0 MiB)
Memory usage before collect: 7413.30859375 MiB (Increase: 0.0 MiB)
Memory usage after collect: 7413.30859375 MiB (Increase: 0.0 MiB)
Episode 800	Average evaluation: -21.11416750899466
Memory usage before initialization: 7413.30859375 MiB (Increase: 0.0 MiB)
Memory usage after initialization: 7413.30859375 MiB (Increase: 0.0 MiB)
Current lengths of episodes: [37, 37, 36, 36, 36, 36, 36, 36, 36, 36]
Memory usage at done (index 1, length 37, since_prev 37): 7413.30859375 MiB (Increase: 0.0 MiB)
Memory usage before reset: 7413.30859375 MiB (Increase: 0.0 MiB)
Memory usage after reset: 7413.30859375 MiB (Increase: 0.0 MiB)
Current lengths of episodes: [63, 26, 63, 63, 63, 63, 62, 62, 62, 62]
Memory usage at done (index 5, length 63, since_prev 26): 7413.30859375 MiB (Increase: 0.0 MiB)
Memory usage before reset: 7413.30859375 MiB (Increase: 0.0 MiB)
Memory usage after reset: 7413.30859375 MiB (Increase: 0.0 MiB)
Current lengths of episodes: [79, 42, 79, 79, 78, 15, 78, 78, 78, 78]
Memory usage at done (index 3, length 79, since_prev 16): 7413.30859375 MiB (Increase: 0.0 MiB)
Memory usage before reset: 7413.30859375 MiB (Increase: 0.0 MiB)
Memory usage after reset: 7413.30859375 MiB (Increase: 0.0 MiB)
Current lengths of episodes: [92, 55, 92, 13, 92, 29, 92, 92, 92, 92]
Memory usage at done (index 9, length 92, since_prev 13): 7413.30859375 MiB (Increase: 0.0 MiB)
Memory usage before reset: 7413.30859375 MiB (Increase: 0.0 MiB)
Memory usage after reset: 7413.30859375 MiB (Increase: 0.0 MiB)
Current lengths of episodes: [135, 98, 135, 56, 134, 71, 134, 134, 134, 42]
Memory usage at done (index 3, length 56, since_prev 43): 7413.30859375 MiB (Increase: 0.0 MiB)
Memory usage before reset: 7413.30859375 MiB (Increase: 0.0 MiB)
Memory usage after reset: 7413.30859375 MiB (Increase: 0.0 MiB)
Current lengths of episodes: [142, 105, 142, 7, 142, 79, 141, 141, 141, 49]
Memory usage at done (index 5, length 79, since_prev 7): 7413.30859375 MiB (Increase: 0.0 MiB)
Memory usage before reset: 7413.30859375 MiB (Increase: 0.0 MiB)
Memory usage after reset: 7413.30859375 MiB (Increase: 0.0 MiB)
Current lengths of episodes: [150, 112, 149, 14, 149, 7, 149, 149, 149, 57]
Memory usage at done (index 0, length 150, since_prev 8): 7413.30859375 MiB (Increase: 0.0 MiB)
Memory usage before reset: 7413.30859375 MiB (Increase: 0.0 MiB)
Memory usage after reset: 7413.30859375 MiB (Increase: 0.0 MiB)
Current lengths of episodes: [37, 150, 187, 52, 186, 44, 186, 186, 186, 94]
Memory usage at done (index 3, length 52, since_prev 37): 7413.30859375 MiB (Increase: 0.0 MiB)
Memory usage before reset: 7413.30859375 MiB (Increase: 0.0 MiB)
Memory usage after reset: 7413.30859375 MiB (Increase: 0.0 MiB)
Current lengths of episodes: [109, 222, 259, 72, 258, 116, 258, 258, 258, 166]
Memory usage at done (index 3, length 72, since_prev 72): 7413.30859375 MiB (Increase: 0.0 MiB)
Memory usage before reset: 7413.30859375 MiB (Increase: 0.0 MiB)
Memory usage after reset: 7413.30859375 MiB (Increase: 0.0 MiB)
Current lengths of episodes: [171, 284, 321, 62, 320, 178, 320, 320, 320, 228]
Memory usage at done (index 3, length 62, since_prev 62): 7413.30859375 MiB (Increase: 0.0 MiB)
Memory usage before reset: 7413.30859375 MiB (Increase: 0.0 MiB)
Memory usage after reset: 7413.30859375 MiB (Increase: 0.0 MiB)
Training episode 810
Memory usage at middle: 7413.30859375 MiB (Increase: 0.0 MiB)
Memory usage before collect: 7413.30859375 MiB (Increase: 0.0 MiB)
Memory usage after collect: 7413.30859375 MiB (Increase: 0.0 MiB)
Memory usage before initialization: 7413.30859375 MiB (Increase: 0.0 MiB)
Memory usage after initialization: 7413.30859375 MiB (Increase: 0.0 MiB)
Current lengths of episodes: [63, 63, 63, 63, 63, 62, 62, 62, 62, 62]
Memory usage at done (index 4, length 63, since_prev 63): 7413.30859375 MiB (Increase: 0.0 MiB)
Memory usage before reset: 7413.30859375 MiB (Increase: 0.0 MiB)
Memory usage after reset: 7413.30859375 MiB (Increase: 0.0 MiB)
Current lengths of episodes: [126, 126, 126, 126, 63, 125, 125, 125, 125, 125]
Memory usage at done (index 4, length 63, since_prev 63): 7413.30859375 MiB (Increase: 0.0 MiB)
Memory usage before reset: 7413.30859375 MiB (Increase: 0.0 MiB)
Memory usage after reset: 7413.30859375 MiB (Increase: 0.0 MiB)
Current lengths of episodes: [181, 181, 181, 181, 55, 180, 180, 180, 180, 180]
Memory usage at done (index 4, length 55, since_prev 55): 7413.30859375 MiB (Increase: 0.0 MiB)
Memory usage before reset: 7413.30859375 MiB (Increase: 0.0 MiB)
Memory usage after reset: 7413.30859375 MiB (Increase: 0.0 MiB)
Current lengths of episodes: [229, 229, 229, 229, 48, 228, 228, 228, 228, 228]
Memory usage at done (index 4, length 48, since_prev 48): 7413.30859375 MiB (Increase: 0.0 MiB)
Memory usage before reset: 7413.30859375 MiB (Increase: 0.0 MiB)
Memory usage after reset: 7413.30859375 MiB (Increase: 0.0 MiB)
Current lengths of episodes: [285, 285, 285, 285, 56, 284, 284, 284, 284, 284]
Memory usage at done (index 4, length 56, since_prev 56): 7413.30859375 MiB (Increase: 0.0 MiB)
Memory usage before reset: 7413.30859375 MiB (Increase: 0.0 MiB)
Memory usage after reset: 7413.30859375 MiB (Increase: 0.0 MiB)
Current lengths of episodes: [907, 906, 906, 906, 621, 906, 906, 906, 906, 906]
Memory usage at done (index 0, length 907, since_prev 622): 7413.30859375 MiB (Increase: 0.0 MiB)
Memory usage before reset: 7413.30859375 MiB (Increase: 0.0 MiB)
Memory usage after reset: 7413.30859375 MiB (Increase: 0.0 MiB)
Current lengths of episodes: [88, 994, 994, 994, 709, 994, 994, 994, 994, 994]
Memory usage at done (index 0, length 88, since_prev 88): 7413.30859375 MiB (Increase: 0.0 MiB)
Memory usage before reset: 7413.30859375 MiB (Increase: 0.0 MiB)
Memory usage after reset: 7413.30859375 MiB (Increase: 0.0 MiB)
Current lengths of episodes: [605, 1600, 1599, 1599, 1314, 1599, 1599, 1599, 1599, 1599]
Memory usage at done (index 1, length 1600, since_prev 605): 7413.30859375 MiB (Increase: 0.0 MiB)
Memory usage before reset: 7413.30859375 MiB (Increase: 0.0 MiB)
Memory usage after reset: 7413.30859375 MiB (Increase: 0.0 MiB)
Current lengths of episodes: [605, 0, 1600, 1599, 1314, 1599, 1599, 1599, 1599, 1599]
Memory usage at done (index 2, length 1600, since_prev 0): 7413.30859375 MiB (Increase: 0.0 MiB)
Memory usage before reset: 7413.30859375 MiB (Increase: 0.0 MiB)
Memory usage after reset: 7413.30859375 MiB (Increase: 0.0 MiB)
Current lengths of episodes: [605, 0, 0, 1600, 1314, 1599, 1599, 1599, 1599, 1599]
Memory usage at done (index 3, length 1600, since_prev 0): 7413.30859375 MiB (Increase: 0.0 MiB)
Memory usage before reset: 7413.30859375 MiB (Increase: 0.0 MiB)
Memory usage after reset: 7413.30859375 MiB (Increase: 0.0 MiB)
Training episode 820
Memory usage at middle: 7413.30859375 MiB (Increase: 0.0 MiB)
Memory usage before collect: 7413.30859375 MiB (Increase: 0.0 MiB)
Memory usage after collect: 7413.30859375 MiB (Increase: 0.0 MiB)
Memory usage before initialization: 7413.30859375 MiB (Increase: 0.0 MiB)
Memory usage after initialization: 7413.30859375 MiB (Increase: 0.0 MiB)
Current lengths of episodes: [53, 53, 53, 53, 53, 53, 53, 53, 53, 53]
Memory usage at done (index 9, length 53, since_prev 53): 7413.30859375 MiB (Increase: 0.0 MiB)
Memory usage before reset: 7413.30859375 MiB (Increase: 0.0 MiB)
Memory usage after reset: 7413.30859375 MiB (Increase: 0.0 MiB)
Current lengths of episodes: [56, 56, 56, 56, 56, 56, 56, 56, 55, 2]
Memory usage at done (index 7, length 56, since_prev 3): 7413.30859375 MiB (Increase: 0.0 MiB)
Memory usage before reset: 7413.30859375 MiB (Increase: 0.0 MiB)
Memory usage after reset: 7413.30859375 MiB (Increase: 0.0 MiB)
Current lengths of episodes: [97, 97, 97, 97, 97, 96, 96, 40, 96, 43]
Memory usage at done (index 4, length 97, since_prev 41): 7413.30859375 MiB (Increase: 0.0 MiB)
Memory usage before reset: 7413.30859375 MiB (Increase: 0.0 MiB)
Memory usage after reset: 7413.30859375 MiB (Increase: 0.0 MiB)
Current lengths of episodes: [99, 99, 99, 99, 1, 98, 98, 42, 98, 45]
Memory usage at done (index 3, length 99, since_prev 2): 7413.30859375 MiB (Increase: 0.0 MiB)
Memory usage before reset: 7413.30859375 MiB (Increase: 0.0 MiB)
Memory usage after reset: 7413.30859375 MiB (Increase: 0.0 MiB)
Current lengths of episodes: [105, 105, 105, 6, 8, 105, 105, 48, 104, 51]
Memory usage at done (index 6, length 105, since_prev 6): 7413.30859375 MiB (Increase: 0.0 MiB)
Memory usage before reset: 7413.30859375 MiB (Increase: 0.0 MiB)
Memory usage after reset: 7413.30859375 MiB (Increase: 0.0 MiB)
Current lengths of episodes: [120, 120, 120, 20, 22, 119, 14, 63, 119, 66]
Memory usage at done (index 2, length 120, since_prev 15): 7413.30859375 MiB (Increase: 0.0 MiB)
Memory usage before reset: 7413.30859375 MiB (Increase: 0.0 MiB)
Memory usage after reset: 7413.30859375 MiB (Increase: 0.0 MiB)
Current lengths of episodes: [120, 120, 0, 21, 23, 120, 15, 64, 119, 66]
Memory usage at done (index 7, length 64, since_prev 0): 7413.30859375 MiB (Increase: 0.0 MiB)
Memory usage before reset: 7413.30859375 MiB (Increase: 0.0 MiB)
Memory usage after reset: 7413.30859375 MiB (Increase: 0.0 MiB)
Current lengths of episodes: [146, 146, 26, 47, 49, 145, 40, 25, 145, 92]
Memory usage at done (index 4, length 49, since_prev 26): 7413.30859375 MiB (Increase: 0.0 MiB)
Memory usage before reset: 7413.30859375 MiB (Increase: 0.0 MiB)
Memory usage after reset: 7413.30859375 MiB (Increase: 0.0 MiB)
Current lengths of episodes: [179, 179, 59, 79, 32, 178, 73, 58, 178, 125]
Memory usage at done (index 2, length 59, since_prev 33): 7413.30859375 MiB (Increase: 0.0 MiB)
Memory usage before reset: 7413.30859375 MiB (Increase: 0.0 MiB)
Memory usage after reset: 7413.30859375 MiB (Increase: 0.0 MiB)
Current lengths of episodes: [209, 209, 30, 110, 63, 208, 103, 88, 208, 155]
Memory usage at done (index 4, length 63, since_prev 30): 7413.30859375 MiB (Increase: 0.0 MiB)
Memory usage before reset: 7413.30859375 MiB (Increase: 0.0 MiB)
Memory usage after reset: 7413.30859375 MiB (Increase: 0.0 MiB)
Training episode 830
Memory usage at middle: 7413.30859375 MiB (Increase: 0.0 MiB)
Memory usage before collect: 7413.30859375 MiB (Increase: 0.0 MiB)
Memory usage after collect: 7413.30859375 MiB (Increase: 0.0 MiB)
Memory usage before initialization: 7413.30859375 MiB (Increase: 0.0 MiB)
Memory usage after initialization: 7413.30859375 MiB (Increase: 0.0 MiB)
Current lengths of episodes: [48, 48, 47, 47, 47, 47, 47, 47, 47, 47]
Memory usage at done (index 1, length 48, since_prev 48): 7413.30859375 MiB (Increase: 0.0 MiB)
Memory usage before reset: 7413.30859375 MiB (Increase: 0.0 MiB)
Memory usage after reset: 7413.30859375 MiB (Increase: 0.0 MiB)
Current lengths of episodes: [48, 0, 48, 48, 47, 47, 47, 47, 47, 47]
Memory usage at done (index 3, length 48, since_prev 0): 7413.30859375 MiB (Increase: 0.0 MiB)
Memory usage before reset: 7413.30859375 MiB (Increase: 0.0 MiB)
Memory usage after reset: 7413.30859375 MiB (Increase: 0.0 MiB)
Current lengths of episodes: [49, 0, 48, 0, 48, 48, 48, 48, 48, 48]
Memory usage at done (index 0, length 49, since_prev 1): 7413.30859375 MiB (Increase: 0.0 MiB)
Memory usage before reset: 7413.30859375 MiB (Increase: 0.0 MiB)
Memory usage after reset: 7413.30859375 MiB (Increase: 0.0 MiB)
Current lengths of episodes: [11, 12, 60, 12, 60, 60, 60, 60, 60, 60]
Memory usage at done (index 9, length 60, since_prev 11): 7413.30859375 MiB (Increase: 0.0 MiB)
Memory usage before reset: 7413.30859375 MiB (Increase: 0.0 MiB)
Memory usage after reset: 7413.30859375 MiB (Increase: 0.0 MiB)
Current lengths of episodes: [47, 48, 96, 47, 95, 95, 95, 95, 95, 35]
Memory usage at done (index 2, length 96, since_prev 36): 7413.30859375 MiB (Increase: 0.0 MiB)
Memory usage before reset: 7413.30859375 MiB (Increase: 0.0 MiB)
Memory usage after reset: 7413.30859375 MiB (Increase: 0.0 MiB)
Current lengths of episodes: [47, 48, 0, 48, 95, 95, 95, 95, 95, 35]
Memory usage at done (index 3, length 48, since_prev 0): 7413.30859375 MiB (Increase: 0.0 MiB)
Memory usage before reset: 7413.30859375 MiB (Increase: 0.0 MiB)
Memory usage after reset: 7413.30859375 MiB (Increase: 0.0 MiB)
Current lengths of episodes: [67, 67, 19, 19, 115, 115, 115, 115, 115, 55]
Memory usage at done (index 0, length 67, since_prev 20): 7413.30859375 MiB (Increase: 0.0 MiB)
Memory usage before reset: 7413.30859375 MiB (Increase: 0.0 MiB)
Memory usage after reset: 7413.30859375 MiB (Increase: 0.0 MiB)
Current lengths of episodes: [93, 161, 113, 113, 209, 209, 209, 209, 209, 149]
Memory usage at done (index 9, length 149, since_prev 93): 7413.30859375 MiB (Increase: 0.0 MiB)
Memory usage before reset: 7413.30859375 MiB (Increase: 0.0 MiB)
Memory usage after reset: 7413.30859375 MiB (Increase: 0.0 MiB)
Current lengths of episodes: [96, 163, 115, 115, 211, 211, 211, 211, 211, 2]
Memory usage at done (index 0, length 96, since_prev 3): 7413.30859375 MiB (Increase: 0.0 MiB)
Memory usage before reset: 7413.30859375 MiB (Increase: 0.0 MiB)
Memory usage after reset: 7413.30859375 MiB (Increase: 0.0 MiB)
Current lengths of episodes: [84, 248, 200, 200, 296, 296, 296, 296, 296, 87]
Memory usage at done (index 9, length 87, since_prev 84): 7413.30859375 MiB (Increase: 0.0 MiB)
Memory usage before reset: 7413.30859375 MiB (Increase: 0.0 MiB)
Memory usage after reset: 7413.30859375 MiB (Increase: 0.0 MiB)
Training episode 840
Memory usage at middle: 7413.30859375 MiB (Increase: 0.0 MiB)
Memory usage before collect: 7413.30859375 MiB (Increase: 0.0 MiB)
Memory usage after collect: 7413.30859375 MiB (Increase: 0.0 MiB)
Memory usage before initialization: 7413.30859375 MiB (Increase: 0.0 MiB)
Memory usage after initialization: 7413.30859375 MiB (Increase: 0.0 MiB)
Current lengths of episodes: [69, 69, 69, 69, 69, 69, 69, 69, 68, 68]
Memory usage at done (index 7, length 69, since_prev 69): 7413.30859375 MiB (Increase: 0.0 MiB)
Memory usage before reset: 7413.30859375 MiB (Increase: 0.0 MiB)
Memory usage after reset: 7413.30859375 MiB (Increase: 0.0 MiB)
Current lengths of episodes: [165, 165, 165, 165, 165, 165, 164, 95, 164, 164]
Memory usage at done (index 5, length 165, since_prev 96): 7413.30859375 MiB (Increase: 0.0 MiB)
Memory usage before reset: 7413.30859375 MiB (Increase: 0.0 MiB)
Memory usage after reset: 7413.30859375 MiB (Increase: 0.0 MiB)
Current lengths of episodes: [235, 235, 235, 235, 235, 70, 234, 165, 234, 234]
Memory usage at done (index 5, length 70, since_prev 70): 7413.30859375 MiB (Increase: 0.0 MiB)
Memory usage before reset: 7413.30859375 MiB (Increase: 0.0 MiB)
Memory usage after reset: 7413.30859375 MiB (Increase: 0.0 MiB)
Current lengths of episodes: [1600, 1599, 1599, 1599, 1599, 1364, 1599, 1530, 1599, 1599]
Memory usage at done (index 0, length 1600, since_prev 1365): 7413.30859375 MiB (Increase: 0.0 MiB)
Memory usage before reset: 7413.30859375 MiB (Increase: 0.0 MiB)
Memory usage after reset: 7413.30859375 MiB (Increase: 0.0 MiB)
Current lengths of episodes: [0, 1600, 1599, 1599, 1599, 1364, 1599, 1530, 1599, 1599]
Memory usage at done (index 1, length 1600, since_prev 0): 7413.30859375 MiB (Increase: 0.0 MiB)
Memory usage before reset: 7413.30859375 MiB (Increase: 0.0 MiB)
Memory usage after reset: 7413.30859375 MiB (Increase: 0.0 MiB)
Current lengths of episodes: [0, 0, 1600, 1599, 1599, 1364, 1599, 1530, 1599, 1599]
Memory usage at done (index 2, length 1600, since_prev 0): 7413.30859375 MiB (Increase: 0.0 MiB)
Memory usage before reset: 7413.30859375 MiB (Increase: 0.0 MiB)
Memory usage after reset: 7413.30859375 MiB (Increase: 0.0 MiB)
Current lengths of episodes: [0, 0, 0, 1600, 1599, 1364, 1599, 1530, 1599, 1599]
Memory usage at done (index 3, length 1600, since_prev 0): 7413.30859375 MiB (Increase: 0.0 MiB)
Memory usage before reset: 7413.30859375 MiB (Increase: 0.0 MiB)
Memory usage after reset: 7413.30859375 MiB (Increase: 0.0 MiB)
Current lengths of episodes: [0, 0, 0, 0, 1600, 1364, 1599, 1530, 1599, 1599]
Memory usage at done (index 4, length 1600, since_prev 0): 7413.30859375 MiB (Increase: 0.0 MiB)
Memory usage before reset: 7413.30859375 MiB (Increase: 0.0 MiB)
Memory usage after reset: 7413.30859375 MiB (Increase: 0.0 MiB)
Current lengths of episodes: [0, 0, 0, 0, 0, 1365, 1600, 1530, 1599, 1599]
Memory usage at done (index 6, length 1600, since_prev 0): 7413.30859375 MiB (Increase: 0.0 MiB)
Memory usage before reset: 7413.30859375 MiB (Increase: 0.0 MiB)
Memory usage after reset: 7413.30859375 MiB (Increase: 0.0 MiB)
Current lengths of episodes: [0, 0, 0, 0, 0, 1365, 0, 1531, 1600, 1599]
Memory usage at done (index 8, length 1600, since_prev 0): 7413.30859375 MiB (Increase: 0.0 MiB)
Memory usage before reset: 7413.30859375 MiB (Increase: 0.0 MiB)
Memory usage after reset: 7413.30859375 MiB (Increase: 0.0 MiB)
Training episode 850
Memory usage at middle: 7413.30859375 MiB (Increase: 0.0 MiB)
Memory usage before collect: 7413.30859375 MiB (Increase: 0.0 MiB)
Memory usage after collect: 7413.30859375 MiB (Increase: 0.0 MiB)
Episode 850	Average evaluation: -21.45732839469028
Memory usage before initialization: 7413.30859375 MiB (Increase: 0.0 MiB)
Memory usage after initialization: 7413.30859375 MiB (Increase: 0.0 MiB)
Current lengths of episodes: [60, 60, 60, 60, 60, 60, 59, 59, 59, 59]
Memory usage at done (index 5, length 60, since_prev 60): 7413.30859375 MiB (Increase: 0.0 MiB)
Memory usage before reset: 7413.30859375 MiB (Increase: 0.0 MiB)
Memory usage after reset: 7413.30859375 MiB (Increase: 0.0 MiB)
Current lengths of episodes: [70, 70, 70, 70, 70, 9, 69, 69, 69, 69]
Memory usage at done (index 4, length 70, since_prev 10): 7413.30859375 MiB (Increase: 0.0 MiB)
Memory usage before reset: 7413.30859375 MiB (Increase: 0.0 MiB)
Memory usage after reset: 7413.30859375 MiB (Increase: 0.0 MiB)
Current lengths of episodes: [84, 84, 84, 84, 14, 24, 84, 84, 84, 84]
Memory usage at done (index 9, length 84, since_prev 14): 7413.30859375 MiB (Increase: 0.0 MiB)
Memory usage before reset: 7413.30859375 MiB (Increase: 0.0 MiB)
Memory usage after reset: 7413.30859375 MiB (Increase: 0.0 MiB)
Current lengths of episodes: [118, 118, 117, 117, 47, 57, 117, 117, 117, 33]
Memory usage at done (index 1, length 118, since_prev 34): 7413.30859375 MiB (Increase: 0.0 MiB)
Memory usage before reset: 7413.30859375 MiB (Increase: 0.0 MiB)
Memory usage after reset: 7413.30859375 MiB (Increase: 0.0 MiB)
Current lengths of episodes: [159, 41, 159, 159, 89, 98, 158, 158, 158, 74]
Memory usage at done (index 4, length 89, since_prev 41): 7413.30859375 MiB (Increase: 0.0 MiB)
Memory usage before reset: 7413.30859375 MiB (Increase: 0.0 MiB)
Memory usage after reset: 7413.30859375 MiB (Increase: 0.0 MiB)
Current lengths of episodes: [174, 56, 173, 173, 14, 113, 173, 173, 173, 89]
Memory usage at done (index 1, length 56, since_prev 15): 7413.30859375 MiB (Increase: 0.0 MiB)
Memory usage before reset: 7413.30859375 MiB (Increase: 0.0 MiB)
Memory usage after reset: 7413.30859375 MiB (Increase: 0.0 MiB)
Current lengths of episodes: [1600, 1425, 1599, 1599, 1440, 1539, 1599, 1599, 1599, 1515]
Memory usage at done (index 0, length 1600, since_prev 1426): 7413.30859375 MiB (Increase: 0.0 MiB)
Memory usage before reset: 7413.30859375 MiB (Increase: 0.0 MiB)
Memory usage after reset: 7413.30859375 MiB (Increase: 0.0 MiB)
Current lengths of episodes: [0, 1426, 1600, 1599, 1440, 1539, 1599, 1599, 1599, 1515]
Memory usage at done (index 2, length 1600, since_prev 0): 7413.30859375 MiB (Increase: 0.0 MiB)
Memory usage before reset: 7413.30859375 MiB (Increase: 0.0 MiB)
Memory usage after reset: 7413.30859375 MiB (Increase: 0.0 MiB)
Current lengths of episodes: [0, 1426, 0, 1600, 1440, 1539, 1599, 1599, 1599, 1515]
Memory usage at done (index 3, length 1600, since_prev 0): 7413.30859375 MiB (Increase: 0.0 MiB)
Memory usage before reset: 7413.30859375 MiB (Increase: 0.0 MiB)
Memory usage after reset: 7413.30859375 MiB (Increase: 0.0 MiB)
Current lengths of episodes: [0, 1426, 0, 0, 1441, 1540, 1600, 1599, 1599, 1515]
Memory usage at done (index 6, length 1600, since_prev 0): 7413.30859375 MiB (Increase: 0.0 MiB)
Memory usage before reset: 7413.30859375 MiB (Increase: 0.0 MiB)
Memory usage after reset: 7413.30859375 MiB (Increase: 0.0 MiB)
Training episode 860
Memory usage at middle: 7413.30859375 MiB (Increase: 0.0 MiB)
Memory usage before collect: 7413.30859375 MiB (Increase: 0.0 MiB)
Memory usage after collect: 7413.30859375 MiB (Increase: 0.0 MiB)
Memory usage before initialization: 7413.30859375 MiB (Increase: 0.0 MiB)
Memory usage after initialization: 7413.30859375 MiB (Increase: 0.0 MiB)
Current lengths of episodes: [64, 64, 64, 64, 64, 64, 64, 63, 63, 63]
Memory usage at done (index 6, length 64, since_prev 64): 7413.30859375 MiB (Increase: 0.0 MiB)
Memory usage before reset: 7413.30859375 MiB (Increase: 0.0 MiB)
Memory usage after reset: 7413.30859375 MiB (Increase: 0.0 MiB)
Current lengths of episodes: [69, 69, 69, 69, 69, 69, 5, 69, 68, 68]
Memory usage at done (index 7, length 69, since_prev 5): 7413.30859375 MiB (Increase: 0.0 MiB)
Memory usage before reset: 7413.30859375 MiB (Increase: 0.0 MiB)
Memory usage after reset: 7413.30859375 MiB (Increase: 0.0 MiB)
Current lengths of episodes: [78, 78, 78, 77, 77, 77, 13, 8, 77, 77]
Memory usage at done (index 2, length 78, since_prev 9): 7413.30859375 MiB (Increase: 0.0 MiB)
Memory usage before reset: 7413.30859375 MiB (Increase: 0.0 MiB)
Memory usage after reset: 7413.30859375 MiB (Increase: 0.0 MiB)
Current lengths of episodes: [80, 80, 2, 80, 80, 80, 16, 11, 80, 79]
Memory usage at done (index 8, length 80, since_prev 2): 7413.30859375 MiB (Increase: 0.0 MiB)
Memory usage before reset: 7413.30859375 MiB (Increase: 0.0 MiB)
Memory usage after reset: 7413.30859375 MiB (Increase: 0.0 MiB)
Current lengths of episodes: [138, 138, 60, 138, 138, 138, 74, 68, 57, 137]
Memory usage at done (index 6, length 74, since_prev 58): 7413.30859375 MiB (Increase: 0.0 MiB)
Memory usage before reset: 7413.30859375 MiB (Increase: 0.0 MiB)
Memory usage after reset: 7413.30859375 MiB (Increase: 0.0 MiB)
Current lengths of episodes: [189, 189, 111, 189, 189, 189, 51, 119, 108, 188]
Memory usage at done (index 6, length 51, since_prev 51): 7413.30859375 MiB (Increase: 0.0 MiB)
Memory usage before reset: 7413.30859375 MiB (Increase: 0.0 MiB)
Memory usage after reset: 7413.30859375 MiB (Increase: 0.0 MiB)
Current lengths of episodes: [902, 902, 824, 902, 902, 902, 713, 833, 822, 901]
Memory usage at done (index 8, length 822, since_prev 713): 7413.30859375 MiB (Increase: 0.0 MiB)
Memory usage before reset: 7413.30859375 MiB (Increase: 0.0 MiB)
Memory usage after reset: 7413.30859375 MiB (Increase: 0.0 MiB)
Current lengths of episodes: [1600, 1599, 1521, 1599, 1599, 1599, 1410, 1530, 697, 1599]
Memory usage at done (index 0, length 1600, since_prev 698): 7413.30859375 MiB (Increase: 0.0 MiB)
Memory usage before reset: 7413.30859375 MiB (Increase: 0.0 MiB)
Memory usage after reset: 7413.30859375 MiB (Increase: 0.0 MiB)
Current lengths of episodes: [0, 1600, 1521, 1599, 1599, 1599, 1410, 1530, 697, 1599]
Memory usage at done (index 1, length 1600, since_prev 0): 7413.30859375 MiB (Increase: 0.0 MiB)
Memory usage before reset: 7413.30859375 MiB (Increase: 0.0 MiB)
Memory usage after reset: 7413.30859375 MiB (Increase: 0.0 MiB)
Current lengths of episodes: [0, 0, 1522, 1600, 1599, 1599, 1410, 1530, 697, 1599]
Memory usage at done (index 3, length 1600, since_prev 0): 7413.30859375 MiB (Increase: 0.0 MiB)
Memory usage before reset: 7413.30859375 MiB (Increase: 0.0 MiB)
Memory usage after reset: 7413.30859375 MiB (Increase: 0.0 MiB)
Training episode 870
Memory usage at middle: 7413.30859375 MiB (Increase: 0.0 MiB)
Memory usage before collect: 7413.30859375 MiB (Increase: 0.0 MiB)
Memory usage after collect: 7413.30859375 MiB (Increase: 0.0 MiB)
Memory usage before initialization: 7413.30859375 MiB (Increase: 0.0 MiB)
Memory usage after initialization: 7413.30859375 MiB (Increase: 0.0 MiB)
Current lengths of episodes: [59, 59, 59, 59, 59, 59, 59, 59, 59, 59]
Memory usage at done (index 9, length 59, since_prev 59): 7413.30859375 MiB (Increase: 0.0 MiB)
Memory usage before reset: 7413.30859375 MiB (Increase: 0.0 MiB)
Memory usage after reset: 7413.30859375 MiB (Increase: 0.0 MiB)
Current lengths of episodes: [62, 62, 62, 62, 62, 61, 61, 61, 61, 2]
Memory usage at done (index 4, length 62, since_prev 3): 7413.30859375 MiB (Increase: 0.0 MiB)
Memory usage before reset: 7413.30859375 MiB (Increase: 0.0 MiB)
Memory usage after reset: 7413.30859375 MiB (Increase: 0.0 MiB)
Current lengths of episodes: [64, 64, 64, 64, 1, 63, 63, 63, 63, 4]
Memory usage at done (index 3, length 64, since_prev 2): 7413.30859375 MiB (Increase: 0.0 MiB)
Memory usage before reset: 7413.30859375 MiB (Increase: 0.0 MiB)
Memory usage after reset: 7413.30859375 MiB (Increase: 0.0 MiB)
Current lengths of episodes: [79, 79, 79, 15, 17, 79, 79, 79, 78, 19]
Memory usage at done (index 7, length 79, since_prev 15): 7413.30859375 MiB (Increase: 0.0 MiB)
Memory usage before reset: 7413.30859375 MiB (Increase: 0.0 MiB)
Memory usage after reset: 7413.30859375 MiB (Increase: 0.0 MiB)
Current lengths of episodes: [87, 87, 87, 22, 24, 86, 86, 7, 86, 27]
Memory usage at done (index 2, length 87, since_prev 8): 7413.30859375 MiB (Increase: 0.0 MiB)
Memory usage before reset: 7413.30859375 MiB (Increase: 0.0 MiB)
Memory usage after reset: 7413.30859375 MiB (Increase: 0.0 MiB)
Current lengths of episodes: [1087, 1087, 1000, 1023, 1025, 1086, 1086, 1007, 1086, 1027]
Memory usage at done (index 4, length 1025, since_prev 1000): 7413.30859375 MiB (Increase: 0.0 MiB)
Memory usage before reset: 7413.30859375 MiB (Increase: 0.0 MiB)
Memory usage after reset: 7413.30859375 MiB (Increase: 0.0 MiB)
Current lengths of episodes: [1102, 1102, 1015, 1038, 15, 1102, 1101, 1022, 1101, 1042]
Memory usage at done (index 5, length 1102, since_prev 15): 7413.30859375 MiB (Increase: 0.0 MiB)
Memory usage before reset: 7413.30859375 MiB (Increase: 0.0 MiB)
Memory usage after reset: 7413.30859375 MiB (Increase: 0.0 MiB)
Current lengths of episodes: [1149, 1149, 1062, 1085, 62, 46, 1148, 1069, 1148, 1089]
Memory usage at done (index 4, length 62, since_prev 47): 7413.30859375 MiB (Increase: 0.0 MiB)
Memory usage before reset: 7413.30859375 MiB (Increase: 0.0 MiB)
Memory usage after reset: 7413.30859375 MiB (Increase: 0.0 MiB)
Current lengths of episodes: [1188, 1188, 1100, 1123, 38, 85, 1187, 1108, 1187, 1128]
Memory usage at done (index 1, length 1188, since_prev 39): 7413.30859375 MiB (Increase: 0.0 MiB)
Memory usage before reset: 7413.30859375 MiB (Increase: 0.0 MiB)
Memory usage after reset: 7413.30859375 MiB (Increase: 0.0 MiB)
Current lengths of episodes: [1600, 411, 1512, 1535, 450, 497, 1599, 1520, 1599, 1540]
Memory usage at done (index 0, length 1600, since_prev 412): 7413.30859375 MiB (Increase: 0.0 MiB)
Memory usage before reset: 7413.30859375 MiB (Increase: 0.0 MiB)
Memory usage after reset: 7413.30859375 MiB (Increase: 0.0 MiB)
Training episode 880
Memory usage at middle: 7413.30859375 MiB (Increase: 0.0 MiB)
Memory usage before collect: 7413.30859375 MiB (Increase: 0.0 MiB)
Memory usage after collect: 7413.30859375 MiB (Increase: 0.0 MiB)
Memory usage before initialization: 7413.30859375 MiB (Increase: 0.0 MiB)
Memory usage after initialization: 7413.30859375 MiB (Increase: 0.0 MiB)
Current lengths of episodes: [48, 48, 48, 48, 48, 48, 48, 47, 47, 47]
Memory usage at done (index 6, length 48, since_prev 48): 7413.30859375 MiB (Increase: 0.0 MiB)
Memory usage before reset: 7413.30859375 MiB (Increase: 0.0 MiB)
Memory usage after reset: 7413.30859375 MiB (Increase: 0.0 MiB)
Current lengths of episodes: [80, 79, 79, 79, 79, 79, 31, 79, 79, 79]
Memory usage at done (index 0, length 80, since_prev 32): 7413.30859375 MiB (Increase: 0.0 MiB)
Memory usage before reset: 7413.30859375 MiB (Increase: 0.0 MiB)
Memory usage after reset: 7413.30859375 MiB (Increase: 0.0 MiB)
Current lengths of episodes: [2, 82, 82, 81, 81, 81, 33, 81, 81, 81]
Memory usage at done (index 2, length 82, since_prev 2): 7413.30859375 MiB (Increase: 0.0 MiB)
Memory usage before reset: 7413.30859375 MiB (Increase: 0.0 MiB)
Memory usage after reset: 7413.30859375 MiB (Increase: 0.0 MiB)
Current lengths of episodes: [12, 92, 10, 92, 92, 92, 44, 92, 92, 91]
Memory usage at done (index 8, length 92, since_prev 10): 7413.30859375 MiB (Increase: 0.0 MiB)
Memory usage before reset: 7413.30859375 MiB (Increase: 0.0 MiB)
Memory usage after reset: 7413.30859375 MiB (Increase: 0.0 MiB)
Current lengths of episodes: [20, 100, 18, 100, 100, 99, 51, 99, 7, 99]
Memory usage at done (index 4, length 100, since_prev 8): 7413.30859375 MiB (Increase: 0.0 MiB)
Memory usage before reset: 7413.30859375 MiB (Increase: 0.0 MiB)
Memory usage after reset: 7413.30859375 MiB (Increase: 0.0 MiB)
Current lengths of episodes: [62, 142, 60, 142, 42, 142, 94, 141, 49, 141]
Memory usage at done (index 6, length 94, since_prev 42): 7413.30859375 MiB (Increase: 0.0 MiB)
Memory usage before reset: 7413.30859375 MiB (Increase: 0.0 MiB)
Memory usage after reset: 7413.30859375 MiB (Increase: 0.0 MiB)
Current lengths of episodes: [98, 178, 96, 178, 78, 178, 36, 177, 85, 177]
Memory usage at done (index 6, length 36, since_prev 36): 7413.30859375 MiB (Increase: 0.0 MiB)
Memory usage before reset: 7413.30859375 MiB (Increase: 0.0 MiB)
Memory usage after reset: 7413.30859375 MiB (Increase: 0.0 MiB)
Current lengths of episodes: [141, 221, 139, 221, 121, 220, 42, 220, 128, 220]
Memory usage at done (index 4, length 121, since_prev 43): 7413.30859375 MiB (Increase: 0.0 MiB)
Memory usage before reset: 7413.30859375 MiB (Increase: 0.0 MiB)
Memory usage after reset: 7413.30859375 MiB (Increase: 0.0 MiB)
Current lengths of episodes: [185, 265, 183, 265, 44, 265, 87, 264, 172, 264]
Memory usage at done (index 6, length 87, since_prev 44): 7413.30859375 MiB (Increase: 0.0 MiB)
Memory usage before reset: 7413.30859375 MiB (Increase: 0.0 MiB)
Memory usage after reset: 7413.30859375 MiB (Increase: 0.0 MiB)
Current lengths of episodes: [200, 280, 198, 280, 59, 279, 14, 279, 187, 279]
Memory usage at done (index 4, length 59, since_prev 15): 7413.30859375 MiB (Increase: 0.0 MiB)
Memory usage before reset: 7413.30859375 MiB (Increase: 0.0 MiB)
Memory usage after reset: 7413.30859375 MiB (Increase: 0.0 MiB)
Training episode 890
Memory usage at middle: 7413.30859375 MiB (Increase: 0.0 MiB)
Memory usage before collect: 7413.30859375 MiB (Increase: 0.0 MiB)
Memory usage after collect: 7413.30859375 MiB (Increase: 0.0 MiB)
Memory usage before initialization: 7413.30859375 MiB (Increase: 0.0 MiB)
Memory usage after initialization: 7413.30859375 MiB (Increase: 0.0 MiB)
Current lengths of episodes: [51, 51, 51, 51, 51, 51, 51, 51, 50, 50]
Memory usage at done (index 7, length 51, since_prev 51): 7413.30859375 MiB (Increase: 0.0 MiB)
Memory usage before reset: 7413.30859375 MiB (Increase: 0.0 MiB)
Memory usage after reset: 7413.30859375 MiB (Increase: 0.0 MiB)
Current lengths of episodes: [59, 59, 59, 59, 59, 58, 58, 7, 58, 58]
Memory usage at done (index 4, length 59, since_prev 8): 7413.30859375 MiB (Increase: 0.0 MiB)
Memory usage before reset: 7413.30859375 MiB (Increase: 0.0 MiB)
Memory usage after reset: 7413.30859375 MiB (Increase: 0.0 MiB)
Current lengths of episodes: [60, 60, 60, 59, 0, 59, 59, 8, 59, 59]
Memory usage at done (index 2, length 60, since_prev 1): 7413.30859375 MiB (Increase: 0.0 MiB)
Memory usage before reset: 7413.30859375 MiB (Increase: 0.0 MiB)
Memory usage after reset: 7413.30859375 MiB (Increase: 0.0 MiB)
Current lengths of episodes: [72, 72, 12, 72, 12, 71, 71, 20, 71, 71]
Memory usage at done (index 3, length 72, since_prev 12): 7413.30859375 MiB (Increase: 0.0 MiB)
Memory usage before reset: 7413.30859375 MiB (Increase: 0.0 MiB)
Memory usage after reset: 7413.30859375 MiB (Increase: 0.0 MiB)
Current lengths of episodes: [135, 135, 75, 62, 75, 134, 134, 83, 134, 134]
Memory usage at done (index 2, length 75, since_prev 63): 7413.30859375 MiB (Increase: 0.0 MiB)
Memory usage before reset: 7413.30859375 MiB (Increase: 0.0 MiB)
Memory usage after reset: 7413.30859375 MiB (Increase: 0.0 MiB)
Current lengths of episodes: [151, 151, 16, 79, 92, 151, 151, 100, 151, 151]
Memory usage at done (index 9, length 151, since_prev 16): 7413.30859375 MiB (Increase: 0.0 MiB)
Memory usage before reset: 7413.30859375 MiB (Increase: 0.0 MiB)
Memory usage after reset: 7413.30859375 MiB (Increase: 0.0 MiB)
Current lengths of episodes: [1059, 1059, 924, 987, 999, 1058, 1058, 1007, 1058, 907]
Memory usage at done (index 3, length 987, since_prev 908): 7413.30859375 MiB (Increase: 0.0 MiB)
Memory usage before reset: 7413.30859375 MiB (Increase: 0.0 MiB)
Memory usage after reset: 7413.30859375 MiB (Increase: 0.0 MiB)
Current lengths of episodes: [1121, 1121, 986, 62, 1061, 1120, 1120, 1069, 1120, 969]
Memory usage at done (index 3, length 62, since_prev 62): 7413.30859375 MiB (Increase: 0.0 MiB)
Memory usage before reset: 7413.30859375 MiB (Increase: 0.0 MiB)
Memory usage after reset: 7413.30859375 MiB (Increase: 0.0 MiB)
Current lengths of episodes: [1305, 1305, 1170, 184, 1246, 1305, 1305, 1253, 1304, 1153]
Memory usage at done (index 6, length 1305, since_prev 184): 7413.30859375 MiB (Increase: 0.0 MiB)
Memory usage before reset: 7413.30859375 MiB (Increase: 0.0 MiB)
Memory usage after reset: 7413.30859375 MiB (Increase: 0.0 MiB)
Current lengths of episodes: [1412, 1412, 1277, 291, 1353, 1412, 107, 1360, 1411, 1260]
Memory usage at done (index 6, length 107, since_prev 107): 7413.30859375 MiB (Increase: 0.0 MiB)
Memory usage before reset: 7413.30859375 MiB (Increase: 0.0 MiB)
Memory usage after reset: 7413.30859375 MiB (Increase: 0.0 MiB)
Training episode 900
Memory usage at middle: 7413.30859375 MiB (Increase: 0.0 MiB)
Memory usage before collect: 7413.30859375 MiB (Increase: 0.0 MiB)
Memory usage after collect: 7413.30859375 MiB (Increase: 0.0 MiB)
Episode 900	Average evaluation: -21.88668953502091
Memory usage before initialization: 7413.30859375 MiB (Increase: 0.0 MiB)
Memory usage after initialization: 7413.30859375 MiB (Increase: 0.0 MiB)
Current lengths of episodes: [80, 80, 80, 80, 80, 80, 80, 79, 79, 79]
Memory usage at done (index 6, length 80, since_prev 80): 7413.30859375 MiB (Increase: 0.0 MiB)
Memory usage before reset: 7413.30859375 MiB (Increase: 0.0 MiB)
Memory usage after reset: 7413.30859375 MiB (Increase: 0.0 MiB)
Current lengths of episodes: [94, 94, 94, 94, 94, 94, 14, 94, 94, 93]
Memory usage at done (index 8, length 94, since_prev 14): 7413.30859375 MiB (Increase: 0.0 MiB)
Memory usage before reset: 7413.30859375 MiB (Increase: 0.0 MiB)
Memory usage after reset: 7413.30859375 MiB (Increase: 0.0 MiB)
Current lengths of episodes: [122, 122, 122, 121, 121, 121, 41, 121, 27, 121]
Memory usage at done (index 2, length 122, since_prev 28): 7413.30859375 MiB (Increase: 0.0 MiB)
Memory usage before reset: 7413.30859375 MiB (Increase: 0.0 MiB)
Memory usage after reset: 7413.30859375 MiB (Increase: 0.0 MiB)
Current lengths of episodes: [137, 137, 15, 137, 137, 137, 57, 137, 43, 136]
Memory usage at done (index 8, length 43, since_prev 15): 7413.30859375 MiB (Increase: 0.0 MiB)
Memory usage before reset: 7413.30859375 MiB (Increase: 0.0 MiB)
Memory usage after reset: 7413.30859375 MiB (Increase: 0.0 MiB)
Current lengths of episodes: [161, 161, 39, 161, 161, 161, 81, 160, 23, 160]
Memory usage at done (index 6, length 81, since_prev 24): 7413.30859375 MiB (Increase: 0.0 MiB)
Memory usage before reset: 7413.30859375 MiB (Increase: 0.0 MiB)
Memory usage after reset: 7413.30859375 MiB (Increase: 0.0 MiB)
Current lengths of episodes: [214, 214, 92, 214, 214, 214, 53, 214, 77, 213]
Memory usage at done (index 8, length 77, since_prev 53): 7413.30859375 MiB (Increase: 0.0 MiB)
Memory usage before reset: 7413.30859375 MiB (Increase: 0.0 MiB)
Memory usage after reset: 7413.30859375 MiB (Increase: 0.0 MiB)
Current lengths of episodes: [221, 221, 99, 221, 221, 221, 60, 220, 6, 220]
Memory usage at done (index 6, length 60, since_prev 7): 7413.30859375 MiB (Increase: 0.0 MiB)
Memory usage before reset: 7413.30859375 MiB (Increase: 0.0 MiB)
Memory usage after reset: 7413.30859375 MiB (Increase: 0.0 MiB)
Current lengths of episodes: [289, 289, 167, 289, 289, 289, 68, 289, 75, 288]
Memory usage at done (index 8, length 75, since_prev 68): 7413.30859375 MiB (Increase: 0.0 MiB)
Memory usage before reset: 7413.30859375 MiB (Increase: 0.0 MiB)
Memory usage after reset: 7413.30859375 MiB (Increase: 0.0 MiB)
Current lengths of episodes: [307, 307, 185, 307, 307, 307, 86, 306, 17, 306]
Memory usage at done (index 6, length 86, since_prev 18): 7413.30859375 MiB (Increase: 0.0 MiB)
Memory usage before reset: 7413.30859375 MiB (Increase: 0.0 MiB)
Memory usage after reset: 7413.30859375 MiB (Increase: 0.0 MiB)
Current lengths of episodes: [368, 368, 246, 368, 368, 368, 61, 368, 79, 367]
Memory usage at done (index 8, length 79, since_prev 61): 7413.30859375 MiB (Increase: 0.0 MiB)
Memory usage before reset: 7413.30859375 MiB (Increase: 0.0 MiB)
Memory usage after reset: 7413.30859375 MiB (Increase: 0.0 MiB)
Training episode 910
Memory usage at middle: 7413.30859375 MiB (Increase: 0.0 MiB)
Memory usage before collect: 7413.30859375 MiB (Increase: 0.0 MiB)
Memory usage after collect: 7413.30859375 MiB (Increase: 0.0 MiB)
Memory usage before initialization: 7413.30859375 MiB (Increase: 0.0 MiB)
Memory usage after initialization: 7413.30859375 MiB (Increase: 0.0 MiB)
Current lengths of episodes: [1600, 1599, 1599, 1599, 1599, 1599, 1599, 1599, 1599, 1599]
Memory usage at done (index 0, length 1600, since_prev 1600): 7413.30859375 MiB (Increase: 0.0 MiB)
Memory usage before reset: 7413.30859375 MiB (Increase: 0.0 MiB)
Memory usage after reset: 7413.30859375 MiB (Increase: 0.0 MiB)
Current lengths of episodes: [0, 1600, 1599, 1599, 1599, 1599, 1599, 1599, 1599, 1599]
Memory usage at done (index 1, length 1600, since_prev 0): 7413.30859375 MiB (Increase: 0.0 MiB)
Memory usage before reset: 7413.30859375 MiB (Increase: 0.0 MiB)
Memory usage after reset: 7413.30859375 MiB (Increase: 0.0 MiB)
Current lengths of episodes: [0, 0, 1600, 1599, 1599, 1599, 1599, 1599, 1599, 1599]
Memory usage at done (index 2, length 1600, since_prev 0): 7413.30859375 MiB (Increase: 0.0 MiB)
Memory usage before reset: 7413.30859375 MiB (Increase: 0.0 MiB)
Memory usage after reset: 7413.30859375 MiB (Increase: 0.0 MiB)
Current lengths of episodes: [0, 0, 0, 1600, 1599, 1599, 1599, 1599, 1599, 1599]
Memory usage at done (index 3, length 1600, since_prev 0): 7413.30859375 MiB (Increase: 0.0 MiB)
Memory usage before reset: 7413.30859375 MiB (Increase: 0.0 MiB)
Memory usage after reset: 7413.30859375 MiB (Increase: 0.0 MiB)
Current lengths of episodes: [0, 0, 0, 0, 1600, 1599, 1599, 1599, 1599, 1599]
Memory usage at done (index 4, length 1600, since_prev 0): 7413.30859375 MiB (Increase: 0.0 MiB)
Memory usage before reset: 7413.30859375 MiB (Increase: 0.0 MiB)
Memory usage after reset: 7413.30859375 MiB (Increase: 0.0 MiB)
Current lengths of episodes: [0, 0, 0, 0, 0, 1600, 1599, 1599, 1599, 1599]
Memory usage at done (index 5, length 1600, since_prev 0): 7413.30859375 MiB (Increase: 0.0 MiB)
Memory usage before reset: 7413.30859375 MiB (Increase: 0.0 MiB)
Memory usage after reset: 7413.30859375 MiB (Increase: 0.0 MiB)
Current lengths of episodes: [0, 0, 0, 0, 0, 0, 1600, 1599, 1599, 1599]
Memory usage at done (index 6, length 1600, since_prev 0): 7413.30859375 MiB (Increase: 0.0 MiB)
Memory usage before reset: 7413.30859375 MiB (Increase: 0.0 MiB)
Memory usage after reset: 7413.30859375 MiB (Increase: 0.0 MiB)
Current lengths of episodes: [0, 0, 0, 0, 0, 0, 0, 1600, 1599, 1599]
Memory usage at done (index 7, length 1600, since_prev 0): 7413.30859375 MiB (Increase: 0.0 MiB)
Memory usage before reset: 7413.30859375 MiB (Increase: 0.0 MiB)
Memory usage after reset: 7413.30859375 MiB (Increase: 0.0 MiB)
Current lengths of episodes: [0, 0, 0, 0, 0, 0, 0, 0, 1600, 1599]
Memory usage at done (index 8, length 1600, since_prev 0): 7413.30859375 MiB (Increase: 0.0 MiB)
Memory usage before reset: 7413.30859375 MiB (Increase: 0.0 MiB)
Memory usage after reset: 7413.30859375 MiB (Increase: 0.0 MiB)
Current lengths of episodes: [0, 0, 0, 0, 0, 0, 0, 0, 0, 1600]
Memory usage at done (index 9, length 1600, since_prev 0): 7413.30859375 MiB (Increase: 0.0 MiB)
Memory usage before reset: 7413.30859375 MiB (Increase: 0.0 MiB)
Memory usage after reset: 7413.30859375 MiB (Increase: 0.0 MiB)
Training episode 920
Memory usage at middle: 7413.30859375 MiB (Increase: 0.0 MiB)
Memory usage before collect: 7413.30859375 MiB (Increase: 0.0 MiB)
Memory usage after collect: 7413.30859375 MiB (Increase: 0.0 MiB)
Memory usage before initialization: 7413.30859375 MiB (Increase: 0.0 MiB)
Memory usage after initialization: 7413.30859375 MiB (Increase: 0.0 MiB)
Current lengths of episodes: [53, 52, 52, 52, 52, 52, 52, 52, 52, 52]
Memory usage at done (index 0, length 53, since_prev 53): 7413.30859375 MiB (Increase: 0.0 MiB)
Memory usage before reset: 7413.30859375 MiB (Increase: 0.0 MiB)
Memory usage after reset: 7413.30859375 MiB (Increase: 0.0 MiB)
Current lengths of episodes: [7, 60, 60, 60, 60, 60, 60, 60, 60, 59]
Memory usage at done (index 8, length 60, since_prev 7): 7413.30859375 MiB (Increase: 0.0 MiB)
Memory usage before reset: 7413.30859375 MiB (Increase: 0.0 MiB)
Memory usage after reset: 7413.30859375 MiB (Increase: 0.0 MiB)
Current lengths of episodes: [8, 61, 61, 61, 61, 60, 60, 60, 0, 60]
Memory usage at done (index 4, length 61, since_prev 1): 7413.30859375 MiB (Increase: 0.0 MiB)
Memory usage before reset: 7413.30859375 MiB (Increase: 0.0 MiB)
Memory usage after reset: 7413.30859375 MiB (Increase: 0.0 MiB)
Current lengths of episodes: [11, 64, 64, 64, 3, 64, 64, 64, 4, 64]
Memory usage at done (index 9, length 64, since_prev 3): 7413.30859375 MiB (Increase: 0.0 MiB)
Memory usage before reset: 7413.30859375 MiB (Increase: 0.0 MiB)
Memory usage after reset: 7413.30859375 MiB (Increase: 0.0 MiB)
Current lengths of episodes: [20, 73, 73, 73, 12, 73, 73, 72, 12, 8]
Memory usage at done (index 6, length 73, since_prev 9): 7413.30859375 MiB (Increase: 0.0 MiB)
Memory usage before reset: 7413.30859375 MiB (Increase: 0.0 MiB)
Memory usage after reset: 7413.30859375 MiB (Increase: 0.0 MiB)
Current lengths of episodes: [43, 96, 96, 96, 35, 96, 23, 96, 35, 31]
Memory usage at done (index 7, length 96, since_prev 23): 7413.30859375 MiB (Increase: 0.0 MiB)
Memory usage before reset: 7413.30859375 MiB (Increase: 0.0 MiB)
Memory usage after reset: 7413.30859375 MiB (Increase: 0.0 MiB)
Current lengths of episodes: [46, 99, 99, 98, 37, 98, 25, 2, 38, 34]
Memory usage at done (index 2, length 99, since_prev 3): 7413.30859375 MiB (Increase: 0.0 MiB)
Memory usage before reset: 7413.30859375 MiB (Increase: 0.0 MiB)
Memory usage after reset: 7413.30859375 MiB (Increase: 0.0 MiB)
Current lengths of episodes: [71, 123, 24, 123, 62, 123, 50, 27, 63, 59]
Memory usage at done (index 0, length 71, since_prev 25): 7413.30859375 MiB (Increase: 0.0 MiB)
Memory usage before reset: 7413.30859375 MiB (Increase: 0.0 MiB)
Memory usage after reset: 7413.30859375 MiB (Increase: 0.0 MiB)
Current lengths of episodes: [5, 129, 30, 129, 68, 129, 56, 33, 69, 64]
Memory usage at done (index 8, length 69, since_prev 5): 7413.30859375 MiB (Increase: 0.0 MiB)
Memory usage before reset: 7413.30859375 MiB (Increase: 0.0 MiB)
Memory usage after reset: 7413.30859375 MiB (Increase: 0.0 MiB)
Current lengths of episodes: [40, 164, 65, 164, 102, 163, 90, 67, 34, 99]
Memory usage at done (index 3, length 164, since_prev 35): 7413.30859375 MiB (Increase: 0.0 MiB)
Memory usage before reset: 7413.30859375 MiB (Increase: 0.0 MiB)
Memory usage after reset: 7413.30859375 MiB (Increase: 0.0 MiB)
Training episode 930
Memory usage at middle: 7413.30859375 MiB (Increase: 0.0 MiB)
Memory usage before collect: 7413.30859375 MiB (Increase: 0.0 MiB)
Memory usage after collect: 7413.30859375 MiB (Increase: 0.0 MiB)
Memory usage before initialization: 7413.30859375 MiB (Increase: 0.0 MiB)
Memory usage after initialization: 7413.30859375 MiB (Increase: 0.0 MiB)
Current lengths of episodes: [65, 65, 65, 65, 65, 65, 65, 65, 65, 65]
Memory usage at done (index 9, length 65, since_prev 65): 7413.30859375 MiB (Increase: 0.0 MiB)
Memory usage before reset: 7413.30859375 MiB (Increase: 0.0 MiB)
Memory usage after reset: 7413.30859375 MiB (Increase: 0.0 MiB)
Current lengths of episodes: [72, 71, 71, 71, 71, 71, 71, 71, 71, 6]
Memory usage at done (index 0, length 72, since_prev 7): 7413.30859375 MiB (Increase: 0.0 MiB)
Memory usage before reset: 7413.30859375 MiB (Increase: 0.0 MiB)
Memory usage after reset: 7413.30859375 MiB (Increase: 0.0 MiB)
Current lengths of episodes: [3, 75, 75, 74, 74, 74, 74, 74, 74, 9]
Memory usage at done (index 2, length 75, since_prev 3): 7413.30859375 MiB (Increase: 0.0 MiB)
Memory usage before reset: 7413.30859375 MiB (Increase: 0.0 MiB)
Memory usage after reset: 7413.30859375 MiB (Increase: 0.0 MiB)
Current lengths of episodes: [21, 93, 18, 93, 93, 92, 92, 92, 92, 27]
Memory usage at done (index 4, length 93, since_prev 18): 7413.30859375 MiB (Increase: 0.0 MiB)
Memory usage before reset: 7413.30859375 MiB (Increase: 0.0 MiB)
Memory usage after reset: 7413.30859375 MiB (Increase: 0.0 MiB)
Current lengths of episodes: [30, 102, 27, 102, 9, 102, 102, 102, 102, 36]
Memory usage at done (index 8, length 102, since_prev 9): 7413.30859375 MiB (Increase: 0.0 MiB)
Memory usage before reset: 7413.30859375 MiB (Increase: 0.0 MiB)
Memory usage after reset: 7413.30859375 MiB (Increase: 0.0 MiB)
Current lengths of episodes: [48, 120, 45, 120, 27, 120, 120, 120, 17, 54]
Memory usage at done (index 7, length 120, since_prev 18): 7413.30859375 MiB (Increase: 0.0 MiB)
Memory usage before reset: 7413.30859375 MiB (Increase: 0.0 MiB)
Memory usage after reset: 7413.30859375 MiB (Increase: 0.0 MiB)
Current lengths of episodes: [693, 765, 690, 764, 671, 764, 764, 644, 662, 699]
Memory usage at done (index 2, length 690, since_prev 645): 7413.30859375 MiB (Increase: 0.0 MiB)
Memory usage before reset: 7413.30859375 MiB (Increase: 0.0 MiB)
Memory usage after reset: 7413.30859375 MiB (Increase: 0.0 MiB)
Current lengths of episodes: [744, 816, 51, 815, 722, 815, 815, 695, 713, 750]
Memory usage at done (index 2, length 51, since_prev 51): 7413.30859375 MiB (Increase: 0.0 MiB)
Memory usage before reset: 7413.30859375 MiB (Increase: 0.0 MiB)
Memory usage after reset: 7413.30859375 MiB (Increase: 0.0 MiB)
Current lengths of episodes: [1528, 1600, 783, 1599, 1506, 1599, 1599, 1479, 1497, 1534]
Memory usage at done (index 1, length 1600, since_prev 784): 7413.30859375 MiB (Increase: 0.0 MiB)
Memory usage before reset: 7413.30859375 MiB (Increase: 0.0 MiB)
Memory usage after reset: 7413.30859375 MiB (Increase: 0.0 MiB)
Current lengths of episodes: [1528, 0, 784, 1600, 1506, 1599, 1599, 1479, 1497, 1534]
Memory usage at done (index 3, length 1600, since_prev 0): 7413.30859375 MiB (Increase: 0.0 MiB)
Memory usage before reset: 7413.30859375 MiB (Increase: 0.0 MiB)
Memory usage after reset: 7413.30859375 MiB (Increase: 0.0 MiB)
Training episode 940
Memory usage at middle: 7413.30859375 MiB (Increase: 0.0 MiB)
Memory usage before collect: 7413.30859375 MiB (Increase: 0.0 MiB)
Memory usage after collect: 7413.30859375 MiB (Increase: 0.0 MiB)
Memory usage before initialization: 7413.30859375 MiB (Increase: 0.0 MiB)
Memory usage after initialization: 7413.30859375 MiB (Increase: 0.0 MiB)
Current lengths of episodes: [34, 34, 34, 34, 33, 33, 33, 33, 33, 33]
Memory usage at done (index 3, length 34, since_prev 34): 7413.30859375 MiB (Increase: 0.0 MiB)
Memory usage before reset: 7413.30859375 MiB (Increase: 0.0 MiB)
Memory usage after reset: 7413.30859375 MiB (Increase: 0.0 MiB)
Current lengths of episodes: [78, 78, 78, 44, 78, 78, 77, 77, 77, 77]
Memory usage at done (index 5, length 78, since_prev 44): 7413.30859375 MiB (Increase: 0.0 MiB)
Memory usage before reset: 7413.30859375 MiB (Increase: 0.0 MiB)
Memory usage after reset: 7413.30859375 MiB (Increase: 0.0 MiB)
Current lengths of episodes: [94, 94, 94, 59, 93, 15, 93, 93, 93, 93]
Memory usage at done (index 2, length 94, since_prev 16): 7413.30859375 MiB (Increase: 0.0 MiB)
Memory usage before reset: 7413.30859375 MiB (Increase: 0.0 MiB)
Memory usage after reset: 7413.30859375 MiB (Increase: 0.0 MiB)
Current lengths of episodes: [96, 96, 2, 62, 95, 17, 95, 95, 95, 95]
Memory usage at done (index 3, length 62, since_prev 2): 7413.30859375 MiB (Increase: 0.0 MiB)
Memory usage before reset: 7413.30859375 MiB (Increase: 0.0 MiB)
Memory usage after reset: 7413.30859375 MiB (Increase: 0.0 MiB)
Current lengths of episodes: [157, 157, 63, 61, 157, 79, 156, 156, 156, 156]
Memory usage at done (index 5, length 79, since_prev 61): 7413.30859375 MiB (Increase: 0.0 MiB)
Memory usage before reset: 7413.30859375 MiB (Increase: 0.0 MiB)
Memory usage after reset: 7413.30859375 MiB (Increase: 0.0 MiB)
Current lengths of episodes: [168, 168, 74, 72, 167, 10, 167, 167, 167, 167]
Memory usage at done (index 3, length 72, since_prev 11): 7413.30859375 MiB (Increase: 0.0 MiB)
Memory usage before reset: 7413.30859375 MiB (Increase: 0.0 MiB)
Memory usage after reset: 7413.30859375 MiB (Increase: 0.0 MiB)
Current lengths of episodes: [199, 199, 105, 30, 198, 41, 198, 198, 198, 198]
Memory usage at done (index 2, length 105, since_prev 31): 7413.30859375 MiB (Increase: 0.0 MiB)
Memory usage before reset: 7413.30859375 MiB (Increase: 0.0 MiB)
Memory usage after reset: 7413.30859375 MiB (Increase: 0.0 MiB)
Current lengths of episodes: [239, 239, 40, 71, 238, 81, 238, 238, 238, 238]
Memory usage at done (index 3, length 71, since_prev 40): 7413.30859375 MiB (Increase: 0.0 MiB)
Memory usage before reset: 7413.30859375 MiB (Increase: 0.0 MiB)
Memory usage after reset: 7413.30859375 MiB (Increase: 0.0 MiB)
Current lengths of episodes: [325, 325, 126, 85, 324, 167, 324, 324, 324, 324]
Memory usage at done (index 2, length 126, since_prev 86): 7413.30859375 MiB (Increase: 0.0 MiB)
Memory usage before reset: 7413.30859375 MiB (Increase: 0.0 MiB)
Memory usage after reset: 7413.30859375 MiB (Increase: 0.0 MiB)
Current lengths of episodes: [395, 395, 70, 155, 394, 237, 394, 394, 394, 394]
Memory usage at done (index 2, length 70, since_prev 70): 7413.30859375 MiB (Increase: 0.0 MiB)
Memory usage before reset: 7413.30859375 MiB (Increase: 0.0 MiB)
Memory usage after reset: 7413.30859375 MiB (Increase: 0.0 MiB)
Training episode 950
Memory usage at middle: 7413.30859375 MiB (Increase: 0.0 MiB)
Memory usage before collect: 7413.30859375 MiB (Increase: 0.0 MiB)
Memory usage after collect: 7413.30859375 MiB (Increase: 0.0 MiB)
Episode 950	Average evaluation: -20.99983407035881
Memory usage before initialization: 7413.30859375 MiB (Increase: 0.0 MiB)
Memory usage after initialization: 7413.30859375 MiB (Increase: 0.0 MiB)
Current lengths of episodes: [74, 74, 74, 74, 74, 74, 74, 74, 74, 73]
Memory usage at done (index 8, length 74, since_prev 74): 7413.30859375 MiB (Increase: 0.0 MiB)
Memory usage before reset: 7413.30859375 MiB (Increase: 0.0 MiB)
Memory usage after reset: 7413.30859375 MiB (Increase: 0.0 MiB)
Current lengths of episodes: [93, 93, 92, 92, 92, 92, 92, 92, 18, 92]
Memory usage at done (index 1, length 93, since_prev 19): 7413.30859375 MiB (Increase: 0.0 MiB)
Memory usage before reset: 7413.30859375 MiB (Increase: 0.0 MiB)
Memory usage after reset: 7413.30859375 MiB (Increase: 0.0 MiB)
Current lengths of episodes: [144, 51, 144, 144, 144, 144, 144, 144, 70, 143]
Memory usage at done (index 8, length 70, since_prev 51): 7413.30859375 MiB (Increase: 0.0 MiB)
Memory usage before reset: 7413.30859375 MiB (Increase: 0.0 MiB)
Memory usage after reset: 7413.30859375 MiB (Increase: 0.0 MiB)
Current lengths of episodes: [167, 74, 166, 166, 166, 166, 166, 166, 22, 166]
Memory usage at done (index 1, length 74, since_prev 23): 7413.30859375 MiB (Increase: 0.0 MiB)
Memory usage before reset: 7413.30859375 MiB (Increase: 0.0 MiB)
Memory usage after reset: 7413.30859375 MiB (Increase: 0.0 MiB)
Current lengths of episodes: [184, 17, 184, 184, 184, 184, 184, 184, 40, 183]
Memory usage at done (index 8, length 40, since_prev 17): 7413.30859375 MiB (Increase: 0.0 MiB)
Memory usage before reset: 7413.30859375 MiB (Increase: 0.0 MiB)
Memory usage after reset: 7413.30859375 MiB (Increase: 0.0 MiB)
Current lengths of episodes: [1600, 1432, 1599, 1599, 1599, 1599, 1599, 1599, 1415, 1599]
Memory usage at done (index 0, length 1600, since_prev 1416): 7413.30859375 MiB (Increase: 0.0 MiB)
Memory usage before reset: 7413.30859375 MiB (Increase: 0.0 MiB)
Memory usage after reset: 7413.30859375 MiB (Increase: 0.0 MiB)
Current lengths of episodes: [0, 1433, 1600, 1599, 1599, 1599, 1599, 1599, 1415, 1599]
Memory usage at done (index 2, length 1600, since_prev 0): 7413.30859375 MiB (Increase: 0.0 MiB)
Memory usage before reset: 7413.30859375 MiB (Increase: 0.0 MiB)
Memory usage after reset: 7413.30859375 MiB (Increase: 0.0 MiB)
Current lengths of episodes: [0, 1433, 0, 1600, 1599, 1599, 1599, 1599, 1415, 1599]
Memory usage at done (index 3, length 1600, since_prev 0): 7413.30859375 MiB (Increase: 0.0 MiB)
Memory usage before reset: 7413.30859375 MiB (Increase: 0.0 MiB)
Memory usage after reset: 7413.30859375 MiB (Increase: 0.0 MiB)
Current lengths of episodes: [0, 1433, 0, 0, 1600, 1599, 1599, 1599, 1415, 1599]
Memory usage at done (index 4, length 1600, since_prev 0): 7413.30859375 MiB (Increase: 0.0 MiB)
Memory usage before reset: 7413.30859375 MiB (Increase: 0.0 MiB)
Memory usage after reset: 7413.30859375 MiB (Increase: 0.0 MiB)
Current lengths of episodes: [0, 1433, 0, 0, 0, 1600, 1599, 1599, 1415, 1599]
Memory usage at done (index 5, length 1600, since_prev 0): 7413.30859375 MiB (Increase: 0.0 MiB)
Memory usage before reset: 7413.30859375 MiB (Increase: 0.0 MiB)
Memory usage after reset: 7413.30859375 MiB (Increase: 0.0 MiB)
Training episode 960
Memory usage at middle: 7413.30859375 MiB (Increase: 0.0 MiB)
Memory usage before collect: 7413.30859375 MiB (Increase: 0.0 MiB)
Memory usage after collect: 7413.30859375 MiB (Increase: 0.0 MiB)
Memory usage before initialization: 7413.30859375 MiB (Increase: 0.0 MiB)
Memory usage after initialization: 7413.30859375 MiB (Increase: 0.0 MiB)
Current lengths of episodes: [52, 52, 51, 51, 51, 51, 51, 51, 51, 51]
Memory usage at done (index 1, length 52, since_prev 52): 7413.30859375 MiB (Increase: 0.0 MiB)
Memory usage before reset: 7413.30859375 MiB (Increase: 0.0 MiB)
Memory usage after reset: 7413.30859375 MiB (Increase: 0.0 MiB)
Current lengths of episodes: [71, 19, 71, 71, 71, 71, 70, 70, 70, 70]
Memory usage at done (index 5, length 71, since_prev 19): 7413.30859375 MiB (Increase: 0.0 MiB)
Memory usage before reset: 7413.30859375 MiB (Increase: 0.0 MiB)
Memory usage after reset: 7413.30859375 MiB (Increase: 0.0 MiB)
Current lengths of episodes: [102, 50, 102, 102, 102, 31, 102, 102, 102, 101]
Memory usage at done (index 8, length 102, since_prev 31): 7413.30859375 MiB (Increase: 0.0 MiB)
Memory usage before reset: 7413.30859375 MiB (Increase: 0.0 MiB)
Memory usage after reset: 7413.30859375 MiB (Increase: 0.0 MiB)
Current lengths of episodes: [102, 50, 102, 102, 102, 31, 102, 102, 0, 102]
Memory usage at done (index 9, length 102, since_prev 0): 7413.30859375 MiB (Increase: 0.0 MiB)
Memory usage before reset: 7413.30859375 MiB (Increase: 0.0 MiB)
Memory usage after reset: 7413.30859375 MiB (Increase: 0.0 MiB)
Current lengths of episodes: [161, 109, 161, 161, 161, 90, 161, 161, 59, 58]
Memory usage at done (index 8, length 59, since_prev 59): 7413.30859375 MiB (Increase: 0.0 MiB)
Memory usage before reset: 7413.30859375 MiB (Increase: 0.0 MiB)
Memory usage after reset: 7413.30859375 MiB (Increase: 0.0 MiB)
Current lengths of episodes: [260, 208, 260, 260, 260, 189, 260, 260, 99, 157]
Memory usage at done (index 8, length 99, since_prev 99): 7413.30859375 MiB (Increase: 0.0 MiB)
Memory usage before reset: 7413.30859375 MiB (Increase: 0.0 MiB)
Memory usage after reset: 7413.30859375 MiB (Increase: 0.0 MiB)
Current lengths of episodes: [297, 245, 297, 297, 297, 226, 296, 296, 36, 194]
Memory usage at done (index 5, length 226, since_prev 37): 7413.30859375 MiB (Increase: 0.0 MiB)
Memory usage before reset: 7413.30859375 MiB (Increase: 0.0 MiB)
Memory usage after reset: 7413.30859375 MiB (Increase: 0.0 MiB)
Current lengths of episodes: [340, 288, 340, 340, 340, 43, 339, 339, 79, 237]
Memory usage at done (index 5, length 43, since_prev 43): 7413.30859375 MiB (Increase: 0.0 MiB)
Memory usage before reset: 7413.30859375 MiB (Increase: 0.0 MiB)
Memory usage after reset: 7413.30859375 MiB (Increase: 0.0 MiB)
Current lengths of episodes: [557, 505, 557, 557, 557, 217, 557, 556, 296, 454]
Memory usage at done (index 6, length 557, since_prev 217): 7413.30859375 MiB (Increase: 0.0 MiB)
Memory usage before reset: 7413.30859375 MiB (Increase: 0.0 MiB)
Memory usage after reset: 7413.30859375 MiB (Increase: 0.0 MiB)
Current lengths of episodes: [616, 564, 616, 616, 616, 276, 59, 615, 355, 513]
Memory usage at done (index 6, length 59, since_prev 59): 7413.30859375 MiB (Increase: 0.0 MiB)
Memory usage before reset: 7413.30859375 MiB (Increase: 0.0 MiB)
Memory usage after reset: 7413.30859375 MiB (Increase: 0.0 MiB)
Training episode 970
Memory usage at middle: 7413.30859375 MiB (Increase: 0.0 MiB)
Memory usage before collect: 7413.30859375 MiB (Increase: 0.0 MiB)
Memory usage after collect: 7413.30859375 MiB (Increase: 0.0 MiB)
Memory usage before initialization: 7413.30859375 MiB (Increase: 0.0 MiB)
Memory usage after initialization: 7413.30859375 MiB (Increase: 0.0 MiB)
Current lengths of episodes: [61, 61, 60, 60, 60, 60, 60, 60, 60, 60]
Memory usage at done (index 1, length 61, since_prev 61): 7413.30859375 MiB (Increase: 0.0 MiB)
Memory usage before reset: 7413.30859375 MiB (Increase: 0.0 MiB)
Memory usage after reset: 7413.30859375 MiB (Increase: 0.0 MiB)
Current lengths of episodes: [64, 3, 64, 64, 63, 63, 63, 63, 63, 63]
Memory usage at done (index 3, length 64, since_prev 3): 7413.30859375 MiB (Increase: 0.0 MiB)
Memory usage before reset: 7413.30859375 MiB (Increase: 0.0 MiB)
Memory usage after reset: 7413.30859375 MiB (Increase: 0.0 MiB)
Current lengths of episodes: [68, 7, 68, 4, 68, 68, 68, 67, 67, 67]
Memory usage at done (index 6, length 68, since_prev 4): 7413.30859375 MiB (Increase: 0.0 MiB)
Memory usage before reset: 7413.30859375 MiB (Increase: 0.0 MiB)
Memory usage after reset: 7413.30859375 MiB (Increase: 0.0 MiB)
Current lengths of episodes: [81, 19, 80, 16, 80, 80, 12, 80, 80, 80]
Memory usage at done (index 0, length 81, since_prev 13): 7413.30859375 MiB (Increase: 0.0 MiB)
Memory usage before reset: 7413.30859375 MiB (Increase: 0.0 MiB)
Memory usage after reset: 7413.30859375 MiB (Increase: 0.0 MiB)
Current lengths of episodes: [52, 72, 132, 68, 132, 132, 64, 132, 132, 132]
Memory usage at done (index 1, length 72, since_prev 52): 7413.30859375 MiB (Increase: 0.0 MiB)
Memory usage before reset: 7413.30859375 MiB (Increase: 0.0 MiB)
Memory usage after reset: 7413.30859375 MiB (Increase: 0.0 MiB)
Current lengths of episodes: [64, 11, 144, 80, 144, 144, 76, 144, 144, 144]
Memory usage at done (index 0, length 64, since_prev 12): 7413.30859375 MiB (Increase: 0.0 MiB)
Memory usage before reset: 7413.30859375 MiB (Increase: 0.0 MiB)
Memory usage after reset: 7413.30859375 MiB (Increase: 0.0 MiB)
Current lengths of episodes: [956, 968, 1101, 1037, 1101, 1101, 1032, 1100, 1100, 1100]
Memory usage at done (index 5, length 1101, since_prev 956): 7413.30859375 MiB (Increase: 0.0 MiB)
Memory usage before reset: 7413.30859375 MiB (Increase: 0.0 MiB)
Memory usage after reset: 7413.30859375 MiB (Increase: 0.0 MiB)
Current lengths of episodes: [1018, 1030, 1163, 1099, 1163, 62, 1094, 1162, 1162, 1162]
Memory usage at done (index 5, length 62, since_prev 62): 7413.30859375 MiB (Increase: 0.0 MiB)
Memory usage before reset: 7413.30859375 MiB (Increase: 0.0 MiB)
Memory usage after reset: 7413.30859375 MiB (Increase: 0.0 MiB)
Current lengths of episodes: [1076, 1088, 1221, 1157, 1221, 58, 1152, 1220, 1220, 1220]
Memory usage at done (index 5, length 58, since_prev 58): 7413.30859375 MiB (Increase: 0.0 MiB)
Memory usage before reset: 7413.30859375 MiB (Increase: 0.0 MiB)
Memory usage after reset: 7413.30859375 MiB (Increase: 0.0 MiB)
Current lengths of episodes: [1455, 1467, 1600, 1535, 1599, 378, 1531, 1599, 1599, 1599]
Memory usage at done (index 2, length 1600, since_prev 379): 7413.30859375 MiB (Increase: 0.0 MiB)
Memory usage before reset: 7413.30859375 MiB (Increase: 0.0 MiB)
Memory usage after reset: 7413.30859375 MiB (Increase: 0.0 MiB)
Training episode 980
Memory usage at middle: 7413.30859375 MiB (Increase: 0.0 MiB)
Memory usage before collect: 7413.30859375 MiB (Increase: 0.0 MiB)
Memory usage after collect: 7413.30859375 MiB (Increase: 0.0 MiB)
Memory usage before initialization: 7413.30859375 MiB (Increase: 0.0 MiB)
Memory usage after initialization: 7413.30859375 MiB (Increase: 0.0 MiB)
Current lengths of episodes: [69, 69, 69, 69, 68, 68, 68, 68, 68, 68]
Memory usage at done (index 3, length 69, since_prev 69): 7413.30859375 MiB (Increase: 0.0 MiB)
Memory usage before reset: 7413.30859375 MiB (Increase: 0.0 MiB)
Memory usage after reset: 7413.30859375 MiB (Increase: 0.0 MiB)
Current lengths of episodes: [86, 86, 86, 17, 86, 85, 85, 85, 85, 85]
Memory usage at done (index 4, length 86, since_prev 17): 7413.30859375 MiB (Increase: 0.0 MiB)
Memory usage before reset: 7413.30859375 MiB (Increase: 0.0 MiB)
Memory usage after reset: 7413.30859375 MiB (Increase: 0.0 MiB)
Current lengths of episodes: [97, 97, 97, 28, 11, 97, 97, 96, 96, 96]
Memory usage at done (index 6, length 97, since_prev 11): 7413.30859375 MiB (Increase: 0.0 MiB)
Memory usage before reset: 7413.30859375 MiB (Increase: 0.0 MiB)
Memory usage after reset: 7413.30859375 MiB (Increase: 0.0 MiB)
Current lengths of episodes: [98, 98, 98, 29, 12, 98, 1, 98, 98, 97]
Memory usage at done (index 8, length 98, since_prev 1): 7413.30859375 MiB (Increase: 0.0 MiB)
Memory usage before reset: 7413.30859375 MiB (Increase: 0.0 MiB)
Memory usage after reset: 7413.30859375 MiB (Increase: 0.0 MiB)
Current lengths of episodes: [99, 99, 99, 29, 12, 98, 1, 98, 0, 98]
Memory usage at done (index 2, length 99, since_prev 1): 7413.30859375 MiB (Increase: 0.0 MiB)
Memory usage before reset: 7413.30859375 MiB (Increase: 0.0 MiB)
Memory usage after reset: 7413.30859375 MiB (Increase: 0.0 MiB)
Current lengths of episodes: [101, 101, 1, 31, 14, 100, 3, 100, 2, 100]
Memory usage at done (index 1, length 101, since_prev 2): 7413.30859375 MiB (Increase: 0.0 MiB)
Memory usage before reset: 7413.30859375 MiB (Increase: 0.0 MiB)
Memory usage after reset: 7413.30859375 MiB (Increase: 0.0 MiB)
Current lengths of episodes: [138, 37, 39, 68, 51, 137, 40, 137, 39, 137]
Memory usage at done (index 2, length 39, since_prev 37): 7413.30859375 MiB (Increase: 0.0 MiB)
Memory usage before reset: 7413.30859375 MiB (Increase: 0.0 MiB)
Memory usage after reset: 7413.30859375 MiB (Increase: 0.0 MiB)
Current lengths of episodes: [150, 49, 12, 81, 64, 149, 52, 149, 51, 149]
Memory usage at done (index 4, length 64, since_prev 12): 7413.30859375 MiB (Increase: 0.0 MiB)
Memory usage before reset: 7413.30859375 MiB (Increase: 0.0 MiB)
Memory usage after reset: 7413.30859375 MiB (Increase: 0.0 MiB)
Current lengths of episodes: [168, 67, 30, 99, 18, 168, 71, 168, 70, 167]
Memory usage at done (index 8, length 70, since_prev 18): 7413.30859375 MiB (Increase: 0.0 MiB)
Memory usage before reset: 7413.30859375 MiB (Increase: 0.0 MiB)
Memory usage after reset: 7413.30859375 MiB (Increase: 0.0 MiB)
Current lengths of episodes: [174, 73, 36, 105, 24, 174, 77, 173, 5, 173]
Memory usage at done (index 6, length 77, since_prev 6): 7413.30859375 MiB (Increase: 0.0 MiB)
Memory usage before reset: 7413.30859375 MiB (Increase: 0.0 MiB)
Memory usage after reset: 7413.30859375 MiB (Increase: 0.0 MiB)
Training episode 990
Memory usage at middle: 7413.30859375 MiB (Increase: 0.0 MiB)
Memory usage before collect: 7413.30859375 MiB (Increase: 0.0 MiB)
Memory usage after collect: 7413.30859375 MiB (Increase: 0.0 MiB)
Memory usage before initialization: 7413.30859375 MiB (Increase: 0.0 MiB)
Memory usage after initialization: 7413.30859375 MiB (Increase: 0.0 MiB)
Current lengths of episodes: [73, 72, 72, 72, 72, 72, 72, 72, 72, 72]
Memory usage at done (index 0, length 73, since_prev 73): 7413.30859375 MiB (Increase: 0.0 MiB)
Memory usage before reset: 7413.30859375 MiB (Increase: 0.0 MiB)
Memory usage after reset: 7413.30859375 MiB (Increase: 0.0 MiB)
Current lengths of episodes: [3, 76, 76, 76, 76, 76, 75, 75, 75, 75]
Memory usage at done (index 5, length 76, since_prev 3): 7413.30859375 MiB (Increase: 0.0 MiB)
Memory usage before reset: 7413.30859375 MiB (Increase: 0.0 MiB)
Memory usage after reset: 7413.30859375 MiB (Increase: 0.0 MiB)
Current lengths of episodes: [15, 88, 88, 88, 88, 12, 88, 87, 87, 87]
Memory usage at done (index 6, length 88, since_prev 12): 7413.30859375 MiB (Increase: 0.0 MiB)
Memory usage before reset: 7413.30859375 MiB (Increase: 0.0 MiB)
Memory usage after reset: 7413.30859375 MiB (Increase: 0.0 MiB)
Current lengths of episodes: [24, 97, 97, 97, 97, 21, 9, 97, 97, 97]
Memory usage at done (index 9, length 97, since_prev 9): 7413.30859375 MiB (Increase: 0.0 MiB)
Memory usage before reset: 7413.30859375 MiB (Increase: 0.0 MiB)
Memory usage after reset: 7413.30859375 MiB (Increase: 0.0 MiB)
Current lengths of episodes: [89, 162, 162, 162, 162, 86, 74, 162, 162, 65]
Memory usage at done (index 9, length 65, since_prev 65): 7413.30859375 MiB (Increase: 0.0 MiB)
Memory usage before reset: 7413.30859375 MiB (Increase: 0.0 MiB)
Memory usage after reset: 7413.30859375 MiB (Increase: 0.0 MiB)
Current lengths of episodes: [122, 195, 195, 195, 195, 119, 106, 194, 194, 32]
Memory usage at done (index 5, length 119, since_prev 33): 7413.30859375 MiB (Increase: 0.0 MiB)
Memory usage before reset: 7413.30859375 MiB (Increase: 0.0 MiB)
Memory usage after reset: 7413.30859375 MiB (Increase: 0.0 MiB)
Current lengths of episodes: [128, 201, 201, 201, 201, 6, 113, 200, 200, 38]
Memory usage at done (index 6, length 113, since_prev 6): 7413.30859375 MiB (Increase: 0.0 MiB)
Memory usage before reset: 7413.30859375 MiB (Increase: 0.0 MiB)
Memory usage after reset: 7413.30859375 MiB (Increase: 0.0 MiB)
Current lengths of episodes: [150, 222, 222, 222, 222, 27, 21, 222, 222, 60]
Memory usage at done (index 0, length 150, since_prev 22): 7413.30859375 MiB (Increase: 0.0 MiB)
Memory usage before reset: 7413.30859375 MiB (Increase: 0.0 MiB)
Memory usage after reset: 7413.30859375 MiB (Increase: 0.0 MiB)
Current lengths of episodes: [65, 287, 287, 287, 287, 92, 86, 287, 287, 125]
Memory usage at done (index 0, length 65, since_prev 65): 7413.30859375 MiB (Increase: 0.0 MiB)
Memory usage before reset: 7413.30859375 MiB (Increase: 0.0 MiB)
Memory usage after reset: 7413.30859375 MiB (Increase: 0.0 MiB)
Current lengths of episodes: [1197, 1485, 1485, 1485, 1485, 1290, 1284, 1485, 1485, 1323]
Memory usage at done (index 9, length 1323, since_prev 1197): 7413.30859375 MiB (Increase: 0.0 MiB)
Memory usage before reset: 7413.30859375 MiB (Increase: 0.0 MiB)
Memory usage after reset: 7413.30859375 MiB (Increase: 0.0 MiB)
Training episode 1000
Memory usage at middle: 7413.30859375 MiB (Increase: 0.0 MiB)
Memory usage before collect: 7413.30859375 MiB (Increase: 0.0 MiB)
Memory usage after collect: 7413.30859375 MiB (Increase: 0.0 MiB)
Episode 1000	Average evaluation: -20.546899020948644
Current best exp_BW_validation:  -20.49019909850918  reached at episode  650 .
Memory usage at end: 7413.30859375 MiB (Increase: 0.0 MiB)
Memory used by function: 7027.4453125 MiB
Best average after 650 episodes: -20.49019909850918
Training took 3032.8997933864594 seconds

###############################################################################
Hábrók Cluster
Job 9076713 for user s3512290
Finished at: Mon May 20 00:34:45 CEST 2024

Job details:
============

Job ID              : 9076713
Name                : batchBWtest.sh
User                : s3512290
Partition           : regularmedium
Nodes               : node93
Number of Nodes     : 1
Cores               : 1
Number of Tasks     : 1
State               : RUNNING
Submit              : 2024-05-19T23:39:40
Start               : 2024-05-19T23:43:42
End                 : --
Reserved walltime   : 12:00:00
Used walltime       : 00:51:03
Used CPU time       : --
% User (Computation): --
% System (I/O)      : --
Mem reserved        : 10000M
Max Mem (Node/step) : 0.00  (Node unknown, N/A)
Full Max Mem usage  : 0.00  (Until last completed step)
Total Disk Read     : 0.00  (Until last completed step)
Total Disk Write    : 0.00  (Until last completed step)

Acknowledgements:
=================

Please see this page for information about acknowledging Hábrók in your publications:

https://wiki.hpc.rug.nl/habrok/introduction/scientific_output

################################################################################
